total_env_steps,update,completed_episodes,completed_episode_return_mean,completed_episode_length_mean,actor_policy_loss,critic_loss,entropy,approx_kl,clip_fraction,actor_grad_norm,critic_grad_norm,advantage_raw_mean,advantage_raw_std,value_target_mean,value_target_std,value_prediction_mean_pre,value_prediction_std_pre,explained_variance_pre,actor_grad_norm_max,critic_grad_norm_max,actor_grad_clip_fraction,critic_grad_clip_fraction,value_normalizer_mean,value_normalizer_std,value_normalizer_count,hard_speed_accel_violations,action_mean,action_std,action_saturation_ratio,raw_log_std_min,raw_log_std_mean,raw_log_std_max,clamped_log_std_min,clamped_log_std_mean,clamped_log_std_max,raw_log_std_gt_max_ratio,finite
1024,1,5,124.65272024242786,109.0,-0.00461758543679025,297.9291904449463,-0.2446928523480892,0.0027649259121972137,0.02900390625,0.475223633646965,77.46668100357056,22.528980255126953,11.866594314575195,22.39771270751953,11.861878395080566,-0.13126736879348755,0.12368156015872955,-0.0007954794475075744,0.7622240781784058,110.03142547607422,0.375,1.0,0.0,1.0,0.0,0.0,-0.05921660736203194,0.2256142795085907,0.0,0.25418785214424133,0.2550255358219147,0.25580698251724243,-1.5022975206375122,-1.500730037689209,-1.4992610216140747,0.0,1.0
2048,2,5,143.82237751214402,140.0,-0.0050463223713450136,319.19397354125977,-0.2444372780621052,0.004220047683338635,0.031201171875,0.5005707956850529,79.9299705505371,22.78093719482422,13.352707862854004,23.454708099365234,12.1297607421875,0.6737716197967529,2.1356894969940186,-0.2118088779948566,1.1130656003952026,111.55599975585938,0.45,1.0,0.0,1.0,0.0,0.0,-0.06043937802314758,0.23054400086402893,0.0,0.2531003952026367,0.2556168735027313,0.25774669647216797,-1.504338264465332,-1.499604344367981,-1.495626449584961,0.0,1.0
3072,3,6,158.56285802663447,153.16666666666666,-0.004499010281870141,356.33410415649416,-0.24019016623497008,0.005243636737577617,0.0423828125,0.5201369065791368,91.06138362884522,22.89470672607422,16.259824752807617,22.968482971191406,14.47346019744873,0.0737759917974472,2.7705795764923096,-0.26208021700792683,1.219117522239685,114.48118591308594,0.425,1.0,0.0,1.0,0.0,0.0,-0.05809776857495308,0.2239806354045868,0.0,0.2540034353733063,0.2563492953777313,0.2582593858242035,-1.5026434659957886,-1.4982314109802246,-1.4946664571762085,0.0,1.0
4096,4,8,167.2711395871544,141.625,-0.0022748368326574566,312.12606582641604,-0.23562009036540985,0.0030971012252848595,0.0179443359375,0.5533935625106097,113.44237422943115,23.404273986816406,11.722475051879883,25.20355987548828,12.37559700012207,1.7992832660675049,2.364184617996216,0.1027648118541361,1.0663396120071411,135.7475128173828,0.475,1.0,0.0,1.0,0.0,0.0,-0.05152198672294617,0.2257457971572876,0.0,0.2545144855976105,0.2572230398654938,0.2608966529369354,-1.5016846656799316,-1.496613621711731,-1.489732027053833,0.0,1.0
5120,5,7,160.67135300423232,136.14285714285714,-0.0034967865562066437,252.15196800231934,-0.22781584039330482,0.003352863992040511,0.0257568359375,0.5049637734889985,132.26260929107667,21.129043579101562,11.420827865600586,23.6065673828125,13.554264068603516,2.4775266647338867,4.659395694732666,0.2900246863161,0.8096919059753418,147.7061309814453,0.475,1.0,0.0,1.0,0.0,0.0,-0.054939139634370804,0.2273038923740387,0.0,0.25762972235679626,0.25917479395866394,0.26200369000434875,-1.4958455562591553,-1.4929696321487427,-1.4876625537872314,0.0,1.0
6144,6,8,161.22585235118535,150.125,-0.003887641546316445,220.3880359649658,-0.22180585116147994,0.0024358630485949106,0.0250732421875,0.5176324047148227,150.46607360839843,19.64055633544922,12.720447540283203,21.018348693847656,16.851228713989258,1.377790927886963,6.454866886138916,0.4301747909110146,0.8983098864555359,174.86740112304688,0.5,1.0,0.0,1.0,0.0,0.0,-0.047526758164167404,0.2260303795337677,0.0,0.25635045766830444,0.2589714825153351,0.2624797523021698,-1.4982423782348633,-1.4933338165283203,-1.4867730140686035,0.0,1.0
7168,7,8,180.82704906584377,146.375,-0.0025248967809602617,230.95135765075685,-0.22361058816313745,0.002669605441042222,0.01669921875,0.4988372206687927,164.8967586517334,20.42448616027832,10.8075590133667,26.415517807006836,14.496435165405273,5.991032123565674,5.65956449508667,0.4441818054155574,0.8995309472084045,174.3447265625,0.4,1.0,0.0,1.0,0.0,0.0,-0.0529756061732769,0.22547638416290283,0.0,0.2548275291919708,0.25887537002563477,0.26283955574035645,-1.501097559928894,-1.4935073852539062,-1.4861009120941162,0.0,1.0
8192,8,5,155.44169701710138,162.6,-0.0037077775923535228,190.9713451385498,-0.22307832390069962,0.0020037934416905047,0.0341552734375,0.5319364942610264,180.35473594665527,18.377582550048828,12.549718856811523,24.02980613708496,17.33930206298828,5.6522216796875,6.871462821960449,0.47615269654654524,1.1521852016448975,249.49264526367188,0.525,1.0,0.0,1.0,0.0,0.0,-0.041574448347091675,0.2271253615617752,0.0,0.2530762851238251,0.25902706384658813,0.26421692967414856,-1.5043835639953613,-1.4932570457458496,-1.483528971672058,0.0,1.0
9216,9,7,195.51012990855568,173.71428571428572,-0.0046376526704989375,202.99845275878906,-0.22451439052820205,0.005222886840056162,0.032958984375,0.477701261267066,172.5903003692627,19.21576690673828,10.993993759155273,26.52979850769043,17.414634704589844,7.314029693603516,9.087264060974121,0.6014505187301542,0.9098106026649475,200.6098175048828,0.425,1.0,0.0,1.0,0.0,0.0,-0.047563064843416214,0.22606261074543,0.0,0.2514035105705261,0.2584848403930664,0.26323309540748596,-1.5075249671936035,-1.494240403175354,-1.485365867614746,0.0,1.0
10240,10,7,133.769033365967,127.14285714285714,-0.005320333392592147,183.73162498474122,-0.2280941478908062,0.006027348390489351,0.051318359375,0.5812060035765171,156.4194694519043,15.10263729095459,15.200830459594727,22.747541427612305,21.80890655517578,7.644904136657715,11.556262969970703,0.5141895544290488,1.1097776889801025,224.20034790039062,0.625,1.0,0.0,1.0,0.0,0.0,-0.0417301170527935,0.22390571236610413,0.0,0.25172099471092224,0.25751328468322754,0.2615160346031189,-1.506928563117981,-1.4960466623306274,-1.4885740280151367,0.0,1.0
11264,11,7,184.4247356572495,163.71428571428572,-0.003869285382097587,221.52766342163085,-0.23050839453935623,0.006130172817211133,0.0418701171875,0.5425309620797634,173.87950706481934,19.44396209716797,12.17659854888916,31.639116287231445,16.79669952392578,12.195152282714844,11.989762306213379,0.4744620216455028,1.0841429233551025,201.4999542236328,0.6,1.0,0.0,1.0,0.0,0.0,-0.06065274402499199,0.22596389055252075,0.0,0.2524353861808777,0.25824034214019775,0.2634827494621277,-1.505586862564087,-1.4947024583816528,-1.484899640083313,0.0,1.0
12288,12,7,151.0775416268526,138.42857142857142,-0.004036427906248719,166.08738021850587,-0.22602861747145653,0.004411619216261898,0.0332763671875,0.4927338000386953,164.45681648254396,15.917608261108398,11.702035903930664,29.602367401123047,20.021615982055664,13.684757232666016,10.542447090148926,0.6583946840881011,0.9136187434196472,215.8214569091797,0.4,1.0,0.0,1.0,0.0,0.0,-0.052247095853090286,0.22216591238975525,0.0,0.25272154808044434,0.2586267292499542,0.26325035095214844,-1.505049467086792,-1.4939793348312378,-1.4853336811065674,0.0,1.0
13312,13,7,148.78184562832817,142.14285714285714,-0.004668260138714686,169.91684036254884,-0.2235785812139511,0.0056247457541758195,0.035205078125,0.5609982863068581,155.63729820251464,12.81626033782959,14.846677780151367,29.3841552734375,22.845218658447266,16.567893981933594,11.06175422668457,0.5776544359667322,1.2383798360824585,178.99708557128906,0.55,1.0,0.0,1.0,0.0,0.0,-0.053115058690309525,0.22469764947891235,0.0,0.25345659255981445,0.25927573442459106,0.26608356833457947,-1.5036697387695312,-1.492790699005127,-1.480046272277832,0.0,1.0
14336,14,5,155.93670637860657,149.2,-0.004850057396106422,169.53416862487794,-0.22151217386126518,0.00376443279965315,0.0459716796875,0.5388505518436432,156.21783676147462,17.58988380432129,9.8059720993042,30.598857879638672,21.83860206604004,13.008974075317383,16.417137145996094,0.7983809141460556,0.9975115656852722,198.53184509277344,0.475,1.0,0.0,1.0,0.0,0.0,-0.0523151271045208,0.22667331993579865,0.0,0.2520490884780884,0.25910958647727966,0.26683905720710754,-1.5063122510910034,-1.4931062459945679,-1.4786376953125,0.0,1.0
15360,15,7,207.32397970514882,177.71428571428572,-0.004461834131507203,187.31812744140626,-0.2218184217810631,0.004581184643029701,0.0322509765625,0.47154609113931656,169.82081832885743,17.45767593383789,10.916549682617188,36.49587631225586,19.244243621826172,19.03820037841797,11.719438552856445,0.6782125583598836,0.8544479012489319,208.5140380859375,0.325,1.0,0.0,1.0,0.0,0.0,-0.046102385967969894,0.22301079332828522,0.0,0.25283950567245483,0.2594965994358063,0.26720088720321655,-1.5048279762268066,-1.4923847913742065,-1.4779633283615112,0.0,1.0
16384,16,9,154.46114449985373,143.33333333333334,-0.00393369602970779,168.33971138000487,-0.21924126334488392,0.0040442625831929035,0.0262451171875,0.5088786862790584,141.9603162765503,12.27797794342041,15.184699058532715,35.96708679199219,20.496618270874023,23.689109802246094,10.622910499572754,0.4511573386707739,1.0055042505264282,169.46261596679688,0.5,1.0,0.0,1.0,0.0,0.0,-0.04319307208061218,0.22309541702270508,0.0,0.25386741757392883,0.25984570384025574,0.2672910988330841,-1.5028986930847168,-1.4917227029800415,-1.477795124053955,0.0,1.0
17408,17,6,164.16651718841993,147.16666666666666,-0.004686991486232727,133.53060188293458,-0.21717492938041688,0.004062586445070337,0.0308837890625,0.49707098975777625,128.55526790618896,12.50685977935791,12.482439994812012,30.976390838623047,23.912817001342773,18.469532012939453,18.592742919921875,0.7275181985540585,0.8594250679016113,202.4195098876953,0.475,1.0,0.0,1.0,0.0,0.0,-0.04950883984565735,0.22408345341682434,0.0,0.25531330704689026,0.2603919208049774,0.2670731246471405,-1.500186562538147,-1.490704894065857,-1.4782013893127441,0.0,1.0
18432,18,8,171.49458163418075,141.0,-0.003914504288695752,183.16761932373046,-0.21305995918810366,0.002313124225474894,0.0255615234375,0.5145435936748981,166.84585304260253,17.16413116455078,10.568304061889648,41.38001251220703,19.745744705200195,24.215877532958984,14.034626007080078,0.7135402627592904,0.9637320041656494,209.72325134277344,0.375,1.0,0.0,1.0,0.0,0.0,-0.054405856877565384,0.22460098564624786,0.0,0.2578689157962799,0.2610430419445038,0.266280859708786,-1.4953975677490234,-1.4894815683364868,-1.4796783924102783,0.0,1.0
19456,19,9,158.579749180352,129.33333333333334,-0.0030558683851268143,144.21270561218262,-0.21341567374765874,0.0054117524632602,0.0245849609375,0.5435017492622137,138.77874355316163,12.62413215637207,12.600396156311035,41.79199981689453,17.725156784057617,29.16786766052246,9.40124797821045,0.49465474011454347,1.001697063446045,154.53521728515625,0.5,1.0,0.0,1.0,0.0,0.0,-0.0613568015396595,0.22861963510513306,0.0,0.2555716931819916,0.26025357842445374,0.26565641164779663,-1.4997020959854126,-1.490949034690857,-1.4808430671691895,0.0,1.0
20480,20,5,152.40173281146477,140.2,-0.002926362783182412,116.40305786132812,-0.2145650014281273,0.0032051664209575394,0.025927734375,0.47989786714315413,118.02627372741699,10.964025497436523,12.838666915893555,30.378555297851562,27.21947479248047,19.41452980041504,22.704776763916016,0.7775254217953529,0.8525377511978149,218.80618286132812,0.425,1.0,0.0,1.0,0.0,0.0,-0.07116367667913437,0.2269107848405838,0.0,0.2547391653060913,0.2610110640525818,0.2668270766735077,-1.5012632608413696,-1.489511489868164,-1.4786601066589355,0.0,1.0
21504,21,6,164.03353391985686,152.66666666666666,-0.0033114560472313316,208.28774147033693,-0.20990244597196578,0.001887017150875181,0.0218505859375,0.45260776318609713,152.01202659606935,15.419351577758789,14.689288139343262,44.53771209716797,23.47279167175293,29.118358612060547,17.874778747558594,0.6083735950999449,1.3991985321044922,173.84120178222656,0.325,1.0,0.0,1.0,0.0,0.0,-0.07256413251161575,0.2269854098558426,0.0,0.2544453740119934,0.26163768768310547,0.26943355798721313,-1.501814365386963,-1.4883594512939453,-1.4738047122955322,0.0,1.0
22528,22,8,182.5866496850422,154.125,-0.003426544880494475,145.28638134002685,-0.20590413808822633,0.003731487139884848,0.020458984375,0.5598407588899136,140.04206790924073,13.52662467956543,12.101631164550781,41.23600769042969,23.36101722717285,27.709383010864258,16.461933135986328,0.731648317717717,1.1962023973464966,177.52947998046875,0.575,1.0,0.0,1.0,0.0,0.0,-0.06118129566311836,0.22406895458698273,0.0,0.25616922974586487,0.2626381516456604,0.27094587683677673,-1.4985820055007935,-1.4864821434020996,-1.4709904193878174,0.0,1.0
23552,23,6,155.21415602287996,144.66666666666666,-0.0038694633287377654,182.18148384094238,-0.20125842429697513,0.0030159725734847597,0.02958984375,0.5139093790203333,158.38763084411622,15.83316421508789,12.250125885009766,45.77145767211914,25.37433433532715,29.93829345703125,18.15786361694336,0.7669270933542622,0.8730029463768005,187.49082946777344,0.475,1.0,0.0,1.0,0.0,0.0,-0.07892265170812607,0.22752952575683594,0.0,0.2567638158798218,0.26302042603492737,0.2712123394012451,-1.4974677562713623,-1.485789179801941,-1.4704948663711548,0.0,1.0
24576,24,7,174.31519107232424,163.28571428571428,-0.003959956491598859,167.2310535430908,-0.19775493815541267,0.003687091832398437,0.0333251953125,0.4854880627244711,152.3411340713501,8.361129760742188,18.44853973388672,40.992149353027344,27.47273063659668,32.63101577758789,18.823640823364258,0.5490584216925294,0.7485169768333435,218.21417236328125,0.5,1.0,0.0,1.0,0.0,0.0,-0.07606441527605057,0.22641614079475403,0.0,0.25884342193603516,0.2642418444156647,0.2717251777648926,-1.4935731887817383,-1.483492374420166,-1.469541311264038,0.0,1.0
25600,25,7,153.87186259974186,148.42857142857142,-0.004352561652194708,182.18930320739747,-0.1922311056405306,0.007047239827807061,0.036328125,0.5316817134618759,130.08036689758302,11.992012023925781,15.861725807189941,46.35052490234375,27.555173873901367,34.35851287841797,19.51937484741211,0.668644226495133,1.181823492050171,153.30514526367188,0.4,1.0,0.0,1.0,0.0,0.0,-0.07547835260629654,0.22841806709766388,0.0,0.2598095238208771,0.26478686928749084,0.27278250455856323,-1.4917652606964111,-1.4824981689453125,-1.4675759077072144,0.0,1.0
26624,26,6,183.72963622886314,151.66666666666666,-0.0038843049318529666,116.3333568572998,-0.18912245109677314,0.001640532816236373,0.0301025390625,0.514844986051321,137.95930156707763,11.972208023071289,12.122819900512695,43.108116149902344,25.3544921875,31.135906219482422,20.905746459960938,0.7713888509223122,1.0804697275161743,284.7526550292969,0.6,1.0,0.0,1.0,0.0,0.0,-0.08692891150712967,0.23090972006320953,0.0,0.2609837055206299,0.2651976943016052,0.27230992913246155,-1.4895691871643066,-1.4817224740982056,-1.468454122543335,0.0,1.0
27648,27,8,155.27540796981125,148.0,-0.003234146477188915,151.47696113586426,-0.188235542178154,0.004703771699860226,0.0342041015625,0.5093043528497219,138.6193525314331,9.635528564453125,17.60763168334961,37.77353286743164,33.509132385253906,28.138004302978516,27.84712791442871,0.7238942314139085,1.0322909355163574,254.36041259765625,0.4,1.0,0.0,1.0,0.0,0.0,-0.08101484924554825,0.22820323705673218,0.0,0.2606147527694702,0.26515600085258484,0.2728227972984314,-1.4902591705322266,-1.481784701347351,-1.467500925064087,0.0,1.0
28672,28,7,167.99054997791927,143.71428571428572,-0.0044563512899912896,104.65927848815917,-0.19084276333451272,0.004524085084267426,0.041259765625,0.575197184085846,143.07799243927002,14.515213012695312,10.039192199707031,38.365318298339844,27.78411102294922,23.85010528564453,28.146129608154297,0.8694416778588075,1.0569164752960205,360.08447265625,0.65,1.0,0.0,1.0,0.0,0.0,-0.07908504456281662,0.2278030812740326,0.0,0.25845083594322205,0.26405802369117737,0.2719744145870209,-1.4943079948425293,-1.4838553667068481,-1.4690778255462646,0.0,1.0
29696,29,7,182.13308255855392,154.28571428571428,-0.003952176345046609,128.61866397857665,-0.19578173346817493,0.0031737528508529065,0.0372314453125,0.5470992270857096,131.4630994796753,10.362092018127441,14.89490795135498,42.44094467163086,29.477323532104492,32.078857421875,23.27289390563965,0.7446713833325824,1.1611536741256714,217.48745727539062,0.5,1.0,0.0,1.0,0.0,0.0,-0.0784701406955719,0.23228763043880463,0.0,0.2568127512931824,0.26383474469184875,0.2717951536178589,-1.4973759651184082,-1.4842568635940552,-1.4694111347198486,0.0,1.0
30720,30,7,134.45591912057694,122.28571428571429,-0.004086751234717667,135.19907417297364,-0.19599317647516729,0.005025594354083296,0.038037109375,0.549315495789051,95.54877738952636,9.707708358764648,14.805368423461914,42.46158981323242,31.59649085998535,32.753883361816406,26.738359451293945,0.780436208117325,1.0496275424957275,166.04127502441406,0.55,1.0,0.0,1.0,0.0,0.0,-0.08980932831764221,0.23298682272434235,0.0,0.25646311044692993,0.2638952136039734,0.2715974450111389,-1.4980311393737793,-1.484163761138916,-1.4697787761688232,0.0,1.0
31744,31,8,141.01644904785567,147.25,-0.003235753555782139,122.8660400390625,-0.19298012368381023,0.0030323819562909195,0.0298583984375,0.537761353701353,110.16535720825195,6.426844120025635,17.15411376953125,35.03387451171875,32.59061813354492,28.607032775878906,29.954866409301758,0.722954349114302,0.8721243143081665,241.27528381347656,0.525,1.0,0.0,1.0,0.0,0.0,-0.0860966145992279,0.2316790223121643,0.0,0.25543034076690674,0.26486706733703613,0.2718456983566284,-1.499967098236084,-1.4823622703552246,-1.4693171977996826,0.0,1.0
32768,32,7,147.06847686717916,134.57142857142858,-0.004209485766477883,133.19751071929932,-0.18754055313766002,0.004742203396745026,0.0347412109375,0.49699691981077193,132.32968673706054,12.441452026367188,13.214655876159668,41.37732696533203,37.62078857421875,28.935874938964844,32.667903900146484,0.8766168316876277,0.8358473181724548,226.5795440673828,0.45,1.0,0.0,1.0,0.0,0.0,-0.08670582622289658,0.22892044484615326,0.0,0.25686606764793396,0.2659744322299957,0.27170872688293457,-1.4972760677337646,-1.48025643825531,-1.469571828842163,0.0,1.0
33792,33,8,161.31909239282894,136.875,-0.0038565929455216972,97.61906032562256,-0.18484763503074647,0.0016066605530795641,0.0212158203125,0.48653168976306915,92.13720531463623,9.240875244140625,11.83927059173584,49.24427032470703,24.79443359375,40.003395080566406,17.949825286865234,0.7719965317089638,0.7905027866363525,141.46519470214844,0.425,1.0,0.0,1.0,0.0,0.0,-0.08997661620378494,0.2273401916027069,0.0,0.25620362162590027,0.2653246223926544,0.2699512541294098,-1.4985175132751465,-1.4814616441726685,-1.4728410243988037,0.0,1.0
34816,34,7,151.62031547325904,132.57142857142858,-0.002806085057090968,103.90860996246337,-0.19059893153607846,0.0031847053367528135,0.0168212890625,0.5488703280687333,112.16882419586182,10.69862174987793,12.25011920928955,47.71327209472656,29.625133514404297,37.0146484375,26.691429138183594,0.8290142240360444,0.9579790830612183,241.18624877929688,0.575,1.0,0.0,1.0,0.0,0.0,-0.09030018001794815,0.2255847007036209,0.0,0.2535650432109833,0.26416146755218506,0.2710157632827759,-1.5034661293029785,-1.4836491346359253,-1.470860481262207,0.0,1.0
35840,35,8,173.3035403139505,146.25,-0.004130424809409306,73.0276816368103,-0.19673207215964794,0.0034716937181656247,0.0270751953125,0.5188502371311188,91.2546615600586,10.153128623962402,8.606718063354492,47.08434295654297,26.625064849853516,36.931217193603516,22.239992141723633,0.8955054064571032,0.8442407250404358,160.9729461669922,0.575,1.0,0.0,1.0,0.0,0.0,-0.09586727619171143,0.22665248811244965,0.0,0.2530699074268341,0.26318487524986267,0.271135538816452,-1.5043954849243164,-1.4854735136032104,-1.4706377983093262,0.0,1.0
36864,36,7,165.17918362541167,130.0,-0.0050279739254619924,84.47204656600952,-0.1990473296493292,0.0059274065511999655,0.0382568359375,0.5806703649461269,100.57796649932861,9.894453048706055,11.219694137573242,48.81546401977539,26.580198287963867,38.92101287841797,21.29920196533203,0.8218254531336231,0.8915148377418518,192.4723663330078,0.625,1.0,0.0,1.0,0.0,0.0,-0.08941688388586044,0.22732116281986237,0.0,0.25436317920684814,0.2636476457118988,0.2729862630367279,-1.5019686222076416,-1.484635829925537,-1.467197299003601,0.0,1.0
37888,37,6,160.69888421749184,140.0,-0.004014134843600914,94.26405086517335,-0.19760808683931827,0.005065842156182043,0.024609375,0.5332435552030802,98.67278652191162,7.957103729248047,12.713766098022461,50.71544647216797,31.879566192626953,42.75834274291992,23.554582595825195,0.840953679303984,1.1149920225143433,131.7823028564453,0.525,1.0,0.0,1.0,0.0,0.0,-0.10403687506914139,0.2291821390390396,0.0,0.2523465156555176,0.2634486258029938,0.2741829454898834,-1.505753755569458,-1.4849853515625,-1.4649744033813477,0.0,1.0
38912,38,9,149.25702290699175,141.66666666666666,-0.004283570405095816,81.17505483627319,-0.1985926080495119,0.0029042330905213022,0.0339111328125,0.5215464334934949,86.50309972763061,7.568016052246094,12.695178985595703,44.58571243286133,32.58441162109375,37.0177001953125,28.903564453125,0.848204835081519,1.0495880842208862,144.51602172851562,0.45,1.0,0.0,1.0,0.0,0.0,-0.09967914968729019,0.22438639402389526,0.0,0.25141793489456177,0.2631787359714508,0.27326270937919617,-1.507497787475586,-1.4855180978775024,-1.4666836261749268,0.0,1.0
39936,39,7,154.7801571107768,130.14285714285714,-0.002829026198014617,92.28554611206054,-0.20111835859715937,0.0030764834591536783,0.0310302734375,0.5856740206480027,107.82302761077881,8.934176445007324,12.322504043579102,52.45811462402344,32.00539779663086,43.5239372253418,26.358951568603516,0.8517647606561971,1.0730634927749634,163.5559844970703,0.6,1.0,0.0,1.0,0.0,0.0,-0.1023508831858635,0.23130139708518982,0.0,0.252416729927063,0.2627561092376709,0.27314868569374084,-1.5056219100952148,-1.4863015413284302,-1.466895580291748,0.0,1.0
40960,40,7,151.9036068598321,140.28571428571428,-0.004537531384266913,98.69337120056153,-0.20234792344272137,0.00440937315725023,0.0341796875,0.5307653523981571,113.85028457641602,7.427935600280762,13.926916122436523,51.939754486083984,35.381649017333984,44.511817932128906,26.858882904052734,0.8450634533591861,1.1162630319595337,185.53306579589844,0.45,1.0,0.0,1.0,0.0,0.0,-0.1031036451458931,0.2266477793455124,0.0,0.25295037031173706,0.26285162568092346,0.2734927237033844,-1.5046199560165405,-1.486136794090271,-1.4662563800811768,0.0,1.0
41984,41,8,180.71918881269448,146.125,-0.0037031602230854334,70.93680620193481,-0.20362186431884766,0.002859108115080744,0.026513671875,0.5617427371442318,89.31526069641113,8.247047424316406,10.521617889404297,51.27521514892578,30.02214241027832,43.02816390991211,26.83464813232422,0.8771764316799509,0.862195611000061,182.19509887695312,0.6,1.0,0.0,1.0,0.0,0.0,-0.10894732922315598,0.22759495675563812,0.0,0.24985745549201965,0.2618211805820465,0.27451154589653015,-1.5104306936264038,-1.4880350828170776,-1.4643642902374268,0.0,1.0
43008,42,9,145.11366944770967,121.33333333333333,-0.005959847755730152,67.4920669555664,-0.20857606492936612,0.007166260182566475,0.0755615234375,0.6102829601615667,92.6746633529663,7.154930114746094,11.285969734191895,53.82112121582031,30.45118522644043,46.66618728637695,26.318134307861328,0.8626371195110669,1.2679709196090698,185.3984375,0.5,1.0,0.0,1.0,0.0,0.0,-0.10517238825559616,0.22658497095108032,0.0,0.24741816520690918,0.2617171108722687,0.27570420503616333,-1.5150196552276611,-1.488277554512024,-1.4621508121490479,0.0,1.0
44032,43,7,129.2009924133113,119.28571428571429,-0.0030394141213037074,94.62752628326416,-0.2102754984050989,0.0027270452497759833,0.020703125,0.49881408363580704,108.47791996002198,5.90432596206665,15.186807632446289,54.00541305541992,33.12518310546875,48.10108947753906,26.065202713012695,0.7898078667074246,1.0893927812576294,174.2841339111328,0.425,1.0,0.0,1.0,0.0,0.0,-0.10644906759262085,0.22604858875274658,0.0,0.24709050357341766,0.2606362998485565,0.2743479907512665,-1.5156364440917969,-1.4902935028076172,-1.4646680355072021,0.0,1.0
45056,44,8,135.2140011531631,123.5,-0.006414839572971687,81.78588056564331,-0.21589364483952522,0.004039841497433372,0.0594970703125,0.5916722349822521,106.91686763763428,3.330862045288086,15.240159034729004,53.86186599731445,32.84321212768555,50.531005859375,25.42282485961914,0.7846783262760847,1.052805781364441,207.58203125,0.6,1.0,0.0,1.0,0.0,0.0,-0.10036259889602661,0.22343404591083527,0.0,0.24690257012844086,0.26017412543296814,0.2747226357460022,-1.5159903764724731,-1.4911314249038696,-1.463972568511963,0.0,1.0
46080,45,10,132.8377993956441,120.4,-0.004454187024384737,78.11324758529663,-0.21659972369670868,0.0029334796578041277,0.0345947265625,0.5761492229998112,104.58988342285156,2.4574551582336426,14.459309577941895,54.30293273925781,33.71356964111328,51.845481872558594,25.10355567932129,0.8160559929152764,1.4139509201049805,226.60963439941406,0.65,1.0,0.0,1.0,0.0,0.0,-0.10912644863128662,0.22306858003139496,0.0,0.2446323037147522,0.26017120480537415,0.2749115526676178,-1.5202672481536865,-1.491172194480896,-1.4636218547821045,0.0,1.0
47104,46,10,139.98535832390468,125.2,-0.00354037128854543,51.24182138442993,-0.2158458698540926,0.0039082238232367675,0.0346923828125,0.520731657743454,89.65815229415894,1.9819059371948242,12.987449645996094,49.20817184448242,34.39836502075195,47.22626495361328,29.375913619995117,0.857448381644016,0.9764007329940796,188.9268341064453,0.575,1.0,0.0,1.0,0.0,0.0,-0.11243533343076706,0.22602054476737976,0.0,0.24436123669147491,0.2605798542499542,0.2770213484764099,-1.5207782983779907,-1.4904016256332397,-1.4597079753875732,0.0,1.0
48128,47,4,149.4712731909686,127.0,-0.00436484303791076,45.3683464050293,-0.21309839561581612,0.0030985850331489927,0.0287109375,0.48774985373020174,85.84085063934326,3.019702911376953,11.52731990814209,49.80824279785156,33.03936004638672,46.788536071777344,29.39331817626953,0.8782711899536645,0.9510824084281921,200.62107849121094,0.45,1.0,0.0,1.0,0.0,0.0,-0.10458870977163315,0.22414058446884155,0.0,0.24425308406352997,0.26104700565338135,0.27812814712524414,-1.5209821462631226,-1.4895516633987427,-1.4576565027236938,0.0,1.0
49152,48,8,150.3022577468853,136.375,-0.003030806855531409,52.379136848449704,-0.21326678730547427,0.005121711906394921,0.03037109375,0.5425607316195965,81.10004386901855,5.807001113891602,10.74936294555664,54.07017517089844,33.57429122924805,48.26317596435547,30.89553451538086,0.8974934223549667,1.0527273416519165,168.0298309326172,0.55,1.0,0.0,1.0,0.0,0.0,-0.09663545340299606,0.2236439436674118,0.0,0.24422113597393036,0.2602291405200958,0.2758029103279114,-1.5210423469543457,-1.491076946258545,-1.4619677066802979,0.0,1.0
50176,49,9,144.60889629511698,138.44444444444446,-0.004200210375711322,72.7439058303833,-0.21778666861355306,0.005234829518303741,0.0376220703125,0.5613223582506179,112.57857370376587,5.141781330108643,14.508577346801758,45.866458892822266,40.30683135986328,40.72467803955078,38.343414306640625,0.8704336151882879,1.0417999029159546,225.3568115234375,0.625,1.0,0.0,1.0,0.0,0.0,-0.10345419496297836,0.2219584733247757,0.0,0.24414494633674622,0.2598668932914734,0.2745548188686371,-1.5211859941482544,-1.4917246103286743,-1.4642839431762695,0.0,1.0
51200,50,8,160.23515267508594,148.0,-0.004193113185465336,51.33816728591919,-0.21892703212797643,0.0024069611012237147,0.03251953125,0.501155024766922,69.52017450332642,3.696765661239624,11.336833000183105,52.63713073730469,35.044700622558594,48.940364837646484,28.30609893798828,0.8953501011661764,0.796521008014679,117.68742370605469,0.525,1.0,0.0,1.0,0.0,0.0,-0.09890445321798325,0.22162498533725739,0.0,0.2433009147644043,0.2597103416919708,0.2737036943435669,-1.5227776765823364,-1.4919978380203247,-1.4658644199371338,0.0,1.0
52224,51,6,161.79338577660982,147.66666666666666,-0.0035479259095154703,45.226265001296994,-0.21976479515433311,0.005223958901478909,0.0226806640625,0.5451121456921101,68.6274130821228,3.870814800262451,10.500608444213867,52.65862274169922,35.34003448486328,48.78780746459961,30.009450912475586,0.9117133610965498,1.0142098665237427,122.3460922241211,0.525,1.0,0.0,1.0,0.0,0.0,-0.08778789639472961,0.2284371256828308,0.0,0.24431271851062775,0.2595210671424866,0.27262818813323975,-1.5208697319030762,-1.4923782348632812,-1.467862606048584,0.0,1.0
53248,52,8,161.57127139942855,141.5,-0.003196809551445767,53.841753768920896,-0.22066094130277633,0.002988537411147263,0.0314453125,0.5055002517998218,81.87746992111207,5.448637008666992,11.851042747497559,54.640804290771484,34.06487274169922,49.192169189453125,34.44732666015625,0.8789681953907227,0.8947564363479614,186.90310668945312,0.6,1.0,0.0,1.0,0.0,0.0,-0.10227102786302567,0.22218692302703857,0.0,0.2423756718635559,0.25933268666267395,0.2739504277706146,-1.524523138999939,-1.4927603006362915,-1.4654061794281006,0.0,1.0
54272,53,6,133.07097427702988,124.5,-0.0039928618702106174,99.26505107879639,-0.22460986711084843,0.002125652947870549,0.04833984375,0.5754747502505779,112.76194686889649,5.057163238525391,14.846415519714355,63.359291076660156,39.066043853759766,58.30213165283203,28.299121856689453,0.8555743434006103,1.0914338827133179,181.70457458496094,0.65,1.0,0.0,1.0,0.0,0.0,-0.09591764956712723,0.22412145137786865,0.0,0.2400984913110733,0.25807759165763855,0.27335619926452637,-1.528822422027588,-1.4950860738754272,-1.4665100574493408,0.0,1.0
55296,54,8,166.60254442191564,143.25,-0.0035171266994439066,79.62701969146728,-0.23249800577759744,0.004461967186944094,0.040283203125,0.4914908200502396,97.73597145080566,3.252763032913208,14.825079917907715,64.09153747558594,35.74744415283203,60.838775634765625,29.276201248168945,0.8280096621870207,0.8037335276603699,177.6017608642578,0.425,1.0,0.0,1.0,0.0,0.0,-0.08223680406808853,0.22424089908599854,0.0,0.23791071772575378,0.2567479610443115,0.27163806557655334,-1.5329573154449463,-1.4976145029067993,-1.469703197479248,0.0,1.0
56320,55,8,150.9401807936294,139.5,-0.005050732754170895,98.99238929748535,-0.2369426928460598,0.0036447220758418553,0.04599609375,0.5225527517497539,139.23897724151612,1.0404871702194214,17.560409545898438,62.092063903808594,39.35165786743164,61.05158233642578,32.40385437011719,0.8008670319108986,0.884702742099762,238.30894470214844,0.475,1.0,0.0,1.0,0.0,0.0,-0.07893265783786774,0.2257256805896759,0.0,0.2365899235010147,0.2565719485282898,0.27118977904319763,-1.535455584526062,-1.4979299306869507,-1.4705368280410767,0.0,1.0
57344,56,5,157.40974815017225,147.0,-0.00408291028579697,48.452448749542235,-0.23412314280867577,0.0042474032714380884,0.0334228515625,0.5169038452208042,104.45190925598145,0.6184967756271362,13.059707641601562,56.91020965576172,37.781925201416016,56.291709899902344,32.868717193603516,0.8805190376351486,0.919957160949707,294.7107849121094,0.475,1.0,0.0,1.0,0.0,0.0,-0.0799524262547493,0.22374333441257477,0.0,0.23907218873500824,0.2578384578227997,0.272502064704895,-1.5307615995407104,-1.4955252408981323,-1.4680969715118408,0.0,1.0
58368,57,7,156.6350309600759,143.28571428571428,-0.0029707544308621436,50.825973463058475,-0.22648898586630822,0.001535795014933683,0.02451171875,0.5261625662446022,81.17243766784668,3.7014691829681396,11.499629020690918,57.66249465942383,38.38617706298828,53.961029052734375,34.85976028442383,0.9102534187559943,0.8425769209861755,157.39308166503906,0.6,1.0,0.0,1.0,0.0,0.0,-0.0880807638168335,0.22300328314304352,0.0,0.2412230223417282,0.25884953141212463,0.2718486189842224,-1.5266988277435303,-1.4936505556106567,-1.4693117141723633,0.0,1.0
59392,58,7,161.7093998008451,140.14285714285714,-0.005213309871032834,56.409684371948245,-0.2232486080378294,0.0052455205397563985,0.04384765625,0.5416025795042515,77.0858325958252,3.8680272102355957,11.768940925598145,60.38330841064453,41.045040130615234,56.515281677246094,35.670738220214844,0.9177845633640864,0.9894118905067444,138.53280639648438,0.55,1.0,0.0,1.0,0.0,0.0,-0.08032401651144028,0.22691847383975983,0.0,0.24223411083221436,0.25921598076820374,0.2729034721851349,-1.5247902870178223,-1.4929426908493042,-1.4673510789871216,0.0,1.0
60416,59,9,164.98923769215725,136.33333333333334,-0.004396074736723677,34.2542028427124,-0.22437431067228317,0.002352469843754079,0.0255126953125,0.5650920487940312,64.55454125404358,3.410376787185669,10.593545913696289,55.57554626464844,34.22575378417969,52.1651725769043,34.425079345703125,0.9041975288953895,1.0537110567092896,179.74017333984375,0.65,1.0,0.0,1.0,0.0,0.0,-0.09914776682853699,0.22171638906002045,0.0,0.24242012202739716,0.2580825388431549,0.27042609453201294,-1.5244393348693848,-1.4950422048568726,-1.4719574451446533,0.0,1.0
61440,60,9,136.88944416431218,121.0,-0.0038086754735559224,36.534431028366086,-0.23377640768885613,0.002681744800065644,0.0356689453125,0.5682730212807655,58.0385009765625,0.5053067207336426,10.6533784866333,52.81077194213867,36.10035705566406,52.30546569824219,33.04094696044922,0.9129133215077259,0.8758845329284668,122.84397888183594,0.6,1.0,0.0,1.0,0.0,0.0,-0.1016901358962059,0.23014181852340698,0.0,0.24267247319221497,0.2561284005641937,0.2667696177959442,-1.523963212966919,-1.4986928701400757,-1.4787671566009521,0.0,1.0
62464,61,10,146.6703450340828,118.0,-0.0022791237046476454,21.235773611068726,-0.24083021506667138,0.0022736208426067605,0.0146728515625,0.5001029256731272,40.58538870811462,3.241319179534912,7.5989251136779785,56.02016067504883,32.978389739990234,52.778846740722656,30.360010147094727,0.9469060046991206,1.0499953031539917,81.53692626953125,0.45,1.0,0.0,1.0,0.0,0.0,-0.09900850057601929,0.2277946174144745,0.0,0.2431667149066925,0.25567540526390076,0.26599153876304626,-1.5230307579040527,-1.4995604753494263,-1.4802179336547852,0.0,1.0
63488,62,7,127.96799109067078,124.0,-0.003560729353921488,44.06936328411102,-0.24093722701072692,0.004141686661751009,0.0343505859375,0.5394746467471123,110.64773378372192,-1.1411197185516357,13.309941291809082,43.73439407348633,36.66530227661133,44.875518798828125,35.46389389038086,0.8682223666622076,0.8798703551292419,311.0662841796875,0.55,1.0,0.0,1.0,0.0,0.0,-0.09182962775230408,0.2314070463180542,0.0,0.24401719868183136,0.256210058927536,0.2673260569572449,-1.5214269161224365,-1.498531460762024,-1.4777300357818604,0.0,1.0
64512,63,8,133.20537617472814,124.75,-0.005107598204631358,22.437510514259337,-0.23865051567554474,0.0033805283019319177,0.04892578125,0.5873485215008258,60.84247303009033,1.2438688278198242,9.364418029785156,51.8913688659668,37.746028900146484,50.647499084472656,36.65135955810547,0.938451279445657,1.0779712200164795,163.71353149414062,0.575,1.0,0.0,1.0,0.0,0.0,-0.09632233530282974,0.2272096425294876,0.0,0.245444193482399,0.2560234069824219,0.2665930986404419,-1.5187371969223022,-1.4988816976547241,-1.4790961742401123,0.0,1.0
65536,64,8,152.4649051738253,136.5,-0.005566606903448701,29.46040873527527,-0.2386606216430664,0.005710997170535847,0.0412353515625,0.5589970059692859,84.39868726730347,2.5308916568756104,11.007915496826172,47.74212646484375,37.00934982299805,45.21123504638672,38.8886604309082,0.9115317794613986,0.8263651132583618,219.65135192871094,0.675,1.0,0.0,1.0,0.0,0.0,-0.07893037050962448,0.22753660380840302,0.0,0.24824479222297668,0.2565855085849762,0.2653214633464813,-1.5134639739990234,-1.497846007347107,-1.4814677238464355,0.0,1.0
66560,65,8,135.82357241231938,119.25,-0.006034835590980947,29.757618927955626,-0.23692636862397193,0.0043921026124735365,0.0466552734375,0.6000262379646302,69.4219310760498,2.7229766845703125,10.57762336730957,52.623939514160156,37.1920166015625,49.900962829589844,36.99285888671875,0.9191133616720597,1.2328386306762695,183.8739776611328,0.625,1.0,0.0,1.0,0.0,0.0,-0.09472324699163437,0.2242192029953003,0.0,0.24753034114837646,0.25621095299720764,0.26565298438072205,-1.5148085355758667,-1.498510479927063,-1.4808493852615356,0.0,1.0
67584,66,7,151.54659467144344,136.85714285714286,-0.004970273864455521,22.811826038360596,-0.24270696714520454,0.00541816427721642,0.03642578125,0.5264033921062946,44.94850926399231,3.0365633964538574,7.608382225036621,53.587989807128906,38.149497985839844,50.55142593383789,36.70969772338867,0.9602252942703575,1.041858434677124,111.37293243408203,0.575,1.0,0.0,1.0,0.0,0.0,-0.07510287314653397,0.22785067558288574,0.0,0.24501945078372955,0.2546386420726776,0.2642877995967865,-1.5195376873016357,-1.501482605934143,-1.4833966493606567,0.0,1.0
68608,67,8,150.63130434557036,135.625,-0.0040293758735060695,32.969935131073,-0.24816482737660409,0.00543261316488497,0.042822265625,0.5191060762852431,62.01657009124756,1.7130706310272217,10.813302040100098,49.224151611328125,35.608585357666016,47.51108169555664,35.39766311645508,0.9077838109338987,1.0899709463119507,127.77338409423828,0.475,1.0,0.0,1.0,0.0,0.0,-0.08792704343795776,0.22458508610725403,0.0,0.24405428767204285,0.25471970438957214,0.2648355960845947,-1.5213569402694702,-1.5013395547866821,-1.4823743104934692,0.0,1.0
69632,68,8,132.18816798479975,115.625,-0.003748397680465132,20.208978605270385,-0.24755376875400542,0.003938336294959299,0.03525390625,0.6303391955792904,44.57754893302918,2.465333938598633,8.086444854736328,55.13270568847656,33.25477981567383,52.66737365722656,31.457359313964844,0.9408701016540697,1.0517041683197021,102.91450500488281,0.7,1.0,0.0,1.0,0.0,0.0,-0.07688288390636444,0.2268940657377243,0.0,0.24308271706104279,0.2543181777000427,0.26605209708213806,-1.5231893062591553,-1.5020829439163208,-1.480104923248291,0.0,1.0
70656,69,9,144.7418683145453,125.44444444444444,-0.00420118352631107,51.775414085388185,-0.2522501669824123,0.005104886365006678,0.032421875,0.5724446296691894,99.2606216430664,0.8231574296951294,12.857428550720215,65.35799407958984,40.37384033203125,64.53483581542969,34.102664947509766,0.8985836066538424,1.1022591590881348,251.57467651367188,0.65,1.0,0.0,1.0,0.0,0.0,-0.07055318355560303,0.2307361662387848,0.0,0.24120394885540009,0.2534113824367523,0.2681069076061249,-1.5267348289489746,-1.5038337707519531,-1.4762752056121826,0.0,1.0
71680,70,11,146.40438023271048,120.27272727272727,-0.004098090651677921,17.181187856197358,-0.25598426088690757,0.0035262401594081893,0.0307373046875,0.5683475721627473,51.87420969009399,-0.7823631167411804,8.451617240905762,57.010955810546875,34.97380065917969,57.79331970214844,34.376136779785156,0.9416025324785726,1.1662709712982178,126.24016571044922,0.675,1.0,0.0,1.0,0.0,0.0,-0.06949075311422348,0.2251744121313095,0.0,0.24020251631736755,0.25279244780540466,0.26876065135002136,-1.5286259651184082,-1.5049654245376587,-1.475057601928711,0.0,1.0
72704,71,5,131.04197762836995,106.2,-0.003741089440882206,25.111844396591188,-0.25921271964907644,0.0013760880334302782,0.024462890625,0.5075140982866287,103.14363112449647,-2.076596736907959,10.9597749710083,58.195823669433594,34.03943634033203,60.27241897583008,31.71718406677246,0.8963334910586119,0.9057959914207458,293.1807861328125,0.45,1.0,0.0,1.0,0.0,0.0,-0.054656628519296646,0.22337539494037628,0.0,0.2390071451663971,0.25258395075798035,0.2675897479057312,-1.5308845043182373,-1.5053750276565552,-1.477238655090332,0.0,1.0
73728,72,11,137.47681574430925,125.81818181818181,-0.004470901272725314,15.97354428768158,-0.2651867151260376,0.0033549467800185083,0.03359375,0.6311626307666302,39.65629005432129,3.067509174346924,6.774585723876953,55.23473358154297,38.59125900268555,52.16722869873047,37.58515548706055,0.9691831962619348,1.1290985345840454,107.37213134765625,0.75,1.0,0.0,1.0,0.0,0.0,-0.07126864790916443,0.22797580063343048,0.0,0.23639452457427979,0.2501610517501831,0.2648039162158966,-1.535825252532959,-1.5099372863769531,-1.4824334383010864,0.0,1.0
74752,73,5,156.90319099586023,121.0,-0.004617202992085368,29.140269708633422,-0.2775002375245094,0.005253364887903444,0.0416259765625,0.5463033854961395,58.42344126701355,0.28772586584091187,9.506128311157227,70.99798583984375,34.027320861816406,70.71025848388672,29.406932830810547,0.921953810056032,1.4216159582138062,126.30097961425781,0.525,1.0,0.0,1.0,0.0,0.0,-0.04713403061032295,0.2273194044828415,0.0,0.23407675325870514,0.2486421912908554,0.2646477222442627,-1.5402134656906128,-1.5127767324447632,-1.482724905014038,0.0,1.0
75776,74,8,173.60352692968328,153.625,-0.0043484926805831495,24.23094506263733,-0.285484854131937,0.00293635555281071,0.03017578125,0.49873213469982147,55.39443049430847,4.391654014587402,8.046867370605469,60.38014602661133,40.72934341430664,55.988494873046875,39.912208557128906,0.9609663758235469,0.799043595790863,134.566650390625,0.475,1.0,0.0,1.0,0.0,0.0,-0.05234330892562866,0.22407016158103943,0.0,0.2324260026216507,0.24715125560760498,0.2627539038658142,-1.5433416366577148,-1.5156002044677734,-1.4862608909606934,0.0,1.0
76800,75,8,179.15586784552147,148.875,-0.005118923704139888,16.947108721733095,-0.2890158236026764,0.0062831166869727895,0.0491943359375,0.6378456123173237,59.22897734642029,2.706664562225342,7.810012340545654,57.34389114379883,36.47738265991211,54.63722610473633,38.60161590576172,0.9541587829187244,1.3164559602737427,188.66650390625,0.75,1.0,0.0,1.0,0.0,0.0,-0.06577596813440323,0.22331689298152924,0.0,0.23308107256889343,0.24782967567443848,0.26579639315605164,-1.5421000719070435,-1.5143128633499146,-1.4805818796157837,0.0,1.0
77824,76,8,117.64434803644714,112.625,-0.004995252104708925,19.38822546005249,-0.28265215307474134,0.004686566737655084,0.03486328125,0.5120916619896889,62.39264721870423,-2.035795211791992,9.034364700317383,60.799285888671875,41.52073669433594,62.8350830078125,35.82022476196289,0.9526559816738699,0.8383417725563049,209.10809326171875,0.475,1.0,0.0,1.0,0.0,0.0,-0.07126658409833908,0.22258563339710236,0.0,0.2342042177915573,0.24919265508651733,0.2687811851501465,-1.5399720668792725,-1.5117583274841309,-1.4750192165374756,0.0,1.0
78848,77,9,137.87965939099206,135.66666666666666,-0.004236080381087959,27.89963057041168,-0.27655444741249086,0.002780181763228029,0.030517578125,0.5221853479743004,93.34695348739623,-2.276224136352539,11.04318904876709,53.24003219604492,42.96254348754883,55.516258239746094,38.909854888916016,0.9339292876719312,0.9917320609092712,227.3180694580078,0.425,1.0,0.0,1.0,0.0,0.0,-0.059118714183568954,0.22685010731220245,0.0,0.2355063557624817,0.2496485859155655,0.27106380462646484,-1.537506341934204,-1.5109518766403198,-1.470771074295044,0.0,1.0
79872,78,6,123.49833259341028,118.16666666666667,-0.0027701515471562745,33.40179064273834,-0.274689145386219,0.0029591367856482975,0.0175537109375,0.5247931994497776,128.36363463401796,-5.001872539520264,12.243000030517578,53.465721130371094,40.10704803466797,58.46759796142578,37.84684753417969,0.9068175065738525,0.9429704546928406,342.53912353515625,0.5,1.0,0.0,1.0,0.0,0.0,-0.0465540774166584,0.22238045930862427,0.0,0.2367490828037262,0.25040677189826965,0.27189916372299194,-1.5351544618606567,-1.509511947631836,-1.4692177772521973,0.0,1.0
80896,79,8,163.18743821516262,140.25,-0.005806688510347158,36.900642371177675,-0.27110937535762786,0.004468399642792065,0.0413818359375,0.5518601674586534,130.99435358047486,4.545244216918945,12.278754234313965,53.434242248535156,41.333770751953125,48.888999938964844,46.304134368896484,0.9117532634350815,0.8605281114578247,422.155029296875,0.65,1.0,0.0,1.0,0.0,0.0,-0.04805942252278328,0.22725605964660645,0.0,0.23541657626628876,0.25018468499183655,0.27327024936676025,-1.5376763343811035,-1.5099307298660278,-1.4666695594787598,0.0,1.0
81920,80,6,145.95926969741234,125.0,-0.003942685306537896,18.79778347015381,-0.27599423080682756,0.0017091860805521718,0.03623046875,0.6026259966194629,87.20116882324218,3.7141666412353516,8.708359718322754,53.37003707885742,40.337371826171875,49.65586853027344,42.56241989135742,0.9533923138559398,1.0978903770446777,255.97665405273438,0.575,1.0,0.0,1.0,0.0,0.0,-0.038784731179475784,0.22532139718532562,0.0,0.2331417053937912,0.24894337356090546,0.272039532661438,-1.5419851541519165,-1.5122694969177246,-1.468956708908081,0.0,1.0
82944,81,9,183.01698719408586,151.66666666666666,-0.004776158055756241,26.59789659976959,-0.2833698339760303,0.007325361011317,0.069677734375,0.6335241436958313,92.44975953102112,2.8513600826263428,9.81518840789795,57.911834716796875,37.56772994995117,55.06047821044922,39.37937545776367,0.9317398417368468,1.425018548965454,313.7307434082031,0.625,1.0,0.0,1.0,0.0,0.0,-0.04876813665032387,0.23024843633174896,0.0,0.23196405172348022,0.24782872200012207,0.27100464701652527,-1.544217586517334,-1.5143615007400513,-1.4708812236785889,0.0,1.0
83968,82,6,145.47997037248817,138.16666666666666,-0.005221053946297616,22.264253282546996,-0.2886821821331978,0.0046762022757320665,0.0536376953125,0.5870123684406281,113.65159697532654,0.29594242572784424,10.602278709411621,51.275245666503906,40.34265899658203,50.97930145263672,39.60567855834961,0.9309331901834036,1.1465059518814087,428.2706604003906,0.575,1.0,0.0,1.0,0.0,0.0,-0.027119150385260582,0.22948527336120605,0.0,0.23217898607254028,0.24690918624401093,0.27039143443107605,-1.5438100099563599,-1.5160952806472778,-1.4720219373703003,0.0,1.0
84992,83,8,170.39641164579183,153.125,-0.004473663226235658,33.67549877166748,-0.2954270958900452,0.003941292685340159,0.029443359375,0.5441159922629595,160.95316877365113,2.6767327785491943,13.553887367248535,48.36444854736328,38.6348762512207,45.68771743774414,42.48491668701172,0.8769253322326993,0.9417331218719482,530.3548583984375,0.6,1.0,0.0,1.0,0.0,0.0,-0.029341647401452065,0.2277977615594864,0.0,0.2316192090511322,0.24544107913970947,0.2695389688014984,-1.54487144947052,-1.51888906955719,-1.4736084938049316,0.0,1.0
86016,84,7,153.0912232183909,140.42857142857142,-0.004689557431265712,22.227573251724245,-0.3011892162263393,0.004655367782106623,0.032421875,0.537823136150837,81.81860156059265,3.3584179878234863,9.242607116699219,62.16755294799805,39.159549713134766,58.80913543701172,34.512176513671875,0.9442925119693524,0.8766610622406006,241.8544464111328,0.575,1.0,0.0,1.0,0.0,0.0,-0.03198213502764702,0.22765067219734192,0.0,0.2301829308271408,0.24535442888736725,0.2710164189338684,-1.5475960969924927,-1.5190834999084473,-1.4708592891693115,0.0,1.0
87040,85,8,188.12539969850508,155.0,-0.002692899270914495,23.373448884487154,-0.30032643526792524,0.000895873416448012,0.0109619140625,0.5728385493159294,125.30330820083618,4.405703067779541,10.045283317565918,51.330406188964844,39.51921844482422,46.92470169067383,43.845497131347656,0.9353888205872025,0.9568464159965515,419.4405517578125,0.65,1.0,0.0,1.0,0.0,0.0,-0.04607083275914192,0.22583021223545074,0.0,0.22875720262527466,0.2451431304216385,0.27166399359703064,-1.550302505493164,-1.5194576978683472,-1.4696550369262695,0.0,1.0
88064,86,5,158.90172147824245,128.4,-0.005554716620827094,18.982599711418153,-0.3018133543431759,0.004039554967312143,0.051953125,0.5850604891777038,67.31024103164673,2.687849998474121,8.43273639678955,59.03230285644531,41.74637222290039,56.344459533691406,41.321807861328125,0.9591962964146343,0.9526762366294861,197.56130981445312,0.675,1.0,0.0,1.0,0.0,0.0,-0.03151416778564453,0.22703945636749268,0.0,0.22744309902191162,0.2451115846633911,0.27282190322875977,-1.5527986288070679,-1.519560694694519,-1.4675025939941406,0.0,1.0
89088,87,6,161.4593122790977,164.66666666666666,-0.005421790515538305,18.983354723453523,-0.3017204850912094,0.005930248650838621,0.0501708984375,0.6302744291722775,90.77003355026245,-1.600217580795288,9.194794654846191,61.9832649230957,41.185691833496094,63.58348083496094,36.94048309326172,0.9501584807546324,1.2444080114364624,326.45556640625,0.7,1.0,0.0,1.0,0.0,0.0,-0.02110251784324646,0.22579996287822723,0.0,0.22884076833724976,0.24519295990467072,0.27284255623817444,-1.5501439571380615,-1.5194053649902344,-1.4674642086029053,0.0,1.0
90112,88,7,184.40541955097356,169.42857142857142,-0.0034441340714693068,31.028094136714934,-0.30274081975221634,0.004567144499742426,0.027685546875,0.5879753448069096,166.04498181343078,3.491365909576416,13.328608512878418,49.36248779296875,43.192405700683594,45.871116638183594,47.84519958496094,0.9047741557463188,0.9685119390487671,527.14599609375,0.7,1.0,0.0,1.0,0.0,0.0,-0.022831931710243225,0.2307683676481247,0.0,0.228885218501091,0.24449346959590912,0.27227985858917236,-1.5500595569610596,-1.5206903219223022,-1.4685100317001343,0.0,1.0
91136,89,7,167.12573752836877,139.85714285714286,-0.0038071553106419744,25.961929440498352,-0.3081195794045925,0.0029011088772676885,0.028466796875,0.5873609937727451,83.84602198600768,2.728503704071045,9.646137237548828,65.98580932617188,38.499366760253906,63.2573127746582,38.533653259277344,0.9372231296046061,1.1258198022842407,252.6635284423828,0.625,1.0,0.0,1.0,0.0,0.0,-0.041089724749326706,0.22650864720344543,0.0,0.2278611660003662,0.24334806203842163,0.27185654640197754,-1.552004337310791,-1.522871494293213,-1.469296932220459,0.0,1.0
92160,90,7,167.34137543552123,153.28571428571428,-0.003207831922918558,26.43350729942322,-0.3136287033557892,0.0015275381971150636,0.025537109375,0.529153323918581,82.7136713027954,1.6719377040863037,9.581652641296387,60.55707931518555,42.20936584472656,58.8851432800293,39.08415222167969,0.9484696385417739,0.9374316930770874,207.2172088623047,0.525,1.0,0.0,1.0,0.0,0.0,-0.014967702329158783,0.22959911823272705,0.0,0.2284785360097885,0.2427627444267273,0.26762789487838745,-1.5508317947387695,-1.5239205360412598,-1.4771676063537598,0.0,1.0
93184,91,5,179.4516582749787,170.4,-0.004036466428078711,18.14600726366043,-0.3161216497421265,0.003874598364927806,0.0335205078125,0.5268425397574902,84.31294846534729,3.296790599822998,8.533659934997559,52.73754119873047,39.48678207397461,49.44075012207031,40.440120697021484,0.9532946045369245,0.9528748393058777,266.03411865234375,0.55,1.0,0.0,1.0,0.0,0.0,-0.02198232151567936,0.22308604419231415,0.0,0.2276241034269333,0.24237823486328125,0.2664371430873871,-1.5524547100067139,-1.524628758430481,-1.4793870449066162,0.0,1.0
94208,92,5,216.37232341112735,179.2,-0.005727888457477093,14.018631327152253,-0.3179907239973545,0.005620628932956606,0.0485595703125,0.6075952727347612,55.32338886260986,1.3885098695755005,7.4648237228393555,62.10384750366211,41.744285583496094,60.71533966064453,40.93486785888672,0.9680224616851917,1.0724565982818604,153.5858917236328,0.6,1.0,0.0,1.0,0.0,0.0,-0.022920502349734306,0.22611090540885925,0.0,0.22368471324443817,0.24200361967086792,0.26727432012557983,-1.5599455833435059,-1.5253819227218628,-1.477826476097107,0.0,1.0
95232,93,8,187.3004308365096,188.25,-0.003834454028401524,15.24495222568512,-0.31972126215696334,0.001371583367290441,0.029736328125,0.5494161359965801,70.32669253349304,0.6434834599494934,7.846344947814941,56.47135925292969,47.03782653808594,55.82787322998047,45.403316497802734,0.9721746714754959,0.9442267417907715,212.57237243652344,0.575,1.0,0.0,1.0,0.0,0.0,-0.022371510043740273,0.22984568774700165,0.0,0.22144755721092224,0.24185532331466675,0.26837360858917236,-1.5642054080963135,-1.5256990194320679,-1.475778341293335,0.0,1.0
96256,94,5,170.74917236279254,156.8,-0.003805114096030593,13.765779531002044,-0.3183432795107365,0.003993663314031437,0.044384765625,0.5327850803732872,95.53767108917236,-1.6860826015472412,8.047276496887207,54.458526611328125,42.86814880371094,56.14460754394531,40.62614822387695,0.9647606177721216,0.9786723852157593,282.1784362792969,0.425,1.0,0.0,1.0,0.0,0.0,-0.030401162803173065,0.22737756371498108,0.0,0.22240892052650452,0.24264957010746002,0.26862892508506775,-1.5623743534088135,-1.5241838693618774,-1.475302815437317,0.0,1.0
97280,95,5,140.15377070302947,150.2,-0.005235190485836938,28.7695073723793,-0.3132267087697983,0.002873260086926166,0.0417724609375,0.5688607431948185,126.49737572669983,-1.3076145648956299,11.918143272399902,63.89852523803711,38.71941375732422,65.20614624023438,38.05837631225586,0.9052542726209907,0.9466623663902283,332.5444030761719,0.5,1.0,0.0,1.0,0.0,0.0,-0.02528633363544941,0.22986258566379547,0.0,0.22288554906845093,0.24334807693958282,0.2679716944694519,-1.5614668130874634,-1.522840976715088,-1.4765269756317139,0.0,1.0
98304,96,8,178.9192176124655,166.75,-0.003519870078889653,28.701260447502136,-0.3085692673921585,0.002557148075720761,0.0268798828125,0.5654568918049335,97.05415544509887,0.08234342932701111,10.933321952819824,56.51024627685547,48.06340026855469,56.42790603637695,48.267032623291016,0.9482541683076634,0.9113978147506714,252.45628356933594,0.575,1.0,0.0,1.0,0.0,0.0,-0.0191295575350523,0.22816410660743713,0.0,0.22358226776123047,0.24448835849761963,0.2691216468811035,-1.560140609741211,-1.5206894874572754,-1.4743852615356445,0.0,1.0
99328,97,6,162.42320840290043,153.33333333333334,-0.0028956521418876946,30.870966649055482,-0.30417818054556844,0.0019511195074301212,0.0240966796875,0.516624990850687,119.79895920753479,1.0721004009246826,11.744987487792969,60.19584274291992,46.07176208496094,59.123741149902344,46.91416931152344,0.9350116577225428,0.9938251972198486,310.4871520996094,0.525,1.0,0.0,1.0,0.0,0.0,-0.00027945652254857123,0.23189012706279755,0.0,0.2221318483352661,0.24471069872379303,0.27130645513534546,-1.5629019737243652,-1.5202993154525757,-1.4703198671340942,0.0,1.0
100352,98,6,186.7290900723822,160.0,-0.004562207777053118,12.438363349437713,-0.3049951232969761,0.004870709539682138,0.0462158203125,0.5143102422356606,71.53323993682861,-0.5277582406997681,7.479390621185303,66.28640747070312,41.10120391845703,66.81417083740234,41.09978485107422,0.9668851073918047,1.040460228919983,234.47377014160156,0.45,1.0,0.0,1.0,0.0,0.0,0.00031133988522924483,0.2305339276790619,0.0,0.22027023136615753,0.2443050593137741,0.2702535092830658,-1.5664488077163696,-1.5210603475570679,-1.4722785949707031,0.0,1.0
101376,99,8,183.8622453738471,167.625,-0.006671580573311076,28.625773215293883,-0.30971130132675173,0.0021790521044749767,0.03955078125,0.5957191370427608,189.69308376312256,3.0795390605926514,12.609660148620605,53.43585968017578,44.42661666870117,50.3563232421875,48.76609420776367,0.9194398402541835,1.2173635959625244,687.4693603515625,0.65,1.0,0.0,1.0,0.0,0.0,-0.020493216812610626,0.23403628170490265,0.0,0.21756014227867126,0.2427625060081482,0.27024751901626587,-1.5716172456741333,-1.5239893198013306,-1.472289800643921,0.0,1.0
102400,100,4,160.1702209096306,143.5,-0.004736640257760882,26.003210842609406,-0.31607057228684426,0.004013894729723688,0.0352783203125,0.5272017259150743,117.55544438362122,5.612273216247559,9.11823844909668,58.29240798950195,45.10041809082031,52.680137634277344,46.86769485473633,0.9591247144084162,1.1463077068328857,357.49334716796875,0.5,1.0,0.0,1.0,0.0,0.0,-0.007015039678663015,0.2313714325428009,0.0,0.21663141250610352,0.2425183653831482,0.27085039019584656,-1.5733898878097534,-1.524463176727295,-1.471168041229248,0.0,1.0
103424,101,6,214.73227635872811,182.16666666666666,-0.004514480556827039,14.47221657037735,-0.32191409096121787,0.005523848150915001,0.0373779296875,0.6683425605297089,94.89988942146302,2.5064539909362793,7.749693870544434,64.38749694824219,41.129608154296875,61.88104248046875,41.260807037353516,0.9644974136738621,1.1863864660263062,311.5136413574219,0.75,1.0,0.0,1.0,0.0,0.0,-0.017970917746424675,0.23023377358913422,0.0,0.2120838612318039,0.24028755724430084,0.268813818693161,-1.582079529762268,-1.5287259817123413,-1.4749584197998047,0.0,1.0
104448,102,8,209.49359869249912,182.0,-0.005234168539755046,29.643903481960297,-0.3373628966510296,0.0023083592095645145,0.0417724609375,0.5608812507241965,206.02329769134522,8.07925796508789,11.367310523986816,55.33435821533203,42.92142105102539,47.255096435546875,49.24518966674805,0.9298597488453272,0.9940176606178284,699.1993408203125,0.6,1.0,0.0,1.0,0.0,0.0,-0.034680869430303574,0.23229524493217468,0.0,0.20860062539577484,0.2371404767036438,0.2654358446598053,-1.5887466669082642,-1.5346627235412598,-1.4812543392181396,0.0,1.0
105472,103,5,158.16054061151144,141.6,-0.005089097324525937,21.15064389705658,-0.35123809054493904,0.005965271413151641,0.0473388671875,0.6003826778382063,87.1635844707489,-2.3665287494659424,9.487775802612305,68.11601257324219,38.49949264526367,70.4825439453125,33.65985107421875,0.9392678253304726,1.1745529174804688,224.64527893066406,0.7,1.0,0.0,1.0,0.0,0.0,-0.03311705216765404,0.23119495809078217,0.0,0.20934121310710907,0.23624718189239502,0.2642305791378021,-1.587328314781189,-1.5363173484802246,-1.4835034608840942,0.0,1.0
106496,104,7,165.49324846366562,148.0,-0.004684912995435298,14.278914469480515,-0.3518881969153881,0.005278233195713256,0.0418701171875,0.6074461974203587,52.74021587371826,0.45667922496795654,7.677023887634277,68.82160186767578,37.65317916870117,68.36492919921875,35.143211364746094,0.9584297633629173,1.1019123792648315,133.01931762695312,0.575,1.0,0.0,1.0,0.0,0.0,-0.019809743389487267,0.23446573317050934,0.0,0.20803701877593994,0.23641656339168549,0.2649070918560028,-1.5898263454437256,-1.5359992980957031,-1.482240915298462,0.0,1.0
107520,105,8,168.84171399445017,155.125,-0.00577928883722052,13.519156986474991,-0.3514637477695942,0.005571549318847247,0.03115234375,0.5498579688370228,72.74712829589843,-0.1413259655237198,7.816307544708252,63.24803924560547,43.046669006347656,63.389366149902344,40.956626892089844,0.9670296035754038,1.0679450035095215,205.99317932128906,0.65,1.0,0.0,1.0,0.0,0.0,-0.02745554782450199,0.2255740910768509,0.0,0.20849622786045074,0.23632849752902985,0.26470574736595154,-1.5889465808868408,-1.5361756086349487,-1.482616662979126,0.0,1.0
108544,106,6,167.79146226081727,157.0,-0.0038173439505044373,24.873370671272276,-0.3563118539750576,0.004005964552925434,0.03173828125,0.516585486382246,78.70839204788209,2.497177839279175,9.169754028320312,62.09980010986328,47.55573272705078,59.60261535644531,46.91313934326172,0.9628199832933748,1.1026874780654907,183.67796325683594,0.5,1.0,0.0,1.0,0.0,0.0,-0.024622390046715736,0.22871020436286926,0.0,0.20720507204532623,0.2345309853553772,0.2628668248653412,-1.5914205312728882,-1.5395952463150024,-1.486050009727478,0.0,1.0
109568,107,6,183.0484342808854,151.33333333333334,-0.004125586693407968,22.996587777137755,-0.36141776889562605,0.004935896096867509,0.027490234375,0.5782637819647789,138.8372579097748,-2.8581817150115967,10.179069519042969,78.71751403808594,41.394710540771484,81.57569885253906,35.569908142089844,0.939531883458893,0.8030368685722351,408.0624084472656,0.725,1.0,0.0,1.0,0.0,0.0,-0.0038781091570854187,0.22817140817642212,0.0,0.2081390917301178,0.2353285700082779,0.26325371861457825,-1.5896307229995728,-1.538070559501648,-1.4853273630142212,0.0,1.0
110592,108,8,152.79809078346898,144.625,-0.0033731444622389973,57.60244522094727,-0.3552345000207424,0.0014913557752151974,0.0275634765625,0.5970619842410088,247.39549312591552,-6.151006698608398,14.64019775390625,64.53652954101562,42.296390533447266,70.68753051757812,39.62675094604492,0.880191594508594,1.1893235445022583,666.7184448242188,0.625,1.0,0.0,1.0,0.0,0.0,-0.011569682508707047,0.22510533034801483,0.0,0.2078518122434616,0.23581244051456451,0.2653692960739136,-1.5901811122894287,-1.5371837615966797,-1.4813785552978516,0.0,1.0
111616,109,6,178.29335391738496,164.5,-0.00393263740115799,24.94157918691635,-0.35421314612030985,0.002522757127007935,0.030126953125,0.5184844337403774,189.47489953041077,4.438605308532715,10.594951629638672,48.922645568847656,48.32930374145508,44.48404312133789,51.74619674682617,0.9519407609093562,0.8170662522315979,614.8529052734375,0.55,1.0,0.0,1.0,0.0,0.0,0.0029545750003308058,0.22786201536655426,0.0,0.20624281466007233,0.23575836420059204,0.2667023837566376,-1.5932650566101074,-1.5372999906539917,-1.4788925647735596,0.0,1.0
112640,110,7,161.84891414724936,158.85714285714286,-0.004164273757487536,28.020748150348663,-0.3548424355685711,0.002839243826747406,0.0315673828125,0.6130379758775234,136.27358226776124,-1.1509722471237183,11.506940841674805,55.64746856689453,44.55733108520508,56.798439025878906,45.1435661315918,0.9333068169843428,0.8902594447135925,397.9165954589844,0.8,1.0,0.0,1.0,0.0,0.0,-0.011452077887952328,0.23750819265842438,0.0,0.2079533487558365,0.23594312369823456,0.26589858531951904,-1.5899865627288818,-1.5369237661361694,-1.480391263961792,0.0,1.0
113664,111,7,174.95603337123208,149.28571428571428,-0.004788742214441299,12.937160515785218,-0.3529800966382027,0.0018536067989771254,0.045751953125,0.6148826241493225,36.68052897453308,1.9030849933624268,6.131160259246826,70.4182357788086,42.85603332519531,68.51515197753906,42.096744537353516,0.9795326630761774,1.0230745077133179,84.67326354980469,0.725,1.0,0.0,1.0,0.0,0.0,-0.004980277735739946,0.23092570900917053,0.0,0.209017813205719,0.23614203929901123,0.2658912241458893,-1.5879476070404053,-1.5365543365478516,-1.4804050922393799,0.0,1.0
114688,112,5,165.87217257036326,168.2,-0.003943923843326047,15.727435183525085,-0.35361163392663003,0.0028252592237549834,0.0293701171875,0.6240026749670505,126.3697961807251,-3.0628066062927246,8.613018989562988,58.669559478759766,45.540382385253906,61.73236846923828,43.91229248046875,0.9642301208831517,1.0500644445419312,415.6949768066406,0.7,1.0,0.0,1.0,0.0,0.0,-0.006933040916919708,0.23028816282749176,0.0,0.20804482698440552,0.23591579496860504,0.2669414281845093,-1.5898113250732422,-1.5369987487792969,-1.4784469604492188,0.0,1.0
115712,113,6,189.68966090272417,160.66666666666666,-0.005189714959124103,28.819368481636047,-0.3565080866217613,0.00620281591109233,0.0500732421875,0.5542194440960884,143.80872955322266,0.603363037109375,12.271027565002441,67.43550109863281,45.77059555053711,66.83213806152344,48.46091079711914,0.9281232015637468,0.9512004852294922,389.0590515136719,0.6,1.0,0.0,1.0,0.0,0.0,-0.0007449731347151101,0.2302878350019455,0.0,0.20758606493473053,0.23486292362213135,0.2673555314540863,-1.5906903743743896,-1.5389971733093262,-1.477675199508667,0.0,1.0
116736,114,8,179.16922702181677,155.0,-0.0038862908608280123,24.372707533836365,-0.3612815484404564,0.0008239215923822485,0.0234130859375,0.5608169682323932,123.90128555297852,2.04777193069458,10.513040542602539,68.88816833496094,43.845340728759766,66.84039306640625,46.409217834472656,0.9425076972096949,1.188106894493103,370.41522216796875,0.65,1.0,0.0,1.0,0.0,0.0,-0.0005372720770537853,0.23043911159038544,0.0,0.20629337430000305,0.2345360368490219,0.26550573110580444,-1.5931681394577026,-1.5396147966384888,-1.4811240434646606,0.0,1.0
117760,115,4,180.26304966834567,162.75,-0.00461385534144938,10.776916554570198,-0.35996411070227624,0.006444081886729691,0.0511474609375,0.5997533366084099,152.41377954483033,-2.321202278137207,7.914625644683838,54.01240539550781,42.233642578125,56.33361053466797,43.99467849731445,0.9648808784298382,1.3917605876922607,530.5530395507812,0.6,1.0,0.0,1.0,0.0,0.0,0.006194019224494696,0.2289414405822754,0.0,0.2068290114402771,0.2354058474302292,0.26583144068717957,-1.5921412706375122,-1.5379618406295776,-1.4805165529251099,0.0,1.0
118784,116,8,169.62966598648407,155.25,-0.00685195931000635,10.20800513625145,-0.3552238404750824,0.005715001716453116,0.0671142578125,0.7061417609453201,63.78356199264526,2.1479573249816895,6.966553688049316,70.68849182128906,39.82950210571289,68.54053497314453,40.855751037597656,0.9694067091309208,1.156025767326355,198.17852783203125,0.875,1.0,0.0,1.0,0.0,0.0,-0.0021597519516944885,0.2350728064775467,0.0,0.20695677399635315,0.2358182668685913,0.26528894901275635,-1.591896414756775,-1.5371633768081665,-1.4815285205841064,0.0,1.0
119808,117,6,190.1998960685079,167.66666666666666,-0.004058503825217485,18.177955412864684,-0.3557069569826126,0.00316469821264036,0.032373046875,0.5423476461321115,121.35468039512634,2.958911418914795,9.962367057800293,64.37255096435547,44.828887939453125,61.413639068603516,46.82901382446289,0.9506133875865315,0.8658521771430969,395.32562255859375,0.625,1.0,0.0,1.0,0.0,0.0,0.01585923694074154,0.22911198437213898,0.0,0.20643651485443115,0.23526476323604584,0.26370200514793396,-1.5928937196731567,-1.5382122993469238,-1.4844902753829956,0.0,1.0
120832,118,6,183.5638193092739,152.83333333333334,-0.003155207459349185,9.711149197816848,-0.3615377642214298,0.003449302563967649,0.0265869140625,0.5620315730571747,52.05341670513153,1.22261643409729,6.279001235961914,66.220458984375,42.26902389526367,64.99783325195312,40.30359649658203,0.9779333350132441,0.949931263923645,131.98989868164062,0.6,1.0,0.0,1.0,0.0,0.0,0.0035639775451272726,0.23277311027050018,0.0,0.2058473378419876,0.23387958109378815,0.2618618607521057,-1.59402334690094,-1.5408350229263306,-1.4879276752471924,0.0,1.0
121856,119,6,185.0343321708781,164.33333333333334,-0.0024983505718410015,6.652712824940681,-0.3661844715476036,0.0030504071328323334,0.0139404296875,0.596563358604908,60.27618029117584,-0.6831108331680298,6.295779705047607,63.192466735839844,44.165470123291016,63.87557601928711,44.60151290893555,0.9796795504667628,0.9564388394355774,246.2349395751953,0.675,1.0,0.0,1.0,0.0,0.0,0.0018774591153487563,0.2298712432384491,0.0,0.2066533863544464,0.23388707637786865,0.26142260432243347,-1.5924779176712036,-1.540786623954773,-1.4887486696243286,0.0,1.0
122880,120,9,169.66221130628827,148.44444444444446,-0.004215551010565833,15.43422058224678,-0.36343532204627993,0.0052125866655842405,0.0338134765625,0.5383407309651375,130.35658731460572,-3.2538986206054688,9.148551940917969,68.18284606933594,45.982948303222656,71.43673706054688,45.26790237426758,0.9604167809144958,1.0133347511291504,384.0821533203125,0.5,1.0,0.0,1.0,0.0,0.0,-0.0010248016333207488,0.23168237507343292,0.0,0.20764558017253876,0.23461918532848358,0.26251521706581116,-1.5905762910842896,-1.5394034385681152,-1.4867067337036133,0.0,1.0
123904,121,6,160.14288222193775,153.83333333333334,-0.0056105377268977465,31.611710715293885,-0.3636906661093235,-0.0001474328528274782,0.040283203125,0.5058217570185661,210.75535821914673,-1.2482166290283203,13.363248825073242,49.40296936035156,47.953731536865234,50.65119171142578,51.112762451171875,0.9223432372019835,0.8163734674453735,833.689697265625,0.4,1.0,0.0,1.0,0.0,0.0,-0.0019409027881920338,0.2311805784702301,0.0,0.20511335134506226,0.2333185225725174,0.26061564683914185,-1.5954310894012451,-1.5418621301651,-1.4902575016021729,0.0,1.0
124928,122,7,157.48892425370062,153.28571428571428,-0.004559143903315998,11.982506993412972,-0.37292054370045663,0.0035373840291867964,0.0385986328125,0.6142868414521218,92.1326229095459,-2.110023021697998,8.683038711547852,53.60079574584961,45.80786895751953,55.7108154296875,47.20009994506836,0.964069497363029,1.0136066675186157,302.208984375,0.7,1.0,0.0,1.0,0.0,0.0,0.000227496653678827,0.23260368406772614,0.0,0.20243766903877258,0.231927752494812,0.2580622732639313,-1.6005661487579346,-1.544524073600769,-1.4950356483459473,0.0,1.0
125952,123,8,166.08171659064044,141.5,-0.003492032957728952,9.656471878290176,-0.3771308697760105,0.004160387464798987,0.0400390625,0.6058023899793625,68.73044085502625,0.1793762445449829,7.471956253051758,60.88191223144531,38.53822326660156,60.70253372192383,41.480430603027344,0.9624088779023935,0.9958813190460205,203.777099609375,0.7,1.0,0.0,1.0,0.0,0.0,-0.004939005244523287,0.23082159459590912,0.0,0.20222175121307373,0.23182855546474457,0.2584337294101715,-1.6009808778762817,-1.5447109937667847,-1.4943400621414185,0.0,1.0
126976,124,7,181.13351668684217,148.28571428571428,-0.003276260761776939,21.987023198604582,-0.37905367836356163,0.003589469024154823,0.0264892578125,0.6153981298208236,167.20837612152098,5.74565315246582,10.294111251831055,58.86528015136719,43.5113639831543,53.119625091552734,49.73991012573242,0.9440278118993023,1.0894023180007935,654.5140380859375,0.75,1.0,0.0,1.0,0.0,0.0,-0.0019089978886768222,0.2297610193490982,0.0,0.201102614402771,0.23106075823307037,0.2574847936630249,-1.6031304597854614,-1.5461586713790894,-1.496117115020752,0.0,1.0
128000,125,4,165.82665679509296,158.5,-0.005144166067475453,20.143694275617598,-0.3837058313190937,0.00644502505165292,0.045849609375,0.6127683557569981,88.10781788825989,0.8304381370544434,9.800926208496094,66.53199768066406,40.05388641357422,65.70155334472656,39.0689697265625,0.9401250852269967,1.108411431312561,259.27178955078125,0.675,1.0,0.0,1.0,0.0,0.0,0.014259546995162964,0.23677906394004822,0.0,0.1989542841911316,0.23041118681430817,0.25867608189582825,-1.607259750366211,-1.547408938407898,-1.4938863515853882,0.0,1.0
129024,126,7,185.38694004458713,162.85714285714286,-0.00410521503072232,13.02272675037384,-0.3845548525452614,0.0038627891219221054,0.03134765625,0.551106034219265,83.3865713596344,0.5492725372314453,8.656189918518066,66.07005310058594,39.03529739379883,65.52078247070312,38.6110725402832,0.9508256597553874,0.9443921446800232,256.04583740234375,0.7,1.0,0.0,1.0,0.0,0.0,0.006446808110922575,0.23652787506580353,0.0,0.19924038648605347,0.2309032678604126,0.25859883427619934,-1.606709599494934,-1.5464752912521362,-1.4940309524536133,0.0,1.0
130048,127,7,168.3671101588639,152.71428571428572,-0.003803316131234169,30.241361784935,-0.3798422574996948,0.000640373675560113,0.0354248046875,0.6195046473294497,113.49274754524231,-0.5260947942733765,11.666790962219238,57.03988265991211,41.32672882080078,57.56597900390625,42.93806457519531,0.920303227726493,1.1457531452178955,271.10821533203125,0.775,1.0,0.0,1.0,0.0,0.0,-0.0065803430043160915,0.23702943325042725,0.0,0.19983462989330292,0.2317485362291336,0.2587517201900482,-1.605567216873169,-1.544880986213684,-1.4937448501586914,0.0,1.0
131072,128,7,164.93201516355765,151.57142857142858,-0.004460990498773754,14.430029803514481,-0.37924789935350417,0.007233394647482782,0.0437744140625,0.5744073741137982,83.46213088035583,1.587873935699463,8.581690788269043,58.81126403808594,44.230140686035156,57.223388671875,46.4421272277832,0.9623548493843874,0.93487948179245,217.29534912109375,0.675,1.0,0.0,1.0,0.0,0.0,0.00874340534210205,0.23373213410377502,0.0,0.19986511766910553,0.23101603984832764,0.257962703704834,-1.60550856590271,-1.5462614297866821,-1.4952220916748047,0.0,1.0
132096,129,8,182.14137434617814,165.125,-0.003510928130708635,9.12824447453022,-0.3864657923579216,0.0025191518201609143,0.02607421875,0.5714796587824822,59.364623880386354,0.09582078456878662,6.997806549072266,55.79121398925781,37.87967300415039,55.69538879394531,38.699954986572266,0.9658719563794725,0.9146518707275391,153.91000366210938,0.65,1.0,0.0,1.0,0.0,0.0,-0.02424474060535431,0.23540492355823517,0.0,0.2010231763124466,0.22924953699111938,0.25374019145965576,-1.603283166885376,-1.5495576858520508,-1.503137469291687,0.0,1.0
133120,130,7,127.14725280708751,125.42857142857143,-0.005173841281794012,9.426022443175317,-0.39416621178388594,0.006509846671542618,0.03701171875,0.546211451292038,75.45217378139496,-2.184006452560425,6.914069652557373,59.05323028564453,40.57661437988281,61.23723602294922,37.6573371887207,0.9709654014256128,0.9604763984680176,233.31297302246094,0.65,1.0,0.0,1.0,0.0,0.0,-0.0275571346282959,0.23483578860759735,0.0,0.20166927576065063,0.22878199815750122,0.255443274974823,-1.6020419597625732,-1.5504635572433472,-1.4999428987503052,0.0,1.0
134144,131,5,155.1678849982104,135.6,-0.004319714329903945,10.966230261325837,-0.39469353258609774,0.002748992570559494,0.0372314453125,0.5767186403274536,89.39925017356873,1.2644953727722168,7.956691741943359,62.372283935546875,40.46896743774414,61.107791900634766,39.52060317993164,0.961343651726796,1.0332647562026978,270.1650085449219,0.55,1.0,0.0,1.0,0.0,0.0,-0.00889043789356947,0.23268301784992218,0.0,0.19939661026000977,0.2286788672208786,0.25709763169288635,-1.6064093112945557,-1.5506795644760132,-1.496842384338379,0.0,1.0
135168,132,8,165.54720300357914,143.25,-0.0030615040508564562,25.211899983882905,-0.3991601474583149,0.002184451135690324,0.027001953125,0.6208208039402962,130.2498019218445,-4.498448848724365,10.175618171691895,53.634437561035156,39.37832260131836,58.13288497924805,38.32278060913086,0.9332260393123069,1.0924468040466309,352.1885986328125,0.775,1.0,0.0,1.0,0.0,0.0,-0.026087092235684395,0.23220713436603546,0.0,0.1991056650876999,0.226970836520195,0.2543385624885559,-1.606968641281128,-1.5539031028747559,-1.5020147562026978,0.0,1.0
136192,133,10,150.57187164532684,132.7,-0.0042472094995900985,10.35256122648716,-0.40774172469973563,0.0034718343522399664,0.028857421875,0.6232143506407738,64.8770670413971,0.0657200813293457,8.05750560760498,60.23670196533203,40.04002380371094,60.17097854614258,43.646854400634766,0.9595039588479951,1.0554989576339722,194.4012908935547,0.725,1.0,0.0,1.0,0.0,0.0,-0.03235340490937233,0.2299850732088089,0.0,0.19802165031433105,0.22610409557819366,0.25439921021461487,-1.609053373336792,-1.555551528930664,-1.5019009113311768,0.0,1.0
137216,134,7,163.4957111848932,154.14285714285714,-0.0055006955517455935,9.321507027745247,-0.4117757722735405,0.00610706649167696,0.052978515625,0.6556740552186966,67.61225123405457,2.054656982421875,7.476744651794434,50.347206115722656,40.98538589477539,48.29255676269531,42.293792724609375,0.9667212466183752,1.224305510520935,191.13768005371094,0.725,1.0,0.0,1.0,0.0,0.0,-0.03427610546350479,0.2270963191986084,0.0,0.19683419167995453,0.22555623948574066,0.2535867691040039,-1.6113381385803223,-1.5566266775131226,-1.5034253597259521,0.0,1.0
138240,135,5,160.73963739587387,134.4,-0.003968078992329538,11.447723919153214,-0.41299291104078295,0.006028150839847512,0.037353515625,0.5931875590234995,69.32085938453675,-3.200655460357666,6.838675022125244,61.35887145996094,40.95558547973633,64.55952453613281,39.54704666137695,0.9721183979467121,1.6314581632614136,166.97682189941406,0.55,1.0,0.0,1.0,0.0,0.0,-0.021559178829193115,0.22981253266334534,0.0,0.197005495429039,0.22551022469997406,0.2528040409088135,-1.6110084056854248,-1.556680679321289,-1.5048946142196655,0.0,1.0
139264,136,8,146.80497186944547,139.125,-0.0037718046572990716,14.065987014770508,-0.4106501892209053,0.004655862276558764,0.0475830078125,0.5818940475583076,83.28841562271118,-3.4416048526763916,7.74857759475708,55.451446533203125,41.65480422973633,58.89305114746094,41.14665222167969,0.9653969955890229,0.9760918021202087,231.37905883789062,0.575,1.0,0.0,1.0,0.0,0.0,-0.023277973756194115,0.23239953815937042,0.0,0.1985706388950348,0.22656260430812836,0.25449928641319275,-1.6079974174499512,-1.5546894073486328,-1.5017132759094238,0.0,1.0
140288,137,9,147.47617190922307,127.44444444444444,-0.003150675824144855,6.9007027596235275,-0.4056988924741745,0.0015523815163760446,0.0322998046875,0.6174288593232632,54.16720089912415,-0.3472495675086975,6.488699436187744,59.13847351074219,38.8714485168457,59.48572540283203,40.844051361083984,0.9721353347950403,1.3024919033050537,152.0856170654297,0.75,1.0,0.0,1.0,0.0,0.0,-0.029190734028816223,0.23873020708560944,0.0,0.1976458877325058,0.22699356079101562,0.2544703483581543,-1.609776258468628,-1.5538735389709473,-1.5017675161361694,0.0,1.0
141312,138,8,139.2505083505322,119.625,-0.004983535734936595,10.935819673538209,-0.40494945272803307,0.004380362266965676,0.0371826171875,0.6725634656846523,62.36202032566071,-2.0881786346435547,6.98953104019165,56.38470458984375,40.186279296875,58.47288513183594,40.3174934387207,0.9697489484456082,1.0447132587432861,170.1752166748047,0.8,1.0,0.0,1.0,0.0,0.0,-0.03139509633183479,0.24345707893371582,0.0,0.19794122874736786,0.2269396036863327,0.2528679370880127,-1.609208106994629,-1.553986668586731,-1.5047746896743774,0.0,1.0
142336,139,7,144.91405085993017,138.71428571428572,-0.00300724912667647,18.481444895267487,-0.40638270750641825,0.001516226261446718,0.0283447265625,0.6342360615730286,77.10400018692016,1.7984874248504639,9.281953811645508,59.55030822753906,39.73476028442383,57.7518196105957,37.662811279296875,0.945432047487524,1.5309176445007324,190.00572204589844,0.55,1.0,0.0,1.0,0.0,0.0,-0.0219753235578537,0.22642329335212708,0.0,0.19656921923160553,0.22639411687850952,0.2530359625816345,-1.6118481159210205,-1.5550270080566406,-1.504459261894226,0.0,1.0
143360,140,7,171.55496824059696,139.28571428571428,-0.004129741038195789,4.629982414841652,-0.4113509237766266,0.0038967387969023547,0.028466796875,0.5826978050172329,46.26296586990357,2.2833900451660156,4.9477972984313965,61.53080368041992,38.76496505737305,59.247413635253906,39.76316833496094,0.9837091031660695,0.9729014039039612,156.14634704589844,0.6,1.0,0.0,1.0,0.0,0.0,-0.03264378383755684,0.23681515455245972,0.0,0.19462817907333374,0.22520726919174194,0.25378912687301636,-1.6155853271484375,-1.5572901964187622,-1.503045678138733,0.0,1.0
144384,141,9,154.51244916312936,131.44444444444446,-0.0037412711884826423,12.003720408678054,-0.41609575748443606,0.0044826212892076,0.0349853515625,0.6466010458767414,58.466356253623964,-1.1241252422332764,7.487119197845459,64.67127990722656,41.379146575927734,65.79541015625,39.37380599975586,0.9672609260481364,1.1155086755752563,241.1524658203125,0.8,1.0,0.0,1.0,0.0,0.0,-0.01925685815513134,0.23341867327690125,0.0,0.19350303709506989,0.22510378062725067,0.2540360391139984,-1.6177529096603394,-1.5574864149093628,-1.502582311630249,0.0,1.0
145408,142,7,154.40850625756792,137.57142857142858,-0.003766531788278371,14.909836083650589,-0.41187201663851736,0.0026146756048547105,0.03125,0.5423459313809872,79.26537084579468,-1.6481637954711914,8.49151611328125,63.00400161743164,43.3786506652832,64.65216064453125,43.75691223144531,0.9616806183428723,1.1612199544906616,232.02728271484375,0.575,1.0,0.0,1.0,0.0,0.0,-0.01029256358742714,0.23429350554943085,0.0,0.1940770000219345,0.22656245529651642,0.25611475110054016,-1.6166470050811768,-1.5547453165054321,-1.4986841678619385,0.0,1.0
146432,143,7,153.49498787218968,135.0,-0.004063404555199668,16.464556708931923,-0.408819655328989,0.00450358213565778,0.04443359375,0.5786541424691677,91.01114749908447,-0.49017828702926636,9.7032470703125,63.18614959716797,37.5046501159668,63.676326751708984,38.95033264160156,0.9330633572704252,1.1170347929000854,275.8556213378906,0.65,1.0,0.0,1.0,0.0,0.0,-0.010866477154195309,0.23180267214775085,0.0,0.19192363321781158,0.22571873664855957,0.2559650242328644,-1.6207972764968872,-1.556382656097412,-1.498964786529541,0.0,1.0
147456,144,8,149.45597626077594,140.125,-0.005360024713445455,5.351029431819915,-0.4159094922244549,0.002403257785772439,0.0447265625,0.6375179886817932,50.44372704029083,-1.4973305463790894,5.21232271194458,58.433135986328125,41.87473678588867,59.93046569824219,41.32423400878906,0.9845061852361288,1.133578896522522,152.839599609375,0.675,1.0,0.0,1.0,0.0,0.0,-0.023869523778557777,0.22910504043102264,0.0,0.19033826887607574,0.22435909509658813,0.25501489639282227,-1.6238548755645752,-1.558971881866455,-1.5007461309432983,0.0,1.0
148480,145,7,171.31145664421646,141.0,-0.003064146765973419,7.948493006825447,-0.42495962157845496,0.0035353400875465014,0.0241455078125,0.5455946527421475,70.81703567504883,5.001651763916016,5.19830846786499,57.49678039550781,38.52547836303711,52.49512481689453,41.20989227294922,0.981793431079877,0.897565484046936,221.7272186279297,0.575,1.0,0.0,1.0,0.0,0.0,-0.017848597839474678,0.22661297023296356,0.0,0.1887941062450409,0.22254441678524017,0.2524358630180359,-1.6268348693847656,-1.5624175071716309,-1.5055859088897705,0.0,1.0
149504,146,6,173.88202440017469,150.83333333333334,-0.002682334900600836,5.781380251049995,-0.43377259448170663,0.003623384449747391,0.021240234375,0.5223204165697097,76.9771035194397,0.26903510093688965,6.412567138671875,54.92934799194336,37.94676971435547,54.660308837890625,39.91954040527344,0.9714428960662763,1.0569432973861694,243.01939392089844,0.5,1.0,0.0,1.0,0.0,0.0,-0.009080029092729092,0.2249951958656311,0.0,0.18745273351669312,0.2214878648519516,0.25031623244285583,-1.6294249296188354,-1.5644125938415527,-1.509568214416504,0.0,1.0
150528,147,8,164.50581883734074,157.625,-0.0039438465202692894,9.527935308218002,-0.4384287789463997,0.0023487026322982275,0.037109375,0.6045008331537247,73.08783195018768,-0.0017052292823791504,7.851589202880859,52.97052764892578,41.96748352050781,52.97222900390625,43.58220291137695,0.9649982856626235,1.0062462091445923,252.0067596435547,0.75,1.0,0.0,1.0,0.0,0.0,-0.015281063504517078,0.22819958627223969,0.0,0.18496541678905487,0.2207787036895752,0.2506200671195984,-1.6342309713363647,-1.5657914876937866,-1.5089970827102661,0.0,1.0
151552,148,5,149.9709203257612,134.4,-0.004515645490027964,6.150875118374825,-0.44166993275284766,0.004297596575634088,0.048583984375,0.6659622773528099,38.901615023612976,1.1188265085220337,5.461689472198486,60.29254150390625,38.18624496459961,59.17371368408203,37.06232452392578,0.9795430848619303,1.1883221864700317,130.4822540283203,0.775,1.0,0.0,1.0,0.0,0.0,-0.002744492143392563,0.2335806041955948,0.0,0.18329469859600067,0.22067998349666595,0.25139927864074707,-1.6374616622924805,-1.56598961353302,-1.5075328350067139,0.0,1.0
152576,149,8,183.0324901994993,156.375,-0.004273880645632744,6.408234903216362,-0.44167632833123205,0.004786325545865111,0.030126953125,0.5986753419041634,51.689621925354004,1.5734193325042725,5.671447277069092,56.680458068847656,36.75566101074219,55.10704040527344,37.49876022338867,0.9761910962890551,0.9301680326461792,251.32070922851562,0.725,1.0,0.0,1.0,0.0,0.0,-0.020690536126494408,0.22753112018108368,0.0,0.1824183464050293,0.22030383348464966,0.25151583552360535,-1.6391569375991821,-1.5666966438293457,-1.5073139667510986,0.0,1.0
153600,150,8,162.52620657641845,146.25,-0.004366282233968377,13.517627328634262,-0.4461042292416096,0.003264767664950341,0.0313232421875,0.6133404709398746,69.00927219390869,3.339886426925659,7.695106506347656,55.448036193847656,39.43376159667969,52.108150482177734,41.32318878173828,0.9619203552871101,1.1626509428024292,181.89918518066406,0.725,1.0,0.0,1.0,0.0,0.0,-0.013687233440577984,0.23038187623023987,0.0,0.1822192370891571,0.21928918361663818,0.25056424736976624,-1.6395422220230103,-1.5686545372009277,-1.5091019868850708,0.0,1.0
154624,151,6,136.86020356458604,142.0,-0.0036460143281146886,17.639404660463335,-0.45262499153614044,0.0008933714212616906,0.0326416015625,0.6298735104501247,99.48901138305663,-1.5970499515533447,8.960246086120605,53.16289138793945,44.10615539550781,54.75994110107422,43.464359283447266,0.9587293334099318,1.2691922187805176,273.8970642089844,0.75,1.0,0.0,1.0,0.0,0.0,-0.014025459997355938,0.24141983687877655,0.0,0.1804811656475067,0.2179357409477234,0.25024867057800293,-1.6429065465927124,-1.5712409019470215,-1.5096951723098755,0.0,1.0
155648,152,5,142.44804712820363,149.8,-0.0038235342130064965,16.70835478901863,-0.45996267572045324,0.004491020368004683,0.025146484375,0.5458910509943962,76.98807654380798,-1.573231816291809,8.052436828613281,63.645233154296875,40.60970687866211,65.21846008300781,37.32167053222656,0.9606816791094656,0.9913943409919739,190.07179260253906,0.625,1.0,0.0,1.0,0.0,0.0,-0.010614965111017227,0.23434145748615265,0.0,0.181634321808815,0.2170659303665161,0.24941980838775635,-1.6406742334365845,-1.5728694200515747,-1.5112535953521729,0.0,1.0
156672,153,8,160.77318376811786,146.875,-0.005847837682813406,8.263884621858598,-0.46045467630028725,0.005084774238639511,0.03701171875,0.6434971854090691,67.62623202800751,0.4368363618850708,7.430167198181152,54.283958435058594,35.920406341552734,53.84712600708008,38.2949104309082,0.9572127216709677,1.0882470607757568,219.5879364013672,0.725,1.0,0.0,1.0,0.0,0.0,-0.025567689910531044,0.23587553203105927,0.0,0.18156090378761292,0.21784859895706177,0.2516132891178131,-1.640816330909729,-1.5714143514633179,-1.5071308612823486,0.0,1.0
157696,154,8,153.34573659178835,140.5,-0.00539570800610818,11.647693729400634,-0.4567582353949547,0.0024433838480035774,0.0365234375,0.4949861213564873,56.73247606754303,0.21839094161987305,7.601871490478516,55.022544860839844,44.45545196533203,54.80415344238281,46.29195785522461,0.970759083981816,0.838833749294281,161.5695037841797,0.4,1.0,0.0,1.0,0.0,0.0,-0.02022481895983219,0.23091183602809906,0.0,0.17918460071086884,0.21774278581142426,0.2514532208442688,-1.64541757106781,-1.5716360807418823,-1.5074315071105957,0.0,1.0
158720,155,8,164.91696850068888,153.875,-0.004888379166368395,11.67345752120018,-0.4598541736602783,0.0015920795805868693,0.0562255859375,0.657983809709549,61.7815580368042,1.075912356376648,7.512772083282471,56.28364562988281,44.81623077392578,55.20772933959961,46.844303131103516,0.9718984856374074,1.043366551399231,170.12420654296875,0.775,1.0,0.0,1.0,0.0,0.0,-0.01677924394607544,0.23724181950092316,0.0,0.1785658299922943,0.2170644849538803,0.24929746985435486,-1.6466163396835327,-1.5729104280471802,-1.5114836692810059,0.0,1.0
159744,156,6,147.09005084223614,130.16666666666666,-0.0039435535320080815,20.817533677816392,-0.45473822206258774,0.002296959930390585,0.030224609375,0.5593000587075949,84.60996174812317,-1.5693422555923462,9.825118064880371,58.4827880859375,35.4648323059082,60.05213165283203,34.21639633178711,0.9232497585446914,1.2999125719070435,255.88015747070312,0.45,1.0,0.0,1.0,0.0,0.0,-0.02574598602950573,0.23498789966106415,0.0,0.1819535195827484,0.22026734054088593,0.2508416473865509,-1.6400564908981323,-1.566793441772461,-1.5085806846618652,0.0,1.0
160768,157,8,157.51078191726248,141.0,-0.004674925177823752,6.346488143503666,-0.43801283463835716,0.005368732931674458,0.0471923828125,0.5352434001863002,63.04558951854706,0.9689373970031738,6.612921714782715,54.99655532836914,35.32380294799805,54.027618408203125,35.56254196166992,0.9649529168513437,1.1406395435333252,201.2125701904297,0.475,1.0,0.0,1.0,0.0,0.0,-0.02705034613609314,0.23194557428359985,0.0,0.1809222549200058,0.2219252735376358,0.2517262101173401,-1.6420525312423706,-1.563653826713562,-1.5069186687469482,0.0,1.0
161792,158,8,148.97855201962693,140.0,-0.00392293055774644,17.093013268709182,-0.42944626584649087,0.003223732659535017,0.0187255859375,0.5580911748111248,86.47059917449951,0.47115036845207214,9.167070388793945,50.892887115478516,37.10736846923828,50.42173767089844,38.27635955810547,0.9389703627022293,1.1575762033462524,283.4310302734375,0.525,1.0,0.0,1.0,0.0,0.0,-0.036501694470644,0.23776869475841522,0.0,0.18285199999809265,0.22354961931705475,0.25315192341804504,-1.6383179426193237,-1.5605788230895996,-1.5042415857315063,0.0,1.0
162816,159,5,138.531897771222,131.4,-0.005024764430709183,5.100057339668274,-0.42444192469120023,0.0031145941116847097,0.0522216796875,0.6436757735908032,46.4525886297226,3.103515386581421,4.908431053161621,60.328773498535156,38.6346435546875,57.22525405883789,38.914737701416016,0.9838589608747343,1.368925929069519,160.38600158691406,0.7,1.0,0.0,1.0,0.0,0.0,-0.023792171850800514,0.2403026968240738,0.0,0.18365991115570068,0.2233658879995346,0.25360676646232605,-1.6367552280426025,-1.5609016418457031,-1.5033879280090332,0.0,1.0
163840,160,9,164.74678676395226,144.33333333333334,-0.003624081832822412,18.61023291349411,-0.4303416691720486,0.00517587619688129,0.024462890625,0.5631167627871037,94.18278603553772,1.3095511198043823,9.755743026733398,52.26890563964844,37.946685791015625,50.9593505859375,39.672664642333984,0.9339043238104303,1.076743483543396,238.47303771972656,0.575,1.0,0.0,1.0,0.0,0.0,-0.04004369676113129,0.23955866694450378,0.0,0.18175864219665527,0.22167785465717316,0.25240346789360046,-1.6404335498809814,-1.564136028289795,-1.5056467056274414,0.0,1.0
164864,161,7,145.07377974651712,147.14285714285714,-0.003082300582900643,7.559083923697472,-0.4355193257331848,0.0018027895028353668,0.0384521484375,0.6141114294528961,53.562877249717715,-0.06416407227516174,6.6126837730407715,59.133949279785156,47.8375129699707,59.19811248779297,48.148162841796875,0.9808918639688365,1.0179909467697144,161.07363891601562,0.7,1.0,0.0,1.0,0.0,0.0,-0.02393362484872341,0.23821882903575897,0.0,0.1808173954486847,0.22203563153743744,0.25378477573394775,-1.6422555446624756,-1.5634503364562988,-1.5030537843704224,0.0,1.0
165888,162,7,168.66478879435363,151.14285714285714,-0.004837843577843159,16.7899540156126,-0.43247331231832503,0.002803817509266082,0.044384765625,0.5443975128233433,82.25796070098878,1.802320957183838,9.21219539642334,55.78915023803711,36.97783279418945,53.98683166503906,36.33392333984375,0.9379354773900983,0.9960813522338867,197.8138885498047,0.625,1.0,0.0,1.0,0.0,0.0,-0.03418031707406044,0.2341313660144806,0.0,0.18137504160404205,0.22246338427066803,0.25323569774627686,-1.6411759853363037,-1.5626572370529175,-1.5040843486785889,0.0,1.0
166912,163,6,172.5170393330462,147.5,-0.004759694694075734,7.201026444137097,-0.4335224531590939,0.004171537222282496,0.0372802734375,0.6410609088838101,76.39678943157196,4.175050258636475,6.095119476318359,54.65534210205078,34.15162658691406,50.480289459228516,36.12778854370117,0.9681476335299273,0.9840940237045288,266.3516540527344,0.7,1.0,0.0,1.0,0.0,0.0,-0.037230465561151505,0.23720961809158325,0.0,0.18020285665988922,0.22135454416275024,0.2527419626712799,-1.6434454917907715,-1.564754605293274,-1.5050112009048462,0.0,1.0
167936,164,8,175.78188643591687,155.75,-0.004088787111686543,10.852957332134247,-0.4355169951915741,0.004424315721553285,0.03349609375,0.546174168586731,76.94405529499053,2.9546546936035156,7.286644458770752,56.31889724731445,40.42758560180664,53.36424255371094,42.196075439453125,0.9675137534437489,1.0789008140563965,253.40054321289062,0.55,1.0,0.0,1.0,0.0,0.0,-0.028482427820563316,0.23290802538394928,0.0,0.1818828135728836,0.22232355177402496,0.255527526140213,-1.640193223953247,-1.562935471534729,-1.4997849464416504,0.0,1.0
168960,165,4,185.26197497391814,156.0,-0.0035542823374271394,6.649265486001968,-0.4284814089536667,0.0026412356994114814,0.016650390625,0.5440045148134232,57.381891465187074,2.880802631378174,5.8789472579956055,63.2859001159668,35.90991973876953,60.40509796142578,38.22042465209961,0.9731978164976628,0.9977096915245056,185.10472106933594,0.55,1.0,0.0,1.0,0.0,0.0,-0.023902377113699913,0.2250605821609497,0.0,0.18642476201057434,0.2234472632408142,0.2575761377811432,-1.6314105987548828,-1.5607476234436035,-1.495945930480957,0.0,1.0
169984,166,8,184.50754086061497,164.0,-0.004588803101796657,9.795673078298568,-0.4221978925168514,0.0021685874817194417,0.0436279296875,0.6378390200436115,54.776582860946654,2.0388259887695312,6.628742694854736,63.72235107421875,45.9252815246582,61.683528900146484,46.668216705322266,0.9791666689236155,1.3127171993255615,177.80197143554688,0.725,1.0,0.0,1.0,0.0,0.0,-0.023183951154351234,0.22870950400829315,0.0,0.18864968419075012,0.22446973621845245,0.259066104888916,-1.627113699913025,-1.558794617652893,-1.4931564331054688,0.0,1.0
171008,167,6,151.9147132412968,134.83333333333334,-0.0044126546126790345,31.95014930963516,-0.4191792793571949,0.004698252548405435,0.040869140625,0.5930841535329818,164.1822124481201,-2.5692214965820312,12.757330894470215,60.89236068725586,42.44427490234375,63.461585998535156,39.67717742919922,0.9096597310799123,1.2322742938995361,429.4241638183594,0.65,1.0,0.0,1.0,0.0,0.0,-0.02886352501809597,0.2341916710138321,0.0,0.18924304842948914,0.22453375160694122,0.25957658886909485,-1.625968337059021,-1.5586638450622559,-1.4922010898590088,0.0,1.0
172032,168,7,181.05823159380407,163.57142857142858,-0.003818480874178931,12.21196928024292,-0.4192019462585449,0.003112765739206225,0.0219970703125,0.5641517981886863,90.15784974098206,3.7859444618225098,7.754653453826904,63.96806335449219,45.62538146972656,60.18212127685547,48.05136489868164,0.9711123806589333,0.9762935042381287,280.7725830078125,0.5,1.0,0.0,1.0,0.0,0.0,-0.028105342760682106,0.23008975386619568,0.0,0.18772846460342407,0.22453518211841583,0.26015859842300415,-1.628892421722412,-1.5586739778518677,-1.491112232208252,0.0,1.0
173056,169,6,195.28791124890782,172.0,-0.003505555831361562,23.64689016342163,-0.42141934409737586,0.002479709390900098,0.0423583984375,0.6092384859919548,76.14392976760864,0.7324987649917603,9.937176704406738,60.58403778076172,37.912200927734375,59.85153579711914,37.417015075683594,0.9312982110334783,1.007379412651062,170.72589111328125,0.675,1.0,0.0,1.0,0.0,0.0,-0.026360681280493736,0.2384144514799118,0.0,0.18728213012218475,0.2235228568315506,0.25948411226272583,-1.6297544240951538,-1.5606255531311035,-1.4923741817474365,0.0,1.0
174080,170,7,182.97153033671188,159.85714285714286,-0.0047027246619109064,9.44427136182785,-0.4294563502073288,0.003652710627648048,0.031103515625,0.5071428336203099,83.72188398838043,0.48266810178756714,7.8397216796875,58.365760803222656,37.74213790893555,57.883094787597656,38.18669128417969,0.9568532287966689,0.7684369683265686,248.8338165283203,0.4,1.0,0.0,1.0,0.0,0.0,-0.037972304970026016,0.23572386801242828,0.0,0.18691712617874146,0.22181762754917145,0.2565839886665344,-1.6304594278335571,-1.563845157623291,-1.4978046417236328,0.0,1.0
175104,171,7,144.3359280977709,141.42857142857142,-0.00408823667676188,9.139725008606911,-0.43578546196222306,0.003831878375785891,0.0380126953125,0.5771187640726566,62.39282927513123,-1.5913759469985962,7.111606121063232,56.15275192260742,40.94578170776367,57.74412536621094,39.89120864868164,0.9698340415251713,0.9917491674423218,212.03550720214844,0.625,1.0,0.0,1.0,0.0,0.0,-0.037384551018476486,0.2341020554304123,0.0,0.18690115213394165,0.22167980670928955,0.25486499071121216,-1.6304903030395508,-1.5640788078308105,-1.5010273456573486,0.0,1.0
176128,172,9,149.04272567449317,131.77777777777777,-0.0032260979642160237,10.79411473274231,-0.43687493428587915,0.0023956132063176483,0.0288818359375,0.5273599945008755,61.57120778560638,-0.5784034729003906,7.7602691650390625,59.87132263183594,39.29084014892578,60.44972610473633,38.68675231933594,0.9609904512457503,0.9955663084983826,198.41758728027344,0.425,1.0,0.0,1.0,0.0,0.0,-0.03317661210894585,0.22869090735912323,0.0,0.18641208112239838,0.22094766795635223,0.2534055709838867,-1.6314351558685303,-1.565461277961731,-1.5037654638290405,0.0,1.0
177152,173,5,175.6244544535627,141.4,-0.005013380030868575,13.923408186435699,-0.442451298981905,0.004147805202228483,0.045068359375,0.6832892179489136,83.65638270378113,0.7605414390563965,9.165765762329102,61.6752815246582,41.48548889160156,60.91474533081055,45.93986892700195,0.9511859257375096,1.5877915620803833,238.2534942626953,0.7,1.0,0.0,1.0,0.0,0.0,-0.03779361769556999,0.2317018210887909,0.0,0.18472830951213837,0.2197280377149582,0.2513282001018524,-1.6346893310546875,-1.567778468132019,-1.5076664686203003,0.0,1.0
178176,174,6,184.28074582982882,155.0,-0.004558812570758164,4.533999472856522,-0.45209083035588266,0.005030487949261442,0.036865234375,0.5541430898010731,38.21391608715057,2.5827155113220215,4.4906463623046875,65.9854736328125,40.67352294921875,63.40276336669922,42.3074836730957,0.9878102710581805,1.2980281114578247,126.33869934082031,0.475,1.0,0.0,1.0,0.0,0.0,-0.02801666222512722,0.2244119644165039,0.0,0.1825685054063797,0.21749858558177948,0.24698099493980408,-1.6388664245605469,-1.5720316171646118,-1.5158426761627197,0.0,1.0
179200,175,8,194.29474935919714,163.375,-0.005985330126713961,7.94370713531971,-0.4598226860165596,0.006566515642043668,0.0647705078125,0.6763777919113636,57.0640584230423,2.100992202758789,6.664247989654541,62.70600891113281,40.869102478027344,60.605018615722656,42.173912048339844,0.9734103782017975,1.0900400876998901,169.59515380859375,0.775,1.0,0.0,1.0,0.0,0.0,-0.033838655799627304,0.2313157021999359,0.0,0.1835922747850418,0.21769939363002777,0.24668246507644653,-1.6368860006332397,-1.5716084241867065,-1.5164047479629517,0.0,1.0
180224,176,7,171.51494798029745,152.57142857142858,-0.004783022479387,6.434527377784252,-0.45904803797602656,0.004386598746350501,0.03876953125,0.6194659315049649,60.88407142162323,-0.3639857769012451,6.492959976196289,61.347442626953125,42.988372802734375,61.71142578125,42.462486267089844,0.9771869467604269,1.229224443435669,216.06710815429688,0.55,1.0,0.0,1.0,0.0,0.0,-0.03623858094215393,0.2278629094362259,0.0,0.18424472212791443,0.21712277829647064,0.246090829372406,-1.6356242895126343,-1.5727081298828125,-1.5175189971923828,0.0,1.0
181248,177,7,179.40513024818932,157.28571428571428,-0.005832187901251018,12.148387292027474,-0.45905430763959887,0.005536275330814533,0.0510498046875,0.6552700713276863,119.22366437911987,2.4990663528442383,8.341975212097168,57.43381118774414,42.364585876464844,54.93474578857422,43.41710662841797,0.961226785436501,1.0447993278503418,378.20416259765625,0.8,1.0,0.0,1.0,0.0,0.0,-0.03455933928489685,0.22555050253868103,0.0,0.18424494564533234,0.2183411717414856,0.24739569425582886,-1.6356239318847656,-1.5704154968261719,-1.5150619745254517,0.0,1.0
182272,178,6,193.08227150171115,163.66666666666666,-0.004302347311750054,9.463184714317322,-0.4559365764260292,0.00406413475429872,0.0358642578125,0.5740417972207069,80.06760959625244,4.975635528564453,6.018526554107666,58.533775329589844,34.11083984375,53.558143615722656,36.341556549072266,0.968868815401845,1.0318995714187622,241.96340942382812,0.6,1.0,0.0,1.0,0.0,0.0,-0.02851906418800354,0.22300899028778076,0.0,0.1821691393852234,0.21734118461608887,0.24738460779190063,-1.639639139175415,-1.5723356008529663,-1.515082836151123,0.0,1.0
183296,179,5,179.42843688136867,167.2,-0.003709733090363443,6.089757321774959,-0.46347688511013985,0.002029327033960726,0.0320068359375,0.5017354547977447,41.11616785526276,-0.8186700344085693,5.72888708114624,64.15948486328125,42.52745056152344,64.97816467285156,40.66464614868164,0.9818531301245836,1.1092232465744019,105.87942504882812,0.35,1.0,0.0,1.0,0.0,0.0,-0.03555876016616821,0.23187695443630219,0.0,0.18126530945301056,0.21635901927947998,0.2458343654870987,-1.6413884162902832,-1.5742079019546509,-1.5180021524429321,0.0,1.0
184320,180,6,183.95076920719228,173.16666666666666,-0.003997903293929994,6.704656866192818,-0.46986020654439925,0.0030334794384543782,0.0232421875,0.6125823505222797,50.95213387012482,-0.95346999168396,6.227204322814941,60.10801315307617,46.62664794921875,61.061485290527344,48.112396240234375,0.9821631648171864,1.1634005308151245,159.23211669921875,0.75,1.0,0.0,1.0,0.0,0.0,-0.03980140760540962,0.23192861676216125,0.0,0.180605947971344,0.21459220349788666,0.24325278401374817,-1.642664909362793,-1.577567458152771,-1.5228683948516846,0.0,1.0
185344,181,7,167.8960472412262,158.0,-0.004085142107214779,4.4504357248544695,-0.48193555176258085,0.004236453793419059,0.033349609375,0.6720841757953167,43.23223605155945,1.3514528274536133,5.351131439208984,58.721256256103516,44.446693420410156,57.36981201171875,44.02418899536133,0.9855051984681366,1.4237655401229858,137.74298095703125,0.875,1.0,0.0,1.0,0.0,0.0,-0.03950562700629234,0.2299678474664688,0.0,0.178712397813797,0.21253925561904907,0.24164453148841858,-1.6463323831558228,-1.5814810991287231,-1.5259029865264893,0.0,1.0
186368,182,7,180.05191180729886,150.14285714285714,-0.0030595995602197947,11.486595404148101,-0.4877611771225929,0.004409124657104258,0.0372802734375,0.6842336155474186,74.94991011619568,1.918919324874878,7.725769519805908,62.00385665893555,43.32630920410156,60.08493423461914,44.94036865234375,0.9682034389006836,1.324355125427246,229.2548065185547,0.775,1.0,0.0,1.0,0.0,0.0,-0.037821464240550995,0.22776667773723602,0.0,0.1783367544412613,0.21280772984027863,0.24431456625461578,-1.6470601558685303,-1.5809935331344604,-1.5208662748336792,0.0,1.0
187392,183,5,186.06331864383955,154.6,-0.004899367986945435,5.6509463921189305,-0.4866039715707302,0.006414045314886607,0.046435546875,0.5598246023058892,44.08297102451324,2.290478229522705,5.350505352020264,71.90023803710938,37.55891036987305,69.60975646972656,39.083412170410156,0.979706191701291,1.180334210395813,124.20600891113281,0.575,1.0,0.0,1.0,0.0,0.0,-0.02838131971657276,0.2284311056137085,0.0,0.1772758513689041,0.2126779705286026,0.24494637548923492,-1.6491162776947021,-1.581236720085144,-1.519675374031067,0.0,1.0
188416,184,6,216.15250335074538,177.5,-0.005726674059405923,7.786599406599999,-0.4849798046052456,0.0033967249997658654,0.05283203125,0.6121578462421894,67.47888588905334,3.2055139541625977,6.683481693267822,75.11151123046875,44.08040237426758,71.90599060058594,46.13222122192383,0.9770112982206857,1.1907397508621216,241.41050720214844,0.725,1.0,0.0,1.0,0.0,0.0,-0.020227110013365746,0.22377000749111176,0.0,0.17617087066173553,0.21337692439556122,0.24641793966293335,-1.6512587070465088,-1.5799528360366821,-1.5169029235839844,0.0,1.0
189440,185,7,178.64337349704593,181.57142857142858,-0.004011869232635945,15.904974043369293,-0.4854635812342167,0.0024135076280799696,0.0349365234375,0.7034873604774475,121.5153944015503,-4.59415340423584,8.186753273010254,56.38460159301758,46.98231506347656,60.9787483215332,45.16696548461914,0.9696363027799915,1.089597225189209,388.1973571777344,0.875,1.0,0.0,1.0,0.0,0.0,-0.023124543949961662,0.23009814321994781,0.0,0.17490482330322266,0.21224118769168854,0.24526770412921906,-1.6537142992019653,-1.5820988416671753,-1.519069790840149,0.0,1.0
190464,186,5,181.6174067220672,163.8,-0.006378796231001615,6.857657665014267,-0.4925680845975876,0.004374136874685064,0.0395751953125,0.6175811216235161,64.19456601142883,-0.24840062856674194,6.725654125213623,63.972862243652344,41.104618072509766,64.22126770019531,41.00047302246094,0.9732275680600445,1.0401122570037842,199.0531463623047,0.775,1.0,0.0,1.0,0.0,0.0,-0.016114288941025734,0.23014916479587555,0.0,0.17478381097316742,0.21134443581104279,0.24511143565177917,-1.6539491415023804,-1.5838197469711304,-1.5193642377853394,0.0,1.0
191488,187,6,174.6844867353084,172.33333333333334,-0.004850234871264547,9.510320457816125,-0.4938778758049011,0.008304034084721934,0.0489501953125,0.6623129293322563,84.67281725406647,-1.4753690958023071,7.398190975189209,71.41493225097656,45.59614944458008,72.89030456542969,43.005470275878906,0.9736734031965214,1.0744253396987915,265.790283203125,0.725,1.0,0.0,1.0,0.0,0.0,-0.021170057356357574,0.2269514799118042,0.0,0.17670774459838867,0.2117268592119217,0.24479113519191742,-1.6502176523208618,-1.58306884765625,-1.5199679136276245,0.0,1.0
192512,188,7,187.07409832273973,174.42857142857142,-0.004559033154509962,21.52800170183182,-0.4914196662604809,0.0030165921823936516,0.0276123046875,0.6032036483287812,135.47734427452087,1.690602421760559,10.797457695007324,63.024169921875,46.40544891357422,61.33356857299805,47.69142150878906,0.9458616439564994,1.1108285188674927,426.4159851074219,0.7,1.0,0.0,1.0,0.0,0.0,-0.013994753360748291,0.2315351963043213,0.0,0.1772654950618744,0.21188396215438843,0.24677231907844543,-1.6491364240646362,-1.5827871561050415,-1.516235589981079,0.0,1.0
193536,189,5,183.5774243392609,160.8,-0.0035265272919787092,12.781022664904594,-0.4890680626034737,0.004451532661914825,0.0339111328125,0.6286208473145962,79.44400136470794,-0.8610097169876099,8.44087028503418,66.83446502685547,42.84578323364258,67.69548034667969,43.564151763916016,0.9611886867062954,1.1580405235290527,200.5034637451172,0.725,1.0,0.0,1.0,0.0,0.0,-0.02642490155994892,0.2331981062889099,0.0,0.17765171825885773,0.21291500329971313,0.24940647184848785,-1.6483877897262573,-1.5808340311050415,-1.5112786293029785,0.0,1.0
194560,190,6,191.9990617662696,162.16666666666666,-0.0036501246970146893,4.968055465817452,-0.48680664747953417,0.005462904735759366,0.031396484375,0.649462565779686,48.11161434650421,1.10684335231781,5.48133659362793,71.25884246826172,41.00472640991211,70.1520004272461,42.661643981933594,0.9821308013358134,1.0277385711669922,161.12574768066406,0.75,1.0,0.0,1.0,0.0,0.0,-0.031773004680871964,0.2282484471797943,0.0,0.17764948308467865,0.21228903532028198,0.24838916957378387,-1.6483920812606812,-1.5820378065109253,-1.5131922960281372,0.0,1.0
195584,191,8,183.50169517950565,164.5,-0.0031972899683751165,8.347311374545097,-0.48850601315498354,0.004115060788171832,0.0337158203125,0.5858657643198967,55.56801671981812,0.869590699672699,6.93592643737793,63.66218566894531,48.36530685424805,62.79259490966797,47.76651382446289,0.9794344164445055,1.1833338737487793,157.65455627441406,0.675,1.0,0.0,1.0,0.0,0.0,-0.03344505652785301,0.22927024960517883,0.0,0.17938020825386047,0.21275775134563446,0.2478974163532257,-1.6450386047363281,-1.5811042785644531,-1.5141175985336304,0.0,1.0
196608,192,6,175.1293936406599,146.66666666666666,-0.005995030998019501,7.351807337999344,-0.48556660711765287,0.006911451526684686,0.0651611328125,0.6978632360696793,54.95832993984222,-1.6734628677368164,6.141599178314209,62.536285400390625,38.09962844848633,64.20974731445312,38.84293746948242,0.9740150832783011,1.3386907577514648,160.26132202148438,0.8,1.0,0.0,1.0,0.0,0.0,-0.016219446435570717,0.23776303231716156,0.0,0.18001201748847961,0.21297042071819305,0.2471325546503067,-1.643815040588379,-1.5806959867477417,-1.5155572891235352,0.0,1.0
197632,193,5,181.35282405415265,167.4,-0.004939173569437116,3.9142440378665926,-0.48351703137159346,0.003977542574284598,0.0406494140625,0.6464774921536446,44.64234273433685,2.440096378326416,4.6662821769714355,54.74814224243164,43.1576042175293,52.30804443359375,44.99979782104492,0.9883096556156123,1.457162857055664,147.4735107421875,0.675,1.0,0.0,1.0,0.0,0.0,-0.01462904829531908,0.22908557951450348,0.0,0.1814483255147934,0.21346671879291534,0.24555496871471405,-1.6410341262817383,-1.5796953439712524,-1.5185284614562988,0.0,1.0
198656,194,6,208.93983335197527,187.83333333333334,-0.005062551703304052,25.15110638141632,-0.4883232280611992,0.0008028611249756068,0.0298095703125,0.6765901379287242,198.39914312362671,2.310056209564209,12.026060104370117,57.95166015625,44.20232009887695,55.64160919189453,52.18266296386719,0.9259787175680357,1.3251348733901978,642.5911254882812,0.8,1.0,0.0,1.0,0.0,0.0,-0.006135859061032534,0.2463742196559906,0.0,0.17599157989025116,0.2107490748167038,0.24395589530467987,-1.6516063213348389,-1.584939956665039,-1.5215425491333008,0.0,1.0
199680,195,6,178.37583799477815,169.0,-0.004017155605833977,10.277707475423814,-0.5007198296487332,0.002237989789864514,0.0474609375,0.6034340336918831,57.17188618183136,0.18261465430259705,7.421319961547852,64.92688751220703,44.12543869018555,64.74427795410156,42.807899475097656,0.9717131713046034,1.0889394283294678,155.26092529296875,0.55,1.0,0.0,1.0,0.0,0.0,-0.016575342044234276,0.23105591535568237,0.0,0.17460745573043823,0.21015433967113495,0.2430836409330368,-1.6542912721633911,-1.586074948310852,-1.523187518119812,0.0,1.0
200704,196,8,188.50144615708848,162.5,-0.00362804785836488,29.808662247657775,-0.5028946444392204,0.002859042496129405,0.03291015625,0.6420320548117161,111.22399597167968,-0.23501724004745483,10.73520278930664,64.60533142089844,44.10432052612305,64.84034729003906,46.47148132324219,0.9407541056444797,0.9613182544708252,460.8291015625,0.75,1.0,0.0,1.0,0.0,0.0,-0.023977501317858696,0.2382611334323883,0.0,0.1742088794708252,0.20955203473567963,0.2413433939218521,-1.655064582824707,-1.5872358083724976,-1.526471495628357,0.0,1.0
201728,197,6,184.15163302611157,166.66666666666666,-0.005343075445853174,16.22696473002434,-0.5039261296391487,0.0049155075015733015,0.0479248046875,0.650835270434618,88.3018889427185,2.2196929454803467,8.696640014648438,51.80760955810547,42.08502960205078,49.587913513183594,43.14994430541992,0.9572980459432602,1.2396570444107056,241.6941680908203,0.725,1.0,0.0,1.0,0.0,0.0,-0.01860859803855419,0.23404663801193237,0.0,0.17562232911586761,0.2101231962442398,0.24308732151985168,-1.65232253074646,-1.5861390829086304,-1.5231804847717285,0.0,1.0
202752,198,5,156.25618750235586,152.2,-0.005653832375537604,13.330897098779678,-0.49936971589922907,0.00531170695903711,0.053662109375,0.6542396925389766,89.77927603721619,0.04825514554977417,8.602371215820312,72.1275405883789,39.85697937011719,72.07928466796875,37.921390533447266,0.9534169878138256,1.22276771068573,262.0647888183594,0.775,1.0,0.0,1.0,0.0,0.0,0.0021860196720808744,0.23485040664672852,0.0,0.17454089224338531,0.21085812151432037,0.2466840147972107,-1.6544203758239746,-1.5847536325454712,-1.5164018869400024,0.0,1.0
203776,199,6,196.55008013119962,164.33333333333334,-0.005113743036054075,9.510897678136825,-0.4946096695959568,0.004347231973952148,0.0500244140625,0.6822278909385204,99.06174869537354,0.11427605152130127,8.10818099975586,71.10478210449219,41.46413040161133,70.99050903320312,39.949668884277344,0.9617614256085066,1.3033347129821777,363.6214904785156,0.825,1.0,0.0,1.0,0.0,0.0,0.004040106665343046,0.23543724417686462,0.0,0.17452137172222137,0.21208332479000092,0.24992342293262482,-1.6544582843780518,-1.582443356513977,-1.5103065967559814,0.0,1.0
204800,200,6,176.68051377173313,158.33333333333334,-0.0031786260806256905,7.975118491053581,-0.4880715049803257,0.003705950119183399,0.022265625,0.6385286256670952,73.91576161384583,-0.3593834638595581,7.480736255645752,67.38897705078125,49.07664489746094,67.74835205078125,47.17341613769531,0.9767651986738642,1.0891753435134888,221.35833740234375,0.75,1.0,0.0,1.0,0.0,0.0,0.004019962158054113,0.2297009378671646,0.0,0.17627377808094025,0.212840735912323,0.2500515580177307,-1.6510591506958008,-1.5809836387634277,-1.5100657939910889,0.0,1.0
