total_env_steps,update,completed_episodes,completed_episode_return_mean,completed_episode_length_mean,actor_policy_loss,critic_loss,entropy,approx_kl,clip_fraction,actor_grad_norm,critic_grad_norm,advantage_raw_mean,advantage_raw_std,value_target_mean,value_target_std,value_prediction_mean_pre,value_prediction_std_pre,explained_variance_pre,actor_grad_norm_max,critic_grad_norm_max,actor_grad_clip_fraction,critic_grad_clip_fraction,value_normalizer_mean,value_normalizer_std,value_normalizer_count,hard_speed_accel_violations,action_mean,action_std,action_saturation_ratio,raw_log_std_min,raw_log_std_mean,raw_log_std_max,clamped_log_std_min,clamped_log_std_mean,clamped_log_std_max,raw_log_std_gt_max_ratio,finite
1024,1,0,,,-0.0030653948662802575,168.02853546142578,-0.24574825465679168,0.003311851456237491,0.0281982421875,0.41352918930351734,59.09305105209351,18.72508430480957,5.102460861206055,18.676353454589844,5.111302375793457,-0.048732347786426544,0.16250014305114746,0.003456498295186683,0.8549728989601135,82.78095245361328,0.275,1.0,0.0,1.0,0.0,0.0,0.03612237423658371,0.21569488942623138,0.0,0.2526109516620636,0.25447434186935425,0.25544384121894836,-1.5052571296691895,-1.5017727613449097,-1.4999418258666992,0.0,1.0
2048,2,7,206.66835261569662,211.71428571428572,-0.0020960866007953883,105.22498626708985,-0.25017882883548737,0.0016273553716018795,0.0108154296875,0.4770673431456089,37.008507871627806,9.922779083251953,11.702286720275879,11.551311492919922,11.26373291015625,1.6285319328308105,2.2133867740631104,-0.07938599400787871,0.7433347105979919,52.719364166259766,0.4,1.0,0.0,1.0,0.0,0.0,0.03601236641407013,0.21846044063568115,0.0,0.25170382857322693,0.2539009153842926,0.25499314069747925,-1.5069607496261597,-1.5028523206710815,-1.5007870197296143,0.0,1.0
3072,3,1,327.6017207894054,321.0,-0.00453428418841213,131.37001247406005,-0.2541798911988735,0.00391179554280825,0.0188232421875,0.43385319598019123,88.28656482696533,16.14532470703125,8.257621765136719,18.41672706604004,7.718467712402344,2.271404266357422,2.9120595455169678,-0.1445844426481484,0.8425825238227844,104.06874084472656,0.275,1.0,0.0,1.0,0.0,0.0,0.042231183499097824,0.21634437143802643,0.0,0.2520048916339874,0.25295522809028625,0.25415417551994324,-1.5063953399658203,-1.5045933723449707,-1.5023607015609741,0.0,1.0
4096,4,6,240.6061152791966,226.16666666666666,-0.003013513202313334,99.81976203918457,-0.2567287914454937,0.0018135773367248475,0.01689453125,0.37757683619856836,86.12837162017823,13.042671203613281,9.791749000549316,16.203088760375977,9.842185020446777,3.1604175567626953,3.8213346004486084,0.010222636764920301,0.6377343535423279,95.15862274169922,0.2,1.0,0.0,1.0,0.0,0.0,0.05520458146929741,0.2183949500322342,0.0,0.2523716688156128,0.25325486063957214,0.25457608699798584,-1.5057064294815063,-1.5040539503097534,-1.501569151878357,0.0,1.0
5120,5,4,310.7724032892596,255.0,-0.0040307312970981005,96.25808506011963,-0.2554985374212265,0.004844606791448314,0.042138671875,0.5703096322715282,104.64203281402588,15.367470741271973,6.2286787033081055,19.308391571044922,7.599339008331299,3.940922737121582,3.528916358947754,0.3281996773534568,0.9332970380783081,129.47598266601562,0.65,1.0,0.0,1.0,0.0,0.0,0.05094362422823906,0.21920697391033173,0.0,0.2512139678001404,0.2530162036418915,0.2558290362358093,-1.5078810453414917,-1.5044840574264526,-1.4992196559906006,0.0,1.0
6144,6,6,228.41436220264822,210.16666666666666,-0.004325293569127098,115.03299121856689,-0.2555364049971104,0.0041917370981536806,0.0335205078125,0.424425246566534,115.84539470672607,14.036617279052734,10.168174743652344,20.657678604125977,12.468631744384766,6.621060848236084,6.588898181915283,0.3349590185303023,0.7789918184280396,134.43699645996094,0.3,1.0,0.0,1.0,0.0,0.0,0.06263475865125656,0.21547798812389374,0.0,0.25053709745407104,0.25366219878196716,0.2565575838088989,-1.5091530084609985,-1.5032844543457031,-1.497854232788086,0.0,1.0
7168,7,6,211.35251221611625,201.83333333333334,-0.0044446154381148515,81.12757053375245,-0.2521239869296551,0.0031168217668891885,0.03681640625,0.5193242400884628,71.09393367767333,9.310102462768555,11.604938507080078,13.989084243774414,14.987201690673828,4.678981304168701,9.753500938415527,0.40042348559456553,0.9598258137702942,86.51419830322266,0.475,1.0,0.0,1.0,0.0,0.0,0.052512068301439285,0.21896839141845703,0.0,0.25164875388145447,0.2538314461708069,0.2561836242675781,-1.5070642232894897,-1.5029468536376953,-1.4985549449920654,0.0,1.0
8192,8,4,137.79599036218985,157.25,-0.0044114184333011505,83.62881956100463,-0.2507162019610405,0.007880192830634769,0.0491455078125,0.4730215147137642,107.17191886901855,11.803553581237793,10.113308906555176,20.274227142333984,13.146141052246094,8.470673561096191,7.722169399261475,0.408179533224055,0.8529756665229797,154.7196807861328,0.375,1.0,0.0,1.0,0.0,0.0,0.04916028305888176,0.21888118982315063,0.0,0.2522096037864685,0.2543332278728485,0.2567945420742035,-1.5060107707977295,-1.502022624015808,-1.4974101781845093,0.0,1.0
9216,9,6,207.436655933648,196.0,-0.004611699027009308,94.293381690979,-0.24781659990549088,0.0030540373380063103,0.0494873046875,0.5297317486256361,114.34296741485596,13.42397689819336,7.826105117797852,23.122695922851562,14.282698631286621,9.69871997833252,10.235595703125,0.6997584455002808,0.8842992782592773,133.61264038085938,0.525,1.0,0.0,1.0,0.0,0.0,0.058602213859558105,0.2203490287065506,0.0,0.25322553515434265,0.254938006401062,0.25747865438461304,-1.504103422164917,-1.500909686088562,-1.4961285591125488,0.0,1.0
10240,10,3,182.74315341447974,204.0,-0.004038006986957043,73.43208494186402,-0.2448104739189148,0.003155196456646081,0.050927734375,0.4779187522828579,98.53352966308594,11.15921688079834,9.678252220153809,16.932851791381836,17.716917037963867,5.7736358642578125,12.905895233154297,0.7015871037628731,1.065861463546753,170.02108764648438,0.375,1.0,0.0,1.0,0.0,0.0,0.04503064230084419,0.22495345771312714,0.0,0.2518005073070526,0.25520843267440796,0.258283793926239,-1.5067791938781738,-1.500382900238037,-1.4946208000183105,0.0,1.0
11264,11,4,312.4807499796066,291.5,-0.004037260735640302,82.80434818267823,-0.24201940074563028,0.00217590832762653,0.0216552734375,0.4040837850421667,125.44845943450927,12.922825813293457,8.653820037841797,20.486927032470703,18.44535255432129,7.564101219177246,13.875762939453125,0.7798889286981087,0.7835602164268494,270.27294921875,0.25,1.0,0.0,1.0,0.0,0.0,0.04122018441557884,0.22733940184116364,0.0,0.25047528743743896,0.25626662373542786,0.26124143600463867,-1.5092692375183105,-1.4984030723571777,-1.4890873432159424,0.0,1.0
12288,12,6,262.5854294778824,246.83333333333334,-0.0034195141633972526,71.65463256835938,-0.23938488364219665,0.004024821390339639,0.0333984375,0.46678674444556234,99.51340618133545,8.538504600524902,11.286733627319336,15.49003791809082,19.745803833007812,6.951533794403076,16.007654190063477,0.6732715765294548,0.7764567732810974,187.0568084716797,0.4,1.0,0.0,1.0,0.0,0.0,0.04688659682869911,0.22460351884365082,0.0,0.2483217567205429,0.2555122971534729,0.2607727348804474,-1.5133191347122192,-1.4998430013656616,-1.4899637699127197,0.0,1.0
13312,13,2,248.79824713541808,255.5,-0.004854307323694229,79.78526468276978,-0.24789588525891304,0.003479375880851876,0.036572265625,0.47211168631911277,111.15430145263672,11.668627738952637,8.142245292663574,25.580764770507812,18.79007911682129,13.912137031555176,14.491866111755371,0.8122278513797306,0.9209665060043335,153.9636993408203,0.35,1.0,0.0,1.0,0.0,0.0,0.038125041872262955,0.2229580134153366,0.0,0.24799539148807526,0.25357913970947266,0.25725096464157104,-1.5139331817626953,-1.5034594535827637,-1.4965550899505615,0.0,1.0
14336,14,6,220.26046402105646,220.33333333333334,-0.004166882555000484,64.92300271987915,-0.2546934887766838,0.004002566455164924,0.033251953125,0.475431689620018,95.83824157714844,10.058144569396973,8.041556358337402,26.165969848632812,17.554603576660156,16.107826232910156,13.061503410339355,0.7901552414601496,1.0239415168762207,158.0417938232422,0.375,1.0,0.0,1.0,0.0,0.0,0.03823763504624367,0.22461864352226257,0.0,0.24864880740642548,0.2533579468727112,0.25635090470314026,-1.512703776359558,-1.5038501024246216,-1.4982414245605469,0.0,1.0
15360,15,4,194.94052533510603,195.75,-0.00461305730859749,99.39252014160157,-0.2557214178144932,0.004250090835557785,0.0337158203125,0.48739169649779795,114.69205265045166,10.84684944152832,11.051114082336426,31.160127639770508,18.928119659423828,20.313278198242188,12.709020614624023,0.6591234429820478,0.8552685976028442,151.3701171875,0.475,1.0,0.0,1.0,0.0,0.0,0.04141213372349739,0.21946576237678528,0.0,0.24995708465576172,0.25295111536979675,0.25582459568977356,-1.5102434158325195,-1.5046108961105347,-1.4992280006408691,0.0,1.0
16384,16,7,221.59730012235988,220.0,-0.005112166365142912,54.14841156005859,-0.25629230961203575,0.005868188750173431,0.0461669921875,0.4563250090926886,73.91670961380005,5.856961250305176,10.324799537658691,21.377376556396484,22.910202026367188,15.520414352416992,18.439918518066406,0.7969021317338298,0.8646594285964966,147.3573455810547,0.375,1.0,0.0,1.0,0.0,0.0,0.04586539790034294,0.22216928005218506,0.0,0.2520483136177063,0.2534729242324829,0.254210889339447,-1.506313681602478,-1.503659725189209,-1.5022542476654053,0.0,1.0
17408,17,2,177.9162494651872,211.0,-0.0021137328410986813,76.41442947387695,-0.2559940695762634,0.00199965980136767,0.0147705078125,0.4886179715394974,105.61580657958984,9.479738235473633,10.114480018615723,28.203832626342773,23.786897659301758,18.724096298217773,19.261234283447266,0.8191945492312152,0.8329257369041443,148.91305541992188,0.425,1.0,0.0,1.0,0.0,0.0,0.0432128943502903,0.21994587779045105,0.0,0.24934931099414825,0.2524963319301605,0.2550680935382843,-1.5113861560821533,-1.5054926872253418,-1.5006463527679443,0.0,1.0
18432,18,5,229.2212496446923,239.4,-0.0038267609663307665,56.76074695587158,-0.2604279927909374,0.005014449467125814,0.0311279296875,0.4479900408536196,92.60457544326782,8.823417663574219,8.57005786895752,22.542266845703125,24.507970809936523,13.718850135803223,21.95720100402832,0.8777207367768751,0.7453364729881287,205.8272705078125,0.35,1.0,0.0,1.0,0.0,0.0,0.03999242186546326,0.22307570278644562,0.0,0.25088247656822205,0.2524464428424835,0.2534748613834381,-1.5085039138793945,-1.5055556297302246,-1.5036354064941406,0.0,1.0
19456,19,6,196.52239734699387,198.16666666666666,-0.004704516351921484,72.51514234542847,-0.256565997749567,0.004029628263378981,0.032568359375,0.4745560768991709,88.10266723632813,8.798155784606934,10.263530731201172,25.53730010986328,28.07124137878418,16.739145278930664,24.06134033203125,0.8663188242916686,0.7668169140815735,136.32888793945312,0.475,1.0,0.0,1.0,0.0,0.0,0.05765676498413086,0.22109244763851166,0.0,0.25167128443717957,0.25379857420921326,0.25677546858787537,-1.5070219039916992,-1.5030479431152344,-1.497445821762085,0.0,1.0
20480,20,5,191.5183253111495,175.6,-0.005003514938289299,51.94458999633789,-0.24999194890260695,0.004792184820689727,0.04140625,0.4867040939629078,83.8813684463501,8.197481155395508,7.491627216339111,33.428504943847656,21.88268280029297,25.23102569580078,17.987173080444336,0.8827936268400709,0.8874089121818542,115.06189727783203,0.45,1.0,0.0,1.0,0.0,0.0,0.05827893689274788,0.2170761376619339,0.0,0.25193387269973755,0.25447434186935425,0.2588355839252472,-1.506528615951538,-1.5017770528793335,-1.4935877323150635,0.0,1.0
21504,21,7,167.02165232476486,170.85714285714286,-0.004699188412632793,71.22114553451539,-0.2501316398382187,0.004290633818891365,0.0364501953125,0.43386718071997166,94.41153898239136,9.549345016479492,9.050978660583496,30.749481201171875,25.652606964111328,21.200136184692383,24.237144470214844,0.8755118422508771,1.0571956634521484,193.03701782226562,0.3,1.0,0.0,1.0,0.0,0.0,0.057220298796892166,0.2228907197713852,0.0,0.2498304843902588,0.25383123755455017,0.26038283109664917,-1.510481357574463,-1.5029557943344116,-1.4906928539276123,0.0,1.0
22528,22,4,204.83361642791232,206.0,-0.0034918599529191853,64.98141298294067,-0.24986323416233064,0.0032981443058815786,0.0251953125,0.4107636842876673,95.65402431488037,7.107846260070801,10.98271656036377,26.41843032836914,27.40944480895996,19.310585021972656,26.302814483642578,0.8394467518758546,0.71962571144104,233.82455444335938,0.2,1.0,0.0,1.0,0.0,0.0,0.06206443905830383,0.22107617557048798,0.0,0.2506832778453827,0.2548777461051941,0.2614994943141937,-1.5088783502578735,-1.5010262727737427,-1.48860502243042,0.0,1.0
23552,23,6,220.79976024140868,213.0,-0.0044083224725909535,69.61776304244995,-0.2465137630701065,0.0050217580734170045,0.0317138671875,0.4397409312427044,93.22607154846192,8.36053466796875,10.79538345336914,27.74307632446289,28.49944305419922,19.382543563842773,28.127201080322266,0.856516033454559,0.9520858526229858,175.45071411132812,0.275,1.0,0.0,1.0,0.0,0.0,0.05428002402186394,0.22204308211803436,0.0,0.2485470473766327,0.2546173632144928,0.2624509930610657,-1.5128952264785767,-1.5015183687210083,-1.486826777458191,0.0,1.0
24576,24,6,182.89692260706872,173.33333333333334,-0.004122277372516692,69.77059516906738,-0.24924156367778777,0.0034835774553357624,0.02685546875,0.43673932179808617,67.23522233963013,8.22804069519043,9.592018127441406,33.59504699707031,28.285329818725586,25.36700439453125,26.999298095703125,0.8850000942460883,0.7780408263206482,92.54864501953125,0.25,1.0,0.0,1.0,0.0,0.0,0.05353637412190437,0.22296608984470367,0.0,0.2476148009300232,0.25423166155815125,0.2634046673774719,-1.514649510383606,-1.5022403001785278,-1.4850454330444336,0.0,1.0
25600,25,6,160.05338309114958,164.0,-0.0034217590000480413,111.92626914978027,-0.2522348575294018,0.008119559173064773,0.04609375,0.5039214339107275,96.83826494216919,4.773603439331055,15.997160911560059,38.07046890258789,25.07832908630371,33.29686737060547,20.17607307434082,0.5930991161580588,1.079406976699829,148.7255401611328,0.475,1.0,0.0,1.0,0.0,0.0,0.04777641221880913,0.21982444822788239,0.0,0.24421991407871246,0.2532769739627838,0.26410582661628723,-1.5210447311401367,-1.5040230751037598,-1.483736276626587,0.0,1.0
26624,26,4,209.5741708123125,199.0,-0.004171564738499001,59.7043550491333,-0.25777019932866096,0.004376536660129204,0.031591796875,0.4149378128349781,111.57839736938476,9.397725105285645,7.740671157836914,35.059566497802734,26.149456024169922,25.661840438842773,24.269649505615234,0.9123742118175909,0.7744019627571106,224.2218475341797,0.275,1.0,0.0,1.0,0.0,0.0,0.064506895840168,0.2206640988588333,0.0,0.24346819519996643,0.25246313214302063,0.2631281912326813,-1.5224621295928955,-1.5055522918701172,-1.4855618476867676,0.0,1.0
27648,27,7,242.1765828132599,204.85714285714286,-0.006299716664943844,63.0249641418457,-0.2608866974711418,0.002419380693754647,0.0404296875,0.4550974939018488,103.2316143989563,7.980460166931152,11.259624481201172,31.405166625976562,28.46493911743164,23.424705505371094,30.326234817504883,0.8435313778112227,0.7329311966896057,200.2426300048828,0.425,1.0,0.0,1.0,0.0,0.0,0.06469762325286865,0.22419194877147675,0.0,0.24192017316818237,0.25194796919822693,0.26313215494155884,-1.5253827571868896,-1.5065503120422363,-1.4855544567108154,0.0,1.0
28672,28,7,152.67626206126894,151.42857142857142,-0.0038517189968843013,78.87940864562988,-0.2638151943683624,0.006870330391393509,0.0410400390625,0.4835890684276819,101.8646026611328,4.857116222381592,13.778735160827637,38.91419219970703,27.068496704101562,34.05707931518555,23.122833251953125,0.7408862398852365,0.794438898563385,160.65225219726562,0.425,1.0,0.0,1.0,0.0,0.0,0.06932440400123596,0.22164565324783325,0.0,0.24067629873752594,0.251790314912796,0.2649705410003662,-1.52773118019104,-1.5068472623825073,-1.482122540473938,0.0,1.0
29696,29,7,177.7033134961284,156.71428571428572,-0.0048496828647330405,39.68441910743714,-0.26236710995435714,0.004237431190267671,0.0479736328125,0.5704035639762879,75.84444446563721,3.703421115875244,9.729740142822266,38.434173583984375,22.347007751464844,34.730751037597656,19.022144317626953,0.8104325692050287,0.8836801648139954,167.1674346923828,0.625,1.0,0.0,1.0,0.0,0.0,0.07467067241668701,0.22481447458267212,0.0,0.2408779412508011,0.25228002667427063,0.2638203203678131,-1.5273503065109253,-1.505907654762268,-1.484269380569458,0.0,1.0
30720,30,7,133.18441875473258,138.0,-0.0041400759830139576,69.27292413711548,-0.26009844467043874,0.007081649363681208,0.0529541015625,0.5588989578187465,80.51760482788086,3.2257652282714844,13.040914535522461,31.615285873413086,33.95156478881836,28.3895206451416,31.496143341064453,0.8524644813121713,1.305166244506836,298.2824401855469,0.55,1.0,0.0,1.0,0.0,0.0,0.07925131171941757,0.22462098300457,0.0,0.24353228509426117,0.2525022327899933,0.26135730743408203,-1.522341251373291,-1.505494475364685,-1.4888707399368286,0.0,1.0
31744,31,7,131.6718319239794,144.57142857142858,-0.003286403208039701,48.931727457046506,-0.2564136505126953,0.0011304850675514899,0.0276611328125,0.4644301198422909,87.6038932800293,3.816256046295166,11.754866600036621,29.355548858642578,30.72398567199707,25.539295196533203,31.73394012451172,0.8536204962052123,0.8515799045562744,225.9047393798828,0.375,1.0,0.0,1.0,0.0,0.0,0.08623957633972168,0.21969380974769592,0.0,0.24380944669246674,0.2537180483341217,0.26309946179389954,-1.5218186378479004,-1.5032248497009277,-1.4856154918670654,0.0,1.0
32768,32,7,137.267515681956,134.28571428571428,-0.002550938568310812,38.97495536804199,-0.2505122356116772,0.003779563936404884,0.020166015625,0.4763887818902731,68.64102439880371,3.631833076477051,10.088311195373535,34.66706848144531,29.240928649902344,31.035236358642578,27.293506622314453,0.880970511498512,0.760367751121521,144.43031311035156,0.5,1.0,0.0,1.0,0.0,0.0,0.07736992090940475,0.22462718188762665,0.0,0.2427373081445694,0.2545556426048279,0.26691657304763794,-1.5238409042358398,-1.5016671419143677,-1.4784932136535645,0.0,1.0
33792,33,8,158.5712250981896,147.125,-0.003400012681959197,50.69747409820557,-0.2515942871570587,0.003114088079018984,0.02900390625,0.43845249973237516,69.4023042678833,5.746196269989014,10.264677047729492,36.09275817871094,28.46145248413086,30.346561431884766,28.25477409362793,0.8699302277990795,0.7877504229545593,141.942626953125,0.275,1.0,0.0,1.0,0.0,0.0,0.07064031809568405,0.2206447571516037,0.0,0.2380572408437729,0.25293096899986267,0.2667137384414673,-1.5326802730560303,-1.5047110319137573,-1.4788713455200195,0.0,1.0
34816,34,4,164.20812018780381,149.0,-0.004367780627217144,25.579156589508056,-0.2610363192856312,0.002689175136038102,0.0322265625,0.4809909775853157,53.40175170898438,4.726247310638428,7.005431652069092,31.896404266357422,28.104917526245117,27.1701602935791,28.294809341430664,0.9378694604272433,0.9702571034431458,143.3068084716797,0.4,1.0,0.0,1.0,0.0,0.0,0.08549028635025024,0.22537627816200256,0.0,0.23424838483333588,0.25154757499694824,0.2654569447040558,-1.5398883819580078,-1.5073214769363403,-1.481215000152588,0.0,1.0
35840,35,7,184.14196307985634,163.57142857142858,-0.004627521574730053,38.085459518432614,-0.26838836818933487,0.0031980625528376548,0.032275390625,0.49150391593575476,83.55813617706299,7.890521049499512,7.794493675231934,42.270103454589844,25.33941078186035,34.379581451416016,26.443876266479492,0.9053800225150215,0.7670093774795532,202.17303466796875,0.5,1.0,0.0,1.0,0.0,0.0,0.08026041835546494,0.22335636615753174,0.0,0.2339712530374527,0.25054267048835754,0.2645815312862396,-1.5404133796691895,-1.5092387199401855,-1.4828484058380127,0.0,1.0
36864,36,6,173.8046819878264,160.16666666666666,-0.0032609084504656495,39.473444604873656,-0.2728725217282772,0.005275894119404256,0.02529296875,0.41980043463408945,67.49795937538147,5.219060897827148,9.55273151397705,33.27540588378906,28.730018615722656,28.05634307861328,28.44548797607422,0.8894437313639842,0.788398027420044,181.791015625,0.225,1.0,0.0,1.0,0.0,0.0,0.0726284384727478,0.21940912306308746,0.0,0.23369215428829193,0.24973000586032867,0.26476144790649414,-1.5409420728683472,-1.5107606649398804,-1.4825127124786377,0.0,1.0
37888,37,8,158.16432433155785,143.5,-0.0044307257630862296,33.64521098136902,-0.27745695859193803,0.006702178332488984,0.0443359375,0.5734536290168762,54.48869123458862,5.186236381530762,7.912440299987793,43.601348876953125,25.90979766845703,38.41510772705078,23.630718231201172,0.9067405606382172,1.0010101795196533,73.00729370117188,0.675,1.0,0.0,1.0,0.0,0.0,0.07456788420677185,0.22183997929096222,0.0,0.23312748968601227,0.2489437609910965,0.2650778591632843,-1.542012095451355,-1.5122119188308716,-1.4819222688674927,0.0,1.0
38912,38,6,165.54795181235846,168.66666666666666,-0.002745061763562262,37.115428352355956,-0.2774168774485588,0.002890496603504289,0.016796875,0.46853778772056104,63.69669189453125,4.707139492034912,9.745428085327148,37.049354553222656,31.702659606933594,32.34221649169922,30.333545684814453,0.9055046424639042,0.7591904997825623,137.86627197265625,0.375,1.0,0.0,1.0,0.0,0.0,0.057144444435834885,0.22441954910755157,0.0,0.2326062172651291,0.24994055926799774,0.264476478099823,-1.5430001020431519,-1.510341763496399,-1.4830445051193237,0.0,1.0
39936,39,8,169.99358782186556,155.5,-0.0035751167801208795,28.021572303771972,-0.27732777297496797,0.00235099331184756,0.0220458984375,0.4328549329191446,56.23945779800415,3.414522886276245,8.499165534973145,44.490570068359375,26.101682662963867,41.0760498046875,22.547203063964844,0.893973237115598,0.7554289698600769,119.95326232910156,0.25,1.0,0.0,1.0,0.0,0.0,0.05911077931523323,0.22323313355445862,0.0,0.2320561558008194,0.24852971732616425,0.2616879642009735,-1.5440428256988525,-1.513010859489441,-1.4882526397705078,0.0,1.0
40960,40,6,174.73565164932722,164.66666666666666,-0.005222225293982774,30.36799826622009,-0.28704759404063224,0.004193011550523806,0.0475830078125,0.45420274920761583,75.77780561447143,3.649437189102173,9.845130920410156,31.71567726135254,28.185745239257812,28.066242218017578,29.873685836791992,0.8779932071187241,0.8724859356880188,164.4348907470703,0.375,1.0,0.0,1.0,0.0,0.0,0.05923730134963989,0.22657737135887146,0.0,0.23056147992610931,0.24676573276519775,0.26047077775001526,-1.5468778610229492,-1.516311764717102,-1.4905283451080322,0.0,1.0
41984,41,8,179.40335716966075,151.125,-0.0028242374770343303,17.31831305027008,-0.2949389688670635,0.002054299955489114,0.016552734375,0.5222687818109989,40.58228607177735,2.797180414199829,6.333001613616943,48.131195068359375,22.90558433532715,45.334014892578125,20.045303344726562,0.9235572429269432,0.979038417339325,63.823482513427734,0.45,1.0,0.0,1.0,0.0,0.0,0.06637156009674072,0.2288326919078827,0.0,0.23094090819358826,0.24587170779705048,0.2594982385635376,-1.546157956123352,-1.5179826021194458,-1.4923477172851562,0.0,1.0
43008,42,6,139.81018144352493,131.5,-0.004158118506893516,21.535313725471497,-0.2990072973072529,0.005318634024297353,0.045556640625,0.4855952221900225,58.55216851234436,1.8051954507827759,8.391337394714355,41.25733947753906,28.67041778564453,39.45214080810547,26.064327239990234,0.9143367883464583,0.8994606733322144,146.03970336914062,0.475,1.0,0.0,1.0,0.0,0.0,0.059416159987449646,0.2260102778673172,0.0,0.23202942311763763,0.2452799528837204,0.25898948311805725,-1.5440936088562012,-1.519101619720459,-1.4932997226715088,0.0,1.0
44032,43,9,144.40616128821776,136.0,-0.004119755805004388,23.180037832260133,-0.30006613954901695,0.0044651670614257455,0.039501953125,0.4729994248598814,58.32650456428528,1.5931609869003296,8.546917915344238,47.6116943359375,26.96882438659668,46.018531799316406,23.974571228027344,0.8995626935184668,0.986289381980896,135.14605712890625,0.325,1.0,0.0,1.0,0.0,0.0,0.062060341238975525,0.22107373178005219,0.0,0.23369872570037842,0.24552269279956818,0.2607426941394806,-1.5409296751022339,-1.5186575651168823,-1.4900197982788086,0.0,1.0
45056,44,6,146.05944258311834,132.5,-0.003680777526460588,18.73123881816864,-0.2988517388701439,0.0011906226849532687,0.0271728515625,0.47141826450824736,50.60677099227905,2.0842573642730713,7.32460880279541,47.35802459716797,28.411184310913086,45.273765563964844,25.78980255126953,0.9335354361996543,0.8684465289115906,102.82264709472656,0.375,1.0,0.0,1.0,0.0,0.0,0.07043252140283585,0.22336970269680023,0.0,0.23267079889774323,0.2456120401620865,0.26176413893699646,-1.5428776741027832,-1.518466830253601,-1.4881103038787842,0.0,1.0
46080,45,5,165.5822784012006,150.6,-0.003974340413697064,23.146393752098085,-0.29917966201901436,0.0028039465745678172,0.0302734375,0.46240539066493513,62.40836210250855,4.507436752319336,7.792446613311768,45.36735916137695,32.56776809692383,40.85992431640625,32.56496810913086,0.9427505032196407,0.8901805281639099,145.69630432128906,0.425,1.0,0.0,1.0,0.0,0.0,0.06571794301271439,0.2244819551706314,0.0,0.2309446483850479,0.2453020066022873,0.26040855050086975,-1.5461509227752686,-1.5190626382827759,-1.4906446933746338,0.0,1.0
47104,46,8,181.1402827029696,154.625,-0.0061605834518559275,27.95546426773071,-0.29790986329317093,0.0052490721587673764,0.0349609375,0.4745571069419384,106.83132066726685,0.27464812994003296,11.029753684997559,50.343841552734375,28.37539291381836,50.06919479370117,26.193056106567383,0.8489057965995058,0.8846350908279419,324.9705810546875,0.4,1.0,0.0,1.0,0.0,0.0,0.07166298478841782,0.2234644889831543,0.0,0.2317533940076828,0.2465277463197708,0.261995792388916,-1.544616937637329,-1.5167478322982788,-1.4876773357391357,0.0,1.0
48128,47,8,136.10605539417801,149.125,-0.004576991382054985,29.505862402915955,-0.29494641795754434,0.00397194371180376,0.035888671875,0.5255894176661968,71.04937043190003,0.6405078768730164,10.228769302368164,37.116512298583984,34.91230392456055,36.47600555419922,34.145381927490234,0.9141599839009568,0.8909093737602234,192.78228759765625,0.525,1.0,0.0,1.0,0.0,0.0,0.06738322973251343,0.2249477058649063,0.0,0.22941109538078308,0.2456054538488388,0.26318252086639404,-1.5490610599517822,-1.5185203552246094,-1.4854602813720703,0.0,1.0
49152,48,7,159.03241549383046,136.42857142857142,-0.0033336651045829057,20.151600646972657,-0.29808258786797526,0.003233409246604424,0.03466796875,0.4430767212063074,58.8236686706543,2.5329325199127197,7.5029096603393555,50.83821105957031,26.641822814941406,48.30528259277344,26.071535110473633,0.9206893365926234,0.735661506652832,125.1414566040039,0.35,1.0,0.0,1.0,0.0,0.0,0.05535884201526642,0.21941472589969635,0.0,0.23016324639320374,0.24609333276748657,0.2628832161426544,-1.5476335287094116,-1.5176020860671997,-1.4860193729400635,0.0,1.0
50176,49,7,155.40948882449487,134.85714285714286,-0.004325712635181844,24.701990246772766,-0.29158724918961526,0.0038560126689844766,0.0306640625,0.5259687963873148,89.05997791290284,0.13404011726379395,10.327656745910645,49.13389587402344,29.533321380615234,48.999855041503906,27.296743392944336,0.877713371701544,1.0006486177444458,217.2327880859375,0.525,1.0,0.0,1.0,0.0,0.0,0.07294436544179916,0.22170083224773407,0.0,0.23385481536388397,0.24789084494113922,0.26198747754096985,-1.5406339168548584,-1.5141688585281372,-1.4876928329467773,0.0,1.0
51200,50,7,171.50378576270987,159.42857142857142,-0.00278004469582811,19.491686630249024,-0.2845973365008831,0.0009454403392737731,0.0227294921875,0.5135475873947144,70.5433494091034,4.363766670227051,7.665221691131592,33.14812469482422,39.46147155761719,28.78435516357422,40.49208068847656,0.9622686036219992,0.7997251152992249,231.24838256835938,0.425,1.0,0.0,1.0,0.0,0.0,0.05572255328297615,0.2242732048034668,0.0,0.23472821712493896,0.24782335758209229,0.26204127073287964,-1.5389796495437622,-1.5143108367919922,-1.4875924587249756,0.0,1.0
52224,51,7,184.40222619231508,159.14285714285714,-0.004237826296593994,17.411880016326904,-0.2886251389980316,0.005871409851533826,0.0398193359375,0.46422206349670886,56.884621143341064,3.4615025520324707,7.957084655761719,41.313907623291016,32.76055145263672,37.85240173339844,35.0560302734375,0.9410063144349197,1.0175045728683472,170.23904418945312,0.275,1.0,0.0,1.0,0.0,0.0,0.06328592449426651,0.22721298038959503,0.0,0.23318788409233093,0.24699579179286957,0.2618732452392578,-1.5418976545333862,-1.5158525705337524,-1.4879064559936523,0.0,1.0
53248,52,3,192.1582417369735,151.0,-0.0038847630959935485,9.713032913208007,-0.29362699314951896,0.002683828912267927,0.03125,0.48248512521386144,37.9328875541687,2.977642297744751,5.433878421783447,48.32619857788086,27.778488159179688,45.34855651855469,27.527664184570312,0.9617349176977451,0.7329800724983215,103.97611999511719,0.45,1.0,0.0,1.0,0.0,0.0,0.04978884384036064,0.21904003620147705,0.0,0.23291988670825958,0.24582721292972565,0.2588040828704834,-1.542405605316162,-1.5180803537368774,-1.4936468601226807,0.0,1.0
54272,53,8,172.79157073957973,167.625,-0.00423668852308765,12.994850683212281,-0.2999067649245262,0.0033809024040238,0.0351318359375,0.5148202553391457,61.99095687866211,2.9961752891540527,6.23080587387085,48.40312194824219,32.909019470214844,45.406944274902344,31.97613525390625,0.9641525263811223,0.9833788871765137,212.10223388671875,0.5,1.0,0.0,1.0,0.0,0.0,0.048578519374132156,0.2271067202091217,0.0,0.23130011558532715,0.24495583772659302,0.2561424672603607,-1.5454766750335693,-1.519694209098816,-1.4986321926116943,0.0,1.0
55296,54,8,174.8568628503681,145.25,-0.004146482655778527,18.832901620864867,-0.3025513768196106,0.0038134195638122037,0.0302734375,0.5048331663012504,63.79484643936157,2.618016004562378,8.517342567443848,51.828125,31.07378387451172,49.21010971069336,31.68634605407715,0.9248688638212496,0.8290066719055176,207.2146759033203,0.525,1.0,0.0,1.0,0.0,0.0,0.046816498041152954,0.22841568291187286,0.0,0.2330317348241806,0.24486775696277618,0.2540965676307678,-1.5421935319900513,-1.5198707580566406,-1.5024688243865967,0.0,1.0
56320,55,7,160.9246284237429,155.14285714285714,-0.004277472803369165,14.875521385669709,-0.30315808653831483,0.0045421702801831994,0.02900390625,0.5001442983746529,63.28151063919067,0.22214967012405396,7.766852855682373,39.35768127441406,35.177005767822266,39.135528564453125,34.083213806152344,0.9512502416394877,0.9379022717475891,243.1996612548828,0.375,1.0,0.0,1.0,0.0,0.0,0.024155795574188232,0.23087432980537415,0.0,0.23292511701583862,0.24481254816055298,0.25242310762405396,-1.5423955917358398,-1.519957184791565,-1.5056098699569702,0.0,1.0
57344,56,7,134.19264055787383,134.0,-0.0049774176382925365,23.27145035266876,-0.30355537235736846,0.005023661194718443,0.041357421875,0.439454310387373,78.26361632347107,-2.2367284297943115,8.946331977844238,53.204811096191406,29.81212615966797,55.4415397644043,25.11896514892578,0.9099457590230786,0.8331738114356995,176.0032958984375,0.3,1.0,0.0,1.0,0.0,0.0,0.04603101313114166,0.2234528660774231,0.0,0.23386313021183014,0.24470371007919312,0.25290924310684204,-1.5406181812286377,-1.520180583000183,-1.5046970844268799,0.0,1.0
58368,57,8,159.9662999534644,148.125,-0.004403918224852532,7.526542067527771,-0.30149525254964826,0.002875082573154941,0.0287353515625,0.4842664413154125,37.97477488517761,0.6983160972595215,5.557717800140381,48.918949127197266,32.511878967285156,48.22062683105469,31.46871566772461,0.9707780705698358,0.7642976641654968,121.18584442138672,0.45,1.0,0.0,1.0,0.0,0.0,0.04405348002910614,0.22892583906650543,0.0,0.2347470074892044,0.24566064774990082,0.2520245611667633,-1.5389440059661865,-1.5183696746826172,-1.5063583850860596,0.0,1.0
59392,58,4,155.57490005685665,138.75,-0.004182753275381401,8.695481264591217,-0.29560236260294914,0.0019244425333454275,0.033203125,0.4985315971076488,37.3562849521637,1.3611960411071777,5.890037536621094,51.13169860839844,27.37510108947754,49.7705078125,27.050241470336914,0.9537059976041277,0.814423143863678,115.51307678222656,0.45,1.0,0.0,1.0,0.0,0.0,0.038931433111429214,0.23006679117679596,0.0,0.23352378606796265,0.24658848345279694,0.2538954019546509,-1.5412611961364746,-1.5166034698486328,-1.5028462409973145,0.0,1.0
60416,59,8,180.6318095254286,162.875,-0.005554397834930569,16.504213523864745,-0.2915154255926609,0.003987889332347549,0.0320556640625,0.45039333365857603,52.72028031349182,0.3844670057296753,8.058595657348633,47.66069412231445,33.911014556884766,47.276222229003906,33.513336181640625,0.9435274689241772,0.7833423614501953,148.16751098632812,0.275,1.0,0.0,1.0,0.0,0.0,0.04752785339951515,0.22636659443378448,0.0,0.23196764290332794,0.24707674980163574,0.25518688559532166,-1.54421067237854,-1.5156961679458618,-1.5004236698150635,0.0,1.0
61440,60,7,184.66971448857976,171.85714285714286,-0.0034137448063120248,27.83025450706482,-0.2881730318069458,0.004164323935401626,0.040478515625,0.5024162232875824,118.77807698249816,4.207219123840332,11.388956069946289,40.380760192871094,36.775630950927734,36.17353820800781,41.32154083251953,0.9040936058517923,0.838597297668457,416.9208984375,0.425,1.0,0.0,1.0,0.0,0.0,0.034767817705869675,0.2336120307445526,0.0,0.23446980118751526,0.24769534170627594,0.2543337345123291,-1.5394690036773682,-1.5145530700683594,-1.5020238161087036,0.0,1.0
62464,61,5,150.8191122588557,141.0,-0.0061049075680784885,14.945272135734559,-0.2858012840151787,0.00449127518950263,0.06953125,0.5335230313241481,57.22483153343201,0.3408203125,8.239482879638672,49.59668731689453,29.116926193237305,49.255863189697266,28.63039779663086,0.9199227912625147,0.9370859265327454,157.38377380371094,0.525,1.0,0.0,1.0,0.0,0.0,0.04765709117054939,0.23286089301109314,0.0,0.23765796422958374,0.24802084267139435,0.2541502118110657,-1.5334352254867554,-1.5139261484146118,-1.5023680925369263,0.0,1.0
63488,62,7,163.0320370383944,151.0,-0.004934640030842275,13.714959812164306,-0.28538428619503975,0.0031561384137603456,0.0462646484375,0.5048322442919015,43.148585081100464,-0.2784344553947449,7.079970836639404,52.671905517578125,33.24296951293945,52.950340270996094,29.94366455078125,0.9546410156385511,0.9487444162368774,124.03575897216797,0.475,1.0,0.0,1.0,0.0,0.0,0.03301900625228882,0.22926867008209229,0.0,0.23710700869560242,0.24789053201675415,0.2542816400527954,-1.5344773530960083,-1.5141396522521973,-1.5021215677261353,0.0,1.0
64512,63,8,189.17083614073792,164.75,-0.003634071524720639,12.105800497531892,-0.2867293544113636,0.0032778048276668414,0.01865234375,0.4919625524431467,69.95337374210358,3.1516451835632324,7.448504447937012,43.695350646972656,35.08089065551758,40.543704986572266,38.215938568115234,0.9549186510004292,0.7796257138252258,252.79054260253906,0.55,1.0,0.0,1.0,0.0,0.0,0.030372461304068565,0.23377810418605804,0.0,0.23628456890583038,0.2473209649324417,0.25403276085853577,-1.5360333919525146,-1.5152106285095215,-1.5025885105133057,0.0,1.0
65536,64,6,150.80145880905897,147.5,-0.004106219159439206,23.3181533575058,-0.2879170812666416,0.0034194556370493955,0.0330810546875,0.48250043094158174,79.56363649368286,-0.9302635192871094,9.65267562866211,49.83707046508789,37.35429000854492,50.767333984375,35.52371597290039,0.9332249213181019,0.8446868062019348,180.24725341796875,0.425,1.0,0.0,1.0,0.0,0.0,0.04121851921081543,0.22968453168869019,0.0,0.23518477380275726,0.24796582758426666,0.2556987702846527,-1.53811514377594,-1.5140217542648315,-1.4994637966156006,0.0,1.0
66560,65,7,150.05107906619665,146.71428571428572,-0.005828152876347303,24.001186561584472,-0.285447708517313,0.0033381638102582658,0.039404296875,0.4994710922241211,91.66953940391541,-1.7528730630874634,10.136673927307129,54.70568084716797,35.69811248779297,56.458553314208984,32.99810791015625,0.9193692752650081,0.8381319642066956,204.4728240966797,0.425,1.0,0.0,1.0,0.0,0.0,0.03678327798843384,0.23088937997817993,0.0,0.23793913424015045,0.24774359166622162,0.25310418009757996,-1.5329035520553589,-1.5144144296646118,-1.504331111907959,0.0,1.0
67584,66,7,182.76680168125517,163.85714285714286,-0.003932015458121896,16.655977416038514,-0.28724549189209936,0.0024294673159602096,0.0277587890625,0.4816805854439735,75.42737255096435,-0.22560620307922363,8.937447547912598,49.30451202392578,35.42986297607422,49.53011703491211,36.35075759887695,0.9363661650196999,0.8321374654769897,203.13522338867188,0.375,1.0,0.0,1.0,0.0,0.0,0.018205827102065086,0.22943858802318573,0.0,0.23954014480113983,0.24739037454128265,0.2513220012187958,-1.5298773050308228,-1.5151000022888184,-1.5076780319213867,0.0,1.0
68608,67,4,176.6544989056064,146.0,-0.0035164981964044273,8.505597239732742,-0.2916704587638378,0.0043505445355549455,0.0334228515625,0.4518540397286415,44.04796886444092,0.8030760288238525,6.286359786987305,46.81743621826172,34.17279815673828,46.01435852050781,35.58989334106445,0.9661594582468708,0.9479835033416748,128.9699249267578,0.325,1.0,0.0,1.0,0.0,0.0,0.021508654579520226,0.22932064533233643,0.0,0.2389228343963623,0.24608856439590454,0.2502513527870178,-1.5310438871383667,-1.5175443887710571,-1.5096901655197144,0.0,1.0
69632,68,7,180.70000657193003,161.42857142857142,-0.004809691951959394,8.344417136907577,-0.3018844798207283,0.0020272900073905475,0.0257080078125,0.5008994989097119,42.06934359073639,1.267101764678955,6.232064247131348,50.52205276489258,32.72962188720703,49.25495147705078,34.017215728759766,0.9637438445318616,0.7961427569389343,132.63027954101562,0.425,1.0,0.0,1.0,0.0,0.0,0.023131221532821655,0.23042331635951996,0.0,0.2367149293422699,0.24357758462429047,0.24806760251522064,-1.5352190732955933,-1.5222477912902832,-1.5137972831726074,0.0,1.0
70656,69,8,164.43744654200842,153.625,-0.004334197705611586,22.900237107276915,-0.31366621032357217,0.001670030465174932,0.02216796875,0.4727127932012081,125.74264578819275,2.5691750049591064,10.359667778015137,39.79255294799805,37.828086853027344,37.2233772277832,42.18732452392578,0.9249997092368928,0.7780635356903076,457.40179443359375,0.35,1.0,0.0,1.0,0.0,0.0,0.029175659641623497,0.22905544936656952,0.0,0.23627568781375885,0.24250765144824982,0.24622748792171478,-1.5360502004623413,-1.5242964029312134,-1.5172616243362427,0.0,1.0
71680,70,7,149.4774567003536,140.57142857142858,-0.003933871316257864,12.295189589262009,-0.31922553926706315,0.004446958038897719,0.031982421875,0.5317488834261894,51.61554718017578,0.41343337297439575,7.976424694061279,46.40625762939453,33.36430740356445,45.99282455444336,34.790611267089844,0.9428452486491123,0.987463653087616,138.74124145507812,0.55,1.0,0.0,1.0,0.0,0.0,0.046216290444135666,0.22611622512340546,0.0,0.23535361886024475,0.2412642240524292,0.24439013004302979,-1.5377954244613647,-1.526652216911316,-1.520723819732666,0.0,1.0
72704,71,6,167.6823186458473,143.16666666666666,-0.0038099294644780455,5.995981571078301,-0.323589226603508,0.0005026805694797077,0.0207763671875,0.47314004935324194,33.24097511768341,1.5999157428741455,5.044132709503174,47.45542907714844,30.24049186706543,45.85551071166992,31.858150482177734,0.9721775566304823,0.8418805003166199,99.58486938476562,0.425,1.0,0.0,1.0,0.0,0.0,0.037355776876211166,0.22952091693878174,0.0,0.23580008745193481,0.2411312311887741,0.24500982463359833,-1.5369503498077393,-1.52686607837677,-1.5195558071136475,0.0,1.0
73728,72,8,175.04910823721215,158.25,-0.003854999877512455,7.884025907516479,-0.32030574008822443,0.0027332843776093794,0.0303466796875,0.4811160136014223,55.555705070495605,2.404054641723633,6.139950752258301,45.40018844604492,35.163055419921875,42.996131896972656,37.275535583496094,0.9695100546998624,1.2340443134307861,194.29148864746094,0.325,1.0,0.0,1.0,0.0,0.0,0.037728648632764816,0.22741280496120453,0.0,0.23765313625335693,0.24250741302967072,0.2476341873407364,-1.5334444046020508,-1.524297833442688,-1.5146130323410034,0.0,1.0
74752,73,7,157.43901940173015,149.42857142857142,-0.00425461286213249,24.20069079399109,-0.3145337253808975,0.0024178255640435963,0.0333251953125,0.48017698116600516,103.83278527259827,0.8724501729011536,10.846869468688965,37.49821472167969,33.95905303955078,36.625762939453125,37.24919891357422,0.8979771100816821,0.8332926034927368,314.4942626953125,0.425,1.0,0.0,1.0,0.0,0.0,0.03297905623912811,0.22068512439727783,0.0,0.2356511652469635,0.24276240170001984,0.25042828917503357,-1.5372321605682373,-1.5237997770309448,-1.5093575716018677,0.0,1.0
75776,74,8,145.2499587219155,151.125,-0.004299781762529165,11.200225287675858,-0.3134636290371418,0.003013295738492161,0.0374267578125,0.46416284441947936,49.466088032722475,-0.9729999303817749,6.93775749206543,41.437103271484375,33.41300964355469,42.41010284423828,32.71211624145508,0.9568871198132537,0.750420868396759,137.4779052734375,0.4,1.0,0.0,1.0,0.0,0.0,0.02691628970205784,0.22551633417606354,0.0,0.23548446595668793,0.24318505823612213,0.2526247501373291,-1.5375477075576782,-1.5230177640914917,-1.505231261253357,0.0,1.0
76800,75,4,144.54630426091694,136.5,-0.0033988035866059363,4.269518688321114,-0.3113606467843056,0.00395367903256556,0.022314453125,0.5081041648983955,36.31327831745148,-0.2002173662185669,4.813330173492432,41.36907958984375,29.344135284423828,41.569297790527344,29.544279098510742,0.9730940253606927,0.8564527630805969,100.56600189208984,0.45,1.0,0.0,1.0,0.0,0.0,0.017139486968517303,0.2318165898323059,0.0,0.23460814356803894,0.24341517686843872,0.2531483769416809,-1.5392069816589355,-1.5225626230239868,-1.5042481422424316,0.0,1.0
77824,76,7,167.086506865723,148.71428571428572,-0.004598714713938534,9.452676278352737,-0.3130208618938923,0.003020994561666157,0.0532470703125,0.4933844156563282,62.26680326461792,4.258580207824707,6.373576641082764,41.14354705810547,30.683242797851562,36.88496398925781,34.24055099487305,0.9568516764295386,0.8730141520500183,246.12744140625,0.45,1.0,0.0,1.0,0.0,0.0,0.032004017382860184,0.2291988730430603,0.0,0.23341231048107147,0.24241065979003906,0.2530427873134613,-1.541472315788269,-1.5244852304458618,-1.5044463872909546,0.0,1.0
78848,77,8,188.98342647459248,154.0,-0.0046089581155683845,18.454409956932068,-0.31677494272589685,0.004716620872204658,0.0264404296875,0.5357394129037857,77.89750940799713,4.799886703491211,8.47474193572998,43.547821044921875,31.0242919921875,38.74793243408203,36.6439208984375,0.9253810482925557,0.8202069997787476,229.7527313232422,0.65,1.0,0.0,1.0,0.0,0.0,0.01719440333545208,0.2300560474395752,0.0,0.23210568726062775,0.24240408837795258,0.2556459903717041,-1.543949007987976,-1.5245298147201538,-1.4995627403259277,0.0,1.0
79872,78,6,182.5306662368774,157.0,-0.004657884337939322,9.327251321077346,-0.3164428636431694,0.004228526001679711,0.0462158203125,0.512860494107008,66.03342599868775,3.5286784172058105,6.731297969818115,46.802757263183594,27.705442428588867,43.274078369140625,30.605724334716797,0.9409707169773128,0.8636891841888428,250.01425170898438,0.425,1.0,0.0,1.0,0.0,0.0,0.0165958683937788,0.22872331738471985,0.0,0.22967585921287537,0.24251167476177216,0.2578800320625305,-1.5485584735870361,-1.5243371725082397,-1.4953768253326416,0.0,1.0
80896,79,8,169.28101962238884,150.625,-0.0050379687687382105,11.50912253856659,-0.31397817060351374,0.0056174724668380804,0.0478759765625,0.5058327808976173,58.12671942710877,1.3091121912002563,6.824833393096924,45.61964416503906,30.74825668334961,44.31053161621094,31.00774574279785,0.9507344717526208,0.8539291024208069,193.92079162597656,0.425,1.0,0.0,1.0,0.0,0.0,0.025612154975533485,0.2310105711221695,0.0,0.23109109699726105,0.24346338212490082,0.26145368814468384,-1.5458731651306152,-1.5225600004196167,-1.4886906147003174,0.0,1.0
81920,80,4,169.54948235245874,147.75,-0.003679977520368993,4.4911216527223585,-0.3123930796980858,0.002949544586590491,0.016845703125,0.46291929185390474,30.270560455322265,2.9363207817077637,4.247786998748779,45.94700241088867,27.467979431152344,43.01068115234375,29.608150482177734,0.9760849072298461,0.7184725403785706,102.57433319091797,0.35,1.0,0.0,1.0,0.0,0.0,0.029356464743614197,0.22282755374908447,0.0,0.22920498251914978,0.24248647689819336,0.25961732864379883,-1.549452304840088,-1.5243993997573853,-1.4921247959136963,0.0,1.0
82944,81,7,203.3835802492696,170.57142857142858,-0.002770925554796122,9.792387241125107,-0.3170074254274368,0.002895021614676807,0.0164794921875,0.4973420359194279,58.04046547412872,2.829005241394043,6.615962028503418,43.41425704956055,36.36260986328125,40.58525085449219,39.598228454589844,0.966896350635156,0.8166013956069946,231.02317810058594,0.45,1.0,0.0,1.0,0.0,0.0,0.03026471473276615,0.22364190220832825,0.0,0.2292904108762741,0.24249041080474854,0.2599294185638428,-1.5492901802062988,-1.524392008781433,-1.4915409088134766,0.0,1.0
83968,82,8,163.673678169169,150.625,-0.004999235970899463,15.489695233106612,-0.31396454349160197,0.003944982701796107,0.060302734375,0.45641409009695055,62.54247148036957,0.10476246476173401,8.250433921813965,46.77688980102539,31.44915008544922,46.67212677001953,31.26835823059082,0.9311766674431469,1.1146066188812256,150.2566375732422,0.375,1.0,0.0,1.0,0.0,0.0,0.020413655787706375,0.226853147149086,0.0,0.23197659850120544,0.24334816634655,0.260334849357605,-1.5441937446594238,-1.5227484703063965,-1.490782618522644,0.0,1.0
84992,83,8,155.83718153683068,155.625,-0.004497898201225326,14.107000517845155,-0.3138794355094433,0.0037024974822998046,0.0361572265625,0.5412159219384194,42.20848891735077,0.46570026874542236,7.147231578826904,38.475433349609375,33.099178314208984,38.009727478027344,33.03496170043945,0.9533726015339458,0.8620926141738892,104.0456314086914,0.575,1.0,0.0,1.0,0.0,0.0,0.02270311675965786,0.22772854566574097,0.0,0.23047487437725067,0.24199806153774261,0.2586926817893982,-1.5470421314239502,-1.525316834449768,-1.4938552379608154,0.0,1.0
86016,84,5,155.15122992361913,152.2,-0.004768090508878231,9.733530288934707,-0.32445922419428824,0.005117116562905722,0.04638671875,0.4527990758419037,59.22963664531708,1.4516334533691406,7.0072712898254395,42.14393615722656,34.35258865356445,40.69230270385742,37.01763153076172,0.9583918007444651,0.7584288120269775,186.22361755371094,0.325,1.0,0.0,1.0,0.0,0.0,0.021485701203346252,0.22589854896068573,0.0,0.22877837717533112,0.23991061747074127,0.25731536746025085,-1.5502623319625854,-1.529232144355774,-1.4964344501495361,0.0,1.0
87040,85,6,156.06735548029013,162.16666666666666,-0.004735458479262889,15.333529400825501,-0.3361613698303699,0.004163888205948751,0.0359375,0.5181701950728893,70.47571887969971,-0.37582889199256897,8.553387641906738,45.98236846923828,37.10767364501953,46.358192443847656,36.646644592285156,0.9468688876761073,0.7390247583389282,203.73997497558594,0.55,1.0,0.0,1.0,0.0,0.0,0.027102798223495483,0.22576278448104858,0.0,0.22689980268478394,0.2381252646446228,0.2546935975551605,-1.5538311004638672,-1.5325959920883179,-1.5013487339019775,0.0,1.0
88064,86,6,176.39331586740897,159.83333333333334,-0.002915593853686005,7.599440962076187,-0.3459177277982235,0.002605164228589274,0.0116943359375,0.4994994640350342,46.6059782743454,0.16902396082878113,6.515764236450195,46.819000244140625,33.85480880737305,46.64997863769531,35.99312210083008,0.9629583857431022,0.8610954284667969,132.225830078125,0.425,1.0,0.0,1.0,0.0,0.0,0.026003705337643623,0.22288832068443298,0.0,0.2225300818681717,0.23616570234298706,0.25307783484458923,-1.5621435642242432,-1.5363248586654663,-1.504380702972412,0.0,1.0
89088,87,7,176.22294203738193,157.28571428571428,-0.004543799429666251,4.593436712026596,-0.3559110097587109,0.0021508507255930454,0.034423828125,0.5094917867332697,32.88980815410614,2.4210197925567627,4.523164749145508,45.409786224365234,31.80718994140625,42.988765716552734,33.93263244628906,0.9797775315678211,0.9410774111747742,98.61032104492188,0.45,1.0,0.0,1.0,0.0,0.0,0.030819961801171303,0.22280177474021912,0.0,0.2185390442609787,0.23486292362213135,0.2536296546459198,-1.5697497129440308,-1.5388202667236328,-1.5033448934555054,0.0,1.0
90112,88,6,170.03518583527816,160.66666666666666,-0.0030651405570097266,8.893436121940614,-0.3624157413840294,0.002624673528771382,0.030078125,0.4743585281074047,48.11892838478089,2.69490122795105,6.331636428833008,39.470970153808594,31.46188735961914,36.77606964111328,34.32224655151367,0.9594993092603158,0.8578429222106934,145.83023071289062,0.4,1.0,0.0,1.0,0.0,0.0,0.021677179262042046,0.22000066936016083,0.0,0.21777471899986267,0.23379819095134735,0.2526525855064392,-1.5712077617645264,-1.540852665901184,-1.5051789283752441,0.0,1.0
91136,89,7,191.40417314668542,165.71428571428572,-0.0045885390136390924,10.887068629264832,-0.36648704409599303,0.0009188505049678497,0.01787109375,0.5395121321082115,78.75966730117798,4.490549087524414,6.912134647369385,40.640830993652344,33.464229583740234,36.15028381347656,37.999977111816406,0.9573358957372108,0.9853655695915222,256.05535888671875,0.5,1.0,0.0,1.0,0.0,0.0,0.03105834312736988,0.21876436471939087,0.0,0.2170979082584381,0.233481302857399,0.2527672350406647,-1.572499394416809,-1.5414248704910278,-1.504963755607605,0.0,1.0
92160,90,6,184.04808255305258,162.5,-0.0024678089073859157,9.164262890815735,-0.36858633905649185,0.002597587289346848,0.0147705078125,0.45153018459677696,51.06636571884155,3.484941244125366,5.73886775970459,45.1727294921875,30.619449615478516,41.68778991699219,32.01570129394531,0.9648716566902714,0.7976890206336975,140.99143981933594,0.375,1.0,0.0,1.0,0.0,0.0,0.021482085809111595,0.22759337723255157,0.0,0.21708165109157562,0.2330801635980606,0.2512378394603729,-1.5725305080413818,-1.5421639680862427,-1.5078362226486206,0.0,1.0
93184,91,6,196.87722329262363,162.5,-0.0061686353175900875,9.504876905679703,-0.3720628693699837,0.0035163851585821248,0.0624267578125,0.5411903880536556,42.727143502235414,1.5666645765304565,6.180780410766602,50.29335021972656,30.461503982543945,48.7266845703125,30.380313873291016,0.9588297095981865,1.0780930519104004,119.38307189941406,0.55,1.0,0.0,1.0,0.0,0.0,0.01110798493027687,0.2274375557899475,0.0,0.2145213931798935,0.2320076823234558,0.25046807527542114,-1.5774197578430176,-1.5442506074905396,-1.5092828273773193,0.0,1.0
94208,92,7,174.57750078519936,156.0,-0.003718156972900033,5.937295740842819,-0.38013145625591277,0.0033387036950443872,0.02548828125,0.4757873184978962,31.36650483608246,0.8811131119728088,4.874580383300781,57.165164947509766,31.89835548400879,56.28404998779297,31.100727081298828,0.9766472558073545,0.913353681564331,87.22116088867188,0.35,1.0,0.0,1.0,0.0,0.0,0.021584799513220787,0.22449572384357452,0.0,0.2116086483001709,0.23052072525024414,0.25049614906311035,-1.5829885005950928,-1.5470852851867676,-1.5092300176620483,0.0,1.0
95232,93,6,178.16942535234753,157.16666666666666,-0.0033324906951747836,17.002317625284196,-0.38572181239724157,0.004702401535178069,0.032763671875,0.5169262137264014,78.7245858669281,1.0538687705993652,8.875850677490234,48.447044372558594,33.637001037597656,47.39317321777344,34.5731201171875,0.9303717449768859,0.7533813118934631,262.3997497558594,0.55,1.0,0.0,1.0,0.0,0.0,0.00900328904390335,0.2237275093793869,0.0,0.21168860793113708,0.2300894856452942,0.2503984272480011,-1.5828355550765991,-1.5478758811950684,-1.509413719177246,0.0,1.0
96256,94,6,195.8237560942214,170.0,-0.003105716744903475,12.401224255561829,-0.3900242827832699,0.0028244502187590114,0.0286865234375,0.5387921281158924,82.22871367931366,1.172623634338379,8.610868453979492,51.569549560546875,35.331825256347656,50.39692687988281,38.061092376708984,0.940603377184313,0.8282458782196045,281.0701599121094,0.6,1.0,0.0,1.0,0.0,0.0,0.0035239150747656822,0.22741061449050903,0.0,0.21263709664344788,0.22878246009349823,0.24849030375480652,-1.5810215473175049,-1.5503453016281128,-1.5130020380020142,0.0,1.0
97280,95,7,159.85941814476118,153.42857142857142,-0.005325036555586848,19.822429537773132,-0.3930814526975155,0.0034897396675660276,0.0410400390625,0.46921505257487295,76.24981083869935,-1.9408823251724243,9.129156112670898,53.66835021972656,33.067745208740234,55.609230041503906,31.38836097717285,0.9237829419018642,0.8673552870750427,165.54312133789062,0.4,1.0,0.0,1.0,0.0,0.0,0.012839295901358128,0.22584755718708038,0.0,0.2137494832277298,0.2295510619878769,0.2507883906364441,-1.578894853591919,-1.548901915550232,-1.508680820465088,0.0,1.0
98304,96,8,162.01021333973958,150.0,-0.0032629399560391904,7.822728276252747,-0.3878392979502678,0.00611597891402198,0.029052734375,0.4573786024004221,42.337101745605466,-1.4287935495376587,5.834615707397461,50.27025604248047,31.97148323059082,51.69905090332031,32.19499969482422,0.9666958068596532,0.6841046214103699,124.89366912841797,0.325,1.0,0.0,1.0,0.0,0.0,0.014191195368766785,0.22297972440719604,0.0,0.21425269544124603,0.23030011355876923,0.2519528567790985,-1.5779330730438232,-1.5474967956542969,-1.5064929723739624,0.0,1.0
99328,97,6,122.93624618597516,144.16666666666666,-0.0032380849355831743,27.217891454696655,-0.3834083013236523,0.003947395911382046,0.03515625,0.5003889385610819,93.21321229934692,-2.8469200134277344,9.953110694885254,46.25996398925781,38.191009521484375,49.10688018798828,35.47404479980469,0.9320803519644082,0.8508843183517456,226.8316650390625,0.425,1.0,0.0,1.0,0.0,0.0,0.006959027145057917,0.22078585624694824,0.0,0.21465031802654266,0.23111969232559204,0.25473615527153015,-1.5771733522415161,-1.5459498167037964,-1.501268982887268,0.0,1.0
100352,98,7,176.55827035233708,154.28571428571428,-0.003388764418195933,9.983385998010636,-0.3775328330695629,0.003063666480011307,0.03115234375,0.49142454080283643,65.71404867172241,1.2982161045074463,7.163536071777344,48.839908599853516,32.86237716674805,47.54169464111328,35.12637710571289,0.9524821380780258,0.9062508940696716,223.1896514892578,0.45,1.0,0.0,1.0,0.0,0.0,0.026097051799297333,0.21680645644664764,0.0,0.21514654159545898,0.23226606845855713,0.25722116231918335,-1.5762253999710083,-1.5437684059143066,-1.4966108798980713,0.0,1.0
101376,99,5,207.2692032806643,174.2,-0.003774336096830666,13.81785340309143,-0.37170447409152985,0.0022559750170330515,0.0194091796875,0.5087523326277733,57.14049813747406,0.680205225944519,7.7177839279174805,47.36702346801758,32.26445770263672,46.68681335449219,33.49214172363281,0.942781500534764,1.047046422958374,157.02598571777344,0.475,1.0,0.0,1.0,0.0,0.0,0.01630539819598198,0.21867872774600983,0.0,0.21541723608970642,0.23331569135189056,0.25800931453704834,-1.5757083892822266,-1.5418065786361694,-1.495134711265564,0.0,1.0
102400,100,6,166.5292119087762,161.66666666666666,-0.004960817063692957,7.398136574029922,-0.36862015053629876,0.004530972248176113,0.0438720703125,0.4186456803232431,44.24243402481079,1.2939752340316772,6.074832439422607,48.405303955078125,33.08322525024414,47.111331939697266,34.62678146362305,0.966282696465372,0.7622132897377014,123.2966079711914,0.275,1.0,0.0,1.0,0.0,0.0,0.008022792637348175,0.22253979742527008,0.0,0.21515484154224396,0.23296798765659332,0.25804513692855835,-1.576209545135498,-1.54246985912323,-1.4950675964355469,0.0,1.0
103424,101,6,185.4851160399027,156.16666666666666,-0.005491879489272833,4.270155230164528,-0.37112256661057474,0.005400563910370693,0.04697265625,0.5187134463340044,27.649289965629578,1.5201209783554077,4.35402774810791,45.26240539550781,33.940711975097656,43.74228286743164,34.695098876953125,0.9835433872771226,0.7912685871124268,89.96336364746094,0.5,1.0,0.0,1.0,0.0,0.0,0.003185707377269864,0.2222994863986969,0.0,0.2142685055732727,0.23283423483371735,0.2583625316619873,-1.577902913093567,-1.542710781097412,-1.4944733381271362,0.0,1.0
104448,102,8,184.66296223441992,164.875,-0.0038412710186094047,8.639894199371337,-0.3717943049967289,0.004140200362598989,0.0366455078125,0.5110899969935417,46.812164950370786,1.6136137247085571,6.326779365539551,53.04987335205078,36.18486785888672,51.436256408691406,38.71786117553711,0.9694288794400298,0.9179213047027588,153.26646423339844,0.5,1.0,0.0,1.0,0.0,0.0,9.3014445155859e-05,0.2218826413154602,0.0,0.21540170907974243,0.232526496052742,0.2575029730796814,-1.5757379531860352,-1.5432891845703125,-1.4960830211639404,0.0,1.0
105472,103,8,148.28979027642603,149.375,-0.004289752349723131,20.329720163345335,-0.3744409367442131,0.00476982377585955,0.046044921875,0.47851988673210144,96.0147246837616,-3.2686686515808105,8.646900177001953,48.08612060546875,33.721519470214844,51.35478210449219,30.350801467895508,0.9342483362633173,0.9790316820144653,285.9112548828125,0.4,1.0,0.0,1.0,0.0,0.0,-0.000975817150902003,0.22002087533473969,0.0,0.21679843962192535,0.23200945556163788,0.25533121824264526,-1.573071002960205,-1.5442646741867065,-1.5001530647277832,0.0,1.0
106496,104,3,137.56240896762156,153.33333333333334,-0.0022333233151584863,6.252247929573059,-0.3752551436424255,0.0013527598508517257,0.0168212890625,0.42275429256260394,48.296638095378874,1.793095350265503,5.3822736740112305,46.789466857910156,33.50509262084961,44.996376037597656,34.340362548828125,0.9741946442108416,0.8233711123466492,132.94216918945312,0.325,1.0,0.0,1.0,0.0,0.0,-0.0031339547131210566,0.2170599400997162,0.0,0.216788649559021,0.23228271305561066,0.25502443313598633,-1.5730897188186646,-1.5437222719192505,-1.5007282495498657,0.0,1.0
107520,105,8,198.23292027002128,168.625,-0.004086891445331276,12.091646003723145,-0.37588886842131614,0.0040926809291704554,0.03173828125,0.5218379653990268,77.20740954875946,2.4528117179870605,7.488582134246826,47.747901916503906,37.09174728393555,45.29509353637695,39.751338958740234,0.9592390162415636,1.129959225654602,263.2001037597656,0.5,1.0,0.0,1.0,0.0,0.0,-0.006408162415027618,0.2195921540260315,0.0,0.21496203541755676,0.23160117864608765,0.2554572820663452,-1.57657790184021,-1.545053482055664,-1.4999165534973145,0.0,1.0
108544,106,6,210.43463773400921,177.83333333333334,-0.003729400149313733,11.17894030213356,-0.38316221386194227,0.003690152529452462,0.030810546875,0.5215238310396672,76.06667227745056,3.5072550773620605,7.415275573730469,43.224327087402344,35.696014404296875,39.71707534790039,40.01615905761719,0.9568465904242089,0.8660277724266052,268.82562255859375,0.55,1.0,0.0,1.0,0.0,0.0,-0.012818236835300922,0.21634411811828613,0.0,0.21460112929344177,0.22987693548202515,0.25361841917037964,-1.5772674083709717,-1.5483016967773438,-1.5033659934997559,0.0,1.0
109568,107,6,181.10613649661036,170.0,-0.004328663001069799,26.530589008331297,-0.3923872962594032,0.0023014657577732577,0.013623046875,0.44135185368359087,136.43115816116332,3.7516167163848877,11.10734748840332,34.886878967285156,39.763580322265625,31.135263442993164,45.260719299316406,0.9219721325579995,0.9082732796669006,398.0680847167969,0.25,1.0,0.0,1.0,0.0,0.0,-0.02225804328918457,0.21147334575653076,0.0,0.21411748230457306,0.22802723944187164,0.251531183719635,-1.5781915187835693,-1.5518121719360352,-1.5072851181030273,0.0,1.0
110592,108,4,194.51704927922125,183.5,-0.0022504898486658933,7.362897589802742,-0.3997685082256794,0.003989177216135431,0.0269775390625,0.46746154353022573,45.78453402519226,0.46035170555114746,6.213915824890137,47.465354919433594,35.3721809387207,47.0050048828125,37.93851852416992,0.9691392115252297,0.773779034614563,140.4880828857422,0.325,1.0,0.0,1.0,0.0,0.0,-0.01896204799413681,0.21376019716262817,0.0,0.2152453362941742,0.2279222458600998,0.2514294385910034,-1.5760366916656494,-1.5520113706588745,-1.5074762105941772,0.0,1.0
111616,109,7,179.69807665238895,176.71428571428572,-0.0037758816266432404,5.7254369258880615,-0.3975709766149521,0.002753110628691502,0.0277587890625,0.48470125496387484,46.85784733295441,2.40152645111084,4.889040946960449,40.627685546875,33.33579635620117,38.22616195678711,34.535125732421875,0.9784907297617111,0.8127930164337158,147.94972229003906,0.4,1.0,0.0,1.0,0.0,0.0,-0.00985015369951725,0.21628189086914062,0.0,0.21669332683086395,0.2282951921224594,0.2501838803291321,-1.5732717514038086,-1.5512782335281372,-1.5098170042037964,0.0,1.0
112640,110,5,199.48495137890978,169.0,-0.005311710026580841,8.226365411281586,-0.3961102344095707,0.0050921819813083856,0.0497314453125,0.47971144393086435,53.22569169998169,2.153538465499878,6.091916561126709,44.158599853515625,33.12284851074219,42.005062103271484,34.8349609375,0.9661738487007407,0.8174694180488586,195.21148681640625,0.375,1.0,0.0,1.0,0.0,0.0,-0.013889659196138382,0.2174728810787201,0.0,0.21757721900939941,0.22875384986400604,0.24896636605262756,-1.571584701538086,-1.5504111051559448,-1.5121064186096191,0.0,1.0
113664,111,7,189.25523206962583,167.85714285714286,-0.004070633160881698,5.961092340946197,-0.39432504698634147,0.004256857340806164,0.039794921875,0.510509317368269,48.74424433708191,2.9110898971557617,4.491011619567871,45.03670120239258,33.638797760009766,42.1256103515625,35.076717376708984,0.9821759059627767,1.0306782722473145,161.2576904296875,0.375,1.0,0.0,1.0,0.0,0.0,-0.007073552813380957,0.21689173579216003,0.0,0.21822983026504517,0.22848735749721527,0.2483154535293579,-1.570339560508728,-1.5509132146835327,-1.5133309364318848,0.0,1.0
114688,112,5,176.35465909345274,176.8,-0.0032633837894536556,12.839962553977966,-0.3966452367603779,0.003062358908937313,0.0251708984375,0.4933995768427849,72.27807676792145,0.46593648195266724,7.714519500732422,41.79743194580078,33.22865295410156,41.33149719238281,33.67120361328125,0.9460995723405367,0.8463208079338074,210.6433563232422,0.5,1.0,0.0,1.0,0.0,0.0,-0.011156246066093445,0.21419410407543182,0.0,0.2175450325012207,0.2281970977783203,0.24887365102767944,-1.5716460943222046,-1.5514403581619263,-1.512280821800232,0.0,1.0
115712,113,7,178.331404708114,168.28571428571428,-0.003933454619254917,16.763574373722076,-0.39977762997150423,0.004741044429829344,0.03642578125,0.4796683005988598,86.31755390167237,-2.368314266204834,8.118163108825684,49.311317443847656,33.462833404541016,51.67962646484375,32.03378677368164,0.9411440876975652,0.9095631837844849,236.80712890625,0.4,1.0,0.0,1.0,0.0,0.0,0.0034305283334106207,0.22092577815055847,0.0,0.21518529951572418,0.22734791040420532,0.24992787837982178,-1.5761513710021973,-1.553101658821106,-1.510298252105713,0.0,1.0
116736,114,5,174.00102422482632,150.4,-0.0033406760776415467,13.26442855000496,-0.40588058680295946,0.0038498644382343626,0.032080078125,0.486771047860384,96.1400731563568,2.452833652496338,8.142172813415527,45.889244079589844,34.71652603149414,43.4364128112793,38.37672805786133,0.9449942423350073,0.7802081108093262,358.2157897949219,0.4,1.0,0.0,1.0,0.0,0.0,-0.006297624204307795,0.21803274750709534,0.0,0.2139909267425537,0.22593407332897186,0.2491222321987152,-1.5784333944320679,-1.5557833909988403,-1.5118132829666138,0.0,1.0
117760,115,7,193.2371938478943,172.28571428571428,-0.004781011113664135,8.646583354473114,-0.419036977738142,0.006803652427333873,0.0391357421875,0.5293561302125454,73.65498425960541,4.538907527923584,6.260869979858398,43.14038848876953,31.208206176757812,38.60148620605469,35.43553161621094,0.9597531676078309,1.0211807489395142,233.4241180419922,0.475,1.0,0.0,1.0,0.0,0.0,-0.011692238040268421,0.21473264694213867,0.0,0.20979686081409454,0.22273583710193634,0.24661527574062347,-1.5864558219909668,-1.5618839263916016,-1.5165313482284546,0.0,1.0
118784,116,7,172.98007298232992,168.0,-0.0036928195506334303,19.64143650531769,-0.43146939724683764,0.0023590882250573487,0.027685546875,0.49188622273504734,59.689132881164554,-1.9226913452148438,8.270118713378906,50.80113220214844,35.66035079956055,52.723819732666016,34.209022521972656,0.9462160934080664,0.8810911774635315,158.7035369873047,0.375,1.0,0.0,1.0,0.0,0.0,-0.004766098689287901,0.21202194690704346,0.0,0.20891064405441284,0.2220924347639084,0.2456243485212326,-1.5881528854370117,-1.563082218170166,-1.5183978080749512,0.0,1.0
119808,117,6,171.62449209016313,166.33333333333334,-0.002982337586581707,10.030967354774475,-0.4311846688389778,0.0024450089258607477,0.025927734375,0.4138636112213135,47.42096636295319,0.24645784497261047,6.336806774139404,47.66915512084961,36.097408294677734,47.422698974609375,35.95566940307617,0.969183100722194,0.8017606139183044,133.2440948486328,0.2,1.0,0.0,1.0,0.0,0.0,0.0037176155019551516,0.21308477222919464,0.0,0.2116476595401764,0.22254449129104614,0.24409368634223938,-1.582913875579834,-1.5622310638427734,-1.52128267288208,0.0,1.0
120832,118,6,163.98176035828502,165.66666666666666,-0.005793988471850753,11.584002768993377,-0.42818880304694173,0.007443729919032194,0.062451171875,0.4907226264476776,67.28676881790162,-1.3170515298843384,7.456772804260254,51.10465621948242,37.18149948120117,52.42170715332031,35.838802337646484,0.9597794516029392,0.8363315463066101,192.0378875732422,0.375,1.0,0.0,1.0,0.0,0.0,-0.00497465580701828,0.21455878019332886,0.0,0.21095550060272217,0.22315174341201782,0.24498742818832397,-1.5842382907867432,-1.5610429048538208,-1.5195980072021484,0.0,1.0
121856,119,6,209.51290822269777,176.0,-0.005167933227494359,7.482782560586929,-0.4285293065011501,0.002490212600969244,0.0378662109375,0.5627133421599865,51.52131733894348,1.9092514514923096,5.904465198516846,52.10674285888672,33.75130081176758,50.19749450683594,35.8100700378418,0.9693958655132817,0.8816789388656616,170.4600830078125,0.6,1.0,0.0,1.0,0.0,0.0,0.0005316865281201899,0.21558138728141785,0.0,0.20795322954654694,0.2218932956457138,0.2441873997449875,-1.589986801147461,-1.5634804964065552,-1.5211060047149658,0.0,1.0
122880,120,6,154.4600142431237,153.5,-0.004364275641273707,10.693488502502442,-0.43754415586590767,0.004122544289566576,0.0472900390625,0.5438549969345331,38.9038464307785,-0.26469722390174866,6.829285621643066,50.07173156738281,36.311439514160156,50.336429595947266,36.14031982421875,0.9646276761403725,0.901789128780365,95.6618881225586,0.55,1.0,0.0,1.0,0.0,0.0,0.012168638408184052,0.212655708193779,0.0,0.20748595893383026,0.22043442726135254,0.24459846317768097,-1.5908821821212769,-1.5662626028060913,-1.5203311443328857,0.0,1.0
123904,121,8,200.1606266215597,175.0,-0.00448680646950379,10.547055751085281,-0.4427527517080307,0.006191504106391221,0.04443359375,0.5180544562637805,60.536020731925966,0.25618448853492737,7.429428577423096,45.2429313659668,33.32720947265625,44.98674774169922,35.714019775390625,0.9503049770811165,0.8405182957649231,189.32394409179688,0.575,1.0,0.0,1.0,0.0,0.0,0.011600587517023087,0.2161368876695633,0.0,0.20769278705120087,0.2204282283782959,0.24440111219882965,-1.5904858112335205,-1.566286563873291,-1.5207030773162842,0.0,1.0
124928,122,3,182.2604049468197,164.0,-0.0031423784559592603,7.262842226028442,-0.4416551411151886,0.0025678025776869617,0.0223876953125,0.5327898241579533,66.889732837677,3.5402543544769287,5.965039253234863,40.6506462097168,34.28165054321289,37.110389709472656,36.85480499267578,0.9697236769858565,0.8291473388671875,198.15684509277344,0.525,1.0,0.0,1.0,0.0,0.0,0.00458562420681119,0.21734090149402618,0.0,0.20859208703041077,0.22035449743270874,0.24319744110107422,-1.5887629985809326,-1.5663937330245972,-1.522972822189331,0.0,1.0
125952,123,8,197.14834635643112,171.25,-0.006356302299536765,7.694985768198967,-0.4432962007820606,0.00734295387082966,0.0767822265625,0.5889456368982792,58.09110512733459,3.126296043395996,5.612184047698975,48.74248123168945,31.975788116455078,45.616188049316406,34.82929611206055,0.969194998857455,1.1896518468856812,182.32272338867188,0.6,1.0,0.0,1.0,0.0,0.0,0.0018265601247549057,0.21649868786334991,0.0,0.20810241997241974,0.21994756162166595,0.24114243686199188,-1.5897010564804077,-1.567154049873352,-1.526850938796997,0.0,1.0
126976,124,6,176.0367016391834,145.33333333333334,-0.004246264009270817,9.401381891965865,-0.4447440646588802,0.0007140605244785547,0.03125,0.5105299342423677,61.7549928188324,-0.7661336064338684,6.985117435455322,60.77482604980469,30.335023880004883,61.54095458984375,31.18737030029297,0.9469776855393433,1.0082981586456299,186.49588012695312,0.45,1.0,0.0,1.0,0.0,0.0,0.004173122812062502,0.21300293505191803,0.0,0.20720578730106354,0.21994179487228394,0.2413724809885025,-1.5914191007614136,-1.5671762228012085,-1.526416540145874,0.0,1.0
128000,125,7,166.13996791892697,144.42857142857142,-0.004580587102100253,21.65004857778549,-0.44375007450580595,0.005461145509616472,0.039208984375,0.5051871251314879,111.64790182113647,-2.380859613418579,9.372447967529297,54.16525650024414,31.662899017333984,56.54611587524414,29.843442916870117,0.9123796954608631,0.8397605419158936,315.1957702636719,0.475,1.0,0.0,1.0,0.0,0.0,-0.001513552269898355,0.21703961491584778,0.0,0.20621930062770844,0.22038529813289642,0.24310554563999176,-1.5933101177215576,-1.5663161277770996,-1.523146152496338,0.0,1.0
129024,126,8,161.10527366648637,145.5,-0.0024534801836125554,14.393341249227523,-0.4441719055175781,0.0028161669382825495,0.022998046875,0.537934785336256,86.23246397972108,-1.460292100906372,8.795027732849121,53.61823272705078,33.03200149536133,55.07852554321289,34.22234344482422,0.9291067773516108,0.8672148585319519,244.27442932128906,0.55,1.0,0.0,1.0,0.0,0.0,-0.008308065123856068,0.2218092978000641,0.0,0.2032853364944458,0.2193254679441452,0.2432931810617447,-1.5989387035369873,-1.5683656930923462,-1.5227922201156616,0.0,1.0
130048,127,7,152.09771444904075,150.85714285714286,-0.003406481887213886,5.901460349559784,-0.4506236001849174,0.0035203711289796048,0.026123046875,0.4603959426283836,42.70973439216614,-1.0824284553527832,4.997620105743408,54.22401428222656,32.72483825683594,55.30643844604492,31.53537940979004,0.9766776937711669,0.8784931898117065,121.1920394897461,0.3,1.0,0.0,1.0,0.0,0.0,-0.017127161845564842,0.21774064004421234,0.0,0.2026911973953247,0.2187427282333374,0.24357298016548157,-1.6000794172286987,-1.5695090293884277,-1.5222644805908203,0.0,1.0
131072,128,8,182.77716934188663,151.0,-0.004582522413693368,4.630078250169754,-0.45100954845547675,0.003418139250425156,0.0325439453125,0.48434829376637933,41.40400621891022,1.2973647117614746,5.071050643920898,47.86072540283203,32.969398498535156,46.5633659362793,34.53995895385742,0.9763422278870845,1.1134836673736572,153.2589111328125,0.3,1.0,0.0,1.0,0.0,0.0,0.008040213957428932,0.21926049888134003,0.0,0.20395393669605255,0.21890686452388763,0.24411705136299133,-1.5976555347442627,-1.5691934823989868,-1.5212385654449463,0.0,1.0
132096,129,3,178.03944401659987,161.66666666666666,-0.002960216125939041,7.834935906529426,-0.45660355910658834,0.0037189072842011227,0.0236083984375,0.5044759094715119,75.62837076187134,2.2777812480926514,6.840102195739746,49.665916442871094,33.49370193481445,47.38813400268555,36.54554748535156,0.9582939710359681,0.8831865787506104,234.9024658203125,0.375,1.0,0.0,1.0,0.0,0.0,0.001306994236074388,0.21792031824588776,0.0,0.20337477326393127,0.21635864675045013,0.24129195511341095,-1.5987670421600342,-1.5740571022033691,-1.5265686511993408,0.0,1.0
133120,130,6,223.07259355377178,168.16666666666666,-0.005342495057266206,2.418376464396715,-0.46633253395557406,0.003948096446401905,0.030908203125,0.5058349713683128,29.485535550117493,0.9848410487174988,4.348758220672607,58.14781188964844,28.97640609741211,57.1629753112793,31.644214630126953,0.9774762074466571,0.9088442325592041,117.35596466064453,0.525,1.0,0.0,1.0,0.0,0.0,-0.014646045863628387,0.21979990601539612,0.0,0.2036520093679428,0.21630863845348358,0.24150431156158447,-1.598235011100769,-1.5741349458694458,-1.5261677503585815,0.0,1.0
134144,131,8,178.86034617186357,160.375,-0.005066994164371863,7.466257697343826,-0.4649264752864838,0.004147488999296911,0.0499755859375,0.4738849405199289,48.19733316898346,0.40582510828971863,6.047064304351807,57.67782974243164,33.03907012939453,57.272003173828125,32.422096252441406,0.9665008672318688,0.701580286026001,152.68821716308594,0.4,1.0,0.0,1.0,0.0,0.0,-0.02796899527311325,0.22089043259620667,0.0,0.2028520554304123,0.21658392250537872,0.24364830553531647,-1.5997705459594727,-1.5736184120178223,-1.5221225023269653,0.0,1.0
135168,132,7,197.1018473704576,166.28571428571428,-0.0044018901651725175,11.099060478806496,-0.46351367607712746,0.0034979027273948303,0.0254638671875,0.47256561033427713,62.47327284812927,1.3714218139648438,7.03828239440918,48.27783966064453,32.20567321777344,46.90641403198242,33.76241683959961,0.9522395291936673,0.7980149984359741,206.10556030273438,0.425,1.0,0.0,1.0,0.0,0.0,-0.015691658481955528,0.221192866563797,0.0,0.20201805233955383,0.21676598489284515,0.24248294532299042,-1.6013720035552979,-1.5732828378677368,-1.5243207216262817,0.0,1.0
136192,133,6,170.16716484516436,158.16666666666666,-0.004263185965828598,5.289421135187149,-0.4639535889029503,0.004665274704166222,0.0293212890625,0.5085335753858089,45.22245712280274,-1.5554041862487793,4.89065408706665,57.39246368408203,32.415306091308594,58.94786834716797,31.144046783447266,0.9772367852590503,0.7841920256614685,161.43067932128906,0.525,1.0,0.0,1.0,0.0,0.0,-0.012631278485059738,0.2219880074262619,0.0,0.199798122048378,0.21628320217132568,0.24107946455478668,-1.6056374311447144,-1.5741931200027466,-1.5269697904586792,0.0,1.0
137216,134,5,171.6745606703626,162.2,-0.006169008140568621,7.898341545462609,-0.46830427646636963,0.006429203301377129,0.0533447265625,0.5508596580475569,64.85394241809846,1.5128521919250488,6.746503829956055,46.5374641418457,29.573659896850586,45.02461624145508,30.787734985351562,0.9479587920808552,1.1872905492782593,208.344970703125,0.55,1.0,0.0,1.0,0.0,0.0,-0.025850534439086914,0.22129115462303162,0.0,0.19849273562431335,0.21533942222595215,0.2406589239835739,-1.608147382736206,-1.5759774446487427,-1.5277639627456665,0.0,1.0
138240,135,6,193.4586981373523,167.83333333333334,-0.004881437309086323,7.661416321992874,-0.47193409577012063,0.0027450584224425257,0.0334716796875,0.4969684682786465,46.20080780982971,-0.2526944577693939,6.102810382843018,53.03583526611328,34.5682373046875,53.28852844238281,34.05071258544922,0.9688322600356628,0.8972054719924927,108.66802215576172,0.4,1.0,0.0,1.0,0.0,0.0,-0.014355101622641087,0.22071106731891632,0.0,0.19831575453281403,0.215095654129982,0.23949366807937622,-1.6084877252578735,-1.5764302015304565,-1.5299651622772217,0.0,1.0
139264,136,7,184.9840085623673,167.85714285714286,-0.0042376048164442185,11.72923411130905,-0.4729010805487633,0.004775606931070797,0.0284423828125,0.5335036814212799,97.14473638534545,1.7832818031311035,8.130791664123535,43.71442413330078,33.95913314819336,41.93114471435547,36.433109283447266,0.9426738803429684,0.9585577845573425,314.2277526855469,0.55,1.0,0.0,1.0,0.0,0.0,-0.01973355934023857,0.2214936763048172,0.0,0.19584697484970093,0.21492516994476318,0.2399064600467682,-1.6132383346557617,-1.576785922050476,-1.529185175895691,0.0,1.0
140288,137,5,193.56668317043014,168.0,-0.0037254861788824202,2.2657307788729666,-0.4756560459733009,0.004268401175795589,0.029345703125,0.5462180204689503,22.612115180492403,0.06448954343795776,3.440762519836426,51.60418701171875,29.94634437561035,51.539695739746094,30.488744735717773,0.9867985469030276,0.9470163583755493,77.41399383544922,0.55,1.0,0.0,1.0,0.0,0.0,-0.014919310808181763,0.2189643830060959,0.0,0.19467946887016296,0.213948592543602,0.23871861398220062,-1.6154865026474,-1.5786510705947876,-1.5314298868179321,0.0,1.0
141312,138,8,177.6322127559911,168.125,-0.0037474716547876595,11.8566364467144,-0.48252727687358854,0.0014580965173081495,0.0305419921875,0.5590827479958534,51.67069516181946,-0.211661696434021,7.057696342468262,51.252769470214844,36.98688507080078,51.46443557739258,37.28253936767578,0.9635891727707241,1.1441128253936768,128.50515747070312,0.6,1.0,0.0,1.0,0.0,0.0,-0.0034712820779532194,0.21902982890605927,0.0,0.1916852444410324,0.21272782981395721,0.23682519793510437,-1.621256947517395,-1.5809885263442993,-1.5350104570388794,0.0,1.0
142336,139,7,177.27234892990603,154.28571428571428,-0.0036147069418802857,7.910298565030098,-0.48710327669978143,0.0026841001425054857,0.022607421875,0.5040056623518467,89.39602658748626,1.3584107160568237,7.028435707092285,50.27165985107422,33.13555145263672,48.913246154785156,36.8975715637207,0.9550086570200284,0.8656299710273743,310.644775390625,0.425,1.0,0.0,1.0,0.0,0.0,-0.002302185632288456,0.22173567116260529,0.0,0.18922297656536102,0.21234679222106934,0.2359103262424469,-1.626007080078125,-1.581717848777771,-1.5367416143417358,0.0,1.0
143360,140,7,183.93638488892879,155.14285714285714,-0.005663842975627631,6.805884942412376,-0.4926938459277153,0.0030221613153116776,0.036962890625,0.5206741377711296,66.82750205993652,0.4198070168495178,6.6252360343933105,47.44178009033203,31.442291259765625,47.02197265625,34.06892776489258,0.9556008837055018,0.8192995190620422,235.0380096435547,0.5,1.0,0.0,1.0,0.0,0.0,-0.009342625737190247,0.22516143321990967,0.0,0.18840208649635315,0.21057988703250885,0.23298652470111847,-1.6275917291641235,-1.5851019620895386,-1.5422792434692383,0.0,1.0
144384,141,5,151.2326310199989,144.8,-0.0035764154163189232,5.49628998786211,-0.5054608769714832,0.004190606967313215,0.0288818359375,0.5126559711992741,37.894781708717346,0.15706287324428558,5.439021587371826,53.259559631347656,31.742948532104492,53.10249328613281,33.37832260131836,0.9706406112991492,0.8953057527542114,102.55763244628906,0.525,1.0,0.0,1.0,0.0,0.0,0.010769732296466827,0.2184595763683319,0.0,0.18693841993808746,0.20785312354564667,0.2286882996559143,-1.630418300628662,-1.590272068977356,-1.5504333972930908,0.0,1.0
145408,142,7,160.664626186902,140.57142857142858,-0.004431834479328245,8.88304033279419,-0.5153828963637352,0.0035046522752963938,0.043798828125,0.4991341561079025,55.24655816555023,-1.5710326433181763,6.474277973175049,57.68205261230469,31.914730072021484,59.253082275390625,30.074861526489258,0.9588471090070554,0.8877963423728943,171.68316650390625,0.45,1.0,0.0,1.0,0.0,0.0,0.0094018978998065,0.21866047382354736,0.0,0.18612706661224365,0.207846999168396,0.23041850328445435,-1.6319857835769653,-1.5903061628341675,-1.5471491813659668,0.0,1.0
146432,143,8,172.42014824571464,153.625,-0.0036440683295950295,6.8209251940250395,-0.5144872561097145,0.0025394199605216273,0.0149658203125,0.5018118318170309,53.46674242019653,-0.45430463552474976,6.487114906311035,48.535369873046875,32.94283676147461,48.98967361450195,34.40797805786133,0.9612223777310059,0.8356108665466309,160.5783233642578,0.45,1.0,0.0,1.0,0.0,0.0,0.004642490763217211,0.2192183881998062,0.0,0.18522131443023682,0.20747071504592896,0.2319142371416092,-1.633736252784729,-1.5910433530807495,-1.5443120002746582,0.0,1.0
147456,144,7,169.389097859649,144.28571428571428,-0.003982414025813341,5.62849957048893,-0.521689073741436,0.006906540021009278,0.0327392578125,0.553766617178917,50.498883032798766,1.8966765403747559,5.5644426345825195,49.964805603027344,30.78005027770996,48.06813049316406,33.50782012939453,0.9673182993480769,1.1272015571594238,163.61734008789062,0.6,1.0,0.0,1.0,0.0,0.0,-0.006071710959076881,0.21633100509643555,0.0,0.18342605233192444,0.20523299276828766,0.22868303954601288,-1.6372075080871582,-1.5953539609909058,-1.550443410873413,0.0,1.0
148480,145,7,184.9887758501025,158.85714285714286,-0.004389545030426234,7.4056111693382265,-0.5316021770238877,0.0029869093632441945,0.0375,0.5289984010159969,74.34933063983917,2.9881067276000977,6.060614585876465,45.72950744628906,34.71612548828125,42.74140167236328,37.41840362548828,0.9695230993993668,0.8690958023071289,261.83575439453125,0.525,1.0,0.0,1.0,0.0,0.0,-0.0029623769223690033,0.21482644975185394,0.0,0.18274721503257751,0.2046695500612259,0.2279699295759201,-1.6385207176208496,-1.5964246988296509,-1.5517977476119995,0.0,1.0
149504,146,6,171.38459811230575,141.33333333333334,-0.0036582832573913036,3.5410822331905365,-0.5355103224515915,0.0024408044628216885,0.02666015625,0.515178257972002,36.63475141525269,-0.29197973012924194,4.213639259338379,58.155723571777344,27.215469360351562,58.44770050048828,26.069902420043945,0.976029171520443,0.8871477246284485,110.86438751220703,0.5,1.0,0.0,1.0,0.0,0.0,0.015057777054607868,0.22006157040596008,0.0,0.18237386643886566,0.2033623903989792,0.22628715634346008,-1.6392430067062378,-1.5989302396774292,-1.5549955368041992,0.0,1.0
150528,147,7,188.53115909340363,152.42857142857142,-0.0027898330648895354,4.460065607726574,-0.5420036509633064,0.001752357670920901,0.0175537109375,0.47180408984422684,43.19346191883087,1.6853623390197754,4.6487274169921875,49.387733459472656,29.65424919128418,47.702369689941406,31.43343162536621,0.9754249517138909,0.9098581671714783,140.15145874023438,0.4,1.0,0.0,1.0,0.0,0.0,0.005895331501960754,0.21651853621006012,0.0,0.18360626697540283,0.20288072526454926,0.22617493569850922,-1.6368589401245117,-1.5998395681381226,-1.5552088022232056,0.0,1.0
151552,148,6,177.78970437283883,149.0,-0.003263614949537441,3.9652072370052336,-0.5428022965788841,0.0016544175479793922,0.020458984375,0.5224114507436752,35.60213963985443,1.3525795936584473,4.405466556549072,52.13990783691406,29.465227127075195,50.787330627441406,31.1873779296875,0.9776455397351042,0.90763258934021,113.32278442382812,0.525,1.0,0.0,1.0,0.0,0.0,0.009716972708702087,0.2181089222431183,0.0,0.18281859159469604,0.20277243852615356,0.22573401033878326,-1.6383826732635498,-1.6000456809997559,-1.5560472011566162,0.0,1.0
152576,149,7,176.28886457796298,158.57142857142858,-0.006138596858363599,6.310570102930069,-0.5458400785923004,0.004527329061238561,0.065234375,0.5061813436448575,33.16527111530304,-0.25569453835487366,4.878271579742432,48.33290100097656,33.26003646850586,48.58859634399414,32.167964935302734,0.978487714861297,0.9494965076446533,86.52229309082031,0.5,1.0,0.0,1.0,0.0,0.0,-0.001112518715672195,0.2137172669172287,0.0,0.1812310367822647,0.2017352133989334,0.22530344128608704,-1.641454815864563,-1.6020493507385254,-1.556865930557251,0.0,1.0
153600,150,8,165.35026008779874,154.25,-0.003857128758681938,14.896276968717576,-0.5487478882074356,0.004842045278928708,0.0268310546875,0.44240582063794137,64.46805744171142,-0.7309067845344543,8.28282642364502,46.39818572998047,32.595306396484375,47.12908935546875,34.00190734863281,0.9354276125765045,0.7673227787017822,174.951171875,0.275,1.0,0.0,1.0,0.0,0.0,0.0011177738197147846,0.21135155856609344,0.0,0.1811397522687912,0.20230281352996826,0.2260235846042633,-1.6416314840316772,-1.6009787321090698,-1.5554965734481812,0.0,1.0
154624,151,5,160.20105331543752,155.2,-0.005464819009648636,4.375211961567402,-0.5471564307808876,0.0021904461333178914,0.037548828125,0.4971455827355385,40.38368170261383,-0.21968397498130798,5.080483436584473,45.381591796875,30.434009552001953,45.60127639770508,30.865453720092773,0.9721329036547756,0.8551619052886963,136.9647216796875,0.425,1.0,0.0,1.0,0.0,0.0,-0.0034680243115872145,0.2134317308664322,0.0,0.18024973571300507,0.20161201059818268,0.22473451495170593,-1.6433546543121338,-1.6022696495056152,-1.557948112487793,0.0,1.0
155648,152,8,167.05077439514412,153.125,-0.0036731122236233205,10.217407196760178,-0.5575053125619889,0.003205411160888616,0.016455078125,0.5748957492411136,67.64345045089722,1.6237590312957764,7.246029853820801,45.012428283691406,34.012638092041016,43.38866424560547,36.29119873046875,0.954614239893038,0.8319242596626282,233.5551300048828,0.675,1.0,0.0,1.0,0.0,0.0,0.00260169361717999,0.21966540813446045,0.0,0.17759090662002563,0.19859541952610016,0.2194852977991104,-1.648505687713623,-1.6080570220947266,-1.567945122718811,0.0,1.0
156672,153,6,156.67294348063888,145.83333333333334,-0.002363446389790624,7.6295386254787445,-0.5699975401163101,0.002146865864051506,0.0164306640625,0.5142431724816561,55.19608371257782,-1.0483516454696655,6.416202068328857,47.92120361328125,32.72706604003906,48.96955871582031,32.946014404296875,0.9615636665174356,0.8207076191902161,168.0648193359375,0.475,1.0,0.0,1.0,0.0,0.0,0.008494413457810879,0.2204388827085495,0.0,0.17599835991859436,0.19799108803272247,0.22003969550132751,-1.6515932083129883,-1.6092486381530762,-1.5668882131576538,0.0,1.0
157696,154,5,159.24009135122526,152.0,-0.004677289945539087,6.265800136327743,-0.5730927392840386,0.0031266617414075883,0.027783203125,0.5108494836837053,35.064428853988645,-0.2939428389072418,5.351070404052734,47.95684814453125,31.163455963134766,48.25079345703125,30.73496437072754,0.9705157504473829,1.0819804668426514,135.8603515625,0.4,1.0,0.0,1.0,0.0,0.0,0.007489026058465242,0.21123845875263214,0.0,0.17501063644886017,0.19717566668987274,0.22003638744354248,-1.6535090208053589,-1.6108285188674927,-1.56689453125,0.0,1.0
158720,155,9,167.77544133613836,153.44444444444446,-0.00411822791211307,5.730709904432297,-0.5784249112010003,0.0034148433667724023,0.0406982421875,0.5377252954989672,34.2949725151062,1.4606969356536865,5.384340763092041,48.533363342285156,30.99135398864746,47.07266616821289,32.09870910644531,0.9698155003937471,1.0695364475250244,84.28351593017578,0.6,1.0,0.0,1.0,0.0,0.0,0.012542814016342163,0.2143128514289856,0.0,0.17447978258132935,0.196017324924469,0.21839278936386108,-1.6545389890670776,-1.6130281686782837,-1.5700286626815796,0.0,1.0
159744,156,6,187.49887275602046,164.5,-0.004839902231469751,7.54166941344738,-0.5841299563646316,0.005065969077986665,0.0434326171875,0.5450532667338848,61.53596129417419,2.7144603729248047,5.731268405914307,42.464752197265625,33.02836990356445,39.75028991699219,36.33165740966797,0.9698888552768151,0.8738676905632019,215.6790313720703,0.575,1.0,0.0,1.0,0.0,0.0,0.003623906522989273,0.21246455609798431,0.0,0.17321471869945526,0.19533903896808624,0.21723099052906036,-1.656994104385376,-1.6143404245376587,-1.5722453594207764,0.0,1.0
160768,157,5,161.06534827117716,159.0,-0.006132014644390438,4.653479060530662,-0.5865816041827202,0.004678851985954679,0.05029296875,0.48698491230607033,34.669512844085695,1.5699541568756104,4.711910724639893,49.59919738769531,31.32693862915039,48.02924346923828,31.398815155029297,0.9773765829506602,0.9821096062660217,94.23700714111328,0.375,1.0,0.0,1.0,0.0,0.0,-0.007237523794174194,0.20820511877536774,0.0,0.1732335090637207,0.19531305134296417,0.21828685700893402,-1.6569576263427734,-1.6143840551376343,-1.5702307224273682,0.0,1.0
161792,158,6,196.79487031408578,177.33333333333334,-0.0054625389981083575,6.484829871356487,-0.5863764718174934,0.00214393306087004,0.0265869140625,0.46363629922270777,59.26573522090912,2.3569841384887695,5.992446422576904,47.1216926574707,32.1087646484375,44.764705657958984,32.72896957397461,0.9651693867642194,0.926947832107544,198.05860900878906,0.3,1.0,0.0,1.0,0.0,0.0,-0.022287391126155853,0.20871467888355255,0.0,0.17108996212482452,0.19519688189029694,0.21821153163909912,-1.6611201763153076,-1.6146316528320312,-1.5703744888305664,0.0,1.0
162816,159,6,196.27748470153838,175.5,-0.003910385130438954,7.141012758016586,-0.5865666061639786,0.0041530241986038165,0.0258056640625,0.511112679541111,56.99418454170227,2.3756725788116455,5.341057300567627,43.87199401855469,31.636995315551758,41.49632263183594,32.2337760925293,0.9714987375368942,0.9248493909835815,236.66339111328125,0.525,1.0,0.0,1.0,0.0,0.0,-0.008750141598284245,0.20662060379981995,0.0,0.17411869764328003,0.19552858173847198,0.2172415405511856,-1.6552395820617676,-1.6139672994613647,-1.5722253322601318,0.0,1.0
163840,160,5,213.20848546701063,187.2,-0.0044668811955489215,4.284463448822498,-0.5843968093395233,0.003074071409355383,0.0215087890625,0.5134489364922047,69.29574506282806,2.5021018981933594,4.8663330078125,45.211631774902344,33.62504196166992,42.70953369140625,36.1951904296875,0.9790551169188055,0.8184108138084412,261.267333984375,0.525,1.0,0.0,1.0,0.0,0.0,-0.010914837010204792,0.2045191377401352,0.0,0.1750549077987671,0.19552887976169586,0.2165961116552353,-1.6534231901168823,-1.6139565706253052,-1.5734572410583496,0.0,1.0
164864,161,5,195.71545655287727,194.2,-0.0028606222942471502,6.02241983115673,-0.5869101718068123,0.001869575738965068,0.0114501953125,0.5112071976065635,54.031104874610904,1.7124333381652832,5.918952465057373,51.600135803222656,37.1436767578125,49.887699127197266,38.727020263671875,0.9746066560950788,1.081031084060669,199.8258056640625,0.475,1.0,0.0,1.0,0.0,0.0,-0.01502982433885336,0.2064584195613861,0.0,0.17558467388153076,0.19463367760181427,0.21549811959266663,-1.652395486831665,-1.6156703233718872,-1.5755538940429688,0.0,1.0
165888,162,6,176.70541876381424,169.0,-0.00257247356348671,19.540138995647432,-0.5916918739676476,0.002113285286759492,0.0168701171875,0.4212355580180883,88.27766528129578,-0.19139111042022705,9.27078628540039,42.511688232421875,38.2808952331543,42.70307922363281,38.34804153442383,0.9413498780204621,0.7932954430580139,202.1339874267578,0.225,1.0,0.0,1.0,0.0,0.0,-0.016179049387574196,0.20442795753479004,0.0,0.17629022896289825,0.19434261322021484,0.21535390615463257,-1.6510272026062012,-1.6162199974060059,-1.575829267501831,0.0,1.0
166912,163,6,203.4400001237518,191.83333333333334,-0.004728769126813859,7.50178354382515,-0.5959398820996284,0.005940415011718869,0.0607421875,0.5275679118931293,34.835087466239926,1.0654187202453613,5.622133731842041,41.92076873779297,32.24687194824219,40.85535430908203,30.874042510986328,0.969603256539025,0.8489038348197937,82.48505401611328,0.475,1.0,0.0,1.0,0.0,0.0,-0.02173466980457306,0.20518141984939575,0.0,0.17357531189918518,0.1926797479391098,0.2142130434513092,-1.6562942266464233,-1.6194452047348022,-1.5780088901519775,0.0,1.0
167936,164,4,175.50160531051964,188.25,-0.004521665279753506,4.0519038289785385,-0.6035040467977524,0.002717292436864227,0.0399658203125,0.48385843113064764,58.01171991825104,1.7779523134231567,5.013758659362793,46.661598205566406,35.07945251464844,44.88364791870117,36.103126525878906,0.9795722137788254,0.8887521624565125,211.54783630371094,0.45,1.0,0.0,1.0,0.0,0.0,-0.028506221249699593,0.2024608999490738,0.0,0.17189867794513702,0.1918659210205078,0.21343964338302612,-1.659549355506897,-1.621014952659607,-1.5794870853424072,0.0,1.0
168960,165,6,221.60946154065664,197.5,-0.005090438935440034,6.9968275159597395,-0.6093662485480309,0.004792398716381286,0.0371826171875,0.5217694915831089,83.30748372077942,3.6712279319763184,5.723996639251709,40.318206787109375,38.081607818603516,36.646976470947266,40.19498062133789,0.9774073013982848,0.8467442989349365,324.9116516113281,0.475,1.0,0.0,1.0,0.0,0.0,-0.02688867785036564,0.1996602565050125,0.0,0.1713894158601761,0.190755233168602,0.21252228319644928,-1.6605384349822998,-1.6231542825698853,-1.5812410116195679,0.0,1.0
169984,166,5,207.54665358530374,209.8,-0.0032128841790836304,7.623368430137634,-0.614159707725048,0.0024806378947687334,0.0183349609375,0.4215878456830978,46.840351819992065,2.4282398223876953,5.145283222198486,48.52863311767578,31.981653213500977,46.10039520263672,31.94254493713379,0.9741168767099178,0.7126404047012329,137.2055206298828,0.2,1.0,0.0,1.0,0.0,0.0,-0.027471059933304787,0.1983698159456253,0.0,0.17265023291110992,0.1902753859758377,0.21261323988437653,-1.6580899953842163,-1.6240614652633667,-1.5810670852661133,0.0,1.0
171008,167,4,213.87402345353325,226.25,-0.003501059068366885,12.378242337703705,-0.6173857569694519,0.0031788870808668436,0.043994140625,0.48407759293913843,58.105823802947995,0.43105465173721313,7.547095775604248,44.30656814575195,38.34518051147461,43.875511169433594,39.224220275878906,0.9612619075262941,0.8042749166488647,153.63836669921875,0.4,1.0,0.0,1.0,0.0,0.0,-0.011813521385192871,0.1986212432384491,0.0,0.17159466445446014,0.18936502933502197,0.21291916072368622,-1.660139799118042,-1.6258500814437866,-1.5804821252822876,0.0,1.0
172032,168,8,207.100521378629,190.125,-0.005293940601404756,10.908710515499115,-0.6213938295841217,0.002435800946841482,0.0402099609375,0.4765762880444527,69.74000289440156,-0.9745519161224365,7.286587238311768,50.317405700683594,36.28117752075195,51.291961669921875,35.784027099609375,0.9596646720029433,0.8823642730712891,203.84292602539062,0.425,1.0,0.0,1.0,0.0,0.0,-0.016316106542944908,0.20489086210727692,0.0,0.17229652404785156,0.18924260139465332,0.21292635798454285,-1.6587767601013184,-1.6260827779769897,-1.5804684162139893,0.0,1.0
173056,169,5,145.3971537474637,149.4,-0.0033620134461671116,26.32217583656311,-0.6187347933650017,0.0029645969465491363,0.0432373046875,0.5113263182342053,81.04963994026184,-2.5789031982421875,9.323219299316406,55.23036193847656,33.89654541015625,57.80926513671875,31.069814682006836,0.9243479111943971,0.9215885996818542,186.4110107421875,0.45,1.0,0.0,1.0,0.0,0.0,-0.03065912425518036,0.20131920278072357,0.0,0.17253223061561584,0.1902313083410263,0.2140832096338272,-1.658319115638733,-1.6241817474365234,-1.5782570838928223,0.0,1.0
174080,170,6,189.2982097253351,185.16666666666666,-0.004028849868336693,7.991644290089607,-0.6174444645643234,0.004898882284760475,0.0275146484375,0.44591455459594725,60.59260005950928,1.3144911527633667,6.652585506439209,50.49964141845703,34.2161979675293,49.185150146484375,34.69879150390625,0.9621977690394786,0.9349474310874939,182.3181915283203,0.275,1.0,0.0,1.0,0.0,0.0,-0.017673388123512268,0.20138010382652283,0.0,0.17280708253383636,0.18928353488445282,0.21281826496124268,-1.6577855348587036,-1.62600576877594,-1.5806751251220703,0.0,1.0
175104,171,5,221.26477470902404,189.4,-0.0037460025341715664,12.15925299525261,-0.6223770126700401,0.002365345996804535,0.01640625,0.5161993455141782,101.96261513233185,2.731703758239746,8.695401191711426,42.53295135498047,34.82524490356445,39.801246643066406,39.91731643676758,0.9376565360367767,1.106589674949646,478.42938232421875,0.525,1.0,0.0,1.0,0.0,0.0,-0.01178053766489029,0.20253314077854156,0.0,0.1723407804965973,0.18888123333454132,0.21067029237747192,-1.6586909294128418,-1.6267751455307007,-1.5847840309143066,0.0,1.0
176128,172,6,173.17788191802757,184.0,-0.005127017642371357,9.635567444562913,-0.6245480045676232,0.0018226845844765195,0.035107421875,0.5248900972306728,49.21864221096039,0.6142562627792358,6.334280967712402,41.93517303466797,40.326934814453125,41.3209114074707,40.678871154785156,0.9753280072426366,1.3106234073638916,120.71180725097656,0.45,1.0,0.0,1.0,0.0,0.0,-0.015584979206323624,0.20193402469158173,0.0,0.17187337577342987,0.18838632106781006,0.21065455675125122,-1.6595985889434814,-1.6277375221252441,-1.5848140716552734,0.0,1.0
177152,173,6,181.75445962622382,159.83333333333334,-0.00320072709582746,10.224019977450371,-0.6249467894434929,0.002920696158253122,0.0249267578125,0.48783945217728614,55.340157341957095,-1.6402325630187988,6.870627403259277,53.640663146972656,30.594736099243164,55.28089904785156,29.8297176361084,0.9495687911806666,0.936889111995697,160.09918212890625,0.4,1.0,0.0,1.0,0.0,0.0,-0.022984495386481285,0.20106714963912964,0.0,0.17155660688877106,0.18908162415027618,0.21349726617336273,-1.6602137088775635,-1.6263923645019531,-1.5793769359588623,0.0,1.0
178176,174,4,181.1832843215182,193.5,-0.004478041455149651,4.668223838508129,-0.6238501593470573,0.00497436168952845,0.0265625,0.4827232822775841,59.09175846576691,1.8543072938919067,5.093294620513916,44.95807647705078,37.928565979003906,43.10376739501953,40.76713562011719,0.9819671343865106,1.1278997659683228,211.97401428222656,0.45,1.0,0.0,1.0,0.0,0.0,-0.02126411162316799,0.20324522256851196,0.0,0.17012083530426025,0.1881578415632248,0.21375469863414764,-1.6630030870437622,-1.6281808614730835,-1.5788848400115967,0.0,1.0
179200,175,4,185.26526160096145,195.0,-0.004379409522516653,5.960144950449466,-0.6305284529924393,0.004712632828159258,0.04306640625,0.5241116743534804,83.29824748039246,2.4112191200256348,5.633932113647461,45.82459259033203,34.03672409057617,43.41337585449219,36.128517150878906,0.9726014421826972,1.0624029636383057,280.2427673339844,0.475,1.0,0.0,1.0,0.0,0.0,-0.030077988281846046,0.20136016607284546,0.0,0.1673402637243271,0.187364399433136,0.21271909773349762,-1.6684088706970215,-1.6297378540039062,-1.580864667892456,0.0,1.0
180224,176,7,205.71663584500862,203.0,-0.0026360678719356658,21.9302441239357,-0.6366707906126976,0.0015742794508696533,0.0172607421875,0.5029809907078743,87.96623826026917,1.0472543239593506,10.000024795532227,44.055728912353516,40.134559631347656,43.00847625732422,42.62146759033203,0.9379180738990749,0.8577110171318054,254.86813354492188,0.5,1.0,0.0,1.0,0.0,0.0,-0.03978760167956352,0.20009304583072662,0.0,0.16337667405605316,0.18557429313659668,0.21344594657421112,-1.6761231422424316,-1.6332225799560547,-1.5794750452041626,0.0,1.0
181248,177,5,214.82472866450127,204.6,-0.0050141547049861405,12.263394397497176,-0.6447831511497497,0.004748012163327075,0.0516845703125,0.5055033680051565,68.03559718132018,0.2018931359052658,7.523548603057861,43.28846740722656,36.37142562866211,43.086570739746094,37.073150634765625,0.9572117256907833,1.0279754400253296,196.87831115722656,0.525,1.0,0.0,1.0,0.0,0.0,-0.03954760730266571,0.1985984593629837,0.0,0.1634688824415207,0.18521393835544586,0.21412982046604156,-1.6759436130523682,-1.6339274644851685,-1.5781679153442383,0.0,1.0
182272,178,5,193.0117967641064,191.8,-0.003773428942076862,12.743033492565155,-0.64778733253479,0.004123242999776266,0.0269775390625,0.471996096894145,68.92158236503602,-0.1271761655807495,7.773655891418457,51.2720947265625,37.009239196777344,51.39927291870117,36.77927017211914,0.9558805266352213,0.9085729718208313,198.64010620117188,0.4,1.0,0.0,1.0,0.0,0.0,-0.04158015176653862,0.19984644651412964,0.0,0.16234947741031647,0.1839122325181961,0.21256914734840393,-1.678123950958252,-1.6364351511001587,-1.5811514854431152,0.0,1.0
183296,179,5,185.01676980438282,195.6,-0.0025264369614887983,3.5600159645080565,-0.656102092564106,0.0017072218266548588,0.020068359375,0.4854557581245899,31.15536289215088,0.6250588893890381,4.047085285186768,48.41858673095703,33.67258071899414,47.79352569580078,33.7989501953125,0.9855545251480242,0.8047219514846802,83.63050079345703,0.475,1.0,0.0,1.0,0.0,0.0,-0.0355360321700573,0.19832023978233337,0.0,0.16248221695423126,0.18281008303165436,0.21084144711494446,-1.6778653860092163,-1.638548731803894,-1.584456443786621,0.0,1.0
184320,180,6,183.76794860151514,185.5,-0.004736613354180008,18.757185983657838,-0.6642805874347687,0.0028121406183345245,0.01884765625,0.47465980052948,134.78139457702636,2.7332663536071777,10.353151321411133,46.040321350097656,41.740882873535156,43.30705261230469,44.9902458190918,0.9384792127095407,0.8277961015701294,513.4830932617188,0.4,1.0,0.0,1.0,0.0,0.0,-0.038740966469049454,0.1947280764579773,0.0,0.16038626432418823,0.18070103228092194,0.2082754224538803,-1.6819499731063843,-1.642624855041504,-1.589369535446167,0.0,1.0
185344,181,5,205.8128124698977,194.0,-0.0058501366758719085,10.208532524108886,-0.6727874174714088,0.0026396836547064595,0.0391845703125,0.5275008603930473,98.99972701072693,1.673518180847168,8.002052307128906,51.10540771484375,38.703125,49.43189239501953,40.434078216552734,0.9572524984464538,0.8559149503707886,327.7185363769531,0.525,1.0,0.0,1.0,0.0,0.0,-0.04625089466571808,0.19439156353473663,0.0,0.16225773096084595,0.1802271455526352,0.20567330718040466,-1.6783027648925781,-1.6435112953186035,-1.5943571329116821,0.0,1.0
186368,182,4,215.11029417933457,200.0,-0.004816681635566056,11.049418896436691,-0.6752120569348335,0.003135426623339299,0.04443359375,0.5139360897243023,61.916506671905516,0.45427221059799194,7.152245998382568,53.130409240722656,33.36720657348633,52.6761360168457,32.011024475097656,0.9540542608511163,1.152408480644226,180.5884246826172,0.425,1.0,0.0,1.0,0.0,0.0,-0.04416187107563019,0.19437715411186218,0.0,0.16364116966724396,0.1796344667673111,0.20391641557216644,-1.6756080389022827,-1.6446661949157715,-1.5977275371551514,0.0,1.0
187392,183,5,227.33496141921688,230.6,-0.003289512312039733,11.685402572154999,-0.6768568366765976,0.0020079812064068394,0.02705078125,0.540008170157671,140.95961699485778,4.771547317504883,7.227619647979736,38.2755126953125,43.35054016113281,33.50396728515625,47.45326232910156,0.9722027663176527,0.9826908707618713,493.8857727050781,0.475,1.0,0.0,1.0,0.0,0.0,-0.040039483457803726,0.19277702271938324,0.0,0.1620054692029953,0.17969460785388947,0.20403684675693512,-1.678794264793396,-1.6445331573486328,-1.5974963903427124,0.0,1.0
188416,184,6,255.70697713246804,229.83333333333334,-0.0022667765617370604,18.344231569766997,-0.6808205798268319,0.001746405809535645,0.01171875,0.5220906000584364,92.40301170349122,-0.8424624800682068,8.858802795410156,52.63092041015625,36.625152587890625,53.473384857177734,37.155391693115234,0.9414952469722107,1.153701663017273,205.345947265625,0.525,1.0,0.0,1.0,0.0,0.0,-0.03339669853448868,0.1954469084739685,0.0,0.15902185440063477,0.17794935405254364,0.20257797837257385,-1.684610366821289,-1.647917628288269,-1.6002967357635498,0.0,1.0
189440,185,3,165.08841786957962,177.0,-0.005364037113031373,18.18019347190857,-0.6884080052375794,0.005136434825544711,0.0471923828125,0.5224004991352558,96.30937914848327,-1.5128519535064697,8.847495079040527,47.489234924316406,39.03788757324219,49.0020866394043,37.926143646240234,0.9486349016146591,1.078440546989441,264.0169982910156,0.475,1.0,0.0,1.0,0.0,0.0,-0.0383991114795208,0.19821079075336456,0.0,0.1595698893070221,0.17798621952533722,0.20153255760669708,-1.6835416555404663,-1.6478327512741089,-1.6023045778274536,0.0,1.0
190464,186,7,193.99617819276344,202.42857142857142,-0.0043062458513304595,13.474252718687058,-0.6854096591472626,0.0025021834211656825,0.02705078125,0.5469261020421982,84.49678544998169,4.074012756347656,7.710188388824463,46.913177490234375,44.159175872802734,42.83916473388672,47.607261657714844,0.9695148659332051,1.06575345993042,271.8820495605469,0.55,1.0,0.0,1.0,0.0,0.0,-0.02224225364625454,0.19622719287872314,0.0,0.15901294350624084,0.17801612615585327,0.20308023691177368,-1.6846277713775635,-1.6478004455566406,-1.5993324518203735,0.0,1.0
191488,187,3,261.8095600226602,254.33333333333334,-0.004768151085590944,4.508687809109688,-0.6905231863260269,0.004167737875832245,0.0341064453125,0.4409377742558718,40.91184167861938,1.4638429880142212,4.245436668395996,59.33129119873047,37.20762634277344,57.86744689941406,38.26492691040039,0.9869809039484234,0.9328307509422302,145.6549530029297,0.425,1.0,0.0,1.0,0.0,0.0,-0.02766888029873371,0.1972881555557251,0.0,0.1559291034936905,0.17654430866241455,0.2027420699596405,-1.6906449794769287,-1.650673508644104,-1.5999817848205566,0.0,1.0
192512,188,5,249.1853812265776,239.6,-0.004167136643081904,22.411610460281373,-0.6959424868226052,0.005691921786637977,0.037060546875,0.5483981881290674,73.01561632156373,-0.7991176247596741,8.985458374023438,49.33343505859375,43.68158721923828,50.13255310058594,43.25382614135742,0.9576860429729644,1.0790176391601562,184.29298400878906,0.55,1.0,0.0,1.0,0.0,0.0,-0.02194336988031864,0.1968187391757965,0.0,0.154888316988945,0.17647583782672882,0.2019040882587433,-1.6926770210266113,-1.6507922410964966,-1.601590871810913,0.0,1.0
193536,189,3,211.28068979775662,215.33333333333334,-0.003165714573697187,6.530757358670234,-0.6979061976075173,0.001646505195822101,0.0180908203125,0.47323417775332927,54.56192510128021,2.975048065185547,5.605260372161865,58.092838287353516,34.423519134521484,55.117794036865234,35.88022994995117,0.9734856496213026,0.9370009899139404,228.98500061035156,0.375,1.0,0.0,1.0,0.0,0.0,-0.026312848553061485,0.19617988169193268,0.0,0.1543232500553131,0.17546524107456207,0.19964870810508728,-1.6937806606292725,-1.6527289152145386,-1.6059246063232422,0.0,1.0
194560,190,5,289.1384231658116,259.0,-0.002939780431916006,22.945288288593293,-0.7008888587355614,0.0024234144220827147,0.0244140625,0.5270047444850207,104.54057993888856,4.560196399688721,8.71733283996582,39.843017578125,38.0997200012207,35.28282165527344,40.47600173950195,0.9476491561118031,1.0755363702774048,327.92987060546875,0.475,1.0,0.0,1.0,0.0,0.0,-0.0330127589404583,0.1924814134836197,0.0,0.15575827658176422,0.17578859627246857,0.20090319216251373,-1.6909784078598022,-1.6521121263504028,-1.6035137176513672,0.0,1.0
195584,191,4,290.29732372127256,264.0,-0.004085240542190149,21.79309241771698,-0.7000559359788895,0.002038689273467753,0.0360595703125,0.4259043585509062,71.68547701835632,-1.7395939826965332,9.081743240356445,53.938392639160156,33.28670883178711,55.677982330322266,32.430084228515625,0.9255616486725875,0.760398805141449,174.5367431640625,0.275,1.0,0.0,1.0,0.0,0.0,-0.03056524135172367,0.1981932520866394,0.0,0.15657329559326172,0.1755751520395279,0.19968749582767487,-1.689387559890747,-1.65252685546875,-1.605850100517273,0.0,1.0
196608,192,6,211.7249901088995,220.5,-0.001846899965312332,12.977623414993285,-0.7034970551729203,0.004573445407731924,0.0180908203125,0.4495945148169994,58.96360583305359,2.4432907104492188,6.4266228675842285,34.96480941772461,41.352455139160156,32.52151870727539,41.367034912109375,0.9758474463199939,0.8335267901420593,196.26783752441406,0.375,1.0,0.0,1.0,0.0,0.0,-0.019992277026176453,0.19423124194145203,0.0,0.15584281086921692,0.1743982583284378,0.19738438725471497,-1.690813422203064,-1.6547929048538208,-1.6102793216705322,0.0,1.0
197632,193,3,221.55907211728262,209.33333333333334,-0.00529521337011829,3.0775814816355704,-0.7080967471003532,0.005497167303110473,0.05146484375,0.46826142370700835,22.583865809440614,1.8157260417938232,3.6038827896118164,74.45158386230469,28.52754783630371,72.63585662841797,28.164684295654297,0.9840407540496698,0.8182780742645264,73.24102020263672,0.45,1.0,0.0,1.0,0.0,0.0,-0.040807392448186874,0.19299939274787903,0.0,0.15666161477565765,0.1743958443403244,0.19541122019290924,-1.6892151832580566,-1.6547971963882446,-1.6140773296356201,0.0,1.0
198656,194,5,293.6620117092414,252.2,-0.0038598751882091163,47.812474966049194,-0.7022317677736283,0.005680257330823224,0.032470703125,0.47541552484035493,140.4546802520752,2.6114933490753174,12.760711669921875,35.22554016113281,35.11670684814453,32.614051818847656,38.1732177734375,0.8679549531188083,0.8139398097991943,329.1528625488281,0.375,1.0,0.0,1.0,0.0,0.0,-0.025866836309432983,0.19405308365821838,0.0,0.16053496301174164,0.1764342188835144,0.1966179609298706,-1.6816600561141968,-1.650815486907959,-1.6117541790008545,0.0,1.0
199680,195,4,221.1510315614234,223.5,-0.0037330703227780758,6.049511867761612,-0.6921047925949096,0.002209112126729451,0.029248046875,0.4682930186390877,41.70274655818939,-0.0016871988773345947,5.516798973083496,62.2261962890625,32.02886962890625,62.227882385253906,32.93315124511719,0.9703318062002724,1.0250678062438965,166.27833557128906,0.4,1.0,0.0,1.0,0.0,0.0,-0.02687142603099346,0.1946328580379486,0.0,0.16173580288887024,0.17741645872592926,0.19664715230464935,-1.6793197393417358,-1.648905634880066,-1.611698031425476,0.0,1.0
200704,196,5,204.05503974337398,208.0,-0.003560252711758949,10.120905935764313,-0.6890755027532578,0.0029879994515795262,0.0195068359375,0.47023070193827154,68.63488104343415,1.7024140357971191,6.992995262145996,47.08354949951172,38.253318786621094,45.381134033203125,39.62318420410156,0.9665814027418629,0.8464893698692322,186.88201904296875,0.4,1.0,0.0,1.0,0.0,0.0,-0.02872692607343197,0.19531090557575226,0.0,0.16139158606529236,0.17753565311431885,0.19754639267921448,-1.679990530014038,-1.6486843824386597,-1.6099677085876465,0.0,1.0
201728,197,5,212.47897641494143,208.8,-0.00408502800273709,27.130067110061646,-0.6916901111602783,0.0039638532398385,0.0468994140625,0.4797921869903803,70.73156838417053,-0.19277620315551758,9.579380989074707,57.50679016113281,35.10153579711914,57.69956970214844,34.20184326171875,0.9255229009318499,0.9297046065330505,199.198974609375,0.35,1.0,0.0,1.0,0.0,0.0,-0.030989401042461395,0.19846372306346893,0.0,0.15917666256427765,0.17659686505794525,0.19726474583148956,-1.684308409690857,-1.650510311126709,-1.6105096340179443,0.0,1.0
202752,198,5,252.23100151823547,246.4,-0.003293656959431246,23.183038890361786,-0.6992604017257691,0.001945255404280033,0.0208740234375,0.4765621855854988,78.93654818534851,-0.8409965634346008,9.576395034790039,49.275306701660156,40.760189056396484,50.11629867553711,40.19635772705078,0.9448009399089395,0.8391044735908508,211.55470275878906,0.375,1.0,0.0,1.0,0.0,0.0,-0.026583166792988777,0.19625836610794067,0.0,0.15786893665790558,0.174773707985878,0.19535891711711884,-1.6868592500686646,-1.6540417671203613,-1.6141780614852905,0.0,1.0
203776,199,2,150.04372415112175,168.0,-0.004132731154095381,26.87416627407074,-0.7064784213900566,0.0029611419624416156,0.04521484375,0.46707107722759245,85.0008659362793,-0.0019146203994750977,10.50192928314209,57.828697204589844,39.06755065917969,57.83061218261719,38.905067443847656,0.9277387000429403,0.9764171838760376,199.790283203125,0.45,1.0,0.0,1.0,0.0,0.0,-0.03685127571225166,0.19526338577270508,0.0,0.15826499462127686,0.1746104210615158,0.19335441291332245,-1.686086654663086,-1.654352068901062,-1.6180393695831299,0.0,1.0
204800,200,7,219.08441983468876,220.14285714285714,-0.0032867036177776756,10.03626652956009,-0.711104565858841,0.00224933950958075,0.024462890625,0.4718677531927824,58.21481878757477,0.07294902205467224,6.586181163787842,50.43059539794922,43.052852630615234,50.35765075683594,43.502193450927734,0.9765974307925155,0.7249388098716736,166.2972869873047,0.425,1.0,0.0,1.0,0.0,0.0,-0.03392192721366882,0.19702354073524475,0.0,0.15589016675949097,0.17236517369747162,0.18979667127132416,-1.6907209157943726,-1.6586991548538208,-1.6248998641967773,0.0,1.0
205824,201,3,224.93596366330993,212.33333333333334,-0.0034559763793367893,25.167956459522248,-0.7235223203897476,0.005433294334216044,0.0457275390625,0.47972109988331796,107.9958740234375,-2.1774697303771973,9.975543975830078,51.49411392211914,36.51940155029297,53.67158126831055,35.988311767578125,0.9253850391469659,0.9133267402648926,282.7450866699219,0.325,1.0,0.0,1.0,0.0,0.0,-0.02717781811952591,0.1957416534423828,0.0,0.1540519893169403,0.17117278277873993,0.18809448182582855,-1.6943104267120361,-1.6610361337661743,-1.6281856298446655,0.0,1.0
206848,202,7,173.20350347729897,200.42857142857142,-0.002965030202176422,19.670355355739595,-0.7258889004588127,0.002995858059148304,0.0211669921875,0.5342791438102722,107.78568453788758,-2.4186460971832275,9.30767822265625,50.73661804199219,42.22275161743164,53.15526580810547,41.68842697143555,0.9514052153486927,0.9093415141105652,281.12762451171875,0.575,1.0,0.0,1.0,0.0,0.0,-0.020884817466139793,0.1960023194551468,0.0,0.15373799204826355,0.17139603197574615,0.18895405530929565,-1.694923758506775,-1.6605796813964844,-1.626526117324829,0.0,1.0
207872,203,6,171.38297805054017,192.33333333333334,-0.003960577619727701,31.540348887443542,-0.729053495824337,0.0036869322531856595,0.0216796875,0.4434809431433678,127.34043154716491,-3.529080629348755,10.785298347473145,53.39826583862305,46.932273864746094,56.927345275878906,45.91425323486328,0.9471893944394691,0.8625296950340271,382.8949279785156,0.3,1.0,0.0,1.0,0.0,0.0,-0.03578608110547066,0.19587282836437225,0.0,0.1519237607717514,0.1696702092885971,0.18706302344799042,-1.698468804359436,-1.6639533042907715,-1.630177617073059,0.0,1.0
208896,204,3,176.11634036281285,202.66666666666666,-0.003004247706849128,8.154399371147155,-0.7376301661133766,0.0030996834801044317,0.017529296875,0.4941736709326506,80.05999145507812,1.4283132553100586,6.554601669311523,32.518245697021484,36.02705001831055,31.089933395385742,39.11396408081055,0.9668994498468825,0.7679697871208191,291.95611572265625,0.475,1.0,0.0,1.0,0.0,0.0,-0.03422367945313454,0.1908545047044754,0.0,0.15094628930091858,0.16893762350082397,0.18645304441452026,-1.7003796100616455,-1.6653809547424316,-1.6313560009002686,0.0,1.0
209920,205,6,202.71305738294254,221.5,-0.002812485082540661,26.235465312004088,-0.7393862217664718,0.004630175739293918,0.0326416015625,0.5157123658806085,153.8989948272705,0.6871951222419739,11.57119369506836,36.061370849609375,47.38564682006836,35.37417984008789,51.230079650878906,0.9403702988043952,0.9505152106285095,457.7113342285156,0.45,1.0,0.0,1.0,0.0,0.0,-0.036117903888225555,0.19489380717277527,0.0,0.1483682096004486,0.16894471645355225,0.1891661137342453,-1.7054219245910645,-1.6653860807418823,-1.6261167526245117,0.0,1.0
210944,206,5,158.0749995623661,188.0,-0.005726453970419243,6.634173208475113,-0.739743384718895,0.005680142759229056,0.056201171875,0.5322013545781374,58.634993767738344,-0.6932095289230347,5.735289096832275,45.450191497802734,36.71803665161133,46.14339828491211,37.15243911743164,0.9756021372404056,0.9767619371414185,173.2081756591797,0.5,1.0,0.0,1.0,0.0,0.0,-0.03777753934264183,0.1976255178451538,0.0,0.14709900319576263,0.16881327331066132,0.18981485068798065,-1.7079057693481445,-1.6656556129455566,-1.6248648166656494,0.0,1.0
211968,207,5,230.74162842367497,222.0,-0.0034487962606363,6.191366204619408,-0.7442304328083992,0.0009561708211549558,0.02138671875,0.5598826929926872,61.61406672000885,3.045928716659546,5.435776710510254,53.64945602416992,46.6128044128418,50.60352325439453,49.60061264038086,0.9864008195581284,0.9214709997177124,213.07835388183594,0.575,1.0,0.0,1.0,0.0,0.0,-0.031528692692518234,0.1960831731557846,0.0,0.14472733438014984,0.1669825166463852,0.18671229481697083,-1.7125494480133057,-1.6692148447036743,-1.6308550834655762,0.0,1.0
212992,208,2,215.7270903118996,240.5,-0.0039323518285527825,11.39977332353592,-0.7529781550168991,0.002698187707574107,0.037353515625,0.5224308703094721,69.19375200271607,0.4275325536727905,7.020849227905273,45.91946029663086,39.38291931152344,45.49192810058594,38.16958999633789,0.9682192982560642,0.937908411026001,194.61776733398438,0.5,1.0,0.0,1.0,0.0,0.0,-0.03320591151714325,0.1942596286535263,0.0,0.14450153708457947,0.16661584377288818,0.1837424337863922,-1.7129918336868286,-1.6699212789535522,-1.636595606803894,0.0,1.0
214016,209,6,239.80521762182192,219.0,-0.0031531664310023187,4.525463080406189,-0.7506312653422356,0.004001376268570311,0.02236328125,0.5167238730937243,43.404671502113345,1.0673327445983887,4.746889114379883,68.2270736694336,36.94905090332031,67.15974426269531,37.50725555419922,0.9834951512264731,1.0727330446243286,135.79595947265625,0.5,1.0,0.0,1.0,0.0,0.0,-0.0362226776778698,0.19736580550670624,0.0,0.1453014314174652,0.16751284897327423,0.18504975736141205,-1.7114250659942627,-1.6681703329086304,-1.6340678930282593,0.0,1.0
215040,210,7,255.68594601619347,221.0,-0.002000848948955536,32.306937432289125,-0.743412221968174,0.002250339962483849,0.01240234375,0.5047972679138184,107.31547174453735,1.1309243440628052,10.952749252319336,50.2025146484375,41.99980163574219,49.07158660888672,45.27595901489258,0.9319932893335103,0.8395769000053406,273.8450622558594,0.45,1.0,0.0,1.0,0.0,0.0,-0.02278299815952778,0.1980402171611786,0.0,0.14852860569953918,0.16898708045482635,0.18543048202991486,-1.7051081657409668,-1.6652780771255493,-1.6333320140838623,0.0,1.0
216064,211,4,178.70564880589114,188.25,-0.0027836283086799087,9.063944143056869,-0.7367317110300065,0.0035133082274114713,0.0323486328125,0.5077515423297883,87.62991185188294,-1.7500466108322144,6.902631759643555,58.249420166015625,40.572872161865234,59.99946594238281,39.25345993041992,0.971056043589375,1.0266718864440918,313.2526550292969,0.5,1.0,0.0,1.0,0.0,0.0,-0.009876073338091373,0.2016274333000183,0.0,0.1482851356267929,0.16964572668075562,0.18594183027744293,-1.7055845260620117,-1.6639984846115112,-1.6323437690734863,0.0,1.0
217088,212,6,207.73759538344748,183.0,-0.003106745344121009,21.486259961128233,-0.7341115489602089,0.0059190284548094494,0.0474365234375,0.5243282783776522,74.84412322044372,-0.5198041796684265,8.848092079162598,64.23985290527344,35.873931884765625,64.75965881347656,36.407508850097656,0.9391667115878835,1.1337766647338867,229.67901611328125,0.5,1.0,0.0,1.0,0.0,0.0,-0.025264477357268333,0.20361386239528656,0.0,0.147446408867836,0.17004264891147614,0.18675164878368378,-1.7072257995605469,-1.6632461547851562,-1.6307790279388428,0.0,1.0
218112,213,7,168.0784324674301,171.42857142857142,-0.005792139878030867,28.42348630428314,-0.73339903652668,0.005073464429005981,0.044873046875,0.47665276266634465,129.959610080719,-4.792672634124756,10.517121315002441,54.39411926269531,41.20964431762695,59.186790466308594,39.19458770751953,0.9348677561080455,0.9767109751701355,363.2379455566406,0.425,1.0,0.0,1.0,0.0,0.0,-0.021601220592856407,0.20306208729743958,0.0,0.1481943279504776,0.16984814405441284,0.1875404715538025,-1.7057621479034424,-1.6636093854904175,-1.6292554140090942,0.0,1.0
219136,214,6,142.07589224665753,152.16666666666666,-0.004572780360467732,13.80208886861801,-0.7343467965722084,0.002391383968642913,0.04091796875,0.494363009929657,123.78854584693909,-4.878477573394775,7.602079391479492,62.4615478515625,42.11194610595703,67.34002685546875,38.90946578979492,0.9674122666121686,1.038627028465271,375.82293701171875,0.375,1.0,0.0,1.0,0.0,0.0,-0.025997735559940338,0.20295001566410065,0.0,0.14770205318927765,0.16960622370243073,0.18823903799057007,-1.7067254781723022,-1.6640766859054565,-1.6279065608978271,0.0,1.0
220160,215,6,173.8303056917166,164.83333333333334,-0.003285687742754817,10.395689171552657,-0.7379236131906509,0.0016246816492639482,0.017431640625,0.46664256788790226,87.74300870895385,-1.8880752325057983,7.2699103355407715,40.9525146484375,43.45219802856445,42.84059143066406,45.39360427856445,0.9720079588093095,0.7846584916114807,267.1550598144531,0.3,1.0,0.0,1.0,0.0,0.0,-0.030408265069127083,0.19969166815280914,0.0,0.14448624849319458,0.16853845119476318,0.188301220536232,-1.7130217552185059,-1.6661826372146606,-1.62778639793396,0.0,1.0
221184,216,5,186.8688235045534,180.2,-0.002209708874579519,7.170044374465943,-0.7424010261893272,0.0021233277744613587,0.00947265625,0.4296539507806301,50.28685765266418,1.0268754959106445,7.266372203826904,56.04273223876953,42.52608108520508,55.0158576965332,47.88950729370117,0.970803918081614,0.8589932322502136,162.08518981933594,0.25,1.0,0.0,1.0,0.0,0.0,-0.031508918851614,0.20076030492782593,0.0,0.1438758224248886,0.16829174757003784,0.1872769147157669,-1.7142175436019897,-1.6666773557662964,-1.629764437675476,0.0,1.0
222208,217,6,217.4115137749475,177.66666666666666,-0.003896134963724762,9.002104181051255,-0.7457587376236916,0.0012104679233743809,0.0142333984375,0.5682590052485466,69.12114598751069,0.9468513131141663,7.1157073974609375,60.70860290527344,36.4896354675293,59.761749267578125,40.37431716918945,0.9619725559402763,0.8470167517662048,202.17425537109375,0.65,1.0,0.0,1.0,0.0,0.0,-0.02858237363398075,0.2093210071325302,0.0,0.14328211545944214,0.1671627163887024,0.1869119256734848,-1.7153807878494263,-1.6688486337661743,-1.6304694414138794,0.0,1.0
223232,218,8,184.31539490591166,160.125,-0.0038751054438762368,19.296823501586914,-0.7526969492435456,0.005644057890458498,0.04111328125,0.5700136415660382,101.09957180023193,-3.876978635787964,8.823637962341309,56.0417366027832,37.51836013793945,59.91871643066406,36.90252685546875,0.9446894951070319,1.0077024698257446,271.3118591308594,0.575,1.0,0.0,1.0,0.0,0.0,-0.028642110526561737,0.20391598343849182,0.0,0.14253488183021545,0.16626793146133423,0.1863333284854889,-1.716845154762268,-1.670587420463562,-1.631587266921997,0.0,1.0
224256,219,6,158.89589445532977,148.0,-0.002945261960849166,8.426461943984032,-0.7561159059405327,0.001789243762323167,0.01767578125,0.4994647439569235,63.89078788757324,0.310344398021698,7.732038974761963,46.64400863647461,32.84629821777344,46.33366394042969,37.043434143066406,0.9445865467661507,0.9365336298942566,221.61595153808594,0.4,1.0,0.0,1.0,0.0,0.0,-0.018965041264891624,0.20430651307106018,0.0,0.14213941991329193,0.16574089229106903,0.18634822964668274,-1.7176203727722168,-1.6716080904006958,-1.6315584182739258,0.0,1.0
225280,220,7,155.4635816763674,146.71428571428572,-0.004670946719124913,8.078956580162048,-0.7583947286009789,0.0019743091237614863,0.0470703125,0.5767444700002671,41.44711701869964,-0.2647022306919098,6.302680015563965,51.498863220214844,36.157962799072266,51.76356887817383,36.89896011352539,0.9696161592917796,1.1306109428405762,148.95484924316406,0.55,1.0,0.0,1.0,0.0,0.0,-0.021529629826545715,0.2043064832687378,0.0,0.14142006635665894,0.16555972397327423,0.18717698752880096,-1.719030499458313,-1.6719970703125,-1.6299574375152588,0.0,1.0
226304,221,7,170.2954249119813,156.42857142857142,-0.004177477653138339,5.009341812133789,-0.7605946496129036,0.003974364006717223,0.038916015625,0.5985057033598423,43.20941514968872,-0.9366324543952942,5.21082878112793,51.04534912109375,35.41022491455078,51.98198318481445,36.50312805175781,0.9783450940546892,1.2059286832809448,127.49446868896484,0.625,1.0,0.0,1.0,0.0,0.0,-0.026041992008686066,0.20164142549037933,0.0,0.13986346125602722,0.165028914809227,0.1861504316329956,-1.7220828533172607,-1.6730374097824097,-1.6319406032562256,0.0,1.0
227328,222,6,204.10930055381968,170.16666666666666,-0.004668639064766467,9.896774625778198,-0.767203776538372,0.0014774863011552952,0.025634765625,0.5556131929159165,73.11686618328095,3.8912594318389893,6.524085521697998,41.91313171386719,34.47730255126953,38.021873474121094,38.754920959472656,0.9641926065786214,1.0190540552139282,221.8369140625,0.575,1.0,0.0,1.0,0.0,0.0,-0.03227852284908295,0.19888265430927277,0.0,0.1372293382883072,0.16303500533103943,0.1853886991739273,-1.7272512912750244,-1.6769269704818726,-1.6334127187728882,0.0,1.0
228352,223,4,191.9317464349382,173.75,-0.0059189300693105905,3.373647630214691,-0.7766445487737655,0.005182537820655852,0.05234375,0.6104176588356495,33.365828049182895,1.2058842182159424,4.462533950805664,51.81193923950195,33.454959869384766,50.606056213378906,35.78207778930664,0.9822072950657781,1.0249508619308472,126.12126159667969,0.65,1.0,0.0,1.0,0.0,0.0,-0.024544261395931244,0.20333178341388702,0.0,0.13671645522117615,0.1624046117067337,0.18754005432128906,-1.7282581329345703,-1.6781336069107056,-1.629256248474121,0.0,1.0
229376,224,6,178.90822567878658,170.16666666666666,-0.005154613114427775,7.008790320158004,-0.7765238031744957,0.0036558857857016845,0.0510498046875,0.6627974338829518,43.38146233558655,1.2938783168792725,5.803869247436523,48.11173629760742,34.90646743774414,46.8178596496582,35.84724044799805,0.9723545636953304,1.1669518947601318,138.47740173339844,0.8,1.0,0.0,1.0,0.0,0.0,-0.035779956728219986,0.19994468986988068,0.0,0.13918550312519073,0.16283385455608368,0.1873670071363449,-1.7234127521514893,-1.677310824394226,-1.6295905113220215,0.0,1.0
230400,225,5,210.09811621119744,166.6,-0.003584449633490294,7.281589888036251,-0.7710766896605492,0.0034136009198846295,0.0234619140625,0.532561369985342,91.76801781654358,3.950416088104248,5.909674167633057,43.44416046142578,36.455387115478516,39.493743896484375,40.60619354248047,0.9737213144627846,1.188725471496582,316.38494873046875,0.45,1.0,0.0,1.0,0.0,0.0,-0.027356736361980438,0.2009543627500534,0.0,0.14139193296432495,0.16421689093112946,0.18720325827598572,-1.719085693359375,-1.6746102571487427,-1.6299067735671997,0.0,1.0
231424,226,8,211.90635339576647,188.125,-0.00423306719167158,12.28547894358635,-0.7682658135890961,0.0033100103450124153,0.028369140625,0.5486953549087048,57.304937553405765,0.1754438579082489,7.2823872566223145,45.376853942871094,35.88271713256836,45.20140838623047,37.096256256103516,0.958811413029049,1.0743606090545654,140.2615509033203,0.575,1.0,0.0,1.0,0.0,0.0,-0.029326701536774635,0.20333780348300934,0.0,0.13912145793437958,0.16340352594852448,0.1878012716770172,-1.7235383987426758,-1.6762045621871948,-1.6287517547607422,0.0,1.0
232448,227,8,155.4863752835243,150.125,-0.006277884179144167,4.724452537298203,-0.7710092291235924,0.0057127211810438895,0.06298828125,0.5557987175881862,44.8263299703598,-0.4197877049446106,4.804059982299805,51.473419189453125,37.57980728149414,51.89320755004883,37.08430480957031,0.9836579049643189,1.0745354890823364,141.60182189941406,0.55,1.0,0.0,1.0,0.0,0.0,-0.029131954535841942,0.20584088563919067,0.0,0.13718552887439728,0.1639893800020218,0.18914784491062164,-1.72733736038208,-1.6750621795654297,-1.6261520385742188,0.0,1.0
233472,228,7,185.17080125934203,157.28571428571428,-0.0037735436810180543,8.845571634173393,-0.7662121757864953,0.003078181989258155,0.03173828125,0.570729086175561,52.52411546707153,-0.5995593070983887,6.632210731506348,49.42641830444336,34.13243865966797,50.025978088378906,34.37291717529297,0.9622443450208391,0.9353998303413391,160.2856903076172,0.625,1.0,0.0,1.0,0.0,0.0,-0.019552597776055336,0.2025969922542572,0.0,0.13596218824386597,0.16463151574134827,0.19034020602703094,-1.7297389507293701,-1.6738444566726685,-1.6238511800765991,0.0,1.0
234496,229,3,137.35788112947014,145.0,-0.003777915704995394,3.9954119622707367,-0.7651875391602516,0.0032695388261345217,0.024658203125,0.5802152186632157,34.53635771274567,0.9540508985519409,4.852503776550293,52.5109977722168,31.10875129699707,51.55695343017578,32.50951385498047,0.9756686279465948,1.1673614978790283,106.84246826171875,0.55,1.0,0.0,1.0,0.0,0.0,-0.03348463773727417,0.20080187916755676,0.0,0.1343265026807785,0.1643066555261612,0.19233360886573792,-1.732951283454895,-1.674489140510559,-1.620006799697876,0.0,1.0
235520,230,6,209.60136361301474,188.0,-0.006037915055640042,6.946137499809265,-0.7644145354628563,0.005619047561776824,0.0865966796875,0.6149279840290547,60.1737952709198,-1.008784294128418,6.199743270874023,51.22441101074219,37.79578399658203,52.23319625854492,38.40510177612305,0.9730932804988757,1.1640976667404175,182.0431671142578,0.575,1.0,0.0,1.0,0.0,0.0,-0.03269891068339348,0.20241372287273407,0.0,0.13387775421142578,0.1654382348060608,0.1939980685710907,-1.733832836151123,-1.672308087348938,-1.6167991161346436,0.0,1.0
236544,231,6,161.85394412941022,159.33333333333334,-0.0031940607877913862,6.646656036376953,-0.7624561414122581,0.0010218555180472322,0.0229736328125,0.5840853311121463,55.13676388263703,1.0497591495513916,6.067667007446289,45.991756439208984,35.832603454589844,44.94200134277344,38.06753921508789,0.9713261023764281,1.101441502571106,169.93179321289062,0.625,1.0,0.0,1.0,0.0,0.0,-0.02683558501303196,0.20428068935871124,0.0,0.12989896535873413,0.16398939490318298,0.1938726305961609,-1.741653561592102,-1.6751352548599243,-1.6170408725738525,0.0,1.0
237568,232,8,183.51405471458446,167.625,-0.004066289542242885,13.182618021965027,-0.771828293800354,0.005259608771302738,0.039990234375,0.5276482373476028,64.71996335983276,1.0944299697875977,7.975459098815918,49.79987716674805,34.8543586730957,48.705448150634766,36.35611343383789,0.9476402986903224,1.175518274307251,198.3344268798828,0.475,1.0,0.0,1.0,0.0,0.0,-0.026724159717559814,0.19968043267726898,0.0,0.1295541375875473,0.16304771602153778,0.19267494976520538,-1.7423317432403564,-1.6769613027572632,-1.6193488836288452,0.0,1.0
238592,233,6,164.5939515075689,157.66666666666666,-0.0038957689655944707,8.671272772550584,-0.7786911457777024,0.0049151721206726505,0.0432373046875,0.5802841350436211,59.738448643684386,1.1543854475021362,6.624232292175293,43.81870651245117,36.47675323486328,42.66432189941406,38.05600357055664,0.9670209024878483,1.0434043407440186,194.67608642578125,0.625,1.0,0.0,1.0,0.0,0.0,-0.02255932241678238,0.20072010159492493,0.0,0.1275063157081604,0.16126327216625214,0.1918366551399231,-1.746360421180725,-1.6804453134536743,-1.6209650039672852,0.0,1.0
239616,234,8,207.1633360903404,173.875,-0.004788179777096957,3.48598163574934,-0.7869925081729889,0.0020157481209025717,0.036181640625,0.618321793153882,36.27645089626312,2.0448076725006104,4.469535827636719,47.55982208251953,33.02299118041992,45.5150146484375,35.44583511352539,0.9816814135731223,0.9966577291488647,138.38250732421875,0.65,1.0,0.0,1.0,0.0,0.0,-0.02089683525264263,0.21032503247261047,0.0,0.12638916075229645,0.16053088009357452,0.19237864017486572,-1.7485591173171997,-1.681883692741394,-1.619920015335083,0.0,1.0
240640,235,5,167.66860353333277,154.8,-0.003772255242802203,2.2120355255901814,-0.7922429159283638,0.002391266837366857,0.0251708984375,0.5515952102839947,26.917890799045562,0.33201900124549866,3.781325578689575,50.51991653442383,31.227191925048828,50.187896728515625,32.110355377197266,0.9853370174137743,0.9070307612419128,80.64350891113281,0.625,1.0,0.0,1.0,0.0,0.0,-0.020292703062295914,0.2059108018875122,0.0,0.12513919174671173,0.1591068059206009,0.19194142520427704,-1.7510199546813965,-1.6846632957458496,-1.6207629442214966,0.0,1.0
241664,236,5,191.81182354227172,164.0,-0.004409519137698226,2.08236243724823,-0.7983847707509995,0.003998379525728524,0.0275634765625,0.5287073649466038,25.493987679481506,-0.5377270579338074,3.52405047416687,58.832340240478516,27.47702980041504,59.37006378173828,27.02543067932129,0.9835508042389307,1.0202065706253052,98.89972686767578,0.5,1.0,0.0,1.0,0.0,0.0,-0.02431880496442318,0.20230768620967865,0.0,0.12647439539432526,0.15896810591220856,0.19099344313144684,-1.7483913898468018,-1.6849356889724731,-1.6225911378860474,0.0,1.0
242688,237,7,176.9288217610218,172.42857142857142,-0.003255050809821114,15.679702425003052,-0.7989144966006279,0.004099115304416046,0.027587890625,0.5602379724383354,94.63293499946595,-0.15705078840255737,9.093399047851562,50.08568572998047,37.27452087402344,50.242733001708984,37.5617790222168,0.9404847303610856,1.2582857608795166,291.1384582519531,0.6,1.0,0.0,1.0,0.0,0.0,-0.030546361580491066,0.20018266141414642,0.0,0.12664282321929932,0.15843920409679413,0.18982212245464325,-1.7480597496032715,-1.6859569549560547,-1.6248507499694824,0.0,1.0
243712,238,6,182.49316480021525,175.16666666666666,-0.005299413215834647,9.221319755911827,-0.8053092509508133,0.003275004062743392,0.0398681640625,0.5853331595659256,80.99932479858398,3.5267372131347656,6.703454494476318,33.79045867919922,39.398956298828125,30.263717651367188,43.31477737426758,0.971051381201587,1.2336232662200928,290.46917724609375,0.625,1.0,0.0,1.0,0.0,0.0,-0.018802262842655182,0.20133520662784576,0.0,0.12472395598888397,0.15666770935058594,0.1886168271303177,-1.7518376111984253,-1.6893916130065918,-1.627177119255066,0.0,1.0
244736,239,5,218.1151749219519,179.6,-0.004623906459892168,4.636569347977638,-0.8141662612557411,0.004466212521947455,0.0544189453125,0.6249965596944094,38.02201960086823,-0.14359591901302338,5.230868339538574,48.806522369384766,33.469295501708984,48.95011520385742,34.7513427734375,0.9755738852145357,1.0839043855667114,142.26400756835938,0.675,1.0,0.0,1.0,0.0,0.0,-0.030182970687747,0.20916780829429626,0.0,0.1247178465127945,0.15585346519947052,0.18750938773155212,-1.75184965133667,-1.6909775733947754,-1.6293154954910278,0.0,1.0
245760,240,6,162.758216752,156.66666666666666,-0.004062647069804371,4.850343862175942,-0.8152988702058792,0.0023110525056836196,0.02744140625,0.4987107075750828,48.360903644561766,1.3620115518569946,4.934818744659424,49.93617248535156,32.16875076293945,48.574161529541016,32.96100616455078,0.9764671754570867,0.80483478307724,162.54629516601562,0.475,1.0,0.0,1.0,0.0,0.0,-0.03547064587473869,0.20027580857276917,0.0,0.1233382299542427,0.15609592199325562,0.18941694498062134,-1.7545667886734009,-1.6905301809310913,-1.6256327629089355,0.0,1.0
246784,241,6,187.20014377734694,173.16666666666666,-0.00446763081708923,7.0794125407934185,-0.8190875470638275,0.0020778058475116267,0.040283203125,0.5986196815967559,66.00418357849121,1.884716510772705,6.114332675933838,43.242637634277344,37.052433013916016,41.35791778564453,38.74772262573242,0.9727689315922907,1.0414355993270874,245.5189208984375,0.725,1.0,0.0,1.0,0.0,0.0,-0.03068103827536106,0.20430921018123627,0.0,0.12080936133861542,0.15413425862789154,0.18743444979190826,-1.759549856185913,-1.6943678855895996,-1.6294602155685425,0.0,1.0
247808,242,5,218.66603086994672,200.8,-0.005082394985947758,6.675284674763679,-0.8265462875366211,0.0029023939569015056,0.032763671875,0.5757793821394444,70.28992171287537,2.2961597442626953,5.492615222930908,39.45184326171875,35.900360107421875,37.15568161010742,38.26213073730469,0.9765921936770959,1.1142274141311646,242.4375762939453,0.6,1.0,0.0,1.0,0.0,0.0,-0.03080294281244278,0.19628868997097015,0.0,0.12121912091970444,0.15441946685314178,0.18720285594463348,-1.758742332458496,-1.6938046216964722,-1.629907488822937,0.0,1.0
248832,243,7,156.7681449363747,161.71428571428572,-0.004457506368635222,15.93498826622963,-0.8246948823332787,0.003875330585287884,0.079638671875,0.5981812961399555,52.956309127807614,-0.9352000951766968,8.001293182373047,50.364444732666016,37.35575866699219,51.299644470214844,36.291873931884766,0.9541219204677037,1.0630260705947876,154.87429809570312,0.575,1.0,0.0,1.0,0.0,0.0,-0.045629847794771194,0.19868284463882446,0.0,0.1200370192527771,0.1540224850177765,0.18635427951812744,-1.7610723972320557,-1.6945738792419434,-1.6315467357635498,0.0,1.0
249856,244,7,172.47951657941346,166.28571428571428,-0.007294316886691377,14.177497977018357,-0.8282059282064438,0.005825459363404661,0.0827880859375,0.5832066334784031,71.0680594921112,0.09300655126571655,7.976944923400879,46.64106369018555,38.62138366699219,46.548057556152344,39.07566833496094,0.957340324438901,0.9305080771446228,202.0547637939453,0.65,1.0,0.0,1.0,0.0,0.0,-0.0441029854118824,0.2005695253610611,0.0,0.12001511454582214,0.15360566973686218,0.1857759803533554,-1.761115550994873,-1.6953920125961304,-1.6326642036437988,0.0,1.0
250880,245,6,193.61770873677605,174.5,-0.003279871144331992,5.756365180015564,-0.8304151311516762,0.0018025554949417711,0.014453125,0.5082492806017399,46.51244580745697,1.7354118824005127,5.101694107055664,42.847251892089844,35.19513702392578,41.111846923828125,35.83560562133789,0.978988190288975,0.7637972831726074,161.9821014404297,0.575,1.0,0.0,1.0,0.0,0.0,-0.052716631442308426,0.19954025745391846,0.0,0.11867956817150116,0.15323050320148468,0.1837698221206665,-1.7637490034103394,-1.6961312294006348,-1.6365426778793335,0.0,1.0
251904,246,2,163.6533540713131,174.5,-0.004975672706495971,7.676593767851591,-0.8367323249578476,0.0011720956332283094,0.02587890625,0.49326468370854853,54.70300483703613,1.9665560722351074,5.927565574645996,52.53287887573242,29.117406845092773,50.566322326660156,29.93243980407715,0.9585573614147257,0.7965697050094604,214.91481018066406,0.5,1.0,0.0,1.0,0.0,0.0,-0.04776423051953316,0.19729463756084442,0.0,0.1176586002111435,0.1511937826871872,0.1821795105934143,-1.7657626867294312,-1.7001100778579712,-1.6396191120147705,0.0,1.0
252928,247,8,229.9272360275258,209.75,-0.0036050448776222765,13.184470152854919,-0.8446605533361435,0.0026647675811545925,0.033935546875,0.5753719870001077,73.9166606426239,2.7916970252990723,7.56378698348999,45.53754425048828,40.5801887512207,42.745849609375,43.37779998779297,0.9652583528895384,1.1411737203598022,241.97886657714844,0.575,1.0,0.0,1.0,0.0,0.0,-0.04492591693997383,0.20002388954162598,0.0,0.11919551342725754,0.15107391774654388,0.18155884742736816,-1.7627315521240234,-1.7003237009048462,-1.6408202648162842,0.0,1.0
253952,248,7,170.42753543233565,171.42857142857142,-0.005403450760059059,16.972540271282195,-0.8429221168160439,0.0017085589133785106,0.0480224609375,0.5590229801833629,69.64515299797058,-1.366145133972168,8.17498779296875,42.626731872558594,35.35346221923828,43.99287796020508,33.26731491088867,0.9465299793243093,1.0604947805404663,188.84022521972656,0.525,1.0,0.0,1.0,0.0,0.0,-0.0384865365922451,0.20242726802825928,0.0,0.11997329443693161,0.1514785885810852,0.1829245537519455,-1.7611980438232422,-1.6995466947555542,-1.6381776332855225,0.0,1.0
254976,249,6,160.7520697148414,150.0,-0.0054311505693476645,6.55023932158947,-0.8405503466725349,0.005593085971486289,0.044091796875,0.5728843629360199,52.52200176715851,0.6925632357597351,5.95546293258667,46.808372497558594,35.93372344970703,46.11581039428711,37.558067321777344,0.972532030088806,1.0079747438430786,174.94308471679688,0.575,1.0,0.0,1.0,0.0,0.0,-0.07323605567216873,0.19712039828300476,0.0,0.1216786578297615,0.15201880037784576,0.18464642763137817,-1.7578365802764893,-1.6984740495681763,-1.634847640991211,0.0,1.0
256000,250,4,188.64554767286353,156.75,-0.004301900509744883,3.2198028162121775,-0.8384828463196754,0.006195058426237665,0.0442138671875,0.6125805512070656,42.29287588596344,-1.6740248203277588,4.491247653961182,55.66905212402344,31.329984664916992,57.34307098388672,32.239707946777344,0.9794499163611058,1.2052266597747803,171.29652404785156,0.625,1.0,0.0,1.0,0.0,0.0,-0.05867600068449974,0.20489248633384705,0.0,0.1228298619389534,0.15202724933624268,0.18499022722244263,-1.755568265914917,-1.698449969291687,-1.6341829299926758,0.0,1.0
257024,251,8,165.0280057428758,158.5,-0.004676188097801059,5.297798216342926,-0.8383374214172363,0.0031726544024422766,0.03046875,0.6087545931339264,40.80588719844818,-0.9785167574882507,5.077505588531494,52.031517028808594,36.408782958984375,53.01003646850586,35.94337844848633,0.9805513936760608,1.3239637613296509,120.521240234375,0.625,1.0,0.0,1.0,0.0,0.0,-0.0448153018951416,0.20493781566619873,0.0,0.12236214429140091,0.15189547836780548,0.18469269573688507,-1.7564897537231445,-1.6987255811691284,-1.6347582340240479,0.0,1.0
258048,252,7,191.67299356957952,176.71428571428572,-0.00421481755329296,6.678408703207969,-0.8427055910229683,0.005320950638270006,0.0352783203125,0.669071388989687,65.33281903266906,3.261904239654541,5.892094612121582,44.624359130859375,42.62527084350586,41.362457275390625,44.680625915527344,0.9808924446185261,1.399706482887268,205.94647216796875,0.8,1.0,0.0,1.0,0.0,0.0,-0.04126536101102829,0.2006601244211197,0.0,0.12141263484954834,0.1504291594028473,0.18292683362960815,-1.7583608627319336,-1.701586365699768,-1.638173222541809,0.0,1.0
259072,253,3,145.31249610031173,157.0,-0.005211690254509449,6.585709273815155,-0.8489885792136193,0.0033641276182606815,0.0415283203125,0.5781712900847197,70.49394018650055,-0.5719774961471558,6.417418956756592,50.799537658691406,32.976097106933594,51.37151336669922,32.837379455566406,0.962127655669862,1.2141075134277344,231.78076171875,0.575,1.0,0.0,1.0,0.0,0.0,-0.052116941660642624,0.19753044843673706,0.0,0.11997630447149277,0.15030060708522797,0.1842440664768219,-1.7611920833587646,-1.7018547058105469,-1.6356256008148193,0.0,1.0
260096,254,6,242.56231113511936,196.16666666666666,-0.004682222194969654,6.251797467470169,-0.8502011820673943,0.00349571776605444,0.0307861328125,0.5286967672407628,56.45090565681458,2.726919412612915,5.838085651397705,50.27477264404297,35.60057067871094,47.5478515625,38.983306884765625,0.9731077558257469,1.0716215372085571,200.0338897705078,0.375,1.0,0.0,1.0,0.0,0.0,-0.05259159207344055,0.19677385687828064,0.0,0.11694969236850739,0.1495254784822464,0.18311168253421783,-1.7671611309051514,-1.7033807039260864,-1.6378155946731567,0.0,1.0
261120,255,8,188.26636739312215,166.625,-0.005049468111246824,6.744001132249832,-0.8543608829379081,0.004166404795250855,0.02431640625,0.4884160362184048,34.030493879318236,0.2354528307914734,5.293431758880615,52.004573822021484,33.094520568847656,51.769126892089844,32.468345642089844,0.9744163559568477,0.9541243314743042,117.79914093017578,0.375,1.0,0.0,1.0,0.0,0.0,-0.06206381693482399,0.1967155784368515,0.0,0.11800038069486618,0.14948640763759613,0.18348631262779236,-1.7650885581970215,-1.7034517526626587,-1.6370909214019775,0.0,1.0
262144,256,6,164.51145549512304,162.83333333333334,-0.004797875054646283,3.233742965757847,-0.8541468933224678,0.006937614220078103,0.0431884765625,0.5789261601865292,37.01672911643982,0.097889244556427,4.528913974761963,35.9087028503418,33.475914001464844,35.810813903808594,33.718746185302734,0.981696956888528,1.2538466453552246,120.72679138183594,0.6,1.0,0.0,1.0,0.0,0.0,-0.05569009110331535,0.19828259944915771,0.0,0.12021293491125107,0.1492946892976761,0.1821841597557068,-1.7607256174087524,-1.703788161277771,-1.6396101713180542,0.0,1.0
263168,257,8,157.86336212633532,142.5,-0.005093847954412922,8.347266978025436,-0.8528802886605262,0.0029854652151698247,0.0483642578125,0.6643859893083572,57.622449946403506,-0.4501396417617798,6.482605934143066,43.490875244140625,32.10283279418945,43.94101333618164,32.796119689941406,0.9592232537515422,1.3230265378952026,167.08694458007812,0.8,1.0,0.0,1.0,0.0,0.0,-0.065772645175457,0.1996518224477768,0.0,0.12277885526418686,0.14998430013656616,0.18069566786289215,-1.7556687593460083,-1.7024205923080444,-1.6424912214279175,0.0,1.0
264192,258,5,117.33867299831347,154.0,-0.0059952287643682215,3.946216082572937,-0.8522087126970291,0.00570134320150828,0.063330078125,0.586000657081604,35.841433835029605,-0.07654044032096863,4.443200588226318,46.46556091308594,38.6656494140625,46.54209899902344,38.408206939697266,0.9867949142131996,1.2106536626815796,108.25763702392578,0.6,1.0,0.0,1.0,0.0,0.0,-0.06369898468255997,0.20044279098510742,0.0,0.12337298691272736,0.14899791777133942,0.17851582169532776,-1.7544983625411987,-1.704351782798767,-1.6467132568359375,0.0,1.0
265216,259,5,187.92277834828437,173.0,-0.0052888938691467045,4.780943459272384,-0.8594152554869652,0.001509357086615637,0.0443115234375,0.5645387008786201,44.29556515216827,-0.17749843001365662,5.112864017486572,48.504940032958984,34.86481857299805,48.682437896728516,35.13462829589844,0.97849429597539,1.0427600145339966,120.5396728515625,0.625,1.0,0.0,1.0,0.0,0.0,-0.05487056449055672,0.19134752452373505,0.0,0.1232360228896141,0.1479920744895935,0.17850425839424133,-1.7547681331634521,-1.7063050270080566,-1.646735668182373,0.0,1.0
266240,260,7,169.59195907661046,152.42857142857142,-0.0033004698343575,2.8024714946746827,-0.8623645663261413,0.004728850441460963,0.0342041015625,0.5332524180412292,25.95996469259262,0.20995444059371948,3.6242828369140625,59.70119857788086,33.00773239135742,59.491241455078125,33.183815002441406,0.987943738633255,1.0130656957626343,78.35900115966797,0.625,1.0,0.0,1.0,0.0,0.0,-0.05313142016530037,0.1966428905725479,0.0,0.12301844358444214,0.1480332762002945,0.1783566027879715,-1.7551968097686768,-1.7062206268310547,-1.647021770477295,0.0,1.0
267264,261,6,178.55040731111808,175.5,-0.004669667512644082,7.915539568662643,-0.8594487771391869,0.001786102091136854,0.0323974609375,0.6212849378585815,73.36213545799255,0.8056203126907349,6.591017246246338,37.09001159667969,37.051334381103516,36.284393310546875,38.94652557373047,0.9683555817777149,1.6915571689605713,263.5303955078125,0.65,1.0,0.0,1.0,0.0,0.0,-0.05078962445259094,0.19731418788433075,0.0,0.12139122188091278,0.14860935509204865,0.17996816337108612,-1.7584030628204346,-1.7051124572753906,-1.643899917602539,0.0,1.0
268288,262,4,213.60079384716238,214.25,-0.005085256649181247,12.366845959424973,-0.856850978732109,0.0013281499384902417,0.024462890625,0.5830870695412159,81.92579550743103,3.286968946456909,8.03139877319336,34.44367218017578,37.06528854370117,31.156702041625977,41.83008575439453,0.9530487059736346,1.0426228046417236,268.4954833984375,0.625,1.0,0.0,1.0,0.0,0.0,-0.05500108376145363,0.19663292169570923,0.0,0.12045637518167496,0.1491720825433731,0.18282374739646912,-1.760245680809021,-1.7040365934371948,-1.6383726596832275,0.0,1.0
269312,263,6,194.36420172209435,175.16666666666666,-0.004098758462350816,8.645092326402665,-0.85681754052639,0.0026547260960796846,0.0228271484375,0.5488088667392731,62.219266414642334,2.4957122802734375,6.6288161277771,48.044189453125,39.00761413574219,45.5484733581543,40.501121520996094,0.9711215957419205,0.881898045539856,201.98544311523438,0.675,1.0,0.0,1.0,0.0,0.0,-0.04863390699028969,0.20169349014759064,0.0,0.1212579607963562,0.1483675092458725,0.18077710270881653,-1.7586658000946045,-1.7055848836898804,-1.6423335075378418,0.0,1.0
270336,264,7,213.06454401769457,195.85714285714286,-0.0019845750532113014,6.780871844291687,-0.8623735785484314,0.0017539309468702414,0.009423828125,0.6015264295041561,45.23325245380401,1.320421576499939,5.40794563293457,49.13793182373047,37.97321319580078,47.817508697509766,39.31455612182617,0.9797180372201222,1.0957283973693848,168.38157653808594,0.675,1.0,0.0,1.0,0.0,0.0,-0.048853833228349686,0.2021781951189041,0.0,0.12231893092393875,0.14749066531658173,0.1778152734041214,-1.7565749883651733,-1.7073057889938354,-1.6480708122253418,0.0,1.0
271360,265,6,151.90969613576203,171.66666666666666,-0.0037733961129561067,7.484974598884582,-0.8663706332445145,0.004804446118941996,0.04560546875,0.5946779698133469,42.178430509567264,-1.2564890384674072,5.774919509887695,46.12117385864258,39.302955627441406,47.37765884399414,37.93159866333008,0.9784105558750211,1.5227282047271729,110.739990234375,0.575,1.0,0.0,1.0,0.0,0.0,-0.054797615855932236,0.19518910348415375,0.0,0.12242008000612259,0.1471061110496521,0.17729292809963226,-1.7563756704330444,-1.708027720451355,-1.6490832567214966,0.0,1.0
272384,266,6,195.12293604323645,178.33333333333334,-0.00463687184965238,4.45934226512909,-0.872503611445427,0.005868971886229701,0.0524169921875,0.5932049050927162,34.10115442276001,-0.5374692678451538,4.581314563751221,46.397926330566406,34.885616302490234,46.93539810180664,33.84334182739258,0.9827540342644315,1.089433193206787,72.15437316894531,0.575,1.0,0.0,1.0,0.0,0.0,-0.049143236130476,0.19352775812149048,0.0,0.12021401524543762,0.14493800699710846,0.17453451454639435,-1.7607234716415405,-1.7122834920883179,-1.654432773590088,0.0,1.0
273408,267,4,206.7395361244554,183.25,-0.004279445979045704,4.160871668159961,-0.881266301870346,0.00628486185305519,0.0374267578125,0.6546020731329918,43.74771560430527,1.794958472251892,4.982795238494873,51.669925689697266,35.01042938232422,49.874969482421875,37.46963882446289,0.9797441177970279,1.0843238830566406,157.9577178955078,0.725,1.0,0.0,1.0,0.0,0.0,-0.05219762399792671,0.19696494936943054,0.0,0.1178230419754982,0.14484508335590363,0.17612238228321075,-1.7654383182525635,-1.7124987840652466,-1.6513526439666748,0.0,1.0
274432,268,6,192.88615024962095,181.66666666666666,-0.003384015953633934,6.223400202393532,-0.8824368119239807,0.0009376308371429332,0.0171875,0.5809814617037773,62.288879656791686,1.8090767860412598,5.996336460113525,42.529937744140625,33.80091857910156,40.720863342285156,35.54673767089844,0.9685286803645283,1.043437123298645,190.34007263183594,0.625,1.0,0.0,1.0,0.0,0.0,-0.047157566994428635,0.19403058290481567,0.0,0.11637166142463684,0.144013911485672,0.17520195245742798,-1.7683016061782837,-1.714097499847412,-1.6531379222869873,0.0,1.0
275456,269,6,148.70117373710755,169.5,-0.0042964743101038035,11.441424858570098,-0.8884168818593026,0.004608185672259424,0.0408203125,0.5588837374001742,75.7651285648346,1.480269193649292,7.99174165725708,40.9697265625,37.77000045776367,39.48945999145508,37.93000030517578,0.9552298184816771,0.9910560846328735,223.9571075439453,0.625,1.0,0.0,1.0,0.0,0.0,-0.04860571399331093,0.1948164850473404,0.0,0.11545601487159729,0.14302502572536469,0.1731642186641693,-1.7701085805892944,-1.716047763824463,-1.6570922136306763,0.0,1.0
276480,270,4,206.17365809950746,207.25,-0.005410893933731131,8.232449847459794,-0.8937063291668892,0.0039621093877940435,0.0510986328125,0.6410036966204643,60.924889993667605,2.2111945152282715,5.885299205780029,33.25300979614258,35.158714294433594,31.041812896728516,35.89736557006836,0.9719798067179037,0.9533631205558777,189.18722534179688,0.775,1.0,0.0,1.0,0.0,0.0,-0.033012717962265015,0.1957268863916397,0.0,0.11516296118497849,0.14216898381710052,0.17249642312526703,-1.7706869840621948,-1.7177232503890991,-1.658388614654541,0.0,1.0
277504,271,6,212.63223320719445,209.66666666666666,-0.005462157679721713,4.653743305802346,-0.8995624527335166,0.0047623683552956205,0.0705078125,0.7314005039632321,37.96023449897766,1.6737606525421143,4.366532325744629,53.56656265258789,35.749568939208984,51.892799377441406,34.5392951965332,0.985081273745376,1.4751567840576172,126.9761962890625,0.775,1.0,0.0,1.0,0.0,0.0,-0.05436132475733757,0.20304431021213531,0.0,0.11386566609144211,0.14092116057872772,0.17238399386405945,-1.7732478380203247,-1.7201601266860962,-1.658607006072998,0.0,1.0
278528,272,6,199.60092989999518,176.83333333333334,-0.005268916499335319,2.614168804883957,-0.9056978523731232,0.005131830279424321,0.0456298828125,0.5919288191944361,30.010285794734955,0.3917575776576996,3.651759147644043,46.292266845703125,36.016353607177734,45.9005126953125,35.73517990112305,0.9897197252261458,1.1875858306884766,90.69127655029297,0.65,1.0,0.0,1.0,0.0,0.0,-0.05023695155978203,0.1995670646429062,0.0,0.11552392691373825,0.1403018981218338,0.17040446400642395,-1.7699744701385498,-1.721357822418213,-1.662451982498169,0.0,1.0
279552,273,6,172.11085921454116,189.66666666666666,-0.003948907589074224,4.065368068218231,-0.9125628426671029,0.004005347604106646,0.028076171875,0.554597432166338,39.01035740375519,1.403379201889038,4.1883416175842285,46.484230041503906,43.449886322021484,45.080848693847656,43.340396881103516,0.9907080484220727,0.9611186385154724,138.6101531982422,0.6,1.0,0.0,1.0,0.0,0.0,-0.054879751056432724,0.19931025803089142,0.0,0.11416900157928467,0.13838471472263336,0.16616380214691162,-1.7726489305496216,-1.7251156568527222,-1.670697569847107,0.0,1.0
280576,274,4,225.54955552841082,199.0,-0.006729410134721547,5.169363984465599,-0.9210985496640205,0.006395681900903583,0.056298828125,0.5429179891943932,46.825606560707094,0.24644070863723755,5.415101051330566,51.78520965576172,35.038326263427734,51.53877258300781,35.17161560058594,0.9761149376951899,1.0142502784729004,178.91842651367188,0.475,1.0,0.0,1.0,0.0,0.0,-0.045438945293426514,0.19788309931755066,0.0,0.115411177277565,0.13776683807373047,0.16308176517486572,-1.7701970338821411,-1.7263083457946777,-1.6766974925994873,0.0,1.0
281600,275,5,219.19144667596728,198.6,-0.005192504194565117,4.1159380823373795,-0.9245831862092018,0.003379435758688487,0.0348876953125,0.5910444781184196,54.01485023498535,0.5761962532997131,5.286374092102051,54.0358772277832,36.30216979980469,53.459678649902344,39.090797424316406,0.9787943970143392,0.9437798261642456,257.4107666015625,0.7,1.0,0.0,1.0,0.0,0.0,-0.04822264239192009,0.19598804414272308,0.0,0.11650481075048447,0.1364845484495163,0.16044041514396667,-1.7680389881134033,-1.7287951707839966,-1.6818443536758423,0.0,1.0
282624,276,6,191.94191050331776,191.5,-0.005698175146244466,7.120083570480347,-0.9285634741187095,0.0034138610790250823,0.041650390625,0.6364580303430557,52.70424706935883,0.9807083606719971,6.132609844207764,52.94268035888672,40.871612548828125,51.96197509765625,42.24614334106445,0.9774862871450867,1.1598283052444458,137.05194091796875,0.65,1.0,0.0,1.0,0.0,0.0,-0.047810886055231094,0.19464455544948578,0.0,0.11935324221849442,0.1371256560087204,0.16115528345108032,-1.7624205350875854,-1.7275389432907104,-1.6804510354995728,0.0,1.0
283648,277,6,180.71930537368814,179.83333333333334,-0.006006845878437162,6.980364847183227,-0.929648295044899,0.004398526060685981,0.04423828125,0.6047712884843349,64.00258121490478,-0.8881904482841492,6.076964378356934,45.228111267089844,38.805267333984375,46.116302490234375,38.76639175415039,0.9754759568316878,1.3021368980407715,170.62022399902344,0.7,1.0,0.0,1.0,0.0,0.0,-0.04844282567501068,0.1939389705657959,0.0,0.11610548198223114,0.13536639511585236,0.16041067242622375,-1.7688268423080444,-1.7310072183609009,-1.6819024085998535,0.0,1.0
284672,278,6,184.71162491891968,175.5,-0.005321712675504386,11.05984360575676,-0.9422991633415222,0.004440410337701905,0.0434326171875,0.6033520571887493,69.3289003610611,-1.605357050895691,7.4767351150512695,48.25968933105469,35.5931510925293,49.86505126953125,35.49701690673828,0.9558743531310949,1.2316393852233887,214.17074584960938,0.65,1.0,0.0,1.0,0.0,0.0,-0.04298294708132744,0.19501537084579468,0.0,0.11431317776441574,0.13329820334911346,0.1576019823551178,-1.7723643779754639,-1.735067367553711,-1.687380075454712,0.0,1.0
285696,279,4,170.44152569781235,169.5,-0.005104013718664646,4.184989453852177,-0.9488560572266579,0.0026560318787232974,0.0560546875,0.6033887453377247,36.78457505702973,-0.7624670267105103,4.771925926208496,50.83056640625,33.93980026245117,51.59303283691406,34.212371826171875,0.9802317237683993,1.1474993228912354,115.94515228271484,0.675,1.0,0.0,1.0,0.0,0.0,-0.05303236469626427,0.19143158197402954,0.0,0.11551772058010101,0.13326968252658844,0.15669821202754974,-1.7699867486953735,-1.7351036071777344,-1.6891436576843262,0.0,1.0
286720,280,7,198.04713807747086,190.71428571428572,-0.0043641528580337765,7.186539223790168,-0.9492536887526513,0.002838470254209824,0.0249267578125,0.6683526895940304,68.07598502635956,2.0067968368530273,6.356933116912842,46.34065246582031,41.707603454589844,44.3338623046875,43.14791488647461,0.9767691653684926,1.1794352531433105,237.7017364501953,0.775,1.0,0.0,1.0,0.0,0.0,-0.06089946627616882,0.19165995717048645,0.0,0.11813600361347198,0.13280227780342102,0.15482237935066223,-1.7648210525512695,-1.7360202074050903,-1.6928057670593262,0.0,1.0
287744,281,5,203.50104292467586,169.6,-0.005307353613898158,5.190869800746441,-0.9541939795017242,0.0023091834809747525,0.0298583984375,0.5895828679203987,57.21902642250061,2.531445026397705,5.035362720489502,51.21709442138672,33.95439529418945,48.68564987182617,36.73642349243164,0.9780077599830472,1.1350228786468506,194.60853576660156,0.55,1.0,0.0,1.0,0.0,0.0,-0.051780831068754196,0.19002752006053925,0.0,0.11624787002801895,0.13152267038822174,0.15350867807865143,-1.7685458660125732,-1.7385185956954956,-1.6953717470169067,0.0,1.0
288768,282,6,189.5564237751815,190.5,-0.00461580854607746,5.490060830116272,-0.960546863079071,0.005377120939374436,0.0491943359375,0.6723395980894565,51.50168104171753,-0.11435951292514801,5.614340782165527,43.71073532104492,35.96862030029297,43.825096130371094,35.10801315307617,0.9756359206816072,1.1532304286956787,155.10208129882812,0.775,1.0,0.0,1.0,0.0,0.0,-0.047363072633743286,0.19090309739112854,0.0,0.11627111583948135,0.13098163902759552,0.15304239094257355,-1.7685000896453857,-1.7395871877670288,-1.6962827444076538,0.0,1.0
289792,283,7,182.54460812354606,169.85714285714286,-0.004997074406128376,6.086596298217773,-0.9639838099479675,0.003952648772974498,0.031884765625,0.6399550132453442,56.16828784942627,-0.45309627056121826,6.055919170379639,52.887393951416016,41.14011001586914,53.340492248535156,40.68620300292969,0.9783314842315687,1.1973192691802979,193.343017578125,0.675,1.0,0.0,1.0,0.0,0.0,-0.050209734588861465,0.19985952973365784,0.0,0.11501205712556839,0.1302514672279358,0.1522754430770874,-1.7709847688674927,-1.7410210371017456,-1.6977814435958862,0.0,1.0
290816,284,3,179.08453337529264,155.66666666666666,-0.003585789183853194,5.586866274476051,-0.9678300440311431,0.004871465593168978,0.031298828125,0.6524199619889259,54.00898792743683,-2.035663604736328,5.130826950073242,50.91658020019531,36.559391021728516,52.952247619628906,36.10546875,0.9803040564082974,1.0970391035079956,197.72799682617188,0.725,1.0,0.0,1.0,0.0,0.0,-0.0488494448363781,0.1976371854543686,0.0,0.11572391539812088,0.12978900969028473,0.14978091418743134,-1.7695798873901367,-1.7419337034225464,-1.7026584148406982,0.0,1.0
291840,285,8,197.9424107152447,182.5,-0.005291795183438808,9.106985163688659,-0.9715903580188752,0.005022988913697191,0.03388671875,0.5582689389586448,64.84481606483459,0.9865648746490479,7.291946887969971,56.73280334472656,39.9360237121582,55.746238708496094,42.07624816894531,0.9666606339387284,0.9477027654647827,192.75076293945312,0.6,1.0,0.0,1.0,0.0,0.0,-0.05715802311897278,0.1957722008228302,0.0,0.11510313302278519,0.12895746529102325,0.15042369067668915,-1.77080500125885,-1.7435601949691772,-1.7014013528823853,0.0,1.0
292864,286,6,187.83017569965196,170.33333333333334,-0.005638902529608458,2.006065681576729,-0.9768080025911331,0.00211573271517409,0.045361328125,0.5892333567142487,26.749709165096284,-0.9464776515960693,3.272428035736084,56.74478530883789,35.284019470214844,57.691261291503906,35.61344909667969,0.9913983018034346,1.0239275693893433,88.99494934082031,0.65,1.0,0.0,1.0,0.0,0.0,-0.048113446682691574,0.19669710099697113,0.0,0.1142137348651886,0.1276574581861496,0.14855876564979553,-1.7725605964660645,-1.7461117506027222,-1.7050490379333496,0.0,1.0
293888,287,6,192.47025769800612,179.0,-0.004112070798873902,7.8563950031995775,-0.9845114842057228,0.0033038694120477883,0.02900390625,0.6340046800673008,53.56053574085236,0.9880788326263428,6.467291355133057,46.90241622924805,34.836246490478516,45.914337158203125,36.086891174316406,0.9655346953069394,1.3168600797653198,168.78488159179688,0.675,1.0,0.0,1.0,0.0,0.0,-0.051737844944000244,0.1926303207874298,0.0,0.11152735352516174,0.1266682893037796,0.14872485399246216,-1.7778655290603638,-1.7480748891830444,-1.7047241926193237,0.0,1.0
294912,288,6,187.0257447134973,181.0,-0.0042437693336978555,5.817257425189018,-0.9893306493759155,0.005197349554509856,0.033154296875,0.6327112361788749,47.45999898910522,-0.6789658069610596,5.661715030670166,45.458091735839844,36.7715950012207,46.137062072753906,36.17445373535156,0.9762933015679244,1.0928425788879395,173.09950256347656,0.775,1.0,0.0,1.0,0.0,0.0,-0.06137511134147644,0.2041761577129364,0.0,0.11112082749605179,0.12611207365989685,0.14964748919010162,-1.7786686420440674,-1.749163269996643,-1.702919363975525,0.0,1.0
295936,289,5,160.96439202806465,172.0,-0.004459328926168382,8.352732771635056,-0.9888715863227844,0.003429318004054949,0.050341796875,0.7090939953923225,67.42205395698548,-0.6467156410217285,7.054554462432861,48.341026306152344,34.040428161621094,48.98773956298828,34.77228927612305,0.9570513873235499,1.3692772388458252,223.76966857910156,0.85,1.0,0.0,1.0,0.0,0.0,-0.04422643408179283,0.21322917938232422,0.0,0.11170140653848648,0.12686856091022491,0.15074731409549713,-1.7775217294692993,-1.7477010488510132,-1.7007685899734497,0.0,1.0
296960,290,6,173.70184544745703,162.33333333333334,-0.004420623136684299,5.8030614167451855,-0.9852813422679901,0.006293581699719652,0.0512451171875,0.6125157333910465,50.741511297225955,-0.5951893925666809,5.944922924041748,51.287750244140625,35.2606201171875,51.882938385009766,35.20966339111328,0.9715742035669277,0.9610031843185425,166.41183471679688,0.75,1.0,0.0,1.0,0.0,0.0,-0.05085785314440727,0.20728592574596405,0.0,0.11083637177944183,0.12703196704387665,0.1513473391532898,-1.7792305946350098,-1.7473787069320679,-1.6995954513549805,0.0,1.0
297984,291,5,177.5639238687199,163.4,-0.0024872355395928027,4.571009741723538,-0.9859517231583595,0.003046230095787905,0.0392822265625,0.7217969380319118,31.4790819644928,0.1314229667186737,4.8452911376953125,55.16495132446289,36.21728515625,55.03352355957031,36.92143249511719,0.9821018592526437,1.58309006690979,85.51856231689453,0.7,1.0,0.0,1.0,0.0,0.0,-0.06720572710037231,0.20113544166088104,0.0,0.11119896918535233,0.1267465204000473,0.15013033151626587,-1.7785142660140991,-1.7479380369186401,-1.7019751071929932,0.0,1.0
299008,292,8,194.95105808505645,177.0,-0.004652927035931498,6.318868699669838,-0.9920790880918503,0.0026951578081934715,0.0421875,0.626878560334444,40.466243100166324,-0.1894397735595703,5.608360767364502,57.66876220703125,34.24538803100586,57.85820388793945,33.59861373901367,0.9731794476584392,1.0485918521881104,115.02082824707031,0.75,1.0,0.0,1.0,0.0,0.0,-0.06882699579000473,0.2042226940393448,0.0,0.10899126529693604,0.12479335814714432,0.14847888052463531,-1.7828764915466309,-1.7517833709716797,-1.7052054405212402,0.0,1.0
300032,293,7,179.2452329274893,161.28571428571428,-0.005876378912944347,7.872104918956756,-1.0020478293299675,0.005265972240886185,0.0619873046875,0.6902146853506566,31.04074890613556,-0.8358178734779358,4.954964637756348,49.04988098144531,34.186431884765625,49.88570022583008,33.3288688659668,0.9789925366866379,1.5217807292938232,82.8778076171875,0.725,1.0,0.0,1.0,0.0,0.0,-0.06835020333528519,0.20010590553283691,0.0,0.10829779505729675,0.12373945862054825,0.1470058411359787,-1.7842472791671753,-1.7538377046585083,-1.7080881595611572,0.0,1.0
301056,294,4,161.8769836427195,150.5,-0.003509667166508734,7.918121415376663,-1.0075980067253112,0.0031549657564028167,0.018115234375,0.6736680179834366,53.45117928981781,-0.5212106704711914,6.514987468719482,49.269805908203125,36.27507400512695,49.791015625,36.9140625,0.9677439998095628,1.1812076568603516,186.94268798828125,0.775,1.0,0.0,1.0,0.0,0.0,-0.0665825828909874,0.19899097084999084,0.0,0.10760143399238586,0.12258630990982056,0.14490081369876862,-1.7856237888336182,-1.756117343902588,-1.712209701538086,0.0,1.0
302080,295,6,183.56463868571075,177.66666666666666,-0.006149044050835073,9.080491787195205,-1.013375586271286,0.005783543200232088,0.060888671875,0.6692937605082989,51.19981429576874,0.7892487049102783,6.74688720703125,46.74366760253906,37.5604362487793,45.95441436767578,38.63032531738281,0.9677339609352773,1.330909013748169,139.58262634277344,0.7,1.0,0.0,1.0,0.0,0.0,-0.05183382332324982,0.20756958425045013,0.0,0.10743492841720581,0.12227290868759155,0.145755797624588,-1.7859530448913574,-1.7567424774169922,-1.7105354070663452,0.0,1.0
303104,296,7,190.11007364498235,181.71428571428572,-0.004558449669275433,13.119286876916885,-1.0097558557987214,0.0026274600284523332,0.031396484375,0.6828822910785675,62.16485478878021,0.01986086368560791,8.164700508117676,53.497047424316406,36.60276412963867,53.47718811035156,37.86276626586914,0.9502431553302692,0.9668353199958801,180.0394287109375,0.9,1.0,0.0,1.0,0.0,0.0,-0.05332772806286812,0.21003854274749756,0.0,0.10866855829954147,0.12353431433439255,0.14588597416877747,-1.783514380455017,-1.7542519569396973,-1.710280418395996,0.0,1.0
304128,297,6,161.40056072631816,159.16666666666666,-0.005009059840813279,9.710080915689469,-1.0070294111967086,0.005663799744797871,0.0573486328125,0.6640344202518463,59.04860761165619,-0.5274630188941956,6.7718987464904785,47.9537239074707,36.25218963623047,48.48118591308594,36.01465606689453,0.9651058607152321,1.2856643199920654,164.16229248046875,0.75,1.0,0.0,1.0,0.0,0.0,-0.062265992164611816,0.20070026814937592,0.0,0.10653094202280045,0.12278959155082703,0.14533911645412445,-1.7877404689788818,-1.7557226419448853,-1.7113513946533203,0.0,1.0
305152,298,4,178.36483664905327,165.0,-0.003924239345360547,9.050011944770812,-1.0116927921772003,0.004218525420583319,0.03173828125,0.6542252831161022,59.30932023525238,0.027467727661132812,7.16570520401001,45.0044059753418,34.83317184448242,44.9769401550293,36.015655517578125,0.9576813488741047,1.0605818033218384,183.61984252929688,0.775,1.0,0.0,1.0,0.0,0.0,-0.05437621474266052,0.19092682003974915,0.0,0.10619771480560303,0.12259668111801147,0.1454625129699707,-1.7883994579315186,-1.756101131439209,-1.7111096382141113,0.0,1.0
306176,299,6,213.65113878638294,198.83333333333334,-0.003844479680992663,4.894496408104897,-1.0088339775800705,0.006361019263567869,0.0338623046875,0.6383592195808887,40.276315212249756,1.4586870670318604,5.291877269744873,47.299686431884766,34.90956115722656,45.840999603271484,37.84065628051758,0.9770210230186682,1.2818830013275146,163.3986053466797,0.7,1.0,0.0,1.0,0.0,0.0,-0.04660738632082939,0.20074571669101715,0.0,0.10751788318157196,0.12342598289251328,0.14612515270709991,-1.7857890129089355,-1.7544554471969604,-1.7098121643066406,0.0,1.0
307200,300,7,195.75358936087517,180.14285714285714,-0.005632645075093023,5.954546171426773,-1.0065443336963653,0.0052637787302955985,0.0623291015625,0.6799774602055549,40.1005220413208,1.1890673637390137,5.523397445678711,51.091156005859375,36.245849609375,49.90208435058594,37.562259674072266,0.9767781909845134,1.1728800535202026,101.40973663330078,0.725,1.0,0.0,1.0,0.0,0.0,-0.048641856759786606,0.2057134360074997,0.0,0.10803069919347763,0.12333235889673233,0.1455904245376587,-1.7847752571105957,-1.7546380758285522,-1.7108591794967651,0.0,1.0
308224,301,7,176.55684381508735,167.28571428571428,-0.0033038876601494847,3.728211519122124,-1.0086138606071473,0.0033111260810983366,0.0221435546875,0.6034100845456123,39.94631838798523,-0.2595309615135193,4.829980373382568,47.94092559814453,36.030330657958984,48.20045471191406,36.147178649902344,0.982029745472652,1.1144174337387085,126.15383911132812,0.6,1.0,0.0,1.0,0.0,0.0,-0.0581284761428833,0.20698538422584534,0.0,0.10706615447998047,0.12283242493867874,0.1451750248670578,-1.78668212890625,-1.7556318044662476,-1.7116726636886597,0.0,1.0
309248,302,4,150.2055898399745,161.0,-0.005736774811521172,10.518125474452972,-1.0086772203445435,0.005791877229057718,0.054150390625,0.6246849402785302,80.77963814735412,-1.5849194526672363,7.448915481567383,47.22018814086914,37.63139343261719,48.80510711669922,36.832908630371094,0.9608181015178354,0.9917787313461304,283.2458190917969,0.7,1.0,0.0,1.0,0.0,0.0,-0.06214484944939613,0.1918569654226303,0.0,0.10801080614328384,0.12340277433395386,0.14490652084350586,-1.7848145961761475,-1.7545002698898315,-1.7121984958648682,0.0,1.0
310272,303,7,198.70094552547855,178.71428571428572,-0.004174103826517239,5.034402330219746,-1.0067263126373291,0.0038056490884628147,0.033251953125,0.6682538524270057,37.77547497749329,0.2336472123861313,5.449859142303467,49.246978759765625,32.49836349487305,49.013336181640625,34.53019714355469,0.9718779124778946,1.3585537672042847,135.15074157714844,0.775,1.0,0.0,1.0,0.0,0.0,-0.06095154955983162,0.20207588374614716,0.0,0.10701393336057663,0.12319604307413101,0.14373253285884857,-1.786785364151001,-1.7549139261245728,-1.7144982814788818,0.0,1.0
311296,304,7,151.00540715694325,148.42857142857142,-0.005458806664682925,5.292356452345848,-1.0119626760482787,0.0009871957852737978,0.05380859375,0.700242142379284,28.36484477519989,-0.10804462432861328,5.01252555847168,51.36366271972656,39.27836227416992,51.471710205078125,38.66716003417969,0.983714297041654,1.335959792137146,78.28764343261719,0.675,1.0,0.0,1.0,0.0,0.0,-0.0631251260638237,0.19944033026695251,0.0,0.10311472415924072,0.12166275829076767,0.14471818506717682,-1.7944984436035156,-1.7579445838928223,-1.7125674486160278,0.0,1.0
312320,305,7,190.9560825473879,165.42857142857142,-0.004350871266797185,9.030221065878868,-1.020448437333107,0.0027984566157101655,0.0382080078125,0.6869356840848923,55.089643239974976,0.09631651639938354,6.671662330627441,47.79029846191406,37.96556854248047,47.6939811706543,39.861793518066406,0.9691192139359799,1.3549493551254272,138.78981018066406,0.725,1.0,0.0,1.0,0.0,0.0,-0.06994601339101791,0.20167283713817596,0.0,0.10286591947078705,0.12049397081136703,0.1435249298810959,-1.7949907779693604,-1.7602410316467285,-1.714905023574829,0.0,1.0
313344,306,5,170.3638749374896,165.2,-0.004484183108434081,4.939609314501285,-1.0236020416021347,0.004065518602146767,0.0353515625,0.5962741531431675,45.50617551803589,-0.18102186918258667,5.377575397491455,44.702552795410156,33.377559661865234,44.88357162475586,33.55886459350586,0.974042434911118,1.0725936889648438,143.53404235839844,0.525,1.0,0.0,1.0,0.0,0.0,-0.0706116184592247,0.20381437242031097,0.0,0.10157371312379837,0.12061604857444763,0.14619792997837067,-1.7975482940673828,-1.7600159645080566,-1.7096697092056274,0.0,1.0
314368,307,4,183.27434362191974,168.5,-0.006748340290505439,3.0461219124495984,-1.021149718761444,0.005271682122838683,0.0480224609375,0.5980982936918735,29.217913591861723,0.5112075209617615,4.16514778137207,55.66542434692383,31.326007843017578,55.15422058105469,31.52298355102539,0.9823212837251877,1.0218311548233032,72.59015655517578,0.65,1.0,0.0,1.0,0.0,0.0,-0.06630117446184158,0.20944611728191376,0.0,0.10135806351900101,0.12149014323949814,0.14733551442623138,-1.7979751825332642,-1.7582988739013672,-1.7074427604675293,0.0,1.0
315392,308,8,194.2430349974649,181.0,-0.0051338908728212115,7.396671456098557,-1.0177927792072297,0.0030149083366268316,0.0508056640625,0.692369494587183,45.163628005981444,-0.6198339462280273,6.187601089477539,47.80246353149414,39.61898422241211,48.422298431396484,39.99747848510742,0.9756085288329757,1.2179343700408936,142.7930908203125,0.725,1.0,0.0,1.0,0.0,0.0,-0.06042655184864998,0.21640907227993011,0.0,0.09910004585981369,0.1214061751961708,0.1488223522901535,-1.8024462461471558,-1.758481502532959,-1.7045334577560425,0.0,1.0
316416,309,6,170.82735911285468,160.0,-0.004187778197228908,7.823276525735855,-1.0216989994049073,0.0046963987537310455,0.0388427734375,0.7042011111974716,57.941881155967714,-0.23792296648025513,6.402856826782227,40.8899040222168,35.338748931884766,41.127830505371094,36.16471481323242,0.9671719394766632,1.095428228378296,184.27268981933594,0.775,1.0,0.0,1.0,0.0,0.0,-0.06283260136842728,0.2045346349477768,0.0,0.09709444642066956,0.12011697143316269,0.14785677194595337,-1.806419014930725,-1.7610244750976562,-1.7064226865768433,0.0,1.0
317440,310,7,151.2109395056506,163.14285714285714,-0.004696741577936337,3.0222498401999474,-1.026103323698044,0.002510480920318514,0.0447021484375,0.5855702206492424,33.587624394893645,0.42355474829673767,4.192960739135742,49.50432586669922,36.29526138305664,49.080772399902344,36.868553161621094,0.9866542879641348,1.2685904502868652,104.7529296875,0.6,1.0,0.0,1.0,0.0,0.0,-0.069240503013134,0.20225204527378082,0.0,0.09611095488071442,0.12055155634880066,0.14716419577598572,-1.8083677291870117,-1.7601674795150757,-1.7077782154083252,0.0,1.0
318464,311,6,169.33809317526908,163.33333333333334,-0.0044132231792900715,3.5100895017385483,-1.023766165971756,0.0031973330056644044,0.0317138671875,0.688833312690258,35.59410011768341,-0.9347913861274719,4.00056266784668,52.84453201293945,36.33486557006836,53.77932357788086,35.37275695800781,0.987877421742618,1.4343336820602417,105.53897857666016,0.725,1.0,0.0,1.0,0.0,0.0,-0.062223389744758606,0.20859166979789734,0.0,0.09712668508291245,0.12032151967287064,0.14649565517902374,-1.8063551187515259,-1.7606016397476196,-1.7090867757797241,0.0,1.0
319488,312,5,202.9932270173813,184.0,-0.00573793922085315,10.333946204185485,-1.0239134222269057,0.005603014028747566,0.0537353515625,0.5846015453338623,77.7081627368927,1.4455220699310303,7.66146183013916,36.78022384643555,36.89937973022461,35.33470153808594,40.38210678100586,0.9568892904028649,1.013014554977417,228.16102600097656,0.675,1.0,0.0,1.0,0.0,0.0,-0.06223748251795769,0.20871427655220032,0.0,0.09844569116830826,0.1206575259566307,0.14767563343048096,-1.8037421703338623,-1.7599438428878784,-1.7067772150039673,0.0,1.0
320512,313,6,158.21384345512737,173.83333333333334,-0.006564596621319652,18.651489567756652,-1.0203565984964371,0.0076744570702430796,0.0825927734375,0.6225626721978188,65.84873332977295,-1.2272896766662598,8.817720413208008,50.93657684326172,38.48187255859375,52.16386413574219,38.945533752441406,0.9474950463459972,1.3133635520935059,154.40609741210938,0.725,1.0,0.0,1.0,0.0,0.0,-0.06426083296537399,0.2138475626707077,0.0,0.09906910359859467,0.12167733907699585,0.1496652513742447,-1.8025075197219849,-1.7579345703125,-1.7028846740722656,0.0,1.0
321536,314,7,189.01279462962748,176.0,-0.004092543522710912,4.853783902525902,-1.0157238215208053,0.0059812200954183934,0.035498046875,0.6294062316417695,32.73236014842987,1.0774638652801514,4.4090189933776855,41.02825164794922,38.12107849121094,39.95079040527344,38.631011962890625,0.9866231574668664,1.1745952367782593,96.84585571289062,0.775,1.0,0.0,1.0,0.0,0.0,-0.055175382643938065,0.20997288823127747,0.0,0.09958638995885849,0.12190688401460648,0.15001513063907623,-1.8014830350875854,-1.7574995756149292,-1.7022004127502441,0.0,1.0
322560,315,6,150.62863351994824,151.16666666666666,-0.005295385932549834,4.177520394325256,-1.0146557718515397,0.001179112466343213,0.0560302734375,0.7025224901735783,33.965225625038144,-1.505025863647461,4.094191074371338,49.137718200683594,37.036617279052734,50.64274597167969,36.24986267089844,0.9877799320051893,1.240867257118225,96.97187042236328,0.825,1.0,0.0,1.0,0.0,0.0,-0.07046100497245789,0.2072351723909378,0.0,0.09917422384023666,0.12239581346511841,0.15150049328804016,-1.8022992610931396,-1.7565408945083618,-1.6992961168289185,0.0,1.0
323584,316,5,214.27438793880052,183.2,-0.005409086943836882,6.1122200332581995,-1.0169533342123032,0.005553756745939609,0.044580078125,0.6903700791299343,47.99398236274719,0.9454848766326904,6.311228275299072,45.65901184082031,33.90292739868164,44.713523864746094,36.85542297363281,0.9653460005318255,1.196435570716858,144.196044921875,0.9,1.0,0.0,1.0,0.0,0.0,-0.06189117208123207,0.21462419629096985,0.0,0.09581530839204788,0.12045344710350037,0.1515345275402069,-1.8089536428451538,-1.760379672050476,-1.6992295980453491,0.0,1.0
324608,317,6,144.75549662954057,167.0,-0.0042687115957960485,6.593922328948975,-1.0242385119199753,0.0032147205696674065,0.0586669921875,0.6587128780782223,46.0105584859848,-0.5389772653579712,5.751064777374268,44.683685302734375,37.497772216796875,45.22266387939453,36.82686233520508,0.9764773855612894,1.1298075914382935,174.8709716796875,0.775,1.0,0.0,1.0,0.0,0.0,-0.06815477460622787,0.20465821027755737,0.0,0.09664926677942276,0.1209990605711937,0.1526804268360138,-1.8073010444641113,-1.7593169212341309,-1.6969900131225586,0.0,1.0
325632,318,7,192.61094439202768,186.28571428571428,-0.004330888518597931,8.464841639995575,-1.024795812368393,0.0036052897135959937,0.0259765625,0.6793344251811504,65.76177771091461,3.259072780609131,5.98929500579834,32.16087341308594,35.836673736572266,28.90180015563965,38.516387939453125,0.9720683867959181,1.3030210733413696,217.75390625,0.725,1.0,0.0,1.0,0.0,0.0,-0.05754118785262108,0.2024446278810501,0.0,0.0943601131439209,0.11896362155675888,0.15057222545146942,-1.811837911605835,-1.7633322477340698,-1.7011109590530396,0.0,1.0
326656,319,4,145.45466323837644,163.5,-0.004074489371851087,5.599894239008426,-1.0399202078580856,0.004459015544853173,0.03896484375,0.6980208903551102,38.61644570827484,0.6703823804855347,5.541253566741943,48.2847900390625,37.481605529785156,47.61440658569336,38.09402084350586,0.9781435499355291,1.3204460144042969,111.07669067382812,0.825,1.0,0.0,1.0,0.0,0.0,-0.05915854498744011,0.2070990353822708,0.0,0.09100852161645889,0.11672815680503845,0.14984440803527832,-1.818483829498291,-1.7677453756332397,-1.7025341987609863,0.0,1.0
327680,320,7,174.58485866305423,165.28571428571428,-0.004331548244226724,11.572616198658944,-1.0502917855978011,0.004173482487385627,0.04970703125,0.6474805608391762,69.5650848865509,-2.7319514751434326,6.977234840393066,47.84870529174805,34.25291061401367,50.580657958984375,31.784997940063477,0.9585072969155984,1.2556864023208618,208.12071228027344,0.725,1.0,0.0,1.0,0.0,0.0,-0.0836457908153534,0.19599325954914093,0.0,0.08745455741882324,0.11559709906578064,0.15070001780986786,-1.8255354166030884,-1.7700010538101196,-1.7008610963821411,0.0,1.0
328704,321,6,136.56487966122765,154.33333333333334,-0.005090861988719553,8.103357782959938,-1.051519864797592,0.004756064800312742,0.0427001953125,0.6337487503886223,61.14820101261139,-0.7651830911636353,6.460558891296387,45.0804443359375,37.37267303466797,45.84562683105469,35.76997375488281,0.9701164759734904,1.3415380716323853,249.93707275390625,0.65,1.0,0.0,1.0,0.0,0.0,-0.06831900775432587,0.20268546044826508,0.0,0.08767485618591309,0.11649508029222488,0.15210136771202087,-1.8250981569290161,-1.7682303190231323,-1.6981216669082642,0.0,1.0
329728,322,6,171.14560060935307,154.83333333333334,-0.004941592109389603,2.7429882429540156,-1.0465241640806198,0.00033048070908989755,0.0381103515625,0.6257692612707615,29.769749689102174,1.3366897106170654,3.8144690990448,57.76725387573242,33.20433044433594,56.43056106567383,34.63448715209961,0.9868028915640847,1.1927357912063599,91.99127197265625,0.7,1.0,0.0,1.0,0.0,0.0,-0.07169806957244873,0.2043835073709488,0.0,0.08803727477788925,0.11645422130823135,0.15160009264945984,-1.8243789672851562,-1.7683080434799194,-1.699101448059082,0.0,1.0
330752,323,8,201.10961996212478,180.625,-0.004096719791414216,7.158916899561882,-1.0456121295690537,0.0027251280102063903,0.031884765625,0.6789207361638546,44.8927618265152,-0.13510343432426453,5.843637943267822,44.5052375793457,35.48225402832031,44.64033889770508,35.10813903808594,0.9728765940157708,1.0621483325958252,148.9783935546875,0.875,1.0,0.0,1.0,0.0,0.0,-0.08362288028001785,0.20474711060523987,0.0,0.08903051912784576,0.11762136220932007,0.1530255824327469,-1.8224079608917236,-1.7660104036331177,-1.6963155269622803,0.0,1.0
331776,324,7,136.81230315177424,143.85714285714286,-0.003783571778330952,7.532825869321823,-1.0381818175315858,0.004265660590317566,0.0386962890625,0.7039009466767311,60.547071194648744,-1.0346592664718628,6.242347717285156,42.478450775146484,38.207725524902344,43.51310729980469,38.03933334350586,0.9733072368461886,1.2965322732925415,183.34727478027344,0.775,1.0,0.0,1.0,0.0,0.0,-0.08272423595190048,0.20397569239139557,0.0,0.09088433533906937,0.11857453733682632,0.15312151610851288,-1.818730115890503,-1.7641029357910156,-1.6961281299591064,0.0,1.0
332800,325,4,163.63712058813502,165.25,-0.004573485301807523,6.747177997231484,-1.0347431778907776,0.0061015095518087035,0.0579833984375,0.7054845482110977,43.43696496486664,-0.04283669590950012,6.207740306854248,41.60148620605469,38.08110046386719,41.644325256347656,39.726715087890625,0.973426542980076,1.5791622400283813,131.56240844726562,0.775,1.0,0.0,1.0,0.0,0.0,-0.06720272451639175,0.19842660427093506,0.0,0.09180738031864166,0.1188042163848877,0.1543152779340744,-1.8168994188308716,-1.763670802116394,-1.693796157836914,0.0,1.0
333824,326,7,162.62073140550956,175.71428571428572,-0.0041234033094951885,3.7645484894514083,-1.0317651122808456,0.003405359876342118,0.039697265625,0.6677691303193569,24.868120527267457,-0.3296924829483032,4.076752662658691,43.86137390136719,37.19154739379883,44.191062927246094,37.6116828918457,0.9879845447591921,1.1440924406051636,64.10733032226562,0.825,1.0,0.0,1.0,0.0,0.0,-0.07494506984949112,0.21118256449699402,0.0,0.09257443994283676,0.11965880542993546,0.15581682324409485,-1.815378189086914,-1.761991024017334,-1.690864086151123,0.0,1.0
334848,327,6,149.32934853710404,157.5,-0.006805558723863214,6.438740518689156,-1.0320122092962265,0.004669604997616261,0.0658203125,0.725525888055563,54.3887654542923,0.554244875907898,6.285930156707764,39.4505500793457,37.87665557861328,38.89630889892578,39.14044952392578,0.9724579794223204,1.2994846105575562,184.79185485839844,0.9,1.0,0.0,1.0,0.0,0.0,-0.06231091544032097,0.21384236216545105,0.0,0.09039098769426346,0.11834093183279037,0.15432873368263245,-1.8197088241577148,-1.7645798921585083,-1.693769931793213,0.0,1.0
335872,328,7,194.24573003643468,171.42857142857142,-0.004906836815644055,5.668347589671612,-1.0396856367588043,0.003096267035289202,0.03193359375,0.6222575657069683,49.61296837329864,1.8821499347686768,5.69071102142334,42.52953338623047,28.368051528930664,40.64738464355469,30.39169692993164,0.9597585034682411,0.9204276204109192,151.36183166503906,0.75,1.0,0.0,1.0,0.0,0.0,-0.04198722168803215,0.21403343975543976,0.0,0.08880949765443802,0.11743161827325821,0.1546594500541687,-1.822846531867981,-1.7663928270339966,-1.6931240558624268,0.0,1.0
336896,329,6,165.47980093822625,163.16666666666666,-0.005022926686797291,4.864667772501707,-1.040890884399414,0.0015286164605640806,0.0342041015625,0.6775339968502522,51.426869654655455,2.0879132747650146,5.600875377655029,46.585655212402344,37.38136672973633,44.49774169921875,39.510215759277344,0.9775507677970797,1.4730020761489868,196.38162231445312,0.775,1.0,0.0,1.0,0.0,0.0,-0.0494103878736496,0.20880579948425293,0.0,0.08667964488267899,0.11794910579919815,0.1560966670513153,-1.827073574066162,-1.7653899192810059,-1.6903178691864014,0.0,1.0
337920,330,5,172.8722130341321,169.0,-0.0054968493990600106,8.362150901556015,-1.0380370318889618,0.006659200981084723,0.0412109375,0.6751689486205578,72.89168484210968,0.7982982397079468,7.596630573272705,41.11890411376953,39.656776428222656,40.32060623168945,40.78367614746094,0.963304978757636,1.209740400314331,248.24673461914062,0.85,1.0,0.0,1.0,0.0,0.0,-0.06719427555799484,0.21126335859298706,0.0,0.08889855444431305,0.11833039671182632,0.1561943143606186,-1.8226697444915771,-1.764614224433899,-1.6901272535324097,0.0,1.0
338944,331,7,182.2580068228089,180.0,-0.0038310826057568192,6.6913066625595095,-1.0361304432153702,0.004757829569280147,0.0349365234375,0.58846690133214,39.86856439113617,1.5111596584320068,5.0725812911987305,42.847869873046875,36.18524932861328,41.336708068847656,37.0606803894043,0.9803485358712428,1.0846327543258667,117.351806640625,0.7,1.0,0.0,1.0,0.0,0.0,-0.0669870376586914,0.208533376455307,0.0,0.08652905374765396,0.11852690577507019,0.15800806879997253,-1.8273725509643555,-1.7642704248428345,-1.6865878105163574,0.0,1.0
339968,332,5,183.6747695933454,164.6,-0.003589341987390071,7.221757140755654,-1.0397010743618011,0.00555225599964615,0.0537109375,0.6408331446349621,63.58800072669983,1.5480090379714966,6.7020111083984375,46.685951232910156,33.55351638793945,45.137939453125,35.522254943847656,0.9601035503576133,1.1729724407196045,199.00975036621094,0.8,1.0,0.0,1.0,0.0,0.0,-0.054150570183992386,0.2142535150051117,0.0,0.08472605049610138,0.1170646920800209,0.1553596705198288,-1.8309521675109863,-1.7671394348144531,-1.6917567253112793,0.0,1.0
340992,333,7,171.39236735974552,164.42857142857142,-0.007148253655759618,4.145505073666572,-1.0454563438892364,0.004402032466896344,0.0573486328125,0.631877712905407,40.612672972679135,-0.14242282509803772,4.70603609085083,39.305267333984375,33.106327056884766,39.44768524169922,32.45537185668945,0.9797936230562392,1.2566590309143066,131.11317443847656,0.75,1.0,0.0,1.0,0.0,0.0,-0.04623134061694145,0.21269723773002625,0.0,0.08394715189933777,0.1171465814113617,0.15568089485168457,-1.8324990272521973,-1.7669817209243774,-1.691129446029663,0.0,1.0
342016,334,6,149.71633141360573,155.66666666666666,-0.0041666582459583875,3.5394224643707277,-1.0426585882902146,0.0016462869563838467,0.0260009765625,0.6655719481408596,36.73304369449615,-0.27222245931625366,4.696025371551514,43.80739212036133,33.522396087646484,44.079612731933594,35.31233596801758,0.980375857308055,1.083816409111023,128.839599609375,0.75,1.0,0.0,1.0,0.0,0.0,-0.0693150982260704,0.21857500076293945,0.0,0.08133799582719803,0.11739450693130493,0.15868867933750153,-1.837681770324707,-1.7665101289749146,-1.6852601766586304,0.0,1.0
343040,335,6,150.53988177061424,176.16666666666666,-0.005406179011333734,3.2167912989854814,-1.041678461432457,0.004616480341064743,0.0606689453125,0.7770175635814667,24.2712121963501,1.3132356405258179,3.679856777191162,41.04389190673828,41.6176643371582,39.73065948486328,42.1473503112793,0.9921818066899265,1.5476311445236206,81.38873291015625,0.95,1.0,0.0,1.0,0.0,0.0,-0.066036157310009,0.21086755394935608,0.0,0.08002827316522598,0.1178351640701294,0.15907341241836548,-1.8402842283248901,-1.7656688690185547,-1.6845097541809082,0.0,1.0
344064,336,6,178.54454951200057,162.16666666666666,-0.0051189016085118055,2.712828380614519,-1.03979372382164,0.0033267113365582192,0.0406005859375,0.5887907758355141,32.327844572067264,0.7548240423202515,4.107638835906982,39.871368408203125,30.70429801940918,39.11654281616211,31.87601089477539,0.9821027558469012,1.1231731176376343,132.32113647460938,0.6,1.0,0.0,1.0,0.0,0.0,-0.068430095911026,0.22289912402629852,0.0,0.08044137805700302,0.11784950643777847,0.15771061182022095,-1.8394633531570435,-1.7656173706054688,-1.6871681213378906,0.0,1.0
345088,337,6,143.3086692269083,161.83333333333334,-0.0038300347223412246,6.147032770514488,-1.0397183179855347,0.005626093949831557,0.0550537109375,0.6739231444895267,48.57217447757721,-1.269878625869751,5.660490036010742,48.13050842285156,36.289695739746094,49.400390625,34.99399185180664,0.9756700389430909,1.032893419265747,133.9636688232422,0.75,1.0,0.0,1.0,0.0,0.0,-0.08181388676166534,0.2179650366306305,0.0,0.08149610459804535,0.11804485321044922,0.15730644762516022,-1.8373676538467407,-1.7652192115783691,-1.6879568099975586,0.0,1.0
346112,338,7,167.1885461361958,164.0,-0.0045543554006144404,6.563947188854217,-1.035190263390541,0.003261712558742147,0.04501953125,0.6857719875872135,50.75373604297638,-0.830984354019165,5.485496997833252,50.130027770996094,32.270389556884766,50.96101379394531,31.131267547607422,0.9711049438322377,1.4683678150177002,150.36732482910156,0.875,1.0,0.0,1.0,0.0,0.0,-0.07191357016563416,0.21786542236804962,0.0,0.08163907378911972,0.11950689554214478,0.15984907746315002,-1.8370835781097412,-1.7623577117919922,-1.682997226715088,0.0,1.0
347136,339,7,146.33723425397102,147.71428571428572,-0.0041554301977157595,6.267184567451477,-1.0305934995412827,0.0021394805837189777,0.0333984375,0.6915185883641243,42.83809053897858,-0.6549659967422485,5.709441184997559,37.82245635986328,33.910972595214844,38.47742462158203,34.92726516723633,0.9716530274589684,1.2337709665298462,126.43043518066406,0.875,1.0,0.0,1.0,0.0,0.0,-0.06665080040693283,0.22191433608531952,0.0,0.08176672458648682,0.11893715709447861,0.15975069999694824,-1.8368300199508667,-1.7634835243225098,-1.683189034461975,0.0,1.0
348160,340,6,159.00702408551348,161.5,-0.004026580281788483,5.028515577316284,-1.036093407869339,0.006946065367083065,0.0473876953125,0.7362939298152924,52.940989756584166,1.2978646755218506,5.882749080657959,47.89276123046875,39.34725570678711,46.59489822387695,41.39196014404297,0.9776472076175924,1.2155088186264038,209.9580841064453,0.85,1.0,0.0,1.0,0.0,0.0,-0.06481578201055527,0.2125326246023178,0.0,0.081348717212677,0.11824566125869751,0.160006582736969,-1.837660551071167,-1.7648478746414185,-1.682690143585205,0.0,1.0
349184,341,7,162.6293495573188,149.85714285714286,-0.004545483307447284,8.074528312683105,-1.0374533504247665,0.00622590248240158,0.0496337890625,0.6373029872775078,52.24925067424774,-1.0948939323425293,6.362242698669434,44.850677490234375,32.85361862182617,45.94557189941406,32.680152893066406,0.9624980297055563,1.1086217164993286,168.34841918945312,0.7,1.0,0.0,1.0,0.0,0.0,-0.05199943855404854,0.21783863008022308,0.0,0.08181901276111603,0.11828698962926865,0.16075818240642548,-1.836726188659668,-1.7647677659988403,-1.6812249422073364,0.0,1.0
350208,342,8,139.366264149321,145.375,-0.005467944173142314,8.815232002735138,-1.0390389204025268,0.0058645401892135855,0.058251953125,0.7405853159725666,59.46461868286133,-2.669004201889038,5.7814412117004395,45.87104797363281,38.02378463745117,48.5400505065918,35.941890716552734,0.9768813998472073,1.6059801578521729,200.43992614746094,0.825,1.0,0.0,1.0,0.0,0.0,-0.07057472318410873,0.22150512039661407,0.0,0.0791417583823204,0.11786770820617676,0.16069480776786804,-1.8420461416244507,-1.7656174898147583,-1.6813485622406006,0.0,1.0
351232,343,9,148.30089307740388,143.77777777777777,-0.004760951176285744,16.414945086836816,-1.0401461601257325,0.003431302821263671,0.041845703125,0.7124253578484059,98.85089092254638,-1.6933338642120361,9.311232566833496,43.37826156616211,38.374359130859375,45.071598052978516,39.65662384033203,0.9411248354724624,1.068056344985962,278.7699890136719,0.875,1.0,0.0,1.0,0.0,0.0,-0.0853109136223793,0.21517588198184967,0.0,0.07976005971431732,0.11778616160154343,0.15989680588245392,-1.8408173322677612,-1.7657712697982788,-1.6829042434692383,0.0,1.0
352256,344,5,169.03801919823871,158.2,-0.007199219428002834,3.603110505640507,-1.0423353433609008,0.0037826410814886914,0.0575439453125,0.8516096480190753,30.909277629852294,0.4139927923679352,4.59733247756958,44.48234176635742,34.118289947509766,44.0683479309082,35.42873001098633,0.9818432864837309,1.4043679237365723,97.05994415283203,0.95,1.0,0.0,1.0,0.0,0.0,-0.06919852644205093,0.20715345442295074,0.0,0.07870490103960037,0.1169838234782219,0.1601399928331375,-1.8429144620895386,-1.7673596143722534,-1.6824300289154053,0.0,1.0
353280,345,5,180.0333349877153,152.0,-0.005143057962413877,4.293179550766945,-1.0498498529195786,0.005540390979149379,0.055224609375,0.6615302965044976,34.59877247810364,-0.29515543580055237,5.056593418121338,49.26388931274414,33.43709182739258,49.559043884277344,34.979286193847656,0.9771303722361273,1.429424524307251,103.97209167480469,0.775,1.0,0.0,1.0,0.0,0.0,-0.06313327699899673,0.20501446723937988,0.0,0.07710735499858856,0.11526036262512207,0.15921607613563538,-1.8460901975631714,-1.7707695960998535,-1.6842315196990967,0.0,1.0
354304,346,6,159.86235962895202,161.83333333333334,-0.0068411640357226135,2.9302847288548945,-1.0578508496284484,0.006354884582106024,0.0697998046875,0.6811454154551029,31.659327304363252,-0.47921222448349,4.303773403167725,44.02972412109375,36.8253288269043,44.50893783569336,37.931068420410156,0.98634142205035,1.3254107236862183,113.84366607666016,0.7,1.0,0.0,1.0,0.0,0.0,-0.07593761384487152,0.20564958453178406,0.0,0.07678385823965073,0.11460942029953003,0.1582816243171692,-1.8467333316802979,-1.772046446800232,-1.6860541105270386,0.0,1.0
355328,347,6,153.49685052281725,155.66666666666666,-0.003967843716964126,2.634963347017765,-1.0601102471351624,0.0016246972591034137,0.0303955078125,0.7646598212420941,34.08203016519546,0.6231271624565125,4.119851112365723,45.538818359375,33.676109313964844,44.91569519042969,35.164794921875,0.9850335348061915,1.3897017240524292,109.06256103515625,0.875,1.0,0.0,1.0,0.0,0.0,-0.05726584792137146,0.20736999809741974,0.0,0.07565567642450333,0.11428459733724594,0.1592182070016861,-1.8489766120910645,-1.7726961374282837,-1.684227466583252,0.0,1.0
356352,348,9,147.92679626123677,163.11111111111111,-0.005629050405696034,11.363316828012467,-1.0598478853702544,0.004516876846901141,0.052294921875,0.7397938206791878,55.17722797393799,-1.469042420387268,6.956715106964111,41.081565856933594,39.000980377197266,42.55060958862305,37.75007247924805,0.9681831325890504,1.5711588859558105,153.4136962890625,0.775,1.0,0.0,1.0,0.0,0.0,-0.04768385365605354,0.2122037559747696,0.0,0.07518722116947174,0.11495232582092285,0.16091284155845642,-1.8499082326889038,-1.7713850736618042,-1.6809234619140625,0.0,1.0
357376,349,5,185.07317920807753,178.8,-0.004183153854683042,5.538219532370567,-1.0570133417844771,0.0021585518232313918,0.032568359375,0.759001987427473,42.12234592437744,0.4109525680541992,5.2644453048706055,41.711761474609375,39.860843658447266,41.300804138183594,40.05874252319336,0.9825573626424855,1.2624090909957886,116.97428131103516,0.925,1.0,0.0,1.0,0.0,0.0,-0.047256212681531906,0.22320780158042908,0.0,0.07497888803482056,0.11500150710344315,0.16119447350502014,-1.8503226041793823,-1.7712944746017456,-1.6803746223449707,0.0,1.0
358400,350,6,155.6202442731026,157.83333333333334,-0.004643618181580678,4.279992830753327,-1.0590040504932403,0.004814670576888602,0.050537109375,0.8233263939619064,49.4932373046875,-0.9128618836402893,5.159443378448486,54.307064056396484,35.685176849365234,55.21992492675781,34.864898681640625,0.9790959739366546,1.3536112308502197,163.6453857421875,0.95,1.0,0.0,1.0,0.0,0.0,-0.04927678778767586,0.21952077746391296,0.0,0.07635565102100372,0.1140543520450592,0.15970292687416077,-1.8475847244262695,-1.7731508016586304,-1.6832821369171143,0.0,1.0
359424,351,7,178.53517966799558,168.85714285714286,-0.00466648421715945,11.470917981863021,-1.0646584689617158,0.002272441219247412,0.0336181640625,0.6807863615453243,73.5634100675583,-0.3863949179649353,8.142379760742188,38.30889129638672,39.04717254638672,38.695289611816406,40.418968200683594,0.9565165920742603,1.3514177799224854,220.21798706054688,0.75,1.0,0.0,1.0,0.0,0.0,-0.05131857469677925,0.2128351628780365,0.0,0.07717444002628326,0.11352235078811646,0.15800853073596954,-1.845956802368164,-1.7741928100585938,-1.686586856842041,0.0,1.0
360448,352,6,134.31185523339465,134.83333333333334,-0.004129792723688297,5.762264335155487,-1.0679994881153108,0.0037262740603182464,0.0470703125,0.8040069676935673,51.48994746208191,-2.681277275085449,5.096318244934082,44.6865234375,33.83845520019531,47.3677978515625,33.13357162475586,0.9773174427544468,1.4745101928710938,190.5006103515625,0.85,1.0,0.0,1.0,0.0,0.0,-0.057705897837877274,0.210624560713768,0.0,0.07761912047863007,0.11267165094614029,0.1554119735956192,-1.8450727462768555,-1.7758370637893677,-1.6916545629501343,0.0,1.0
361472,353,7,145.77229433615875,158.14285714285714,-0.004852498485706747,2.574497839808464,-1.069829171895981,0.004753931064624339,0.0605712890625,0.6839631132781505,29.505106723308565,-0.39770984649658203,4.042324066162109,41.63066864013672,37.41901397705078,42.02838134765625,38.21531295776367,0.9883298192371432,1.2444370985031128,98.04690551757812,0.725,1.0,0.0,1.0,0.0,0.0,-0.059369321912527084,0.2167072296142578,0.0,0.07785285264253616,0.11306368559598923,0.1567324995994568,-1.8446080684661865,-1.775081753730774,-1.6890767812728882,0.0,1.0
362496,354,6,155.21921205839413,147.0,-0.005934037722181529,1.7452552698552608,-1.0685209333896637,0.002554018901719246,0.04775390625,0.7357236117124557,29.634687030315398,0.9761406779289246,3.2719342708587646,43.84983825683594,31.867116928100586,42.87369918823242,32.96209716796875,0.9894579863811775,1.2917976379394531,101.71928405761719,0.875,1.0,0.0,1.0,0.0,0.0,-0.04985244572162628,0.21797458827495575,0.0,0.07780633121728897,0.11280500143766403,0.15537475049495697,-1.844700574874878,-1.7755742073059082,-1.6917271614074707,0.0,1.0
363520,355,8,159.34939672565076,150.0,-0.0035670965909957884,3.3120845794677733,-1.0707650512456894,0.0029461310550686903,0.0258544921875,0.6710938289761543,36.67400051355362,0.6782861351966858,4.893823146820068,47.2700080871582,40.31330490112305,46.59172058105469,42.005332946777344,0.9852633189729243,1.0641963481903076,114.41986083984375,0.825,1.0,0.0,1.0,0.0,0.0,-0.05366695299744606,0.2177870124578476,0.0,0.07695889472961426,0.11249589174985886,0.15452462434768677,-1.8463853597640991,-1.7761906385421753,-1.6933872699737549,0.0,1.0
364544,356,6,196.27969164141606,172.83333333333334,-0.004788504657335579,6.548072510957718,-1.0692487806081772,0.007534497854067013,0.0504150390625,0.6948928885161877,61.08659653663635,3.088589668273926,5.68201208114624,40.844703674316406,37.739925384521484,37.75611114501953,40.37544631958008,0.9773325767385994,1.263002634048462,223.9365234375,0.8,1.0,0.0,1.0,0.0,0.0,-0.03935244679450989,0.20852692425251007,0.0,0.07926969230175018,0.11360770463943481,0.15617835521697998,-1.8417918682098389,-1.773984432220459,-1.6901583671569824,0.0,1.0
365568,357,5,187.03910169164016,155.6,-0.004739239765331149,3.9903512254357336,-1.060202956199646,0.00476424478838453,0.0330322265625,0.661626597493887,34.921500611305234,-0.7317681312561035,4.665475368499756,42.684104919433594,33.8780632019043,43.415870666503906,34.59193801879883,0.9810349183181224,1.2723095417022705,104.9400405883789,0.75,1.0,0.0,1.0,0.0,0.0,-0.048649176955223083,0.2052561491727829,0.0,0.08136120438575745,0.11522264033555984,0.15672694146633148,-1.8376357555389404,-1.7707988023757935,-1.6890876293182373,0.0,1.0
366592,358,7,144.9500434660701,155.42857142857142,-0.0031012061983346937,2.9388177148997783,-1.0533096492290497,0.0032579997452558017,0.0300048828125,0.7358328878879548,29.256077432632445,0.8493489623069763,4.47475004196167,45.200897216796875,36.519535064697266,44.35154724121094,37.962547302246094,0.9849863212329161,1.080855369567871,99.72805786132812,0.9,1.0,0.0,1.0,0.0,0.0,-0.05190300941467285,0.21177195012569427,0.0,0.08083038777112961,0.11587080359458923,0.1593761295080185,-1.8386904001235962,-1.7695504426956177,-1.6839194297790527,0.0,1.0
367616,359,7,169.8840634505222,155.14285714285714,-0.006116791104432195,4.410993385314941,-1.0549286216497422,0.0020561069613904692,0.032421875,0.6712271116673947,44.42435601949692,1.6993234157562256,5.08981990814209,42.75712585449219,32.877864837646484,41.057804107666016,34.798805236816406,0.976033884644126,1.067862629890442,143.0626678466797,0.825,1.0,0.0,1.0,0.0,0.0,-0.04868542030453682,0.20854036509990692,0.0,0.07904501259326935,0.11439186334609985,0.1594025045633316,-1.842238426208496,-1.7724671363830566,-1.6838680505752563,0.0,1.0
368640,360,7,170.71077475251488,167.0,-0.004299383971374482,6.339017698168755,-1.06295203268528,0.00524508700473234,0.0596435546875,0.6885749422013759,41.101812028884886,0.14016176760196686,5.618990898132324,41.65482711791992,37.232025146484375,41.51466369628906,37.30844497680664,0.9772236928257825,1.3723186254501343,135.2915496826172,0.8,1.0,0.0,1.0,0.0,0.0,-0.0507722832262516,0.21235550940036774,0.0,0.07888764142990112,0.11387763172388077,0.1595776230096817,-1.8425512313842773,-1.7734946012496948,-1.6835265159606934,0.0,1.0
369664,361,8,165.47871388610275,150.75,-0.005809390998911113,2.8862363547086716,-1.0643249541521071,0.005130946295685135,0.06640625,0.7765735261142254,29.96581349372864,-0.5022709369659424,3.7175965309143066,44.489559173583984,34.013980865478516,44.99182891845703,34.070308685302734,0.9880543547362519,1.3391190767288208,97.28095245361328,0.825,1.0,0.0,1.0,0.0,0.0,-0.04314405843615532,0.21820946037769318,0.0,0.07809893786907196,0.11348768323659897,0.1597604602575302,-1.8441189527511597,-1.774259090423584,-1.6831700801849365,0.0,1.0
370688,362,5,147.6403915449038,165.6,-0.005991741188336164,2.9626116529107094,-1.0662131667137147,0.0022849768414744177,0.04990234375,0.6404709838330745,30.432868576049806,0.8545578122138977,4.033568382263184,43.123165130615234,37.71218490600586,42.26860809326172,38.29803466796875,0.9885602792343031,1.1704643964767456,115.96807861328125,0.725,1.0,0.0,1.0,0.0,0.0,-0.03802017122507095,0.22030454874038696,0.0,0.07932820916175842,0.1132546067237854,0.15956701338291168,-1.8416755199432373,-1.7747191190719604,-1.6835472583770752,0.0,1.0
371712,363,6,178.81754028571027,164.66666666666666,-0.004466946981847286,16.57532793879509,-1.0719928979873656,0.005885107228823472,0.054248046875,0.6815181382000446,97.15746808052063,0.3975353538990021,9.848348617553711,42.9470329284668,37.35630416870117,42.54949188232422,39.896636962890625,0.9304977225194634,1.265420913696289,264.55645751953125,0.725,1.0,0.0,1.0,0.0,0.0,-0.0419427752494812,0.21454410254955292,0.0,0.07709397375583649,0.11145323514938354,0.1581849753856659,-1.8461167812347412,-1.7782745361328125,-1.686242699623108,0.0,1.0
372736,364,6,147.02749760152722,145.5,-0.005180634907446802,2.8521856293082237,-1.077022311091423,0.0021316528276656755,0.040625,0.6380216456949711,25.451256334781647,-1.2084319591522217,3.9929823875427246,50.09088134765625,34.73025131225586,51.29931640625,33.99681854248047,0.9867815994196163,1.0280295610427856,83.69561004638672,0.65,1.0,0.0,1.0,0.0,0.0,-0.04162127152085304,0.2133464366197586,0.0,0.07798019796609879,0.11214548349380493,0.15818026661872864,-1.8443549871444702,-1.7768993377685547,-1.6862518787384033,0.0,1.0
373760,365,9,156.41158589302523,163.77777777777777,-0.006322620192077011,8.335779947042464,-1.0765598267316818,0.005308702470210846,0.050634765625,0.7311689101159573,52.431112146377565,-0.5048516392707825,6.701613903045654,37.008872985839844,38.0582275390625,37.51372528076172,38.02616882324219,0.9689928612308123,1.5253320932388306,154.7824249267578,0.875,1.0,0.0,1.0,0.0,0.0,-0.020228667184710503,0.2154000848531723,0.0,0.07756421715021133,0.11091811209917068,0.15697142481803894,-1.845181941986084,-1.779336929321289,-1.688610553741455,0.0,1.0
374784,366,4,141.2481413323879,146.0,-0.0036792608560062947,2.713974067568779,-1.080923244357109,0.0035203534265747295,0.038037109375,0.7281737305223942,24.74373515844345,0.051924049854278564,3.855058431625366,42.54463577270508,31.730915069580078,42.49271011352539,31.90092658996582,0.9852396467091223,1.640936255455017,65.80340576171875,0.8,1.0,0.0,1.0,0.0,0.0,-0.022546852007508278,0.2127770334482193,0.0,0.07884272933006287,0.111287422478199,0.15516071021556854,-1.8426403999328613,-1.7785764932632446,-1.6921451091766357,0.0,1.0
375808,367,6,187.88049909870972,166.66666666666666,-0.0032937474199570714,4.751116625964642,-1.0770581483840942,0.0030000019833096303,0.0352783203125,0.8550211682915687,50.51303679943085,2.158165216445923,5.2137556076049805,36.80284118652344,36.03385543823242,34.644676208496094,39.60599899291992,0.9790646687032711,2.049306869506836,165.55958557128906,0.9,1.0,0.0,1.0,0.0,0.0,-0.022945387288928032,0.22126489877700806,0.0,0.07936757802963257,0.11181550472974777,0.1554177850484848,-1.841597318649292,-1.7775384187698364,-1.691643238067627,0.0,1.0
376832,368,8,149.51670558872468,152.625,-0.00595875782892108,5.579300588369369,-1.0775040566921235,0.005209916386229451,0.04677734375,0.7371504411101342,38.7438143491745,-0.764829158782959,5.450965881347656,40.78162384033203,37.91103744506836,41.54645538330078,37.86589050292969,0.9793264247558302,1.2506376504898071,105.4686050415039,0.85,1.0,0.0,1.0,0.0,0.0,-0.03015301376581192,0.22198764979839325,0.0,0.08066733181476593,0.1110716387629509,0.1530139148235321,-1.8390144109725952,-1.77898371219635,-1.696338415145874,0.0,1.0
377856,369,7,123.5414934362434,147.14285714285714,-0.004432338895276189,3.7260023206472397,-1.0809984028339386,0.004713360767345876,0.0377197265625,0.6868883743882179,37.86237144470215,-1.0108615159988403,4.535906791687012,39.4356689453125,37.38318634033203,40.446533203125,36.697357177734375,0.9852777028860703,1.1693832874298096,115.82715606689453,0.825,1.0,0.0,1.0,0.0,0.0,-0.03086286224424839,0.20908720791339874,0.0,0.08163972944021225,0.11092432588338852,0.1519913226366043,-1.8370823860168457,-1.7792524099349976,-1.6983367204666138,0.0,1.0
378880,370,7,161.71639519065425,155.0,-0.0041763007000554355,3.061423382163048,-1.0817616820335387,0.0033763362138415688,0.0379638671875,0.7526415579020977,27.14565078020096,0.9219635725021362,3.7121691703796387,45.47333908081055,37.42813491821289,44.55137634277344,38.1606559753418,0.9901630800098397,1.254517674446106,98.88538360595703,0.875,1.0,0.0,1.0,0.0,0.0,-0.02207084745168686,0.21777185797691345,0.0,0.08132617920637131,0.11046138405799866,0.1505967676639557,-1.8377052545547485,-1.7801685333251953,-1.7010629177093506,0.0,1.0
379904,371,7,153.59798261660882,143.71428571428572,-0.004468259011628106,5.019824612140655,-1.0862712651491164,0.004967466212110594,0.03798828125,0.6610404551029205,44.86365303993225,-1.0469138622283936,5.423543453216553,34.830955505371094,33.00666427612305,35.87786865234375,33.058284759521484,0.9730000428649681,1.0795161724090576,155.09376525878906,0.85,1.0,0.0,1.0,0.0,0.0,-0.021754393354058266,0.21600420773029327,0.0,0.0803668200969696,0.10945269465446472,0.14985275268554688,-1.839611530303955,-1.7821699380874634,-1.7025178670883179,0.0,1.0
380928,372,6,120.3260273689488,149.83333333333334,-0.006202357972506433,1.976285357028246,-1.0915789037942887,0.005535294541914482,0.053271484375,0.7631421588361263,22.19064531326294,-1.039241075515747,3.046267509460449,43.97657012939453,36.29062271118164,45.01580810546875,35.70827102661133,0.9929539256258747,1.3288570642471313,72.5310287475586,0.95,1.0,0.0,1.0,0.0,0.0,-0.01945669949054718,0.22550159692764282,0.0,0.07839740812778473,0.10895637422800064,0.15043579041957855,-1.8435256481170654,-1.7831510305404663,-1.7013777494430542,0.0,1.0
381952,373,5,148.118391055809,144.6,-0.0038117265794426203,2.2513189643621443,-1.0974829107522965,0.0029646724957274272,0.0301513671875,0.6815200947225094,31.945737779140472,1.2591608762741089,3.680938482284546,39.9696044921875,35.79520034790039,38.71044158935547,37.404273986816406,0.9894253119399437,1.4758936166763306,118.86117553710938,0.825,1.0,0.0,1.0,0.0,0.0,-0.030047684907913208,0.21832260489463806,0.0,0.07733878493309021,0.10698714852333069,0.14929544925689697,-1.8456300497055054,-1.7870432138442993,-1.7036079168319702,0.0,1.0
382976,374,8,187.19223590524513,172.75,-0.003332429868169129,5.109036974608898,-1.1069990992546082,0.00393538976641139,0.030029296875,0.7309743739664555,67.94114060401917,2.3087902069091797,5.855744361877441,41.02446746826172,39.53720474243164,38.71567916870117,42.766544342041016,0.9780642625235938,1.5309513807296753,254.7981414794922,0.775,1.0,0.0,1.0,0.0,0.0,-0.022727331146597862,0.2124982625246048,0.0,0.07611219584941864,0.10603820532560349,0.14829497039318085,-1.8480688333511353,-1.788925051689148,-1.7055652141571045,0.0,1.0
384000,375,8,153.13861110280564,144.25,-0.005364675307646394,2.8508701488375663,-1.1101414203643798,0.005682371108559891,0.0478759765625,0.6757623948156833,24.64537489414215,-0.7362526655197144,3.8378491401672363,43.30591583251953,34.22349166870117,44.04216766357422,33.50069046020508,0.9874244448229139,1.1006460189819336,61.404911041259766,0.8,1.0,0.0,1.0,0.0,0.0,-0.03598955646157265,0.20926418900489807,0.0,0.07447134703397751,0.10621318966150284,0.15119445323944092,-1.8513320684432983,-1.78860604763031,-1.6998944282531738,0.0,1.0
385024,376,7,136.51461152531206,142.0,-0.0034035178367048504,2.9136484280228614,-1.1105559140443801,0.003527706472959835,0.0338134765625,0.6807670958340168,29.464421594142912,0.22503013908863068,4.120577335357666,40.80921173095703,34.618553161621094,40.58418273925781,34.07193374633789,0.9858323390607909,1.0807911157608032,101.68318939208984,0.85,1.0,0.0,1.0,0.0,0.0,-0.02386249415576458,0.20754286646842957,0.0,0.0718018040060997,0.10554688423871994,0.15129195153713226,-1.856642723083496,-1.7899398803710938,-1.6997038125991821,0.0,1.0
386048,377,7,159.5372149955806,154.42857142857142,-0.004802792664850131,4.560510763525963,-1.1133502334356309,0.0036674455943284555,0.0357177734375,0.7199726000428199,45.39428441524505,1.9911320209503174,4.656981468200684,39.05333709716797,35.837135314941406,37.06220245361328,37.01176071166992,0.9831133939285349,1.0432941913604736,145.40017700195312,0.925,1.0,0.0,1.0,0.0,0.0,-0.034338947385549545,0.20835381746292114,0.0,0.07171326130628586,0.10542409867048264,0.1513492614030838,-1.8568187952041626,-1.7901865243911743,-1.6995917558670044,0.0,1.0
387072,378,4,200.7401894852226,179.75,-0.004141084826551377,6.001321965456009,-1.1135622352361678,0.0016265297192148865,0.035986328125,0.7096809804439544,48.78887856006622,1.9549974203109741,6.123366832733154,34.09911346435547,34.61137390136719,32.14411926269531,37.05752182006836,0.9687001060898975,1.2963571548461914,161.2574920654297,0.85,1.0,0.0,1.0,0.0,0.0,-0.040412575006484985,0.2056964486837387,0.0,0.07206504791975021,0.10530579090118408,0.15081965923309326,-1.85611891746521,-1.7904075384140015,-1.700627088546753,0.0,1.0
388096,379,7,117.60996898959479,139.28571428571428,-0.004924238380044699,3.149372820556164,-1.1142829596996306,0.004244049239787273,0.04853515625,0.621111249551177,37.74805583953857,-1.2277920246124268,4.640414714813232,55.25517272949219,36.835384368896484,56.48296356201172,34.522979736328125,0.9841297716623301,1.1936397552490234,142.7626953125,0.725,1.0,0.0,1.0,0.0,0.0,-0.030597006902098656,0.20602412521839142,0.0,0.07358711212873459,0.10551024228334427,0.1516946405172348,-1.8530908823013306,-1.7899999618530273,-1.6989166736602783,0.0,1.0
389120,380,6,205.38869184890527,179.5,-0.004272579884855077,5.381584519147873,-1.115622767806053,0.003949129572720267,0.0294677734375,0.649672631919384,48.02863521575928,2.7901992797851562,5.168670654296875,42.38562774658203,36.44480514526367,39.595428466796875,38.08829879760742,0.979886556492872,1.3188817501068115,143.85476684570312,0.725,1.0,0.0,1.0,0.0,0.0,-0.0273713618516922,0.20845746994018555,0.0,0.07143216580152512,0.10429178923368454,0.15167342126369476,-1.8573781251907349,-1.7924213409423828,-1.698958158493042,0.0,1.0
390144,381,6,169.7404045798089,168.66666666666666,-0.004768891306594014,4.567696118354798,-1.121206706762314,0.0037930844075162893,0.0480224609375,0.7574784390628337,34.821034741401675,-0.3530701994895935,4.766576290130615,34.92974853515625,35.240726470947266,35.28282165527344,34.391357421875,0.9817053776772168,1.5770093202590942,105.46558380126953,0.775,1.0,0.0,1.0,0.0,0.0,-0.03928465023636818,0.20619544386863708,0.0,0.0730382427573204,0.10434182733297348,0.15159504115581512,-1.8541827201843262,-1.7923239469528198,-1.6991113424301147,0.0,1.0
391168,382,7,163.3578951276048,172.28571428571428,-0.005191068234853447,7.059985004365444,-1.1193868309259414,0.003615620144410059,0.0484619140625,0.6925777681171894,43.77272553443909,-0.12256371974945068,6.285458087921143,40.10560989379883,37.7296142578125,40.228172302246094,38.35036087036133,0.9722470502281144,1.1649446487426758,145.38230895996094,0.825,1.0,0.0,1.0,0.0,0.0,-0.03823583945631981,0.20634545385837555,0.0,0.07544299960136414,0.10449548810720444,0.1501941978931427,-1.8493995666503906,-1.7919923067092896,-1.701850175857544,0.0,1.0
392192,383,6,141.01947087977715,147.16666666666666,-0.004901517112739384,3.036007884144783,-1.1188412368297578,0.007277490985870827,0.0455078125,0.6931079544126988,33.57118704319,-1.7994344234466553,3.990623712539673,44.87759780883789,34.15957260131836,46.677032470703125,33.49529266357422,0.9863523866515556,1.249367594718933,122.37532043457031,0.75,1.0,0.0,1.0,0.0,0.0,-0.03323887288570404,0.20166033506393433,0.0,0.0751236081123352,0.10472095012664795,0.15066540241241455,-1.8500348329544067,-1.7915611267089844,-1.7009286880493164,0.0,1.0
393216,384,6,126.72287894635156,153.0,-0.005855252064066008,11.17693670988083,-1.1202374070882797,0.00692964199843118,0.0582763671875,0.6892164506018161,54.80911164283752,-0.24876344203948975,7.516469955444336,38.43644714355469,42.87812805175781,38.685211181640625,44.372066497802734,0.9692704473304965,1.344316005706787,160.3816680908203,0.775,1.0,0.0,1.0,0.0,0.0,-0.0335804782807827,0.20437262952327728,0.0,0.07522288709878922,0.10374344140291214,0.1500280201435089,-1.849837303161621,-1.7934988737106323,-1.7021751403808594,0.0,1.0
394240,385,6,156.36559696516383,178.16666666666666,-0.0051496195024810735,15.423740309476852,-1.1248894572257995,0.0023024971800623462,0.0339599609375,0.669508783519268,74.94629564285279,1.4402079582214355,8.928718566894531,27.004810333251953,36.32585144042969,25.564599990844727,39.50840377807617,0.9395847276948769,1.1795581579208374,200.49667358398438,0.8,1.0,0.0,1.0,0.0,0.0,-0.029497861862182617,0.19890035688877106,0.0,0.07607384026050568,0.1034218892455101,0.15148639678955078,-1.8481451272964478,-1.7941423654556274,-1.6993236541748047,0.0,1.0
395264,386,8,142.59901934024413,166.5,-0.0033760877151507883,5.1501881152391435,-1.1276690870523454,0.003995380486594513,0.0440673828125,0.6810590170323849,33.72097829580307,-1.1076152324676514,5.180027961730957,34.32575988769531,40.226802825927734,35.433372497558594,39.65963363647461,0.9834181452747459,1.2305805683135986,98.18418884277344,0.775,1.0,0.0,1.0,0.0,0.0,-0.031478796154260635,0.20790421962738037,0.0,0.07425790280103683,0.10255244374275208,0.15077899396419525,-1.8517565727233887,-1.7958641052246094,-1.7007067203521729,0.0,1.0
396288,387,3,125.45831728390867,137.66666666666666,-0.004874890169594437,5.707400986552239,-1.1345658540725707,0.0036866099355393088,0.0496337890625,0.7350973516702652,52.46540243625641,1.2482833862304688,6.047073841094971,37.03961944580078,31.985010147094727,35.79133605957031,33.807212829589844,0.9642564650864112,1.4741981029510498,169.12901306152344,0.725,1.0,0.0,1.0,0.0,0.0,-0.0254062507301569,0.19457462430000305,0.0,0.0733107477426529,0.1009925901889801,0.14827251434326172,-1.8536405563354492,-1.7989426851272583,-1.7056092023849487,0.0,1.0
397312,388,9,178.6564695517215,172.55555555555554,-0.004530583252198994,7.2578378230333325,-1.1450234234333039,0.002630343948840164,0.0328857421875,0.7227594882249833,43.861213493347165,0.440086305141449,6.174260139465332,39.17633819580078,37.963993072509766,38.73625183105469,40.1287956237793,0.9735499757696349,1.2798643112182617,117.61465454101562,0.85,1.0,0.0,1.0,0.0,0.0,-0.029693564400076866,0.20403558015823364,0.0,0.07148917019367218,0.09907933324575424,0.1466354876756668,-1.857264757156372,-1.8027342557907104,-1.7088130712509155,0.0,1.0
398336,389,6,123.71819555131368,145.5,-0.003877822804497555,3.624263682961464,-1.1507256597280502,0.0032259201281704007,0.0388916015625,0.6204533189535141,29.86459400653839,-0.753031849861145,4.724493503570557,40.632041931152344,35.224090576171875,41.385074615478516,34.27351760864258,0.9820100074513202,1.184867024421692,109.99857330322266,0.65,1.0,0.0,1.0,0.0,0.0,-0.02964591048657894,0.204525887966156,0.0,0.07187457382678986,0.09970695525407791,0.14735184609889984,-1.856497883796692,-1.8014835119247437,-1.7074108123779297,0.0,1.0
399360,390,8,170.229703840225,167.25,-0.0057790099643170835,7.908932530879975,-1.1465652853250503,0.004374939830449875,0.035791015625,0.7655572444200516,57.92388134002685,2.8480701446533203,6.154257297515869,31.905200958251953,36.458045959472656,29.057130813598633,39.420467376708984,0.9715052668337126,1.5509166717529297,190.3230438232422,0.95,1.0,0.0,1.0,0.0,0.0,-0.03110595978796482,0.19988413155078888,0.0,0.07461400330066681,0.09973118454217911,0.1456867903470993,-1.8510483503341675,-1.8014235496520996,-1.7106704711914062,0.0,1.0
400384,391,7,154.6859935443361,150.28571428571428,-0.004849361337255687,5.764662332832813,-1.1494754195213317,0.0037955057530780325,0.0323486328125,0.721401596814394,47.816817092895505,1.9058289527893066,5.607743263244629,38.166534423828125,32.961849212646484,36.260704040527344,35.08534622192383,0.9710563587611548,1.2149543762207031,149.28541564941406,0.9,1.0,0.0,1.0,0.0,0.0,-0.024659624323248863,0.20471017062664032,0.0,0.07346019148826599,0.09897465258836746,0.14471308887004852,-1.8533433675765991,-1.8029123544692993,-1.7125773429870605,0.0,1.0
401408,392,3,178.46472516978395,170.66666666666666,-0.005013561353553087,3.275802506506443,-1.1520716071128845,0.004928418596682605,0.0468017578125,0.7502937979996205,34.53236283063889,1.9713828563690186,4.074020862579346,49.05691146850586,34.09260559082031,47.08552932739258,34.463600158691406,0.9857200700204832,1.9964368343353271,120.09684753417969,0.75,1.0,0.0,1.0,0.0,0.0,-0.021013401448726654,0.20545431971549988,0.0,0.07330390810966492,0.09887673705816269,0.14434783160686493,-1.8536542654037476,-1.8031091690063477,-1.7132928371429443,0.0,1.0
402432,393,6,197.45507009407984,176.66666666666666,-0.005949211993720382,5.047152696549892,-1.1544846028089524,0.006010520207928494,0.050927734375,0.8457500122487545,67.23908905982971,2.2959911823272705,5.169766426086426,43.47262954711914,32.583763122558594,41.176639556884766,34.15608215332031,0.9748267437290257,1.6538364887237549,238.31463623046875,0.95,1.0,0.0,1.0,0.0,0.0,-0.030698826536536217,0.20612655580043793,0.0,0.07176071405410767,0.09806721657514572,0.1434454470872879,-1.8567243814468384,-1.8046993017196655,-1.715060830116272,0.0,1.0
403456,394,7,196.8078198976345,181.14285714285714,-0.005000324704451486,6.3210871264338495,-1.1608833461999892,0.006635769928107038,0.0579345703125,0.8052071079611778,67.14552702903748,2.9101781845092773,6.043226718902588,39.12287902832031,34.59285354614258,36.21269607543945,36.782039642333984,0.9694813707364814,1.1890453100204468,280.38787841796875,0.9,1.0,0.0,1.0,0.0,0.0,-0.0370040237903595,0.20580127835273743,0.0,0.07016921788454056,0.09665647149085999,0.14359015226364136,-1.859891414642334,-1.807511329650879,-1.7147772312164307,0.0,1.0
404480,395,8,143.9241903380484,147.625,-0.004401612060610205,8.032204261422157,-1.1663513332605362,0.004420604596089106,0.0425537109375,0.6851601116359234,49.1493194103241,0.06737494468688965,6.2481889724731445,41.682289123535156,35.94297790527344,41.61491394042969,35.42145919799805,0.9697809902300725,1.2977038621902466,143.900146484375,0.775,1.0,0.0,1.0,0.0,0.0,-0.03775027394294739,0.20817744731903076,0.0,0.06972356140613556,0.09689628332853317,0.14423684775829315,-1.8607784509658813,-1.8070487976074219,-1.713510274887085,0.0,1.0
405504,396,6,167.9917527197549,159.83333333333334,-0.0031614502309821545,2.8911282807588576,-1.1648632347583772,0.00381238519330509,0.026953125,0.7625163204967975,34.20587072372437,1.2483642101287842,4.123220443725586,37.036827087402344,31.778656005859375,35.78845977783203,32.6831169128418,0.9831654296250618,1.4206140041351318,134.18284606933594,0.925,1.0,0.0,1.0,0.0,0.0,-0.02364274114370346,0.20127879083156586,0.0,0.06922481954097748,0.09639822691679001,0.14394056797027588,-1.8617711067199707,-1.8080259561538696,-1.7140907049179077,0.0,1.0
406528,397,5,130.2304682420775,136.4,-0.004149924893863499,1.9900360859930515,-1.1716683447360992,0.00414298617397435,0.0303955078125,0.720830537378788,21.025440907478334,0.89764404296875,3.193549156188965,47.168006896972656,33.36272048950195,46.270362854003906,33.56299591064453,0.9908372813611663,1.7987124919891357,67.13329315185547,0.85,1.0,0.0,1.0,0.0,0.0,-0.034472864121198654,0.20141920447349548,0.0,0.06932542473077774,0.09472993016242981,0.14327019453048706,-1.8615708351135254,-1.811339259147644,-1.7154041528701782,0.0,1.0
407552,398,8,169.1320169628963,155.25,-0.006684001215035096,4.1285463094711305,-1.1784786105155944,0.005796530340739991,0.045263671875,0.7440392479300499,43.46601012945175,0.3903123140335083,5.264559268951416,48.81578063964844,34.62704086303711,48.42546463012695,35.664405822753906,0.9768850343783753,1.3896855115890503,134.20982360839844,0.825,1.0,0.0,1.0,0.0,0.0,-0.022961298003792763,0.21066831052303314,0.0,0.06847723573446274,0.09437742084264755,0.14448358118534088,-1.863259196281433,-1.8120574951171875,-1.713027000427246,0.0,1.0
408576,399,7,155.93156883359842,138.42857142857142,-0.004153079108800739,4.187473675608635,-1.179888042807579,0.003817427011381369,0.0369384765625,0.6750362649559974,29.685754799842833,-0.7162232995033264,4.638374328613281,47.931636810302734,30.821197509765625,48.647857666015625,30.781494140625,0.9773518589766802,1.2949512004852295,68.37845611572266,0.75,1.0,0.0,1.0,0.0,0.0,-0.022883383557200432,0.20987634360790253,0.0,0.06761377304792404,0.09421531111001968,0.14550717175006866,-1.8649781942367554,-1.8123904466629028,-1.7110222578048706,0.0,1.0
409600,400,7,139.34878698666094,151.71428571428572,-0.005795824690721929,8.306698852777481,-1.1802769273519516,0.00334082728222711,0.0576171875,0.7011773809790611,60.8194836139679,0.11701661348342896,6.949192523956299,40.541603088378906,39.81568908691406,40.424583435058594,40.29966354370117,0.9695378765227901,1.2660146951675415,187.39955139160156,0.85,1.0,0.0,1.0,0.0,0.0,-0.027513770386576653,0.19741356372833252,0.0,0.06509754806756973,0.09419866651296616,0.14645981788635254,-1.8699884414672852,-1.8124290704727173,-1.7091569900512695,0.0,1.0
410624,401,6,197.91439804548068,185.66666666666666,-0.005431827052962035,3.4036186158657076,-1.1844492226839065,0.004168652137741447,0.0486572265625,0.8458688817918301,46.33099317550659,1.8095295429229736,4.875730514526367,34.89511489868164,33.36089324951172,33.08558654785156,37.108001708984375,0.9786398609537357,1.6920033693313599,171.47254943847656,0.85,1.0,0.0,1.0,0.0,0.0,-0.03398675099015236,0.2019721120595932,0.0,0.0613316111266613,0.09240695089101791,0.14589416980743408,-1.8774904012680054,-1.8160008192062378,-1.7102644443511963,0.0,1.0
411648,402,7,119.94416636078003,144.57142857142858,-0.0049882048275321726,7.837518787384033,-1.1970328330993651,0.0028898476200993175,0.041650390625,0.7705689817667007,39.28294458389282,-1.6353325843811035,5.948236465454102,40.98539352416992,37.53486251831055,42.6207275390625,35.89487075805664,0.9748865261573848,1.3949949741363525,107.0572509765625,0.875,1.0,0.0,1.0,0.0,0.0,-0.017308028414845467,0.20770376920700073,0.0,0.059302445501089096,0.09057178348302841,0.14443308115005493,-1.8815339803695679,-1.8196430206298828,-1.7131259441375732,0.0,1.0
412672,403,7,153.22360399977507,156.0,-0.004930239345412701,9.337937200069428,-1.2038048207759857,0.004453961394028738,0.052880859375,0.6980212539434433,49.07098867893219,-1.2752070426940918,6.65216588973999,43.300384521484375,35.45563507080078,44.57558822631836,35.02013397216797,0.9647989515146803,1.1623754501342773,154.66452026367188,0.75,1.0,0.0,1.0,0.0,0.0,-0.0189336109906435,0.21614840626716614,0.0,0.05676797032356262,0.09031441807746887,0.14368712902069092,-1.8865858316421509,-1.820139765739441,-1.7145872116088867,0.0,1.0
413696,404,6,191.77638857917387,162.33333333333334,-0.00548244419042021,7.899958238005638,-1.2059515357017516,0.004608076738077216,0.059423828125,0.8458405420184135,79.92540316581726,3.9896512031555176,6.15817403793335,34.64611053466797,32.84261703491211,30.656455993652344,36.67014694213867,0.964841656885709,1.4252965450286865,290.8643798828125,0.875,1.0,0.0,1.0,0.0,0.0,-0.017533598467707634,0.20319271087646484,0.0,0.054851219058036804,0.08914821594953537,0.1418422907590866,-1.8904074430465698,-1.8224538564682007,-1.7182027101516724,0.0,1.0
414720,405,7,140.37988220908977,147.57142857142858,-0.005237964913249016,3.3564169660210608,-1.2117818623781205,0.008352182799717412,0.0514404296875,0.8069930523633957,29.127286767959596,0.1137324646115303,4.443399429321289,35.416175842285156,35.888511657714844,35.30244445800781,36.65055465698242,0.9846707886137536,1.4722942113876343,89.91626739501953,0.925,1.0,0.0,1.0,0.0,0.0,-0.014125247485935688,0.2084311842918396,0.0,0.05370836704969406,0.0887412428855896,0.14155961573123932,-1.8926864862442017,-1.8232636451721191,-1.718756914138794,0.0,1.0
415744,406,5,126.72019628018006,137.0,-0.004546242556534708,4.907395833730698,-1.2107169181108475,0.005870530566608067,0.0681396484375,0.8595079869031906,43.839284133911136,-1.3080178499221802,5.063375473022461,38.33375549316406,31.796602249145508,39.64177322387695,33.21323776245117,0.9746417720653868,1.9840800762176514,148.99777221679688,0.875,1.0,0.0,1.0,0.0,0.0,-0.020141787827014923,0.21444207429885864,0.0,0.05543535575270653,0.08984735608100891,0.14144930243492126,-1.8892427682876587,-1.8210468292236328,-1.718973159790039,0.0,1.0
416768,407,8,128.18652983053673,153.125,-0.006845362589228898,5.617118805646896,-1.2058212637901307,0.004142570112890098,0.0602294921875,0.7321334965527058,32.17350307703018,-1.1104463338851929,5.412642955780029,39.69621658325195,37.53318786621094,40.806663513183594,37.001426696777344,0.9792036146971045,1.4549915790557861,106.400146484375,0.875,1.0,0.0,1.0,0.0,0.0,-0.02806685119867325,0.21022796630859375,0.0,0.0548129640519619,0.08959990739822388,0.14140021800994873,-1.8904837369918823,-1.8215404748916626,-1.7190693616867065,0.0,1.0
417792,408,6,168.73408723734357,162.0,-0.00279072152916342,10.20314226448536,-1.2104197978973388,0.003029369472642429,0.0250244140625,0.6971098959445954,109.83698863983155,3.2366325855255127,8.007848739624023,36.53546905517578,38.40839767456055,33.29883575439453,43.76980209350586,0.9565310321185682,1.236883521080017,407.81524658203125,0.8,1.0,0.0,1.0,0.0,0.0,-0.01575099490582943,0.2089110165834427,0.0,0.05486874282360077,0.08860141783952713,0.13995319604873657,-1.8903725147247314,-1.8235174417495728,-1.7219069004058838,0.0,1.0
418816,409,6,170.82760257420452,146.83333333333334,-0.0032700229901820423,7.464619052410126,-1.2173548132181167,0.0048220647586276755,0.0388916015625,0.720642627030611,62.685795545578,2.549610137939453,6.876522541046143,41.159175872802734,31.95646858215332,38.60956573486328,35.77880096435547,0.953695822093413,1.414563536643982,259.7511901855469,0.85,1.0,0.0,1.0,0.0,0.0,-0.011149954050779343,0.2088104635477066,0.0,0.05338617041707039,0.087398461997509,0.13942398130893707,-1.8933290243148804,-1.8259143829345703,-1.722944974899292,0.0,1.0
419840,410,6,165.63226493809472,164.0,-0.0036041217157617212,4.283562944829464,-1.2236447870731353,0.0032752850820543244,0.03720703125,0.6604571953415871,36.88219254016876,0.30390599370002747,4.914203643798828,34.77325439453125,32.176273345947266,34.46934509277344,33.2265625,0.9766742920432724,1.1533247232437134,145.80599975585938,0.8,1.0,0.0,1.0,0.0,0.0,-0.019559599459171295,0.20734381675720215,0.0,0.05190455913543701,0.08642089366912842,0.13903464376926422,-1.8962839841842651,-1.8278621435165405,-1.7237087488174438,0.0,1.0
420864,411,7,164.49366540107374,162.14285714285714,-0.005426704487763345,5.991917881369591,-1.2270824253559112,0.003260166777181439,0.0526123046875,0.6854551501572133,41.10604687929153,2.0554370880126953,5.633535861968994,38.91827392578125,31.67580795288086,36.86283493041992,34.17060852050781,0.9683694534209029,1.7374978065490723,131.11834716796875,0.725,1.0,0.0,1.0,0.0,0.0,-0.019607143476605415,0.2076527178287506,0.0,0.05212698131799698,0.08630463480949402,0.13841235637664795,-1.8958404064178467,-1.828074336051941,-1.7249295711517334,0.0,1.0
421888,412,6,146.23109441322046,146.16666666666666,-0.005309004837181419,4.92634508907795,-1.2285509020090104,0.004934139984834473,0.0435546875,0.7106113769114017,45.937125778198244,2.321033239364624,5.074150562286377,43.44593048095703,30.744503021240234,41.12489700317383,32.66852569580078,0.9727609657901883,1.3265315294265747,156.8043212890625,0.85,1.0,0.0,1.0,0.0,0.0,-0.022862737998366356,0.2071012556552887,0.0,0.05103032663464546,0.08581165224313736,0.13810785114765167,-1.8980278968811035,-1.8290621042251587,-1.7255271673202515,0.0,1.0
422912,413,8,179.5126701101101,181.5,-0.005222599930129945,3.8176350474357603,-1.2303502410650253,0.006756111211143434,0.0543701171875,0.8523005276918412,36.280261433124544,2.0879464149475098,4.164792537689209,40.28901672363281,41.71693801879883,38.201072692871094,41.7435302734375,0.9900330583594421,1.5508235692977905,126.0208511352539,0.975,1.0,0.0,1.0,0.0,0.0,-0.04076381027698517,0.20541033148765564,0.0,0.050163812935352325,0.08595853298902512,0.13929866254329681,-1.8997564315795898,-1.8287774324417114,-1.7231907844543457,0.0,1.0
423936,414,7,181.79621499301268,168.14285714285714,-0.005532034207135439,7.562186625599861,-1.2286650210618972,0.003398791105428245,0.0454345703125,0.8181579239666462,47.77281491756439,0.8079898357391357,6.035844326019287,38.56692886352539,33.073486328125,37.758941650390625,33.16950988769531,0.9666944852403467,1.6841682195663452,130.01942443847656,0.875,1.0,0.0,1.0,0.0,0.0,-0.027400335296988487,0.2168639749288559,0.0,0.049926675856113434,0.08624819666147232,0.13957838714122772,-1.900229573249817,-1.8281978368759155,-1.7226420640945435,0.0,1.0
424960,415,5,138.6436577677834,149.4,-0.0045355647162068635,9.854050397872925,-1.2283244609832764,0.004767866879410576,0.053662109375,0.7475464254617691,48.83693954944611,-0.5063589811325073,6.944357395172119,40.87824249267578,30.31729507446289,41.38459777832031,29.457775115966797,0.9475333631577928,1.1904246807098389,157.5515899658203,0.9,1.0,0.0,1.0,0.0,0.0,-0.03625941276550293,0.21758833527565002,0.0,0.04858016595244408,0.0861411914229393,0.14150382578372955,-1.9029160737991333,-1.828436255455017,-1.718866229057312,0.0,1.0
425984,416,6,147.0696368535241,149.16666666666666,-0.004686323198257014,7.972198876738548,-1.2295159846544266,0.003521703908336349,0.0500244140625,0.6531449556350708,42.84250912666321,-1.1499598026275635,5.98370361328125,41.389610290527344,31.22784996032715,42.53956604003906,30.189163208007812,0.9632839502595164,1.183051347732544,132.93936157226562,0.725,1.0,0.0,1.0,0.0,0.0,-0.03667694702744484,0.19630928337574005,0.0,0.049685023725032806,0.08587830513715744,0.14200112223625183,-1.9007116556167603,-1.828959345817566,-1.7178914546966553,0.0,1.0
427008,417,6,135.89639120818651,165.83333333333334,-0.004722718743141741,2.392216609418392,-1.2318470895290374,0.00397849251748994,0.0339111328125,0.6538840532302856,18.91599569320679,0.8534844517707825,3.2755484580993652,41.92009735107422,40.90992736816406,41.06660842895508,40.46425247192383,0.9935892239423127,1.258968710899353,56.735992431640625,0.725,1.0,0.0,1.0,0.0,0.0,-0.027769455686211586,0.20132459700107574,0.0,0.04873795807361603,0.08506403118371964,0.14116525650024414,-1.9026012420654297,-1.830575942993164,-1.7195301055908203,0.0,1.0
428032,418,8,175.6086903775528,169.625,-0.0037509418558329343,4.256413233280182,-1.235148936510086,0.0038556885236175733,0.0407470703125,0.7530783042311668,43.98965883255005,0.622521162033081,5.384745121002197,38.868675231933594,34.19173812866211,38.24615478515625,35.67428970336914,0.9751979253002946,1.3396836519241333,135.13705444335938,0.875,1.0,0.0,1.0,0.0,0.0,-0.019403839483857155,0.20517268776893616,0.0,0.04840933158993721,0.0850980281829834,0.14072594046592712,-1.903256893157959,-1.8305155038833618,-1.7203915119171143,0.0,1.0
429056,419,6,132.54003643740967,140.83333333333334,-0.005014667916111648,3.640227326750755,-1.23566934466362,0.006392882429645396,0.0541748046875,0.7248417429625988,30.200308799743652,-0.9345544576644897,4.3103928565979,40.43169403076172,34.91252517700195,41.366249084472656,34.13883590698242,0.9847569766704367,1.2929373979568481,80.65254974365234,0.8,1.0,0.0,1.0,0.0,0.0,-0.022095812484622,0.210895836353302,0.0,0.04759496822953224,0.0846610888838768,0.1420200914144516,-1.9048818349838257,-1.8313828706741333,-1.7178542613983154,0.0,1.0
430080,420,6,159.0108425827635,150.66666666666666,-0.004130736144725233,3.4117711246013642,-1.2391266763210296,0.00443493058119202,0.0448974609375,0.7430784091353416,35.72832839488983,0.724205732345581,4.683277130126953,41.18153762817383,36.14380645751953,40.45732879638672,38.256141662597656,0.9832107257212765,1.1814563274383545,125.51950073242188,0.875,1.0,0.0,1.0,0.0,0.0,-0.02755119651556015,0.20796243846416473,0.0,0.045941028743982315,0.08395883440971375,0.14236633479595184,-1.9081825017929077,-1.8328067064285278,-1.7171754837036133,0.0,1.0
431104,421,7,161.66718076280884,159.42857142857142,-0.006640444573713466,4.311154629290104,-1.243069389462471,0.00694151623029029,0.059423828125,0.7881705537438393,37.147420454025266,0.7774183750152588,5.241298675537109,45.67967224121094,34.05160140991211,44.90225601196289,35.529014587402344,0.9763079416786903,1.3248448371887207,164.00509643554688,0.95,1.0,0.0,1.0,0.0,0.0,-0.01945379562675953,0.2054591178894043,0.0,0.04664749652147293,0.0834718868136406,0.14026333391666412,-1.9067726135253906,-1.8337477445602417,-1.7212986946105957,0.0,1.0
432128,422,7,182.02967872714754,162.57142857142858,-0.005500454886350781,4.038835403323174,-1.245212548971176,0.005447155798901804,0.0413330078125,0.7689799331128597,35.189310455322264,2.075352191925049,4.4574055671691895,37.369232177734375,30.587602615356445,35.29388427734375,31.630537033081055,0.9787639664848808,1.4691842794418335,99.53880310058594,0.9,1.0,0.0,1.0,0.0,0.0,-0.03568344935774803,0.20568546652793884,0.0,0.04686841741204262,0.08323130756616592,0.1408115178346634,-1.9063317775726318,-1.834232211112976,-1.7202236652374268,0.0,1.0
433152,423,7,125.64431656116342,140.42857142857142,-0.008514990599360317,9.034722912311555,-1.2449754923582077,0.005661849192983936,0.0725341796875,0.738052336126566,52.62014253139496,-2.288499593734741,6.486287593841553,39.528175354003906,36.47849655151367,41.816673278808594,34.956417083740234,0.9683831571333668,1.1920174360275269,165.38182067871094,0.8,1.0,0.0,1.0,0.0,0.0,-0.023288151249289513,0.2194860577583313,0.0,0.04773864895105362,0.08367814868688583,0.1414605975151062,-1.904595136642456,-1.8333483934402466,-1.7189509868621826,0.0,1.0
434176,424,6,144.79486586177572,158.5,-0.004534057446289807,2.0015914306044578,-1.2429702579975128,0.003709715804143343,0.0423828125,0.750599778443575,30.365649485588072,-0.9943192601203918,3.4428317546844482,41.609596252441406,34.07133483886719,42.603912353515625,34.10309982299805,0.9897893529295734,1.4982959032058716,95.57134246826172,0.85,1.0,0.0,1.0,0.0,0.0,-0.025481566786766052,0.22018161416053772,0.0,0.045870281755924225,0.08359679579734802,0.14140312373638153,-1.9083237648010254,-1.833511471748352,-1.7190637588500977,0.0,1.0
435200,425,8,135.328855864397,147.75,-0.006611303263343871,2.1571120113134383,-1.2452941179275512,0.00571885913668666,0.066357421875,0.7710665382444859,25.73897705078125,-0.20750638842582703,3.680436849594116,37.54978561401367,34.54098892211914,37.75728988647461,35.13764572143555,0.9886465134912747,1.3795616626739502,77.33761596679688,0.85,1.0,0.0,1.0,0.0,0.0,-0.0302012637257576,0.21658824384212494,0.0,0.04805072024464607,0.08294550329446793,0.14036227762699127,-1.9039725065231323,-1.8347996473312378,-1.721104621887207,0.0,1.0
436224,426,5,168.9983832157265,158.0,-0.004412099515320733,3.431342434883118,-1.249558401107788,0.005085947789484635,0.0434326171875,0.8911601342260838,41.17336888313294,1.0767523050308228,5.201389789581299,49.52672576904297,33.92527389526367,48.449974060058594,36.74825668334961,0.976493276221817,1.7420096397399902,145.0720977783203,0.95,1.0,0.0,1.0,0.0,0.0,-0.03397616371512413,0.2116779237985611,0.0,0.0470084547996521,0.0820934996008873,0.13855315744876862,-1.9060522317886353,-1.8364664316177368,-1.7246533632278442,0.0,1.0
437248,427,6,183.9276279018561,170.66666666666666,-0.006578202627133578,6.811094024777413,-1.2523120015859603,0.0019609051931183787,0.0550048828125,0.7512957751750946,64.10843207836152,3.087924003601074,6.094938278198242,32.412994384765625,34.141937255859375,29.325071334838867,36.66033935546875,0.9681314525689187,1.320878028869629,210.55760192871094,0.8,1.0,0.0,1.0,0.0,0.0,-0.0455055870115757,0.19990170001983643,0.0,0.048792384564876556,0.0821482390165329,0.13934628665447235,-1.902492642402649,-1.8363780975341797,-1.723097324371338,0.0,1.0
438272,428,8,161.45458404668534,150.625,-0.006090906745521351,6.747932055592537,-1.2551619589328766,0.005482334911357611,0.05087890625,0.8078983657062053,46.35375521183014,1.4481618404388428,5.81684684753418,48.647743225097656,30.31871223449707,47.199581146240234,31.621273040771484,0.9631910220080396,1.2377814054489136,151.37879943847656,0.925,1.0,0.0,1.0,0.0,0.0,-0.04737185314297676,0.20679479837417603,0.0,0.05072375014424324,0.0809936597943306,0.13771437108516693,-1.898639440536499,-1.838653564453125,-1.7262992858886719,0.0,1.0
439296,429,5,184.2692912740632,148.4,-0.0055988487205468115,4.084319961071015,-1.2619011223316192,0.004147191051742993,0.037841796875,0.7432987853884697,37.7638417005539,0.07421579957008362,4.5996012687683105,44.49290466308594,31.78310203552246,44.41868591308594,32.19574737548828,0.9790565693253286,1.2251131534576416,115.31956481933594,0.9,1.0,0.0,1.0,0.0,0.0,-0.04625619575381279,0.21091294288635254,0.0,0.05207368731498718,0.08009745925664902,0.1361369788646698,-1.8959466218948364,-1.8404284715652466,-1.7293957471847534,0.0,1.0
440320,430,8,150.940242300808,151.25,-0.004841535387095064,4.1124767199158665,-1.26706702709198,0.005057761423813645,0.0361083984375,0.8341051869094371,47.49816970825195,1.4298375844955444,5.13428258895874,52.29058074951172,34.5834846496582,50.860740661621094,35.9084358215332,0.977959470948966,1.2971824407577515,205.74607849121094,0.9,1.0,0.0,1.0,0.0,0.0,-0.030717289075255394,0.2138867974281311,0.0,0.05036880820989609,0.07914124429225922,0.13346289098262787,-1.8993475437164307,-1.8423080444335938,-1.7346478700637817,0.0,1.0
441344,431,7,166.05000136430536,150.71428571428572,-0.003913583257235587,7.632356932759285,-1.2668737769126892,0.004041557759046554,0.050146484375,0.7710895270109177,39.57553896903992,-1.2172983884811401,5.831696033477783,48.039798736572266,33.6245231628418,49.25709533691406,32.06058883666992,0.9699200259541866,1.2767060995101929,99.95024108886719,0.975,1.0,0.0,1.0,0.0,0.0,-0.023754537105560303,0.2107824832201004,0.0,0.051651109009981155,0.08062637597322464,0.13595619797706604,-1.89678955078125,-1.8393731117248535,-1.729750633239746,0.0,1.0
442368,432,7,147.01622599561932,142.28571428571428,-0.00499199177720584,3.696705085039139,-1.2586434841156007,0.004710376088041812,0.049365234375,0.688776171207428,35.4018527507782,0.009949147701263428,4.7405805587768555,46.93994903564453,34.17775344848633,46.93000030517578,33.66101837158203,0.9807612864267075,1.1376389265060425,113.08291625976562,0.85,1.0,0.0,1.0,0.0,0.0,-0.028687626123428345,0.21331503987312317,0.0,0.05342159420251846,0.08126335591077805,0.13664330542087555,-1.8932583332061768,-1.8380950689315796,-1.7284016609191895,0.0,1.0
443392,433,9,137.54145122703014,143.88888888888889,-0.008078505948651582,10.595754408836365,-1.2590391159057617,0.007566412484447937,0.069580078125,0.7392484702169895,64.51554236412048,-2.8326284885406494,7.0508713722229,38.30326461791992,36.961326599121094,41.135894775390625,35.3607063293457,0.9636092857580987,1.302137017250061,194.53453063964844,0.825,1.0,0.0,1.0,0.0,0.0,-0.04093426838517189,0.21258167922496796,0.0,0.053126610815525055,0.08066294342279434,0.13481062650680542,-1.8938466310501099,-1.8392912149429321,-1.7320003509521484,0.0,1.0
444416,434,8,139.51646425237146,145.125,-0.005308711051475257,9.03062845170498,-1.2638959169387818,0.0025791823733015916,0.053955078125,0.7606606230139732,41.938386178016664,-0.48489874601364136,6.427158355712891,36.56285858154297,37.89460372924805,37.047752380371094,39.58588790893555,0.9712337499923531,1.2161821126937866,110.9258804321289,0.9,1.0,0.0,1.0,0.0,0.0,-0.048542093485593796,0.2105858027935028,0.0,0.05000618100166321,0.07928894460201263,0.13420943915843964,-1.9000709056854248,-1.8420124053955078,-1.7331812381744385,0.0,1.0
445440,435,6,150.77614803015578,130.33333333333334,-0.004786657833028585,4.980341991782188,-1.2718265771865844,0.0018729484814684837,0.0334716796875,0.7610979437828064,32.371112287044525,-0.7899983525276184,4.744923114776611,45.612083435058594,31.99481964111328,46.402076721191406,32.59698486328125,0.9780062662018886,1.3377506732940674,93.8969497680664,0.8,1.0,0.0,1.0,0.0,0.0,-0.048396702855825424,0.20300212502479553,0.0,0.04739627614617348,0.07861226797103882,0.13450956344604492,-1.9052783250808716,-1.843374252319336,-1.7325916290283203,0.0,1.0
446464,436,7,144.1357820164593,139.71428571428572,-0.006118299346417189,8.823271614313125,-1.2720063358545304,0.004544733866350725,0.0405029296875,0.7451658554375171,47.975381875038146,-1.5200269222259521,6.257479190826416,52.99002456665039,32.703094482421875,54.510047912597656,32.61689758300781,0.9633881902969869,1.1506022214889526,145.12913513183594,0.825,1.0,0.0,1.0,0.0,0.0,-0.04343842342495918,0.207805335521698,0.0,0.04554935544729233,0.07924924045801163,0.13681578636169434,-1.9089642763137817,-1.8421176671981812,-1.7280631065368652,0.0,1.0
447488,437,6,160.54195901526893,145.16666666666666,-0.00539461761363782,4.4101379156112674,-1.2703951120376586,0.004704466657130979,0.05302734375,0.7093364171683788,31.63176300525665,-0.8013796806335449,4.917502403259277,41.84709930419922,32.690452575683594,42.648475646972656,33.7401237487793,0.9773719425733867,1.2788937091827393,101.78485107421875,0.8,1.0,0.0,1.0,0.0,0.0,-0.044867128133773804,0.20791469514369965,0.0,0.04241117835044861,0.0787106454372406,0.13743816316127777,-1.9152284860610962,-1.843213438987732,-1.7268414497375488,0.0,1.0
448512,438,5,173.91205740250592,164.6,-0.00521885326015763,4.249808350205422,-1.277434766292572,0.0032745618460467084,0.03818359375,0.7932382710278034,28.055156672000884,0.9935312867164612,4.6105546951293945,41.349117279052734,34.28522491455078,40.35558319091797,36.75905990600586,0.9819160866386456,1.2479184865951538,86.0737075805664,0.95,1.0,0.0,1.0,0.0,0.0,-0.03900530934333801,0.2184029370546341,0.0,0.03979232907295227,0.07694912701845169,0.1345054656267166,-1.920457363128662,-1.8466905355453491,-1.7325997352600098,0.0,1.0
449536,439,8,159.94103554964272,148.0,-0.004472990706562996,4.201142037659883,-1.2870999306440354,0.002755202051775996,0.0377197265625,0.7979385904967785,39.83367129564285,1.9702486991882324,4.732295513153076,42.20468521118164,32.40638732910156,40.23443603515625,34.51959228515625,0.9786753201206868,1.5549719333648682,126.5589828491211,0.875,1.0,0.0,1.0,0.0,0.0,-0.03520909324288368,0.21312180161476135,0.0,0.03756259009242058,0.07564395666122437,0.13355512917041779,-1.9249101877212524,-1.8492851257324219,-1.7344666719436646,0.0,1.0
450560,440,8,149.26184057151585,153.25,-0.006279173819348216,2.1975360184907915,-1.292657381296158,0.004869264786248095,0.05224609375,0.7875358298420906,17.99047416448593,0.16489218175411224,3.227926254272461,38.1458854675293,37.112464904785156,37.98099136352539,37.152259826660156,0.9924350234058861,1.3695809841156006,47.430564880371094,0.95,1.0,0.0,1.0,0.0,0.0,-0.03638886287808418,0.21353673934936523,0.0,0.03878849372267723,0.07525661587715149,0.13016432523727417,-1.9224618673324585,-1.8500248193740845,-1.7411316633224487,0.0,1.0
451584,441,8,140.45436441705743,146.125,-0.005722822796087712,1.7528385400772095,-1.2941145986318587,0.006288580273394473,0.0546142578125,0.7890707068145275,21.080595898628236,-0.6191641092300415,3.0947868824005127,36.588165283203125,33.744632720947266,37.20732879638672,33.738075256347656,0.9915889140213573,1.4759953022003174,72.49490356445312,0.95,1.0,0.0,1.0,0.0,0.0,-0.0367157943546772,0.22042343020439148,0.0,0.03868761286139488,0.0748848095536232,0.12781697511672974,-1.9226633310317993,-1.8507534265518188,-1.7457491159439087,0.0,1.0
452608,442,6,141.8690725028981,141.66666666666666,-0.00565315131098032,2.110146826505661,-1.2945090651512146,0.006064900525962003,0.05439453125,0.8238437175750732,27.33179804086685,1.1341009140014648,3.2945570945739746,31.67726707458496,35.61717987060547,30.543167114257812,36.83565139770508,0.9914439171143327,1.6275995969772339,98.16240692138672,0.95,1.0,0.0,1.0,0.0,0.0,-0.03604570031166077,0.22047658264636993,0.0,0.038163088262081146,0.07535772770643234,0.12753012776374817,-1.923710823059082,-1.8498077392578125,-1.7463135719299316,0.0,1.0
453632,443,7,128.37260319796846,144.71428571428572,-0.005780552816577256,1.9791259817779063,-1.292350137233734,0.007082377103506588,0.0642822265625,0.7447566643357277,22.385078811645506,-0.7748085260391235,3.4363818168640137,41.9765625,32.843807220458984,42.75136947631836,32.84758377075195,0.9890529817938531,1.4096423387527466,78.86966705322266,0.75,1.0,0.0,1.0,0.0,0.0,-0.03356039524078369,0.20566098392009735,0.0,0.037684064358472824,0.07539873570203781,0.1272517591714859,-1.924667477607727,-1.8497213125228882,-1.7468613386154175,0.0,1.0
454656,444,4,188.11000674847142,169.25,-0.0034904369327705353,2.5848279539495707,-1.2917102515697478,0.005725458791130222,0.051220703125,0.7812554433941841,31.07197960615158,1.5670503377914429,4.485311985015869,50.087913513183594,30.95088768005371,48.5208625793457,33.84876251220703,0.9789990405151157,1.3755420446395874,127.02783203125,0.925,1.0,0.0,1.0,0.0,0.0,-0.036198392510414124,0.2054048329591751,0.0,0.03590911626815796,0.07548005133867264,0.12778185307979584,-1.9282126426696777,-1.8495680093765259,-1.7458182573318481,0.0,1.0
455680,445,9,169.03384066003844,149.11111111111111,-0.005323962832335383,3.0105688832700253,-1.2887467652559281,0.003935282782185823,0.045166015625,0.8089594155550003,32.7039226770401,1.3001644611358643,4.270671367645264,46.12101745605469,32.17930603027344,44.82085037231445,33.03822326660156,0.9823867735276546,1.4096719026565552,124.49887084960938,0.95,1.0,0.0,1.0,0.0,0.0,-0.024448148906230927,0.21455329656600952,0.0,0.03690668195486069,0.07672534137964249,0.12910854816436768,-1.926220178604126,-1.8470916748046875,-1.7432081699371338,0.0,1.0
456704,446,6,170.92687608620187,154.33333333333334,-0.006504747946746647,3.263649247586727,-1.2877998918294906,0.0029819750518072395,0.052587890625,0.783527310192585,35.74025461673737,1.8255436420440674,4.260041236877441,38.26350784301758,31.042118072509766,36.437965393066406,32.4425163269043,0.9811667667420702,1.3431154489517212,136.31884765625,0.925,1.0,0.0,1.0,0.0,0.0,-0.041010454297065735,0.21433664858341217,0.0,0.03334171697497368,0.07507888227701187,0.12914954125881195,-1.9333412647247314,-1.8503726720809937,-1.743127465248108,0.0,1.0
457728,447,8,151.68810948006546,155.5,-0.004520965745905414,4.1897322371602055,-1.2978430807590484,0.0033615544118219985,0.033837890625,0.7231316506862641,42.23523759841919,1.6671180725097656,5.205859184265137,43.70457458496094,36.531795501708984,42.03746032714844,37.45270919799805,0.9796931396935449,1.1533163785934448,154.23196411132812,0.875,1.0,0.0,1.0,0.0,0.0,-0.03588438779115677,0.20931664109230042,0.0,0.03132922947406769,0.07397454231977463,0.12875458598136902,-1.9373620748519897,-1.8525829315185547,-1.7439044713974,0.0,1.0
458752,448,6,183.51363354454097,156.5,-0.006719699315726757,1.3045311093330383,-1.3032642304897308,0.0008627584349596873,0.0474609375,0.7143418334424496,22.026590275764466,1.3798363208770752,2.7009243965148926,45.53205490112305,29.184511184692383,44.152217864990234,30.733592987060547,0.9914351457507039,1.2001566886901855,77.82653045654297,0.875,1.0,0.0,1.0,0.0,0.0,-0.02182427980005741,0.21693052351474762,0.0,0.030055467039346695,0.07298234850168228,0.1272806078195572,-1.939907193183899,-1.8545442819595337,-1.7468045949935913,0.0,1.0
459776,449,7,156.26886685401263,151.28571428571428,-0.0051173018175177274,5.355340147018433,-1.3091902822256087,0.0055105407562223265,0.041455078125,0.7964749857783318,31.949397468566893,-0.5293822884559631,5.187341213226318,39.70721435546875,31.127296447753906,40.236595153808594,30.167953491210938,0.9722280201692173,1.852157473564148,83.89253234863281,0.875,1.0,0.0,1.0,0.0,0.0,-0.02467077411711216,0.21374602615833282,0.0,0.028059806674718857,0.07225004583597183,0.12641693651676178,-1.9438951015472412,-1.8559989929199219,-1.748504400253296,0.0,1.0
460800,450,7,119.42636300920684,137.42857142857142,-0.007106054457835853,5.6102289974689485,-1.3136342257261275,0.006238522329658736,0.0514892578125,0.7371462479233741,32.95235421657562,-0.41022998094558716,5.279740333557129,43.613380432128906,36.506893157958984,44.02361297607422,34.7405891418457,0.9790841565771378,1.267883062362671,97.20889282226562,0.875,1.0,0.0,1.0,0.0,0.0,-0.013418440707027912,0.2096879482269287,0.0,0.026871711015701294,0.0713486298918724,0.12511290609836578,-1.9462695121765137,-1.8577989339828491,-1.7510716915130615,0.0,1.0
461824,451,7,174.824064443367,157.42857142857142,-0.004877255880273879,3.976271164417267,-1.3185275226831437,0.0023129300971049815,0.0395263671875,0.8500917606055737,41.83663372993469,1.5709561109542847,5.228203296661377,40.395111083984375,34.8636589050293,38.824153900146484,36.3621826171875,0.9775115740468621,1.560115098953247,145.97845458984375,0.975,1.0,0.0,1.0,0.0,0.0,-0.021478697657585144,0.21613256633281708,0.0,0.024501828476786613,0.07067868858575821,0.12670351564884186,-1.9510061740875244,-1.859145998954773,-1.7479403018951416,0.0,1.0
462848,452,6,142.60179007264404,135.16666666666666,-0.006076824967749417,8.34038611650467,-1.3215641647577285,0.008282614634663333,0.074462890625,0.690043842047453,50.2677259683609,-1.289055347442627,6.776179790496826,41.016929626464844,32.007232666015625,42.30598449707031,31.970287322998047,0.9551798256516346,1.298878788948059,145.03179931640625,0.825,1.0,0.0,1.0,0.0,0.0,-0.0247118528932333,0.2181268036365509,0.0,0.023165468126535416,0.07049418985843658,0.12762348353862762,-1.9536772966384888,-1.859528660774231,-1.7461298704147339,0.0,1.0
463872,453,7,129.42003554844626,140.85714285714286,-0.0062478020670823755,3.140238954126835,-1.323904663324356,0.009039836151350756,0.0694091796875,0.821703027188778,29.145360779762267,-0.26854127645492554,4.237415313720703,46.89203643798828,37.59394073486328,47.160579681396484,38.184871673583984,0.9872952444290001,1.4212747812271118,99.13085174560547,0.95,1.0,0.0,1.0,0.0,0.0,-0.036978140473365784,0.20487388968467712,0.0,0.021334389224648476,0.0695597305893898,0.12853743135929108,-1.957337737083435,-1.8613967895507812,-1.7443315982818604,0.0,1.0
464896,454,9,160.26599648275308,145.77777777777777,-0.004959215701092035,7.473154589533806,-1.328623855113983,0.002879869058961049,0.0434326171875,0.7185925520956516,45.24867851734162,-1.847052812576294,5.6771559715271,41.230594635009766,30.74886703491211,43.07764434814453,30.461088180541992,0.9659118488728833,1.3295480012893677,121.22774505615234,0.8,1.0,0.0,1.0,0.0,0.0,-0.02626909129321575,0.20765939354896545,0.0,0.01893792487680912,0.06932053714990616,0.12975338101387024,-1.9621286392211914,-1.8618849515914917,-1.7419397830963135,0.0,1.0
465920,455,5,126.96821696875377,143.0,-0.0032651133398758246,2.1128696836531162,-1.3313120365142823,0.0013500646746251732,0.0189208984375,0.6940683059394359,34.5240567445755,0.9882349371910095,3.9391469955444336,43.79926681518555,36.69680404663086,42.81102752685547,38.434566497802734,0.9884774694728569,1.2606592178344727,137.04620361328125,0.9,1.0,0.0,1.0,0.0,0.0,-0.017297694459557533,0.21035891771316528,0.0,0.01684797927737236,0.06817471981048584,0.12881119549274445,-1.966307282447815,-1.8641752004623413,-1.74379301071167,0.0,1.0
466944,456,7,173.22231628148646,173.85714285714286,-0.004799310088856146,10.030009150505066,-1.3379066050052644,0.005728269511018879,0.0594482421875,0.8010353140532971,55.58195955753327,0.7066922187805176,7.222984313964844,39.050926208496094,33.884578704833984,38.344234466552734,36.0676155090332,0.9545609562773925,1.454330563545227,171.82723999023438,0.875,1.0,0.0,1.0,0.0,0.0,-0.005597218871116638,0.2141847461462021,0.0,0.016646841540932655,0.06756589561700821,0.128186896443367,-1.9667093753814697,-1.8653780221939087,-1.7450213432312012,0.0,1.0
467968,457,6,145.32142469548464,148.83333333333334,-0.00401024284074083,3.964234261959791,-1.3408263683319093,0.0027430684262071737,0.036181640625,0.7651040062308312,34.962753450870515,0.8608299493789673,4.715806484222412,41.99147033691406,37.33457946777344,41.13064193725586,39.32915496826172,0.9840452691002403,1.167755126953125,110.59688568115234,0.95,1.0,0.0,1.0,0.0,0.0,-0.013241250067949295,0.2136172354221344,0.0,0.016462549567222595,0.06685859709978104,0.12833069264888763,-1.9670778512954712,-1.8667880296707153,-1.7447383403778076,0.0,1.0
468992,458,7,177.75825996655303,156.85714285714286,-0.0039371425518766046,6.103777320683003,-1.3420606553554535,0.004220851385616698,0.0424560546875,0.7573521360754967,39.571232974529266,0.6271655559539795,5.830020904541016,47.65520477294922,34.1580810546875,47.02804183959961,35.809627532958984,0.9708691363777994,1.4435678720474243,112.61113739013672,0.925,1.0,0.0,1.0,0.0,0.0,-0.0236370712518692,0.21943913400173187,0.0,0.01701134629547596,0.06758008152246475,0.12971451878547668,-1.9659805297851562,-1.8653677701950073,-1.742016315460205,0.0,1.0
470016,459,6,165.30505349494194,152.83333333333334,-0.003692020056769252,2.8313586741685866,-1.3399511694908142,0.003250357526121661,0.0331787109375,0.8048667356371879,20.672830069065093,0.2624719440937042,3.8453681468963623,43.192481994628906,33.965579986572266,42.930015563964844,33.20265579223633,0.9871826617407534,1.6813359260559082,50.46710968017578,0.875,1.0,0.0,1.0,0.0,0.0,-0.02299371547996998,0.2151108682155609,0.0,0.017665522173047066,0.06717433780431747,0.1285254806280136,-1.9646726846694946,-1.8661613464355469,-1.7443552017211914,0.0,1.0
471040,460,6,176.41667567841867,158.83333333333334,-0.003557264985283837,2.6114587411284447,-1.3440512984991073,0.0028606144231162036,0.02373046875,0.8685878470540047,28.767243039608,-0.016212016344070435,4.456019878387451,43.2669563293457,29.073331832885742,43.28316879272461,30.157470703125,0.9765088362758831,1.5608503818511963,103.17545318603516,0.975,1.0,0.0,1.0,0.0,0.0,-0.021217070519924164,0.20590166747570038,0.0,0.017635902389883995,0.06623741239309311,0.12660035490989685,-1.9647318124771118,-1.8680152893066406,-1.7481434345245361,0.0,1.0
472064,461,7,137.0149246144731,144.28571428571428,-0.004493230051593855,2.9711048915982246,-1.3510731548070907,0.0022303067045868373,0.0424560546875,0.6792815670371055,23.65001471042633,0.5907607078552246,3.908820629119873,46.20531463623047,37.66986846923828,45.614559173583984,38.51693344116211,0.9892327868505693,1.0260602235794067,86.2809066772461,0.875,1.0,0.0,1.0,0.0,0.0,-0.0018167425878345966,0.21302767097949982,0.0,0.017964337021112442,0.06477990001440048,0.12409128993749619,-1.9640752077102661,-1.8708915710449219,-1.7530834674835205,0.0,1.0
473088,462,8,174.52105615188316,163.125,-0.005220658285543323,3.1596492290496827,-1.36027849316597,0.00527227576385485,0.0434814453125,0.8587530821561813,31.689857971668243,1.1125184297561646,4.185439586639404,45.79081344604492,35.757503509521484,44.67829132080078,36.951026916503906,0.9862991435629611,1.451816201210022,109.79398345947266,1.0,1.0,0.0,1.0,0.0,0.0,-0.018077509477734566,0.21974627673625946,0.0,0.01604318991303444,0.0631166622042656,0.12224690616130829,-1.9679163694381714,-1.8741974830627441,-1.7567168474197388,0.0,1.0
474112,463,8,171.378882166047,151.375,-0.004965135920792818,3.749347095191479,-1.3719338864088058,0.004183800434111618,0.0433349609375,0.8647386588156223,28.23172950744629,0.7944421768188477,4.083724498748779,43.48341751098633,31.16683006286621,42.6889762878418,32.45590591430664,0.9828316849431625,1.5265803337097168,91.861572265625,0.925,1.0,0.0,1.0,0.0,0.0,-0.027356967329978943,0.21176399290561676,0.0,0.013487238436937332,0.06086684390902519,0.11882144957780838,-1.9730271100997925,-1.8786673545837402,-1.7634692192077637,0.0,1.0
475136,464,5,134.7950571118592,144.2,-0.004400245996657759,3.3110276594758035,-1.3830395549535752,0.005431201891042292,0.0427734375,0.7298534773290157,30.641307210922243,-0.043156757950782776,4.276569843292236,37.38019561767578,33.17231369018555,37.42335510253906,33.179500579833984,0.9833796697936071,1.1975181102752686,81.15019226074219,0.875,1.0,0.0,1.0,0.0,0.0,-0.025735000148415565,0.20731323957443237,0.0,0.012494081631302834,0.05967237427830696,0.11506936699151993,-1.9750131368637085,-1.8810209035873413,-1.770871639251709,0.0,1.0
476160,465,8,170.11614274665556,147.625,-0.004665756179019809,4.663055361807347,-1.3894883781671523,0.00226978797436459,0.03984375,0.7936562843620777,36.300634765625,-0.05008774995803833,5.0786848068237305,52.56853485107422,30.544925689697266,52.618621826171875,31.550838470458984,0.9723545055331198,1.6440706253051758,126.72560119628906,0.975,1.0,0.0,1.0,0.0,0.0,-0.00700795603916049,0.21118831634521484,0.0,0.012196679599583149,0.05854618176817894,0.11266686767339706,-1.9756078720092773,-1.8832569122314453,-1.775614857673645,0.0,1.0
477184,466,6,145.28676741686732,137.33333333333334,-0.003852536843623966,4.250620998442173,-1.3950122207403184,0.005472085963992868,0.04521484375,0.7798424564301968,34.02547231912613,-1.24644935131073,4.374233245849609,40.630104064941406,33.831565856933594,41.87655258178711,33.07640075683594,0.983282949598222,1.4303920269012451,130.26718139648438,0.875,1.0,0.0,1.0,0.0,0.0,0.006189683452248573,0.21394622325897217,0.0,0.011264464817941189,0.0579778254032135,0.11195874214172363,-1.9774720668792725,-1.8843847513198853,-1.7770134210586548,0.0,1.0
478208,467,6,140.78201639941523,151.66666666666666,-0.003453690174501389,2.353152088075876,-1.3948024272918702,0.003529044199967757,0.0318359375,0.6951993636786937,20.695541441440582,0.05764417350292206,3.703791856765747,46.40695571899414,32.71278762817383,46.34931182861328,32.26015090942383,0.9871808855012485,1.026659607887268,58.04559326171875,0.925,1.0,0.0,1.0,0.0,0.0,0.0017175633693113923,0.20551003515720367,0.0,0.01132691465318203,0.05858662724494934,0.11257345974445343,-1.9773471355438232,-1.8831772804260254,-1.7757993936538696,0.0,1.0
479232,468,8,163.08025529465175,155.75,-0.003017187980003655,6.233209355175495,-1.3941212594509125,0.00406198032287648,0.02236328125,0.8036769039928913,54.04269905090332,1.4174047708511353,6.419490814208984,40.19771194458008,37.15574264526367,38.78030776977539,39.799678802490234,0.9701496675954328,1.200039267539978,194.90699768066406,0.95,1.0,0.0,1.0,0.0,0.0,-0.0062177665531635284,0.21276217699050903,0.0,0.011133823543787003,0.05765201151371002,0.11056353151798248,-1.9777332544326782,-1.8850265741348267,-1.7797696590423584,0.0,1.0
480256,469,8,146.45436250132528,142.125,-0.0036118334042839705,5.7931571215391156,-1.3974635243415832,0.0027542622410692275,0.0309326171875,0.7590141162276268,44.04713571071625,-0.19555416703224182,5.691896438598633,38.73950958251953,36.282318115234375,38.93506622314453,37.21535873413086,0.9753893041086595,1.3787100315093994,157.87643432617188,0.85,1.0,0.0,1.0,0.0,0.0,0.005462795030325651,0.20834212005138397,0.0,0.010804671794176102,0.05822933092713356,0.11283648014068604,-1.9783915281295776,-1.8838833570480347,-1.7752799987792969,0.0,1.0
481280,470,8,128.14922774013883,120.25,-0.00398365001892671,2.1371421508491037,-1.3946622371673585,0.0034913877898361534,0.03291015625,0.8207781992852687,24.673164224624635,-0.6004268527030945,3.7280139923095703,44.97528839111328,32.16423797607422,45.575714111328125,31.673545837402344,0.9865659007124707,1.6404814720153809,74.05380249023438,0.875,1.0,0.0,1.0,0.0,0.0,-0.007119476795196533,0.21369431912899017,0.0,0.010821003466844559,0.058017220348119736,0.11297325044870377,-1.9783588647842407,-1.8843151330947876,-1.7750098705291748,0.0,1.0
482304,471,5,142.38580815061096,140.2,-0.005007776175625622,5.978464387357235,-1.398547300696373,0.005560023934231139,0.064306640625,0.8352121941745281,46.53004641532898,1.3441104888916016,5.737864017486572,40.964569091796875,29.936439514160156,39.620460510253906,30.376192092895508,0.9632632898553632,1.7218835353851318,128.78851318359375,0.875,1.0,0.0,1.0,0.0,0.0,-0.027854112908244133,0.20865122973918915,0.0,0.011295562610030174,0.05720322206616402,0.11219777911901474,-1.977409839630127,-1.8859343528747559,-1.7765413522720337,0.0,1.0
483328,472,6,169.9674710731609,165.5,-0.006779860245296731,1.7856242008507253,-1.4068912118673325,0.006205621405388229,0.0634765625,0.913286042958498,20.300015878677367,0.30083057284355164,3.1744332313537598,35.952056884765625,30.261220932006836,35.65122985839844,30.704879760742188,0.9889957737058324,1.6649669408798218,63.12538146972656,0.975,1.0,0.0,1.0,0.0,0.0,-0.015032299794256687,0.20779304206371307,0.0,0.007645744830369949,0.05478876456618309,0.11027437448501587,-1.9847087860107422,-1.8907445669174194,-1.7803409099578857,0.0,1.0
484352,473,8,142.22279799189866,153.25,-0.006779269152320922,4.165331144630909,-1.4202589362859726,0.005163634633936454,0.0762451171875,0.7381768174469471,32.098452305793764,1.3078124523162842,4.833438873291016,42.78114700317383,35.757537841796875,41.47333526611328,37.05237579345703,0.9817283695726422,1.4299253225326538,104.67752075195312,0.9,1.0,0.0,1.0,0.0,0.0,-0.010796100832521915,0.22112198173999786,0.0,0.005192721728235483,0.05334320664405823,0.10915074497461319,-1.9896146059036255,-1.8936257362365723,-1.7825613021850586,0.0,1.0
485376,474,8,166.94334176978606,149.25,-0.0052836251736152915,6.9739437535405155,-1.42498776614666,0.005112760521296877,0.0412841796875,0.7942081570625306,71.51814153194428,2.800177574157715,6.488144397735596,42.349456787109375,33.278709411621094,39.549278259277344,36.28388595581055,0.9619891041768371,1.4577239751815796,227.70751953125,0.775,1.0,0.0,1.0,0.0,0.0,-0.03332216292619705,0.21071471273899078,0.0,0.005833839997649193,0.05329648777842522,0.107257179915905,-1.9883325099945068,-1.8937040567398071,-1.7863044738769531,0.0,1.0
486400,475,8,147.1614473079042,149.75,-0.004809670464601368,7.062203988432884,-1.4251951426267624,0.0037589247134746985,0.045068359375,0.8629058100283146,52.335820055007936,-1.2919353246688843,6.176429271697998,42.798309326171875,36.446109771728516,44.090248107910156,34.38887023925781,0.9712807853277834,1.5038803815841675,161.5386962890625,0.925,1.0,0.0,1.0,0.0,0.0,-0.027266377583146095,0.2159568965435028,0.0,0.006465040612965822,0.05304105207324028,0.10494794696569443,-1.987070083618164,-1.894195556640625,-1.7908713817596436,0.0,1.0
487424,476,7,149.9248393838543,140.42857142857142,-0.004972223821096122,5.359550908207893,-1.4276092112064362,0.0022299496937193907,0.0520751953125,0.9123730197548866,36.475419116020205,-0.42966312170028687,5.294824123382568,42.85479736328125,31.793010711669922,43.284454345703125,31.212976455688477,0.9722642610662732,1.7075724601745605,97.71354675292969,0.975,1.0,0.0,1.0,0.0,0.0,-0.02490452118217945,0.21784575283527374,0.0,0.006285924464464188,0.0521647073328495,0.10373621433973312,-1.9874283075332642,-1.8959401845932007,-1.7932685613632202,0.0,1.0
488448,477,5,132.8679182290731,126.4,-0.004594724182970822,3.5894487097859384,-1.4372994750738144,0.002882786499685608,0.035595703125,0.7532102204859257,34.10744322538376,-0.04744276404380798,4.62683629989624,47.65902328491211,33.246036529541016,47.70646667480469,33.36643981933594,0.9806318298678186,2.027202606201172,128.09683227539062,0.8,1.0,0.0,1.0,0.0,0.0,-0.014139942824840546,0.2076549082994461,0.0,0.0048624565824866295,0.049822911620140076,0.10129764676094055,-1.9902751445770264,-1.9006080627441406,-1.7980948686599731,0.0,1.0
489472,478,9,183.5412424977995,154.66666666666666,-0.004479100136086345,8.640093648433686,-1.4475702732801436,0.0041542538921930825,0.0548583984375,0.8925790958106518,65.19315042495728,2.386540174484253,7.044741153717041,39.45656204223633,32.0421142578125,37.07002258300781,35.6901741027832,0.9516621010841582,1.862250804901123,212.64508056640625,0.975,1.0,0.0,1.0,0.0,0.0,-0.005130625795572996,0.21391688287258148,0.0,0.004202377516776323,0.049099113792181015,0.101910300552845,-1.9915952682495117,-1.902053713798523,-1.796882152557373,0.0,1.0
490496,479,5,134.80935744830043,145.0,-0.004527803731616586,2.2507622808218004,-1.4500322014093399,0.0030588938170694746,0.035302734375,0.8024433955550194,30.182473850250243,0.5002891421318054,3.7770657539367676,40.564613342285156,35.59907913208008,40.06432342529297,35.579872131347656,0.9887427699012843,1.3873474597930908,117.9345703125,0.925,1.0,0.0,1.0,0.0,0.0,-0.016457540914416313,0.21222653985023499,0.0,0.0015666894614696503,0.04885511100292206,0.10172439366579056,-1.9968665838241577,-1.9025410413742065,-1.7972500324249268,0.0,1.0
491520,480,7,163.76009307393636,151.28571428571428,-0.006559769369778224,4.945470871031285,-1.450834572315216,0.005469429642835167,0.0510986328125,0.8264258377254009,39.74597951173782,1.8248975276947021,5.276498317718506,44.15616226196289,30.844646453857422,42.331268310546875,33.106910705566406,0.970736109655801,1.4796760082244873,125.34972381591797,0.95,1.0,0.0,1.0,0.0,0.0,-0.011165481992065907,0.2078251987695694,0.0,0.0012032377999275923,0.04890906438231468,0.10112803429365158,-1.9975935220718384,-1.9024330377578735,-1.7984305620193481,0.0,1.0
492544,481,7,174.39711969562364,153.42857142857142,-0.006386190198827535,3.0259105689823627,-1.4497187077999114,0.003690571166225709,0.0426513671875,0.7801004327833653,33.61185708045959,2.32214093208313,4.0397868156433105,42.57813262939453,28.204360961914062,40.25599670410156,30.00486183166504,0.9794843923035619,1.2506991624832153,123.62348175048828,0.95,1.0,0.0,1.0,0.0,0.0,-0.0071360575966537,0.2099941074848175,0.0,0.004394179675728083,0.04909096285700798,0.10033413022756577,-1.9912116527557373,-1.9020613431930542,-1.8000024557113647,0.0,1.0
493568,482,7,141.5610518542332,145.42857142857142,-0.005427638604305685,5.144789922237396,-1.448488637804985,0.0066751398888300175,0.0711181640625,0.8149253770709037,34.75905907154083,0.6389501690864563,5.0078959465026855,38.822513580322266,34.448158264160156,38.183563232421875,34.6197509765625,0.978866153348032,1.2625128030776978,87.63811492919922,0.975,1.0,0.0,1.0,0.0,0.0,-0.03125697374343872,0.2130240648984909,0.0,0.004522616509348154,0.04936394467949867,0.10132239013910294,-1.990954875946045,-1.901519775390625,-1.7980458736419678,0.0,1.0
494592,483,8,153.36646522622874,149.5,-0.00527402005973272,5.030833013355732,-1.4497817218303681,0.002597590151708573,0.04052734375,0.7649715043604374,38.861020755767825,0.43822818994522095,5.464148044586182,44.04234313964844,36.91086196899414,43.6041145324707,37.507469177246094,0.9780852496639174,1.3951549530029297,126.10011291503906,0.875,1.0,0.0,1.0,0.0,0.0,-0.020489783957600594,0.2100605070590973,0.0,0.003452678443863988,0.04835320636630058,0.10089857876300812,-1.9930946826934814,-1.9035348892211914,-1.7988848686218262,0.0,1.0
495616,484,7,176.39756384669613,145.28571428571428,-0.0049521276261657475,2.6691516801714896,-1.4561644434928893,0.006789186593960039,0.047216796875,0.7938101395964623,30.861400747299193,-0.022540777921676636,4.371645450592041,51.401268005371094,27.755897521972656,51.42380905151367,28.08028221130371,0.9751927082414115,1.2121837139129639,119.51825714111328,0.875,1.0,0.0,1.0,0.0,0.0,0.0007450992707163095,0.21901647746562958,0.0,0.0028594841714948416,0.04768669232726097,0.10228458791971207,-1.9942810535430908,-1.9048794507980347,-1.796141266822815,0.0,1.0
496640,485,7,146.72712150759256,141.42857142857142,-0.004750484635587781,6.540109723806381,-1.4619886040687562,0.004358307633083314,0.046630859375,0.8627501606941224,44.311439108848575,-0.04498279094696045,5.668461322784424,45.325050354003906,29.654098510742188,45.37002944946289,29.508773803710938,0.9634606377773282,1.5306205749511719,125.33372497558594,1.0,1.0,0.0,1.0,0.0,0.0,-0.02174443192780018,0.21098920702934265,0.0,0.0013175270287320018,0.04614957794547081,0.10157531499862671,-1.9973649978637695,-1.9079450368881226,-1.7975451946258545,0.0,1.0
497664,486,5,168.31698493575158,146.0,-0.006526667391881347,2.860778833925724,-1.469529029726982,0.004874786626896821,0.0521728515625,0.9283078730106353,30.90022232532501,1.7016304731369019,3.949915647506714,43.19021224975586,32.241127014160156,41.488582611083984,34.24941635131836,0.9849908817219674,2.1441330909729004,103.91620635986328,0.975,1.0,0.0,1.0,0.0,0.0,-0.012308954261243343,0.21714961528778076,0.0,-0.0010724494932219386,0.045541394501924515,0.10371813923120499,-2.0021448135375977,-1.9091731309890747,-1.7933043241500854,0.0,1.0
498688,487,8,173.40051710357218,158.5,-0.006172515009529889,3.2061948508024214,-1.474043819308281,0.0037291000349796376,0.054345703125,0.8505028448998928,28.183867156505585,0.78759765625,4.527529716491699,51.16212844848633,34.73448944091797,50.37453079223633,36.498558044433594,0.9830097124984734,1.7094764709472656,87.72313690185547,0.925,1.0,0.0,1.0,0.0,0.0,-0.024855872616171837,0.2044650912284851,0.0,-0.0053595202043652534,0.044148724526166916,0.10366839915513992,-2.010718822479248,-1.911959171295166,-1.7934027910232544,0.0,1.0
499712,488,8,152.76934308914304,143.375,-0.006239896244369447,4.455331319570542,-1.4812823057174682,0.0042696091506513765,0.0548828125,0.7610600881278515,31.07866600751877,-0.9730856418609619,4.899352073669434,45.90730285644531,32.488773345947266,46.88038635253906,31.447067260742188,0.977258948384389,1.4993562698364258,101.85686492919922,0.9,1.0,0.0,1.0,0.0,0.0,-0.008660788647830486,0.22335825860500336,0.0,-0.004061906598508358,0.043815985321998596,0.10532741993665695,-2.0081238746643066,-1.912628173828125,-1.7901207208633423,0.0,1.0
500736,489,6,169.1552148863014,147.83333333333334,-0.005373554897960276,3.1131029181182384,-1.484037485718727,0.003870683583954815,0.0485595703125,0.7985148377716541,25.278632080554964,1.5414406061172485,4.056356906890869,43.17213821411133,28.599977493286133,41.630699157714844,30.76158332824707,0.9798840281944824,1.4235936403274536,78.3929672241211,0.925,1.0,0.0,1.0,0.0,0.0,-0.02729059010744095,0.21648387610912323,0.0,-0.00630996422842145,0.0423053503036499,0.10368607938289642,-2.012619733810425,-1.9156445264816284,-1.793367862701416,0.0,1.0
501760,490,6,153.28869097669,154.83333333333334,-0.0062546736851800235,6.701513588428497,-1.4923704534769058,0.003731530494405888,0.0425048828125,0.8004830852150917,42.404115319252014,0.5616791844367981,5.8138604164123535,39.917633056640625,32.728633880615234,39.35594940185547,33.44247817993164,0.9684446195353473,1.5071629285812378,164.96009826660156,0.95,1.0,0.0,1.0,0.0,0.0,-0.019324200227856636,0.21413829922676086,0.0,-0.009194775484502316,0.041943881660699844,0.1043483093380928,-2.0183889865875244,-1.9163655042648315,-1.7920575141906738,0.0,1.0
502784,491,7,155.67230573285028,144.57142857142858,-0.004970146436244249,3.628872440755367,-1.4934962838888168,0.004894711771339644,0.0585205078125,0.9262577325105668,22.482277870178223,0.5443778038024902,4.20823860168457,42.49531555175781,26.31610870361328,41.9509391784668,26.80447769165039,0.9744284293976397,1.84671151638031,54.4685173034668,1.0,1.0,0.0,1.0,0.0,0.0,-0.025924796238541603,0.21338090300559998,0.0,-0.009755630977451801,0.041421886533498764,0.10363135486841202,-2.0195107460021973,-1.9174121618270874,-1.7934761047363281,0.0,1.0
503808,492,8,119.80875555367597,141.375,-0.003527141711674631,6.141891458630562,-1.4951305985450745,0.003071477310732007,0.0402099609375,0.7571135275065899,41.77129607200622,-1.6132806539535522,5.626557350158691,39.50367736816406,34.91460418701172,41.11695861816406,32.842777252197266,0.9740300464757445,1.2601611614227295,129.5038299560547,0.95,1.0,0.0,1.0,0.0,0.0,-0.027440300211310387,0.21310476958751678,0.0,-0.009743165224790573,0.04170532524585724,0.10401403903961182,-2.0194857120513916,-1.9168472290039062,-1.7927188873291016,0.0,1.0
504832,493,9,141.6367266223832,132.66666666666666,-0.0052956743631511925,9.023420944809914,-1.494884479045868,0.007018365392286796,0.056982421875,0.8135491341352463,47.5231415271759,-0.9687473773956299,6.585965156555176,39.0875244140625,32.19880676269531,40.056270599365234,32.44430923461914,0.958163122320969,1.391677737236023,142.52401733398438,0.95,1.0,0.0,1.0,0.0,0.0,-0.013856337405741215,0.2283037155866623,0.0,-0.009413833729922771,0.041137706488370895,0.10184158384799957,-2.018827199935913,-1.9179648160934448,-1.797018051147461,0.0,1.0
505856,494,5,96.64571685770782,125.0,-0.00499366924050264,6.569836881756783,-1.4972481220960616,0.006508684794243891,0.0595703125,0.9057429976761341,39.088621211051944,-0.3698952794075012,5.617328643798828,42.248252868652344,37.215179443359375,42.61814880371094,36.7838020324707,0.9772165539559983,1.5529893636703491,110.30426788330078,0.975,1.0,0.0,1.0,0.0,0.0,-0.009353166446089745,0.22535371780395508,0.0,-0.007359934970736504,0.04121134430170059,0.10074804723262787,-2.0147194862365723,-1.9178060293197632,-1.7991828918457031,0.0,1.0
506880,495,8,159.73208701484612,142.125,-0.005975254124496132,2.398908394575119,-1.498491358757019,0.004178227491502184,0.0504638671875,0.732031624764204,22.631037282943726,-0.8625904321670532,3.6154441833496094,45.17985916137695,30.745616912841797,46.042449951171875,30.17755889892578,0.9861720800568013,1.3374253511428833,65.18561553955078,0.85,1.0,0.0,1.0,0.0,0.0,-0.018422931432724,0.21509510278701782,0.0,-0.007612836081534624,0.04056750237941742,0.09924698621034622,-2.015225410461426,-1.9190901517868042,-1.8021552562713623,0.0,1.0
507904,496,8,137.38063708436334,147.375,-0.00511325835250318,4.872936397790909,-1.5047584086656571,0.006065419790684245,0.0621337890625,0.8357920609414577,39.509962344169615,-0.0674925446510315,5.221141815185547,40.37815475463867,38.08671569824219,40.445648193359375,37.90663146972656,0.9812075250167385,1.2269099950790405,119.86161041259766,0.975,1.0,0.0,1.0,0.0,0.0,-0.015221059322357178,0.21111908555030823,0.0,-0.009234118275344372,0.039122890681028366,0.0988335981965065,-2.018467664718628,-1.9219754934310913,-1.8029738664627075,0.0,1.0
508928,497,7,160.21079212287398,150.28571428571428,-0.006293122167699039,5.448759235441685,-1.5090288877487184,0.004445807277807035,0.069970703125,0.8391934499144554,36.68188722133637,0.29654979705810547,5.587550640106201,36.51527786254883,30.694644927978516,36.21873092651367,32.25883483886719,0.9668626564306837,1.6677722930908203,114.80108642578125,0.975,1.0,0.0,1.0,0.0,0.0,0.0001504450774518773,0.22624292969703674,0.0,-0.010330996476113796,0.039288442581892014,0.09863743185997009,-2.0206613540649414,-1.9216386079788208,-1.803362488746643,0.0,1.0
509952,498,7,138.7471897070935,140.28571428571428,-0.005853284429758787,2.2559901654720305,-1.5097780972719193,0.002802864878321998,0.0404296875,0.8041653588414193,23.06670073270798,0.9761964678764343,3.5151944160461426,39.528472900390625,34.8437614440918,38.552276611328125,35.67605209350586,0.9898223229818517,1.3249834775924683,81.51817321777344,1.0,1.0,0.0,1.0,0.0,0.0,-0.014950931072235107,0.22556525468826294,0.0,-0.011277224868535995,0.03846977278590202,0.09857294708490372,-2.0225534439086914,-1.9232810735702515,-1.803490161895752,0.0,1.0
510976,499,7,165.11448119650842,150.85714285714286,-0.003522599278949201,1.9312343508005143,-1.512861955165863,0.0030598764555179515,0.0296630859375,0.8071882516145706,23.39032385349274,1.7465100288391113,3.2829980850219727,43.865333557128906,32.76397705078125,42.11882019042969,34.35465621948242,0.9899596719218422,1.449765920639038,75.31584930419922,0.925,1.0,0.0,1.0,0.0,0.0,-0.020223962143063545,0.21010595560073853,0.0,-0.010928960517048836,0.03867800161242485,0.09939182549715042,-2.0218570232391357,-1.9228644371032715,-1.8018683195114136,0.0,1.0
512000,500,7,160.35621012365922,140.14285714285714,-0.005940032086800784,4.192634625732898,-1.512881699204445,0.0057704855993506495,0.06572265625,0.8905348598957061,36.1819256067276,-0.2836754322052002,4.858792304992676,47.63105773925781,29.169885635375977,47.91472625732422,30.06028175354004,0.9722548439881612,1.6462267637252808,121.16046142578125,1.0,1.0,0.0,1.0,0.0,0.0,-0.013647690415382385,0.21369850635528564,0.0,-0.011406125500798225,0.03807562217116356,0.09858569502830505,-2.0228111743927,-1.924066185951233,-1.8034648895263672,0.0,1.0
513024,501,8,148.61102681787975,138.0,-0.004352527298033237,5.603315846621991,-1.5163021683692932,0.004215478233527392,0.0413330078125,0.8279074482619763,38.798092532157895,0.6777079105377197,5.331197738647461,40.9593505859375,33.38178253173828,40.281639099121094,33.91815185546875,0.9744946956743081,1.1968424320220947,119.93038177490234,0.9,1.0,0.0,1.0,0.0,0.0,0.0009687291458249092,0.23301102221012115,0.0,-0.012553534470498562,0.037696581333875656,0.09963928163051605,-2.0251057147979736,-1.9248337745666504,-1.8013782501220703,0.0,1.0
514048,502,8,149.83913139026217,145.375,-0.005698450596537441,3.065835751593113,-1.521911096572876,0.004861203324981034,0.046484375,0.8238384984433651,27.834991645812988,1.1788270473480225,4.076117515563965,40.62238311767578,32.5764045715332,39.44355773925781,33.43527603149414,0.984343774351922,1.6379094123840332,75.71780395507812,0.95,1.0,0.0,1.0,0.0,0.0,-0.006502126809209585,0.2329544723033905,0.0,-0.014125796966254711,0.03620164468884468,0.09884089976549149,-2.028249740600586,-1.9278157949447632,-1.8029594421386719,0.0,1.0
515072,503,8,143.02282454622005,132.875,-0.004241550911683589,4.761635661125183,-1.528931188583374,0.005053979442163836,0.0406982421875,0.8642995603382587,38.69271591901779,1.0699399709701538,5.152564525604248,39.27955627441406,30.894798278808594,38.209617614746094,32.65880584716797,0.9721851845119674,1.8113919496536255,120.31985473632812,0.95,1.0,0.0,1.0,0.0,0.0,0.00986363086849451,0.22302469611167908,0.0,-0.01546487770974636,0.03551004081964493,0.10017020255327225,-2.0309271812438965,-1.9292049407958984,-1.800326943397522,0.0,1.0
516096,504,6,160.68945300191277,148.66666666666666,-0.0035164961242116987,1.8306517012417316,-1.5315837651491164,0.002701144863385707,0.0307373046875,0.8526891224086285,24.07499463558197,1.9361660480499268,2.8192062377929688,43.26496124267578,30.744220733642578,41.328792572021484,31.331708908081055,0.9915913426988519,1.410624623298645,90.97032928466797,0.925,1.0,0.0,1.0,0.0,0.0,0.011423281393945217,0.22457046806812286,0.0,-0.014630161225795746,0.035194072872400284,0.09942041337490082,-2.0292582511901855,-1.9298338890075684,-1.801811695098877,0.0,1.0
517120,505,5,183.60965923339728,148.2,-0.0045185194700025025,6.109624247252941,-1.5368285179138184,0.006503439873631578,0.056201171875,0.8922141306102276,52.955359148979184,2.2910871505737305,5.888124942779541,44.36289978027344,31.0585880279541,42.071807861328125,33.71988296508789,0.964058968194336,2.159374952316284,163.8750457763672,0.925,1.0,0.0,1.0,0.0,0.0,-0.018830930814146996,0.2202419489622116,0.0,-0.015697551891207695,0.03355679288506508,0.09675408899784088,-2.0313925743103027,-1.933087944984436,-1.8070933818817139,0.0,1.0
518144,506,8,165.32752617310555,144.0,-0.0056500411417800935,3.633959997445345,-1.5470335721969604,0.0029926737333880737,0.043115234375,0.757109772413969,46.36561304330826,0.07753914594650269,4.980488300323486,47.07756042480469,29.85862159729004,47.00001525878906,30.746030807495117,0.9721769815945313,1.0920629501342773,166.5276336669922,0.9,1.0,0.0,1.0,0.0,0.0,-0.017014143988490105,0.21789656579494476,0.0,-0.019752182066440582,0.03197978064417839,0.09645858407020569,-2.039499282836914,-1.9362400770187378,-1.8076789379119873,0.0,1.0
519168,507,7,134.04074734884134,135.28571428571428,-0.004647641361225396,2.713865353912115,-1.5561790496110917,0.00377071507537039,0.0501953125,0.8891015410423279,27.47322121858597,-0.3873642385005951,4.04603910446167,43.5570068359375,34.4200325012207,43.944374084472656,33.4726448059082,0.9861822417925525,1.36956787109375,99.98551940917969,1.0,1.0,0.0,1.0,0.0,0.0,-0.030139634385704994,0.21589386463165283,0.0,-0.020228954032063484,0.030588096007704735,0.09403440356254578,-2.040452480316162,-1.939009189605713,-1.812483549118042,0.0,1.0
520192,508,6,172.74251097480706,157.0,-0.006230668778880499,5.671002289652824,-1.5621037781238556,0.0056320877993130125,0.0537353515625,0.8571167178452015,39.40488252639771,0.9202325940132141,5.611611366271973,39.53092956542969,29.299772262573242,38.610694885253906,31.617795944213867,0.9633185314866313,1.4137985706329346,130.6482696533203,0.975,1.0,0.0,1.0,0.0,0.0,-0.03142895922064781,0.2200947403907776,0.0,-0.01926177553832531,0.030039293691515923,0.09399854391813278,-2.0385189056396484,-1.9401057958602905,-1.8125545978546143,0.0,1.0
521216,509,8,131.26386484001833,140.0,-0.005343802913557738,6.380325576663017,-1.5602095752954483,0.004493526867008768,0.0552490234375,0.8455123417079449,35.80065941810608,-0.7640013694763184,5.4362969398498535,43.17510986328125,33.21036911010742,43.939117431640625,32.28085708618164,0.9732046827430618,1.7096993923187256,91.920166015625,0.9,1.0,0.0,1.0,0.0,0.0,-0.036874476820230484,0.22491352260112762,0.0,-0.017298994585871696,0.03133117035031319,0.095733642578125,-2.0345945358276367,-1.9375337362289429,-1.8091155290603638,0.0,1.0
522240,510,8,164.9676434269512,148.25,-0.004658647789619863,5.969702561199665,-1.5556223660707473,0.006579607950698119,0.03935546875,0.8861693352460861,62.94991497993469,2.947160482406616,5.773886203765869,39.33876419067383,32.839569091796875,36.3916015625,36.369625091552734,0.9690869741099426,1.45597243309021,223.14768981933594,0.975,1.0,0.0,1.0,0.0,0.0,-0.02272150106728077,0.23095418512821198,0.0,-0.01724669151008129,0.030958406627178192,0.09598688781261444,-2.034489870071411,-1.938275694847107,-1.808613657951355,0.0,1.0
523264,511,9,127.38100527554555,118.33333333333333,-0.0051354941737372425,12.725656175613404,-1.5574420303106309,0.0029994538781465963,0.051416015625,0.8783446617424489,49.41257295608521,-2.1864194869995117,7.17711067199707,48.599021911621094,28.55499267578125,50.785438537597656,27.594919204711914,0.9368264612640552,1.5837918519973755,117.15547180175781,0.95,1.0,0.0,1.0,0.0,0.0,-0.016510875895619392,0.2294679433107376,0.0,-0.0162738636136055,0.03153147175908089,0.09670771658420563,-2.0325448513031006,-1.9371403455734253,-1.8071852922439575,0.0,1.0
524288,512,7,136.13756032963448,137.28571428571428,-0.004701916582416743,5.219926176965236,-1.5513516247272492,0.007712114026071503,0.044921875,0.8660305894911289,38.88152281045914,-0.3691102862358093,5.547378063201904,39.82023620605469,33.03779983520508,40.18934631347656,34.090023040771484,0.9718062264940098,1.52218496799469,116.39635467529297,0.975,1.0,0.0,1.0,0.0,0.0,-0.0013786694034934044,0.24250315129756927,0.0,-0.015097852796316147,0.03254113346338272,0.09728806465864182,-2.030193328857422,-1.9351247549057007,-1.8060353994369507,0.0,1.0
525312,513,8,130.25277470620074,128.0,-0.003745035454630852,5.117883935570717,-1.548267701268196,0.003970471385400742,0.0341552734375,0.9687727019190788,43.953897786140445,-2.0508456230163574,5.248138904571533,37.097984313964844,32.6104621887207,39.148826599121094,32.57809066772461,0.9741001768389952,1.6006231307983398,122.45612335205078,1.0,1.0,0.0,1.0,0.0,0.0,-0.004507272969931364,0.24403297901153564,0.0,-0.014682961627840996,0.032579515129327774,0.09678616374731064,-2.0293638706207275,-1.9350439310073853,-1.8070298433303833,0.0,1.0
526336,514,7,99.72888762315063,124.85714285714286,-0.005385892686899751,2.008892399817705,-1.5486511409282684,0.007286591787124053,0.055517578125,0.8398974098265171,19.60007623434067,-0.8061810731887817,3.515551805496216,39.75297164916992,36.47438049316406,40.55915069580078,36.42017364501953,0.9907100970262266,1.5057414770126343,81.08209228515625,0.875,1.0,0.0,1.0,0.0,0.0,0.0057032047770917416,0.24388548731803894,0.0,-0.01610168255865574,0.032481033354997635,0.09711511433124542,-2.032200574874878,-1.935239315032959,-1.8063781261444092,0.0,1.0
527360,515,9,127.99251588158018,141.88888888888889,-0.007798017864115536,8.927042424678802,-1.5485799372196198,0.009855612793762703,0.078125,0.9068233996629715,56.85029907226563,-1.6439653635025024,6.542876243591309,32.81357955932617,36.430171966552734,34.45754623413086,36.503562927246094,0.9677436662807991,1.4927726984024048,169.32798767089844,0.975,1.0,0.0,1.0,0.0,0.0,-0.0060677495785057545,0.24886111915111542,0.0,-0.015942897647619247,0.03270162269473076,0.09690742939710617,-2.0318830013275146,-1.9348005056381226,-1.8067896366119385,0.0,1.0
528384,516,7,127.87031693766993,124.57142857142857,-0.00495856226189062,9.362149220705032,-1.5494587033987046,0.0024766303788055664,0.03427734375,0.9292857408523559,42.4651047706604,-0.2155994176864624,6.897766590118408,35.041263580322266,34.90605545043945,35.256866455078125,37.85979461669922,0.960950498645252,1.462081789970398,109.74198150634766,0.975,1.0,0.0,1.0,0.0,0.0,-0.0018011493375524879,0.2471315562725067,0.0,-0.01531493291258812,0.03159920871257782,0.09542905539274216,-2.030627489089966,-1.936990737915039,-1.8097190856933594,0.0,1.0
529408,517,9,135.4091156720349,137.55555555555554,-0.006943884841166437,4.191590094566346,-1.5572620928287506,0.00961405308189569,0.07978515625,0.8732127763330937,31.758649432659148,-0.17292585968971252,4.794224739074707,35.858943939208984,33.48638916015625,36.0318717956543,34.881690979003906,0.9795025325250103,1.365821123123169,98.06560516357422,0.975,1.0,0.0,1.0,0.0,0.0,0.017610345035791397,0.2444426268339157,0.0,-0.015384414233267307,0.03061666525900364,0.09342004358768463,-2.030766487121582,-1.9389472007751465,-1.8137015104293823,0.0,1.0
530432,518,8,126.67158304923903,124.75,-0.006189432262908667,5.795957273244857,-1.564123374223709,0.003853352191799786,0.0631591796875,0.8992914833128453,37.58807623386383,0.49886655807495117,5.725224494934082,35.190528869628906,30.681066513061523,34.6916618347168,32.429073333740234,0.9651787679570042,1.7040841579437256,111.36497497558594,0.95,1.0,0.0,1.0,0.0,0.0,0.009939626790583134,0.2506920397281647,0.0,-0.016767270863056183,0.02905949018895626,0.09085212647914886,-2.033531427383423,-1.9420472383499146,-1.8187940120697021,0.0,1.0
531456,519,7,124.39851309196719,114.71428571428571,-0.004773379088146612,3.7370695620775223,-1.5702901989221574,0.004543888210901059,0.0421875,0.8337180659174919,25.576445984840394,-1.0156068801879883,4.278162956237793,42.59294891357422,30.5965633392334,43.608558654785156,30.597747802734375,0.9804489833145951,1.729072093963623,69.56266021728516,0.95,1.0,0.0,1.0,0.0,0.0,0.028087139129638672,0.23625865578651428,0.0,-0.016263507306575775,0.02900908887386322,0.08894161134958267,-2.0325241088867188,-1.942138671875,-1.8225843906402588,0.0,1.0
532480,520,8,154.3716189956963,138.375,-0.003933813230833039,3.3423115074634553,-1.5722179025411607,0.0015255601436365395,0.02529296875,1.005179087817669,35.40299113988876,2.058377742767334,4.553560733795166,43.3968505859375,30.109174728393555,41.338478088378906,33.66971969604492,0.9771279806239566,1.7035479545593262,128.6855926513672,1.0,1.0,0.0,1.0,0.0,0.0,0.015377084724605083,0.2384190559387207,0.0,-0.017801690846681595,0.02769884467124939,0.08748531341552734,-2.035599708557129,-1.9447526931762695,-1.8254743814468384,0.0,1.0
533504,521,7,147.1278268993749,136.0,-0.0054057972854934635,5.22989961206913,-1.5766844481229783,0.006013242123299278,0.04833984375,0.8501704409718513,36.01194202899933,1.0032764673233032,5.037812232971191,36.02391052246094,28.72701644897461,35.020633697509766,28.612274169921875,0.9692459073264578,1.3445931673049927,97.4905776977539,0.95,1.0,0.0,1.0,0.0,0.0,-0.004702635575085878,0.23331519961357117,0.0,-0.017828743904829025,0.028415538370609283,0.08836500346660614,-2.035653591156006,-1.9433197975158691,-1.8237285614013672,0.0,1.0
534528,522,8,140.26894318926966,132.5,-0.004892053676303476,8.325336846709252,-1.5706180393695832,0.004703441320452839,0.067919921875,0.8390472367405891,43.937939524650574,1.8151018619537354,6.425243377685547,39.64137268066406,28.875186920166016,37.826271057128906,30.297992706298828,0.9504858203868002,1.9368150234222412,124.79621887207031,0.925,1.0,0.0,1.0,0.0,0.0,0.007680937647819519,0.22451145946979523,0.0,-0.016836324706673622,0.02905547432601452,0.08832970261573792,-2.0336694717407227,-1.9420418739318848,-1.823798656463623,0.0,1.0
535552,523,7,144.9376926739781,141.71428571428572,-0.004629560903413221,4.527929547429085,-1.5711380064487457,0.0072013463723124005,0.0571533203125,0.8877774782478809,35.75650556087494,0.35194623470306396,4.727848529815674,37.88880920410156,31.040380477905273,37.536865234375,30.670522689819336,0.9768008021661047,1.5049852132797241,104.22311401367188,0.975,1.0,0.0,1.0,0.0,0.0,-0.01576264761388302,0.23576641082763672,0.0,-0.019863205030560493,0.028374850749969482,0.08815986663103104,-2.0397212505340576,-1.9433997869491577,-1.824135661125183,0.0,1.0
536576,524,7,144.6848721452564,145.0,-0.005392642074730248,3.496703416109085,-1.5727102488279343,0.004720197594724596,0.0517578125,0.8904812477529049,29.846145021915437,1.2674634456634521,4.5203657150268555,37.11865997314453,28.768611907958984,35.8511962890625,28.556968688964844,0.9753106694763937,1.5697486400604248,92.18470001220703,0.95,1.0,0.0,1.0,0.0,0.0,0.0007504447712562978,0.2276620864868164,0.0,-0.01970846951007843,0.02870967984199524,0.08700971305370331,-2.039411783218384,-1.9427261352539062,-1.826418399810791,0.0,1.0
537600,525,7,145.79555863067773,133.14285714285714,-0.005579383950680495,2.800395980477333,-1.5707979887723922,0.002933550684247166,0.0533447265625,0.8984820768237114,22.596471667289734,1.3967593908309937,3.678194522857666,42.523311614990234,27.106483459472656,41.12655258178711,28.353456497192383,0.9815870636499153,1.7616515159606934,79.38285064697266,0.975,1.0,0.0,1.0,0.0,0.0,0.020470209419727325,0.22109852731227875,0.0,-0.01849679835140705,0.0287236999720335,0.08782500773668289,-2.036989450454712,-1.942704200744629,-1.8248002529144287,0.0,1.0
538624,526,8,152.14453915341983,144.5,-0.004533353890292346,2.4885904237627985,-1.5741785019636154,0.0032166285731364042,0.0415771484375,0.9573551177978515,27.724231946468354,1.4653699398040771,3.6462154388427734,39.65895080566406,30.23349952697754,38.19357681274414,30.309646606445312,0.9854551991405599,1.769335389137268,95.05945587158203,1.0,1.0,0.0,1.0,0.0,0.0,0.019333789125084877,0.23715035617351532,0.0,-0.01971135288476944,0.02752048522233963,0.08546827733516693,-2.0394175052642822,-1.9450949430465698,-1.8294785022735596,0.0,1.0
539648,527,6,109.47903752886572,114.5,-0.006335984473116696,6.809224525094033,-1.5804670661687852,0.007114789608749561,0.0717529296875,0.875391710549593,46.05308022499084,-1.465211033821106,5.77751350402832,48.13336944580078,32.029727935791016,49.59857940673828,29.49223518371582,0.9674631567980362,1.7364232540130615,143.62039184570312,0.95,1.0,0.0,1.0,0.0,0.0,0.00938407238572836,0.21951012313365936,0.0,-0.02090091072022915,0.027144186198711395,0.08372034132480621,-2.0417957305908203,-1.9458390474319458,-1.8329493999481201,0.0,1.0
540672,528,8,146.25609031710005,159.125,-0.0038295577047392725,2.716913476586342,-1.581971350312233,0.006820462284667883,0.0318359375,0.8512006551027298,24.841382849216462,0.30267712473869324,4.134623050689697,38.644371032714844,38.95896911621094,38.34169006347656,39.5545654296875,0.9887369272053568,1.3403780460357666,98.4327392578125,1.0,1.0,0.0,1.0,0.0,0.0,-0.004945364315062761,0.23233655095100403,0.0,-0.021704023703932762,0.02661132998764515,0.08409769088029861,-2.0434012413024902,-1.9469081163406372,-1.832200050354004,0.0,1.0
541696,529,8,136.44512814160288,132.0,-0.006608554418198765,7.333938407897949,-1.5855479538440704,0.00391868199367309,0.0631103515625,0.8816439479589462,46.1537011384964,-1.064974069595337,6.179427146911621,40.01414489746094,31.14664077758789,41.0791130065918,30.54376983642578,0.9606382881887355,1.9088292121887207,126.5811996459961,0.975,1.0,0.0,1.0,0.0,0.0,0.011142740957438946,0.23484301567077637,0.0,-0.022345464676618576,0.02614421583712101,0.0836462527513504,-2.0446834564208984,-1.9478377103805542,-1.8330965042114258,0.0,1.0
542720,530,8,128.50819553530056,124.25,-0.006992881861515343,7.259178958833218,-1.5873974114656448,0.0090046532190172,0.0656982421875,0.8540650881826878,45.56623485088348,-1.000006914138794,6.139677047729492,43.022037506103516,33.21406936645508,44.02204895019531,33.87794494628906,0.9658298505155688,1.3852723836898804,124.25748443603516,0.9,1.0,0.0,1.0,0.0,0.0,-0.002820110647007823,0.22266952693462372,0.0,-0.023161279037594795,0.025831125676631927,0.08410970866680145,-2.046314239501953,-1.948468565940857,-1.8321762084960938,0.0,1.0
543744,531,8,138.85516089764042,126.875,-0.0069338891131337736,2.4326167784631254,-1.5899747610092163,0.0031489560220506973,0.063671875,0.9358558706939221,30.06360841989517,-1.2205657958984375,3.601534843444824,39.70551300048828,30.40435218811035,40.92607879638672,30.143611907958984,0.985968510549433,1.538352608680725,122.52896118164062,0.975,1.0,0.0,1.0,0.0,0.0,0.01087563019245863,0.22666852176189423,0.0,-0.02280927449464798,0.02522163651883602,0.08349770307540894,-2.0456106662750244,-1.9496837854385376,-1.8333916664123535,0.0,1.0
544768,532,8,129.65678284468618,143.875,-0.0034037660458125173,3.534530007839203,-1.5958568722009658,0.0036419812706299124,0.0411865234375,0.927319559454918,33.24947748184204,0.9682295918464661,4.813990592956543,29.900165557861328,35.41550827026367,28.931936264038086,36.995914459228516,0.9815233404011295,1.9176132678985596,111.64042663574219,0.975,1.0,0.0,1.0,0.0,0.0,-0.009181413799524307,0.23681841790676117,0.0,-0.023566415533423424,0.024089636281132698,0.08342865854501724,-2.047124147415161,-1.951944351196289,-1.833528757095337,0.0,1.0
545792,533,8,125.66837150952807,127.125,-0.004834672820288688,3.2318921059370043,-1.600562834739685,0.004581368378421757,0.04619140625,0.8208341106772423,23.38593875169754,0.2746928036212921,4.210052013397217,39.430545806884766,31.78451156616211,39.155853271484375,32.629005432128906,0.9824553861259124,1.42635977268219,69.08462524414062,0.925,1.0,0.0,1.0,0.0,0.0,0.02515535056591034,0.23113949596881866,0.0,-0.023301513865590096,0.023774048313498497,0.0837709829211235,-2.0465946197509766,-1.9525781869888306,-1.8328487873077393,0.0,1.0
546816,534,8,152.0336789843517,140.25,-0.005576222168747336,5.400954581797123,-1.6039584934711457,0.002788863654132001,0.0455322265625,0.9317382715642453,45.84414186477661,1.804807186126709,5.980281352996826,40.26782989501953,30.46187973022461,38.4630241394043,34.06809997558594,0.9614583902362791,1.4904005527496338,150.8040313720703,0.975,1.0,0.0,1.0,0.0,0.0,0.014965206384658813,0.23284073173999786,0.0,-0.023191560059785843,0.022264018654823303,0.08082810044288635,-2.046374797821045,-1.9555854797363281,-1.8386949300765991,0.0,1.0
547840,535,6,144.46642668869063,124.83333333333333,-0.005895433569094166,3.6048776313662527,-1.6159038335084914,0.004999933725048322,0.065478515625,0.9934001237154007,32.378933417797086,1.6280179023742676,4.640548229217529,45.39510726928711,28.18387794494629,43.76708984375,30.095468521118164,0.9728895303723781,1.7492618560791016,95.24406433105469,1.0,1.0,0.0,1.0,0.0,0.0,0.027112001553177834,0.23113210499286652,0.0,-0.02472197450697422,0.02016225829720497,0.07821280509233475,-2.049433946609497,-1.959776759147644,-1.8438925743103027,0.0,1.0
548864,536,8,152.98414690158705,131.25,-0.004960631270660087,3.4059269607067106,-1.6263481438159944,0.005643813735514413,0.059423828125,0.9244043976068497,30.402351832389833,-0.28348907828330994,4.646313190460205,43.519561767578125,28.49947166442871,43.80305480957031,29.01708984375,0.9734207093794212,1.6282775402069092,109.75424194335938,1.0,1.0,0.0,1.0,0.0,0.0,0.019857654348015785,0.2346099615097046,0.0,-0.026023177430033684,0.019022690132260323,0.07596724480390549,-2.052034616470337,-1.9620469808578491,-1.848357081413269,0.0,1.0
549888,537,8,140.02396304920455,136.5,-0.006066976353758946,3.675026012957096,-1.6279873639345168,0.005694078606029507,0.0648193359375,1.0310422405600548,26.813777327537537,1.2682563066482544,4.63166618347168,41.392127990722656,34.53292465209961,40.123870849609375,35.274574279785156,0.9820109680112723,1.857752799987793,95.4855728149414,1.0,1.0,0.0,1.0,0.0,0.0,0.0192792396992445,0.23147031664848328,0.0,-0.02471637912094593,0.019766541197896004,0.07648775726556778,-2.0494227409362793,-1.960560917854309,-1.8473221063613892,0.0,1.0
550912,538,9,137.755631221997,125.0,-0.005909745523240417,11.94759605526924,-1.6217458724975586,0.004266015579923987,0.054931640625,0.7900971092283726,44.83846776485443,-1.22825288772583,7.066039085388184,41.65620422363281,31.289581298828125,42.884456634521484,31.838083267211914,0.9490020701065577,1.6568188667297363,122.57964324951172,0.9,1.0,0.0,1.0,0.0,0.0,0.008761297911405563,0.23782289028167725,0.0,-0.02387659251689911,0.02081400714814663,0.07700750231742859,-2.047744035720825,-1.958469271659851,-1.8462886810302734,0.0,1.0
551936,539,6,137.6088219675858,132.83333333333334,-0.005292188399471343,3.3996153712272643,-1.6174136370420455,0.003212940727826208,0.0481689453125,0.9338100254535675,31.77291519641876,-0.2330649346113205,4.566322326660156,47.2375373840332,32.96214294433594,47.47060012817383,32.469139099121094,0.9808087992212101,1.4956620931625366,105.37997436523438,1.0,1.0,0.0,1.0,0.0,0.0,0.015209555625915527,0.23484587669372559,0.0,-0.025181986391544342,0.02102566510438919,0.07909169793128967,-2.0503532886505127,-1.9580559730529785,-1.8421456813812256,0.0,1.0
552960,540,8,162.62203618997864,151.625,-0.004824994876980781,7.345325964689255,-1.6205977529287339,0.003100531586096622,0.040380859375,0.9389747127890586,54.67803044319153,1.684248447418213,6.619894981384277,35.112030029296875,35.221763610839844,33.42778778076172,37.73936462402344,0.9646751729379226,1.6488066911697388,162.264892578125,1.0,1.0,0.0,1.0,0.0,0.0,0.011205327697098255,0.23314286768436432,0.0,-0.027246134355664253,0.019511176273226738,0.07935398817062378,-2.054478883743286,-1.9610830545425415,-1.8416242599487305,0.0,1.0
553984,541,8,163.67455363203464,154.625,-0.0058352559804916385,7.212332682311535,-1.6270410895347596,0.002617884885694366,0.0573486328125,1.056649673730135,52.90401256084442,2.390882968902588,6.310494422912598,40.18638610839844,33.47067642211914,37.79550552368164,36.086307525634766,0.9644534163598689,1.9223401546478271,169.5072021484375,0.95,1.0,0.0,1.0,0.0,0.0,-0.0009617884061299264,0.2376331388950348,0.0,-0.02772083692252636,0.01936236023902893,0.07954254746437073,-2.0554275512695312,-1.9613832235336304,-1.8412495851516724,0.0,1.0
555008,542,8,140.09361331531898,122.5,-0.005821417173137888,5.694290354847908,-1.624529767036438,0.0051210150340921246,0.063525390625,0.8376614466309548,26.59872171878815,-1.4067225456237793,4.80600643157959,43.48974609375,27.272356033325195,44.89646911621094,27.03652572631836,0.9689455808556362,1.4051263332366943,65.07154083251953,0.975,1.0,0.0,1.0,0.0,0.0,-0.007170284166932106,0.23471540212631226,0.0,-0.025320235639810562,0.020493587478995323,0.0794977992773056,-2.0506296157836914,-1.959119200706482,-1.8413385152816772,0.0,1.0
556032,543,7,125.52388050883337,128.85714285714286,-0.00548770374734886,3.023125407844782,-1.6216174632310867,0.005071389030490536,0.0606201171875,0.999993859231472,31.677360916137694,0.4063294231891632,4.44114875793457,41.43044662475586,30.646377563476562,41.02411651611328,29.968904495239258,0.9789993683457736,1.8763716220855713,119.16255950927734,1.0,1.0,0.0,1.0,0.0,0.0,0.012880478985607624,0.23405012488365173,0.0,-0.02655918151140213,0.019881198182702065,0.07933689653873444,-2.0531058311462402,-1.960344910621643,-1.8416582345962524,0.0,1.0
557056,544,8,128.36346777585393,121.875,-0.007018368470016867,6.688797017931938,-1.6267877995967865,0.006567493209149689,0.073974609375,0.8519497253000736,33.71960635185242,-1.1656239032745361,5.5222883224487305,43.83003234863281,32.50788879394531,44.99565124511719,30.767112731933594,0.971142371870902,1.5517557859420776,97.72499084472656,0.975,1.0,0.0,1.0,0.0,0.0,0.034155312925577164,0.23544913530349731,0.0,-0.02985971048474312,0.01914980262517929,0.07879235595464706,-2.059701681137085,-1.9618024826049805,-1.842740535736084,0.0,1.0
558080,545,7,141.84403900857288,136.42857142857142,-0.003835643327329308,3.751117007434368,-1.631469902396202,0.004095414908078965,0.0353271484375,0.8628116525709629,35.420284795761106,-0.18888360261917114,4.875922679901123,45.14763259887695,31.059276580810547,45.336517333984375,31.072689056396484,0.9753548784647069,1.8667572736740112,122.9604721069336,0.975,1.0,0.0,1.0,0.0,0.0,0.02399594523012638,0.22688519954681396,0.0,-0.031243782490491867,0.018120894208550453,0.07918629795312881,-2.062467336654663,-1.9638633728027344,-1.8419575691223145,0.0,1.0
559104,546,8,139.398627146441,145.25,-0.004006696678698063,5.078095871210098,-1.634563085436821,0.0031953413228620773,0.039208984375,0.9752807229757309,39.25348360538483,-1.4560520648956299,5.070817947387695,40.76592254638672,33.488250732421875,42.22197341918945,32.561912536621094,0.9770717403811019,1.5096181631088257,108.39424133300781,0.975,1.0,0.0,1.0,0.0,0.0,0.028366317972540855,0.23383484780788422,0.0,-0.029567750170826912,0.018436269834637642,0.0795021802186966,-2.0591182708740234,-1.9632352590560913,-1.84132981300354,0.0,1.0
560128,547,6,144.86750669141088,134.5,-0.004150548874167726,5.139206352829933,-1.6346397429704667,0.004986554688366595,0.0492431640625,0.9978693634271621,41.568953490257265,0.39664313197135925,5.4032883644104,39.95531463623047,32.84237289428711,39.55867004394531,34.009342193603516,0.9729325584068507,1.6233210563659668,133.36744689941406,1.0,1.0,0.0,1.0,0.0,0.0,0.019234763458371162,0.23591916263103485,0.0,-0.03026837855577469,0.017658378928899765,0.08008155971765518,-2.060518264770508,-1.964790940284729,-1.840178370475769,0.0,1.0
561152,548,9,141.54100421360636,130.22222222222223,-0.0038466280326247214,2.443084805458784,-1.6383450508117676,0.004376000761112664,0.0369384765625,0.9713879905641079,28.107121407985687,1.02117121219635,3.8548035621643066,38.15917205810547,31.536991119384766,37.13800048828125,33.01776885986328,0.9850595398931401,2.008817672729492,101.94419860839844,0.975,1.0,0.0,1.0,0.0,0.0,0.023375509306788445,0.23562978208065033,0.0,-0.030155347660183907,0.017374984920024872,0.08259150385856628,-2.0602924823760986,-1.9653676748275757,-1.8351916074752808,0.0,1.0
562176,549,7,141.81252562759911,121.42857142857143,-0.0071951620164327325,3.9000934585928917,-1.6434741020202637,0.005641234437644016,0.065673828125,0.9807147353887558,32.086255884170534,-0.005569159984588623,4.871610164642334,41.157814025878906,30.9334774017334,41.16338348388672,32.57661819458008,0.9751979478659724,1.4554051160812378,106.64640808105469,1.0,1.0,0.0,1.0,0.0,0.0,0.02803722582757473,0.23442497849464417,0.0,-0.03208426386117935,0.01564027927815914,0.08073209971189499,-2.0641465187072754,-1.9688282012939453,-1.8388856649398804,0.0,1.0
563200,550,7,163.54210303444552,142.28571428571428,-0.005237140983808786,5.921893468499183,-1.6551676958799362,0.0055340399383567275,0.0451904296875,0.91997240036726,57.20150973796844,2.0492303371429443,5.9273600578308105,41.824676513671875,31.33306884765625,39.77544403076172,35.10365676879883,0.9642137020124846,1.4058916568756104,204.33404541015625,1.0,1.0,0.0,1.0,0.0,0.0,0.01722530461847782,0.22852036356925964,0.0,-0.03255981579422951,0.013861500658094883,0.07925496250391006,-2.065096616744995,-1.9723796844482422,-1.8418211936950684,0.0,1.0
564224,551,8,148.38007016729006,144.375,-0.005930786882527172,3.103713379055262,-1.6616374135017395,0.003344958362868056,0.041845703125,0.9479388669133186,34.11052353382111,1.9415702819824219,4.305077075958252,42.26957702636719,32.747798919677734,40.328006744384766,34.53060531616211,0.9827178582426344,1.6914751529693604,125.78984069824219,1.0,1.0,0.0,1.0,0.0,0.0,-0.0013769151410087943,0.2509582042694092,0.0,-0.03124888986349106,0.013560463674366474,0.07841312885284424,-2.0624773502349854,-1.9729777574539185,-1.8434944152832031,0.0,1.0
565248,552,8,149.49603423738608,136.0,-0.005197833123384043,3.497331088781357,-1.6648469984531402,0.005616759975964669,0.0484130859375,0.9925110310316085,30.202570056915285,0.18690036237239838,4.657135963439941,44.116539001464844,31.73320960998535,43.92964172363281,32.28239440917969,0.9784617797230079,1.4379981756210327,95.55747985839844,1.0,1.0,0.0,1.0,0.0,0.0,0.012575247325003147,0.24340686202049255,0.0,-0.031789299100637436,0.012433809228241444,0.0768435150384903,-2.0635571479797363,-1.9752260446548462,-1.8466147184371948,0.0,1.0
566272,553,8,140.5728560482076,128.75,-0.00423286659643054,6.832663640379906,-1.6699342727661133,0.0038859906111611054,0.0507568359375,0.8072275541722774,37.95626246929169,-2.043732166290283,5.375759124755859,38.259307861328125,30.585004806518555,40.303043365478516,29.567596435546875,0.96910682566073,1.975931167602539,110.63546752929688,0.95,1.0,0.0,1.0,0.0,0.0,0.024827053770422935,0.23792436718940735,0.0,-0.03249746933579445,0.012151055037975311,0.07635003328323364,-2.064972162246704,-1.975789189338684,-1.8475959300994873,0.0,1.0
567296,554,10,112.74503551490469,120.9,-0.005654869310092181,8.35132577419281,-1.6724079877138138,0.006300379330059514,0.066650390625,0.9387422621250152,46.34057891368866,-1.8061832189559937,6.196332931518555,42.22041320800781,33.58516311645508,44.02659225463867,32.67918014526367,0.9659611789538038,1.589766025543213,170.14385986328125,1.0,1.0,0.0,1.0,0.0,0.0,0.035945337265729904,0.24779675900936127,0.0,-0.031835030764341354,0.01162214670330286,0.07498587667942047,-2.0636484622955322,-1.9768413305282593,-1.8503086566925049,0.0,1.0
568320,555,7,135.55470421570757,137.0,-0.004622788849519566,2.658739250153303,-1.6738610774278642,0.005624441907275468,0.0414794921875,0.871753292530775,25.862469685077667,0.07146573066711426,4.142149925231934,38.740333557128906,35.795597076416016,38.66886901855469,36.603492736816406,0.9866096351602422,1.3648993968963623,80.45067596435547,0.975,1.0,0.0,1.0,0.0,0.0,0.016826577484607697,0.24297399818897247,0.0,-0.03116859495639801,0.011522650718688965,0.074631467461586,-2.06231689453125,-1.9770399332046509,-1.8510135412216187,0.0,1.0
569344,556,8,136.99320207779334,126.25,-0.005474675062578172,8.4489216029644,-1.6736090034246445,0.004037256573792547,0.05595703125,0.9091215081512928,48.02113296985626,-1.6979618072509766,6.094575881958008,43.34111404418945,32.36979293823242,45.03907775878906,32.08320999145508,0.9645507460212135,1.3298019170761108,147.7806854248047,0.925,1.0,0.0,1.0,0.0,0.0,0.03612584248185158,0.25521576404571533,0.0,-0.03223476931452751,0.011749260127544403,0.077031709253788,-2.0644471645355225,-1.9765955209732056,-1.8462406396865845,0.0,1.0
570368,557,9,127.27869129105797,126.44444444444444,-0.00456204212969169,3.648082409799099,-1.6754868566989898,0.006221292773261666,0.0490966796875,0.9968263685703278,28.932930874824525,-0.5799251794815063,4.604954719543457,43.42103576660156,31.554956436157227,44.00095748901367,31.5000057220459,0.9787031416459829,1.8132911920547485,84.32022094726562,1.0,1.0,0.0,1.0,0.0,0.0,0.020632168278098106,0.26091066002845764,0.0,-0.03246840834617615,0.010739867575466633,0.07545997202396393,-2.0649139881134033,-1.978607177734375,-1.8493658304214478,0.0,1.0
571392,558,6,145.9998657493716,136.5,-0.007260430220048875,4.000230772793293,-1.6814308762550354,0.005419634922873229,0.0669677734375,1.0319704838097095,33.257268929481505,0.3632434606552124,4.877254486083984,34.236114501953125,31.79388999938965,33.87287139892578,33.292152404785156,0.9764677457364861,2.0071308612823486,96.46278381347656,0.975,1.0,0.0,1.0,0.0,0.0,0.011018738150596619,0.25240015983581543,0.0,-0.03364373371005058,0.009765497408807278,0.07559209316968918,-2.0672621726989746,-1.9805564880371094,-1.8491030931472778,0.0,1.0
572416,559,9,115.98257771499554,123.77777777777777,-0.004697659518569708,3.6121721118688583,-1.6818884164094925,0.008070261491229757,0.0602294921875,0.9485940635204315,38.14552426338196,-2.12265944480896,4.0453314781188965,39.74870300292969,34.327232360839844,41.871360778808594,32.41536331176758,0.9861122914138807,1.6749382019042969,120.39869689941406,0.975,1.0,0.0,1.0,0.0,0.0,0.04102063551545143,0.25769734382629395,0.0,-0.03320135176181793,0.011220324784517288,0.07758352160453796,-2.066378355026245,-1.9776540994644165,-1.8451435565948486,0.0,1.0
573440,560,8,127.69940301684139,128.625,-0.0033175239339470865,6.184233114123344,-1.6741420477628708,0.0030140800939989277,0.0318603515625,1.0699070423841477,48.11357057094574,0.007091343402862549,6.38458776473999,35.96556091308594,31.931123733520508,35.958473205566406,34.72012710571289,0.96002049888306,1.6977094411849976,138.29452514648438,1.0,1.0,0.0,1.0,0.0,0.0,0.02858840487897396,0.25910550355911255,0.0,-0.03418951854109764,0.011509672738611698,0.07911240309476852,-2.068352460861206,-1.9770818948745728,-1.842104434967041,0.0,1.0
574464,561,8,128.05967787004556,115.375,-0.004429215280106291,2.5232440762221815,-1.6756687611341476,0.00299489839526359,0.0359619140625,0.9209850609302521,20.250586879253387,0.5505741834640503,3.8958356380462646,38.03525924682617,28.725740432739258,37.48468017578125,30.14634132385254,0.981606736139572,1.508321762084961,61.950103759765625,1.0,1.0,0.0,1.0,0.0,0.0,0.04072471335530281,0.23991602659225464,0.0,-0.03514751046895981,0.010947488248348236,0.07915202528238297,-2.070266008377075,-1.9782055616378784,-1.8420257568359375,0.0,1.0
575488,562,7,113.61456790737915,128.0,-0.00402993718162179,3.8506334215402602,-1.6779261112213135,0.005558854666014667,0.0481689453125,1.0365466833114625,31.551120781898497,-0.29454073309898376,4.714485168457031,34.779212951660156,31.417070388793945,35.073753356933594,32.18409729003906,0.9774816145136319,1.6741652488708496,104.79177856445312,1.0,1.0,0.0,1.0,0.0,0.0,0.021906182169914246,0.26518091559410095,0.0,-0.036410968750715256,0.011082406155765057,0.07805177569389343,-2.0727896690368652,-1.9779306650161743,-1.8442126512527466,0.0,1.0
576512,563,11,125.36965662647225,120.54545454545455,-0.0063610303564928476,4.020910066366196,-1.676605448126793,0.007770385952608194,0.05625,1.0898330122232438,38.357346415519714,-1.0287774801254272,4.462070941925049,40.782630920410156,32.54075241088867,41.81140899658203,32.081172943115234,0.9811974093422434,1.6848679780960083,129.3896484375,1.0,1.0,0.0,1.0,0.0,0.0,0.019221967086195946,0.2621553838253021,0.0,-0.038312770426273346,0.011146237142384052,0.0781603530049324,-2.0765881538391113,-1.9778012037277222,-1.8439968824386597,0.0,1.0
577536,564,8,126.45802750300463,114.5,-0.0045725200907327235,3.5452512338757516,-1.6784934222698211,0.006058573530754075,0.0456787109375,1.0840863928198814,30.93165147304535,-0.244648277759552,4.40097713470459,41.267127990722656,30.843408584594727,41.51177978515625,31.780481338500977,0.9796402010408392,1.7493305206298828,123.135986328125,1.0,1.0,0.0,1.0,0.0,0.0,0.020208457484841347,0.2694185972213745,0.0,-0.04035864770412445,0.010263564065098763,0.07723972946405411,-2.0806734561920166,-1.9795608520507812,-1.8458269834518433,0.0,1.0
578560,565,7,122.72777600263791,124.28571428571429,-0.003755118069238961,15.029339700937271,-1.6850082129240036,0.001954990597732831,0.036328125,0.9061864525079727,60.61740064620972,-0.026356875896453857,8.376404762268066,42.23395919799805,30.260990142822266,42.26031494140625,32.09978103637695,0.9233787650689103,1.4870412349700928,174.1249237060547,1.0,1.0,0.0,1.0,0.0,0.0,0.01976809836924076,0.25105729699134827,0.0,-0.042745187878608704,0.009200501255691051,0.07852589339017868,-2.0854382514953613,-1.9816890954971313,-1.843270182609558,0.0,1.0
579584,566,8,146.73697890893203,136.875,-0.0054130037184222605,7.733965846896171,-1.6896204560995103,0.00661339024809422,0.0702880859375,1.1771378889679909,38.03943610191345,-0.22332638502120972,6.130924701690674,38.64682388305664,30.992902755737305,38.87015151977539,30.85805320739746,0.9608684141474233,2.199394941329956,87.42601776123047,1.0,1.0,0.0,1.0,0.0,0.0,0.024948304519057274,0.2638084292411804,0.0,-0.042870331555604935,0.008770552463829517,0.07829292863607407,-2.0856881141662598,-1.9825477600097656,-1.843733310699463,0.0,1.0
580608,567,9,126.08655590395587,129.11111111111111,-0.00484822248108685,2.821912778913975,-1.690584883093834,0.0049231026860070415,0.068994140625,0.9821949161589145,25.872800529003143,-0.3141166865825653,4.067755699157715,36.17258834838867,30.84733772277832,36.48670959472656,30.474557876586914,0.9826110152650005,1.8131623268127441,85.47781372070312,0.95,1.0,0.0,1.0,0.0,0.0,0.020305708050727844,0.24720799922943115,0.0,-0.04180583357810974,0.00884504709392786,0.07652369886636734,-2.0835630893707275,-1.98239266872406,-1.8472506999969482,0.0,1.0
581632,568,8,130.9898135543111,119.125,-0.00459985404741019,1.8112670756876468,-1.6941907912492753,0.007548694995057304,0.0618896484375,0.9424745053052902,22.449984538555146,0.3223991394042969,3.5356462001800537,41.611106872558594,28.275102615356445,41.28870391845703,29.242916107177734,0.9843638721408631,1.6137239933013916,70.74176788330078,1.0,1.0,0.0,1.0,0.0,0.0,0.017072709277272224,0.2500873804092407,0.0,-0.04117712378501892,0.007019088137894869,0.07212774455547333,-2.082307815551758,-1.986029028892517,-1.8559941053390503,0.0,1.0
582656,569,8,124.02763549068641,139.0,-0.0043773581914138045,3.00500573515892,-1.7042659938335418,0.005810270171787124,0.0624755859375,1.171974204480648,27.971534991264342,-0.5117549896240234,4.049439907073975,28.40378761291504,32.0005989074707,28.915542602539062,31.744338989257812,0.9839869619997169,1.9772659540176392,83.62358856201172,0.975,1.0,0.0,1.0,0.0,0.0,0.021957864984869957,0.257426381111145,0.0,-0.041693758219480515,0.006287658587098122,0.07122254371643066,-2.083339214324951,-1.9874881505966187,-1.857795238494873,0.0,1.0
583680,570,8,111.22900729153032,111.375,-0.006435007438994944,3.766142101585865,-1.7056643545627594,0.006830824463395402,0.0569091796875,1.05064827054739,29.789797210693358,-1.0058436393737793,4.609273910522461,41.61627960205078,29.25532341003418,42.62212371826172,29.041011810302734,0.9751769434779116,2.154057264328003,99.11617279052734,0.975,1.0,0.0,1.0,0.0,0.0,0.033101025968790054,0.2526264488697052,0.0,-0.04305532947182655,0.0063204835169017315,0.0727720856666565,-2.086057424545288,-1.9874266386032104,-1.8547122478485107,0.0,1.0
584704,571,8,133.2791939886609,136.375,-0.0065823097480461005,4.273747199773789,-1.7063696742057801,0.005897074767563027,0.064697265625,1.044376875460148,30.583482909202576,0.25433334708213806,4.985937595367432,30.672771453857422,29.44991683959961,30.418439865112305,31.164705276489258,0.9713367392627097,1.6248809099197388,87.52918243408203,1.0,1.0,0.0,1.0,0.0,0.0,0.03021390177309513,0.27258986234664917,0.0,-0.04266030341386795,0.005804296582937241,0.07206659018993378,-2.085268974304199,-1.9884568452835083,-1.8561158180236816,0.0,1.0
585728,572,10,102.82734296869037,93.1,-0.006873988651204854,4.679210226237774,-1.7071575284004212,0.004456563644635025,0.0574951171875,0.9267014145851136,37.57415475845337,-1.3459105491638184,4.904844760894775,44.906803131103516,25.984155654907227,46.25271224975586,24.961977005004883,0.9643685665962778,1.6320774555206299,123.40888214111328,0.975,1.0,0.0,1.0,0.0,0.0,0.028043732047080994,0.2502567172050476,0.0,-0.03918510675430298,0.006607058923691511,0.07056483626365662,-2.0783300399780273,-1.9868497848510742,-1.8591041564941406,0.0,1.0
586752,573,8,118.67695808531863,128.0,-0.0059528651996515695,6.393396934866905,-1.703012192249298,0.004219947521050926,0.077294921875,1.0519568011164666,35.86193492412567,-0.9676114320755005,5.475795269012451,34.18992233276367,33.16730499267578,35.157535552978516,32.81816482543945,0.9727432520239073,1.9574737548828125,113.00983428955078,1.0,1.0,0.0,1.0,0.0,0.0,0.043769270181655884,0.28571176528930664,0.0,-0.0388885959982872,0.0066935233771800995,0.0715765655040741,-2.077738046646118,-1.986680507659912,-1.8570908308029175,0.0,1.0
587776,574,9,139.62309374318795,119.22222222222223,-0.004632720834342763,3.972627004981041,-1.7040675640106202,0.0047791030650842,0.0525390625,1.025817935913801,45.30557099580765,2.084700584411621,5.264878749847412,39.45010757446289,28.74945640563965,37.36540603637695,30.459461212158203,0.9664635136028732,2.044323205947876,161.98687744140625,0.975,1.0,0.0,1.0,0.0,0.0,0.019228627905249596,0.24528281390666962,0.0,-0.039958346635103226,0.006380521226674318,0.0724768191576004,-2.079874277114868,-1.9873086214065552,-1.8552995920181274,0.0,1.0
588800,575,9,120.29759046276848,125.22222222222223,-0.0036151425389107316,7.316861161589623,-1.7038818776607514,0.00540680784615688,0.042333984375,1.0894369207322598,45.6790070772171,-1.8347995281219482,5.91328239440918,37.1439094543457,32.607948303222656,38.97871017456055,31.771432876586914,0.9671140522237626,2.03266978263855,132.2356719970703,0.975,1.0,0.0,1.0,0.0,0.0,0.012313042767345905,0.267218679189682,0.0,-0.04016086086630821,0.0070114582777023315,0.0734134092926979,-2.0802786350250244,-1.9860496520996094,-1.8534363508224487,0.0,1.0
589824,576,8,120.62571969689293,109.375,-0.006135240057483315,8.203981894254685,-1.6970654636621476,0.008205875453131738,0.06416015625,0.9899609312415123,58.789632487297055,-0.1354566216468811,6.9830403327941895,43.067344665527344,27.023468017578125,43.20280456542969,28.230684280395508,0.9332260629748598,1.656416893005371,188.00169372558594,1.0,1.0,0.0,1.0,0.0,0.0,0.01746114157140255,0.250385046005249,0.0,-0.03786710649728775,0.008565263822674751,0.07656870782375336,-2.075698137283325,-1.9829565286636353,-1.8471611738204956,0.0,1.0
590848,577,10,121.05754013705148,115.7,-0.003927933727391064,7.65406685769558,-1.694324779510498,0.0032029951937147414,0.0415771484375,0.9598391979932785,42.59385771751404,-0.7555578947067261,6.327588081359863,42.99693298339844,33.83616256713867,43.75249099731445,34.842044830322266,0.9650285042797941,1.5817171335220337,135.65542602539062,1.0,1.0,0.0,1.0,0.0,0.0,0.03326670452952385,0.2575892508029938,0.0,-0.03810492902994156,0.007220863830298185,0.07488323748111725,-2.0761730670928955,-1.9856377840042114,-1.8505128622055054,0.0,1.0
591872,578,7,137.8255517276954,121.28571428571429,-0.005993726727319881,4.917503573000431,-1.7019751042127609,0.003954556013923138,0.0360107421875,0.9984330609440804,32.15993148088455,0.9474692344665527,5.229587554931641,40.96635818481445,28.215011596679688,40.018890380859375,28.32341957092285,0.9656462304344684,1.7482991218566895,78.04058837890625,1.0,1.0,0.0,1.0,0.0,0.0,0.026057712733745575,0.22224737703800201,0.0,-0.03800776228308678,0.006947117391973734,0.07467134296894073,-2.075978994369507,-1.9861847162246704,-1.8509342670440674,0.0,1.0
592896,579,8,137.56855855264578,142.375,-0.004116059083025902,4.559094792604446,-1.7002666503190995,0.004927221017715056,0.053662109375,1.1703475423157215,30.264670729637146,-0.28547555208206177,4.916293144226074,34.4709587097168,30.38368034362793,34.756431579589844,29.496723175048828,0.9738184855911906,1.947806715965271,117.2640151977539,0.975,1.0,0.0,1.0,0.0,0.0,0.029465200379490852,0.2617504596710205,0.0,-0.03950921446084976,0.007495491299778223,0.07588981837034225,-2.078977346420288,-1.9850908517837524,-1.8485110998153687,0.0,1.0
593920,580,7,120.28344979268626,132.0,-0.00576364864828065,4.30004458129406,-1.698920902609825,0.005919529353559483,0.0461669921875,0.9900872126221657,33.10769613981247,0.043571531772613525,4.882623195648193,32.989166259765625,33.949066162109375,32.945594787597656,35.03938293457031,0.9793152281032725,2.0248842239379883,101.99555969238281,1.0,1.0,0.0,1.0,0.0,0.0,-0.002781126881018281,0.2522650957107544,0.0,-0.04150962084531784,0.007220168132334948,0.07505078613758087,-2.0829715728759766,-1.985636591911316,-1.850179672241211,0.0,1.0
594944,581,10,137.22728727021334,114.5,-0.00580265432363376,9.406218403577805,-1.7026181817054749,0.0055929336725967,0.03779296875,0.9439829245209694,48.349200344085695,0.6975456476211548,7.029170513153076,44.65391540527344,30.95310401916504,43.95636749267578,34.0063591003418,0.9484296864824011,1.5619375705718994,156.0987091064453,1.0,1.0,0.0,1.0,0.0,0.0,0.0068129790015518665,0.24930286407470703,0.0,-0.04272269830107689,0.0062425266951322556,0.0746345967054367,-2.0853934288024902,-1.9875894784927368,-1.851007342338562,0.0,1.0
595968,582,7,131.81995258897007,139.71428571428572,-0.0034507226315326988,2.0913871467113494,-1.7080730468034744,0.0031466480999370106,0.0377197265625,1.0043830782175065,29.2766206741333,0.8711069822311401,3.7220067977905273,30.411012649536133,29.859041213989258,29.53990364074707,31.295236587524414,0.984461733190774,1.6730740070343018,112.35911560058594,1.0,1.0,0.0,1.0,0.0,0.0,-0.010176077485084534,0.241032212972641,0.0,-0.04246439412236214,0.005573593080043793,0.07551980763673782,-2.0848777294158936,-1.9889298677444458,-1.849246859550476,0.0,1.0
596992,583,7,124.46099168704644,130.57142857142858,-0.0063095603720285,3.778519693762064,-1.7153581023216247,0.0023742660821881147,0.039013671875,0.944362285733223,29.6859299659729,1.1629552841186523,4.589507102966309,35.36351013183594,29.471637725830078,34.20055389404297,29.919740676879883,0.9757493383007829,1.3721543550491333,101.74531555175781,1.0,1.0,0.0,1.0,0.0,0.0,0.01361887902021408,0.24380800127983093,0.0,-0.04411434754729271,0.003538773162290454,0.0749964714050293,-2.0881714820861816,-1.9929949045181274,-1.850287675857544,0.0,1.0
598016,584,8,136.9690909433525,132.375,-0.002583706844598055,4.925372155010701,-1.7246563762426377,0.002845643051841762,0.0322265625,1.1649813950061798,27.686059975624083,0.6445696949958801,4.670580863952637,39.33552169799805,33.0943717956543,38.69095230102539,33.36701965332031,0.9800825598546774,2.0099644660949707,81.45870971679688,1.0,1.0,0.0,1.0,0.0,0.0,-0.003121851710602641,0.24109482765197754,0.0,-0.04337676987051964,0.0028958984185010195,0.07486791163682938,-2.0866992473602295,-1.994280457496643,-1.8505432605743408,0.0,1.0
599040,585,8,141.73257707685678,132.0,-0.007964692485984415,4.7794797495007515,-1.727798718214035,0.007639006411773152,0.0705078125,0.9779075875878334,31.367098784446718,1.0739786624908447,4.94183349609375,37.386375427246094,32.106876373291016,36.31239318847656,32.21833419799805,0.9763091786844886,1.926289439201355,80.78472137451172,1.0,1.0,0.0,1.0,0.0,0.0,-0.00044460780918598175,0.2573069632053375,0.0,-0.04425434395670891,0.002152122789993882,0.0731649249792099,-2.0884509086608887,-1.9957609176635742,-1.8539307117462158,0.0,1.0
600064,586,8,126.60117018074772,127.875,-0.0053265009191818535,6.299472963809967,-1.7329999297857284,0.005633297079475597,0.056396484375,1.0752833858132362,40.87616024017334,-1.6789352893829346,5.327089309692383,35.156898498535156,30.073854446411133,36.83583068847656,28.697057723999023,0.9686236963610081,2.3737897872924805,179.51620483398438,1.0,1.0,0.0,1.0,0.0,0.0,0.009107313118875027,0.23463429510593414,0.0,-0.04441529139876366,0.0014604596653953195,0.07045244425535202,-2.0887722969055176,-1.997134804725647,-1.859327793121338,0.0,1.0
601088,587,8,119.70173904551645,121.0,-0.004524931835476309,6.260151126980782,-1.7324902147054673,0.0034057289609336293,0.0562744140625,1.0392486676573753,35.171334743499756,2.0641894340515137,5.4342570304870605,34.91297912597656,29.83583641052246,32.848793029785156,31.736980438232422,0.9668255314194447,1.9535622596740723,105.00078582763672,1.0,1.0,0.0,1.0,0.0,0.0,0.007486552000045776,0.24791324138641357,0.0,-0.04423621669411659,0.00230657821521163,0.071775883436203,-2.0884146690368652,-1.9954479932785034,-1.856694221496582,0.0,1.0
602112,588,8,150.42707015211798,136.375,-0.0045459194807335734,2.8254763901233675,-1.7299476206302642,0.0020316257723607123,0.0528076171875,1.093714650720358,28.497663688659667,1.2237036228179932,4.180413246154785,41.78828430175781,27.93359375,40.5645866394043,28.579118728637695,0.9776032631587644,1.7879589796066284,86.80159759521484,0.975,1.0,0.0,1.0,0.0,0.0,0.01773701421916485,0.2427341341972351,0.0,-0.0449635311961174,0.0018443920416757464,0.07171876728534698,-2.0898663997650146,-1.9963709115982056,-1.8568079471588135,0.0,1.0
603136,589,8,150.98939565560593,134.875,-0.004094109951984138,4.909477251768112,-1.7342582046985626,0.004311277806118596,0.0431396484375,0.9836358115077019,44.585474252700806,2.023426055908203,5.448203086853027,35.80095672607422,28.497203826904297,33.777530670166016,29.329782485961914,0.9634487624527206,1.9137157201766968,147.9622802734375,1.0,1.0,0.0,1.0,0.0,0.0,0.0355464406311512,0.24320489168167114,0.0,-0.0466267429292202,0.0011867714347317815,0.07189609110355377,-2.0931859016418457,-1.9976838827133179,-1.8564550876617432,0.0,1.0
604160,590,6,142.01695117571066,142.16666666666666,-0.006229389295913279,4.019102570414543,-1.7358957707881928,0.004666345535952132,0.0493408203125,1.0283543378114701,32.917551648616794,0.9179235100746155,4.955329895019531,36.17809295654297,31.52530860900879,35.26016616821289,32.46194076538086,0.975292634253424,1.681959629058838,102.76343536376953,1.0,1.0,0.0,1.0,0.0,0.0,-0.005814341362565756,0.24887791275978088,0.0,-0.04658465087413788,0.0014184328028932214,0.0734458714723587,-2.093101978302002,-1.9972261190414429,-1.8533718585968018,0.0,1.0
605184,591,8,122.28366142943926,130.5,-0.006838790618348867,2.3427275374531744,-1.7379048764705658,0.006659721843607258,0.063427734375,0.8939294338226318,22.60807901620865,0.8501731753349304,3.6202280521392822,42.455101013183594,31.628843307495117,41.60492706298828,30.6773681640625,0.9868989767083629,1.5651555061340332,60.51313400268555,0.925,1.0,0.0,1.0,0.0,0.0,0.0036180175375193357,0.22421929240226746,0.0,-0.04728223755955696,1.3299868442118168e-05,0.07209672778844833,-2.094494104385376,-2.0000298023223877,-1.8560558557510376,0.0,1.0
606208,592,8,165.58470095248515,137.125,-0.0032678866758942605,4.762616835534573,-1.7480673342943192,0.00330092785297893,0.0281982421875,0.8935383148491383,60.23396227359772,2.6021742820739746,5.2492594718933105,44.731807708740234,31.591941833496094,42.129638671875,34.78816223144531,0.9723914594682646,1.6741174459457397,230.0300750732422,0.975,1.0,0.0,1.0,0.0,0.0,0.0024997286964207888,0.23675844073295593,0.0,-0.0486442856490612,-0.0016072466969490051,0.07165633141994476,-2.0972118377685547,-2.003265380859375,-1.8569321632385254,0.0,1.0
607232,593,9,140.52611961983274,125.77777777777777,-0.006490777840372175,13.512455385923385,-1.7545325964689256,0.0029560051028965973,0.07646484375,0.962027782946825,58.09338338375092,-0.1925450563430786,7.747488498687744,46.907936096191406,29.495969772338867,47.10047912597656,29.318767547607422,0.9310083489890141,1.5274008512496948,158.1046600341797,0.975,1.0,0.0,1.0,0.0,0.0,-0.005525766406208277,0.2351221889257431,0.0,-0.04992316663265228,-0.001803255989216268,0.07289687544107437,-2.0997633934020996,-2.00365948677063,-1.8544639348983765,0.0,1.0
608256,594,7,139.30090555836054,121.0,-0.005131613893900067,6.403218638896942,-1.752166685461998,0.0029833144435542636,0.0543701171875,0.9844061344861984,44.602019619941714,-1.1564161777496338,5.929652690887451,41.14299774169922,26.54810905456543,42.299415588378906,26.386249542236328,0.9501125467765129,1.6830706596374512,156.16249084472656,1.0,1.0,0.0,1.0,0.0,0.0,-0.014349531382322311,0.2375379353761673,0.0,-0.04717504605650902,-0.0010954771423712373,0.07273983955383301,-2.094280242919922,-2.0022478103637695,-1.854776382446289,0.0,1.0
609280,595,8,151.08618684594876,140.125,-0.006277664168737829,4.348543408513069,-1.754923978447914,0.0033428182723582722,0.0467529296875,1.0125912189483643,48.221598875522616,2.9581050872802734,4.654712200164795,37.24639892578125,32.376136779785156,34.288291931152344,35.120994567871094,0.9793302272974501,2.2302298545837402,186.5597381591797,1.0,1.0,0.0,1.0,0.0,0.0,-0.013216433115303516,0.24449442327022552,0.0,-0.04583289101719856,-0.0033246465027332306,0.06917226314544678,-2.091601610183716,-2.006692886352539,-1.8618756532669067,0.0,1.0
610304,596,7,138.99557334272535,129.14285714285714,-0.005462613212876022,2.614835011214018,-1.7669250786304473,0.0035715099322260356,0.0470703125,1.0819677785038948,24.73700479269028,0.3265911340713501,4.0958571434021,41.66672134399414,30.928762435913086,41.340126037597656,31.301687240600586,0.9824626291997823,1.9218432903289795,82.56338500976562,1.0,1.0,0.0,1.0,0.0,0.0,0.022781142964959145,0.24844928085803986,0.0,-0.0462559349834919,-0.0042619965970516205,0.06855776906013489,-2.0924458503723145,-2.008563756942749,-1.8630988597869873,0.0,1.0
611328,597,8,148.52592136957782,133.375,-0.004163562401663512,1.8502461332827806,-1.77073093354702,0.003604512647143565,0.041259765625,1.0506916165351867,20.992403268814087,0.7656291127204895,3.3397114276885986,41.32908630371094,28.37848663330078,40.563453674316406,28.934139251708984,0.9861503275939673,1.6236145496368408,72.36402130126953,1.0,1.0,0.0,1.0,0.0,0.0,0.04458208754658699,0.22760853171348572,0.0,-0.04656181111931801,-0.00515484856441617,0.06616219878196716,-2.0930564403533936,-2.0103414058685303,-1.8678683042526245,0.0,1.0
612352,598,8,137.089364887199,129.875,-0.006211688707116992,2.196410662680864,-1.7772038459777832,0.006572300610423553,0.0570068359375,0.9342804305255413,17.20578067302704,0.3167969584465027,3.5258965492248535,42.224830627441406,29.075883865356445,41.90803527832031,29.380617141723633,0.9852947197616447,1.372994065284729,51.03190612792969,0.975,1.0,0.0,1.0,0.0,0.0,0.04667826369404793,0.230878084897995,0.0,-0.04810216277837753,-0.006150316912680864,0.06413585692644119,-2.096130132675171,-2.0123255252838135,-1.871903896331787,0.0,1.0
613376,599,7,143.6461817040533,132.28571428571428,-0.005945583269931376,2.4414634071290493,-1.7826504856348038,0.005543362362368498,0.061669921875,1.0762897744774818,25.186261796951293,1.0604710578918457,3.8292150497436523,43.79452896118164,28.30598258972168,42.73405456542969,28.652280807495117,0.9816994959465186,1.956864833831787,79.95782470703125,1.0,1.0,0.0,1.0,0.0,0.0,0.03558073565363884,0.23930662870407104,0.0,-0.04898676648736,-0.006891883444041014,0.06251581013202667,-2.0978951454162598,-2.0138027667999268,-1.8751310110092163,0.0,1.0
614400,600,8,146.85467621648965,134.0,-0.004772462960681878,4.7408885836601256,-1.788093364238739,0.002733398480631877,0.0440673828125,0.9403147682547569,34.57014343738556,0.6967714428901672,5.357549667358398,43.14363098144531,29.79761505126953,42.446861267089844,30.481103897094727,0.9676726967860139,1.6527351140975952,107.67636108398438,1.0,1.0,0.0,1.0,0.0,0.0,0.02045409195125103,0.23275485634803772,0.0,-0.050527673214673996,-0.008274739608168602,0.06010884791612625,-2.1009693145751953,-2.016559600830078,-1.8799269199371338,0.0,1.0
615424,601,8,141.42751483009323,145.875,-0.004865116713335738,5.354022179543972,-1.7985739916563035,0.0050720424944302065,0.0478515625,1.0422699972987175,31.837480783462524,0.3307151198387146,5.30319356918335,36.494842529296875,35.72987747192383,36.164127349853516,35.666954040527344,0.9779701301131206,2.0453040599823,82.08150482177734,1.0,1.0,0.0,1.0,0.0,0.0,-0.005796317011117935,0.23931607604026794,0.0,-0.05129238963127136,-0.01029984187334776,0.057148054242134094,-2.102494955062866,-2.020601272583008,-1.8858281373977661,0.0,1.0
616448,602,10,133.06352577731656,118.5,-0.006676598335616291,5.428717842698097,-1.8041352778673172,0.005040689409361221,0.048974609375,1.0230301156640054,36.77507345676422,-0.8879392743110657,5.469439506530762,46.95665740966797,31.420324325561523,47.84459686279297,30.625354766845703,0.9696984880492955,1.7491357326507568,106.58623504638672,1.0,1.0,0.0,1.0,0.0,0.0,0.02441636472940445,0.24173302948474884,0.0,-0.04872279241681099,-0.00961998850107193,0.05671537667512894,-2.0973684787750244,-2.019242525100708,-1.8866907358169556,0.0,1.0
617472,603,7,137.67151324091736,129.28571428571428,-0.004798036790452898,6.152082842588425,-1.8045452803373336,0.0033852718872367403,0.054931640625,1.0867437303066254,36.82332508563995,-0.3871161639690399,5.614989280700684,41.29890060424805,28.726722717285156,41.68601989746094,27.537044525146484,0.9617945135106712,2.4159481525421143,164.15103149414062,1.0,1.0,0.0,1.0,0.0,0.0,0.0186943206936121,0.2219138890504837,0.0,-0.05174746364355087,-0.011227593757212162,0.05779968202114105,-2.103402614593506,-2.0224525928497314,-1.8845292329788208,0.0,1.0
618496,604,7,136.66508787956806,132.57142857142858,-0.005467789073009044,2.383862606436014,-1.8145362108945846,0.0045302280748728664,0.0448974609375,0.9590473294258117,23.731447076797487,-0.6872288584709167,3.919159173965454,43.435325622558594,28.281686782836914,44.12255859375,26.539926528930664,0.9807967279637039,1.400002360343933,83.85430145263672,1.0,1.0,0.0,1.0,0.0,0.0,0.027143189683556557,0.22793622314929962,0.0,-0.05388553440570831,-0.012482118792831898,0.05606269836425781,-2.1076669692993164,-2.0249557495117188,-1.8879919052124023,0.0,1.0
619520,605,7,140.73471469320845,134.42857142857142,-0.004333909665001556,4.357363867014646,-1.8173688769340515,0.005336524939048104,0.0514892578125,1.0385655030608176,30.455226922035216,0.5283617973327637,5.036099910736084,41.28392791748047,32.55839157104492,40.75556945800781,34.197479248046875,0.9760744029200387,1.7814253568649292,99.21770477294922,1.0,1.0,0.0,1.0,0.0,0.0,0.021945109590888023,0.24446380138397217,0.0,-0.053050268441438675,-0.012052349746227264,0.05393356829881668,-2.106001138687134,-2.024094820022583,-1.8922373056411743,0.0,1.0
620544,606,8,147.9705269736138,132.5,-0.004455975687596947,3.136124946922064,-1.8171385288238526,0.001331499801017344,0.0248291015625,1.0018771290779114,30.476567435264588,1.101719617843628,4.421955108642578,43.257415771484375,30.812253952026367,42.155696868896484,32.9149169921875,0.9794040529683355,1.5807838439941406,102.21436309814453,1.0,1.0,0.0,1.0,0.0,0.0,0.009967622347176075,0.23418574035167694,0.0,-0.054421890527009964,-0.013000103645026684,0.05361976847052574,-2.108736515045166,-2.0259854793548584,-1.892863154411316,0.0,1.0
621568,607,7,153.22108561718952,140.42857142857142,-0.005408798018470407,4.687867569923401,-1.8242658436298371,0.005109772614378017,0.0459716796875,0.9655505761504173,36.895133876800536,2.281780958175659,5.17764949798584,33.735595703125,31.929149627685547,31.453815460205078,34.70405960083008,0.9737039446235293,1.4744826555252075,117.1767349243164,1.0,1.0,0.0,1.0,0.0,0.0,-0.0008094527875073254,0.2246895283460617,0.0,-0.05822888761758804,-0.014156480319797993,0.05570652708411217,-2.116326332092285,-2.0282933712005615,-1.8887020349502563,0.0,1.0
622592,608,8,146.92267126171873,138.125,-0.0037374138715676962,4.402895060181618,-1.8323760807514191,0.004699015675578266,0.048583984375,0.9884551271796227,34.21127440929413,1.34136962890625,5.056759357452393,39.236595153808594,29.955059051513672,37.895225524902344,31.36827850341797,0.9715026662415118,1.764946699142456,112.43909454345703,1.0,1.0,0.0,1.0,0.0,0.0,0.03284674137830734,0.23674863576889038,0.0,-0.06214050203561783,-0.015823444351553917,0.05598898231983185,-2.1241211891174316,-2.0316174030303955,-1.8881388902664185,0.0,1.0
623616,609,7,143.04604463105082,126.28571428571429,-0.005852570902789012,2.5570382207632063,-1.8416204392910003,0.005079101458250079,0.04462890625,0.9897058829665184,24.007657408714294,1.3077540397644043,3.7943732738494873,42.441062927246094,29.30402946472168,41.13331604003906,30.297683715820312,0.9832341576065368,1.5326995849609375,92.33120727539062,1.0,1.0,0.0,1.0,0.0,0.0,-0.006878998130559921,0.22462573647499084,0.0,-0.06167124956846237,-0.01708483137190342,0.05229528620839119,-2.1231863498687744,-2.0341336727142334,-1.8955047130584717,0.0,1.0
624640,610,9,155.0567186817913,131.44444444444446,-0.00625065672211349,2.59030419960618,-1.8475099146366118,0.004779691917065065,0.0637451171875,1.1163460798561573,22.06566174030304,0.558821439743042,3.9360451698303223,39.62263488769531,28.306615829467773,39.06381607055664,28.47752571105957,0.9806650005018732,1.7874130010604858,56.95547103881836,0.975,1.0,0.0,1.0,0.0,0.0,0.016935691237449646,0.21481190621852875,0.0,-0.06231892853975296,-0.017664877697825432,0.051460206508636475,-2.124476671218872,-2.0352909564971924,-1.8971703052520752,0.0,1.0
625664,611,7,130.31674118243578,128.57142857142858,-0.0058341558848042045,2.169078744202852,-1.8530636727809906,0.005760788050247356,0.0440185546875,0.9566128566861153,29.532626247406007,1.9005980491638184,3.556990623474121,39.87757873535156,29.586347579956055,37.97698211669922,31.146760940551758,0.9855461777636506,1.8045833110809326,119.35311889648438,1.0,1.0,0.0,1.0,0.0,0.0,0.0002639681624714285,0.21826277673244476,0.0,-0.06214135140180588,-0.019372228533029556,0.04960743710398674,-2.1241230964660645,-2.0386950969696045,-1.9008663892745972,0.0,1.0
626688,612,7,164.0035377489574,138.71428571428572,-0.00549063227372244,3.5395677477121352,-1.8634693622589111,0.007184433842485305,0.06669921875,1.0928432434797286,43.383241045475,2.05582857131958,4.377350807189941,44.659873962402344,29.056894302368164,42.604042053222656,31.624387741088867,0.9773053067708363,2.2958879470825195,162.53273010253906,1.0,1.0,0.0,1.0,0.0,0.0,-0.004752887412905693,0.22255149483680725,0.0,-0.0626240223646164,-0.02062375470995903,0.04775470122694969,-2.125084638595581,-2.0411925315856934,-1.9045631885528564,0.0,1.0
627712,613,9,147.32270705764472,139.22222222222223,-0.006182279158383608,3.6748037442564963,-1.8697399884462356,0.009613881063705776,0.064306640625,0.9777392625808716,28.286916410923006,0.9613046646118164,4.453080177307129,40.02095031738281,30.420835494995117,39.05964660644531,30.227561950683594,0.9785721442059586,2.072880268096924,82.18525695800781,1.0,1.0,0.0,1.0,0.0,0.0,0.003748960793018341,0.21959133446216583,0.0,-0.06400255113840103,-0.021519744768738747,0.04804736003279686,-2.1278305053710938,-2.0429794788360596,-1.9039791822433472,0.0,1.0
628736,614,8,136.3098018832618,139.25,-0.0056450881413184105,2.550085785984993,-1.8703235298395158,0.0062074037356069315,0.0654052734375,1.0253450229763985,16.50978753566742,-0.6428261995315552,3.6760573387145996,39.227783203125,34.256622314453125,39.87061309814453,32.870357513427734,0.9884846934864662,1.4501525163650513,48.23086929321289,1.0,1.0,0.0,1.0,0.0,0.0,0.004083594772964716,0.23465649783611298,0.0,-0.06359624862670898,-0.02073160745203495,0.04958190768957138,-2.127021312713623,-2.0414083003997803,-1.900917410850525,0.0,1.0
629760,615,8,128.58720175558716,132.0,-0.004699456819798798,6.54704150557518,-1.8676102310419083,0.0081885733481613,0.058447265625,0.9536102518439293,33.897442722320555,-2.151251792907715,5.243910789489746,39.71320724487305,31.61644172668457,41.86445999145508,30.763938903808594,0.9724903819666995,1.67597234249115,105.19977569580078,1.0,1.0,0.0,1.0,0.0,0.0,0.01613716222345829,0.23783808946609497,0.0,-0.06284907460212708,-0.0209646075963974,0.050702620297670364,-2.125532865524292,-2.04187273979187,-1.8986815214157104,0.0,1.0
630784,616,8,137.04589088086144,123.625,-0.006138978485250845,3.682955838739872,-1.8698300272226334,0.0071752923191525046,0.0628173828125,0.8906753972172737,40.45473402738571,1.405784249305725,4.795772552490234,40.216514587402344,29.22818946838379,38.81072998046875,31.62222671508789,0.9730776254022778,1.7498122453689575,166.84446716308594,1.0,1.0,0.0,1.0,0.0,0.0,-0.0037697202060371637,0.22523550689220428,0.0,-0.06293356418609619,-0.021372787654399872,0.04908955097198486,-2.1257011890411377,-2.0426902770996094,-1.9018996953964233,0.0,1.0
631808,617,8,134.05743354400653,128.0,-0.008109027333557606,7.676998725533485,-1.871080219745636,0.009092889103339986,0.08583984375,1.025295938551426,46.36991639137268,-0.3300316035747528,6.429111957550049,37.98072814941406,32.467994689941406,38.310760498046875,32.51435470581055,0.9607905225958363,1.8261529207229614,125.71673583984375,1.0,1.0,0.0,1.0,0.0,0.0,0.009168879128992558,0.22627659142017365,0.0,-0.0618404783308506,-0.021062565967440605,0.04979622736573219,-2.123523473739624,-2.042071580886841,-1.9004898071289062,0.0,1.0
632832,618,5,142.01267323967573,151.8,-0.006402622780296951,3.801179441809654,-1.8693230599164963,0.0054355515239876695,0.0520263671875,0.9667832463979721,29.44609891176224,0.3941572904586792,4.499810695648193,31.515254974365234,34.02469253540039,31.1210994720459,34.37235641479492,0.9825095883949635,1.4825712442398071,93.15816497802734,1.0,1.0,0.0,1.0,0.0,0.0,0.0004792863910552114,0.21274077892303467,0.0,-0.06170513853430748,-0.021261587738990784,0.04984194040298462,-2.12325382232666,-2.042469024658203,-1.9003986120224,0.0,1.0
633856,619,8,142.75765200834203,134.75,-0.004000528383767232,6.687198787927628,-1.8746946632862092,0.0010162415404920467,0.0282958984375,0.9090109273791314,30.592591977119447,0.9731056690216064,5.762219429016113,40.87834930419922,30.399168014526367,39.905242919921875,32.9340705871582,0.964070083629257,1.6500287055969238,96.02467346191406,1.0,1.0,0.0,1.0,0.0,0.0,-0.0031413889955729246,0.21318984031677246,0.0,-0.06239861249923706,-0.02290482632815838,0.04676971212029457,-2.1246354579925537,-2.045745849609375,-1.9065287113189697,0.0,1.0
634880,620,7,144.7477275890505,143.42857142857142,-0.005779672879725695,4.149717815965414,-1.886959308385849,0.007652875773783307,0.069921875,1.167090581357479,25.85589498281479,1.0354268550872803,4.806300163269043,36.581443786621094,31.814279556274414,35.54601287841797,32.9941520690918,0.9771767436290084,1.997443675994873,73.02088928222656,1.0,1.0,0.0,1.0,0.0,0.0,0.019873203709721565,0.2223452776670456,0.0,-0.06451605260372162,-0.02511517144739628,0.04367924854159355,-2.1288533210754395,-2.050151824951172,-1.9126970767974854,0.0,1.0
635904,621,8,135.52230332910045,126.375,-0.004874689481221139,5.520574271678925,-1.8950937718153,0.004342661527334713,0.06484375,1.056623935699463,28.8833731174469,-1.3362852334976196,4.964693069458008,45.64161682128906,29.404922485351562,46.9779052734375,28.754358291625977,0.9714934422565409,2.0443687438964844,86.41878509521484,0.975,1.0,0.0,1.0,0.0,0.0,0.0356404148042202,0.21148036420345306,0.0,-0.06491397321224213,-0.025319399312138557,0.0447402186691761,-2.129645824432373,-2.0505590438842773,-1.9105792045593262,0.0,1.0
636928,622,8,140.00835006620903,127.875,-0.004236582637531683,2.63806214928627,-1.8956567585468291,0.005039645900251344,0.05390625,1.0234489858150482,20.81436163187027,0.1480196714401245,3.9528610706329346,41.131256103515625,31.849266052246094,40.98323059082031,31.88304328918457,0.9845963286636743,1.6261876821517944,57.42266082763672,0.975,1.0,0.0,1.0,0.0,0.0,0.028443152084946632,0.21881970763206482,0.0,-0.06485480815172195,-0.025784259662032127,0.04539041221141815,-2.129528045654297,-2.0514862537384033,-1.9092814922332764,0.0,1.0
637952,623,9,150.0338491469198,135.33333333333334,-0.006484036799520254,2.777010643482208,-1.900287926197052,0.0046957505095633675,0.0647705078125,1.0749005578458308,22.646956157684325,1.419843077659607,4.146631717681885,43.94765853881836,31.79384422302246,42.52781677246094,33.4267578125,0.9829899808425651,2.1091012954711914,66.54535675048828,0.975,1.0,0.0,1.0,0.0,0.0,0.01277113240212202,0.2026851624250412,0.0,-0.06460388004779816,-0.026702940464019775,0.043118271976709366,-2.1290283203125,-2.0533204078674316,-1.9138168096542358,0.0,1.0
638976,624,8,151.75060228358836,147.875,-0.006287101510679349,3.802606725692749,-1.9036693423986435,0.006251972104655579,0.061376953125,1.0312729053199292,37.29590981006622,1.7779834270477295,4.820736408233643,33.79308319091797,30.88099479675293,32.01510238647461,32.910526275634766,0.9756306365073041,1.7511242628097534,127.52875518798828,0.975,1.0,0.0,1.0,0.0,0.0,-0.009958555921912193,0.22000768780708313,0.0,-0.06500640511512756,-0.026825709268450737,0.0424380823969841,-2.1298298835754395,-2.0535659790039062,-1.9151747226715088,0.0,1.0
640000,625,7,142.62155728297307,118.85714285714286,-0.003867416153661907,4.481703270226717,-1.9075255334377288,0.003696196831879206,0.0391357421875,1.0336092300713062,39.34406579732895,2.3700203895568848,4.874897480010986,41.102378845214844,28.09046745300293,38.732357025146484,30.85161018371582,0.969882904541174,1.5282676219940186,158.61236572265625,0.975,1.0,0.0,1.0,0.0,0.0,0.019985446706414223,0.2201939970254898,0.0,-0.06487461924552917,-0.028486093506217003,0.03989129140973091,-2.1295676231384277,-2.0568783283233643,-1.920259714126587,0.0,1.0
641024,626,7,148.71744747529988,136.57142857142858,-0.00720216721529141,4.140157389640808,-1.9150353044271469,0.005159972130786628,0.0654052734375,0.9711413450539113,28.5228741645813,-0.15211427211761475,4.809668064117432,43.5233268737793,28.09897804260254,43.67544174194336,27.58145523071289,0.9707012462713032,1.7085015773773193,80.60501098632812,0.95,1.0,0.0,1.0,0.0,0.0,0.01766791380941868,0.2185087651014328,0.0,-0.06369530409574509,-0.028696708381175995,0.039598919451236725,-2.127218723297119,-2.0572969913482666,-1.920843482017517,0.0,1.0
642048,627,8,135.4172218208492,125.25,-0.004922068188898265,3.564646853506565,-1.9164964705705643,0.004371355570037849,0.034814453125,1.0262174606323242,27.80089772939682,0.42606133222579956,4.553171634674072,47.37095642089844,31.019262313842773,46.944889068603516,31.78281021118164,0.9784540760430579,1.4567451477050781,89.87578582763672,1.0,1.0,0.0,1.0,0.0,0.0,0.013318512588739395,0.22474230825901031,0.0,-0.06536969542503357,-0.029171384871006012,0.040031421929597855,-2.1305534839630127,-2.0582401752471924,-1.9199799299240112,0.0,1.0
643072,628,7,165.7491057805548,135.85714285714286,-0.005711428320501,4.145928443223238,-1.9234226018190383,0.0032517812491278165,0.04609375,1.0090674862265587,34.90112382173538,1.3700612783432007,5.029310703277588,39.9332275390625,28.3803768157959,38.563167572021484,30.87685775756836,0.9685963210014006,1.773745059967041,110.93834686279297,1.0,1.0,0.0,1.0,0.0,0.0,0.008917315863072872,0.2139497995376587,0.0,-0.0665970966219902,-0.03140513226389885,0.03723907470703125,-2.132997512817383,-2.0626959800720215,-1.9255563020706177,0.0,1.0
644096,629,8,131.41873339124373,128.75,-0.0068911579204723235,6.2813115328550335,-1.9328496932983399,0.005356714870140422,0.0688232421875,0.9163883909583092,25.763468873500823,-0.005330324172973633,5.391057968139648,45.85810852050781,30.922103881835938,45.863433837890625,30.434335708618164,0.9696044551760465,1.6520864963531494,62.368431091308594,1.0,1.0,0.0,1.0,0.0,0.0,0.024437516927719116,0.2189331203699112,0.0,-0.0660993754863739,-0.03164421394467354,0.03634728118777275,-2.1320066452026367,-2.063173770904541,-1.927337408065796,0.0,1.0
645120,630,9,148.1130433473412,134.44444444444446,-0.00411416056449525,6.739105772972107,-1.9315707236528397,0.0020917586371069774,0.038916015625,1.0483569383621216,33.586558079719545,-0.3649511933326721,5.6795334815979,44.35779571533203,29.630748748779297,44.722747802734375,30.149442672729492,0.9632599237498995,1.86076819896698,97.72661590576172,1.0,1.0,0.0,1.0,0.0,0.0,0.022784337401390076,0.22417651116847992,0.0,-0.0667647123336792,-0.03133117035031319,0.03631248697638512,-2.133331298828125,-2.0625481605529785,-1.927406907081604,0.0,1.0
646144,631,9,126.58253262087416,124.22222222222223,-0.003774475009413436,3.4965915828943253,-1.9275682598352433,0.002855901028669905,0.0369140625,1.0856034263968468,25.374645400047303,-1.8540468215942383,3.9935665130615234,41.57538604736328,32.30768585205078,43.42943572998047,30.807043075561523,0.9847204661904319,1.7922768592834473,75.83233642578125,1.0,1.0,0.0,1.0,0.0,0.0,0.008180800825357437,0.23503722250461578,0.0,-0.06734948605298996,-0.03008284419775009,0.037942949682474136,-2.134495735168457,-2.060060977935791,-1.9241504669189453,0.0,1.0
647168,632,6,150.08279613687844,143.5,-0.004633895179722458,3.684874913096428,-1.9234932363033295,0.004929185993387364,0.0416748046875,1.0641768798232079,29.680180501937866,1.6249313354492188,4.461872577667236,37.063961029052734,30.21834373474121,35.439029693603516,31.288475036621094,0.9781981694204072,1.8469195365905762,104.0116958618164,1.0,1.0,0.0,1.0,0.0,0.0,0.006610774900764227,0.22528503835201263,0.0,-0.06951098144054413,-0.03048635832965374,0.03801396116614342,-2.138798475265503,-2.0608603954315186,-1.9240087270736694,0.0,1.0
648192,633,9,136.62125829561649,132.55555555555554,-0.0058451656834222375,3.0204391464591027,-1.92658674120903,0.0038976439740508796,0.05478515625,1.0270053707063198,27.554443216323854,1.0540281534194946,3.888887643814087,39.20707321166992,29.96689796447754,38.153045654296875,30.74681282043457,0.9831590277277866,1.3428888320922852,96.17544555664062,0.975,1.0,0.0,1.0,0.0,0.0,-0.002859254600480199,0.22805653512477875,0.0,-0.07088116556406021,-0.030811725184321404,0.038042377680540085,-2.1415255069732666,-2.061506986618042,-1.9239518642425537,0.0,1.0
649216,634,4,168.92891893894128,131.0,-0.0060069858154747635,8.53609062731266,-1.9297293722629547,0.0048714352917158974,0.061181640625,1.0138283491134643,38.002364087104795,0.13704842329025269,6.202820777893066,39.95763397216797,28.669326782226562,39.820587158203125,28.72203826904297,0.9531894805852327,1.682769536972046,109.54327392578125,1.0,1.0,0.0,1.0,0.0,0.0,-0.016228176653385162,0.2261214256286621,0.0,-0.07053342461585999,-0.031586479395627975,0.03760281577706337,-2.1408333778381348,-2.063056707382202,-1.9248298406600952,0.0,1.0
650240,635,9,145.08150785912338,140.88888888888889,-0.005143146577756852,2.9102213472127914,-1.9320897579193115,0.0014992192373028956,0.0479736328125,1.1794235453009605,20.43112668991089,1.0904732942581177,4.254026889801025,44.32139587402344,29.98244857788086,43.230918884277344,32.40449905395508,0.9798689595873297,1.784166693687439,63.03294372558594,1.0,1.0,0.0,1.0,0.0,0.0,0.023441314697265625,0.2310703992843628,0.0,-0.07093607634305954,-0.03150367736816406,0.03676154464483261,-2.141634702682495,-2.0628888607025146,-1.926509976387024,0.0,1.0
651264,636,8,130.56914933925864,125.625,-0.007358808460412547,6.513330793380737,-1.9293685853481293,0.006253960463800468,0.0638427734375,0.9765974871814251,35.40872142314911,-0.6652944684028625,5.9037766456604,44.91697692871094,27.77518653869629,45.58226776123047,27.109451293945312,0.9548200427010755,1.9736286401748657,109.97665405273438,0.925,1.0,0.0,1.0,0.0,0.0,0.010712788440287113,0.23166649043560028,0.0,-0.06917127221822739,-0.03010318987071514,0.03742600977420807,-2.138122320175171,-2.060100555419922,-1.9251829385757446,0.0,1.0
652288,637,9,140.70972275974506,127.88888888888889,-0.00641730644274503,3.718053016066551,-1.9213583827018739,0.004966805469302926,0.0657958984375,1.0016623839735985,23.47286021709442,0.036758363246917725,4.4216461181640625,39.967864990234375,28.645225524902344,39.93110656738281,29.32952308654785,0.9761733242299342,1.6999536752700806,78.15110778808594,1.0,1.0,0.0,1.0,0.0,0.0,0.012359394691884518,0.22378109395503998,0.0,-0.06742900609970093,-0.029845306649804115,0.03785274550318718,-2.1346540451049805,-2.0595836639404297,-1.9243305921554565,0.0,1.0
653312,638,9,139.18631622825058,119.11111111111111,-0.004690505634061992,3.1046765513718126,-1.923656177520752,0.001997430159826763,0.0452392578125,0.953765270113945,22.32372781038284,0.33750680088996887,4.161231517791748,44.31218719482422,27.232267379760742,43.97468185424805,27.943931579589844,0.9766505793985298,1.4439550638198853,75.2367172241211,0.975,1.0,0.0,1.0,0.0,0.0,0.02026405744254589,0.21653354167938232,0.0,-0.06718223541975021,-0.03043619729578495,0.03702752664685249,-2.134162664413452,-2.0607657432556152,-1.9259787797927856,0.0,1.0
654336,639,8,125.71050659938895,121.875,-0.00528337286086753,2.3444428578019143,-1.9238388746976853,0.004531140012841206,0.052294921875,0.9864537671208382,21.676540732383728,0.128390371799469,3.776851177215576,44.26421356201172,31.210357666015625,44.13581848144531,31.13254737854004,0.9853559139105279,1.557327151298523,69.2976303100586,1.0,1.0,0.0,1.0,0.0,0.0,0.03199195861816406,0.2268405705690384,0.0,-0.06599164754152298,-0.02979799546301365,0.03782808035612106,-2.1317920684814453,-2.059492826461792,-1.9243799448013306,0.0,1.0
655360,640,9,150.30951774871448,138.0,-0.0056076779961586,7.975597995519638,-1.9203247457742691,0.004024104448035359,0.066796875,1.0395843058824539,34.499442148208615,0.745205819606781,5.951687335968018,37.956153869628906,30.487966537475586,37.21095275878906,30.630741119384766,0.9618913701879737,1.7401496171951294,86.30633544921875,1.0,1.0,0.0,1.0,0.0,0.0,0.01911376230418682,0.23773875832557678,0.0,-0.0664825588464737,-0.02955404855310917,0.039600685238838196,-2.1327695846557617,-2.05900502204895,-1.9208400249481201,0.0,1.0
656384,641,4,148.50436519390678,128.5,-0.0059756753267720345,3.059231419861317,-1.9238878786563873,0.006330089060065802,0.070947265625,1.0744546577334404,27.84008331298828,0.26189124584198,4.232387065887451,37.65888214111328,30.765913009643555,37.39698791503906,32.060707092285156,0.9810752055985211,1.825984239578247,81.6915512084961,1.0,1.0,0.0,1.0,0.0,0.0,0.009252007119357586,0.2226443737745285,0.0,-0.0689932182431221,-0.031077280640602112,0.04185303673148155,-2.137767791748047,-2.0620357990264893,-1.9163427352905273,0.0,1.0
657408,642,10,146.32761270887843,132.7,-0.005687435186700895,4.263521771878004,-1.929760178923607,0.004001248261192814,0.046826171875,0.9902162849903107,23.611320412158967,1.4935064315795898,4.315573692321777,50.20353698730469,28.57337760925293,48.71002960205078,29.52450942993164,0.9771884927096276,1.7120171785354614,57.663963317871094,1.0,1.0,0.0,1.0,0.0,0.0,0.009508355520665646,0.22724218666553497,0.0,-0.06666066497564316,-0.030914291739463806,0.04019622132182121,-2.1331241130828857,-2.0617122650146484,-1.9196507930755615,0.0,1.0
658432,643,8,152.99797457318064,133.625,-0.003378446935676038,9.235053983330726,-1.9272377282381057,0.0031131871830439193,0.037353515625,1.0081074222922326,49.81776874065399,-0.15446126461029053,6.822845935821533,41.28583908081055,28.219228744506836,41.44029998779297,29.590648651123047,0.941542426752872,1.5864652395248413,140.2039031982422,1.0,1.0,0.0,1.0,0.0,0.0,0.01675374060869217,0.21763719618320465,0.0,-0.06790148466825485,-0.03059159778058529,0.040662165731191635,-2.135594606399536,-2.061070680618286,-1.9187204837799072,0.0,1.0
659456,644,8,141.4125050205182,132.875,-0.00624359812354669,5.031863781809807,-1.9282477140426635,0.003085970273241401,0.0780517578125,1.183198545128107,33.20557813644409,-0.04224824905395508,5.426950931549072,40.442604064941406,32.24333953857422,40.4848518371582,32.6245231628418,0.9716709706067942,2.4415807723999023,97.37369537353516,0.975,1.0,0.0,1.0,0.0,0.0,0.013241611421108246,0.21977168321609497,0.0,-0.0701349750161171,-0.03138967230916023,0.0405866838991642,-2.140040397644043,-2.062655210494995,-1.9188711643218994,0.0,1.0
660480,645,7,120.88245035672783,123.71428571428571,-0.004968843760434538,3.20321913510561,-1.9317097336053848,0.0015898661396931857,0.050830078125,0.9430733367800712,27.920550799369813,-0.4436691403388977,4.441076755523682,43.884178161621094,31.002342224121094,44.32784652709961,30.565465927124023,0.979479521387005,2.0777151584625244,92.71705627441406,1.0,1.0,0.0,1.0,0.0,0.0,0.00846745166927576,0.20472054183483124,0.0,-0.07133602350950241,-0.03148728981614113,0.041107289493083954,-2.142430543899536,-2.0628535747528076,-1.9178316593170166,0.0,1.0
661504,646,8,167.87848866180008,140.25,-0.004671495268121361,4.2725663028657435,-1.933787140250206,0.003844742690853309,0.0482177734375,1.0453435443341732,30.984013783931733,2.0222814083099365,4.87241792678833,41.31317138671875,29.177412033081055,39.2908935546875,31.095443725585938,0.9721134010445907,2.0326426029205322,94.63565826416016,0.975,1.0,0.0,1.0,0.0,0.0,0.026543185114860535,0.22080054879188538,0.0,-0.07223287969827652,-0.0323893204331398,0.03892640024423599,-2.1442151069641113,-2.064650297164917,-1.9221864938735962,0.0,1.0
662528,647,7,155.37544103846605,132.28571428571428,-0.004514620831469074,3.385253744572401,-1.9422678887844085,0.003334107888804283,0.031787109375,1.0472760654985904,25.9771147608757,0.9978236556053162,4.432094573974609,48.84723663330078,26.69025993347168,47.84941864013672,28.504430770874023,0.9724251987179623,1.9655297994613647,83.44081115722656,0.975,1.0,0.0,1.0,0.0,0.0,0.025502696633338928,0.22720636427402496,0.0,-0.07298503816127777,-0.03429924696683884,0.03524022176861763,-2.1457114219665527,-2.068457841873169,-1.929548740386963,0.0,1.0
663552,648,9,150.7529584970829,137.66666666666666,-0.0074066607747226955,4.551494306325912,-1.952962464094162,0.006197559733118396,0.053466796875,0.9327055439352989,32.15844873189926,0.899723470211029,5.017782688140869,41.494110107421875,30.940366744995117,40.594383239746094,31.5528621673584,0.9736989647582083,1.707527756690979,94.57522583007812,0.95,1.0,0.0,1.0,0.0,0.0,0.005325959995388985,0.22374525666236877,0.0,-0.0751708447933197,-0.03552185744047165,0.03375456482172012,-2.150059223175049,-2.070894241333008,-1.9325164556503296,0.0,1.0
664576,649,7,146.10813874161752,120.85714285714286,-0.0036004724679514766,4.071632011979818,-1.9571301996707917,0.005070920228899922,0.039404296875,1.0011109173297883,27.938936018943785,0.3646238148212433,4.605504512786865,47.90803527832031,28.692960739135742,47.54341125488281,28.910219192504883,0.9742365702270029,1.8384627103805542,92.09556579589844,1.0,1.0,0.0,1.0,0.0,0.0,0.012515095062553883,0.22365273535251617,0.0,-0.07480809837579727,-0.03601351007819176,0.031128054484725,-2.1493377685546875,-2.0718841552734375,-1.937764048576355,0.0,1.0
665600,650,8,136.62561680868515,125.875,-0.00688092407071963,3.136843350529671,-1.9595911711454392,0.005905268427159172,0.0740478515625,1.1224966004490853,29.904850280284883,-1.4361965656280518,3.952470064163208,42.82102966308594,30.037317276000977,44.257225036621094,28.63277816772461,0.9826853055289823,2.0907161235809326,122.74486541748047,1.0,1.0,0.0,1.0,0.0,0.0,0.013486791402101517,0.22184434533119202,0.0,-0.07334938645362854,-0.036145780235528946,0.029194815084338188,-2.1464362144470215,-2.0721538066864014,-1.9416269063949585,0.0,1.0
666624,651,10,124.79045954245915,113.6,-0.007065335300285369,8.341542714834214,-1.9631051123142242,0.003992275518248789,0.054736328125,1.0161200508475303,35.58628454208374,-1.0693206787109375,6.361372947692871,50.85638427734375,29.36192512512207,51.92570495605469,28.849964141845703,0.953061119074336,1.716623067855835,93.9005126953125,1.0,1.0,0.0,1.0,0.0,0.0,0.03160805627703667,0.19780218601226807,0.0,-0.07437783479690552,-0.037536609917879105,0.028650449588894844,-2.148481845855713,-2.074920415878296,-1.942714810371399,0.0,1.0
667648,652,9,152.2012744692509,129.66666666666666,-0.004304724745452404,2.919025206565857,-1.9715189605951309,0.004649353718559723,0.04697265625,0.9888277232646943,25.83438049554825,1.0791420936584473,4.249011039733887,42.46453857421875,30.487388610839844,41.38539123535156,32.35708999633789,0.9805761511561428,1.9460902214050293,82.33204650878906,1.0,1.0,0.0,1.0,0.0,0.0,0.022875869646668434,0.21308742463588715,0.0,-0.07596074044704437,-0.03878728672862053,0.027891449630260468,-2.15162992477417,-2.077409029006958,-1.9442315101623535,0.0,1.0
668672,653,9,141.69536094757498,126.88888888888889,-0.004455355089157819,10.197332763671875,-1.979399636387825,0.002681619684153702,0.0621826171875,1.1955522269010543,41.444720196723935,0.701684832572937,6.895320415496826,39.12529754638672,32.18516159057617,38.42361068725586,33.54247283935547,0.9541015959993782,2.8599154949188232,103.83799743652344,1.0,1.0,0.0,1.0,0.0,0.0,0.0344650037586689,0.22696177661418915,0.0,-0.07575644552707672,-0.04020430147647858,0.0256822407245636,-2.151223659515381,-2.0802414417266846,-1.9486467838287354,0.0,1.0
669696,654,6,123.6890667708173,114.5,-0.004458873276598751,5.439199320971966,-1.9857459217309952,0.0016700501466402784,0.0438720703125,1.1333256125450135,33.79770791530609,-0.6435437798500061,5.626858711242676,45.25021743774414,31.332393646240234,45.893760681152344,31.297237396240234,0.967748871009448,1.8928087949752808,96.5419921875,1.0,1.0,0.0,1.0,0.0,0.0,0.017970465123653412,0.2215285748243332,0.0,-0.07662380486726761,-0.040580809116363525,0.02550802379846573,-2.1529483795166016,-2.0809922218322754,-1.9489949941635132,0.0,1.0
670720,655,9,144.00510315148773,122.44444444444444,-0.005028868111548945,4.917495468258858,-1.9866166770458222,0.006560240764520131,0.05927734375,1.0809894420206547,30.04268025159836,-0.670049786567688,5.051468849182129,44.30427551269531,28.483951568603516,44.974327087402344,28.946044921875,0.9685489646789244,2.021700143814087,89.9800796508789,0.975,1.0,0.0,1.0,0.0,0.0,0.004861724097281694,0.21718522906303406,0.0,-0.07740174233913422,-0.04062100499868393,0.02646632306277752,-2.1544950008392334,-2.0810673236846924,-1.9470796585083008,0.0,1.0
671744,656,8,143.9006199175829,121.875,-0.004860109789296985,6.459077724814415,-1.986851441860199,0.005438008412602358,0.04599609375,0.9501685880124568,33.77581351995468,0.4536314308643341,5.823329925537109,42.286067962646484,26.93955421447754,41.832435607910156,28.45077133178711,0.9532736408464761,1.5452744960784912,93.93570709228516,0.975,1.0,0.0,1.0,0.0,0.0,0.017456931993365288,0.21438749134540558,0.0,-0.07843572646379471,-0.04078100994229317,0.02744889259338379,-2.156550645828247,-2.08137583732605,-1.9451160430908203,0.0,1.0
672768,657,9,118.08343112640198,117.44444444444444,-0.0035905920201912524,3.6518595471978186,-1.9885174453258514,0.00407014082011301,0.04248046875,1.0567623108625412,22.22581321001053,-1.0310559272766113,4.329890727996826,42.5140495300293,29.4704532623291,43.545108795166016,29.624053955078125,0.9784135994287549,1.6860666275024414,66.43685150146484,0.975,1.0,0.0,1.0,0.0,0.0,0.040748659521341324,0.22374285757541656,0.0,-0.0804637223482132,-0.04134177789092064,0.02933756448328495,-2.160581111907959,-2.082490921020508,-1.9413416385650635,0.0,1.0
673792,658,7,136.49869692364885,123.14285714285714,-0.004888596478849649,3.543894277513027,-1.9894519776105881,0.00486471030744724,0.047265625,1.0455947071313858,28.688447666168212,0.6410316824913025,4.637814998626709,37.291473388671875,30.888639450073242,36.65044021606445,31.955665588378906,0.9774560887369553,1.6700228452682495,93.1092300415039,1.0,1.0,0.0,1.0,0.0,0.0,0.024724110960960388,0.22382768988609314,0.0,-0.08113305270671844,-0.040811654180288315,0.031231051310896873,-2.1619110107421875,-2.0814247131347656,-1.9375581741333008,0.0,1.0
674816,659,8,139.37959144774493,127.0,-0.005921917897649109,7.590010666847229,-1.9891242295503617,0.007323546863335651,0.0658203125,1.1491098344326018,31.324668896198272,0.544410228729248,6.065113544464111,39.25830841064453,27.98324966430664,38.71390151977539,29.240489959716797,0.9530233999957941,2.3216392993927,84.62384796142578,1.0,1.0,0.0,1.0,0.0,0.0,0.02549116313457489,0.21613696217536926,0.0,-0.0819871798157692,-0.04166415333747864,0.02974245697259903,-2.1636078357696533,-2.0831222534179688,-1.9405325651168823,0.0,1.0
675840,660,7,129.81594150519626,117.42857142857143,-0.004234472999814898,2.685487240552902,-1.9981360614299775,0.0035875214001862333,0.0381591796875,1.1143127024173736,26.174363088607787,1.3907994031906128,4.1909284591674805,42.41655731201172,26.24332618713379,41.025760650634766,27.56682586669922,0.9744975026822914,2.1012156009674072,82.4675064086914,1.0,1.0,0.0,1.0,0.0,0.0,0.025626860558986664,0.20500490069389343,0.0,-0.08565948903560638,-0.043592002242803574,0.029904697090387344,-2.170901298522949,-2.0869596004486084,-1.9402084350585938,0.0,1.0
676864,661,9,143.8573239735007,135.88888888888889,-0.004921790689695627,3.83016851246357,-2.0048673689365386,0.006552989158080891,0.0617919921875,1.0844431579113007,22.864927113056183,0.10663440078496933,4.552873134613037,45.09585189819336,32.82208251953125,44.989219665527344,32.87354278564453,0.9807585047136762,2.2221791744232178,64.28556060791016,1.0,1.0,0.0,1.0,0.0,0.0,0.011872862465679646,0.2028767615556717,0.0,-0.087041936814785,-0.0435713492333889,0.030695928260684013,-2.173645496368408,-2.086914300918579,-1.9386273622512817,0.0,1.0
677888,662,8,166.21573639149716,144.75,-0.005133286805357784,6.026212057471275,-2.00386980175972,0.003362737128918525,0.0410888671875,1.0810457155108453,38.542478799819946,2.061957597732544,5.727941989898682,40.68701171875,29.70252227783203,38.625057220458984,32.18389892578125,0.962811339087347,1.9706448316574097,142.251708984375,0.975,1.0,0.0,1.0,0.0,0.0,0.026143940165638924,0.20567044615745544,0.0,-0.08679132908582687,-0.043691929429769516,0.0319172702729702,-2.1731481552124023,-2.0871493816375732,-1.9361871480941772,0.0,1.0
678912,663,8,148.9445025943208,136.5,-0.00588590995175764,3.662548241019249,-2.0065414130687715,0.005429662614187691,0.0518798828125,1.0778431236743926,27.774017238616942,1.3993263244628906,4.375039577484131,41.366703033447266,27.744720458984375,39.967376708984375,28.55538558959961,0.9751341554174935,1.7311880588531494,90.15255737304688,1.0,1.0,0.0,1.0,0.0,0.0,0.054468784481287,0.21002577245235443,0.0,-0.08961033076047897,-0.044512707740068436,0.032939113676548004,-2.1787424087524414,-2.0887691974639893,-1.9341455698013306,0.0,1.0
679936,664,9,134.95493812734864,109.33333333333333,-0.00539057586574927,4.698652198910713,-2.012526035308838,0.004326832119841128,0.052978515625,1.2110382929444312,30.90252341032028,0.508251965045929,5.301019668579102,48.82618713378906,28.37102508544922,48.31793975830078,28.632036209106445,0.9650884821370291,1.9940415620803833,84.1446533203125,1.0,1.0,0.0,1.0,0.0,0.0,0.03662152588367462,0.21226687729358673,0.0,-0.0910600870847702,-0.04548443481326103,0.03253132477402687,-2.1816184520721436,-2.0907070636749268,-1.9349602460861206,0.0,1.0
680960,665,9,159.87424034349746,138.11111111111111,-0.005558306549210102,2.365356993675232,-2.0209334015846254,0.002225076634204015,0.0391845703125,1.0405253872275353,23.795719623565674,1.3833932876586914,3.720348834991455,42.614418029785156,31.39603614807129,41.23102951049805,32.5661506652832,0.9859583632410872,1.9029875993728638,71.75442504882812,1.0,1.0,0.0,1.0,0.0,0.0,0.027017004787921906,0.2197611778974533,0.0,-0.09378469735383987,-0.04776300489902496,0.030869700014591217,-2.187021493911743,-2.0952351093292236,-1.9382802248001099,0.0,1.0
681984,666,6,137.87238293093375,118.83333333333333,-0.004661202535498887,3.441182830929756,-2.0316958665847777,0.005024554497504141,0.0390869140625,1.0030419692397117,27.349001514911652,1.2635610103607178,4.4778337478637695,46.10741424560547,27.44890785217285,44.84385299682617,28.033554077148438,0.9733874927355755,1.8798388242721558,87.79914093017578,0.975,1.0,0.0,1.0,0.0,0.0,0.027703186497092247,0.20777198672294617,0.0,-0.09578458219766617,-0.048368532210588455,0.03095492348074913,-2.1909854412078857,-2.096435308456421,-1.9381098747253418,0.0,1.0
683008,667,7,141.17196056682377,125.57142857142857,-0.005381209100596607,4.125144602358342,-2.0335711359977724,0.0031072156489244662,0.0581787109375,1.2273019060492516,29.689627826213837,-0.21276745200157166,4.666301727294922,42.16120910644531,28.202205657958984,42.37397766113281,28.595439910888672,0.9726234026838467,1.8651971817016602,88.49756622314453,1.0,1.0,0.0,1.0,0.0,0.0,0.04085354506969452,0.2264670431613922,0.0,-0.09478671848773956,-0.048862308263778687,0.0311921164393425,-2.1890077590942383,-2.0974185466766357,-1.9376360177993774,0.0,1.0
684032,668,10,141.38978463517333,122.0,-0.00426010120427236,7.74458722025156,-2.0378579080104826,0.002615359720948618,0.039501953125,1.0201565340161323,54.11651035547256,2.043504476547241,6.360987186431885,39.781349182128906,29.05143165588379,37.73784255981445,32.30904006958008,0.9520582390854175,1.8904609680175781,176.7169189453125,1.0,1.0,0.0,1.0,0.0,0.0,0.03304089233279228,0.22987119853496552,0.0,-0.09485197812318802,-0.04988819360733032,0.02957841008901596,-2.1891369819641113,-2.0994656085968018,-1.940860390663147,0.0,1.0
685056,669,9,142.08078637504371,127.22222222222223,-0.005143604753538966,5.0645822301507,-2.042511647939682,0.006282230713986791,0.0512451171875,1.1417011231184007,35.95680208206177,1.0225961208343506,5.496941566467285,39.72099304199219,30.378976821899414,38.69839859008789,32.63684844970703,0.9672586949901559,2.665750741958618,114.22469329833984,1.0,1.0,0.0,1.0,0.0,0.0,0.033086493611335754,0.20683875679969788,0.0,-0.09306202828884125,-0.05013657733798027,0.027981707826256752,-2.1855885982513428,-2.0999603271484375,-1.9440511465072632,0.0,1.0
686080,670,8,135.01143229569067,119.625,-0.004434161435347051,6.76009818315506,-2.0434790313243867,0.004323754312645178,0.0514404296875,1.0510845974087715,37.305301904678345,-0.325306236743927,5.879784107208252,42.45192337036133,27.680564880371094,42.77722930908203,28.443008422851562,0.9548796126207084,1.825605034828186,134.82090759277344,1.0,1.0,0.0,1.0,0.0,0.0,0.00972819048911333,0.2027541846036911,0.0,-0.09305094927549362,-0.050253868103027344,0.027875538915395737,-2.1855666637420654,-2.1001980304718018,-1.9442633390426636,0.0,1.0
687104,671,8,119.49686118471715,108.5,-0.006421061960281804,5.224748077988624,-2.0441852033138277,0.006862134316179436,0.0720458984375,1.0214181214570999,28.135703790187836,-0.6311776041984558,5.279369354248047,47.95411682128906,27.91773223876953,48.58529281616211,26.54961395263672,0.9642394716074085,1.8114197254180908,89.65784454345703,1.0,1.0,0.0,1.0,0.0,0.0,0.02541239745914936,0.21430958807468414,0.0,-0.09507903456687927,-0.05035241320729256,0.030519751831889153,-2.189587116241455,-2.100374937057495,-1.9389793872833252,0.0,1.0
688128,672,9,150.22714764546262,131.33333333333334,-0.006411561818094924,4.136883439123631,-2.043640339374542,0.005900663319334853,0.052685546875,1.0626333318650723,31.750191271305084,1.4798831939697266,4.759990215301514,40.21089553833008,26.573869705200195,38.73101043701172,27.335336685180664,0.9679149609219322,1.6368868350982666,92.56028747558594,0.975,1.0,0.0,1.0,0.0,0.0,0.019332515075802803,0.21626509726047516,0.0,-0.09388461709022522,-0.05011662840843201,0.02942267805337906,-2.1872193813323975,-2.0999152660369873,-1.941171646118164,0.0,1.0
689152,673,8,125.47903510771985,107.25,-0.004813386232126504,2.2247389018535615,-2.0457782626152037,0.005082312002195976,0.046044921875,1.0876651749014854,17.959822797775267,0.6668848991394043,3.644585132598877,45.39817810058594,25.889644622802734,44.73129653930664,27.039997100830078,0.980182722454253,2.0994389057159424,56.28957748413086,0.975,1.0,0.0,1.0,0.0,0.0,0.024705762043595314,0.20988161861896515,0.0,-0.09536509215831757,-0.051379408687353134,0.029096147045493126,-2.1901540756225586,-2.1024246215820312,-1.9418240785598755,0.0,1.0
690176,674,8,140.85209623924843,126.125,-0.0045942564844153825,4.124237921833992,-2.0501452803611757,0.0032520717490115204,0.04033203125,1.1965854063630104,29.87428742647171,1.0941286087036133,4.751689910888672,43.11468505859375,26.686904907226562,42.02055358886719,27.345848083496094,0.9682970455924755,1.9175680875778198,87.03343963623047,1.0,1.0,0.0,1.0,0.0,0.0,0.018934674561023712,0.2281903475522995,0.0,-0.09734001010656357,-0.05092199519276619,0.03111359104514122,-2.1940674781799316,-2.101499080657959,-1.9377928972244263,0.0,1.0
691200,675,10,142.99214145334972,122.6,-0.004340362455695868,2.363927375525236,-2.04733864068985,0.001147076452616602,0.03564453125,1.1194726034998894,18.14211149215698,0.18704915046691895,3.760209321975708,44.91108703613281,27.365345001220703,44.72404098510742,27.974971771240234,0.9811191214336954,1.7244250774383545,56.58950424194336,1.0,1.0,0.0,1.0,0.0,0.0,0.027056565508246422,0.21330294013023376,0.0,-0.0996764600276947,-0.05112041160464287,0.03277776390314102,-2.198695421218872,-2.1018855571746826,-1.9344679117202759,0.0,1.0
692224,676,5,130.09117366843162,134.2,-0.0042295869556255635,3.3792509354650972,-2.050193947553635,0.0044094454075093385,0.0459716796875,1.0382961258292198,28.087904715538023,1.42434823513031,4.458437442779541,38.89472961425781,28.472034454345703,37.47038269042969,29.032838821411133,0.9754795551415159,1.7921572923660278,98.6025619506836,0.975,1.0,0.0,1.0,0.0,0.0,0.010478290729224682,0.21179093420505524,0.0,-0.10020922869443893,-0.05147956684231758,0.031404849141836166,-2.1997501850128174,-2.102604866027832,-1.9372109174728394,0.0,1.0
693248,677,9,154.9081665575751,126.44444444444444,-0.003365738014690578,3.7013246484100817,-2.0478886008262633,0.003596033586654812,0.0316650390625,1.067673099040985,23.93892506361008,0.8791407346725464,4.6438117027282715,48.49748992919922,27.76618003845215,47.61834716796875,28.173107147216797,0.9720284208471078,2.187424898147583,76.11347961425781,1.0,1.0,0.0,1.0,0.0,0.0,0.028621306642889977,0.21018025279045105,0.0,-0.10107752680778503,-0.05032170191407204,0.03443669527769089,-2.2014694213867188,-2.1002933979034424,-1.9311537742614746,0.0,1.0
694272,678,9,164.6118781608817,141.0,-0.0064877180266194046,3.374539466947317,-2.044662135839462,0.003810149482160341,0.0494873046875,1.0434473231434822,27.2576975107193,2.0308737754821777,3.9599316120147705,45.2274169921875,27.407196044921875,43.1965446472168,29.105953216552734,0.9791240547304657,1.7529605627059937,92.06884002685547,1.0,1.0,0.0,1.0,0.0,0.0,0.028431309387087822,0.20767024159431458,0.0,-0.10330376029014587,-0.050699833780527115,0.03621340170502663,-2.2058756351470947,-2.101029634475708,-1.9276047945022583,0.0,1.0
695296,679,6,145.42374132453756,128.16666666666666,-0.0043932061409577726,1.8264070451259613,-2.050611746311188,0.0013487060510669834,0.0365478515625,1.109392562508583,18.161970114707948,0.6742991805076599,3.255122423171997,44.65912628173828,27.136960983276367,43.98482894897461,27.172435760498047,0.9856116113949646,1.8445379734039307,52.882686614990234,0.975,1.0,0.0,1.0,0.0,0.0,0.046618785709142685,0.20908339321613312,0.0,-0.10420981049537659,-0.05224408581852913,0.036599185317754745,-2.2076683044433594,-2.1040866374969482,-1.9268343448638916,0.0,1.0
696320,680,10,144.59540617159712,128.0,-0.006671687500784174,5.254757951200008,-2.0551104962825777,0.005600906589825172,0.090478515625,1.2307314366102218,28.68350257873535,0.8300241827964783,5.18255615234375,45.70042037963867,30.008615493774414,44.87039566040039,29.638507843017578,0.9701739242180282,2.43426251411438,71.65802001953125,1.0,1.0,0.0,1.0,0.0,0.0,0.042502179741859436,0.2039887011051178,0.0,-0.10439950972795486,-0.05171046778559685,0.03799295797944069,-2.2080438137054443,-2.103024959564209,-1.9240505695343018,0.0,1.0
697344,681,7,152.62910105372535,126.42857142857143,-0.005583774484694004,5.689110848307609,-2.048386812210083,0.0038100383142591456,0.0366943359375,1.1310863375663758,30.55767900943756,-0.07083138823509216,5.441768646240234,44.3525276184082,26.435405731201172,44.42335891723633,26.488018035888672,0.9576251497256327,1.9122918844223022,86.46932220458984,1.0,1.0,0.0,1.0,0.0,0.0,0.0209329966455698,0.21490973234176636,0.0,-0.1033063605427742,-0.05047554895281792,0.03923606872558594,-2.205880880355835,-2.100569009780884,-1.9215681552886963,0.0,1.0
698368,682,8,130.70099061089218,130.375,-0.009460050356574356,3.194991575181484,-2.0428253650665282,0.004839465404802468,0.0727783203125,1.0879471704363823,22.206547033786773,-0.6890414357185364,4.199236869812012,45.15483093261719,33.869136810302734,45.843875885009766,33.39350891113281,0.9846279250597386,1.9630577564239502,57.56574630737305,1.0,1.0,0.0,1.0,0.0,0.0,0.012988378293812275,0.20755842328071594,0.0,-0.10310322046279907,-0.05001024901866913,0.04000343754887581,-2.2054789066314697,-2.0996525287628174,-1.920035719871521,0.0,1.0
699392,683,8,150.387825736884,137.875,-0.008136264578206464,2.0954864494502545,-2.043848615884781,0.008484954870073124,0.081005859375,1.24784674346447,18.96356976032257,-0.3050389885902405,3.392484426498413,43.73127746582031,29.968990325927734,44.03631591796875,30.471506118774414,0.9871858019214171,2.2116456031799316,58.66808319091797,1.0,1.0,0.0,1.0,0.0,0.0,0.014461222104728222,0.21184967458248138,0.0,-0.10402339696884155,-0.05048443377017975,0.03853613883256912,-2.2072997093200684,-2.1005942821502686,-1.9229658842086792,0.0,1.0
700416,684,8,145.17986533524382,121.5,-0.0055315641278866675,2.6691512659192087,-2.0458654522895814,0.0020662869574152865,0.0468017578125,1.0911403626203537,23.47208309173584,0.9421918392181396,4.0248308181762695,47.90706253051758,26.377391815185547,46.964874267578125,27.387317657470703,0.9767173926547694,1.7252932786941528,72.02288818359375,1.0,1.0,0.0,1.0,0.0,0.0,0.03531312569975853,0.20396733283996582,0.0,-0.10597997158765793,-0.05095027759671211,0.038560278713703156,-2.211169958114624,-2.1015102863311768,-1.9229176044464111,0.0,1.0
701440,685,7,146.0150342263358,133.57142857142858,-0.00552973662270233,2.9738977953791617,-2.0532699882984162,0.006996391661232337,0.0582275390625,1.0482980817556382,24.646948623657227,-0.09792312979698181,4.4188055992126465,44.464332580566406,27.944372177124023,44.562255859375,29.27264404296875,0.9749953301341562,2.7374863624572754,75.41692352294922,0.975,1.0,0.0,1.0,0.0,0.0,0.014206935651600361,0.20297391712665558,0.0,-0.10716452449560165,-0.053236935287714005,0.0368475541472435,-2.213512420654297,-2.1060550212860107,-1.9263381958007812,0.0,1.0
702464,686,7,137.97197863729707,129.0,-0.006469542405102402,1.6798999600112439,-2.064360111951828,0.006612848365330137,0.070703125,1.0436254620552063,16.165566539764406,0.5972851514816284,3.2595314979553223,45.119781494140625,31.81414031982422,44.522499084472656,32.17060852050781,0.9895028826047688,2.3849523067474365,51.02511978149414,0.95,1.0,0.0,1.0,0.0,0.0,0.029406776651740074,0.20657417178153992,0.0,-0.10887256264686584,-0.05381079018115997,0.03733652085065842,-2.216888904571533,-2.107182264328003,-1.9253616333007812,0.0,1.0
703488,687,9,155.04979194756498,149.0,-0.005679690162651241,1.9904360443353653,-2.0619923055171965,0.00428502997092437,0.0525146484375,1.3216338947415351,20.59618287086487,-0.36395496129989624,3.4131011962890625,42.525848388671875,34.98439407348633,42.889801025390625,34.65119552612305,0.9904819132303689,3.157045841217041,61.761558532714844,1.0,1.0,0.0,1.0,0.0,0.0,0.010213106870651245,0.22054871916770935,0.0,-0.10813026130199432,-0.05283622071146965,0.03865726664662361,-2.215421676635742,-2.1052510738372803,-1.9227240085601807,0.0,1.0
704512,688,5,159.79205374669397,136.8,-0.00607535729650408,2.0734504517167807,-2.0624726474285127,0.002635916500003077,0.04326171875,1.1224423617124557,26.4905313372612,1.359591007232666,3.9352869987487793,35.84651184082031,27.80953025817871,34.48692321777344,30.060083389282227,0.979975323239064,2.440420389175415,108.96671295166016,0.975,1.0,0.0,1.0,0.0,0.0,0.02125999517738819,0.19525589048862457,0.0,-0.10978434234857559,-0.05453241243958473,0.03525744378566742,-2.218690872192383,-2.108628511428833,-1.9295142889022827,0.0,1.0
705536,689,9,142.16294322647016,127.33333333333333,-0.004933004605118185,1.6476136919111013,-2.0725127696990966,0.00466049238020787,0.0456787109375,0.972682486474514,15.459640163183213,0.06296773254871368,3.319636344909668,49.31903839111328,27.714614868164062,49.25606918334961,27.552610397338867,0.9856529247207922,1.5087066888809204,44.77314376831055,1.0,1.0,0.0,1.0,0.0,0.0,0.03432122990489006,0.19996803998947144,0.0,-0.11007704585790634,-0.05554807186126709,0.03387264162302017,-2.219269275665283,-2.1106467247009277,-1.9322806596755981,0.0,1.0
706560,690,10,138.6095779500008,124.8,-0.00800958692561835,3.348166774213314,-2.0740180134773256,0.007732294422748964,0.08271484375,1.1734084010124206,21.626061248779298,-0.3629645109176636,4.214344024658203,48.93561553955078,29.042409896850586,49.298583984375,28.208696365356445,0.9789430892802714,2.3217363357543945,75.1097183227539,1.0,1.0,0.0,1.0,0.0,0.0,0.013499072752892971,0.20506197214126587,0.0,-0.11014468222856522,-0.0548967681825161,0.03487946465611458,-2.21940279006958,-2.1093485355377197,-1.9302693605422974,0.0,1.0
707584,691,6,164.85714916870438,143.33333333333334,-0.00615714475279674,2.3028234653174877,-2.0734610974788668,0.00440017052605981,0.05595703125,1.1100960105657578,24.65522758960724,1.3105037212371826,3.659536361694336,43.227806091308594,29.10887336730957,41.917301177978516,30.27370834350586,0.9841947493198808,2.151517391204834,83.41216278076172,1.0,1.0,0.0,1.0,0.0,0.0,0.02016722969710827,0.21855127811431885,0.0,-0.11035984754562378,-0.05617879331111908,0.03359897434711456,-2.219827890396118,-2.1118996143341064,-1.932827353477478,0.0,1.0
708608,692,8,142.2181849771398,127.5,-0.0045917090494185684,5.174011199176311,-2.086370402574539,0.0011574244243092835,0.0294189453125,1.0855530127882957,38.879009175300595,-0.08046409487724304,5.741441249847412,43.51032257080078,29.10677146911621,43.590782165527344,30.403512954711914,0.9610906680227774,1.900997281074524,118.68701171875,1.0,1.0,0.0,1.0,0.0,0.0,0.02577110193669796,0.21120619773864746,0.0,-0.11237093806266785,-0.058737967163324356,0.029139289632439613,-2.2238006591796875,-2.1169965267181396,-1.9417378902435303,0.0,1.0
709632,693,8,136.98623535925765,125.0,-0.007677859271643684,1.0445954013615846,-2.0996324598789213,0.008137047824857292,0.081689453125,1.2245165169239045,12.870896655321122,0.30664733052253723,2.520735740661621,49.265037536621094,27.172800064086914,48.95839309692383,27.486806869506836,0.9913943075926512,2.4941089153289795,39.55680465698242,0.975,1.0,0.0,1.0,0.0,0.0,0.01537603884935379,0.1998893916606903,0.0,-0.11455480009317398,-0.060668837279081345,0.026447400450706482,-2.2281126976013184,-2.120824098587036,-1.947117567062378,0.0,1.0
710656,694,9,135.42297717543016,136.0,-0.005003922362811863,1.6830043159425259,-2.1077408730983733,0.004729519336251542,0.0558837890625,1.1823339261114598,25.14567466378212,-0.6906238794326782,3.3927721977233887,38.486114501953125,33.31237030029297,39.17673873901367,32.08041763305664,0.9896271448218228,2.742011308670044,88.84935760498047,0.975,1.0,0.0,1.0,0.0,0.0,0.010195963084697723,0.20835736393928528,0.0,-0.1169738844037056,-0.061135560274124146,0.026757555082440376,-2.232886552810669,-2.121739149093628,-1.9464976787567139,0.0,1.0
711680,695,6,144.6417156241954,136.0,-0.0036853718280326574,4.060049700736999,-2.1084904253482817,0.0032467579381773247,0.03466796875,0.9924091883003712,37.12459522485733,0.6753654479980469,5.086711406707764,44.280059814453125,31.548812866210938,43.604698181152344,32.69514846801758,0.974003903199297,1.5759856700897217,111.51200103759766,0.95,1.0,0.0,1.0,0.0,0.0,0.02021118253469467,0.20354589819908142,0.0,-0.11651080846786499,-0.06120483949780464,0.026564855128526688,-2.2319729328155518,-2.1218883991241455,-1.946882724761963,0.0,1.0
712704,696,7,160.6494813502525,144.28571428571428,-0.0036952497204765676,2.320647097378969,-2.1128185749053956,0.004360350746719632,0.04404296875,1.0815748959779738,18.242390441894532,0.018176373094320297,3.8013033866882324,43.587005615234375,30.39549446105957,43.568824768066406,30.087324142456055,0.9843596425595318,2.1542820930480957,63.022300720214844,1.0,1.0,0.0,1.0,0.0,0.0,0.009982858784496784,0.21257083117961884,0.0,-0.11889199167490005,-0.06280388683080673,0.024402497336268425,-2.2366700172424316,-2.1250531673431396,-1.9512046575546265,0.0,1.0
713728,697,7,149.61879512272284,141.71428571428572,-0.0052629386947955934,2.810330913215876,-2.1205439269542694,0.004143341588496696,0.0519775390625,1.0844472870230675,27.253852021694183,0.3457561731338501,4.417015075683594,45.29413986206055,31.682880401611328,44.948387145996094,32.37889862060547,0.9805639302356596,1.9905060529708862,82.23076629638672,1.0,1.0,0.0,1.0,0.0,0.0,0.0318746455013752,0.21366633474826813,0.0,-0.11974480748176575,-0.06339015811681747,0.023398173972964287,-2.238351583480835,-2.126220464706421,-1.9532121419906616,0.0,1.0
714752,698,10,145.8277956152146,126.4,-0.004441840143408626,3.898229867219925,-2.1196995973587036,0.006023172948334832,0.0610595703125,1.1916699290275574,28.601525497436523,-0.6449873447418213,4.841372966766357,41.739227294921875,28.692153930664062,42.384220123291016,29.180709838867188,0.9715284722685653,2.2460315227508545,89.92839050292969,1.0,1.0,0.0,1.0,0.0,0.0,0.02975594252347946,0.20757409930229187,0.0,-0.1186661645770073,-0.0624796599149704,0.023811044171452522,-2.23622465133667,-2.124417543411255,-1.9523868560791016,0.0,1.0
715776,699,7,125.47841172242453,129.85714285714286,-0.0075924909906461835,4.656317444890737,-2.114408183097839,0.007279735218617134,0.0689208984375,1.0502468377351761,30.714557194709776,0.691562831401825,5.168729305267334,41.131317138671875,31.556825637817383,40.439754486083984,31.92631721496582,0.9731724549612523,2.706143617630005,116.34925842285156,0.925,1.0,0.0,1.0,0.0,0.0,0.028255393728613853,0.19421696662902832,0.0,-0.1194930225610733,-0.06174764409661293,0.024638237431645393,-2.2378549575805664,-2.1229617595672607,-1.9507335424423218,0.0,1.0
716800,700,8,149.8443935543379,138.875,-0.004132924904115498,5.798953227698803,-2.1139390587806703,0.00465516084805131,0.053173828125,1.040120893716812,32.05803554058075,-0.5025289058685303,5.433974266052246,45.0533447265625,31.555871963500977,45.555877685546875,30.46750831604004,0.9703465786710246,2.065412759780884,89.0735092163086,1.0,1.0,0.0,1.0,0.0,0.0,0.019756678491830826,0.19570887088775635,0.0,-0.1179874837398529,-0.06241731718182564,0.02321389690041542,-2.2348859310150146,-2.124295473098755,-1.9535804986953735,0.0,1.0
717824,701,8,148.918009945666,138.75,-0.00325617611524649,5.120044100284576,-2.1157942950725555,0.003903401475690771,0.0307861328125,1.0840534523129464,28.93049011230469,0.6958609223365784,5.160505294799805,43.78648376464844,31.96131134033203,43.09062194824219,32.25054931640625,0.9739303493789803,1.7829926013946533,74.67481231689453,1.0,1.0,0.0,1.0,0.0,0.0,0.034647997468709946,0.19269701838493347,0.0,-0.11710163205862045,-0.062254246324300766,0.022842735052108765,-2.2331385612487793,-2.123976230621338,-1.9543224573135376,0.0,1.0
718848,702,8,139.97966597284218,118.25,-0.005810740788001567,3.8633285775780677,-2.1137143969535828,0.005681574271875434,0.061865234375,0.8676109045743943,27.239353227615357,-0.4996756911277771,4.6678290367126465,48.125709533691406,29.016162872314453,48.62538146972656,28.252033233642578,0.9741208549788561,1.428447961807251,86.76133728027344,0.95,1.0,0.0,1.0,0.0,0.0,0.03924347460269928,0.19275304675102234,0.0,-0.11658748239278793,-0.06174039468169212,0.023503046482801437,-2.232124090194702,-2.1229546070098877,-1.9530025720596313,0.0,1.0
719872,703,6,134.62398381262628,120.16666666666667,-0.004518047161400318,11.702727246284486,-2.115371251106262,0.0011640589480521157,0.0451416015625,1.0405055798590184,43.77815482616425,-1.218296766281128,7.198880672454834,44.42119216918945,29.004348754882812,45.639488220214844,29.569299697875977,0.9383967382259066,1.9096215963363647,114.76272583007812,0.975,1.0,0.0,1.0,0.0,0.0,0.026627907529473305,0.19880932569503784,0.0,-0.11617417633533478,-0.06311696022748947,0.021946653723716736,-2.231308698654175,-2.125704288482666,-1.9561136960983276,0.0,1.0
720896,704,9,142.0795740759847,128.11111111111111,-0.0031953986966982485,3.857677137851715,-2.1200476050376893,0.0020374610845465212,0.0273193359375,1.076498555392027,30.690266025066375,1.7710411548614502,4.611708164215088,42.55435562133789,29.64267921447754,40.78331756591797,30.548816680908203,0.9757959099956888,2.0622613430023193,110.55049133300781,0.975,1.0,0.0,1.0,0.0,0.0,0.0280983354896307,0.20593906939029694,0.0,-0.11614523828029633,-0.06290856003761292,0.022963184863328934,-2.2312514781951904,-2.125286102294922,-1.954081654548645,0.0,1.0
721920,705,7,169.48266352712645,135.14285714285714,-0.006867954868357629,3.3096096381545066,-2.1200247168540955,0.004005785213666968,0.036083984375,1.0764422938227654,33.0818873167038,1.8158968687057495,4.512446880340576,47.859378814697266,28.116376876831055,46.04348373413086,30.69214630126953,0.9742423957108903,1.9400323629379272,137.03260803222656,1.0,1.0,0.0,1.0,0.0,0.0,0.013614989817142487,0.19271808862686157,0.0,-0.11706231534481049,-0.06345465034246445,0.02261960133910179,-2.2330610752105713,-2.126357316970825,-1.9547685384750366,0.0,1.0
722944,706,8,148.62299306791314,140.0,-0.005874994141049683,3.444701924920082,-2.1242015182971956,0.00302496613439871,0.0556884765625,1.0324152171611787,25.63256484270096,-0.3155857026576996,4.334107398986816,45.02227783203125,32.952144622802734,45.337867736816406,33.144996643066406,0.9827005634667867,1.7259374856948853,81.78612518310547,1.0,1.0,0.0,1.0,0.0,0.0,0.025660080835223198,0.2127467691898346,0.0,-0.11935463547706604,-0.06415297836065292,0.023041674867272377,-2.237582206726074,-2.1277377605438232,-1.9539247751235962,0.0,1.0
723968,707,8,155.081765271417,123.875,-0.0064376633614301685,3.109206136316061,-2.128315234184265,0.0030663280631415546,0.052490234375,1.2611183479428292,29.36219205856323,0.7344311475753784,4.510024547576904,49.71685028076172,26.8815860748291,48.982421875,28.23002052307129,0.9718519670241595,2.179258108139038,87.53825378417969,1.0,1.0,0.0,1.0,0.0,0.0,0.03166937455534935,0.1973157525062561,0.0,-0.11941831558942795,-0.06477861851453781,0.022567186504602432,-2.2377078533172607,-2.1289775371551514,-1.9548733234405518,0.0,1.0
724992,708,9,157.95515965228057,134.33333333333334,-0.004799496091436595,7.017304772138596,-2.1312475502490997,0.005375307059148326,0.050439453125,1.1641674414277077,51.50937311649322,1.86249840259552,6.224535942077637,44.81950378417969,30.02741050720215,42.957008361816406,32.498748779296875,0.9570287259121183,2.0386552810668945,169.61172485351562,1.0,1.0,0.0,1.0,0.0,0.0,0.024288475513458252,0.20584364235401154,0.0,-0.12214411795139313,-0.06532757729291916,0.023991670459508896,-2.2430806159973145,-2.130044937133789,-1.9520258903503418,0.0,1.0
726016,709,8,161.93414845795914,133.125,-0.006682743027340621,5.528757691383362,-2.1357029557228087,0.004373288745409809,0.0695556640625,1.0650369286537171,34.89899370670319,0.8939764499664307,5.536022663116455,48.88092041015625,30.61871337890625,47.98694610595703,30.764577865600586,0.9673094790068963,2.236527681350708,103.9256591796875,1.0,1.0,0.0,1.0,0.0,0.0,0.028727224096655846,0.2055971622467041,0.0,-0.12359225004911423,-0.06612302362918854,0.02355230040848255,-2.2459335327148438,-2.1316282749176025,-1.9529041051864624,0.0,1.0
727040,710,5,163.1627019473961,148.0,-0.0042644859291613105,4.434133857488632,-2.140040558576584,0.005565823754295707,0.055029296875,1.2496480837464332,31.24283676147461,1.5612969398498535,4.72970724105835,40.740814208984375,26.751440048217773,39.17951965332031,28.18414306640625,0.9687410666802668,2.8066530227661133,87.31607055664062,1.0,1.0,0.0,1.0,0.0,0.0,0.026282301172614098,0.1853126734495163,0.0,-0.1229153424501419,-0.06677761673927307,0.021130768582224846,-2.2446000576019287,-2.1329400539398193,-1.9577447175979614,0.0,1.0
728064,711,7,155.76802459200636,149.28571428571428,-0.004763509496115148,1.81835652962327,-2.1418790578842164,0.003731941941077821,0.039794921875,1.0110692113637925,17.026737654209136,0.752342700958252,3.3821680545806885,46.64338684082031,28.02297019958496,45.89104461669922,28.385204315185547,0.9854332708971929,1.764338731765747,50.841854095458984,1.0,1.0,0.0,1.0,0.0,0.0,0.027554919943213463,0.18690225481987,0.0,-0.1227327510714531,-0.06670991331338882,0.021856678649783134,-2.2442402839660645,-2.13279128074646,-1.9562935829162598,0.0,1.0
729088,712,8,154.40480978248843,143.0,-0.00445052427239716,3.8221575140953066,-2.1412897288799284,0.006216721689270344,0.051953125,1.0407151371240615,32.72619127035141,1.2505875825881958,4.675135612487793,47.38116455078125,33.7168083190918,46.130577087402344,32.76711654663086,0.9807737096672406,2.8186228275299072,102.73846435546875,1.0,1.0,0.0,1.0,0.0,0.0,0.03294535353779793,0.2136160135269165,0.0,-0.1229461058974266,-0.06657537072896957,0.02233804203569889,-2.2446606159210205,-2.1325342655181885,-1.9553313255310059,0.0,1.0
730112,713,6,180.9536824721554,161.16666666666666,-0.004540768318111077,3.9641967937350273,-2.1406834423542023,0.00576249660080066,0.0598876953125,1.3540194794535636,33.12333619594574,1.3487663269042969,4.768782138824463,43.24406051635742,30.085020065307617,41.895294189453125,30.132104873657227,0.9748745213186587,2.4816670417785645,120.06045532226562,1.0,1.0,0.0,1.0,0.0,0.0,0.022837258875370026,0.1974140703678131,0.0,-0.12200519442558289,-0.06646247953176498,0.022638361901044846,-2.242806911468506,-2.132303237915039,-1.9547309875488281,0.0,1.0
731136,714,7,169.51196843558208,160.42857142857142,-0.006283046561293304,4.476643812656403,-2.14162392616272,0.006353770711575635,0.07646484375,1.1025972172617913,35.19079294204712,0.6213376522064209,5.064042568206787,41.56336212158203,33.683692932128906,40.94202423095703,33.90815353393555,0.9773975579458694,1.9753692150115967,120.19107818603516,1.0,1.0,0.0,1.0,0.0,0.0,0.035438839346170425,0.20209302008152008,0.0,-0.12312987446784973,-0.06730105727910995,0.022826842963695526,-2.245022773742676,-2.1339569091796875,-1.9543542861938477,0.0,1.0
732160,715,8,138.2178191354608,131.5,-0.004929958702996373,4.031365598738193,-2.1488950908184052,0.0027756086812587453,0.0396728515625,1.121304266154766,29.00084846019745,0.24689018726348877,4.654204845428467,47.43408966064453,29.804092407226562,47.18719482421875,30.334049224853516,0.9756140791137787,2.4362199306488037,83.15724182128906,1.0,1.0,0.0,1.0,0.0,0.0,0.03485172986984253,0.19790075719356537,0.0,-0.12474999576807022,-0.06848638504743576,0.022166317328810692,-2.248213768005371,-2.1363089084625244,-1.955674648284912,0.0,1.0
733184,716,5,176.48738109326032,158.0,-0.005749438167549669,3.163794333487749,-2.1559386014938355,0.007588539921562188,0.05654296875,1.1966933637857438,32.46935065984726,1.2778217792510986,4.543221473693848,47.27997970581055,31.9797306060791,46.002159118652344,32.62932205200195,0.9798173470272414,2.6813371181488037,109.48228454589844,1.0,1.0,0.0,1.0,0.0,0.0,0.026807913556694984,0.2094854861497879,0.0,-0.12645688652992249,-0.06994164735078812,0.020419947803020477,-2.2515742778778076,-2.139188051223755,-1.9591658115386963,0.0,1.0
734208,717,8,167.53264662823793,139.75,-0.006131753249792382,6.218644620478154,-2.1612977027893066,0.002998736244626343,0.06484375,1.052168793976307,38.743004536628725,1.120438814163208,5.76998233795166,51.74925994873047,30.7359619140625,50.628822326660156,32.83634567260742,0.9647584258553759,1.7655956745147705,116.13987731933594,1.0,1.0,0.0,1.0,0.0,0.0,0.03297744318842888,0.1981392651796341,0.0,-0.12608130276203156,-0.06998840719461441,0.019392261281609535,-2.2508349418640137,-2.1392974853515625,-1.961220383644104,0.0,1.0
735232,718,8,171.8852268063178,155.875,-0.003743602754548192,4.837422166764736,-2.159674793481827,0.003520223786472343,0.0509765625,1.0563706815242768,34.213169765472415,0.18649473786354065,5.106759548187256,42.44923782348633,31.680849075317383,42.26274108886719,32.458702087402344,0.9740165275149313,1.6651618480682373,109.4703369140625,0.975,1.0,0.0,1.0,0.0,0.0,0.02902735210955143,0.19714204967021942,0.0,-0.1257171481847763,-0.06943270564079285,0.02043338119983673,-2.2501180171966553,-2.138181447982788,-1.9591388702392578,0.0,1.0
736256,719,5,131.8709587461796,128.4,-0.00779890850535594,3.348931239545345,-2.157507228851318,0.005580643337452784,0.07666015625,0.9043989643454552,23.38217873573303,-0.8598648309707642,4.179165363311768,46.14765930175781,26.235816955566406,47.00752639770508,25.03583335876465,0.9746259451209239,1.7855465412139893,76.31006622314453,0.975,1.0,0.0,1.0,0.0,0.0,0.03859040513634682,0.17896194756031036,0.0,-0.12549899518489838,-0.0694376602768898,0.019966401159763336,-2.2496886253356934,-2.138200044631958,-1.9600725173950195,0.0,1.0
737280,720,9,144.44482236899745,141.88888888888889,-0.005569784715771675,2.1417676731944084,-2.1598662197589875,0.005941282483399845,0.0579345703125,1.1284056544303893,20.577712333202363,-1.0776569843292236,3.4699761867523193,47.153770446777344,33.08987808227539,48.231422424316406,33.5119514465332,0.9890032901375766,2.1702280044555664,68.12422943115234,1.0,1.0,0.0,1.0,0.0,0.0,0.023736244067549706,0.19805069267749786,0.0,-0.12519219517707825,-0.07021085172891617,0.017997397109866142,-2.24908447265625,-2.1397461891174316,-1.9640090465545654,0.0,1.0
738304,721,6,163.1760486762672,139.33333333333334,-0.00407749495934695,3.2511966213583947,-2.164232701063156,0.003989745395665522,0.054296875,1.1784835144877435,27.837450897693635,1.732849359512329,4.567981719970703,50.11360168457031,29.311437606811523,48.38075256347656,31.210376739501953,0.9757129645808265,2.5941054821014404,91.38128662109375,1.0,1.0,0.0,1.0,0.0,0.0,0.03451530262827873,0.19739055633544922,0.0,-0.12643180787563324,-0.07088785618543625,0.017576584592461586,-2.2515249252319336,-2.1410892009735107,-1.9648504257202148,0.0,1.0
739328,722,7,180.79743361856336,154.14285714285714,-0.005082416208460927,3.784672312438488,-2.1721463918685915,0.0033045657983166166,0.041455078125,1.0283625826239586,32.95090841054916,2.5181236267089844,4.381764888763428,45.48466491699219,31.305450439453125,42.96654510498047,32.45063018798828,0.9804089253317807,2.1882033348083496,112.09476470947266,1.0,1.0,0.0,1.0,0.0,0.0,0.032218024134635925,0.19863857328891754,0.0,-0.1280408799648285,-0.07317570596933365,0.014730141498148441,-2.2546913623809814,-2.145618438720703,-1.9705418348312378,0.0,1.0
740352,723,8,166.13161973144133,135.875,-0.006177419598679989,2.985025804489851,-2.185546803474426,0.005879838818509597,0.073876953125,1.1853115379810333,25.498077166080474,0.641339123249054,4.196204662322998,43.10454559326172,30.150726318359375,42.46320724487305,31.814983367919922,0.9806305256551645,2.4546937942504883,83.60366821289062,0.975,1.0,0.0,1.0,0.0,0.0,0.019094930961728096,0.20675532519817352,0.0,-0.12984061241149902,-0.07495088130235672,0.01287736464291811,-2.2582316398620605,-2.1491382122039795,-1.9742467403411865,0.0,1.0
741376,724,8,147.85941018983243,135.875,-0.004682114563183859,4.571482738852501,-2.19346878528595,0.0045343724399572235,0.0482177734375,0.929642079770565,28.49763603210449,0.8145670294761658,4.931535720825195,42.62944030761719,33.74311447143555,41.81487274169922,34.88829803466797,0.978640357173438,1.48122239112854,85.34821319580078,0.95,1.0,0.0,1.0,0.0,0.0,0.047238338738679886,0.20261543989181519,0.0,-0.13046373426914215,-0.07583151757717133,0.012713659554719925,-2.2594571113586426,-2.150887966156006,-1.974574089050293,0.0,1.0
742400,725,8,155.65022807506057,126.75,-0.005396817991277203,2.7477116040885448,-2.1995769798755647,0.007618947949958965,0.0595458984375,1.2601086407899857,18.79776920080185,-0.17966163158416748,3.8314411640167236,51.51216125488281,27.43001365661621,51.69182586669922,27.26226043701172,0.9804893241251744,2.2627222537994385,51.571319580078125,1.0,1.0,0.0,1.0,0.0,0.0,0.03183231130242348,0.21126386523246765,0.0,-0.13332505524158478,-0.07717014104127884,0.013897622935473919,-2.2650814056396484,-2.153513193130493,-1.9722065925598145,0.0,1.0
743424,726,7,132.28329762946206,125.0,-0.0041743477107957,8.780856558680535,-2.2065183520317078,0.005255265686719213,0.0506591796875,1.1979793474078178,45.03560464382171,-1.637160301208496,6.3865966796875,48.472808837890625,27.5435848236084,50.10997009277344,26.047334671020508,0.9462351950835325,2.089226245880127,129.54364013671875,1.0,1.0,0.0,1.0,0.0,0.0,0.028683369979262352,0.18604692816734314,0.0,-0.13483385741710663,-0.07802335917949677,0.01390635035932064,-2.268045425415039,-2.1551883220672607,-1.9721890687942505,0.0,1.0
744448,727,8,140.97217005369987,148.875,-0.006881157355383039,3.754767419397831,-2.212358146905899,0.004559064196655527,0.0677734375,1.116165244579315,28.010379099845885,0.5518208742141724,4.549703121185303,32.41625213623047,32.20682907104492,31.86443328857422,33.179725646972656,0.9800441487622177,2.311115264892578,89.45369720458984,1.0,1.0,0.0,1.0,0.0,0.0,0.02526693046092987,0.18991057574748993,0.0,-0.13670149445533752,-0.07947204262018204,0.013737330213189125,-2.2717125415802,-2.158045768737793,-1.972527027130127,0.0,1.0
745472,728,6,171.21577812404954,163.33333333333334,-0.005798108002636582,2.6283173587173225,-2.220104467868805,0.005252677587850485,0.048388671875,1.0703837886452674,30.981444776058197,1.256542444229126,4.196223258972168,47.06269836425781,32.07565689086914,45.806156158447266,33.77976989746094,0.9828854263441779,2.1869261264801025,119.48539733886719,1.0,1.0,0.0,1.0,0.0,0.0,0.04513402655720711,0.1877225935459137,0.0,-0.13538962602615356,-0.08021526783704758,0.012883209623396397,-2.269136905670166,-2.159510374069214,-1.9742350578308105,0.0,1.0
746496,729,7,145.49976819796956,134.0,-0.00412745897192508,4.769915294647217,-2.2221394956111906,0.0046202614670619365,0.0411376953125,1.1038633033633232,28.05427830219269,0.1282273828983307,5.096640110015869,43.696834564208984,30.188289642333984,43.568607330322266,29.610729217529297,0.9714969735605404,2.4141645431518555,74.24568939208984,1.0,1.0,0.0,1.0,0.0,0.0,0.055145155638456345,0.19518117606639862,0.0,-0.13287025690078735,-0.08032120764255524,0.011471034958958626,-2.2641875743865967,-2.159742832183838,-1.9770588874816895,0.0,1.0
747520,730,9,149.89308439851283,138.22222222222223,-0.004354271164629608,4.976011903584004,-2.2227271258831025,0.003023302801011596,0.0566650390625,1.2027528971433639,40.68672909736633,0.4786728024482727,5.650894641876221,41.9818115234375,33.69135665893555,41.50313949584961,34.85694885253906,0.9718682060515117,2.1068525314331055,132.41421508789062,1.0,1.0,0.0,1.0,0.0,0.0,0.052342161536216736,0.19940854609012604,0.0,-0.1316176801919937,-0.08058255165815353,0.011670669540762901,-2.261725902557373,-2.1602585315704346,-1.9766597747802734,0.0,1.0
748544,731,5,163.34531765363027,139.0,-0.0062394019798375664,2.9288746379315853,-2.2283563137054445,0.003868681188032497,0.057666015625,1.149410216510296,34.76942434310913,2.508514881134033,3.7875943183898926,48.64377212524414,29.850221633911133,46.135257720947266,32.40887451171875,0.983899780603368,2.40889573097229,125.55708312988281,1.0,1.0,0.0,1.0,0.0,0.0,0.03848006948828697,0.19272632896900177,0.0,-0.1335790902376175,-0.0822969600558281,0.00940992496907711,-2.265580415725708,-2.163665771484375,-1.9811806678771973,0.0,1.0
749568,732,6,199.70573214629118,169.16666666666666,-0.0041157306288369,3.175649751722813,-2.236634463071823,0.0033705088106216865,0.040283203125,1.0453036345541478,34.0535774230957,2.3569250106811523,3.76000714302063,50.06210708618164,33.560157775878906,47.70518493652344,34.83906936645508,0.9874475254275378,1.8066686391830444,117.23619079589844,0.975,1.0,0.0,1.0,0.0,0.0,0.023475825786590576,0.19381394982337952,0.0,-0.13610631227493286,-0.0829916000366211,0.008958118967711926,-2.2705440521240234,-2.1650338172912598,-1.9820842742919922,0.0,1.0
750592,733,7,168.1471303494748,149.42857142857142,-0.006972917541861534,3.9977273836731912,-2.2405878365039826,0.009681172836280894,0.1111083984375,1.5154471963644027,30.883070039749146,-0.8281011581420898,4.951477527618408,50.907875061035156,30.8883056640625,51.73597717285156,28.801607131958008,0.9743030564472807,3.4216763973236084,96.78236389160156,1.0,1.0,0.0,1.0,0.0,0.0,0.04426167532801628,0.1994430124759674,0.0,-0.1372947245836258,-0.08371854573488235,0.00840424932539463,-2.2728769779205322,-2.1664559841156006,-1.9831918478012085,0.0,1.0
751616,734,8,157.23290581107253,146.0,-0.006365052214823664,8.436626988649369,-2.242301142215729,0.010002262613852508,0.07587890625,1.2945228815078735,47.07821624279022,-1.8188765048980713,6.411162853240967,46.138023376464844,32.033226013183594,47.95690155029297,31.77363395690918,0.9599435664623566,2.749006986618042,133.4139862060547,1.0,1.0,0.0,1.0,0.0,0.0,0.03049938939511776,0.18984709680080414,0.0,-0.1377314329147339,-0.0834554135799408,0.008846362121403217,-2.2737340927124023,-2.1659390926361084,-1.9823077917099,0.0,1.0
752640,735,8,143.19447386429613,129.375,-0.005242514773271978,1.6577830012887715,-2.2405554354190826,0.004776221787324175,0.0618408203125,1.140790194272995,16.125156831741332,-0.4210852384567261,3.3179519176483154,50.17918014526367,30.475975036621094,50.60026168823242,30.51984214782715,0.9881470903202265,2.5101704597473145,51.64158248901367,1.0,1.0,0.0,1.0,0.0,0.0,0.03672349080443382,0.1852990686893463,0.0,-0.13702920079231262,-0.08325203508138657,0.008999465964734554,-2.272355794906616,-2.1655402183532715,-1.982001543045044,0.0,1.0
753664,736,9,146.7890395279056,138.44444444444446,-0.00396770650986582,12.31285427212715,-2.2378778994083404,0.0046747266445891,0.056689453125,1.2646243192255497,48.79834604263306,-0.42630040645599365,7.464822292327881,44.38658905029297,33.808475494384766,44.812889099121094,33.98088455200195,0.951248518471043,2.9494245052337646,115.48054504394531,0.975,1.0,0.0,1.0,0.0,0.0,0.033583369106054306,0.19773635268211365,0.0,-0.13752363622188568,-0.08269872516393661,0.010438092984259129,-2.2733263969421387,-2.164428472518921,-1.9791245460510254,0.0,1.0
754688,737,6,174.06100933814477,147.33333333333334,-0.0043131679529324176,7.886436313390732,-2.2390747666358948,0.005362882552435622,0.0432373046875,1.106105701625347,65.36253743171692,2.424419403076172,6.4344801902771,34.61492156982422,33.08626937866211,32.19050216674805,36.44140625,0.9621791457910187,2.3724029064178467,209.2004852294922,1.0,1.0,0.0,1.0,0.0,0.0,0.028476351872086525,0.19607549905776978,0.0,-0.14117412269115448,-0.08394360542297363,0.010162490420043468,-2.280487298965454,-2.1668753623962402,-1.9796757698059082,0.0,1.0
755712,738,7,144.53616210770255,139.85714285714286,-0.00494672687491402,3.8807662770152094,-2.2452784717082976,0.00544554645603057,0.0488037109375,1.09989695250988,28.457134127616882,0.4776887595653534,5.011529445648193,52.26111602783203,32.663028717041016,51.783424377441406,31.916423797607422,0.9764588516826206,2.2160847187042236,112.99816131591797,1.0,1.0,0.0,1.0,0.0,0.0,0.0406419038772583,0.20036354660987854,0.0,-0.14225400984287262,-0.08427330106496811,0.009659816510975361,-2.282604217529297,-2.1675350666046143,-1.9806809425354004,0.0,1.0
756736,739,9,168.29520178630477,138.44444444444446,-0.007227416709065437,5.673184496164322,-2.244476819038391,0.007048197755648289,0.0672607421875,1.0700580954551697,29.76088879108429,-0.29351770877838135,5.207742214202881,47.8594856262207,30.45858383178711,48.15300750732422,30.57855987548828,0.9707665888162426,2.3394949436187744,81.01956939697266,0.95,1.0,0.0,1.0,0.0,0.0,0.02187623642385006,0.1986939162015915,0.0,-0.14148975908756256,-0.08359672874212265,0.009681900031864643,-2.2811062335968018,-2.166192054748535,-1.9806368350982666,0.0,1.0
757760,740,7,158.86472326088824,138.28571428571428,-0.0034614671836607157,3.5965851336717605,-2.2423782646656036,0.00490720398229314,0.039990234375,1.0515635944902897,28.645258152484892,1.1543914079666138,4.938145637512207,42.389522552490234,32.51435852050781,41.235130310058594,35.31693649291992,0.9769337270858938,2.009458541870117,97.73845672607422,0.975,1.0,0.0,1.0,0.0,0.0,0.026350490748882294,0.19546206295490265,0.0,-0.14212433993816376,-0.08422356098890305,0.007776025217026472,-2.2823500633239746,-2.1674399375915527,-1.9844483137130737,0.0,1.0
758784,741,6,132.87567828340613,117.33333333333333,-0.007742749725002796,3.8308566883206367,-2.2458925187587737,0.00637962142645847,0.056787109375,1.2268740013241768,25.318821287155153,0.27266114950180054,4.774621963500977,43.32505798339844,27.889759063720703,43.05239486694336,28.08833885192871,0.9706918460657493,2.7457010746002197,67.55088806152344,1.0,1.0,0.0,1.0,0.0,0.0,0.02862091362476349,0.19449371099472046,0.0,-0.14118079841136932,-0.0839802697300911,0.006817115470767021,-2.2805004119873047,-2.1669743061065674,-1.9863660335540771,0.0,1.0
759808,742,9,130.86345618687162,132.44444444444446,-0.005218208249425515,4.23877769112587,-2.245922642946243,0.0044440562429372225,0.0438232421875,1.0533818282186984,30.371884739398958,-1.1170547008514404,4.855696201324463,41.09568786621094,36.1193733215332,42.21274185180664,35.88385009765625,0.9819273188040533,1.9119274616241455,83.95712280273438,0.975,1.0,0.0,1.0,0.0,0.0,0.043100785464048386,0.19499291479587555,0.0,-0.1420663297176361,-0.08494473248720169,0.004134417977184057,-2.282236337661743,-2.1689071655273438,-1.9917311668395996,0.0,1.0
760832,743,7,149.64719849047722,146.85714285714286,-0.004312140191905201,5.617308826744557,-2.2553720831871034,0.005582262357347645,0.0386474609375,1.1117648050189017,47.153142142295835,1.7553071975708008,5.5177154541015625,36.923858642578125,34.474918365478516,35.168548583984375,37.64377212524414,0.9743839540281067,2.1209492683410645,156.78756713867188,1.0,1.0,0.0,1.0,0.0,0.0,0.04327578842639923,0.20352253317832947,0.0,-0.1439203917980194,-0.08685220032930374,-0.0013973480090498924,-2.285869836807251,-2.172710418701172,-2.0027947425842285,0.0,1.0
761856,744,7,165.9139056227247,147.71428571428572,-0.003999550419393927,5.456861552596092,-2.2653627753257752,0.003154066184652038,0.0377685546875,1.1413799062371255,39.62119193077088,1.731198787689209,5.3523173332214355,44.78501510620117,32.892608642578125,43.05381774902344,35.41963195800781,0.9735218791348665,2.386617660522461,127.30863189697266,1.0,1.0,0.0,1.0,0.0,0.0,0.0398470014333725,0.1788405179977417,0.0,-0.14571066200733185,-0.08831217139959335,-0.0037024214398115873,-2.2893762588500977,-2.1755967140197754,-2.0074048042297363,0.0,1.0
762880,745,7,179.54080122694216,148.0,-0.004845462879166007,12.075180190801621,-2.273530679941177,0.0036085466941585763,0.04013671875,1.229920120537281,70.44594659805298,1.9991995096206665,8.200688362121582,46.401649475097656,35.53509521484375,44.40245056152344,40.746192932128906,0.9467418967749349,2.364163875579834,200.8336181640625,1.0,1.0,0.0,1.0,0.0,0.0,0.04011453688144684,0.2011915147304535,0.0,-0.14773322641849518,-0.08957690000534058,-0.0049915919080376625,-2.293335437774658,-2.178095817565918,-2.0099830627441406,0.0,1.0
763904,746,4,146.25144182623566,145.5,-0.006478773185517639,5.287000402808189,-2.2793379426002502,0.004077437362866476,0.071484375,0.9881266966462136,38.86145474910736,-0.09509158134460449,5.597629547119141,43.083656311035156,30.575389862060547,43.178749084472656,31.13739013671875,0.9664830675822361,1.836466908454895,115.72331237792969,1.0,1.0,0.0,1.0,0.0,0.0,0.0210321843624115,0.18180063366889954,0.0,-0.14638976752758026,-0.09006491303443909,-0.004720041528344154,-2.290705919265747,-2.179063081741333,-2.0094399452209473,0.0,1.0
764928,747,10,160.15705370520584,149.1,-0.006250026408815756,3.107426731288433,-2.2779104828834535,0.003078645872301422,0.055859375,1.0016695350408553,22.79309860467911,-0.5333833694458008,4.293642044067383,49.5777587890625,33.50829315185547,50.11114501953125,33.312828063964844,0.9835809849905399,1.6203880310058594,88.46235656738281,1.0,1.0,0.0,1.0,0.0,0.0,0.03218591585755348,0.1932789385318756,0.0,-0.14391858875751495,-0.08899379521608353,-0.004826352000236511,-2.2858662605285645,-2.176974058151245,-2.009652614593506,0.0,1.0
765952,748,5,186.2706245399665,159.8,-0.004600495391059667,6.051209986209869,-2.2765306293964387,0.004316776577616111,0.0531494140625,1.4123775288462639,46.6104798078537,2.9680159091949463,5.185072422027588,39.2969970703125,31.682048797607422,36.328983306884766,34.01091384887695,0.9732155236127936,2.5729386806488037,132.36953735351562,1.0,1.0,0.0,1.0,0.0,0.0,0.021946385502815247,0.21353991329669952,0.0,-0.1443830132484436,-0.0901947021484375,-0.005874408408999443,-2.286776065826416,-2.1793415546417236,-2.011748790740967,0.0,1.0
766976,749,10,157.16053875984477,134.4,-0.006416289141634479,6.467516335844993,-2.283369165658951,0.005106042514671572,0.0631103515625,1.2388011187314987,35.07063777446747,-0.178722083568573,5.771823883056641,48.33726119995117,32.19596481323242,48.51598358154297,33.01873779296875,0.9678616748515739,1.681813359260559,93.59593963623047,1.0,1.0,0.0,1.0,0.0,0.0,0.038573428988456726,0.19476595520973206,0.0,-0.14480270445346832,-0.09086094051599503,-0.006003551185131073,-2.287598133087158,-2.180652379989624,-2.012006998062134,0.0,1.0
768000,750,4,129.32681542970593,137.5,-0.0029183790902607143,5.058787009119987,-2.289442753791809,0.0033071866870159282,0.0308349609375,1.3023947082459926,31.85916644334793,-0.6440663933753967,5.069934368133545,42.60163116455078,31.025781631469727,43.245697021484375,31.346317291259766,0.9732970520791546,2.5011610984802246,96.42143249511719,0.95,1.0,0.0,1.0,0.0,0.0,0.034291431307792664,0.19586370885372162,0.0,-0.14637424051761627,-0.09258806705474854,-0.007340873125940561,-2.290675401687622,-2.1840641498565674,-2.014681577682495,0.0,1.0
769024,751,7,169.49383830134067,148.57142857142858,-0.004003116022795438,2.3427389468997717,-2.297136980295181,0.003074323930195533,0.0428955078125,1.2421101033687592,25.35579118728638,1.9492297172546387,3.2569656372070312,44.16545104980469,27.52167510986328,42.216224670410156,29.10725975036621,0.9859952070691251,2.835010290145874,85.14498138427734,1.0,1.0,0.0,1.0,0.0,0.0,0.04379567131400108,0.186741441488266,0.0,-0.14546683430671692,-0.09308186918497086,-0.007142672780901194,-2.2888987064361572,-2.185039520263672,-2.014285087585449,0.0,1.0
770048,752,9,170.3337639426651,151.88888888888889,-0.002704421046655625,4.877079410851001,-2.297768461704254,0.0029588563018478455,0.0318603515625,1.1764542788267136,38.43329648971557,1.8223814964294434,4.9424824714660645,41.81398010253906,33.27000427246094,39.991600036621094,35.21432876586914,0.9779309042381611,2.2977919578552246,123.183349609375,1.0,1.0,0.0,1.0,0.0,0.0,0.0313812792301178,0.19344976544380188,0.0,-0.14597274363040924,-0.0928591713309288,-0.006334088742733002,-2.289889335632324,-2.1845970153808594,-2.0126678943634033,0.0,1.0
771072,753,8,137.5173798306119,130.375,-0.0043588600237853825,2.4015512906014918,-2.298620271682739,0.003038845883565955,0.040087890625,1.0369882829487325,19.958809393644334,0.5213449001312256,3.8486077785491943,37.99214172363281,30.101455688476562,37.470794677734375,29.710044860839844,0.983653217287873,2.180065870285034,64.12230682373047,0.975,1.0,0.0,1.0,0.0,0.0,0.0205127764493227,0.19418451189994812,0.0,-0.14686782658100128,-0.09360448271036148,-0.007768872193992138,-2.2916417121887207,-2.1860668659210205,-2.0155375003814697,0.0,1.0
772096,754,7,138.1921010210322,118.28571428571429,-0.0057271140976808965,3.7149717628955843,-2.300545036792755,0.007284845999674871,0.07470703125,1.1566903732717038,27.268019604682923,-0.46526288986206055,4.651703834533691,50.18732833862305,27.584930419921875,50.652587890625,28.25765037536621,0.9715632220942373,2.2272050380706787,90.47757720947266,0.925,1.0,0.0,1.0,0.0,0.0,0.026506364345550537,0.19364182651042938,0.0,-0.14462345838546753,-0.09298031777143478,-0.007053838577121496,-2.2872469425201416,-2.184842348098755,-2.0141074657440186,0.0,1.0
773120,755,7,158.4488964376695,142.28571428571428,-0.004844537994358689,2.422434986382723,-2.296482193470001,0.006026459715212695,0.0521484375,1.157649816572666,22.934649288654327,1.3833682537078857,3.9855847358703613,40.674339294433594,30.56047821044922,39.29096984863281,31.296199798583984,0.9829915853886659,2.115642786026001,69.26642608642578,1.0,1.0,0.0,1.0,0.0,0.0,0.03085111640393734,0.19924436509609222,0.0,-0.14358781278133392,-0.09277800470590591,-0.006187859922647476,-2.2852182388305664,-2.18444561958313,-2.012375593185425,0.0,1.0
774144,756,8,135.27909991053474,146.25,-0.003792808041907847,3.728137546777725,-2.2977738976478577,0.005776042892830446,0.0541015625,1.1583768881857395,28.165095067024232,-0.022021695971488953,4.68551778793335,43.33594512939453,35.004905700683594,43.357967376708984,34.907779693603516,0.982083328815673,2.7011191844940186,104.5448226928711,0.975,1.0,0.0,1.0,0.0,0.0,0.024652140215039253,0.19327016174793243,0.0,-0.14405518770217896,-0.09333878755569458,-0.005880819633603096,-2.2861337661743164,-2.1855242252349854,-2.011761426925659,0.0,1.0
775168,757,7,158.19642073337292,146.57142857142858,-0.00560872356290929,4.4210331097245215,-2.3034872353076934,0.0012594682775670663,0.036669921875,1.2247839882969855,27.11963883638382,0.8220077753067017,4.77946662902832,38.675071716308594,30.273305892944336,37.85306167602539,31.324560165405273,0.9750747695273881,2.8698253631591797,75.584716796875,1.0,1.0,0.0,1.0,0.0,0.0,0.02004258893430233,0.2028561234474182,0.0,-0.14641627669334412,-0.09472746402025223,-0.006840455811470747,-2.290757656097412,-2.1882731914520264,-2.0136806964874268,0.0,1.0
776192,758,8,138.6972114476608,135.875,-0.004356480570277199,5.35774744451046,-2.308058965206146,0.003868343323119916,0.0468994140625,1.261623951792717,32.892750358581544,-0.17254024744033813,5.220948219299316,44.82533264160156,29.60890769958496,44.99787139892578,28.93461036682129,0.9689076177964866,2.369962692260742,128.70513916015625,1.0,1.0,0.0,1.0,0.0,0.0,0.04351000115275383,0.19314883649349213,0.0,-0.14572498202323914,-0.09452754259109497,-0.006064651533961296,-2.2894043922424316,-2.187877655029297,-2.012129068374634,0.0,1.0
777216,759,7,147.45681288462382,144.14285714285714,-0.004816573514835909,5.9298285529017445,-2.3044230461120607,0.004932488279882819,0.039501953125,1.070709078013897,30.62493793964386,-0.12190809845924377,5.551258563995361,48.15338134765625,34.554603576660156,48.275291442871094,33.402374267578125,0.9741910104979987,2.427832841873169,97.21135711669922,0.975,1.0,0.0,1.0,0.0,0.0,0.021758079528808594,0.19321933388710022,0.0,-0.1440485268831253,-0.09355001896619797,-0.006342498119920492,-2.286120891571045,-2.1859588623046875,-2.0126848220825195,0.0,1.0
778240,760,6,177.0221687141167,146.0,-0.005333181715104729,1.1105547208338975,-2.3023359298706056,0.0034963567537488415,0.0474853515625,1.1399497017264366,17.816912674903868,1.114762306213379,2.806455135345459,45.240543365478516,26.355249404907227,44.12578201293945,27.577880859375,0.9886608136930897,2.265424966812134,63.51559066772461,1.0,1.0,0.0,1.0,0.0,0.0,0.04740139842033386,0.197881817817688,0.0,-0.14435012638568878,-0.09452220797538757,-0.0074251205660402775,-2.2867116928100586,-2.187871217727661,-2.014849901199341,0.0,1.0
779264,761,6,142.3490628361968,142.0,-0.004034936212701723,4.204583631455899,-2.3085590481758116,0.003911686496576294,0.0423828125,1.2169948473572731,36.4195038318634,0.3940417468547821,4.909891128540039,39.45506286621094,32.323028564453125,39.06101989746094,33.51007080078125,0.976926169894786,2.4419307708740234,140.4160919189453,1.0,1.0,0.0,1.0,0.0,0.0,0.027510544285178185,0.19198894500732422,0.0,-0.14406415820121765,-0.09484779089689255,-0.008087856695055962,-2.28615140914917,-2.188521146774292,-2.0161752700805664,0.0,1.0
780288,762,9,156.7349228479737,148.22222222222223,-0.005801321077160537,7.40634024143219,-2.315326851606369,0.007658982629072853,0.055859375,1.1442283615469933,49.34117751121521,3.159374713897705,6.010677814483643,38.845420837402344,35.10139465332031,35.68604278564453,38.1644287109375,0.9706776944605101,2.3897790908813477,151.45028686523438,1.0,1.0,0.0,1.0,0.0,0.0,0.010822792537510395,0.19492210447788239,0.0,-0.14671576023101807,-0.0976024642586708,-0.011798277497291565,-2.291344165802002,-2.1939775943756104,-2.0235955715179443,0.0,1.0
781312,763,6,167.07683578288348,145.83333333333334,-0.006106083490885794,2.158193876594305,-2.3287263453006743,0.004071589675731957,0.0488037109375,1.1694935396313668,29.3314048409462,1.8578356504440308,3.3268415927886963,48.84604263305664,26.489316940307617,46.98820495605469,27.266887664794922,0.9842266961680807,2.441534996032715,109.040771484375,1.0,1.0,0.0,1.0,0.0,0.0,0.03076026774942875,0.19463355839252472,0.0,-0.14961329102516174,-0.09832426905632019,-0.01155737042427063,-2.297013759613037,-2.1953840255737305,-2.02311372756958,0.0,1.0
782336,764,8,147.278954101934,156.0,-0.005970243428600952,5.302441376447677,-2.329413837194443,0.006375844855210744,0.075390625,1.0266048349440098,28.73584278821945,-0.2954515218734741,5.095078945159912,35.471534729003906,36.015933990478516,35.76698684692383,34.593563079833984,0.9799869879625979,2.2158665657043457,101.48768615722656,0.975,1.0,0.0,1.0,0.0,0.0,0.02128198742866516,0.18924783170223236,0.0,-0.1511419117450714,-0.09843284636735916,-0.011499197222292423,-2.3000028133392334,-2.1955974102020264,-2.0229973793029785,0.0,1.0
783360,765,6,147.17658255288822,139.5,-0.005056392110418528,3.5789370015263557,-2.3291913986206056,0.0012649751151911914,0.057421875,1.2064021036028862,22.769184672832488,0.4569474756717682,4.342964172363281,38.89068603515625,29.025583267211914,38.433738708496094,28.578916549682617,0.9776122421347357,2.5202319622039795,67.02955627441406,1.0,1.0,0.0,1.0,0.0,0.0,0.035322461277246475,0.19959691166877747,0.0,-0.1518453061580658,-0.09816094487905502,-0.011041315272450447,-2.301377773284912,-2.195049285888672,-2.0220818519592285,0.0,1.0
784384,766,8,128.31026934019363,136.0,-0.006801906402688474,2.141744325309992,-2.328689378499985,0.005274216042016633,0.0638916015625,1.1565277747809888,20.166197502613066,0.26528382301330566,3.501880168914795,42.05339813232422,35.85512924194336,41.788116455078125,35.5748176574707,0.9904610629724996,2.506059169769287,65.17790222167969,0.95,1.0,0.0,1.0,0.0,0.0,0.052406784147024155,0.18777267634868622,0.0,-0.15173760056495667,-0.0984465703368187,-0.010103175416588783,-2.3011672496795654,-2.195603847503662,-2.0202057361602783,0.0,1.0
785408,767,8,154.93358162617363,125.75,-0.005308498407248408,2.336194558441639,-2.331125181913376,0.003951702814083547,0.0439453125,1.0575610831379891,23.956191623210906,0.1669321358203888,3.8017711639404297,52.786705017089844,28.41047477722168,52.619773864746094,29.557781219482422,0.9820933244063688,2.073587656021118,74.65132141113281,0.975,1.0,0.0,1.0,0.0,0.0,0.043303560465574265,0.18118645250797272,0.0,-0.1503944844007492,-0.09897545725107193,-0.010650565847754478,-2.29854154586792,-2.1966540813446045,-2.0213003158569336,0.0,1.0
786432,768,8,174.84815229705362,148.0,-0.004625062138075009,3.6706160247325896,-2.335585629940033,0.002532091332250275,0.0609130859375,1.056357178092003,38.131979775428775,1.6438701152801514,4.940681457519531,44.75617218017578,28.978670120239258,43.1123046875,29.940134048461914,0.970931887440707,2.2732934951782227,124.6590347290039,0.975,1.0,0.0,1.0,0.0,0.0,0.031441107392311096,0.18462388217449188,0.0,-0.1528427004814148,-0.10001622885465622,-0.013219255022704601,-2.3033270835876465,-2.198714017868042,-2.0264370441436768,0.0,1.0
787456,769,9,145.33225055847436,125.66666666666667,-0.00478550607804209,3.2423189699649813,-2.3393949925899507,0.0038222047296585515,0.048681640625,1.2376625075936318,29.21544954776764,1.8735157251358032,4.234323978424072,42.95499038696289,27.980268478393555,41.08147430419922,29.761089324951172,0.97709847360058,2.6631908416748047,94.30606842041016,1.0,1.0,0.0,1.0,0.0,0.0,0.020485149696469307,0.19243738055229187,0.0,-0.1523592323064804,-0.09982576966285706,-0.013969636522233486,-2.302382230758667,-2.1983487606048584,-2.027937412261963,0.0,1.0
788480,770,4,144.69463902005498,159.25,-0.004702492302749306,3.9451987862586977,-2.3393460631370546,0.005080262894625776,0.0533203125,1.2432826831936836,27.59984712600708,0.6954957246780396,4.614612579345703,43.902095794677734,32.96829605102539,43.20660400390625,33.181640625,0.9804080587601217,2.5386345386505127,90.31743621826172,1.0,1.0,0.0,1.0,0.0,0.0,0.029843367636203766,0.1779358834028244,0.0,-0.15285782516002655,-0.10034283995628357,-0.013961408287286758,-2.303356647491455,-2.199371576309204,-2.027920961380005,0.0,1.0
789504,771,8,177.3569085095593,155.875,-0.007487754983594641,7.219146800041199,-2.3408935487270357,0.007103817857569084,0.0801025390625,1.1187186658382415,41.56277283430099,2.3025577068328857,5.8661112785339355,45.92426681518555,30.1614933013916,43.62171173095703,32.10737228393555,0.9621736070750936,1.7617766857147217,124.58099365234375,1.0,1.0,0.0,1.0,0.0,0.0,0.021498508751392365,0.18267765641212463,0.0,-0.15032589435577393,-0.10008395463228226,-0.013432655483484268,-2.2984073162078857,-2.198857545852661,-2.0268638134002686,0.0,1.0
790528,772,6,144.37164115833798,143.0,-0.005210474715568125,4.551919935643673,-2.3368977844715118,0.00571922711096704,0.0586181640625,1.050238686800003,33.12700734138489,-0.38711047172546387,5.014917850494385,40.94129943847656,30.50873374938965,41.328407287597656,29.713464736938477,0.9729803776581623,2.020866632461548,94.08194732666016,0.975,1.0,0.0,1.0,0.0,0.0,0.03851890191435814,0.1804032027721405,0.0,-0.14699482917785645,-0.09884028881788254,-0.012677875347435474,-2.2918903827667236,-2.196422815322876,-2.0253543853759766,0.0,1.0
791552,773,10,154.94997115897885,144.3,-0.004701139451935887,2.042612521350384,-2.3305933594703676,0.00477951432694681,0.0526611328125,1.2218668691813945,24.209325087070464,1.2068605422973633,3.3480770587921143,38.876197814941406,31.51941680908203,37.669334411621094,32.24030303955078,0.9887167419239608,2.274282932281494,74.44453430175781,0.975,1.0,0.0,1.0,0.0,0.0,0.026344969868659973,0.18453288078308105,0.0,-0.14709359407424927,-0.09867268800735474,-0.011981072835624218,-2.292083740234375,-2.196073055267334,-2.023961067199707,0.0,1.0
792576,774,2,162.0074024363053,149.5,-0.006079764553578571,2.3354969024658203,-2.333754765987396,0.0037667670694645494,0.0714111328125,1.197409138083458,20.912753701210022,0.7383023500442505,3.852926015853882,45.491085052490234,31.009571075439453,44.752784729003906,32.25366973876953,0.9845620437296959,2.064300298690796,75.74854278564453,1.0,1.0,0.0,1.0,0.0,0.0,0.043248653411865234,0.18331046402454376,0.0,-0.1470433920621872,-0.09970370680093765,-0.013649903237819672,-2.291985511779785,-2.1981189250946045,-2.0272982120513916,0.0,1.0
793600,775,8,164.96316529201354,172.0,-0.004392049578018487,5.298618510365486,-2.341575837135315,0.005348456068895757,0.0416748046875,1.239974094927311,42.85200071334839,1.3495084047317505,5.507652282714844,44.81105041503906,38.362464904785156,43.4615478515625,40.381256103515625,0.9793880067745746,2.0734331607818604,133.0725555419922,1.0,1.0,0.0,1.0,0.0,0.0,0.0327754020690918,0.18938295543193817,0.0,-0.1460103690624237,-0.1011148989200592,-0.01698530837893486,-2.2899630069732666,-2.200932741165161,-2.0339672565460205,0.0,1.0
794624,776,7,161.16561672936794,142.42857142857142,-0.004786941444035619,1.7150415986776353,-2.3466298997402193,0.0046241546893725175,0.051025390625,1.1869255587458611,22.58623410463333,0.5759933590888977,3.2913947105407715,42.03369903564453,28.740983963012695,41.457706451416016,29.923362731933594,0.9868853519530079,2.5147688388824463,81.49282836914062,1.0,1.0,0.0,1.0,0.0,0.0,0.0215061753988266,0.19140036404132843,0.0,-0.14446206390857697,-0.10126098990440369,-0.0182381309568882,-2.286930799484253,-2.2012317180633545,-2.0364723205566406,0.0,1.0
795648,777,9,141.8357438935583,132.0,-0.003968359401915223,3.023703008890152,-2.3466660141944886,0.004529126462875866,0.0600830078125,1.189588837325573,20.18151013851166,-0.025498196482658386,4.075080394744873,48.08952713012695,33.72796630859375,48.115028381347656,32.74703598022461,0.9854020432795497,2.7938947677612305,58.07890701293945,1.0,1.0,0.0,1.0,0.0,0.0,0.04865400120615959,0.19038547575473785,0.0,-0.1437169313430786,-0.10120964050292969,-0.019938316196203232,-2.285471200942993,-2.201157808303833,-2.0398714542388916,0.0,1.0
796672,778,3,209.03829690123186,168.33333333333334,-0.0041451854922343045,2.2138332653790713,-2.349192363023758,0.007865717535605655,0.0576171875,1.133421128988266,45.91721408367157,2.6976828575134277,3.508819341659546,44.57669448852539,28.955963134765625,41.87901306152344,31.210983276367188,0.985315942540354,2.4731993675231934,178.25613403320312,0.975,1.0,0.0,1.0,0.0,0.0,0.01930074207484722,0.18945804238319397,0.0,-0.14499028027057648,-0.10227059572935104,-0.02169187366962433,-2.2879655361175537,-2.2032649517059326,-2.043376922607422,0.0,1.0
797696,779,9,164.47122185658705,145.44444444444446,-0.00529122719890438,3.6794248461723327,-2.353145045042038,0.006625914500909857,0.0829833984375,1.1610081687569618,24.549497413635255,0.12305589020252228,4.6370038986206055,50.11517333984375,31.565277099609375,49.99211883544922,31.870038986206055,0.9784197866311899,2.0041439533233643,73.0552749633789,1.0,1.0,0.0,1.0,0.0,0.0,0.028865160420536995,0.17849676311016083,0.0,-0.14504462480545044,-0.10209062695503235,-0.022553080692887306,-2.288071870803833,-2.2029128074645996,-2.0450985431671143,0.0,1.0
798720,780,7,172.0792392741395,152.0,-0.0034561781503725797,2.819805025681853,-2.3552678167819976,0.005449582179426216,0.047021484375,1.249930712580681,42.8270504117012,1.9953314065933228,4.235150337219238,43.54438781738281,29.366867065429688,41.54905700683594,31.115022659301758,0.9792019594558171,2.7756426334381104,173.11300659179688,0.975,1.0,0.0,1.0,0.0,0.0,0.029242239892482758,0.18938307464122772,0.0,-0.1452442705631256,-0.10355714708566666,-0.023809710517525673,-2.2884628772735596,-2.2058157920837402,-2.0476105213165283,0.0,1.0
799744,781,7,147.22163480535025,140.85714285714286,-0.004781477793585509,4.674727232754231,-2.3608231961727144,0.004496124890283682,0.0444580078125,1.0245849534869194,25.71193459033966,-0.21585331857204437,4.587174892425537,48.65167236328125,31.844371795654297,48.867530822753906,31.033599853515625,0.9792496579758457,2.0660901069641113,80.70035552978516,1.0,1.0,0.0,1.0,0.0,0.0,0.04477550461888313,0.19267237186431885,0.0,-0.14420926570892334,-0.10317367315292358,-0.024254705756902695,-2.286435604095459,-2.20505690574646,-2.048499822616577,0.0,1.0
800768,782,8,155.94754864509883,146.125,-0.008045246102847159,7.281164067983627,-2.3572081208229063,0.005189574733958579,0.063525390625,1.1479935951530933,36.48199183940888,0.40978509187698364,6.009789943695068,43.03134536743164,34.25323486328125,42.621559143066406,35.00994110107422,0.9692166829896494,1.9895471334457397,117.20297241210938,0.95,1.0,0.0,1.0,0.0,0.0,0.03130890429019928,0.19029055535793304,0.0,-0.14323970675468445,-0.10294493287801743,-0.02361869439482689,-2.284536123275757,-2.2046000957489014,-2.0472285747528076,0.0,1.0
801792,783,8,148.4705770552622,137.25,-0.007368479575961828,6.658501750230789,-2.356387758255005,0.00644954736053478,0.0673828125,1.0827611967921258,29.420482683181763,-1.2107276916503906,5.605855464935303,49.981319427490234,32.06959533691406,51.192047119140625,31.09583854675293,0.9694439827239237,2.353468179702759,73.32474517822266,1.0,1.0,0.0,1.0,0.0,0.0,0.03344513848423958,0.1869112253189087,0.0,-0.1443672776222229,-0.1026642918586731,-0.022784898057579994,-2.286745309829712,-2.2040529251098633,-2.0455620288848877,0.0,1.0
802816,784,5,163.6188596032052,142.8,-0.0051850130083039405,1.222891601920128,-2.3567992627620695,0.003558091708691791,0.047998046875,1.1682417020201683,18.72524379491806,0.610450029373169,2.921205997467041,43.94272232055664,28.304706573486328,43.332275390625,29.714561462402344,0.9893485915906888,2.022169351577759,68.87805938720703,1.0,1.0,0.0,1.0,0.0,0.0,0.024206846952438354,0.17901363968849182,0.0,-0.14396673440933228,-0.103610098361969,-0.025177640840411186,-2.2859606742858887,-2.205932855606079,-2.050344705581665,0.0,1.0
803840,785,8,166.15840102678112,160.375,-0.004021192481741309,3.2712905652821065,-2.361639451980591,0.005814066671882756,0.0502197265625,1.5126399770379066,39.29453420639038,2.4229891300201416,4.2709197998046875,43.32523727416992,31.59296417236328,40.90224838256836,34.36946487426758,0.9817248037429318,2.823160409927368,142.17843627929688,1.0,1.0,0.0,1.0,0.0,0.0,0.028271866962313652,0.18633759021759033,0.0,-0.14316672086715698,-0.10351172089576721,-0.02677852474153042,-2.284393072128296,-2.205749750137329,-2.053544282913208,0.0,1.0
804864,786,8,161.07355640659193,150.0,-0.0049567981623113155,1.6712355338037015,-2.3610648095607756,0.0045949529128847645,0.045263671875,1.247000314295292,19.199935936927794,0.6853848695755005,3.1483445167541504,40.850337982177734,31.057950973510742,40.16495132446289,31.4064998626709,0.9897241228429219,2.5152945518493652,64.1218032836914,1.0,1.0,0.0,1.0,0.0,0.0,0.029456207528710365,0.17963074147701263,0.0,-0.14296722412109375,-0.10404538363218307,-0.02777867764234543,-2.2840020656585693,-2.2068228721618652,-2.0555431842803955,0.0,1.0
805888,787,6,148.87687612635827,131.33333333333334,-0.004841582453809679,5.4548902153968815,-2.36249435544014,0.005206314104725607,0.0594482421875,1.0189701668918132,30.530103230476378,-0.17903801798820496,5.133875846862793,43.066795349121094,32.548316955566406,43.24583435058594,32.346736907958984,0.9751209541624763,2.6467766761779785,87.47615051269531,0.925,1.0,0.0,1.0,0.0,0.0,0.03090011142194271,0.17772050201892853,0.0,-0.14261233806610107,-0.10346263647079468,-0.02659056894481182,-2.28330659866333,-2.20566463470459,-2.053168535232544,0.0,1.0
806912,788,6,153.31276980172422,150.83333333333334,-0.002835531183518469,7.109560486674309,-2.3640463411808015,0.0034511498844949527,0.0371826171875,1.0213188380002975,39.81507973670959,1.2917157411575317,5.8833184242248535,47.86041259765625,30.225704193115234,46.568695068359375,31.945941925048828,0.9621128552041338,1.9005417823791504,129.39794921875,1.0,1.0,0.0,1.0,0.0,0.0,0.04606478288769722,0.18662403523921967,0.0,-0.14447873830795288,-0.1052367091178894,-0.02987491339445114,-2.28696346282959,-2.2091777324676514,-2.059731960296631,0.0,1.0
807936,789,8,174.31566871946444,163.25,-0.004695468803402036,8.571438997983932,-2.375711715221405,0.0035933098872192202,0.0408935546875,1.077130837738514,51.27677538394928,1.6949411630630493,6.652552127838135,40.788429260253906,35.90217590332031,39.09348678588867,38.50159454345703,0.9656651674360822,2.332852363586426,168.6297607421875,1.0,1.0,0.0,1.0,0.0,0.0,0.030393624678254128,0.1898619830608368,0.0,-0.14485673606395721,-0.10693750530481339,-0.03166919946670532,-2.2877039909362793,-2.2125470638275146,-2.06331729888916,0.0,1.0
808960,790,5,146.90856015024696,160.6,-0.004974973597563803,3.7922705173492433,-2.384259742498398,0.006190969864837826,0.053271484375,1.1010463766753673,26.93960154056549,0.11106004565954208,4.392889499664307,39.38288879394531,32.737815856933594,39.27183151245117,32.067832946777344,0.9819946667980785,2.07942533493042,77.37133026123047,0.975,1.0,0.0,1.0,0.0,0.0,0.03287084773182869,0.17972134053707123,0.0,-0.1461087167263031,-0.1079656258225441,-0.03287205100059509,-2.2901556491851807,-2.2145678997039795,-2.065720319747925,0.0,1.0
809984,791,6,172.86094631761293,161.33333333333334,-0.004567580507136881,2.392821453511715,-2.3888823807239534,0.004470257152570411,0.0462646484375,1.0279742494225501,24.95549099445343,1.7782940864562988,3.7329225540161133,42.22542190551758,29.100183486938477,40.44712829589844,30.546781539916992,0.9835446736186643,1.7672287225723267,76.39485931396484,0.975,1.0,0.0,1.0,0.0,0.0,0.029113488271832466,0.17154093086719513,0.0,-0.1460024118423462,-0.10864568501710892,-0.03452606871724129,-2.289947509765625,-2.215925693511963,-2.0690248012542725,0.0,1.0
811008,792,7,153.86126096567153,153.0,-0.004885388119146228,2.5053164012730123,-2.392805778980255,0.005672097916249186,0.060400390625,1.3422649696469307,21.216820180416107,0.8652727603912354,3.652587890625,50.882537841796875,34.815433502197266,50.01726531982422,33.47848892211914,0.9889932850549281,3.7133708000183105,55.7259407043457,1.0,1.0,0.0,1.0,0.0,0.0,0.04771195352077484,0.1914946734905243,0.0,-0.14635023474693298,-0.10917153209447861,-0.03549949452280998,-2.290628433227539,-2.2169606685638428,-2.0709691047668457,0.0,1.0
812032,793,6,191.69028915056728,157.0,-0.004675661789951846,1.930565383285284,-2.396006566286087,0.004638407257152722,0.0509033203125,1.327501368522644,21.32465969324112,1.1824148893356323,3.2726354598999023,50.74972915649414,32.34535598754883,49.567317962646484,32.59013748168945,0.9897630332281089,2.441309690475464,70.13539123535156,1.0,1.0,0.0,1.0,0.0,0.0,0.03809706121683121,0.19898292422294617,0.0,-0.14814022183418274,-0.10996002703905106,-0.03610985353589058,-2.2941319942474365,-2.2185211181640625,-2.072188377380371,0.0,1.0
813056,794,9,175.08408990096808,147.88888888888889,-0.004115555435419083,6.206831791996956,-2.4037783563137056,0.004143130205920898,0.0390625,1.2652233302593232,51.77133393287659,1.4367601871490479,6.1289381980896,45.091819763183594,30.88492774963379,43.65505599975586,33.19612503051758,0.9606198598823981,2.4502878189086914,192.28268432617188,0.975,1.0,0.0,1.0,0.0,0.0,0.03153368458151817,0.18785370886325836,0.0,-0.14861585199832916,-0.11173876374959946,-0.038088828325271606,-2.29506254196167,-2.222031831741333,-2.076140880584717,0.0,1.0
814080,795,6,140.44455912005563,129.16666666666666,-0.006305264146067202,11.812082427740098,-2.4104976058006287,0.003807913328637369,0.065673828125,0.9395071685314178,45.793198871612546,0.15698105096817017,7.360252857208252,46.286712646484375,28.768104553222656,46.12972640991211,29.87598419189453,0.9345419554263585,1.3909132480621338,139.10308837890625,1.0,1.0,0.0,1.0,0.0,0.0,0.025345578789711,0.1771807074546814,0.0,-0.14896680414676666,-0.11199411749839783,-0.03972816839814186,-2.2957491874694824,-2.2225496768951416,-2.0794146060943604,0.0,1.0
815104,796,6,175.79640639692147,167.16666666666666,-0.0072828330681659285,2.933543736115098,-2.4120507180690764,0.00314874256728217,0.059716796875,1.0462606877088547,25.55611206293106,1.6722843647003174,4.047028541564941,45.68699264526367,35.2998161315918,44.01470947265625,35.88676452636719,0.9868559972145711,1.818404197692871,83.37545013427734,0.95,1.0,0.0,1.0,0.0,0.0,0.04282410815358162,0.1848185509443283,0.0,-0.150782972574234,-0.11255241185426712,-0.03888542205095291,-2.2993011474609375,-2.2236328125,-2.0777316093444824,0.0,1.0
816128,797,9,164.93755083345883,146.22222222222223,-0.0037529476394411176,8.727599173784256,-2.4124436736106873,0.0064642704790458085,0.05791015625,1.2551652237772941,49.53388991355896,0.08047372102737427,6.551191329956055,49.31159210205078,31.357070922851562,49.231117248535156,30.6505184173584,0.956351468111537,2.476525068283081,155.03109741210938,1.0,1.0,0.0,1.0,0.0,0.0,0.03159710764884949,0.19446764886379242,0.0,-0.14990054070949554,-0.11186870187520981,-0.03862069547176361,-2.2975754737854004,-2.2222836017608643,-2.0772030353546143,0.0,1.0
817152,798,6,169.75132576150656,146.0,-0.005378464830573648,2.288071121275425,-2.41039000749588,0.0070247106632450595,0.063134765625,1.267547044157982,20.174459451436995,0.21461749076843262,3.464059829711914,51.59601593017578,31.94028663635254,51.38139724731445,31.209062576293945,0.9882376742730737,2.3957316875457764,67.34927368164062,1.0,1.0,0.0,1.0,0.0,0.0,0.03305290266871452,0.19865962862968445,0.0,-0.15195222198963165,-0.11214197427034378,-0.03808874636888504,-2.301586866378784,-2.222809076309204,-2.0761406421661377,0.0,1.0
818176,799,6,177.677080371939,143.5,-0.004719984659459442,1.7945194147527217,-2.41295245885849,0.00447583423811011,0.0635498046875,1.3196558944880963,26.567638623714448,1.5465143918991089,2.964343309402466,47.12872314453125,30.139854431152344,45.582210540771484,30.805572509765625,0.9903266986277969,3.3476366996765137,90.9129867553711,0.975,1.0,0.0,1.0,0.0,0.0,0.037299372255802155,0.20539648830890656,0.0,-0.15222766995429993,-0.11247967928647995,-0.038427095860242844,-2.3021252155303955,-2.223478078842163,-2.0768163204193115,0.0,1.0
819200,800,7,177.41558260621306,151.0,-0.004920080601004883,11.36417776942253,-2.417269289493561,0.004458754957886413,0.0685546875,1.2876083120703696,62.04171631336212,1.0356500148773193,7.336857795715332,48.493927001953125,33.03805160522461,47.458274841308594,35.40098571777344,0.9506836059382373,2.43631649017334,192.08140563964844,1.0,1.0,0.0,1.0,0.0,0.0,0.03098585270345211,0.2006358504295349,0.0,-0.15284350514411926,-0.11385463923215866,-0.040177542716264725,-2.303328514099121,-2.22619891166687,-2.0803117752075195,0.0,1.0
820224,801,8,139.06604799728856,138.875,-0.006217950186692178,6.093966978788376,-2.4226846218109133,0.004459080097149126,0.08095703125,1.3433105438947677,43.091082501411435,-1.4914382696151733,5.487514495849609,45.333984375,30.90970802307129,46.82542037963867,29.776147842407227,0.9684817889018109,3.171163558959961,173.77706909179688,1.0,1.0,0.0,1.0,0.0,0.0,0.02625015191733837,0.17849275469779968,0.0,-0.15256859362125397,-0.11405434459447861,-0.04031137004494667,-2.3027913570404053,-2.226578950881958,-2.0805790424346924,0.0,1.0
821248,802,6,127.25085821246876,130.5,-0.005866911972407252,3.064712955057621,-2.4239064514636994,0.005201713371207006,0.0597900390625,0.9928088337182999,29.990682911872863,-1.4703218936920166,3.842803955078125,42.04331588745117,33.84917068481445,43.513641357421875,32.63169479370117,0.9871115605542822,1.9748387336730957,87.74806213378906,1.0,1.0,0.0,1.0,0.0,0.0,0.01836150884628296,0.18263015151023865,0.0,-0.15239401161670685,-0.11440662294626236,-0.03936604782938957,-2.302450180053711,-2.227250814437866,-2.0786914825439453,0.0,1.0
822272,803,9,148.8982954171864,135.66666666666666,-0.0049886321648955345,3.758770123869181,-2.424517887830734,0.006898618035484106,0.06201171875,1.1686277136206626,28.537527763843535,-1.0285335779190063,4.821751594543457,46.982398986816406,32.157249450683594,48.010929107666016,33.4991569519043,0.9775171204429485,2.671543836593628,93.9639663696289,1.0,1.0,0.0,1.0,0.0,0.0,0.03971509262919426,0.2059912085533142,0.0,-0.15238511562347412,-0.11419109255075455,-0.03829646855592728,-2.3024330139160156,-2.2268269062042236,-2.0765554904937744,0.0,1.0
823296,804,7,154.19501387327952,146.14285714285714,-0.004503307421691716,3.445089590549469,-2.424475383758545,0.0023513855237979444,0.03994140625,1.2103811532258988,35.584704995155334,0.8702375888824463,4.870689392089844,47.828956604003906,36.69265365600586,46.958717346191406,39.39630126953125,0.9823793252097506,2.0465636253356934,122.3487548828125,1.0,1.0,0.0,1.0,0.0,0.0,0.04789820313453674,0.20424242317676544,0.0,-0.15526427328586578,-0.11481345444917679,-0.03539741411805153,-2.3080570697784424,-2.227987766265869,-2.070765256881714,0.0,1.0
824320,805,7,169.033086331225,155.28571428571428,-0.0060225699911825355,4.870916573703289,-2.4296201050281523,0.005549072602298111,0.0595947265625,1.2148400783538817,38.40711333751678,0.1999627649784088,5.320972919464111,45.05438232421875,34.04643249511719,44.85441589355469,34.80403518676758,0.9755747599551097,2.2992188930511475,133.29737854003906,1.0,1.0,0.0,1.0,0.0,0.0,0.037219155579805374,0.20566053688526154,0.0,-0.15657664835453033,-0.11565232276916504,-0.03547976166009903,-2.3106191158294678,-2.2296321392059326,-2.070929765701294,0.0,1.0
825344,806,5,179.49038083436076,154.0,-0.00456534928525798,1.6078125774860381,-2.4369783461093903,0.00214058744313661,0.0440673828125,1.2335215285420418,23.417390060424804,1.072983980178833,2.919353485107422,48.708526611328125,31.00594139099121,47.63554000854492,32.399139404296875,0.9911349018997448,2.270700693130493,84.81525421142578,1.0,1.0,0.0,1.0,0.0,0.0,0.021912651136517525,0.2070053219795227,0.0,-0.1585068255662918,-0.11755727976560593,-0.03655370697379112,-2.314385175704956,-2.233376979827881,-2.0730748176574707,0.0,1.0
826368,807,8,188.03201375099133,156.875,-0.004741812346037477,2.7192175574600697,-2.446167677640915,0.0055545996699947866,0.049658203125,1.3656423069536685,36.65700340270996,2.3012945652008057,3.9576563835144043,48.512786865234375,30.75763511657715,46.21149444580078,33.718353271484375,0.9834434319548755,2.777430772781372,130.03843688964844,0.975,1.0,0.0,1.0,0.0,0.0,0.028557760640978813,0.20902444422245026,0.0,-0.16006819903850555,-0.1184053048491478,-0.036320026963949203,-2.317430019378662,-2.2350080013275146,-2.072608232498169,0.0,1.0
827392,808,8,161.9721700116981,148.0,-0.007381047261878848,3.637534611672163,-2.450947242975235,0.007926628543646074,0.0692138671875,1.105736780166626,29.065767288208008,1.005605936050415,4.222241401672363,40.37549591064453,31.36734390258789,39.36989212036133,31.274534225463867,0.9818811483376866,1.6928443908691406,86.54981994628906,1.0,1.0,0.0,1.0,0.0,0.0,0.013882874511182308,0.20066127181053162,0.0,-0.16121520102024078,-0.11938810348510742,-0.036822155117988586,-2.3196659088134766,-2.2369496822357178,-2.07361102104187,0.0,1.0
828416,809,7,152.8739924180197,129.0,-0.005763863085303455,1.4352714382112026,-2.458113080263138,0.005873294128105044,0.0645263671875,1.1042448349297047,17.1719924390316,0.3996570110321045,3.212369680404663,47.067108154296875,27.413665771484375,46.667449951171875,28.446500778198242,0.9862685353303696,2.376084089279175,60.56202697753906,0.95,1.0,0.0,1.0,0.0,0.0,0.019612416625022888,0.19480280578136444,0.0,-0.16266502439975739,-0.12104976922273636,-0.03872644901275635,-2.322490692138672,-2.240200996398926,-2.0774142742156982,0.0,1.0
829440,810,7,155.5784315286085,135.14285714285714,-0.003924663399811834,7.154266947507859,-2.465335261821747,0.004189551298622973,0.0526123046875,1.1529491610825062,39.87070636749267,0.172077938914299,6.019881248474121,48.06678009033203,29.588788986206055,47.89470291137695,31.203662872314453,0.9586075244693112,2.983610153198242,121.13670349121094,0.975,1.0,0.0,1.0,0.0,0.0,0.02657840959727764,0.1856239289045334,0.0,-0.16327837109565735,-0.12125978618860245,-0.03941187262535095,-2.32368540763855,-2.240638494491577,-2.0787830352783203,0.0,1.0
830464,811,9,139.38349264464307,125.77777777777777,-0.005290545942261815,4.242285016179085,-2.466027730703354,0.0018015283247223123,0.0498291015625,1.3439258813858033,22.986246585845947,-0.33797332644462585,4.591856956481934,49.245018005371094,29.349185943603516,49.58299255371094,29.25617218017578,0.9755215105515541,2.5720832347869873,64.4653549194336,1.0,1.0,0.0,1.0,0.0,0.0,0.04213852062821388,0.20707771182060242,0.0,-0.16214203834533691,-0.12159264832735062,-0.04114241898059845,-2.321471929550171,-2.2413077354431152,-2.0822384357452393,0.0,1.0
831488,812,9,131.78912519226878,114.55555555555556,-0.006186670923489146,6.409604012966156,-2.4642895817756654,0.0045743228605715554,0.067626953125,1.054515966027975,48.90566825866699,-2.0550971031188965,5.465915679931641,50.24427795410156,32.27216720581055,52.29936981201172,29.83629608154297,0.9713140253291588,2.3829379081726074,147.33470153808594,0.975,1.0,0.0,1.0,0.0,0.0,0.03551790118217468,0.19456231594085693,0.0,-0.16129206120967865,-0.1204134151339531,-0.04093474522233009,-2.3198156356811523,-2.2390100955963135,-2.0818238258361816,0.0,1.0
832512,813,5,158.31548747266766,131.4,-0.007096436771098525,1.908424850180745,-2.4621386528015137,0.005482035028398969,0.0674072265625,1.2496200695633888,19.985180246829987,-0.04959973692893982,3.509121894836426,43.336814880371094,32.06039810180664,43.38642120361328,33.69485855102539,0.9880199361794981,2.114300489425659,63.103118896484375,1.0,1.0,0.0,1.0,0.0,0.0,0.03881063684821129,0.2058427333831787,0.0,-0.16149070858955383,-0.12164947390556335,-0.043179288506507874,-2.3202028274536133,-2.2414371967315674,-2.0863049030303955,0.0,1.0
833536,814,9,153.4262442530571,145.44444444444446,-0.0052853988076094535,4.1311755061149595,-2.469359982013702,0.008548011429957115,0.0875732421875,1.5220230296254158,29.08909752368927,0.5395727753639221,4.843413352966309,46.92109680175781,31.623788833618164,46.38152313232422,33.461708068847656,0.9765428512104745,2.8175721168518066,88.43619537353516,1.0,1.0,0.0,1.0,0.0,0.0,0.032738085836172104,0.20384277403354645,0.0,-0.1630241721868515,-0.12223289161920547,-0.04359669238328934,-2.323190212249756,-2.242589235305786,-2.0871381759643555,0.0,1.0
834560,815,7,164.94433340229753,149.0,-0.004733049595961348,4.840873521566391,-2.4708607137203216,0.005733122114907019,0.045458984375,1.291408471763134,42.9896071434021,2.4066874980926514,5.022541522979736,35.47472381591797,30.944461822509766,33.068031311035156,32.48808288574219,0.9736560347820128,2.912832260131836,162.44021606445312,1.0,1.0,0.0,1.0,0.0,0.0,0.0027829904574900866,0.19891898334026337,0.0,-0.16336938738822937,-0.12211181968450546,-0.04293700307607651,-2.3238625526428223,-2.242351770401001,-2.0858211517333984,0.0,1.0
835584,816,8,160.80615297907417,147.375,-0.005457609886070714,3.795646993815899,-2.4724025070667266,0.0041406116826692594,0.0490478515625,1.2201601698994637,37.01117122173309,2.831200361251831,4.355081081390381,41.80040740966797,29.070096969604492,38.969207763671875,31.898000717163086,0.9775560355550849,2.2165732383728027,118.96703338623047,1.0,1.0,0.0,1.0,0.0,0.0,0.024025311693549156,0.19866694509983063,0.0,-0.16407270729541779,-0.12308739870786667,-0.04371875524520874,-2.3252322673797607,-2.2442564964294434,-2.0873818397521973,0.0,1.0
836608,817,7,154.46970523463924,129.57142857142858,-0.005563599360175431,2.16426659822464,-2.4757672905921937,0.005921985133318231,0.0570556640625,1.1992156133055687,18.834738063812257,0.41398388147354126,3.5234804153442383,52.49089813232422,28.962371826171875,52.0769157409668,28.77058982849121,0.9851995300280334,2.090430498123169,59.87035369873047,1.0,1.0,0.0,1.0,0.0,0.0,0.03561459109187126,0.192556694149971,0.0,-0.16345514357089996,-0.122765451669693,-0.04330497607588768,-2.3240296840667725,-2.2436368465423584,-2.0865559577941895,0.0,1.0
837632,818,7,151.41675369254173,140.85714285714286,-0.0045740214409306645,5.197463683784008,-2.4754845976829527,0.006353488005697727,0.045849609375,1.1490619026124478,30.125556528568268,-0.7180700898170471,5.096724987030029,44.151283264160156,31.4691104888916,44.869346618652344,30.68505096435547,0.973769082093109,2.293419361114502,88.17483520507812,0.975,1.0,0.0,1.0,0.0,0.0,0.03584204241633415,0.19123560190200806,0.0,-0.16245810687541962,-0.12330406904220581,-0.04554985836148262,-2.322087526321411,-2.244717836380005,-2.091036796569824,0.0,1.0
838656,819,9,153.56627043519268,135.0,-0.004691447236109525,7.549002924561501,-2.4782842874526976,0.0034380435419734566,0.0546630859375,1.0965619951486587,48.46276215314865,1.371063232421875,6.3308515548706055,40.85993576049805,31.8909854888916,39.488868713378906,33.232948303222656,0.9605916370068268,2.0104846954345703,167.6656494140625,1.0,1.0,0.0,1.0,0.0,0.0,0.02435923181474209,0.1979445368051529,0.0,-0.16503924131393433,-0.12358874082565308,-0.0443202443420887,-2.3271138668060303,-2.245250940322876,-2.0885825157165527,0.0,1.0
839680,820,7,144.29603044165,128.28571428571428,-0.003009644348639995,0.9770623510703444,-2.4801634728908537,0.0022017217270331457,0.0289794921875,1.2840885370969772,13.124573391675948,0.6183501482009888,2.500077724456787,48.08731460571289,27.598562240600586,47.468963623046875,27.6791934967041,0.991793951842485,2.663332462310791,38.49876403808594,1.0,1.0,0.0,1.0,0.0,0.0,0.03988848999142647,0.19619816541671753,0.0,-0.16515186429023743,-0.1241326630115509,-0.04522562399506569,-2.3273329734802246,-2.2463128566741943,-2.0903897285461426,0.0,1.0
840704,821,5,156.9317249602264,137.4,-0.0055391548434272405,2.8359078995883467,-2.4791879653930664,0.0038674222596455365,0.04912109375,1.1835711747407913,20.53099148273468,0.41867274045944214,3.823355197906494,43.652950286865234,28.905715942382812,43.234275817871094,29.708255767822266,0.9825046828447361,2.1475698947906494,59.89704513549805,0.975,1.0,0.0,1.0,0.0,0.0,0.030986404046416283,0.19338834285736084,0.0,-0.1637307107448578,-0.12278897315263748,-0.04348011687397957,-2.32456636428833,-2.2436625957489014,-2.0869054794311523,0.0,1.0
841728,822,9,142.0643100854337,139.77777777777777,-0.004417808342259378,2.6002755351364613,-2.4741289019584656,0.0036172691819956527,0.0460693359375,1.397755178809166,21.055424070358278,1.090201735496521,3.90720272064209,47.408695220947266,34.61372756958008,46.3184928894043,35.39461898803711,0.9872580719579918,2.7989814281463623,82.79290771484375,1.0,1.0,0.0,1.0,0.0,0.0,0.03564070537686348,0.19184890389442444,0.0,-0.16403715312480927,-0.12307465076446533,-0.04254218563437462,-2.325162887573242,-2.2442104816436768,-2.0850331783294678,0.0,1.0
842752,823,7,180.1509822776744,150.42857142857142,-0.007535891013685614,3.2506576031446457,-2.4795217990875242,0.006037873233435675,0.081591796875,1.1987695410847663,31.016393959522247,2.3405613899230957,3.995847463607788,48.0716667175293,30.50115203857422,45.73110580444336,32.29372024536133,0.9828373121289249,2.126375198364258,107.47598266601562,1.0,1.0,0.0,1.0,0.0,0.0,0.02925642393529415,0.2097083032131195,0.0,-0.16474834084510803,-0.12456601858139038,-0.045475322753190994,-2.326547622680664,-2.2471799850463867,-2.090888023376465,0.0,1.0
843776,824,8,168.39417616974652,141.75,-0.006663667247630655,3.62465153336525,-2.4856379330158234,0.007296650079661049,0.0643310546875,1.0819206565618515,20.513274681568145,0.2650277614593506,4.248023986816406,48.19333267211914,29.252025604248047,47.92830276489258,28.957265853881836,0.9789107077213625,2.057583808898926,55.91707992553711,0.975,1.0,0.0,1.0,0.0,0.0,0.03841438889503479,0.21166808903217316,0.0,-0.166555255651474,-0.12471261620521545,-0.04503270611166954,-2.330064058303833,-2.2474400997161865,-2.0900046825408936,0.0,1.0
844800,825,6,134.49837819446097,131.5,-0.003298707859357819,3.680501712858677,-2.4847263038158416,0.0038237429020227865,0.05791015625,1.2481376692652701,33.80477652549744,-1.1174806356430054,4.546989917755127,46.385292053222656,31.13682746887207,47.50277328491211,29.722301483154297,0.9786745023080894,2.551327705383301,114.77574920654297,1.0,1.0,0.0,1.0,0.0,0.0,0.03970221430063248,0.19693894684314728,0.0,-0.16667358577251434,-0.1244601234793663,-0.043828804045915604,-2.330294370651245,-2.2469277381896973,-2.08760142326355,0.0,1.0
845824,826,8,166.0288372720939,146.5,-0.003829582792241126,2.492866663262248,-2.4850468575954436,0.005270304693840444,0.048291015625,1.2357043325901031,28.243577980995177,1.969877004623413,3.7706453800201416,44.186363220214844,31.138267517089844,42.21648406982422,33.479042053222656,0.9853363365822179,2.0993499755859375,104.18562316894531,1.0,1.0,0.0,1.0,0.0,0.0,0.03274235501885414,0.19229093194007874,0.0,-0.16696520149707794,-0.12498661130666733,-0.04560638964176178,-2.3308615684509277,-2.2479779720306396,-2.0911495685577393,0.0,1.0
846848,827,7,147.4366356228731,143.42857142857142,-0.006816969532519579,5.19097036421299,-2.4867080986499785,0.007751306038699113,0.062939453125,1.3301810324192047,30.968434119224547,-0.7546547055244446,5.109272003173828,40.30194091796875,33.3241081237793,41.05659484863281,32.33196258544922,0.97649279771172,4.014222145080566,89.51201629638672,1.0,1.0,0.0,1.0,0.0,0.0,0.021733449772000313,0.1973515748977661,0.0,-0.1676909327507019,-0.1245252788066864,-0.044641461223363876,-2.332273244857788,-2.247084140777588,-2.089223623275757,0.0,1.0
847872,828,8,160.80492905973858,149.0,-0.0046709432732313875,9.671221873164177,-2.484843635559082,0.004403066012309864,0.06162109375,1.255553388595581,47.82508590221405,0.15407907962799072,7.080818176269531,46.35745620727539,32.78177261352539,46.20337677001953,33.53822326660156,0.9533445878734665,2.3954355716705322,134.96377563476562,1.0,1.0,0.0,1.0,0.0,0.0,0.031042015179991722,0.20528368651866913,0.0,-0.1673761010169983,-0.12486500293016434,-0.04385387524962425,-2.331660747528076,-2.247713804244995,-2.087651491165161,0.0,1.0
848896,829,8,137.78265380823913,128.5,-0.00634450395591557,2.760835801810026,-2.4892066597938536,0.003439829859416932,0.05703125,1.1787373952567577,24.290497195720672,-0.1478675901889801,4.227198600769043,47.53659439086914,29.782289505004883,47.68446350097656,29.995906829833984,0.9798539891298415,2.019577741622925,69.82167053222656,0.975,1.0,0.0,1.0,0.0,0.0,0.031181305646896362,0.19560536742210388,0.0,-0.17148418724536896,-0.12593604624271393,-0.04232411831617355,-2.3396456241607666,-2.249781370162964,-2.0845978260040283,0.0,1.0
849920,830,7,139.889468409673,118.0,-0.003865860460791737,1.7483670495450496,-2.4930289804935457,0.004614553664578125,0.0375732421875,1.261179481446743,18.780450236797332,0.09723883867263794,3.5259244441986084,49.07571792602539,30.531068801879883,48.978477478027344,30.792678833007812,0.9866628820015837,2.4523186683654785,73.25394439697266,1.0,1.0,0.0,1.0,0.0,0.0,0.03561852499842644,0.2080061137676239,0.0,-0.17189887166023254,-0.12600384652614594,-0.04040196165442467,-2.3404510021209717,-2.2498652935028076,-2.0807600021362305,0.0,1.0
850944,831,7,164.71280751105846,145.85714285714286,-0.004516688629519194,1.7753371879458428,-2.4929047524929047,0.005396165506681427,0.0647705078125,1.2669492796063424,14.666783237457276,0.3994247615337372,2.8873825073242188,39.74962615966797,31.75750732421875,39.350196838378906,31.724401473999023,0.9917336117108818,1.9868086576461792,33.86759948730469,1.0,1.0,0.0,1.0,0.0,0.0,0.03213738277554512,0.20000587403774261,0.0,-0.1733458936214447,-0.12611128389835358,-0.03886904567480087,-2.3432605266571045,-2.2500650882720947,-2.0776989459991455,0.0,1.0
851968,832,9,135.9958579190177,131.33333333333334,-0.004074005968868732,2.879858669638634,-2.494106787443161,0.002812497393460944,0.061376953125,1.2572932362556457,16.835628151893616,-0.013128034770488739,3.858595132827759,47.769588470458984,30.499595642089844,47.782718658447266,29.86418342590332,0.9839944639129263,2.977349042892456,50.42345428466797,1.0,1.0,0.0,1.0,0.0,0.0,0.03038698621094227,0.19860033690929413,0.0,-0.17331312596797943,-0.12630291283130646,-0.03925701230764389,-2.3431968688964844,-2.2504451274871826,-2.0784738063812256,0.0,1.0
852992,833,5,157.38512750391428,138.0,-0.0062666669953614475,2.1640641890466212,-2.4938670098781586,0.007985835417639465,0.0709228515625,1.1941682294011116,20.807172214984895,-0.12473508715629578,3.7269461154937744,43.99284744262695,30.717199325561523,44.117584228515625,30.871652603149414,0.985278807145909,2.253098964691162,62.775245666503906,1.0,1.0,0.0,1.0,0.0,0.0,0.0336882583796978,0.1948685199022293,0.0,-0.17492957413196564,-0.1258271187543869,-0.03797793388366699,-2.3463337421417236,-2.249497890472412,-2.0759193897247314,0.0,1.0
854016,834,8,137.9812144016679,145.875,-0.004116059211082756,4.222048312425613,-2.4898525893688204,0.004578319247229956,0.0521484375,1.289050817489624,23.043217301368713,-0.05482417345046997,4.722739219665527,43.92371368408203,34.258209228515625,43.978538513183594,34.16996765136719,0.9809954056873825,3.2004852294921875,61.29697036743164,1.0,1.0,0.0,1.0,0.0,0.0,0.044171422719955444,0.2033325433731079,0.0,-0.17528338730335236,-0.1253795325756073,-0.03529283404350281,-2.347020149230957,-2.248579502105713,-2.070556402206421,0.0,1.0
855040,835,8,159.09968945225003,141.5,-0.004458317323587835,4.707183068990707,-2.491887855529785,0.005714278345112689,0.0439453125,1.2584759041666984,31.656387090682983,0.7973024845123291,5.011730194091797,52.36511993408203,31.632259368896484,51.56781768798828,33.0196647644043,0.974897620020408,2.975688934326172,94.28921508789062,1.0,1.0,0.0,1.0,0.0,0.0,0.058694060891866684,0.21097415685653687,0.0,-0.1753474771976471,-0.1265055388212204,-0.03512892127037048,-2.347144365310669,-2.2507574558258057,-2.0702290534973145,0.0,1.0
856064,836,6,166.22136915884053,150.83333333333334,-0.003480835279333405,3.7684549733996393,-2.494636857509613,0.0026382368931081148,0.0400146484375,1.31965474486351,32.56878722906113,-0.5727481245994568,4.785534381866455,41.021934509277344,33.615848541259766,41.59468460083008,32.82627487182617,0.979733783764378,2.754966974258423,92.00392150878906,1.0,1.0,0.0,1.0,0.0,0.0,0.04284058138728142,0.21209339797496796,0.0,-0.176118865609169,-0.12614184617996216,-0.034845247864723206,-2.3486404418945312,-2.2500483989715576,-2.06966233253479,0.0,1.0
857088,837,8,149.55573189717754,148.25,-0.004785871715284884,4.115573742985726,-2.492379015684128,0.003949216706678272,0.053564453125,1.366658867895603,31.395624852180482,0.9979719519615173,4.628152847290039,42.067298889160156,33.619380950927734,41.0693244934082,34.38136291503906,0.9810488291508288,2.6273958683013916,96.1277847290039,1.0,1.0,0.0,1.0,0.0,0.0,0.033258844166994095,0.2086111307144165,0.0,-0.17774860560894012,-0.12586526572704315,-0.034267134964466095,-2.351799964904785,-2.249497652053833,-2.068507432937622,0.0,1.0
858112,838,7,173.84176055836127,143.85714285714286,-0.004876905051060021,3.0572234742343425,-2.4946786642074583,0.005208604800282046,0.052490234375,1.4091843947768212,31.827726888656617,1.3217241764068604,4.361334323883057,49.638099670410156,32.970115661621094,48.316375732421875,33.69267654418945,0.9825016201001741,2.726595878601074,100.6562271118164,1.0,1.0,0.0,1.0,0.0,0.0,0.03244214877486229,0.2053374946117401,0.0,-0.17866888642311096,-0.1270451843738556,-0.035962771624326706,-2.353583335876465,-2.2518198490142822,-2.071894645690918,0.0,1.0
859136,839,7,166.969674488663,142.14285714285714,-0.004917066101916135,0.9801236309111119,-2.498654067516327,0.0030970184772741048,0.05556640625,1.2530585423111915,13.199996864795684,0.3019569516181946,2.4184677600860596,47.54772186279297,27.015920639038086,47.245765686035156,27.618206024169922,0.9919861514490429,2.384972095489502,43.04789733886719,0.975,1.0,0.0,1.0,0.0,0.0,0.03615768626332283,0.1935986429452896,0.0,-0.17852720618247986,-0.12700404226779938,-0.03586575761437416,-2.353308916091919,-2.251737594604492,-2.0717008113861084,0.0,1.0
860160,840,7,155.99112677027207,145.14285714285714,-0.0037985038943588734,2.207086054980755,-2.503041869401932,0.006027829251252115,0.0513671875,1.103301528096199,30.981388342380523,1.5776443481445312,3.8208272457122803,43.703125,33.023502349853516,42.125484466552734,35.01432800292969,0.9866134530128597,1.836617112159729,171.90455627441406,1.0,1.0,0.0,1.0,0.0,0.0,0.033595237880945206,0.20102927088737488,0.0,-0.180557981133461,-0.1289844959974289,-0.03971840813755989,-2.3572421073913574,-2.2556354999542236,-2.079395055770874,0.0,1.0
861184,841,9,167.64484403394252,137.66666666666666,-0.005021568853408098,2.1932229906320573,-2.5134053826332092,0.004741859011119232,0.05380859375,1.2916402325034142,43.76654645204544,2.0551977157592773,3.9167404174804688,45.631935119628906,29.095998764038086,43.57673645019531,31.49718475341797,0.9818789640158725,2.5543978214263916,224.9700164794922,1.0,1.0,0.0,1.0,0.0,0.0,0.029778115451335907,0.19744142889976501,0.0,-0.18201442062854767,-0.13008303940296173,-0.04276224598288536,-2.3600614070892334,-2.2578177452087402,-2.085472345352173,0.0,1.0
862208,842,8,146.22790175846364,120.5,-0.0062961805437225845,1.1482756366953253,-2.516919368505478,0.003962017101002857,0.058740234375,1.227377286553383,11.340050899982453,0.4609054923057556,2.5673296451568604,48.76776885986328,26.88801383972168,48.30686569213867,26.771846771240234,0.990883128281014,2.223951816558838,31.568498611450195,1.0,1.0,0.0,1.0,0.0,0.0,0.03308292105793953,0.17423999309539795,0.0,-0.18184509873390198,-0.13004882633686066,-0.04401371628046036,-2.359733819961548,-2.257797956466675,-2.087970733642578,0.0,1.0
863232,843,6,152.71585494968772,135.33333333333334,-0.005104512040270492,1.2626550134271384,-2.521430420875549,0.004772166389739141,0.0546142578125,1.1769093319773674,16.12724067568779,0.9751092791557312,2.6249475479125977,46.04613494873047,29.60234260559082,45.07102966308594,30.75638198852539,0.9921369859112785,2.2035722732543945,58.54252243041992,1.0,1.0,0.0,1.0,0.0,0.0,0.03094612993299961,0.1789669543504715,0.0,-0.184269517660141,-0.13210870325565338,-0.047394175082445145,-2.3644237518310547,-2.2618329524993896,-2.094717502593994,0.0,1.0
864256,844,6,159.51228525771802,158.16666666666666,-0.00639352451544255,2.540344798564911,-2.5331601798534393,0.004730922897579148,0.0712646484375,1.128122514486313,27.426722085475923,1.8708770275115967,3.1897237300872803,41.93658447265625,29.219192504882812,40.06570816040039,30.09797477722168,0.9880829238152782,2.083240032196045,89.29975128173828,1.0,1.0,0.0,1.0,0.0,0.0,0.02810814045369625,0.20091329514980316,0.0,-0.18686135113239288,-0.13358306884765625,-0.04768441990017891,-2.3694329261779785,-2.2646944522857666,-2.095296621322632,0.0,1.0
865280,845,7,168.53956285309442,152.28571428571428,-0.0058799453952815385,2.610000875592232,-2.540541934967041,0.006892272635013796,0.0686279296875,1.4019162565469743,21.175667643547058,0.8218903541564941,3.8914730548858643,52.546268463134766,31.164501190185547,51.72438049316406,31.030532836914062,0.9844077907692409,2.6613657474517822,58.407615661621094,1.0,1.0,0.0,1.0,0.0,0.0,0.04439257085323334,0.20932216942310333,0.0,-0.18896836042404175,-0.1346810907125473,-0.048707980662584305,-2.3735015392303467,-2.2668330669403076,-2.097338914871216,0.0,1.0
866304,846,7,151.73211856750308,131.28571428571428,-0.003859251784160733,4.674762171506882,-2.545413076877594,0.005528545423294418,0.0445068359375,1.3617106512188912,35.9389475107193,-1.7586987018585205,4.836148738861084,50.581443786621094,30.12160873413086,52.340145111083984,27.39897346496582,0.9742223653891133,5.069149017333984,108.1982650756836,1.0,1.0,0.0,1.0,0.0,0.0,0.037396401166915894,0.18940624594688416,0.0,-0.18847016990184784,-0.13497863709926605,-0.04877123981714249,-2.372539758682251,-2.2674319744110107,-2.0974652767181396,0.0,1.0
867328,847,8,155.75474124170563,143.375,-0.006973081734031439,2.03650883436203,-2.5435622334480286,0.006513408935279586,0.066748046875,1.3776207581162452,19.40681149363518,0.3203154504299164,3.8162922859191895,51.50528335571289,34.71282958984375,51.184967041015625,35.01619338989258,0.9879134250536403,2.660046100616455,58.40680694580078,1.0,1.0,0.0,1.0,0.0,0.0,0.04630540683865547,0.20668348670005798,0.0,-0.18836741149425507,-0.13432058691978455,-0.047914184629917145,-2.3723413944244385,-2.266143798828125,-2.095755100250244,0.0,1.0
868352,848,7,173.0283991163887,155.28571428571428,-0.005572739738272503,3.156604557484388,-2.540210896730423,0.011853503185557201,0.0874755859375,1.7292565181851387,33.544822418689726,0.7573354244232178,4.533712863922119,39.5662841796875,32.87162780761719,38.80894470214844,35.02170944213867,0.9809775868804591,3.764742136001587,124.91448974609375,1.0,1.0,0.0,1.0,0.0,0.0,0.02367401123046875,0.22513091564178467,0.0,-0.1894770860671997,-0.13392378389835358,-0.046856481581926346,-2.374483346939087,-2.265352964401245,-2.093644380569458,0.0,1.0
869376,849,6,168.9276329282421,156.66666666666666,-0.005672571243485436,2.008870654180646,-2.5418772757053376,0.002157014602562413,0.0416015625,1.1821836888790132,20.198601508140563,1.289157748222351,3.5347607135772705,47.88713073730469,30.95047950744629,46.59797668457031,32.08618927001953,0.986956765793771,2.0553698539733887,72.49053192138672,0.975,1.0,0.0,1.0,0.0,0.0,0.03808918967843056,0.2093167006969452,0.0,-0.193032369017601,-0.13518446683883667,-0.04553040489554405,-2.3813400268554688,-2.2677600383758545,-2.0909979343414307,0.0,1.0
870400,850,7,173.23992712573298,142.14285714285714,-0.005352344631683081,2.6592801421880723,-2.5486010730266573,0.006712966613122262,0.0536865234375,1.2808996006846427,30.64138067960739,1.6091053485870361,3.9024813175201416,46.18359375,28.167552947998047,44.574485778808594,29.200319290161133,0.9808052079191493,2.214897871017456,130.1216583251953,1.0,1.0,0.0,1.0,0.0,0.0,0.01679741032421589,0.18415677547454834,0.0,-0.19419437646865845,-0.1357302963733673,-0.04481842368841171,-2.3835790157318115,-2.2687809467315674,-2.0895769596099854,0.0,1.0
871424,851,7,163.63999343481956,149.28571428571428,-0.005010897881584242,1.7721516095101832,-2.5510360300540924,0.005628258953220211,0.047265625,1.336481501162052,24.566842156648637,1.6156421899795532,3.2675681114196777,41.85304260253906,28.376766204833984,40.237396240234375,30.172657012939453,0.9867406125392607,2.2399888038635254,96.28814697265625,1.0,1.0,0.0,1.0,0.0,0.0,0.0214527640491724,0.19559042155742645,0.0,-0.19531933963298798,-0.13643643260002136,-0.044695328921079636,-2.3857457637786865,-2.2701656818389893,-2.0893311500549316,0.0,1.0
872448,852,8,156.99208543544887,157.25,-0.006404729722999036,3.255644812062383,-2.55366473197937,0.004843155614798889,0.0640380859375,1.3427726820111274,27.29285886287689,1.4937196969985962,4.516565322875977,39.839378356933594,33.308223724365234,38.34565734863281,34.91297149658203,0.9816128817736584,2.248004674911499,84.93661499023438,1.0,1.0,0.0,1.0,0.0,0.0,0.03741879016160965,0.2075805515050888,0.0,-0.19498667120933533,-0.13635270297527313,-0.043834466487169266,-2.3851051330566406,-2.2699828147888184,-2.0876128673553467,0.0,1.0
873472,853,7,166.9698803052588,148.28571428571428,-0.00522031846921891,2.7159044206142426,-2.5564300417900085,0.0047699341754196215,0.067724609375,1.3567423686385154,25.039138281345366,1.331053376197815,3.6910789012908936,44.344661712646484,29.369855880737305,43.013607025146484,29.521881103515625,0.9842056035869073,2.699622631072998,73.09703826904297,1.0,1.0,0.0,1.0,0.0,0.0,0.0320226289331913,0.18790793418884277,0.0,-0.19569429755210876,-0.1377360075712204,-0.04534222185611725,-2.386467695236206,-2.272691011428833,-2.0906224250793457,0.0,1.0
874496,854,7,154.21176060932243,137.28571428571428,-0.007976560527458787,1.9392862632870673,-2.562911456823349,0.006392321037128568,0.069970703125,1.4837584242224693,23.975709319114685,1.4131581783294678,3.4173130989074707,45.95640563964844,30.833580017089844,44.54324722290039,31.124683380126953,0.9877165124705795,4.077226638793945,72.76231384277344,1.0,1.0,0.0,1.0,0.0,0.0,0.03956802189350128,0.19534747302532196,0.0,-0.19528289139270782,-0.13806171715259552,-0.046328481286764145,-2.3856756687164307,-2.273346185684204,-2.092590808868408,0.0,1.0
875520,855,5,150.71588822727153,127.2,-0.004430447178310715,1.618598260730505,-2.566817831993103,0.004351196283823811,0.05576171875,1.2153766572475433,17.349979889392852,0.2958328127861023,3.258634328842163,54.38189697265625,29.81570053100586,54.0860595703125,29.155813217163086,0.9880551355623224,2.3547322750091553,58.86874771118164,1.0,1.0,0.0,1.0,0.0,0.0,0.048469219356775284,0.2137679010629654,0.0,-0.196157768368721,-0.13945713639259338,-0.04755720496177673,-2.387360095977783,-2.2760848999023438,-2.0950427055358887,0.0,1.0
876544,856,8,175.68760279344437,154.625,-0.004827965731965378,2.3362212486565115,-2.5741747498512266,0.0031554652465274557,0.0493896484375,1.2062436848878861,26.381875705718993,0.23124924302101135,3.973745584487915,50.120506286621094,29.798616409301758,49.88925552368164,29.426025390625,0.9822168809120748,2.251664876937866,92.3896255493164,1.0,1.0,0.0,1.0,0.0,0.0,0.050448257476091385,0.20892521739006042,0.0,-0.19542169570922852,-0.14018025994300842,-0.049591321498155594,-2.3859429359436035,-2.2775232791900635,-2.0991013050079346,0.0,1.0
877568,857,6,163.2456165673934,153.33333333333334,-0.004441440530354157,5.192473581433296,-2.5814494371414183,0.0027322854788508267,0.0403076171875,1.4539108484983445,38.67739822864532,1.0468471050262451,5.393181324005127,46.95946502685547,32.2539176940918,45.91261672973633,32.65891647338867,0.9720407777833138,2.4815237522125244,122.45906829833984,1.0,1.0,0.0,1.0,0.0,0.0,0.020883845165371895,0.21183136105537415,0.0,-0.20019426941871643,-0.1424553096294403,-0.048777565360069275,-2.3951239585876465,-2.2818758487701416,-2.097477912902832,0.0,1.0
878592,858,5,186.25428778222923,172.2,-0.006705114978831262,2.3962548218667505,-2.5938656091690064,0.008142432998283766,0.067529296875,1.4040231630206108,25.895587146282196,1.3214731216430664,3.7318496704101562,39.264530181884766,33.444061279296875,37.943058013916016,34.44413757324219,0.9875488265968783,2.5225439071655273,126.20518493652344,1.0,1.0,0.0,1.0,0.0,0.0,0.01861819066107273,0.19960689544677734,0.0,-0.20061486959457397,-0.1438802182674408,-0.05215741693973541,-2.395932197570801,-2.2847084999084473,-2.104220390319824,0.0,1.0
879616,859,9,160.39419615625707,144.55555555555554,-0.005636157403932885,4.126880715787411,-2.5976914167404175,0.006594036731985398,0.0551025390625,1.313962896168232,22.483731400966644,-0.23938891291618347,4.606677055358887,56.103492736816406,30.68341636657715,56.34288024902344,30.435325622558594,0.977459264457801,2.5816147327423096,70.49078369140625,0.975,1.0,0.0,1.0,0.0,0.0,0.0448249913752079,0.19405370950698853,0.0,-0.20042598247528076,-0.1438809484243393,-0.05347040295600891,-2.395569324493408,-2.2847418785095215,-2.1068389415740967,0.0,1.0
880640,860,7,187.90351130367625,156.57142857142858,-0.005106806830735877,1.8532716020941735,-2.5997037827968597,0.0074221344606485214,0.0619873046875,1.6387860417366027,29.424488532543183,1.2391666173934937,3.2521421909332275,47.189022064208984,31.702640533447266,45.94985580444336,33.267860412597656,0.9894767900909156,3.500037431716919,109.9993667602539,1.0,1.0,0.0,1.0,0.0,0.0,0.02742389775812626,0.21182890236377716,0.0,-0.20325197279453278,-0.14489980041980743,-0.05402130261063576,-2.4009971618652344,-2.286712408065796,-2.1079375743865967,0.0,1.0
881664,861,5,174.1525318226436,147.8,-0.004901611342211254,2.612877740338445,-2.6042452454566956,0.005291502326144837,0.0727294921875,1.245840822160244,25.085876071453093,0.11366844177246094,4.3524956703186035,54.09159851074219,30.672941207885742,53.97793197631836,30.660377502441406,0.9798643382221971,2.0165250301361084,99.32511138916016,1.0,1.0,0.0,1.0,0.0,0.0,0.042331594973802567,0.20745733380317688,0.0,-0.2045300006866455,-0.1448575109243393,-0.05419487878680229,-2.403449773788452,-2.286623954772949,-2.108283758163452,0.0,1.0
882688,862,9,157.76425218740826,139.33333333333334,-0.006050954910460859,6.98899881541729,-2.6003172218799593,0.010009725255076773,0.0782958984375,1.3555295020341873,31.576945662498474,-0.6221660375595093,5.757166385650635,54.28141784667969,30.465290069580078,54.903587341308594,30.183671951293945,0.9642885886297661,2.6955950260162354,92.76990509033203,1.0,1.0,0.0,1.0,0.0,0.0,0.02824774943292141,0.21007782220840454,0.0,-0.20298360288143158,-0.14378704130649567,-0.053087349981069565,-2.400481939315796,-2.2845139503479004,-2.1060750484466553,0.0,1.0
883712,863,6,150.816606067831,129.66666666666666,-0.005882797506637871,6.615475726127625,-2.593262183666229,0.004281280725263059,0.05830078125,1.4105803847312928,40.037233924865724,-1.4466004371643066,5.649842739105225,47.304527282714844,30.32307243347168,48.751121520996094,28.264450073242188,0.9652842668964592,2.8255929946899414,108.59363555908203,1.0,1.0,0.0,1.0,0.0,0.0,0.022599339485168457,0.18324033915996552,0.0,-0.20198974013328552,-0.1426505446434021,-0.05182208493351936,-2.398573637008667,-2.282304048538208,-2.1035513877868652,0.0,1.0
884736,864,8,157.87955637011905,152.875,-0.005435805104207247,1.5921396002173425,-2.5915726244449617,0.005138829129282385,0.062451171875,1.4101722240447998,20.525274860858918,0.7682187557220459,3.4660799503326416,46.84752655029297,32.231056213378906,46.07931137084961,34.11869812011719,0.9884354670095248,2.302379846572876,70.80148315429688,0.975,1.0,0.0,1.0,0.0,0.0,0.03487597033381462,0.17854541540145874,0.0,-0.20280078053474426,-0.14347390830516815,-0.052317436784505844,-2.4001309871673584,-2.2839155197143555,-2.104539394378662,0.0,1.0
885760,865,9,157.16806251600667,140.11111111111111,-0.004429399874061346,2.1580949507653715,-2.5966403007507326,0.003035031392937526,0.0487548828125,1.3086326599121094,22.356458008289337,0.576352059841156,3.7002484798431396,48.04617691040039,34.14268112182617,47.469825744628906,34.87870407104492,0.9882546346124431,2.3603415489196777,85.76701354980469,1.0,1.0,0.0,1.0,0.0,0.0,0.024421900510787964,0.19874955713748932,0.0,-0.20409058034420013,-0.1440046727657318,-0.05115098878741264,-2.402606725692749,-2.284919500350952,-2.102212905883789,0.0,1.0
886784,866,8,164.09951674189273,142.75,-0.0037597103510051966,2.0187224484980106,-2.5985656559467314,0.004595921939471737,0.04228515625,1.3317813217639922,23.427434855699538,1.3854758739471436,3.5449531078338623,40.9873046875,30.8953914642334,39.601829528808594,32.550559997558594,0.986834613861025,2.1973745822906494,90.2793960571289,1.0,1.0,0.0,1.0,0.0,0.0,0.012493647634983063,0.19678597152233124,0.0,-0.20497101545333862,-0.14437969028949738,-0.05067523568868637,-2.4042959213256836,-2.2856342792510986,-2.1012637615203857,0.0,1.0
887808,867,6,150.2605806622691,128.83333333333334,-0.005631909746443853,1.814315872080624,-2.601276695728302,0.0046382991247810425,0.057568359375,1.2515021234750747,20.366829591989518,0.9196311235427856,3.2864205837249756,50.66785430908203,26.33531951904297,49.748226165771484,26.20396614074707,0.9844271135177303,2.0514438152313232,70.1729507446289,0.975,1.0,0.0,1.0,0.0,0.0,0.036437228322029114,0.2017856389284134,0.0,-0.20721663534641266,-0.14476659893989563,-0.050070516765117645,-2.408601760864258,-2.2863407135009766,-2.100057363510132,0.0,1.0
888832,868,6,151.73405341373498,141.66666666666666,-0.005260697996709496,5.039978964626789,-2.6018709778785705,0.004208501699031331,0.0575927734375,1.4872208908200264,32.06716660261154,-0.8664649128913879,5.212906837463379,52.5172119140625,30.77691650390625,53.3836784362793,29.244775772094727,0.9713113803344148,3.483585834503174,102.76148223876953,1.0,1.0,0.0,1.0,0.0,0.0,0.03471307456493378,0.21049939095973969,0.0,-0.20812788605690002,-0.14454077184200287,-0.050044238567352295,-2.4103477001190186,-2.2859089374542236,-2.1000049114227295,0.0,1.0
889856,869,7,193.37038716449254,170.85714285714286,-0.0033820491284132005,2.9751086542382836,-2.604208028316498,0.0042313460842706265,0.0458251953125,1.4596694171428681,47.879642283916475,2.1130590438842773,4.4076385498046875,48.04734802246094,31.58748435974121,45.93428421020508,34.96471405029297,0.9805292830546432,3.236435651779175,200.43724060058594,1.0,1.0,0.0,1.0,0.0,0.0,0.01518398430198431,0.1945917308330536,0.0,-0.20966704189777374,-0.14603738486766815,-0.05229824781417847,-2.4132955074310303,-2.2888364791870117,-2.104501247406006,0.0,1.0
890880,870,7,163.40750644344288,156.14285714285714,-0.0038805537391453982,4.784479509294033,-2.6166582882404326,0.004292531916871667,0.0392578125,1.3219638660550117,28.659765601158142,0.718895435333252,5.141221046447754,43.29640579223633,33.26808547973633,42.577510833740234,34.902122497558594,0.9761176563791167,2.06538724899292,85.88233184814453,1.0,1.0,0.0,1.0,0.0,0.0,0.024190649390220642,0.19344620406627655,0.0,-0.21291346848011017,-0.14854884147644043,-0.055155474692583084,-2.4195070266723633,-2.293715000152588,-2.110199213027954,0.0,1.0
891904,871,6,176.76701316283507,151.33333333333334,-0.0058268257766030725,1.9005232632160187,-2.627403324842453,0.007917067539528944,0.06962890625,1.5437682062387466,29.222963988780975,1.0594090223312378,3.4275543689727783,47.102943420410156,28.97882080078125,46.04353332519531,30.77695083618164,0.9860103355248977,2.821192741394043,124.27745819091797,1.0,1.0,0.0,1.0,0.0,0.0,0.018679188564419746,0.19223706424236298,0.0,-0.21397623419761658,-0.1493348628282547,-0.05642536282539368,-2.4215385913848877,-2.2952702045440674,-2.1127312183380127,0.0,1.0
892928,872,7,168.33604156570397,151.14285714285714,-0.005157032544957474,1.3851870387792586,-2.6310181975364686,0.006253601796925068,0.0681640625,1.6049166962504386,20.550199615955353,1.4590731859207153,2.8476452827453613,44.649688720703125,31.27969741821289,43.19062042236328,31.422344207763672,0.9917120584973804,3.8184163570404053,71.01668548583984,1.0,1.0,0.0,1.0,0.0,0.0,0.028034785762429237,0.19670316576957703,0.0,-0.2134476900100708,-0.15010593831539154,-0.058212731033563614,-2.4205284118652344,-2.2967965602874756,-2.1162941455841064,0.0,1.0
893952,873,8,141.9678998354201,137.625,-0.0025928875198587774,3.2985123336315154,-2.635700190067291,0.0027057596831582486,0.039697265625,1.3506590262055398,23.873481702804565,-1.207677960395813,3.9449613094329834,46.16261672973633,34.84429168701172,47.37029266357422,33.623207092285156,0.987181944761945,2.2320406436920166,79.35346984863281,1.0,1.0,0.0,1.0,0.0,0.0,0.040682848542928696,0.1945633590221405,0.0,-0.2154463231563568,-0.1507975161075592,-0.05893760919570923,-2.424347162246704,-2.2981297969818115,-2.117738962173462,0.0,1.0
894976,874,6,167.12742742924186,150.66666666666666,-0.006831298768520355,2.4404215559363367,-2.642576736211777,0.004790761743788607,0.0618408203125,1.4402907267212868,23.87333688735962,1.0765022039413452,3.773432731628418,47.025291442871094,34.34261703491211,45.94879150390625,35.058467864990234,0.9879272401094645,2.7738757133483887,73.02197265625,1.0,1.0,0.0,1.0,0.0,0.0,0.03478862717747688,0.2150954306125641,0.0,-0.21621905267238617,-0.15266717970371246,-0.062043268233537674,-2.4258227348327637,-2.3017959594726562,-2.123927593231201,0.0,1.0
896000,875,6,176.1186165119449,156.83333333333334,-0.008138878038153052,4.508020932227373,-2.6482961237430573,0.009218179105664604,0.090283203125,1.2755456924438477,29.14031732082367,0.34605154395103455,4.9058146476745605,43.294822692871094,31.748098373413086,42.94877243041992,31.571338653564453,0.97612261178762,2.743542432785034,79.2171401977539,0.975,1.0,0.0,1.0,0.0,0.0,0.019604593515396118,0.21175871789455414,0.0,-0.21653488278388977,-0.15230302512645721,-0.06124107167124748,-2.4264259338378906,-2.3010785579681396,-2.1223292350769043,0.0,1.0
897024,876,7,152.8720418819602,146.85714285714286,-0.005038541171234101,2.1007243275642393,-2.645817458629608,0.005633305336232297,0.0623291015625,1.3236078545451164,19.15264345407486,0.28532305359840393,3.614367723464966,48.177520751953125,31.58011817932129,47.89219665527344,32.657386779785156,0.986901027671361,2.3979501724243164,67.77328491210938,1.0,1.0,0.0,1.0,0.0,0.0,0.02849017083644867,0.19094301760196686,0.0,-0.21528638899326324,-0.15215076506137848,-0.06085505336523056,-2.424041748046875,-2.3007991313934326,-2.1215600967407227,0.0,1.0
898048,877,6,179.49018670533474,145.5,-0.004049912496702746,2.0190161362290384,-2.648265391588211,0.004690977159771137,0.051806640625,1.3171027809381486,27.865738880634307,1.1653532981872559,3.3096299171447754,48.21693801879883,31.42661476135254,47.05158996582031,33.11521911621094,0.9889091798400228,2.962984085083008,94.18275451660156,1.0,1.0,0.0,1.0,0.0,0.0,0.0427023284137249,0.20601575076580048,0.0,-0.21686044335365295,-0.1535341590642929,-0.060548994690179825,-2.4270472526550293,-2.303457736968994,-2.120950222015381,0.0,1.0
899072,878,8,171.26243522816497,156.125,-0.005266437836689874,1.8183420233428478,-2.6570932447910307,0.006342728337040171,0.055322265625,1.4369736045598984,31.95282863378525,1.4831457138061523,3.302696466445923,49.23057556152344,32.9584846496582,47.74742889404297,34.51234817504883,0.9899584018187891,3.1096510887145996,119.61991882324219,1.0,1.0,0.0,1.0,0.0,0.0,0.024131113663315773,0.20455017685890198,0.0,-0.21688400208950043,-0.15462295711040497,-0.06025863438844681,-2.4270923137664795,-2.305551052093506,-2.1203715801239014,0.0,1.0
900096,879,9,166.27350618105652,144.0,-0.005059986736159772,3.163472853600979,-2.6596875905990602,0.004456168599426746,0.04052734375,1.1648725911974906,18.996339869499206,-0.0499686598777771,3.9747796058654785,47.59803771972656,33.26351547241211,47.64801025390625,32.71162796020508,0.9857212621445344,1.9118717908859253,47.15357971191406,1.0,1.0,0.0,1.0,0.0,0.0,0.016621747985482216,0.19462478160858154,0.0,-0.2147383689880371,-0.1546608954668045,-0.06072114780545235,-2.42299485206604,-2.3056347370147705,-2.121293306350708,0.0,1.0
901120,880,6,161.42741573731607,135.0,-0.003997571056243032,1.0935000088065863,-2.6614396452903746,0.0046649735508253794,0.04609375,1.4553551226854324,12.879224532842636,0.3341582119464874,2.833202362060547,51.99339294433594,32.87212371826172,51.65923309326172,33.49359130859375,0.9925715251477093,2.9261112213134766,41.085205078125,1.0,1.0,0.0,1.0,0.0,0.0,0.020922809839248657,0.20076176524162292,0.0,-0.2137373834848404,-0.15526460111141205,-0.0616389624774456,-2.421082019805908,-2.306823492050171,-2.123121976852417,0.0,1.0
902144,881,7,181.53875053958413,151.14285714285714,-0.004790590109769255,0.7996062513440847,-2.666997915506363,0.0045668186852708455,0.0613525390625,1.3928157925605773,10.340564423799515,0.1437111794948578,2.2694191932678223,51.67080307006836,28.25785255432129,51.52709197998047,28.379037857055664,0.9935501268888953,2.44520902633667,34.32975769042969,1.0,1.0,0.0,1.0,0.0,0.0,0.016614781692624092,0.19471876323223114,0.0,-0.21428081393241882,-0.15646158158779144,-0.06346024572849274,-2.4221205711364746,-2.3091824054718018,-2.1267504692077637,0.0,1.0
903168,882,6,155.42849324232165,147.83333333333334,-0.005552677271771245,3.6736142352223395,-2.673006170988083,0.001507194369332865,0.068505859375,1.4211057409644128,31.598906099796295,-0.15852457284927368,4.882601261138916,44.022796630859375,32.172489166259766,44.18132400512695,32.630393981933594,0.9769679174362248,2.9325456619262695,116.86345672607422,1.0,1.0,0.0,1.0,0.0,0.0,0.019241565838456154,0.1794475018978119,0.0,-0.21568766236305237,-0.1572759747505188,-0.06494986265897751,-2.4248080253601074,-2.3107821941375732,-2.1297173500061035,0.0,1.0
904192,883,8,164.01022480457107,142.0,-0.004457039851695299,12.156732225418091,-2.678693783283234,0.006168576423078775,0.05166015625,1.206165835261345,43.575075674057004,0.8942230939865112,7.067442417144775,48.66829299926758,32.801475524902344,47.774070739746094,35.89194107055664,0.9535765106963829,2.2852516174316406,138.55459594726562,1.0,1.0,0.0,1.0,0.0,0.0,0.030225763097405434,0.18850582838058472,0.0,-0.21840324997901917,-0.15848581492900848,-0.06502041220664978,-2.4299912452697754,-2.313079833984375,-2.1298577785491943,0.0,1.0
905216,884,6,169.6249407071225,147.16666666666666,-0.00585894217947498,3.496465566754341,-2.685466003417969,0.007106786945951171,0.070849609375,1.5287963971495628,25.98247824907303,1.1535927057266235,4.404791355133057,45.442970275878906,30.223812103271484,44.28937530517578,31.482500076293945,0.9787601118909318,2.6206717491149902,76.79952239990234,1.0,1.0,0.0,1.0,0.0,0.0,0.007965230382978916,0.18879538774490356,0.0,-0.21886228024959564,-0.15941332280635834,-0.06549668312072754,-2.4308667182922363,-2.3148672580718994,-2.1308064460754395,0.0,1.0
906240,885,8,170.9639939692317,149.625,-0.004233174561522901,3.6706400364637375,-2.6935564160346983,0.006561843000235967,0.04140625,1.1993828266859055,36.908071553707124,2.1563618183135986,4.552457332611084,48.62550354003906,30.505970001220703,46.469139099121094,32.709136962890625,0.9777299058750415,2.6504058837890625,124.35956573486328,1.0,1.0,0.0,1.0,0.0,0.0,0.028780585154891014,0.19491514563560486,0.0,-0.21889473497867584,-0.16167162358760834,-0.06899018585681915,-2.4309287071228027,-2.3193180561065674,-2.1377618312835693,0.0,1.0
907264,886,8,158.35092517984663,127.375,-0.003934671290335245,5.471150559186936,-2.701764500141144,0.0034653396665817126,0.044921875,1.2959656044840813,21.541118848323823,-0.5747386813163757,5.0501813888549805,55.028846740722656,28.693471908569336,55.60358428955078,28.360549926757812,0.9690224034963006,2.8391342163085938,62.546382904052734,1.0,1.0,0.0,1.0,0.0,0.0,0.028020717203617096,0.19113858044147491,0.0,-0.21836115419864655,-0.16161863505840302,-0.06913260370492935,-2.429910898208618,-2.3192009925842285,-2.138045310974121,0.0,1.0
908288,887,7,173.41816465549024,144.71428571428572,-0.004105467267800122,0.5063500307500363,-2.7025455474853515,0.0030252511671278624,0.056005859375,1.5271644577383996,10.375750344991683,0.8287934064865112,1.6905380487442017,47.78038787841797,28.9940185546875,46.95159912109375,29.56287956237793,0.9966003589732345,3.869626760482788,34.14602279663086,1.0,1.0,0.0,1.0,0.0,0.0,0.032236248254776,0.20378892123699188,0.0,-0.21827489137649536,-0.1624041497707367,-0.06977561116218567,-2.429746389389038,-2.3207521438598633,-2.1393251419067383,0.0,1.0
909312,888,7,175.88691981399555,148.71428571428572,-0.003741835884284228,5.870021609961986,-2.7100949764251707,0.003918454068480059,0.04794921875,1.3830800220370292,60.40145287513733,2.652306079864502,5.821288108825684,45.812713623046875,33.00157165527344,43.160404205322266,36.621002197265625,0.9688850637970939,3.8107309341430664,206.48072814941406,1.0,1.0,0.0,1.0,0.0,0.0,0.026150204241275787,0.19215212762355804,0.0,-0.22147758305072784,-0.1643086075782776,-0.0719219371676445,-2.435851812362671,-2.324437379837036,-2.1435964107513428,0.0,1.0
910336,889,8,166.47238074395648,133.625,-0.005287613172549754,1.0290867444127798,-2.7202711522579195,0.005037670535966754,0.05654296875,1.484904447197914,12.000493431091309,0.0076016709208488464,2.606536388397217,53.06684875488281,26.49069595336914,53.05924987792969,26.08987808227539,0.9903185410826862,3.4979605674743652,34.554351806640625,0.975,1.0,0.0,1.0,0.0,0.0,0.03410666063427925,0.19854742288589478,0.0,-0.2232469767332077,-0.16555795073509216,-0.07339465618133545,-2.4392213821411133,-2.326838254928589,-2.146526336669922,0.0,1.0
911360,890,5,166.37352386241636,149.0,-0.004811439057812094,11.258329486846923,-2.7221431910991667,0.005665259543457068,0.0700439453125,1.2059390291571617,38.53125047683716,1.1450104713439941,6.725087642669678,45.531375885009766,28.827926635742188,44.38636779785156,30.600767135620117,0.9455786765679187,2.3269901275634766,103.19739532470703,1.0,1.0,0.0,1.0,0.0,0.0,0.015476549975574017,0.1844346523284912,0.0,-0.22386819124221802,-0.1648336797952652,-0.07143211364746094,-2.440403699874878,-2.325406312942505,-2.1426217555999756,0.0,1.0
912384,891,8,172.5352144795143,156.125,-0.005759548337664455,2.9012053348124027,-2.717237466573715,0.0056449666153639555,0.05322265625,1.3981562860310077,30.445775544643404,1.6166584491729736,4.008923530578613,48.85248947143555,31.74313735961914,47.23583221435547,33.49051284790039,0.9840501764327949,2.591548204421997,98.65259552001953,0.975,1.0,0.0,1.0,0.0,0.0,0.016004567965865135,0.19090083241462708,0.0,-0.2247091382741928,-0.1642969697713852,-0.07032523304224014,-2.4420037269592285,-2.3243396282196045,-2.1404190063476562,0.0,1.0
913408,892,8,165.82240978834125,152.125,-0.004832702036947012,3.064691409468651,-2.716611611843109,0.005271253039245494,0.04404296875,1.2767529785633087,20.429316020011903,-0.26488909125328064,4.105772495269775,44.752967834472656,29.31422233581543,45.01785659790039,28.686372756958008,0.9803829831753429,2.197445869445801,67.0136947631836,1.0,1.0,0.0,1.0,0.0,0.0,0.013179267756640911,0.1786983609199524,0.0,-0.2234196662902832,-0.16446730494499207,-0.0716104730963707,-2.4395499229431152,-2.324704885482788,-2.1429765224456787,0.0,1.0
914432,893,5,138.33486117851618,138.0,-0.006470052141230554,2.0895945258438586,-2.7181164145469667,0.006270489125745371,0.066259765625,1.1867254093289374,14.329453682899475,0.263467937707901,3.234354019165039,44.65370178222656,31.945104598999023,44.39023208618164,31.22324562072754,0.9897489930965137,2.9294748306274414,38.724952697753906,1.0,1.0,0.0,1.0,0.0,0.0,0.023448968306183815,0.16873054206371307,0.0,-0.22281967103481293,-0.16474397480487823,-0.07178827375173569,-2.4384078979492188,-2.325237512588501,-2.1433303356170654,0.0,1.0
915456,894,7,171.5903648793733,154.71428571428572,-0.003916429448872804,1.920326515287161,-2.722437083721161,0.003444446055800654,0.048681640625,1.3249815240502358,24.611762285232544,1.4108303785324097,3.2947428226470947,44.35568618774414,29.97359275817871,42.944854736328125,31.362350463867188,0.9879172624074368,2.605959892272949,87.96014404296875,1.0,1.0,0.0,1.0,0.0,0.0,0.026396719738841057,0.1782580465078354,0.0,-0.2230374813079834,-0.16621895134449005,-0.07263604551553726,-2.4388225078582764,-2.3281047344207764,-2.145017147064209,0.0,1.0
916480,895,8,158.7334644046722,130.375,-0.006437036348506809,2.5682005494832993,-2.728543293476105,0.005956408457132056,0.079052734375,1.5068339169025422,17.918238174915313,0.22261321544647217,3.867111921310425,55.687049865722656,27.34208869934082,55.46443176269531,26.247713088989258,0.9799963112636026,2.9880003929138184,51.556549072265625,1.0,1.0,0.0,1.0,0.0,0.0,0.04051731899380684,0.18621955811977386,0.0,-0.222553089261055,-0.166511669754982,-0.07281320542097092,-2.4379003047943115,-2.3286831378936768,-2.145369529724121,0.0,1.0
917504,896,6,169.23404314925685,149.5,-0.007116726704407483,2.474929168075323,-2.7290313839912415,0.008898103702813387,0.0781005859375,1.4661303237080574,22.2494238615036,0.8674426078796387,3.7403643131256104,46.83083724975586,30.480751037597656,45.96339416503906,30.33710479736328,0.984941680454582,3.396014928817749,65.70794677734375,1.0,1.0,0.0,1.0,0.0,0.0,0.024581821635365486,0.1941177397966385,0.0,-0.22341960668563843,-0.1664307713508606,-0.07148158550262451,-2.4395499229431152,-2.3284974098205566,-2.1427202224731445,0.0,1.0
918528,897,8,170.15235119346315,162.625,-0.006048481987090781,6.91488728672266,-2.728264945745468,0.005557376582873985,0.066064453125,1.5341811329126358,38.59651470184326,1.6100950241088867,6.152181148529053,36.421913146972656,32.813785552978516,34.81182098388672,34.87482833862305,0.9648483590699127,2.4767801761627197,112.16341400146484,1.0,1.0,0.0,1.0,0.0,0.0,0.01989525370299816,0.18753117322921753,0.0,-0.22353777289390564,-0.16629038751125336,-0.0709691047668457,-2.439774751663208,-2.328186273574829,-2.141700267791748,0.0,1.0
919552,898,5,163.3983480599294,147.8,-0.004774226271547377,1.8310841403901577,-2.7307652294635774,0.006488866102881729,0.0632568359375,1.3530409201979636,19.24921417236328,1.4425948858261108,3.196025848388672,49.338863372802734,32.28181076049805,47.89626693725586,33.52912521362305,0.9901982231458041,2.9572348594665527,56.502315521240234,1.0,1.0,0.0,1.0,0.0,0.0,0.027000097557902336,0.18755902349948883,0.0,-0.22443386912345886,-0.1676046997308731,-0.07182420045137405,-2.4414799213409424,-2.33074688911438,-2.143401861190796,0.0,1.0
920576,899,7,171.95577320994298,144.85714285714286,-0.00485618548700586,0.6242385897785425,-2.7354135155677795,0.00685240539314691,0.072607421875,1.5223008140921592,11.01620323061943,0.478829026222229,2.0071325302124023,53.039398193359375,27.473373413085938,52.560569763183594,27.66047477722168,0.9946626206066879,2.8334121704101562,32.79466247558594,1.0,1.0,0.0,1.0,0.0,0.0,0.029660901054739952,0.17883065342903137,0.0,-0.2237495481967926,-0.16732768714427948,-0.07176508754491806,-2.4401779174804688,-2.330225706100464,-2.143284320831299,0.0,1.0
921600,900,8,166.1921768326788,142.625,-0.005016316391993314,1.3034211270511151,-2.7345360100269316,0.004692511935718358,0.0537109375,1.3458776742219924,12.30191063284874,0.3598402142524719,2.7253341674804688,54.3779296875,29.724151611328125,54.018089294433594,30.276123046875,0.9915933958737884,3.04428768157959,40.1491813659668,1.0,1.0,0.0,1.0,0.0,0.0,0.034858111292123795,0.17709846794605255,0.0,-0.223566934466362,-0.16780583560466766,-0.0721210464835167,-2.4398303031921387,-2.3311312198638916,-2.1439924240112305,0.0,1.0
922624,901,8,169.08789324208777,143.875,-0.004387700429651887,0.8620778620243073,-2.73897265791893,0.0036670866422355173,0.04814453125,1.6000667735934258,17.139935326576232,1.0425407886505127,2.442004919052124,52.41820526123047,29.866708755493164,51.37566375732422,30.118370056152344,0.9933147409014821,4.501835346221924,56.655094146728516,1.0,1.0,0.0,1.0,0.0,0.0,0.024989714846014977,0.1884404718875885,0.0,-0.22310471534729004,-0.16861726343631744,-0.07339075952768326,-2.438950538635254,-2.3327090740203857,-2.1465184688568115,0.0,1.0
923648,902,8,166.31471429931582,136.375,-0.004060693876817822,4.050336888432502,-2.7426934480667113,0.005509119355701841,0.066259765625,1.3267216727137565,22.14112643003464,-0.2699284851551056,4.5362958908081055,55.42084503173828,30.153745651245117,55.690773010253906,29.792221069335938,0.9773681430054444,3.242424726486206,75.77235412597656,1.0,1.0,0.0,1.0,0.0,0.0,0.02121228165924549,0.18561017513275146,0.0,-0.22365830838680267,-0.1689830869436264,-0.07295390218496323,-2.4400041103363037,-2.3334007263183594,-2.1456494331359863,0.0,1.0
924672,903,6,186.83522889003734,149.5,-0.005843365355394781,1.5023355957120657,-2.7428332209587096,0.0066940566408447925,0.065283203125,1.4391395539045333,17.067192870378495,0.9166751503944397,3.2006468772888184,50.75893020629883,29.564271926879883,49.84225082397461,30.54363250732422,0.9882796352063954,2.987532377243042,57.54742431640625,1.0,1.0,0.0,1.0,0.0,0.0,0.016161026433110237,0.19311557710170746,0.0,-0.22447547316551208,-0.16885440051555634,-0.07249310612678528,-2.441559076309204,-2.3331363201141357,-2.144732713699341,0.0,1.0
925696,904,6,184.73144953212093,148.16666666666666,-0.0075233066221699115,2.3930464424192905,-2.7421715795993804,0.011194958398118616,0.0853271484375,1.2497540026903153,18.18506196141243,0.5988900661468506,3.795224666595459,51.680816650390625,30.49995231628418,51.08192443847656,30.742563247680664,0.9845162322677603,2.787285804748535,54.04774856567383,1.0,1.0,0.0,1.0,0.0,0.0,0.02705942653119564,0.18639324605464935,0.0,-0.2239113599061966,-0.1686217039823532,-0.07222796976566315,-2.440485715866089,-2.3327066898345947,-2.144205331802368,0.0,1.0
926720,905,7,174.98124224179176,152.57142857142858,-0.00580929386196658,1.277157459780574,-2.7400660693645476,0.0029006236523855477,0.06748046875,1.4519241280853747,12.475427091121674,0.35419633984565735,2.929556369781494,55.80009078979492,27.445493698120117,55.44589614868164,27.812744140625,0.9886063828764687,2.661308765411377,44.28596115112305,0.975,1.0,0.0,1.0,0.0,0.0,0.022160574793815613,0.18724146485328674,0.0,-0.22465240955352783,-0.16825400292873383,-0.07113472372293472,-2.4418957233428955,-2.3319661617279053,-2.1420300006866455,0.0,1.0
927744,906,9,167.7238005052288,143.88888888888889,-0.003169476764742285,1.5183721587061882,-2.742985761165619,0.002375038561876863,0.0385498046875,1.4684179052710533,16.336885583400726,0.2782861888408661,3.2988929748535156,47.69964599609375,28.44222068786621,47.421356201171875,28.75094985961914,0.9865473032496167,2.894815444946289,58.36920166015625,1.0,1.0,0.0,1.0,0.0,0.0,0.006792981643229723,0.16974784433841705,0.0,-0.227262943983078,-0.169952392578125,-0.07307504117488861,-2.446859121322632,-2.33524227142334,-2.145890474319458,0.0,1.0
928768,907,8,144.4176669058275,126.625,-0.0033065188734326513,2.3222820803523065,-2.753922200202942,0.0032059209479484707,0.045458984375,1.5690294712781907,18.329821944236755,-0.008832424879074097,3.740413188934326,49.62872314453125,31.261484146118164,49.63755798339844,30.953350067138672,0.9856840580132114,2.875971794128418,56.40899658203125,1.0,1.0,0.0,1.0,0.0,0.0,0.018309660255908966,0.17259620130062103,0.0,-0.22983379662036896,-0.17154145240783691,-0.0761619433760643,-2.4517412185668945,-2.3383469581604004,-2.1520299911499023,0.0,1.0
929792,908,7,149.99139936138081,130.0,-0.005165867216419429,3.5190080910921098,-2.7585845291614532,0.006656964978901669,0.0588623046875,1.6156072303652764,24.878167486190797,-1.1569952964782715,4.174771308898926,54.55359649658203,30.159452438354492,55.710594177246094,28.920536041259766,0.9808389855715675,4.535939693450928,83.89286804199219,1.0,1.0,0.0,1.0,0.0,0.0,0.03105015493929386,0.17092885076999664,0.0,-0.23010632395744324,-0.17138732969760895,-0.07620435208082199,-2.452258586883545,-2.3380720615386963,-2.1521143913269043,0.0,1.0
930816,909,7,169.21098339195677,156.42857142857142,-0.005846995848696679,3.569471926987171,-2.758465415239334,0.007172598835313693,0.0667236328125,1.5271563217043878,26.921658849716188,-0.5380144119262695,4.673373699188232,46.2838134765625,33.80601119995117,46.82183074951172,34.38898849487305,0.9808894511861866,3.9053711891174316,76.92720794677734,1.0,1.0,0.0,1.0,0.0,0.0,0.021123573184013367,0.1939786821603775,0.0,-0.23016780614852905,-0.17195622622966766,-0.0780208483338356,-2.4523751735687256,-2.3391926288604736,-2.1557259559631348,0.0,1.0
931840,910,6,168.17995669305398,139.0,-0.0054457307909615334,1.9109038025140763,-2.762134736776352,0.007830123309395276,0.069873046875,1.4219347104430198,18.475880658626558,-0.807393491268158,3.2699592113494873,51.32102584838867,29.604368209838867,52.12841796875,30.082420349121094,0.9877996291687524,2.770008087158203,61.23471450805664,1.0,1.0,0.0,1.0,0.0,0.0,0.025627633556723595,0.18895991146564484,0.0,-0.2289063185453415,-0.1724526286125183,-0.07985943555831909,-2.4499804973602295,-2.340212106704712,-2.1593801975250244,0.0,1.0
932864,911,8,163.86123124720095,144.625,-0.004795595305040479,0.9565880227833986,-2.7637384593486787,0.005123654578346759,0.051513671875,1.7836611896753312,11.249915838241577,0.431291401386261,2.3858394622802734,53.92320251464844,31.358320236206055,53.491912841796875,31.968280792236328,0.9942113558168464,3.3939919471740723,47.713191986083984,1.0,1.0,0.0,1.0,0.0,0.0,0.03383732959628105,0.21116870641708374,0.0,-0.22931231558322906,-0.1724003106355667,-0.07957977056503296,-2.450751304626465,-2.3400826454162598,-2.1588244438171387,0.0,1.0
933888,912,7,163.8782434279225,144.71428571428572,-0.005132124345982448,2.0409839790314437,-2.7668432652950288,0.005241905551520177,0.0545654296875,1.5800590798258782,20.570344841480257,-0.04845961928367615,3.8032538890838623,48.90423583984375,31.50347900390625,48.95269775390625,31.75567054748535,0.9854255026673758,3.043003797531128,68.6685562133789,1.0,1.0,0.0,1.0,0.0,0.0,0.020238736644387245,0.19452789425849915,0.0,-0.2317870557308197,-0.17403341829776764,-0.08050523698329926,-2.455446720123291,-2.3432247638702393,-2.160663604736328,0.0,1.0
934912,913,8,156.83419876862894,132.875,-0.004974251112435013,1.56503895111382,-2.777596575021744,0.005339388360152952,0.0533447265625,1.3395113848149776,14.731770038604736,-0.5606886744499207,3.040797233581543,52.17327880859375,30.169113159179688,52.733970642089844,30.622394561767578,0.9898410261385981,2.8013112545013428,40.42206954956055,0.975,1.0,0.0,1.0,0.0,0.0,0.022942908108234406,0.18924930691719055,0.0,-0.23312287032604218,-0.1755075305700302,-0.08231854438781738,-2.457979202270508,-2.3460910320281982,-2.1642661094665527,0.0,1.0
935936,914,7,149.2653413969005,141.42857142857142,-0.005592264700680971,5.758468310534954,-2.782734382152557,0.007445034378906712,0.0598876953125,1.6133905529975892,43.9682288646698,-2.4815826416015625,4.926071643829346,47.14777374267578,31.493858337402344,49.629356384277344,29.815046310424805,0.9755347462205524,3.568732261657715,147.68959045410156,1.0,1.0,0.0,1.0,0.0,0.0,0.019557345658540726,0.18230031430721283,0.0,-0.23553726077079773,-0.175779327750206,-0.08024152368307114,-2.462552070617676,-2.346527099609375,-2.160139560699463,0.0,1.0
936960,915,7,135.41781494479363,132.14285714285714,-0.005528424785006791,2.76305053755641,-2.783890414237976,0.006361063034273684,0.0513671875,1.4119842961430549,23.407225954532624,-1.2079365253448486,3.9714090824127197,48.268367767333984,31.410884857177734,49.47630310058594,31.68938636779785,0.9840144008320446,2.8229711055755615,76.45702362060547,1.0,1.0,0.0,1.0,0.0,0.0,0.006729643791913986,0.16405624151229858,0.0,-0.23532135784626007,-0.17634175717830658,-0.08094148337841034,-2.4621434211730957,-2.3476152420043945,-2.1615302562713623,0.0,1.0
937984,916,9,147.02684838223448,131.22222222222223,-0.0034037496574455873,17.359218895435333,-2.786309188604355,0.0012934913509525358,0.0511962890625,1.2701317638158798,52.0770524263382,-1.7653210163116455,8.323789596557617,47.64509582519531,32.65919876098633,49.41041564941406,33.08738327026367,0.9350422193481758,2.099571704864502,122.5693588256836,1.0,1.0,0.0,1.0,0.0,0.0,0.02375955320894718,0.18488499522209167,0.0,-0.23647689819335938,-0.17630797624588013,-0.08277355879545212,-2.4643306732177734,-2.347606897354126,-2.165170192718506,0.0,1.0
939008,917,6,144.65172836283122,139.16666666666666,-0.00608048775466159,2.1187200978398324,-2.7889454126358033,0.005688591077341698,0.0677001953125,1.755139072239399,16.853912544250488,-0.22352537512779236,3.7194364070892334,51.464111328125,32.5152473449707,51.68763732910156,33.87591552734375,0.9869148065687344,3.7112350463867188,51.4406623840332,1.0,1.0,0.0,1.0,0.0,0.0,0.02628016658127308,0.19567131996154785,0.0,-0.23838193714618683,-0.17765240371227264,-0.08582945913076401,-2.4679336547851562,-2.350227117538452,-2.171238660812378,0.0,1.0
940032,918,9,151.40942425930518,136.55555555555554,-0.00332903815433383,4.3560678020119665,-2.794440412521362,0.004620970407268032,0.054541015625,1.2716192424297332,30.697639644145966,-1.7616806030273438,4.581723213195801,47.975341796875,30.545957565307617,49.737022399902344,29.865755081176758,0.9775016737871134,2.5720973014831543,123.384765625,1.0,1.0,0.0,1.0,0.0,0.0,0.022038966417312622,0.19001920521259308,0.0,-0.23841296136379242,-0.17769859731197357,-0.08502168953418732,-2.4679923057556152,-2.350313901901245,-2.1696348190307617,0.0,1.0
941056,919,7,147.59771099739973,126.28571428571429,-0.0063658579136244954,0.9836725886911154,-2.7928219616413115,0.006066592663410119,0.0635498046875,1.2859740167856217,14.980835765600204,-0.09577254205942154,2.8267266750335693,48.05419158935547,29.155580520629883,48.149967193603516,30.695476531982422,0.9906000802111864,2.86330509185791,49.11668395996094,1.0,1.0,0.0,1.0,0.0,0.0,0.0261808130890131,0.18566067516803741,0.0,-0.23730884492397308,-0.1774524599313736,-0.08326897025108337,-2.465904474258423,-2.3497989177703857,-2.166154146194458,0.0,1.0
942080,920,8,150.18489223081463,144.375,-0.0044174491078592835,3.0186344042420385,-2.7922682106494903,0.004816070600645617,0.046337890625,1.2868002638220788,21.63802636861801,0.25391682982444763,4.297884941101074,40.496734619140625,31.442882537841797,40.24281311035156,32.234989166259766,0.9813162191148416,2.597306728363037,69.60621643066406,1.0,1.0,0.0,1.0,0.0,0.0,0.010587967932224274,0.18835100531578064,0.0,-0.23607303202152252,-0.17741785943508148,-0.0833592414855957,-2.463566303253174,-2.349757194519043,-2.1663334369659424,0.0,1.0
943104,921,6,147.90400650512666,125.16666666666667,-0.007036196871194988,2.3707357343286275,-2.794305443763733,0.009192770294612273,0.0854736328125,1.4506720006465912,24.495399761199952,0.7717148065567017,3.9195096492767334,44.076011657714844,29.123624801635742,43.304298400878906,29.973751068115234,0.981887740950731,2.948734760284424,75.04767608642578,1.0,1.0,0.0,1.0,0.0,0.0,0.02187180332839489,0.1785268783569336,0.0,-0.2365502268075943,-0.17813187837600708,-0.08462895452976227,-2.4644694328308105,-2.3511197566986084,-2.1688549518585205,0.0,1.0
944128,922,8,159.18957789217893,138.875,-0.005412102048285306,1.6301521096378564,-2.797127914428711,0.006312517475453206,0.0724365234375,1.5515076369047165,22.851495814323425,1.6801199913024902,3.274894952774048,47.530311584472656,29.84200096130371,45.850189208984375,32.1067008972168,0.9879568841129306,2.4902501106262207,82.43436431884766,1.0,1.0,0.0,1.0,0.0,0.0,0.030971748754382133,0.19940924644470215,0.0,-0.23725786805152893,-0.1783546358346939,-0.084505595266819,-2.4658079147338867,-2.3515586853027344,-2.168610095977783,0.0,1.0
945152,923,8,155.82912719514337,135.875,-0.003474219935014844,1.176632585003972,-2.7992650270462036,0.004355349071556702,0.04755859375,1.7182828307151794,12.14540456533432,0.029859453439712524,2.869319438934326,46.14166259765625,30.578813552856445,46.11180114746094,30.690969467163086,0.991195258870345,3.8718271255493164,38.39863967895508,1.0,1.0,0.0,1.0,0.0,0.0,0.03118780441582203,0.19038011133670807,0.0,-0.2360442727804184,-0.17892439663410187,-0.08580264449119568,-2.4635119438171387,-2.3526875972747803,-2.1711854934692383,0.0,1.0
946176,924,8,167.82269082683518,137.75,-0.004900389967951923,2.1404554463922976,-2.803820472955704,0.007300092221703381,0.0645263671875,1.5850757092237473,25.554814636707306,1.6275674104690552,3.374018907546997,49.07648849487305,29.18359375,47.44892120361328,31.272491455078125,0.9866335079582795,2.6779415607452393,89.75923919677734,1.0,1.0,0.0,1.0,0.0,0.0,0.034400004893541336,0.21616993844509125,0.0,-0.23744012415409088,-0.17980657517910004,-0.08712571114301682,-2.4661526679992676,-2.354397773742676,-2.173811912536621,0.0,1.0
947200,925,6,150.31507787730234,137.66666666666666,-0.0062954781169537455,1.8198194961994887,-2.806128370761871,0.006598785173264332,0.060205078125,1.3993997797369957,16.962134236097334,0.19610029458999634,3.3681766986846924,48.497928619384766,27.749786376953125,48.30182647705078,26.942859649658203,0.98526770177689,3.278207778930664,57.18612289428711,1.0,1.0,0.0,1.0,0.0,0.0,0.029708869755268097,0.19630499184131622,0.0,-0.2376355230808258,-0.1795157790184021,-0.08813261240720749,-2.466522216796875,-2.353846311569214,-2.1758103370666504,0.0,1.0
948224,926,7,172.2804289535039,161.71428571428572,-0.004145461937878281,2.7076459638774395,-2.805207407474518,0.004546777534415014,0.0541748046875,1.4158703446388246,26.170174646377564,1.361384630203247,4.274041175842285,42.6382942199707,31.17679786682129,41.27690887451172,32.3918342590332,0.9812062088565086,2.276655673980713,91.78593444824219,1.0,1.0,0.0,1.0,0.0,0.0,0.008974714204668999,0.17771612107753754,0.0,-0.23874583840370178,-0.17979949712753296,-0.08916793763637543,-2.4686214923858643,-2.3544180393218994,-2.1778647899627686,0.0,1.0
949248,927,7,159.75177071782485,141.42857142857142,-0.005171582632465288,3.851464179158211,-2.805760657787323,0.005055330821778625,0.065625,1.285394735634327,26.178178572654723,0.6245846152305603,4.593036651611328,45.103973388671875,31.18728256225586,44.47938919067383,32.511131286621094,0.9783107390190249,2.3715879917144775,96.25325012207031,1.0,1.0,0.0,1.0,0.0,0.0,0.03173244372010231,0.17979225516319275,0.0,-0.23621927201747894,-0.17939798533916473,-0.08940449357032776,-2.4638431072235107,-2.353673219680786,-2.1783339977264404,0.0,1.0
950272,928,8,151.17631855475804,147.5,-0.006060707359574735,0.7550654273480177,-2.8014254927635194,0.004306474557961337,0.062841796875,1.4189684465527534,13.42735116481781,0.5906398296356201,2.1490511894226074,46.82575607299805,33.011497497558594,46.23511505126953,33.246578216552734,0.9957619791570369,3.386335849761963,45.72542953491211,1.0,1.0,0.0,1.0,0.0,0.0,0.028312548995018005,0.19209150969982147,0.0,-0.2352638840675354,-0.17853879928588867,-0.08851590007543564,-2.4620347023010254,-2.3519999980926514,-2.1765708923339844,0.0,1.0
951296,929,8,164.6394436337108,142.5,-0.005168332497123629,2.8752308815717695,-2.8017403960227965,0.0061311539204325525,0.0611083984375,1.5225542843341828,27.000863099098204,0.6675190329551697,4.273870468139648,45.36435317993164,28.78926658630371,44.696834564208984,29.700435638427734,0.977961523594695,3.400486469268799,85.5492935180664,1.0,1.0,0.0,1.0,0.0,0.0,0.02103572152554989,0.17048175632953644,0.0,-0.23654049634933472,-0.1797783225774765,-0.08925619721412659,-2.4644508361816406,-2.3544182777404785,-2.178039789199829,0.0,1.0
952320,930,6,166.9287588674994,155.16666666666666,-0.004572375846328214,3.5071375742554665,-2.808048540353775,0.008391618164023385,0.0583984375,1.5495843172073365,40.440665900707245,2.2289774417877197,4.5427937507629395,36.24555206298828,29.942068099975586,34.016578674316406,32.216278076171875,0.9769812134419216,2.938631057739258,147.36268615722656,1.0,1.0,0.0,1.0,0.0,0.0,0.02283155918121338,0.16733315587043762,0.0,-0.2369593232870102,-0.18014752864837646,-0.0883672833442688,-2.465243339538574,-2.3550925254821777,-2.1762759685516357,0.0,1.0
953344,931,5,159.48741512619802,164.6,-0.005656499986071139,2.520493609458208,-2.8100120663642882,0.006831107754260301,0.0705810546875,1.530479557812214,27.35764479637146,1.3049230575561523,3.8347527980804443,48.24883270263672,32.621952056884766,46.94390869140625,33.107234954833984,0.9861816907345717,3.378976583480835,108.66609191894531,1.0,1.0,0.0,1.0,0.0,0.0,0.03060755878686905,0.19120906293392181,0.0,-0.2373737245798111,-0.1809525489807129,-0.0888504609465599,-2.46602725982666,-2.356623411178589,-2.1772348880767822,0.0,1.0
954368,932,7,184.38666250400087,149.42857142857142,-0.006882360845338553,4.299047561734914,-2.8159312903881073,0.005309629559633322,0.0834228515625,1.6236282125115395,30.01032038927078,1.6319409608840942,5.294601917266846,49.80472946166992,30.686100006103516,48.17279052734375,31.74925422668457,0.9702296970140165,3.983330488204956,100.58930206298828,1.0,1.0,0.0,1.0,0.0,0.0,0.027615493163466454,0.20437657833099365,0.0,-0.2380111962556839,-0.18197357654571533,-0.09026442468166351,-2.4672327041625977,-2.3586161136627197,-2.180040121078491,0.0,1.0
955392,933,5,167.48569247801643,157.6,-0.005734705168288201,1.3612972758710384,-2.820247459411621,0.006173439565463923,0.091845703125,1.6360852688550949,13.851495885849,0.9203829169273376,2.9303784370422363,54.646697998046875,29.455326080322266,53.726314544677734,28.024141311645508,0.9901026295221286,3.8454246520996094,45.989646911621094,1.0,1.0,0.0,1.0,0.0,0.0,0.028508296236395836,0.1993427574634552,0.0,-0.237431600689888,-0.1822473406791687,-0.09131400287151337,-2.4661366939544678,-2.3591604232788086,-2.182121992111206,0.0,1.0
956416,934,8,178.9288122130465,141.875,-0.00533314851927571,1.094245044887066,-2.8240342855453493,0.006776971515500918,0.06044921875,1.3154654622077941,12.401342970132827,0.536656379699707,2.7211170196533203,51.62679672241211,27.33349609375,51.09014129638672,28.050670623779297,0.9900893068880684,2.611579418182373,38.02110290527344,1.0,1.0,0.0,1.0,0.0,0.0,0.023617500439286232,0.16874776780605316,0.0,-0.2376675307750702,-0.18350499868392944,-0.09479258209466934,-2.466582775115967,-2.3616316318511963,-2.1890194416046143,0.0,1.0
957440,935,8,152.87802016207667,154.375,-0.004871101363096386,7.106468096375465,-2.82868515253067,0.007441278020269238,0.0625,1.4036157131195068,36.16733841896057,0.03877168893814087,5.947561740875244,41.830413818359375,33.47315979003906,41.79164123535156,32.800621032714844,0.9684292798001441,2.859121084213257,96.86766052246094,1.0,1.0,0.0,1.0,0.0,0.0,0.029545651748776436,0.17367617785930634,0.0,-0.2380499243736267,-0.18351943790912628,-0.09570194035768509,-2.467305898666382,-2.3617007732391357,-2.190821647644043,0.0,1.0
958464,936,8,165.2227722200946,151.5,-0.005568044853862375,3.1601580284535884,-2.8294840276241304,0.004063463586498983,0.0576904296875,1.357812225818634,32.125937330722806,1.9517582654953003,4.083592891693115,41.215797424316406,31.03557777404785,39.264041900634766,32.926761627197266,0.9826872825961043,2.5921192169189453,121.28530883789062,1.0,1.0,0.0,1.0,0.0,0.0,0.016078317537903786,0.17242439091205597,0.0,-0.24035407602787018,-0.1843353658914566,-0.09456583112478256,-2.4716603755950928,-2.3632261753082275,-2.1885697841644287,0.0,1.0
959488,937,6,159.39657794385175,134.33333333333334,-0.005131761578377336,1.5240774318575858,-2.8342269957065582,0.004027339271851815,0.0599609375,1.4640572309494018,18.825500583648683,1.428198218345642,2.7288782596588135,49.76637268066406,28.736854553222656,48.338172912597656,29.60053062438965,0.990982422791537,2.553798198699951,67.6596908569336,1.0,1.0,0.0,1.0,0.0,0.0,0.033222001045942307,0.19761303067207336,0.0,-0.24101439118385315,-0.18462367355823517,-0.09539669007062912,-2.472907304763794,-2.3637797832489014,-2.1902167797088623,0.0,1.0
960512,938,8,168.44282062473007,140.375,-0.007435157016152516,2.658613819628954,-2.833043110370636,0.006499898797483183,0.0767822265625,1.4560175120830536,23.540989494323732,-0.7617435455322266,3.8328139781951904,51.68832015991211,31.229564666748047,52.45006561279297,30.6551570892334,0.9849372738146338,3.1369636058807373,78.30497741699219,1.0,1.0,0.0,1.0,0.0,0.0,0.026465073227882385,0.19671183824539185,0.0,-0.23976515233516693,-0.18407292664051056,-0.09423012286424637,-2.470547914505005,-2.3626821041107178,-2.1879043579101562,0.0,1.0
961536,939,6,166.1441788731184,141.66666666666666,-0.005764993303455412,0.9022639548406005,-2.832410228252411,0.005462689505657181,0.063720703125,1.6147464483976364,13.046822971105575,0.6886814832687378,2.5455000400543213,54.13016128540039,27.516826629638672,53.44147872924805,28.536951065063477,0.9914424496981272,3.25272274017334,47.08857727050781,1.0,1.0,0.0,1.0,0.0,0.0,0.026391709223389626,0.1833740770816803,0.0,-0.2398243099451065,-0.18485915660858154,-0.09615615755319595,-2.4706594944000244,-2.3642401695251465,-2.1917219161987305,0.0,1.0
962560,940,7,171.54646825077387,149.42857142857142,-0.0038203181233257056,1.7307924941182136,-2.838319164514542,0.004359964950708672,0.039306640625,1.5096801847219468,16.79198498725891,0.11602148413658142,3.358585834503174,50.044349670410156,28.36524772644043,49.92832565307617,29.23793601989746,0.9859802686260783,3.8804097175598145,55.21792221069336,1.0,1.0,0.0,1.0,0.0,0.0,0.02496439218521118,0.20107506215572357,0.0,-0.2408301681280136,-0.18559867143630981,-0.09715458750724792,-2.4725594520568848,-2.365678071975708,-2.193700075149536,0.0,1.0
963584,941,7,158.45728019686135,148.14285714285714,-0.005188154883217067,3.2525350242853164,-2.843699997663498,0.004302673568599857,0.046630859375,1.5454199835658073,23.744450855255128,0.159756600856781,4.2270402908325195,48.42092514038086,31.79431915283203,48.26116943359375,30.900239944458008,0.9823244198918413,2.879678726196289,60.53622055053711,1.0,1.0,0.0,1.0,0.0,0.0,0.020726876333355904,0.18286198377609253,0.0,-0.24081777036190033,-0.18676072359085083,-0.09990479052066803,-2.472536087036133,-2.3679516315460205,-2.1991474628448486,0.0,1.0
964608,942,7,161.85020250164987,139.57142857142858,-0.004075970058329404,4.688142974674702,-2.848209148645401,0.004034696915186942,0.04794921875,1.648647964000702,34.0053733587265,-0.6786751747131348,5.2393012046813965,49.46166229248047,29.909042358398438,50.140342712402344,29.13990020751953,0.9693138990985631,3.894812822341919,112.17127990722656,1.0,1.0,0.0,1.0,0.0,0.0,0.037675321102142334,0.21324804425239563,0.0,-0.24125036597251892,-0.1871272176504135,-0.09910527616739273,-2.4733529090881348,-2.3686342239379883,-2.197564125061035,0.0,1.0
965632,943,7,156.37351454855542,144.57142857142858,-0.004348646145081148,5.279564559459686,-2.85029621720314,0.00616222245444078,0.0708984375,1.3299577698111533,47.52191650867462,0.8448736667633057,5.709491729736328,51.02008819580078,33.43007278442383,50.17521667480469,34.76433563232422,0.9708310868518162,2.575805425643921,167.1245880126953,1.0,1.0,0.0,1.0,0.0,0.0,0.035967867821455,0.2238023281097412,0.0,-0.2439804971218109,-0.1877734512090683,-0.09964817762374878,-2.478503942489624,-2.3698642253875732,-2.198639392852783,0.0,1.0
966656,944,7,176.74849764585016,157.42857142857142,-0.0029435920529067515,1.9447430100291967,-2.856355631351471,0.0046797210059594365,0.0408203125,1.6564022302627563,21.69274069070816,0.8268965482711792,3.551875352859497,48.38307189941406,30.550697326660156,47.556175231933594,31.893972396850586,0.9864832216525172,3.335038423538208,70.547119140625,1.0,1.0,0.0,1.0,0.0,0.0,0.01806069351732731,0.19716505706310272,0.0,-0.2448478788137436,-0.18915502727031708,-0.1000470370054245,-2.4801390171051025,-2.37249493598938,-2.1994290351867676,0.0,1.0
967680,945,8,166.49514048262446,144.5,-0.005348351388238371,4.579913604259491,-2.8636099457740785,0.006018421548651532,0.055322265625,1.5662097841501237,32.518185067176816,1.3836491107940674,5.137866497039795,49.49459457397461,32.753204345703125,48.11094665527344,34.31633377075195,0.9753930367217026,2.926095724105835,112.3185806274414,1.0,1.0,0.0,1.0,0.0,0.0,0.02724076621234417,0.21533823013305664,0.0,-0.24471032619476318,-0.19013303518295288,-0.10305727273225784,-2.479879856109619,-2.3744394779205322,-2.205387830734253,0.0,1.0
968704,946,7,173.55423915572962,146.0,-0.0056982414971571416,5.381092038750649,-2.8667078077793122,0.0029564888856839387,0.0586181640625,1.4593450516462325,33.968393778800966,0.37246227264404297,5.217098712921143,47.60710144042969,31.656368255615234,47.23463439941406,32.51511001586914,0.9728396123500448,2.6428780555725098,105.9554443359375,1.0,1.0,0.0,1.0,0.0,0.0,0.030442625284194946,0.21925058960914612,0.0,-0.24296949803829193,-0.19015826284885406,-0.10360294580459595,-2.476597309112549,-2.3745157718658447,-2.206467628479004,0.0,1.0
969728,947,7,166.8084452800766,135.28571428571428,-0.0051621871709357945,5.083871592581272,-2.8656646609306335,0.007214722762000747,0.077783203125,1.3903159081935883,29.70796654224396,-0.5171687602996826,4.7153215408325195,53.79295349121094,27.7788143157959,54.31011962890625,26.071840286254883,0.9711865511715801,2.270339012145996,99.51258850097656,1.0,1.0,0.0,1.0,0.0,0.0,0.024573011323809624,0.1860145628452301,0.0,-0.2403077781200409,-0.18966203927993774,-0.1037413477897644,-2.4715728759765625,-2.3735809326171875,-2.2067415714263916,0.0,1.0
970752,948,8,162.86983873057767,144.375,-0.0047321836114861075,1.36637779250741,-2.8617541432380675,0.005745809187646955,0.0527099609375,1.366483211517334,15.89752150774002,0.9852273464202881,2.704580783843994,47.71669006347656,28.01193618774414,46.73146438598633,29.068004608154297,0.9906779022479127,2.3585100173950195,49.327972412109375,1.0,1.0,0.0,1.0,0.0,0.0,0.022618800401687622,0.1870335042476654,0.0,-0.2412206530570984,-0.18897157907485962,-0.10016149282455444,-2.473296642303467,-2.3721818923950195,-2.199655771255493,0.0,1.0
971776,949,6,136.39561270592392,145.83333333333334,-0.005357101932168007,7.617650435864926,-2.860397070646286,0.005009805565350689,0.065966796875,1.5919004634022713,51.52002899646759,-1.1158709526062012,6.545710563659668,43.906494140625,32.402732849121094,45.022361755371094,31.288984298706055,0.9591915282014419,3.571876049041748,166.11802673339844,1.0,1.0,0.0,1.0,0.0,0.0,0.025562560185790062,0.17805786430835724,0.0,-0.24222731590270996,-0.18932397663593292,-0.09965510666370392,-2.4751968383789062,-2.3728220462799072,-2.198652982711792,0.0,1.0
972800,950,7,168.9883256116318,143.85714285714286,-0.004843496938701719,1.1811634432524443,-2.866522842645645,0.005786781071219593,0.0495361328125,1.4459754705429078,18.7591774225235,1.1349961757659912,2.6305761337280273,51.1258544921875,26.175683975219727,49.99085998535156,27.055524826049805,0.989900365858989,3.524571418762207,77.37248229980469,1.0,1.0,0.0,1.0,0.0,0.0,0.023931866511702538,0.17195041477680206,0.0,-0.24330377578735352,-0.19128946959972382,-0.10156737267971039,-2.4772276878356934,-2.376598596572876,-2.202439069747925,0.0,1.0
973824,951,7,156.933720450209,138.71428571428572,-0.005098544628708623,3.1703330367803573,-2.8765367746353148,0.006364423429477029,0.060693359375,1.63919937312603,30.207672679424284,-0.5968664884567261,4.657071590423584,50.75981903076172,31.78933334350586,51.35668182373047,31.304841995239258,0.9785383565093728,3.450705051422119,103.44022369384766,1.0,1.0,0.0,1.0,0.0,0.0,0.03119218349456787,0.18311874568462372,0.0,-0.24555237591266632,-0.19246415793895721,-0.10174335539340973,-2.48146653175354,-2.3788299560546875,-2.202787399291992,0.0,1.0
974848,952,8,142.62054388123659,144.375,-0.00876249170396477,6.215475763380527,-2.8757136881351473,0.01028266315406654,0.100244140625,1.323258164525032,49.10242998600006,-1.4380221366882324,5.874908447265625,42.79710388183594,33.366058349609375,44.23512649536133,32.343833923339844,0.9689978080805378,3.0543954372406006,193.63095092773438,1.0,1.0,0.0,1.0,0.0,0.0,0.02566670812666416,0.1809329390525818,0.0,-0.24516929686069489,-0.19051094353199005,-0.09701945632696152,-2.4807448387145996,-2.3749938011169434,-2.193432331085205,0.0,1.0
975872,953,5,167.98543801443762,144.0,-0.0038771275663748383,1.9999926816672087,-2.8691030979156493,0.004825201298808679,0.0596923828125,1.5303593769669532,25.772088885307312,0.003777116537094116,4.048923015594482,49.87030792236328,27.9572696685791,49.86653137207031,29.758787155151367,0.9790256018380494,2.8739516735076904,96.21292877197266,1.0,1.0,0.0,1.0,0.0,0.0,0.019082367420196533,0.1729491651058197,0.0,-0.24656334519386292,-0.1915142983198166,-0.09869297593832016,-2.483370780944824,-2.3769304752349854,-2.1967475414276123,0.0,1.0
976896,954,8,163.42503091244822,153.5,-0.005540224525611847,2.6677989795804025,-2.8782312750816343,0.005491914160666056,0.0494384765625,1.419789119064808,28.600410562753677,0.9345327615737915,4.328127384185791,49.500877380371094,33.3580436706543,48.56634521484375,34.729373931884766,0.9831655509778943,3.8082094192504883,100.46338653564453,1.0,1.0,0.0,1.0,0.0,0.0,0.03236153721809387,0.19562186300754547,0.0,-0.2463758885860443,-0.19298595190048218,-0.09970518946647644,-2.483017921447754,-2.379763603210449,-2.1987521648406982,0.0,1.0
977920,955,7,174.7211475490949,139.14285714285714,-0.005945663503371179,2.3885661363601685,-2.8840221524238587,0.006085284924483858,0.0540771484375,1.3275827929377555,23.42313758134842,0.41234317421913147,3.7521138191223145,47.474266052246094,28.263513565063477,47.061920166015625,29.742725372314453,0.9823761951213341,2.589855909347534,87.1312255859375,1.0,1.0,0.0,1.0,0.0,0.0,0.022422878071665764,0.18760977685451508,0.0,-0.2461363971233368,-0.19351379573345184,-0.10098434239625931,-2.4825668334960938,-2.380781888961792,-2.201284885406494,0.0,1.0
978944,956,8,134.68287917864387,127.875,-0.0042856022948399184,3.1733243361115457,-2.8846237778663637,0.0052126271941233425,0.0576416015625,1.4868067383766175,24.7602178812027,-1.084948182106018,4.006946086883545,47.0953483581543,32.56123733520508,48.1802978515625,31.644287109375,0.9848565361470267,3.1757431030273438,78.8212661743164,0.975,1.0,0.0,1.0,0.0,0.0,0.032923053950071335,0.19141307473182678,0.0,-0.2456795573234558,-0.1930684596300125,-0.09886572510004044,-2.481706142425537,-2.3799004554748535,-2.197089672088623,0.0,1.0
979968,957,7,156.74847629708543,148.14285714285714,-0.005759069428313524,3.747537302970886,-2.883712023496628,0.00542382244602777,0.0578857421875,1.5854094997048378,34.66988999843598,0.9180542826652527,4.974043846130371,46.154991149902344,32.904537200927734,45.2369384765625,33.463199615478516,0.9771488731025567,3.5561819076538086,116.8581771850586,1.0,1.0,0.0,1.0,0.0,0.0,0.016087936237454414,0.1941818743944168,0.0,-0.24721325933933258,-0.19354896247386932,-0.09751333296298981,-2.4845945835113525,-2.3807573318481445,-2.194410800933838,0.0,1.0
980992,958,9,153.2150734022794,129.77777777777777,-0.00421793800778687,4.948498173058033,-2.885294479131699,0.004435873794136569,0.04677734375,1.4565061017870904,30.30026193857193,-0.5561522841453552,5.224871635437012,50.584678649902344,29.82933235168457,51.140830993652344,29.899789810180664,0.969319377255391,2.7842438220977783,80.39693450927734,1.0,1.0,0.0,1.0,0.0,0.0,0.0390666201710701,0.20109553635120392,0.0,-0.24789012968540192,-0.19357067346572876,-0.0974283516407013,-2.4858686923980713,-2.38080096244812,-2.194242477416992,0.0,1.0
982016,959,6,159.4920391131151,139.5,-0.004355255630798638,1.9725844003260136,-2.888086807727814,0.0043465549038955945,0.066259765625,1.618063160777092,21.861072379350663,-0.4426419138908386,3.8580567836761475,49.90515899658203,31.044069290161133,50.347801208496094,32.008941650390625,0.9845552821541417,3.921605110168457,69.90412139892578,1.0,1.0,0.0,1.0,0.0,0.0,0.03256334736943245,0.20210576057434082,0.0,-0.25066182017326355,-0.19465936720371246,-0.0963040292263031,-2.4910812377929688,-2.3828001022338867,-2.192014694213867,0.0,1.0
983040,960,8,170.04000407505902,150.625,-0.006824537890497595,3.8339498952031135,-2.8944355070590975,0.009974959102692083,0.0869873046875,1.685755082964897,41.407039761543274,1.285330057144165,4.880025386810303,40.51021194458008,32.55354309082031,39.22488021850586,34.75218963623047,0.9775276948332807,3.991240978240967,152.97412109375,1.0,1.0,0.0,1.0,0.0,0.0,0.016080370172858238,0.18562597036361694,0.0,-0.25243327021598816,-0.19563746452331543,-0.09699384868144989,-2.4944090843200684,-2.3846678733825684,-2.1933815479278564,0.0,1.0
984064,961,8,142.28634703932505,124.625,-0.0034234103164635598,1.7774160102009773,-2.8994792997837067,0.0018942923052236438,0.0482177734375,1.4016468912363051,21.59457231760025,-0.7993684411048889,3.608186721801758,53.641292572021484,29.731781005859375,54.44065856933594,29.713802337646484,0.9852722599272205,2.487415075302124,76.48431396484375,1.0,1.0,0.0,1.0,0.0,0.0,0.031553152948617935,0.19880235195159912,0.0,-0.25409433245658875,-0.19641901552677155,-0.09818337857723236,-2.4975271224975586,-2.3861796855926514,-2.1957383155822754,0.0,1.0
985088,962,7,153.17450026783607,124.42857142857143,-0.004800486052408815,1.606314630433917,-2.9014301776885985,0.0034286388225154953,0.066455078125,1.5639610141515732,16.193328660726547,-0.4457140862941742,3.2864720821380615,53.41884994506836,26.331972122192383,53.86456298828125,25.87693214416504,0.9844226641530764,3.033068895339966,58.92207717895508,1.0,1.0,0.0,1.0,0.0,0.0,0.018481062725186348,0.16987624764442444,0.0,-0.25256800651550293,-0.19616083800792694,-0.10127096623182297,-2.494662284851074,-2.385801076889038,-2.201852321624756,0.0,1.0
986112,963,8,159.15910227898678,131.625,-0.0038077637262176724,3.049567724764347,-2.8997098803520203,0.0040120106365066025,0.047412109375,1.622970588505268,18.156307113170623,0.004263460636138916,4.182557106018066,47.681671142578125,29.868520736694336,47.67741012573242,29.912853240966797,0.9803909610062611,3.4111082553863525,51.63684844970703,1.0,1.0,0.0,1.0,0.0,0.0,0.0142643628641963,0.16900214552879333,0.0,-0.25149238109588623,-0.19584967195987701,-0.10170680284500122,-2.4926419258117676,-2.3852219581604004,-2.2027151584625244,0.0,1.0
987136,964,7,165.8954854541241,138.71428571428572,-0.0035128601593896747,2.0858196925371884,-2.899743390083313,0.004210518303443678,0.050390625,1.6698356047272682,22.642506432533263,0.38432201743125916,3.7789673805236816,47.209373474121094,28.92460060119629,46.825050354003906,30.159873962402344,0.9829308636020688,3.167123794555664,80.67160034179688,1.0,1.0,0.0,1.0,0.0,0.0,0.02257792092859745,0.18694151937961578,0.0,-0.250286340713501,-0.19617360830307007,-0.10343700647354126,-2.490375518798828,-2.3858835697174072,-2.206139326095581,0.0,1.0
988160,965,8,142.52923454059237,134.875,-0.0042461777629796416,1.3242377497255802,-2.8978738307952883,0.004607503974693827,0.052099609375,1.4387486845254898,19.960152173042296,-0.5881175994873047,2.6858482360839844,49.3858642578125,34.89701843261719,49.97398376464844,34.83885192871094,0.9940763919252155,2.8480143547058105,64.22086334228516,1.0,1.0,0.0,1.0,0.0,0.0,0.031528931111097336,0.18574321269989014,0.0,-0.24857307970523834,-0.1950700283050537,-0.10370828956365585,-2.4871537685394287,-2.383822202682495,-2.2066762447357178,0.0,1.0
989184,966,8,154.59816525356996,132.375,-0.0030886025168001653,5.537286537885666,-2.8954038679599763,0.004147137730615214,0.0654052734375,1.8200973734259605,36.469224464893344,-1.1188478469848633,5.490608215332031,49.43073272705078,29.237417221069336,50.549583435058594,29.235095977783203,0.9647334592884751,4.293951034545898,144.13011169433594,1.0,1.0,0.0,1.0,0.0,0.0,0.02857070229947567,0.19518955051898956,0.0,-0.2491205632686615,-0.19546662271022797,-0.10489676892757416,-2.4881834983825684,-2.384575128555298,-2.2090275287628174,0.0,1.0
990208,967,8,146.98504184972703,139.125,-0.00506496824673377,1.466191691160202,-2.8968421041965486,0.004460890890914016,0.047802734375,1.38075882345438,20.98005974292755,0.4051380753517151,3.4820830821990967,46.54544448852539,32.20447540283203,46.14030838012695,33.52687454223633,0.9883091580571747,2.637322187423706,96.7468032836914,1.0,1.0,0.0,1.0,0.0,0.0,0.020391056314110756,0.19265078008174896,0.0,-0.25151073932647705,-0.19546864926815033,-0.10506723821163177,-2.4926764965057373,-2.384580373764038,-2.209364652633667,0.0,1.0
991232,968,7,166.37568498010765,135.42857142857142,-0.0065446390130091455,3.266075278818607,-2.895512008666992,0.003463551210006699,0.0728759765625,1.6480909436941147,37.574781596660614,1.679036259651184,4.413517951965332,45.77865982055664,29.092117309570312,44.09962844848633,31.47841453552246,0.9769845683867108,2.6841654777526855,131.06887817382812,1.0,1.0,0.0,1.0,0.0,0.0,0.02587868832051754,0.19848182797431946,0.0,-0.2526198923587799,-0.19511663913726807,-0.10425831377506256,-2.4947595596313477,-2.383889675140381,-2.2077643871307373,0.0,1.0
992256,969,9,160.43315898715602,137.33333333333334,-0.004372789990156889,2.9561329327523707,-2.895227187871933,0.006119463776121848,0.058056640625,1.5057182759046555,27.25825927257538,0.8519424200057983,4.162521839141846,48.396873474121094,28.957500457763672,47.5449333190918,30.591949462890625,0.9793371202148127,3.306647777557373,89.5615463256836,0.975,1.0,0.0,1.0,0.0,0.0,0.0105712516233325,0.18275295197963715,0.0,-0.2509806752204895,-0.19536733627319336,-0.10567472130060196,-2.49168062210083,-2.3844213485717773,-2.210566282272339,0.0,1.0
993280,970,8,159.21244955999543,132.125,-0.00798653947422281,1.0544741649180651,-2.9005864918231965,0.004703966464148834,0.0823486328125,1.4739002868533135,13.337806916236877,0.9229024648666382,2.5696170330047607,49.062889099121094,28.885208129882812,48.139984130859375,30.117212295532227,0.9920861869023443,3.487150192260742,48.179161071777344,1.0,1.0,0.0,1.0,0.0,0.0,0.013990187086164951,0.17513684928417206,0.0,-0.25098565220832825,-0.19715146720409393,-0.10766766220331192,-2.491689920425415,-2.387850522994995,-2.2145071029663086,0.0,1.0
994304,971,7,161.9068923891031,129.71428571428572,-0.006872459867736325,1.1652254093438388,-2.9066566705703734,0.0076458611729322,0.06416015625,1.583355936408043,15.01435803771019,0.98553466796875,2.6304352283477783,52.66820526123047,28.636472702026367,51.68267059326172,28.87232208251953,0.9915624541302979,2.9907643795013428,51.05540084838867,1.0,1.0,0.0,1.0,0.0,0.0,0.034987565129995346,0.21457919478416443,0.0,-0.2499195784330368,-0.19662320613861084,-0.10749059915542603,-2.4896860122680664,-2.3868768215179443,-2.2141571044921875,0.0,1.0
995328,972,6,180.15653388777775,151.33333333333334,-0.0040816862718202175,2.9569129832088947,-2.902649015188217,0.005810663200099953,0.0517578125,1.5694186873733997,24.18087366819382,0.5926345586776733,4.1091227531433105,47.68610382080078,28.3615665435791,47.093475341796875,27.82734489440918,0.9790087736864889,3.1079771518707275,94.74192810058594,0.975,1.0,0.0,1.0,0.0,0.0,0.025342589244246483,0.20664063096046448,0.0,-0.24948076903820038,-0.1963167041540146,-0.10597974061965942,-2.488861083984375,-2.3862342834472656,-2.211169481277466,0.0,1.0
996352,973,7,157.71283658157986,136.28571428571428,-0.00432429766660789,1.605742546916008,-2.9031332552433016,0.0054067843244411055,0.0409423828125,1.3162342384457588,19.59980615377426,1.142289400100708,3.0786659717559814,47.4468994140625,27.77657127380371,46.30461120605469,28.394975662231445,0.987715208053328,2.796574592590332,58.090877532958984,1.0,1.0,0.0,1.0,0.0,0.0,0.0236663818359375,0.20166851580142975,0.0,-0.2503044903278351,-0.19721651077270508,-0.10636556148529053,-2.4904098510742188,-2.387944459915161,-2.211932420730591,0.0,1.0
997376,974,6,166.3338081930444,144.83333333333334,-0.007000538031570613,1.4044799964874983,-2.906525957584381,0.003189150200341828,0.0606689453125,1.327390256524086,15.972230845689774,0.8302104473114014,2.9540538787841797,52.17841339111328,28.21791648864746,51.34820556640625,28.5318603515625,0.9890405972592279,2.7312421798706055,48.65653991699219,1.0,1.0,0.0,1.0,0.0,0.0,0.022596484050154686,0.19867493212223053,0.0,-0.2507377862930298,-0.196696475148201,-0.1072629988193512,-2.4912240505218506,-2.386990785598755,-2.2137069702148438,0.0,1.0
998400,975,8,169.5400707248698,146.75,-0.0061213986715301875,1.4475299704819917,-2.902619922161102,0.00539252000162378,0.0547119140625,1.5195366591215134,15.274368321895599,0.6423699855804443,3.073554277420044,46.11663818359375,28.499418258666992,45.474266052246094,28.23259735107422,0.9883691949203803,2.9417121410369873,50.17399597167969,1.0,1.0,0.0,1.0,0.0,0.0,0.0272961612790823,0.19881998002529144,0.0,-0.24936211109161377,-0.19625626504421234,-0.106251560151577,-2.488637924194336,-2.386127471923828,-2.21170711517334,0.0,1.0
999424,976,8,136.34379998994027,137.0,-0.006092087319120765,3.730371931195259,-2.8986002683639525,0.0076641687686787915,0.1026611328125,1.9713377445936202,34.32907505035401,-0.8707810640335083,4.839754104614258,48.82664489746094,34.344181060791016,49.69742202758789,32.22314453125,0.9801417841065674,3.6758408546447754,113.85221099853516,1.0,1.0,0.0,1.0,0.0,0.0,0.034515492618083954,0.2047191858291626,0.0,-0.24825164675712585,-0.19515179097652435,-0.10465332865715027,-2.486548900604248,-2.384007692337036,-2.2085459232330322,0.0,1.0
1000448,977,8,164.59565933154823,135.5,-0.005680793675128371,1.8599531918764114,-2.891990828514099,0.006832819688133896,0.08232421875,1.6716557383537292,27.18676781654358,-0.5070629119873047,3.509950637817383,51.25787353515625,31.463586807250977,51.76493835449219,31.25848960876465,0.9875552709110171,3.8283770084381104,87.76107025146484,1.0,1.0,0.0,1.0,0.0,0.0,0.02043626271188259,0.19042329490184784,0.0,-0.24779833853244781,-0.19392083585262299,-0.10372863709926605,-2.4856958389282227,-2.381624937057495,-2.206716299057007,0.0,1.0
1001472,978,7,149.86544979061713,133.0,-0.006277329323347658,0.8314230740070343,-2.8865046560764314,0.005984796278062277,0.07587890625,1.7995434626936913,14.73371884226799,0.3782132863998413,2.383301019668579,45.55854415893555,34.068206787109375,45.180328369140625,35.11867141723633,0.9951060533393213,4.059500694274902,45.900115966796875,1.0,1.0,0.0,1.0,0.0,0.0,0.031412508338689804,0.2008512318134308,0.0,-0.24724555015563965,-0.19363798201084137,-0.10356936603784561,-2.4846553802490234,-2.381103277206421,-2.2064013481140137,0.0,1.0
1002496,979,8,172.3640832962855,150.125,-0.0036717412993311884,5.873587523400784,-2.8874297976493835,0.0049723960866685955,0.062548828125,1.4387504786252976,42.61643650531769,1.318393588066101,5.801702976226807,45.93743133544922,32.35752868652344,44.61903762817383,34.61776351928711,0.967851535316393,2.9535114765167236,182.3056182861328,1.0,1.0,0.0,1.0,0.0,0.0,0.01993020437657833,0.19643014669418335,0.0,-0.246704563498497,-0.19405728578567505,-0.1052323579788208,-2.4836368560791016,-2.3819377422332764,-2.209691286087036,0.0,1.0
1003520,980,7,154.19553862004724,148.14285714285714,-0.006006866693496704,3.3547326676547526,-2.887458473443985,0.006403095196583308,0.082373046875,1.6798549115657806,30.081671798229216,0.1273685097694397,4.699277877807617,42.44373321533203,33.252567291259766,42.316368103027344,33.16761016845703,0.9800284411480292,3.967662811279297,112.13460540771484,1.0,1.0,0.0,1.0,0.0,0.0,0.028386114165186882,0.20481698215007782,0.0,-0.24569764733314514,-0.19327802956104279,-0.10420230031013489,-2.4817402362823486,-2.380443572998047,-2.207653522491455,0.0,1.0
1004544,981,7,167.30809361049407,140.71428571428572,-0.004127223941031844,0.9114230759441853,-2.884359949827194,0.0053103183978237215,0.0533447265625,1.415303075313568,14.500702697038651,0.13384108245372772,2.5886805057525635,50.27008819580078,29.467166900634766,50.13624572753906,29.040828704833984,0.9922824377537085,4.8066935539245605,55.951019287109375,1.0,1.0,0.0,1.0,0.0,0.0,0.022593820467591286,0.19565021991729736,0.0,-0.2471100240945816,-0.19336651265621185,-0.1042226031422615,-2.4844002723693848,-2.38061785697937,-2.2076938152313232,0.0,1.0
1005568,982,4,157.55620415317742,146.25,-0.004744828946422785,2.607866371423006,-2.889709985256195,0.0066311258386122065,0.07998046875,1.3872081324458123,19.345291697978972,0.18703481554985046,3.806703567504883,46.124141693115234,32.28096008300781,45.937103271484375,31.989667892456055,0.9860939004647703,2.530942916870117,51.1943359375,1.0,1.0,0.0,1.0,0.0,0.0,0.021774888038635254,0.16916462779045105,0.0,-0.2498471736907959,-0.19531941413879395,-0.1052422747015953,-2.4895501136779785,-2.384333372116089,-2.2097108364105225,0.0,1.0
1006592,983,7,179.22030791308347,163.57142857142858,-0.007213337201392278,5.622156386077404,-2.897784924507141,0.007241833535954356,0.0697265625,1.3788792207837104,43.94126455783844,2.229645252227783,5.982746601104736,45.87113952636719,36.03364944458008,43.64149475097656,39.6114616394043,0.9724333043915533,2.6635963916778564,183.40618896484375,1.0,1.0,0.0,1.0,0.0,0.0,0.009445047937333584,0.1628665030002594,0.0,-0.2520713210105896,-0.19555650651454926,-0.10387624055147171,-2.493729591369629,-2.3847174644470215,-2.2070083618164062,0.0,1.0
1007616,984,8,178.50697273084285,164.75,-0.004925018199719489,4.146302554756403,-2.8961019098758696,0.00407869023620151,0.06357421875,1.3809482008218765,41.64922692775726,1.7341647148132324,5.223034381866455,40.120697021484375,34.29159927368164,38.38653564453125,37.045204162597656,0.9768009433634802,2.421182155609131,137.56268310546875,1.0,1.0,0.0,1.0,0.0,0.0,0.019333701580762863,0.16644427180290222,0.0,-0.2545919418334961,-0.19531454145908356,-0.10114478319883347,-2.498460531234741,-2.384181022644043,-2.2016024589538574,0.0,1.0
1008640,985,6,153.31276895750736,132.16666666666666,-0.006310761222266592,2.7359497480094435,-2.892434948682785,0.005198404358816333,0.059228515625,1.342272937297821,23.552926337718965,0.8161106109619141,4.353686332702637,54.95487594604492,28.386308670043945,54.138763427734375,28.658843994140625,0.976476795864568,2.3628227710723877,76.4833755493164,1.0,1.0,0.0,1.0,0.0,0.0,0.0373523123562336,0.19298644363880157,0.0,-0.2551444470882416,-0.19389623403549194,-0.09906461834907532,-2.4994966983795166,-2.381420135498047,-2.197483539581299,0.0,1.0
1009664,986,7,186.32561362739276,159.85714285714286,-0.006123306578956544,2.24128722473979,-2.8907098352909086,0.008124423891422339,0.075,1.4806292921304702,25.141437262296677,1.2801039218902588,3.6898880004882812,46.03559112548828,32.21648406982422,44.7554931640625,32.938873291015625,0.9868819269965109,2.6024465560913086,96.51608276367188,1.0,1.0,0.0,1.0,0.0,0.0,0.020873956382274628,0.20363624393939972,0.0,-0.2561086416244507,-0.19567102193832397,-0.10121165961027145,-2.5013043880462646,-2.384840726852417,-2.201735019683838,0.0,1.0
1010688,987,6,182.9742184106707,158.0,-0.005287231248803437,3.4537501119077207,-2.9017731666564943,0.006720263179158792,0.05712890625,1.4037241786718369,29.03370041847229,1.1212916374206543,5.107113361358643,48.345726013183594,30.114408493041992,47.22443771362305,32.55678176879883,0.9712391070451325,3.555872678756714,97.40741729736328,1.0,1.0,0.0,1.0,0.0,0.0,0.01703069917857647,0.17567561566829681,0.0,-0.25758466124534607,-0.1969316154718399,-0.10160253196954727,-2.5040700435638428,-2.38720965385437,-2.2025086879730225,0.0,1.0
1011712,988,8,148.75175894030542,157.625,-0.005362246680306271,3.8031448066234588,-2.906629741191864,0.006986151356250048,0.055810546875,1.5845132410526275,24.73312255144119,-0.3472874164581299,4.488952159881592,39.62723922729492,35.21468734741211,39.974525451660156,33.697444915771484,0.9837504152977452,2.6236634254455566,63.5324821472168,1.0,1.0,0.0,1.0,0.0,0.0,0.031941257417201996,0.20491991937160492,0.0,-0.25799107551574707,-0.1975080370903015,-0.101423479616642,-2.504831075668335,-2.388303518295288,-2.2021541595458984,0.0,1.0
1012736,989,7,152.85697558774675,143.0,-0.002951295062666759,2.6925350911915302,-2.9100492119789125,0.0040596682607429106,0.0489501953125,1.4869842767715453,34.13449356555939,-0.5140340924263,4.166436195373535,48.770179748535156,30.948503494262695,49.284217834472656,29.58123016357422,0.9818761576019699,2.5661232471466064,141.73365783691406,1.0,1.0,0.0,1.0,0.0,0.0,0.017246518284082413,0.19497811794281006,0.0,-0.2602708637714386,-0.19828946888446808,-0.10110963881015778,-2.5090978145599365,-2.3897573947906494,-2.201533079147339,0.0,1.0
1013760,990,6,154.33419101822633,147.0,-0.007024536654353142,5.088426321744919,-2.9128805100917816,0.006682163864024915,0.0941162109375,1.293576580286026,41.318469166755676,-0.8731871843338013,5.140595436096191,43.918460845947266,32.5860710144043,44.791648864746094,33.224491119384766,0.9751135552969916,2.858171224594116,138.10791015625,1.0,1.0,0.0,1.0,0.0,0.0,0.04076012596487999,0.19862352311611176,0.0,-0.259722501039505,-0.1983712911605835,-0.09989692270755768,-2.5080718994140625,-2.3898861408233643,-2.199131965637207,0.0,1.0
1014784,991,8,145.20252260735242,142.0,-0.0045681370713282375,3.581482350081205,-2.9133219361305236,0.007478290563449263,0.0783447265625,1.5938187941908837,45.33920160531998,-0.029915571212768555,5.167494297027588,45.081356048583984,33.11190414428711,45.11127471923828,33.940155029296875,0.9756447972661854,2.8214502334594727,176.3348846435547,1.0,1.0,0.0,1.0,0.0,0.0,0.021801257506012917,0.19827604293823242,0.0,-0.25864121317863464,-0.19864922761917114,-0.0996813103556633,-2.5060482025146484,-2.3904216289520264,-2.198704957962036,0.0,1.0
1015808,992,7,160.47524395388845,139.85714285714286,-0.0053886317415162924,1.1748440634459256,-2.916193461418152,0.0053563013614621015,0.0654052734375,1.6130145967006684,16.02975287437439,-0.7609593868255615,2.7459163665771484,50.55945587158203,31.055179595947266,51.320411682128906,31.39887046813965,0.9921818047129622,2.729714870452881,62.51883316040039,1.0,1.0,0.0,1.0,0.0,0.0,0.04086117818951607,0.19845427572727203,0.0,-0.26034438610076904,-0.19932614266872406,-0.0998009666800499,-2.509235382080078,-2.3916878700256348,-2.198941946029663,0.0,1.0
1016832,993,7,161.82334000325227,145.71428571428572,-0.0034525512950494886,5.2122373804450035,-2.9205172777175905,0.004461137554608285,0.0454345703125,1.5459775179624557,44.25350110530853,0.7594035267829895,5.42045259475708,42.982425689697266,33.672027587890625,42.2230224609375,36.32510757446289,0.9740861107689254,3.0402140617370605,165.92172241210938,1.0,1.0,0.0,1.0,0.0,0.0,0.035264283418655396,0.18609730899333954,0.0,-0.26020997762680054,-0.20006634294986725,-0.0997525081038475,-2.508983850479126,-2.393099546432495,-2.198845863342285,0.0,1.0
1017856,994,8,166.14417169148732,148.875,-0.006265797792002559,6.829215390980243,-2.922869545221329,0.005132820445578545,0.07333984375,1.6561897292733192,57.43697606325149,2.8336825370788574,6.1791181564331055,40.77039337158203,31.271081924438477,37.936710357666016,35.12379455566406,0.960954836054108,3.3912570476531982,210.8961181640625,1.0,1.0,0.0,1.0,0.0,0.0,0.02400459349155426,0.18381109833717346,0.0,-0.2601870596408844,-0.20038552582263947,-0.09927217662334442,-2.5089409351348877,-2.393681526184082,-2.19789457321167,0.0,1.0
1018880,995,7,160.8204421101316,133.85714285714286,-0.007052077306434512,2.1100651316344736,-2.92750831246376,0.0051772505859844385,0.0612060546875,1.5234267503023147,21.013752722740172,0.5214449167251587,3.60602068901062,45.42890930175781,28.95970344543457,44.90746307373047,29.20718765258789,0.9844951275156326,2.858708381652832,64.95169067382812,1.0,1.0,0.0,1.0,0.0,0.0,0.02703721821308136,0.20047326385974884,0.0,-0.2614421248435974,-0.20177511870861053,-0.10048018395900726,-2.5112876892089844,-2.3963406085968018,-2.200286865234375,0.0,1.0
1019904,996,6,161.0480856217669,142.16666666666666,-0.0055450333282351496,2.095789185911417,-2.935139113664627,0.005945295366109349,0.071435546875,1.727092556655407,16.86012533903122,0.959850013256073,3.3001837730407715,48.88862609863281,27.09459114074707,47.928775787353516,27.6092529296875,0.985164198455761,3.511229991912842,49.38359451293945,1.0,1.0,0.0,1.0,0.0,0.0,0.02951534278690815,0.18602755665779114,0.0,-0.26301708817481995,-0.20280145108699799,-0.09957128763198853,-2.514230728149414,-2.398237943649292,-2.1984870433807373,0.0,1.0
1020928,997,7,161.53027257660622,146.71428571428572,-0.007098300789948553,2.5762958362698556,-2.9376790523529053,0.00403364201192744,0.0593505859375,1.4633931905031203,24.865952575206755,1.9251384735107422,3.83628511428833,46.954566955566406,28.726137161254883,45.0294303894043,29.91562843322754,0.9821652406099388,3.4732885360717773,83.40444946289062,1.0,1.0,0.0,1.0,0.0,0.0,0.016714440658688545,0.18309304118156433,0.0,-0.26171448826789856,-0.2025473713874817,-0.10058365017175674,-2.5117969512939453,-2.3977701663970947,-2.2004916667938232,0.0,1.0
1021952,998,6,173.23850101939522,154.5,-0.004470585123635828,1.5292187996208668,-2.93606658577919,0.004408630478428677,0.063232421875,1.4011705957353116,14.834998571872712,0.6482133865356445,3.0721590518951416,53.0875244140625,27.230384826660156,52.439308166503906,27.402467727661133,0.9872714229862759,3.1078999042510986,44.35270690917969,0.975,1.0,0.0,1.0,0.0,0.0,0.02234695851802826,0.17263942956924438,0.0,-0.2618538737297058,-0.20254749059677124,-0.10036791861057281,-2.512057304382324,-2.39776611328125,-2.2000644207000732,0.0,1.0
1022976,999,9,170.86001817585918,145.88888888888889,-0.004817120463121683,3.6933329164981843,-2.937582623958588,0.006190794595750049,0.070361328125,1.590296410024166,29.91218283176422,1.3513695001602173,4.612881183624268,47.73820877075195,31.424095153808594,46.3868408203125,33.629493713378906,0.9784514064514048,3.501190185546875,94.18512725830078,1.0,1.0,0.0,1.0,0.0,0.0,0.013971454463899136,0.18264129757881165,0.0,-0.26398420333862305,-0.2030184417963028,-0.10005874931812286,-2.5160365104675293,-2.398651361465454,-2.1994524002075195,0.0,1.0
1024000,1000,5,186.8149143581627,163.4,-0.0054721863009035586,1.8898977737873792,-2.9390168607234957,0.0050683870387729256,0.0514404296875,1.4530251637101173,29.42477878332138,2.3890297412872314,3.177877902984619,47.8125,28.074661254882812,45.423465728759766,30.274520874023438,0.9871871620708093,2.4783942699432373,118.27539825439453,1.0,1.0,0.0,1.0,0.0,0.0,0.018213501200079918,0.19407066702842712,0.0,-0.26410049200057983,-0.20307494699954987,-0.09868250787258148,-2.516253709793091,-2.3987081050872803,-2.1967267990112305,0.0,1.0
