total_env_steps,update,completed_episodes,completed_episode_return_mean,completed_episode_length_mean,actor_policy_loss,critic_loss,entropy,approx_kl,clip_fraction,actor_grad_norm,critic_grad_norm,advantage_raw_mean,advantage_raw_std,value_target_mean,value_target_std,value_prediction_mean_pre,value_prediction_std_pre,explained_variance_pre,actor_grad_norm_max,critic_grad_norm_max,actor_grad_clip_fraction,critic_grad_clip_fraction,value_normalizer_mean,value_normalizer_std,value_normalizer_count,hard_speed_accel_violations,action_mean,action_std,action_saturation_ratio,raw_log_std_min,raw_log_std_mean,raw_log_std_max,clamped_log_std_min,clamped_log_std_mean,clamped_log_std_max,raw_log_std_gt_max_ratio,finite
1024,1,5,132.97679367983102,111.0,-0.005508105870103463,0.3146344430744648,-0.23967664390802385,0.005321519305289258,0.0485107421875,0.5129142075777053,0.546657620370388,32.24414825439453,15.827075004577637,32.177513122558594,15.789359092712402,-0.0666363313794136,0.14118117094039917,-0.004783012234199413,1.104789137840271,0.9890086650848389,0.375,0.525,32.17750774397283,15.789361739294502,1024.0001,0.0,0.0718463733792305,0.22734187543392181,0.0,0.25554344058036804,0.2566744387149811,0.25783175230026245,-1.4997551441192627,-1.4976273775100708,-1.495467185974121,0.0,1.0
2048,2,10,132.33923706121536,114.3,-0.004721467662602663,0.28928638622164726,-0.2326844111084938,0.0035961509580374694,0.0279052734375,0.47622942067682744,1.0953054286539554,18.461868286132812,18.88649559020996,43.347755432128906,21.11025619506836,24.885887145996094,7.937949180603027,0.19958408274845862,0.7880728840827942,2.7738757133483887,0.325,0.675,37.76263078402025,19.45936896802664,2048.0001,0.0,0.07201239466667175,0.22667983174324036,0.0,0.2559789717197418,0.25789347290992737,0.2606254816055298,-1.4989385604858398,-1.495360016822815,-1.4902390241622925,0.0,1.0
3072,3,8,123.37732202941538,114.375,-0.004435513401404023,0.049812665372155604,-0.23056780621409417,0.004098846149281599,0.040087890625,0.5590752691030503,0.3859476387500763,8.455644607543945,13.380501747131348,46.91786193847656,27.768762588500977,38.46221923828125,18.94523048400879,0.7678162595633048,1.0044829845428467,1.1596074104309082,0.55,0.225,40.814373845823255,22.98054951714556,3072.0001,0.0,0.06929197162389755,0.22675643861293793,0.0,0.25466448068618774,0.2570851147174835,0.2597642242908478,-1.5014033317565918,-1.49685537815094,-1.4918500185012817,0.0,1.0
4096,4,9,119.69287038453048,99.11111111111111,-0.0037618580332491546,0.03268278008326888,-0.2380608417093754,0.00671235484915087,0.036962890625,0.514707424864173,0.24728337880223988,6.399227619171143,9.313483238220215,56.03236389160156,35.5762939453125,49.633140563964844,33.316993713378906,0.9314665123413778,0.9593858122825623,0.7476767301559448,0.5,0.125,44.618872041515054,27.494000146439113,4096.0001,0.0,0.0629260241985321,0.22776037454605103,0.0,0.25396180152893066,0.2554728090763092,0.2578994631767273,-1.5027216672897339,-1.4998798370361328,-1.495340347290039,0.0,1.0
5120,5,9,139.6099604306878,122.33333333333333,-0.002532826759852469,0.015959605376701803,-0.24256115555763244,0.0037898154492722823,0.021240234375,0.459155186265707,0.12312163803726435,4.4307355880737305,8.133703231811523,56.28995895385742,38.123695373535156,51.859222412109375,34.40227127075195,0.9544816378322811,0.7958081960678101,0.30223894119262695,0.325,0.0,46.953088743173154,30.28553386789806,5120.0001,0.0,0.06110325828194618,0.22794100642204285,0.0,0.25386354327201843,0.2558646500110626,0.25914448499679565,-1.5029059648513794,-1.4991403818130493,-1.4930096864700317,0.0,1.0
6144,6,8,160.43260107109427,133.875,-0.004822178476024419,0.015552315767854452,-0.23847580552101136,0.0030200748165952972,0.0394287109375,0.5502454981207847,0.1646840668283403,7.284217357635498,7.361964225769043,58.48517608642578,37.47400665283203,51.20096206665039,36.453163146972656,0.9614053456366267,1.0359058380126953,0.47317638993263245,0.55,0.0,48.875103416704064,31.888328956256597,6144.0001,0.0,0.06007269024848938,0.223051980137825,0.0,0.25371474027633667,0.2564355731010437,0.2618728578090668,-1.5031852722167969,-1.4980665445327759,-1.4879071712493896,0.0,1.0
7168,7,9,156.61176391596925,124.44444444444444,-0.00430027493275702,0.018220461055170743,-0.24047873318195342,0.004705571765953209,0.0318603515625,0.5494176775217057,0.18079152638092638,4.687751770019531,10.166926383972168,58.920135498046875,38.38393783569336,54.232383728027344,36.648685455322266,0.9298415049479608,1.0022962093353271,0.5489487051963806,0.6,0.025,50.31010784217211,33.08216607043457,7168.0001,0.0,0.06309373676776886,0.22493340075016022,0.0,0.2513134181499481,0.25504690408706665,0.2600683867931366,-1.5076942443847656,-1.5006828308105469,-1.4912810325622559,0.0,1.0
8192,8,7,130.41202431130657,114.42857142857143,-0.003501599875744432,0.016633689834270625,-0.24590444639325143,0.0023986952932318673,0.0384765625,0.5029839769005775,0.17917872462421655,-1.833793044090271,9.961920738220215,67.56947326660156,43.217315673828125,69.40325927734375,41.46255874633789,0.9468662349700036,1.1063385009765625,0.6236531734466553,0.45,0.05,52.46752789109883,34.98105569419335,8192.000100000001,0.0,0.05800306797027588,0.22461345791816711,0.0,0.25111865997314453,0.25498953461647034,0.2599353790283203,-1.508060097694397,-1.5007826089859009,-1.4915298223495483,0.0,1.0
9216,9,8,144.67328263724227,120.875,-0.004202674981206656,0.027538116835057736,-0.2457356259226799,0.004427568096434698,0.046044921875,0.5424290221184492,0.20823959149420262,-3.0914907455444336,12.249776840209961,72.24590301513672,41.26235580444336,75.33738708496094,41.987674713134766,0.9118650329863799,0.9420410394668579,0.6696869134902954,0.55,0.075,54.66512497804644,36.2701215543008,9216.000100000001,0.0,0.06281418353319168,0.22438094019889832,0.0,0.2521064579486847,0.2547266185283661,0.2581307291984558,-1.5062044858932495,-1.5012675523757935,-1.4949073791503906,0.0,1.0
10240,10,9,159.53351944580996,128.44444444444446,-0.00435549586545676,0.007228287227917463,-0.24724409431219102,0.0061668818249017935,0.0435791015625,0.5430390540510416,0.08214743072167038,3.2813663482666016,5.887277126312256,70.91329193115234,46.60805892944336,67.63192749023438,46.16623306274414,0.9840446294875279,1.2467586994171143,0.2406642585992813,0.45,0.0,56.2899418806724,37.74865458681923,10240.000100000001,0.0,0.05647960305213928,0.22271504998207092,0.0,0.25222912430763245,0.2545786201953888,0.25799745321273804,-1.5059741735458374,-1.50155508518219,-1.49515700340271,0.0,1.0
11264,11,7,165.85625903708484,140.57142857142858,-0.005909682484343648,0.006806944956770167,-0.24936921447515487,0.007671605247014668,0.049267578125,0.5302692778408528,0.09345380472950637,0.3098483681678772,6.938732147216797,69.64767456054688,42.4290885925293,69.33782196044922,40.71687316894531,0.9732556028658892,0.8491031527519226,0.25804367661476135,0.55,0.0,57.50428137283108,38.390393167230464,11264.000100000001,0.0,0.04871759191155434,0.22403517365455627,0.0,0.25111645460128784,0.25415006279945374,0.25813502073287964,-1.5080642700195312,-1.5023784637451172,-1.4948992729187012,0.0,1.0
12288,12,9,142.1573821302131,116.44444444444444,-0.005566017259843648,0.014596071012783795,-0.2506105534732342,0.0045940528871142305,0.0494384765625,0.6039091169834137,0.13963292576372624,-3.955716609954834,9.808749198913574,81.28038024902344,47.87489318847656,85.23609924316406,42.84381103515625,0.9580229842109576,0.994107186794281,0.4137074947357178,0.6,0.0,59.48562350680821,39.8144083107426,12288.000100000001,0.0,0.04987446591258049,0.22362752258777618,0.0,0.2505960464477539,0.25407400727272034,0.25639405846595764,-1.5090422630310059,-1.5025038719177246,-1.4981606006622314,0.0,1.0
13312,13,8,170.40987087338615,143.125,-0.00392310090828687,0.008638020319631323,-0.25090848878026006,0.0012246526341186837,0.041357421875,0.5784538652747869,0.13626579511910678,1.3579542636871338,9.010356903076172,67.162109375,44.75495529174805,65.80415344238281,47.299766540527344,0.9594676491681048,1.049341082572937,0.44082188606262207,0.575,0.0,60.076122478264026,40.267993276638556,13312.000100000001,0.0,0.038230329751968384,0.22209739685058594,0.0,0.24894995987415314,0.2539938986301422,0.2573416233062744,-1.5121372938156128,-1.5026501417160034,-1.4963852167129517,0.0,1.0
14336,14,6,136.75708851357487,122.5,-0.005299739830661565,0.014200456452090292,-0.24863788858056068,0.006160511898633559,0.0386474609375,0.46008941270411013,0.14162639225833118,-1.5768098831176758,11.646710395812988,66.01560974121094,45.4727668762207,67.59242248535156,42.92409896850586,0.9343999967589682,0.8346418738365173,0.4686538577079773,0.425,0.0,60.50037154112203,40.69062428950386,14336.000100000001,0.0,0.03825107589364052,0.2199232578277588,0.0,0.24878467619419098,0.2552020847797394,0.25870758295059204,-1.5124481916427612,-1.5004228353500366,-1.4938273429870605,0.0,1.0
15360,15,8,161.94781163996493,134.75,-0.004568673530593514,0.014577262056991457,-0.2469128228724003,0.003971760840795468,0.0381591796875,0.4874538712203503,0.130587450042367,0.14585614204406738,12.625749588012695,89.08063507080078,53.26322937011719,88.93478393554688,50.0242919921875,0.9438099585368276,0.7847478985786438,0.40160122513771057,0.5,0.0,62.405722526622206,42.25282980560859,15360.000100000001,0.0,0.042676132172346115,0.22112177312374115,0.0,0.24727731943130493,0.25382497906684875,0.2574167251586914,-1.515284776687622,-1.5029854774475098,-1.4962445497512817,0.0,1.0
16384,16,8,152.82205814631672,141.625,-0.005211732053430751,0.018542533030267806,-0.25174467340111734,0.0055394628259819,0.055810546875,0.527543767541647,0.19287807252258063,0.319272518157959,15.488236427307129,84.09335327148438,62.2429313659668,83.77407836914062,53.295589447021484,0.9380810107597699,1.000855565071106,0.6565269827842712,0.525,0.05,63.761199368307494,44.08419716668684,16384.0001,0.0,0.03792872652411461,0.2178446650505066,0.0,0.2485400140285492,0.2544208765029907,0.25814855098724365,-1.5129084587097168,-1.5018476247787476,-1.4948740005493164,0.0,1.0
17408,17,6,229.936323905347,175.16666666666666,-0.005292259913403541,0.008792417257791386,-0.24571675583720207,0.0032326920816558415,0.0373291015625,0.4753017175942659,0.08383128130808473,2.3544857501983643,8.903510093688965,82.32060241699219,47.26011657714844,79.96611022949219,45.605098724365234,0.9645078049813314,0.9103996753692627,0.18420657515525818,0.35,0.0,64.85292872911785,44.49214825713603,17408.0001,0.0,0.026066645979881287,0.22298386693000793,0.0,0.2514455318450928,0.2554776966571808,0.25944262742996216,-1.507446050643921,-1.4998670816421509,-1.4924516677856445,0.0,1.0
18432,18,6,173.42738126831867,156.83333333333334,-0.0042821807670407,0.011669076688122004,-0.24304672256112098,0.004269693150126841,0.043310546875,0.6143284793943167,0.11949179721996188,-4.279383659362793,10.534563064575195,64.97760772705078,49.55026626586914,69.25698852539062,47.09791564941406,0.9547997261531499,1.0624604225158691,0.3241804242134094,0.675,0.0,64.85985544115738,44.78815259775418,18432.0001,0.0,0.02984304167330265,0.22048424184322357,0.0,0.2529732286930084,0.25522860884666443,0.25841444730758667,-1.5045770406723022,-1.5003408193588257,-1.4943761825561523,0.0,1.0
19456,19,6,156.17695782951532,139.33333333333334,-0.003332424070686102,0.010277188592590391,-0.24293579459190368,0.0026718835724750534,0.03349609375,0.5194028191268444,0.1140316023491323,0.17178237438201904,10.97846508026123,89.08291625976562,55.16774368286133,88.9111328125,49.76207733154297,0.9603983947543417,1.1270437240600586,0.36476224660873413,0.5,0.0,66.13475340010848,45.71477344803922,19456.0001,0.0,0.02176116593182087,0.22104515135288239,0.0,0.2547425329685211,0.25594064593315125,0.25698524713516235,-1.5012569427490234,-1.4990143775939941,-1.4970529079437256,0.0,1.0
20480,20,8,176.9083837499703,155.0,-0.003997083078138531,0.007288744597462937,-0.23957724198698999,0.004322190739912912,0.0236328125,0.4711178857833147,0.14247422609478236,-0.4166550636291504,10.779290199279785,96.26133728027344,63.083778381347656,96.67798614501953,56.772666931152344,0.9708025514045955,1.0737966299057007,0.4671328365802765,0.4,0.0,67.64108220814114,47.195742986241825,20480.0001,0.0,0.012091189622879028,0.22259621322155,0.0,0.2555559575557709,0.25596073269844055,0.2564842700958252,-1.4997315406799316,-1.498968243598938,-1.4979915618896484,0.0,1.0
21504,21,6,183.60960972543748,170.0,-0.004288436099886894,0.011682277370709926,-0.23771222606301307,0.004672167744138278,0.0360107421875,0.5248429596424102,0.21431274628266692,-6.273741245269775,13.778604507446289,83.85498046875,61.74349594116211,90.12872314453125,55.767433166503906,0.950200158397181,0.9492433667182922,0.642096221446991,0.525,0.1,68.4131726140892,48.112662674932864,21504.0001,0.0,0.02150995098054409,0.22162288427352905,0.0,0.2553379535675049,0.257222980260849,0.2584630846977234,-1.5001404285430908,-1.4966119527816772,-1.4942851066589355,0.0,1.0
22528,22,7,128.79213325245078,139.42857142857142,-0.004830759856849909,0.029977161006536336,-0.23222363814711572,0.004280857344565447,0.031884765625,0.49980597421526907,0.28789793569594624,-12.235034942626953,21.886167526245117,78.383544921875,64.1445541381836,90.61857604980469,56.143287658691406,0.8835820612584182,0.9208741784095764,0.9585208296775818,0.45,0.125,68.86637131066898,48.999446993784595,22528.0001,0.0,0.022642821073532104,0.22569140791893005,0.0,0.2571474015712738,0.2572493553161621,0.25733184814453125,-1.4967490434646606,-1.496534824371338,-1.496403455734253,0.0,1.0
23552,23,6,192.22975179453718,167.5,-0.004798740608384833,0.010193947178777307,-0.23604530245065689,0.006979480947484263,0.051220703125,0.5334958206862211,0.15030848244205117,-0.630783200263977,12.424722671508789,60.382240295410156,51.49065399169922,61.013023376464844,56.77971649169922,0.9417740534064638,0.906674861907959,0.5565060973167419,0.525,0.025,68.49749595093428,49.14085620773944,23552.0001,0.0,0.025509929284453392,0.22750307619571686,0.0,0.25546395778656006,0.2560010254383087,0.2566089332103729,-1.4999041557312012,-1.4989053010940552,-1.497757911682129,0.0,1.0
24576,24,5,206.74706394858777,184.4,-0.006457566237077117,0.011330833478132263,-0.24308663010597228,0.004139372272766196,0.060888671875,0.5633053638041019,0.2027854218147695,4.931295394897461,13.652482032775879,71.21136474609375,52.113712310791016,66.28006744384766,58.795047760009766,0.9313691700401839,1.372572660446167,0.8990437984466553,0.525,0.05,68.61057389386542,49.2712912110613,24576.0001,0.0,0.023556821048259735,0.225230872631073,0.0,0.25361841917037964,0.25469502806663513,0.2567468285560608,-1.5033659934997559,-1.5013599395751953,-1.4974994659423828,0.0,1.0
25600,25,6,174.29857241396962,166.16666666666666,-0.003195365343708545,0.014124765357701108,-0.24699241742491723,0.003889688235358335,0.0349853515625,0.47636750526726246,0.14445063108578324,0.4637269973754883,15.092637062072754,80.93202209472656,59.42347717285156,80.46829986572266,54.47212600708008,0.9354919099522956,0.8299959301948547,0.3904712200164795,0.375,0.0,69.10343200636954,49.775792548026054,25600.0001,0.0,0.014294669032096863,0.2233540564775467,0.0,0.2532743513584137,0.2551206946372986,0.2560308277606964,-1.5040117502212524,-1.5005675554275513,-1.498841404914856,0.0,1.0
26624,26,5,202.84713062710983,184.2,-0.0047015303280204535,0.024295317567884923,-0.24221020936965942,0.00398294520273339,0.0283935546875,0.5325628526508808,0.2347768697887659,1.773540735244751,19.695363998413086,62.03852081298828,54.63644790649414,60.264984130859375,58.51299285888672,0.870053931761837,0.7734562754631042,0.7336040139198303,0.6,0.1,68.83170465750595,49.989950024377116,26624.0001,0.0,0.014176398515701294,0.22230024635791779,0.0,0.25310176610946655,0.2558543384075165,0.2581736445426941,-1.504335641860962,-1.4991868734359741,-1.4948270320892334,0.0,1.0
27648,27,7,186.00700865411142,180.42857142857142,-0.00312472436344251,0.013268231379333884,-0.23988962173461914,0.003568221113528125,0.038916015625,0.5777640786021948,0.18936857376247646,-1.7011330127716064,16.480600357055664,88.24336242675781,58.84602355957031,89.94448852539062,51.22822952270508,0.9215646593195973,1.363211750984192,0.5631324052810669,0.575,0.05,69.55065479532128,50.47903252535559,27648.0001,0.0,0.015739193186163902,0.22439907491207123,0.0,0.2528747022151947,0.2561785876750946,0.25978565216064453,-1.5047619342803955,-1.4985884428024292,-1.4918098449707031,0.0,1.0
28672,28,4,189.7388744424356,174.5,-0.004133953212294728,0.012503071979153901,-0.23776870742440223,0.00463725216104649,0.0345947265625,0.4687157392501831,0.12584540518000722,1.4968688488006592,12.765682220458984,82.33114624023438,58.906333923339844,80.83427429199219,58.37821960449219,0.9530361078108728,0.8888658285140991,0.4152291715145111,0.325,0.0,70.00710074897835,50.85941645318847,28672.0001,0.0,0.019505077973008156,0.22268874943256378,0.0,0.25300341844558716,0.2566165626049042,0.2608185112476349,-1.504520297050476,-1.4977372884750366,-1.4898781776428223,0.0,1.0
29696,29,6,199.98144812084124,203.0,-0.006410925684031099,0.02402177022304386,-0.23382731676101684,0.006290979753248394,0.0639404296875,0.5733411446213722,0.1924645838327706,-0.7522430419921875,21.406312942504883,79.63191223144531,56.310726165771484,80.3841552734375,55.063377380371094,0.8554888063696476,1.161716103553772,0.6155089735984802,0.525,0.1,70.33899089174321,51.08727726857631,29696.0001,0.0,0.022449547424912453,0.2286294847726822,0.0,0.2527221143245697,0.25775086879730225,0.26225435733795166,-1.5050485134124756,-1.4956226348876953,-1.4871941804885864,0.0,1.0
30720,30,7,182.32554692680338,178.85714285714286,-0.0032614995492622257,0.020845923747401685,-0.2303698554635048,0.0031561292678816246,0.0318603515625,0.5395585328340531,0.27608172241598367,-5.589934349060059,19.17352867126465,91.56486511230469,68.2634048461914,97.15480041503906,56.26498794555664,0.9211088503651209,1.0679173469543457,0.8684889674186707,0.525,0.15,71.04652005572129,51.89181031222416,30720.0001,0.0,0.011299033649265766,0.22788222134113312,0.0,0.2515594959259033,0.2575671076774597,0.26254844665527344,-1.5072319507598877,-1.4959806203842163,-1.4866447448730469,0.0,1.0
31744,31,5,213.5003571716335,171.4,-0.003403492970392108,0.014473930478561669,-0.23388017639517783,0.003882520835031755,0.0206787109375,0.4969598390161991,0.18046018816530704,-0.5843541622161865,16.259174346923828,95.0751953125,51.21117401123047,95.6595458984375,52.12303924560547,0.8991983756369594,0.8731935024261475,0.6401156783103943,0.325,0.05,71.82163843196203,52.04344823835847,31744.0001,0.0,0.007382547948509455,0.22754497826099396,0.0,0.2502056360244751,0.2565041184425354,0.2615923583507538,-1.5097761154174805,-1.4979852437973022,-1.488431453704834,0.0,1.0
32768,32,7,174.96054785687207,148.57142857142858,-0.0036017958831507713,0.03819685617927462,-0.24129072576761246,0.0041449817275861275,0.0334228515625,0.5716567389667034,0.24199821949005126,-6.956393241882324,21.73294448852539,99.88381958007812,55.05463409423828,106.84020233154297,50.49199676513672,0.8441706265650084,0.9883055090904236,0.8858072757720947,0.6,0.075,72.69858129490972,52.368294664066646,32768.000100000005,0.0,0.005417361855506897,0.22265364229679108,0.0,0.2485351860523224,0.2548578381538391,0.2599812150001526,-1.5129175186157227,-1.5010632276535034,-1.4914441108703613,0.0,1.0
33792,33,5,184.98962456247037,161.6,-0.0049537934246473014,0.011998207098804415,-0.2510652482509613,0.004632479998690542,0.0398681640625,0.5528916947543621,0.18226134013384582,-6.16591739654541,12.1528902053833,100.16770935058594,63.214290618896484,106.33362579345703,60.891475677490234,0.9630402797128859,1.0040680170059204,0.5259667634963989,0.55,0.025,73.53097913843476,52.93957652732507,33792.000100000005,0.0,0.00047495041508227587,0.22206605970859528,0.0,0.24814274907112122,0.25324884057044983,0.2577156126499176,-1.5136559009552002,-1.5040863752365112,-1.4956847429275513,0.0,1.0
34816,34,7,192.28552839231506,180.85714285714286,-0.004508233594242484,0.011603552382439375,-0.2531094491481781,0.004320441716117784,0.0344482421875,0.5500103905797005,0.18438039338216186,-6.431340217590332,13.111773490905762,94.83650207519531,62.45132064819336,101.26783752441406,56.51770782470703,0.9559202020621542,0.8606299161911011,0.8414486050605774,0.625,0.025,74.15761204860682,53.365140975409815,34816.000100000005,0.0,0.007455616723746061,0.23020388185977936,0.0,0.24956737458705902,0.25447601079940796,0.25801509618759155,-1.5109760761260986,-1.5017598867416382,-1.4951238632202148,0.0,1.0
35840,35,7,189.4483834200962,160.85714285714286,-0.003335563844302669,0.006698248506290838,-0.24588054567575454,0.002774610123015009,0.0193115234375,0.46598917692899705,0.12258315626531839,-2.8808233737945557,10.802103042602539,80.33087158203125,51.91240692138672,83.21170043945312,55.365692138671875,0.9567013553681508,0.8109275698661804,0.3854596018791199,0.45,0.0,74.3339908869376,53.3341004307813,35840.000100000005,0.0,0.010431963950395584,0.22642961144447327,0.0,0.2512325048446655,0.25502023100852966,0.2574380934238434,-1.5078462362289429,-1.5007585287094116,-1.4962044954299927,0.0,1.0
36864,36,5,178.660873403548,153.6,-0.006246778531931341,0.00537156242353376,-0.2469703286886215,0.005484122634516098,0.0658447265625,0.5961117736995221,0.10258205155842007,0.12783735990524292,9.839690208435059,88.82928466796875,54.80068588256836,88.70145416259766,57.562469482421875,0.9677603046470592,1.1931085586547852,0.3397409915924072,0.675,0.0,74.73663813350905,53.42851183810341,36864.000100000005,0.0,0.007804460823535919,0.22778724133968353,0.0,0.2490101009607315,0.2544696629047394,0.25751861929893494,-1.512024164199829,-1.5017937421798706,-1.496053695678711,0.0,1.0
37888,37,8,172.14970626096675,162.625,-0.003632716101128608,0.010499080759473145,-0.24762702882289886,0.0016439201775938273,0.0287841796875,0.5194224767386914,0.1444590692408383,-5.684622764587402,11.718689918518066,74.75569915771484,60.551021575927734,80.44032287597656,57.78325653076172,0.9625445327922464,0.8830292820930481,0.4548995792865753,0.525,0.0,74.73715332637809,53.63345017643449,37888.000100000005,0.0,-0.005407990422099829,0.23140545189380646,0.0,0.2509208023548126,0.254827618598938,0.25688087940216064,-1.5084319114685059,-1.5010827779769897,-1.4972484111785889,0.0,1.0
38912,38,7,156.45878258560137,146.42857142857142,-0.0035436572972685097,0.011908625124488027,-0.2505975037813187,0.0015320229620556347,0.023681640625,0.5105395831167698,0.1885851828381419,-8.75029468536377,13.064526557922363,74.6137466430664,56.30686950683594,83.36404418945312,52.7474479675293,0.9461650178399325,1.1110647916793823,0.6214874386787415,0.475,0.025,74.73390577378804,53.705511924640454,38912.000100000005,0.0,-0.011114899069070816,0.22790834307670593,0.0,0.24994651973247528,0.25290948152542114,0.2549187242984772,-1.510263204574585,-1.5047024488449097,-1.5009264945983887,0.0,1.0
39936,39,7,159.33211288255282,136.14285714285714,-0.004048167768632993,0.006890233856393024,-0.26209953278303144,0.003185882831166964,0.03271484375,0.5278881900012493,0.12590492879971862,-5.063470840454102,10.491382598876953,81.12985229492188,51.45661544799805,86.19331359863281,50.813575744628906,0.9584297164081033,1.0686906576156616,0.4381076693534851,0.5,0.0,74.89790420141843,53.658549898755226,39936.000100000005,0.0,-0.014494500122964382,0.23014944791793823,0.0,0.24786128103733063,0.25130048394203186,0.25468137860298157,-1.5141856670379639,-1.5077351331710815,-1.5013716220855713,0.0,1.0
40960,40,5,171.05213277604713,144.4,-0.003840734751429409,0.00279103864741046,-0.2688582666218281,0.0026862380371312613,0.0219970703125,0.5232421480119228,0.08458904675208032,-3.1668457984924316,6.265765190124512,73.66217041015625,51.18129348754883,76.82902526855469,53.57403564453125,0.9850126213758561,0.9047248363494873,0.26412850618362427,0.525,0.0,74.86701093909797,53.59836119807562,40960.000100000005,0.0,-0.009829322807490826,0.2296597808599472,0.0,0.24609686434268951,0.25031909346580505,0.25277018547058105,-1.5175076723098755,-1.5095864534378052,-1.504958152770996,0.0,1.0
41984,41,8,176.52078942645227,153.0,-0.003136787540279329,0.004338314372580499,-0.2736786864697933,0.0030191007259418256,0.022900390625,0.4940843269228935,0.08904876112937928,-0.22717049717903137,8.070297241210938,66.22064971923828,51.759090423583984,66.44782257080078,56.02735137939453,0.9756888350164983,1.0741496086120605,0.29244333505630493,0.375,0.0,74.6561241096519,53.57085856552445,41984.000100000005,0.0,-0.00929811131209135,0.22666747868061066,0.0,0.2451414167881012,0.2498389333486557,0.2529520094394684,-1.5193077325820923,-1.5104562044143677,-1.5046168565750122,0.0,1.0
43008,42,8,158.37308096999567,154.375,-0.0024124782183207573,0.006621417350834236,-0.27434873059391973,0.003341345895023551,0.022265625,0.5311174660921096,0.06394536304287612,0.8234544992446899,8.76811695098877,55.32098388671875,54.6384391784668,54.497528076171875,54.32590866088867,0.9742476968796433,0.9133163094520569,0.19537098705768585,0.575,0.0,74.19576357262942,53.67752428438695,43008.000100000005,0.0,-0.00814205314964056,0.2264932245016098,0.0,0.24626363813877106,0.24986302852630615,0.25301626324653625,-1.5171935558319092,-1.5104084014892578,-1.5044962167739868,0.0,1.0
44032,43,5,180.18057659924153,151.2,-0.004281972791068256,0.002204850304406136,-0.2739288806915283,0.004505795137083624,0.03037109375,0.44375609159469603,0.06643377211876214,-0.21016404032707214,5.975578308105469,73.13373565673828,48.3062858581543,73.3438949584961,50.94327163696289,0.9846978450802332,0.8240232467651367,0.22372093796730042,0.225,0.0,74.17106519751252,53.558969182919085,44032.000100000005,0.0,-0.011122547090053558,0.22629863023757935,0.0,0.24493534862995148,0.24992413818836212,0.25359871983528137,-1.5196961164474487,-1.5102933645248413,-1.5034029483795166,0.0,1.0
45056,44,7,187.4306907165883,158.0,-0.00374480199534446,0.006206328375265002,-0.2758392445743084,0.004795970572740771,0.0465087890625,0.5077495358884334,0.07407486638985575,1.8794713020324707,8.840246200561523,80.7208480834961,52.1624641418457,78.84137725830078,53.3015022277832,0.9712781412368976,0.8867604732513428,0.20388714969158173,0.425,0.0,74.31992391978415,53.53653467977508,45056.000100000005,0.0,-0.007625430356711149,0.22957096993923187,0.0,0.24434436857700348,0.24924547970294952,0.2518450915813446,-1.5208101272583008,-1.5116018056869507,-1.5066953897476196,0.0,1.0
46080,45,8,166.72803725377852,151.5,-0.0035181872255634515,0.00753803140250966,-0.2785368859767914,0.0026630469976225866,0.03076171875,0.5286132857203484,0.10676989248022437,-3.8526084423065186,10.951617240905762,74.95947265625,49.32879638671875,78.81207275390625,44.10187911987305,0.950710369965534,1.1190500259399414,0.36514580249786377,0.5,0.0,74.33413605378529,53.446711561821445,46080.000100000005,0.0,-0.017916863784193993,0.22925636172294617,0.0,0.2447250634431839,0.24927301704883575,0.2539498507976532,-1.520092487335205,-1.5115203857421875,-1.5027440786361694,0.0,1.0
47104,46,7,148.94581331984494,156.42857142857142,-0.0032771470258012416,0.029269798833411187,-0.2778483144938946,0.0037465997171238995,0.037353515625,0.5296299956738949,0.26685663424432277,-5.710610866546631,24.713220596313477,53.3499755859375,51.366981506347656,59.060585021972656,53.71634292602539,0.7685322222186763,0.8593192100524902,0.8574589490890503,0.65,0.125,73.87795860375797,53.48996727602845,47104.000100000005,0.0,-0.020562101155519485,0.232852503657341,0.0,0.24538449943065643,0.24924205243587494,0.2534351050853729,-1.5188497304916382,-1.5116037130355835,-1.5037100315093994,0.0,1.0
48128,47,4,160.46295926372716,139.25,-0.0044447765103541315,0.008645441988483072,-0.2767017297446728,0.002989548047480639,0.033203125,0.5771466679871082,0.15380929056555032,-1.8110589981079102,13.239333152770996,62.3198356628418,56.497127532958984,64.13088989257812,58.71507263183594,0.9450864526350826,0.915754497051239,0.519714891910553,0.65,0.025,73.63204106438198,53.58167293810289,48128.000100000005,0.0,-0.027813198044896126,0.2332969605922699,0.0,0.24710316956043243,0.24972881376743317,0.25376999378204346,-1.5156126022338867,-1.5106977224349976,-1.5030815601348877,0.0,1.0
49152,48,7,181.61929846352695,167.28571428571428,-0.004131273203529418,0.010169372271047906,-0.277763444930315,0.0061043314402922984,0.035302734375,0.5601258546113967,0.21873553628101944,7.20285701751709,13.767508506774902,77.56732177734375,53.19805908203125,70.36447143554688,61.4560432434082,0.9330240176441925,1.0145801305770874,0.7349275946617126,0.575,0.1,73.7140261979771,53.576657403448095,49152.000100000005,0.0,-0.023216670379042625,0.2287627011537552,0.0,0.24646615982055664,0.24863867461681366,0.25122591853141785,-1.5168120861053467,-1.512710452079773,-1.5078586339950562,0.0,1.0
50176,49,6,192.90758892430134,175.66666666666666,-0.005675542878452689,0.011800093238707631,-0.284543339908123,0.005723925353959203,0.036865234375,0.6150302506983281,0.15417326386086644,1.5296072959899902,12.829384803771973,59.961463928222656,44.84476852416992,58.431854248046875,45.30693817138672,0.918155763561328,0.9997415542602539,0.43504124879837036,0.7,0.0,73.43336161866587,53.448109663961205,50176.000100000005,0.0,-0.022803792729973793,0.2301415354013443,0.0,0.24602751433849335,0.24756503105163574,0.2488897740840912,-1.5176383256912231,-1.5147271156311035,-1.512250542640686,0.0,1.0
51200,50,7,155.2631401643118,156.42857142857142,-0.003153893869603053,0.021404284739401192,-0.2884819395840168,0.004193719242175575,0.0294189453125,0.4957578685134649,0.15364423831924795,-3.0010290145874023,18.606149673461914,63.42127990722656,53.665618896484375,66.42231750488281,51.98418045043945,0.8797955081130557,0.8095265626907349,0.43666136264801025,0.475,0.0,73.23312007801631,53.470843742654665,51200.000100000005,0.0,-0.02427036501467228,0.2356705218553543,0.0,0.24612559378147125,0.24731479585170746,0.24812568724155426,-1.5174535512924194,-1.5152097940444946,-1.513688087463379,0.0,1.0
52224,51,6,154.25458474791589,151.5,-0.004154823714634404,0.008013208734337241,-0.29026818573474883,0.006983307014161255,0.0435546875,0.5357867889106274,0.12905626543797552,-2.374894142150879,13.205089569091797,66.81021881103516,48.398712158203125,69.18511199951172,50.77061080932617,0.9255585005662221,1.0766500234603882,0.4231458902359009,0.475,0.0,73.10718085108309,53.38345130036722,52224.000100000005,0.0,-0.02597578428685665,0.237105593085289,0.0,0.24519094824790955,0.24666474759578705,0.24942021071910858,-1.519214391708374,-1.5164309740066528,-1.5112528800964355,0.0,1.0
53248,52,7,185.02323545259415,161.85714285714286,-0.003701366449240595,0.007422839687205851,-0.2919895648956299,0.003101721202256158,0.022509765625,0.5106398940086365,0.06997736212797463,0.016886115074157715,9.843609809875488,78.16284942626953,49.255409240722656,78.14595794677734,48.663272857666016,0.9600606535630185,0.8489567041397095,0.1880417913198471,0.45,0.0,73.20440521983745,53.31160211836918,53248.000100000005,0.0,-0.017523912712931633,0.23354849219322205,0.0,0.2449798732995987,0.24690592288970947,0.25065675377845764,-1.519612193107605,-1.5159999132156372,-1.5089281797409058,0.0,1.0
54272,53,6,187.32827649926654,164.16666666666666,-0.004197423299774528,0.008639944321475922,-0.2910200260579586,0.0031214285525493326,0.0295166015625,0.5139987535774708,0.08326226705685258,1.6297338008880615,9.50722885131836,62.079647064208984,47.746463775634766,60.44990921020508,46.59843063354492,0.9603516148758905,0.9658563137054443,0.20904633402824402,0.425,0.0,72.99450409265826,53.23351014539675,54272.000100000005,0.0,-0.01817847602069378,0.2374480962753296,0.0,0.24399696290493011,0.24691398441791534,0.2519457936286926,-1.5214650630950928,-1.5159579515457153,-1.5065062046051025,0.0,1.0
55296,54,7,179.65047626276797,164.14285714285714,-0.0036503242678008973,0.005709796882001683,-0.29312172904610634,0.006234488719201181,0.040673828125,0.5434692300856113,0.11335257138125598,0.3945840001106262,11.252190589904785,66.9730224609375,46.931968688964844,66.57843017578125,51.335811614990234,0.9425173868373309,0.84105384349823,0.44252368807792664,0.625,0.0,72.88299513811688,53.129810777138296,55296.000100000005,0.0,-0.030122198164463043,0.2392863631248474,0.0,0.24261030554771423,0.24601097404956818,0.2525041997432709,-1.524080514907837,-1.517689824104309,-1.5054576396942139,0.0,1.0
56320,55,7,182.41724808056375,158.14285714285714,-0.0035342452116310596,0.006964094052091241,-0.29696994200348853,0.004064926427963656,0.0324951171875,0.5804790116846561,0.10689201573841274,3.5582051277160645,9.472606658935547,67.07139587402344,48.33418273925781,63.51319122314453,52.71864318847656,0.9615912393473718,1.026969313621521,0.3860645294189453,0.625,0.0,72.77732964956552,53.05216998451895,56320.000100000005,0.0,-0.018557298928499222,0.2311905026435852,0.0,0.24298708140850067,0.24587072432041168,0.2512129545211792,-1.5233696699142456,-1.5179327726364136,-1.5078829526901245,0.0,1.0
57344,56,6,172.61403806888515,160.83333333333334,-0.00441977254813537,0.010298433294519783,-0.2981076754629612,0.0031663495989050715,0.0233154296875,0.5554209627211094,0.09971147701144219,1.7000731229782104,11.69002914428711,64.24299621582031,44.7890625,62.54292297363281,44.53981399536133,0.9318780167349732,0.8261855244636536,0.28584951162338257,0.675,0.0,72.62493080240486,52.92799945601615,57344.000100000005,0.0,-0.019014449790120125,0.23915162682533264,0.0,0.24124887585639954,0.2454361468553543,0.25315549969673157,-1.5266499519348145,-1.5187854766845703,-1.504234790802002,0.0,1.0
58368,57,7,139.98201649655502,144.14285714285714,-0.004184165853075683,0.009865762817207724,-0.2970935948193073,0.004329349038016517,0.024169921875,0.5105651117861271,0.2078955908305943,-8.970335006713867,12.66458797454834,74.81059265136719,54.57373809814453,83.78092956542969,45.63113784790039,0.9461464099844802,0.9090844392776489,0.7320985794067383,0.475,0.075,72.66327578505822,52.958090270112336,58368.000100000005,0.0,-0.01586962677538395,0.2319687008857727,0.0,0.2419680804014206,0.246526837348938,0.2550031840801239,-1.5252923965454102,-1.5166983604431152,-1.5007681846618652,0.0,1.0
59392,58,7,152.32231792984274,144.85714285714286,-0.004814598418306559,0.012349141063168645,-0.2912426143884659,0.0036145492442301473,0.04384765625,0.4756270483136177,0.15517420014366506,-5.662758827209473,14.269450187683105,75.82139587402344,56.227298736572266,81.48416137695312,53.75701141357422,0.9355949350654175,0.705242395401001,0.5144379734992981,0.4,0.025,72.7177261989934,53.01775772709626,59392.000100000005,0.0,-0.02414926327764988,0.23139992356300354,0.0,0.24185417592525482,0.24706345796585083,0.2562960982322693,-1.5255073308944702,-1.5157318115234375,-1.4983441829681396,0.0,1.0
60416,59,7,186.57241176353688,150.0,-0.0029538313625380396,0.00644893097341992,-0.2892861768603325,0.004291752187418752,0.023681640625,0.5412836849689484,0.07518213912844658,-2.1977756023406982,8.479711532592773,70.55164337158203,47.2108268737793,72.74942016601562,49.66154861450195,0.9677389144691273,1.381324052810669,0.2028558999300003,0.55,0.0,72.68101288059033,52.92538194559054,60416.000100000005,0.0,-0.016093142330646515,0.2343149483203888,0.0,0.24211159348487854,0.24742315709590912,0.2576352655887604,-1.5250215530395508,-1.515012264251709,-1.495835304260254,0.0,1.0
61440,60,8,160.31660181327746,146.875,-0.0036924587679095567,0.005183271871646866,-0.2880970798432827,0.0030470186218735764,0.0224365234375,0.5447630479931831,0.06441274853423237,0.551872730255127,8.102408409118652,70.11296081542969,55.39045715332031,69.56108856201172,56.33360290527344,0.9786027293184544,0.8901342749595642,0.14697431027889252,0.525,0.0,72.63821201397057,52.96842685295635,61440.000100000005,0.0,-0.0195856224745512,0.2326553612947464,0.0,0.24291764199733734,0.24725407361984253,0.255391001701355,-1.523500680923462,-1.5153355598449707,-1.500040888786316,0.0,1.0
62464,61,4,187.70203807147314,155.25,-0.0038984760409221052,0.003523112437687814,-0.28763375580310824,0.0023000680419499988,0.02890625,0.5410063736140728,0.08056828337721526,3.1393470764160156,6.792270183563232,69.26184844970703,40.4794921875,66.12249755859375,42.341983795166016,0.9718447267933091,1.0041511058807373,0.2816866338253021,0.45,0.0,72.5828617541894,52.789258878456245,62464.000100000005,0.0,-0.013365847058594227,0.24663425981998444,0.0,0.24325022101402283,0.24804697930812836,0.25617238879203796,-1.5228732824325562,-1.5138486623764038,-1.498576045036316,0.0,1.0
63488,62,7,168.10324089791442,145.57142857142858,-0.004942280519753694,0.00586732454248704,-0.280809273570776,0.003182376583572477,0.0245361328125,0.5173281401395797,0.06805747672915459,-0.6049742698669434,8.596336364746094,73.0018310546875,46.5721435546875,73.60679626464844,46.6910514831543,0.9659298269864023,0.8626641631126404,0.18126095831394196,0.475,0.0,72.58961923820638,52.694829632024565,63488.000100000005,0.0,-0.03420083597302437,0.24011953175067902,0.0,0.2449888437986374,0.24953369796276093,0.2576773166656494,-1.5195952653884888,-1.5110435485839844,-1.4957563877105713,0.0,1.0
64512,63,7,177.47255653025644,157.42857142857142,-0.004385715385433286,0.005820721265627072,-0.2742389976978302,0.006112667183333542,0.03564453125,0.6083012476563454,0.08517203330993653,0.12821543216705322,8.91772174835205,72.17855834960938,48.34162521362305,72.05033874511719,49.886722564697266,0.9659697325469638,0.9398374557495117,0.2099170684814453,0.675,0.0,72.58309446588241,52.62856869312467,64512.000100000005,0.0,-0.026816586032509804,0.24290138483047485,0.0,0.24636738002300262,0.250081330537796,0.25584179162979126,-1.5169981718063354,-1.510019302368164,-1.4991958141326904,0.0,1.0
65536,64,7,173.1687560753301,155.85714285714286,-0.002727717667585239,0.008007341227494181,-0.27226759046316146,0.003156698883685749,0.031201171875,0.5458480164408683,0.10293517331592739,3.4122426509857178,10.745859146118164,67.98448181152344,48.82572555541992,64.5722427368164,50.08634948730469,0.9515621446086742,1.0592814683914185,0.38495293259620667,0.475,0.0,72.51124123169605,52.574358263577345,65536.0001,0.0,-0.03171136602759361,0.23926112055778503,0.0,0.24801690876483917,0.2504679560661316,0.2537565231323242,-1.5138927698135376,-1.5092874765396118,-1.5031068325042725,0.0,1.0
66560,65,8,195.8490877062346,170.25,-0.0034881112806033343,0.01040350851835683,-0.2732256442308426,0.001210962991171982,0.03203125,0.5171367436647415,0.1625907702371478,6.39298677444458,11.85025691986084,59.31444549560547,47.503910064697266,52.92146301269531,50.9539794921875,0.9377704381138523,0.9284115433692932,0.6020392179489136,0.525,0.05,72.30821362567363,52.52517917157826,66560.0001,0.0,-0.032855745404958725,0.247696653008461,0.0,0.24733175337314606,0.24924713373184204,0.25262200832366943,-1.5151822566986084,-1.5115822553634644,-1.5052363872528076,0.0,1.0
67584,66,4,193.48429339360916,167.5,-0.006452727352734655,0.006282134575303644,-0.27999213635921477,0.006083160301204771,0.0678466796875,0.567375959455967,0.1183843323495239,5.475944519042969,8.717245101928711,60.992759704589844,43.938438415527344,55.516815185546875,42.30615997314453,0.9606387117901547,0.8950071930885315,0.34329870343208313,0.65,0.0,72.13676734816973,52.423801111531006,67584.0001,0.0,-0.04363169148564339,0.2391320914030075,0.0,0.24590478837490082,0.24891991913318634,0.2534278929233551,-1.517869472503662,-1.5122140645980835,-1.5037236213684082,0.0,1.0
68608,67,5,170.3777677299532,161.2,-0.0063953044940717515,0.004883318257634528,-0.2785214126110077,0.006268327450379729,0.04541015625,0.5043093241751194,0.08719807052984833,2.162271738052368,8.746162414550781,99.641357421875,48.3454475402832,97.47908782958984,44.66886901855469,0.9672716668107169,0.8977455496788025,0.2829737961292267,0.45,0.0,72.54728360241658,52.47135944141262,68608.0001,0.0,-0.01984909549355507,0.2384112924337387,0.0,0.24538283050060272,0.24951033294200897,0.2558612823486328,-1.5188528299331665,-1.5111041069030762,-1.4991592168807983,0.0,1.0
69632,68,7,177.43619498805398,173.85714285714286,-0.006171683757565915,0.013138903747312724,-0.2800587549805641,0.005921877881337423,0.0512939453125,0.523169856518507,0.13079763958230614,-3.0132975578308105,13.264327049255371,76.77680969238281,57.52646255493164,79.79010009765625,52.29781723022461,0.9468338599061651,0.8693048357963562,0.4254636764526367,0.525,0.0,72.60948241895977,52.55168859924942,69632.0001,0.0,-0.018099140375852585,0.239669069647789,0.0,0.24339792132377625,0.2481337934732437,0.2570105195045471,-1.522594690322876,-1.5136733055114746,-1.4970054626464844,0.0,1.0
70656,69,7,168.5944411743628,157.71428571428572,-0.00540000731125474,0.0037195234297541903,-0.2855729661881924,0.003969801905623171,0.06279296875,0.5814062371850014,0.04860419142059982,-1.4031085968017578,6.2705979347229,74.95965576171875,54.63954544067383,76.36276245117188,54.15251541137695,0.986829453039813,1.1246623992919922,0.11484832316637039,0.6,0.0,72.64354288866109,52.58328950423462,70656.0001,0.0,-0.02448607049882412,0.23286636173725128,0.0,0.2423759549856186,0.24774831533432007,0.25716114044189453,-1.5245226621627808,-1.5144003629684448,-1.4967232942581177,0.0,1.0
71680,70,7,186.88042538094456,180.14285714285714,-0.0027339608408510686,0.00808579360600561,-0.2864909939467907,0.0034824502567062155,0.0251953125,0.4801208198070526,0.127921649441123,-0.5557516813278198,12.365076065063477,57.1457405090332,57.82268524169922,57.70149230957031,59.23112106323242,0.954270441451309,1.0177580118179321,0.47053438425064087,0.425,0.0,72.42214571526468,52.69391056824962,71680.0001,0.0,-0.027128174901008606,0.23524609208106995,0.0,0.2406681627035141,0.2476142793893814,0.25493839383125305,-1.5277464389801025,-1.514675259590149,-1.5008896589279175,0.0,1.0
72704,71,3,178.62678679584147,157.66666666666666,-0.006205665750894695,0.002459479382378049,-0.2865635581314564,0.003207694304001052,0.04375,0.49875410869717596,0.05552724679000676,2.163869857788086,5.745450496673584,74.46746826171875,49.722476959228516,72.3035888671875,51.16982650756836,0.9866481129117963,1.0443819761276245,0.18585020303726196,0.45,0.0,72.45095304986027,52.65377531422391,72704.0001,0.0,-0.0237253550440073,0.23439937829971313,0.0,0.23889419436454773,0.24771974980831146,0.25519028306007385,-1.5310980081558228,-1.5144850015640259,-1.5004172325134277,0.0,1.0
73728,72,7,214.4029800013587,184.71428571428572,-0.005087951448513195,0.00978967611445114,-0.2890426225960255,0.0017661494683125056,0.0255859375,0.5320564959198236,0.1164982257410884,1.3467185497283936,12.901498794555664,79.78302001953125,54.62003707885742,78.4363021850586,58.02153015136719,0.9442074367417425,0.8116817474365234,0.43498149514198303,0.55,0.0,72.55278731707193,52.68857469445482,73728.0001,0.0,-0.021891653537750244,0.23639154434204102,0.0,0.23701921105384827,0.2464415282011032,0.25423234701156616,-1.5346434116363525,-1.5168704986572266,-1.502213954925537,0.0,1.0
74752,73,6,167.40592808312485,150.83333333333334,-0.004077637055888772,0.011352618801174686,-0.29669642373919486,0.004560139412933495,0.053955078125,0.6004881970584393,0.18840653402730823,7.120446681976318,13.545563697814941,60.08040237426758,57.14646911621094,52.95995330810547,58.850894927978516,0.9438156472121588,1.2203545570373535,0.513768196105957,0.65,0.025,72.38193272566366,52.77210414396871,74752.0001,0.0,-0.028194129467010498,0.2454088032245636,0.0,0.23470856249332428,0.24560512602329254,0.25494611263275146,-1.539016842842102,-1.518470287322998,-1.5008752346038818,0.0,1.0
75776,74,5,197.7786012933222,194.6,-0.004558171390090138,0.008856355823809281,-0.30216977223753927,0.003541230359405745,0.0385498046875,0.5836176626384258,0.139784721378237,-4.256235122680664,12.388725280761719,82.52754211425781,56.51628494262695,86.78376770019531,53.49810028076172,0.9519485964681456,0.9804891347885132,0.3946187198162079,0.7,0.0,72.51903548138945,52.837456760168536,75776.0001,0.0,-0.011814878322184086,0.2559000551700592,0.0,0.23274196684360504,0.24405230581760406,0.2542874813079834,-1.5427427291870117,-1.5214194059371948,-1.5021106004714966,0.0,1.0
76800,75,7,155.56645790731267,152.71428571428572,-0.003693623677827418,0.009440393390832469,-0.30964377969503404,0.004507185799593571,0.031787109375,0.556431794911623,0.18342112572863697,-7.022120952606201,13.244853973388672,89.6103744506836,60.84656524658203,96.63250732421875,52.27039337158203,0.9526170397273908,0.8782166242599487,0.6885507106781006,0.55,0.05,72.7469200575685,52.98848804245546,76800.0001,0.0,-0.017488963901996613,0.2440863847732544,0.0,0.23113645613193512,0.2435108870267868,0.2543284296989441,-1.5457870960235596,-1.5224164724349976,-1.5020337104797363,0.0,1.0
77824,76,8,147.31446159515343,158.0,-0.0025212448090314865,0.01956471859011799,-0.31038726568222047,0.0032415254318038933,0.01708984375,0.5543609365820885,0.20355925243347883,-11.032278060913086,16.96950912475586,71.99321746826172,59.503944396972656,83.02549743652344,53.287296295166016,0.9186706979676437,0.834696888923645,0.6776217222213745,0.6,0.075,72.7370029053813,53.07947987119753,77824.0001,0.0,-0.0325787253677845,0.2418743073940277,0.0,0.23124857246875763,0.2435653954744339,0.2537355124950409,-1.545574426651001,-1.5223318338394165,-1.5031462907791138,0.0,1.0
78848,77,7,169.44538635873798,154.57142857142858,-0.003607932152226567,0.011427620495669543,-0.3124205730855465,0.003426084262900986,0.0211181640625,0.4971998959779739,0.2043801248073578,-5.528903007507324,16.050914764404297,67.57682037353516,54.253623962402344,73.10572052001953,60.31700134277344,0.9124729979077306,0.8442760705947876,0.6343075037002563,0.475,0.075,72.6699875095442,53.09810904426707,78848.0001,0.0,-0.02089032530784607,0.23421959578990936,0.0,0.22966192662715912,0.2425147444009781,0.25309136509895325,-1.5485849380493164,-1.524288296699524,-1.5043551921844482,0.0,1.0
79872,78,6,130.38591345464454,148.16666666666666,-0.004364953341428191,0.01129467310383916,-0.3172491297125816,0.004319334939646069,0.0296630859375,0.5353895157575608,0.10185748897492886,-4.065486907958984,12.445623397827148,63.127891540527344,52.662166595458984,67.19337463378906,53.64683151245117,0.944148373048743,0.8194102644920349,0.29954686760902405,0.525,0.0,72.54765289310365,53.10339400438769,79872.0001,0.0,-0.034987449645996094,0.23140928149223328,0.0,0.2287347912788391,0.24220989644527435,0.25326815247535706,-1.5503451824188232,-1.5248732566833496,-1.5040233135223389,0.0,1.0
80896,79,7,171.64033249778137,151.14285714285714,-0.004683958366513252,0.00961971681099385,-0.31630988121032716,0.0057414183407672684,0.0433837890625,0.6129748553037644,0.10045851059257985,3.98189640045166,12.902188301086426,81.78524017333984,55.29597854614258,77.8033447265625,54.948341369628906,0.9455573045470008,0.9468026161193848,0.300071120262146,0.725,0.0,72.6645843689898,53.141749016452415,80896.0001,0.0,-0.013105618767440319,0.2548764646053314,0.0,0.2306622713804245,0.24283719062805176,0.25271695852279663,-1.5466866493225098,-1.5236988067626953,-1.5050580501556396,0.0,1.0
81920,80,8,191.0883228775386,153.5,-0.004473111999686807,0.006907460698857904,-0.3137551747262478,0.0026111615748959593,0.0333251953125,0.571228439360857,0.0890024256426841,-1.551795244216919,9.983524322509766,69.24601745605469,47.62892532348633,70.79782104492188,47.77467346191406,0.9560634257491979,0.9461948871612549,0.21041160821914673,0.65,0.0,72.62185231775531,53.07773176714882,81920.0001,0.0,-0.010426717810332775,0.25331857800483704,0.0,0.2304932326078415,0.24283678829669952,0.252214252948761,-1.5470073223114014,-1.5237059593200684,-1.5060020685195923,0.0,1.0
82944,81,6,154.05683998711672,150.0,-0.004954582778736949,0.008734743128297851,-0.31405224502086637,0.0033666013478068635,0.044189453125,0.5832667537033558,0.10437332047149539,-4.756904602050781,11.241710662841797,57.72785186767578,53.14866256713867,62.4847526550293,52.3746452331543,0.9552616332010492,0.9449275135993958,0.283468633890152,0.675,0.0,72.43797571374157,53.1040815699817,82944.0001,0.0,-0.037136998027563095,0.2517792582511902,0.0,0.22986288368701935,0.24305611848831177,0.2511400282382965,-1.548203468322754,-1.5232949256896973,-1.5080199241638184,0.0,1.0
83968,82,4,153.79176934782666,154.0,-0.005739520862698555,0.007659839018015191,-0.3149691827595234,0.003499378052947577,0.0417236328125,0.5835006445646286,0.11705060801468789,-2.438100814819336,11.340270042419434,66.69889831542969,47.457157135009766,69.13700103759766,50.387847900390625,0.9428990452835255,1.0263997316360474,0.4001210629940033,0.625,0.0,72.36798699998961,53.04257821651478,83968.0001,0.0,-0.05270504951477051,0.24237778782844543,0.0,0.22792769968509674,0.2421940714120865,0.25041496753692627,-1.5518779754638672,-1.5248947143554688,-1.5093826055526733,0.0,1.0
84992,83,9,154.47835399199192,147.55555555555554,-0.004480853700079024,0.006149391637882218,-0.3165790937840939,0.0029225730380858296,0.0424560546875,0.5924257099628448,0.08293927907943725,-2.672168254852295,8.771575927734375,73.93612670898438,48.40741729736328,76.6082992553711,48.91421127319336,0.9671654215263683,1.0470510721206665,0.2223980575799942,0.675,0.0,72.38688026861034,52.9894222162519,84992.0001,0.0,-0.03310677781701088,0.2488652914762497,0.0,0.23023560643196106,0.242838516831398,0.24937647581100464,-1.5474961996078491,-1.5236860513687134,-1.5113351345062256,0.0,1.0
86016,84,6,156.90835523550035,156.0,-0.0044858869398012756,0.007295893150148914,-0.3152672342956066,0.00421214301022701,0.021533203125,0.5348089940845966,0.0849659658037126,0.13296376168727875,11.052421569824219,65.316650390625,51.4611930847168,65.1836929321289,50.78914260864258,0.9538730043692724,0.8746770024299622,0.22905613481998444,0.55,0.0,72.3027109104592,52.9770383194827,86016.0001,0.0,-0.0330544151365757,0.2368374913930893,0.0,0.23190636932849884,0.24242597818374634,0.24773022532463074,-1.544326901435852,-1.5244694948196411,-1.5144323110580444,0.0,1.0
87040,85,7,171.49008713320146,155.42857142857142,-0.004604326316621154,0.006332599744200707,-0.3189250960946083,0.0038668678476824424,0.02900390625,0.5421312794089317,0.12100327266380191,0.8836978673934937,10.538703918457031,63.692665100097656,60.84366989135742,62.80896759033203,61.53453826904297,0.9699984577340968,0.9617009162902832,0.34417232871055603,0.575,0.0,72.20141625861025,53.084483887128144,87040.0001,0.0,-0.02968057245016098,0.24946118891239166,0.0,0.23223307728767395,0.24154305458068848,0.24719561636447906,-1.5437074899673462,-1.5260974168777466,-1.5154385566711426,0.0,1.0
88064,86,7,164.21083012813298,165.57142857142858,-0.0032476588152348996,0.011140780872665346,-0.3221276305615902,0.0010521620090003126,0.03212890625,0.5412834383547306,0.11143219228833914,-4.575450897216797,12.370680809020996,72.09818267822266,56.13764572143555,76.67362976074219,53.845706939697266,0.9514399741595927,1.0726428031921387,0.3738873302936554,0.525,0.0,72.20021583744219,53.120995261960864,88064.0001,0.0,-0.016261957585811615,0.24471226334571838,0.0,0.23209068179130554,0.24142839014530182,0.24873249232769012,-1.5439774990081787,-1.5263465642929077,-1.5125463008880615,0.0,1.0
89088,87,8,153.21516251406715,145.625,-0.005440726748201996,0.009302493638824672,-0.3208367995917797,0.004992442669754382,0.038232421875,0.526609618961811,0.13994697835296394,-7.999207496643066,12.254673957824707,66.01669311523438,54.12687683105469,74.01589965820312,51.92791748046875,0.9487401202640083,0.937049150466919,0.4101260304450989,0.55,0.0,72.1291408433482,53.136753400006896,89088.0001,0.0,-0.02047627791762352,0.2494322508573532,0.0,0.23055648803710938,0.24208343029022217,0.25209882855415344,-1.5468872785568237,-1.5251212120056152,-1.5062189102172852,0.0,1.0
90112,88,5,178.9376819984978,156.2,-0.003441789583303034,0.007049358886433765,-0.3158775568008423,0.00543201834516367,0.0362060546875,0.5664994511753321,0.17975827697664498,5.7476935386657715,10.15349006652832,56.35093307495117,52.96147537231445,50.603240966796875,58.35753631591797,0.9632454983783075,0.9461614489555359,0.6380873322486877,0.625,0.05,71.94984303323325,53.16107682414832,90112.0001,0.0,-0.007918301038444042,0.25198161602020264,0.0,0.23069871962070465,0.24306164681911469,0.25353026390075684,-1.5466175079345703,-1.5232720375061035,-1.5035314559936523,0.0,1.0
91136,89,5,182.99202058648896,160.2,-0.004116367199458182,0.004699078944395296,-0.31529254764318465,0.005739188830193598,0.031201171875,0.5681949563324451,0.07758927675895393,-1.540924072265625,8.04262924194336,70.56551361083984,45.033267974853516,72.10643768310547,46.8703498840332,0.9681045201890521,0.9783517718315125,0.24520665407180786,0.475,0.0,71.93428874200262,53.07686794753943,91136.0001,0.0,-0.025099923834204674,0.23985552787780762,0.0,0.2267995923757553,0.24196605384349823,0.25482097268104553,-1.5540214776992798,-1.5253442525863647,-1.5011098384857178,0.0,1.0
92160,90,6,176.06170632506618,157.0,-0.005169661971740425,0.005399630757165141,-0.3212131932377815,0.005338637580280192,0.03916015625,0.6016412101686001,0.10954725258052349,-2.6466000080108643,9.721138954162598,62.81245803833008,51.498146057128906,65.45906066894531,55.76560592651367,0.9643671049455129,1.0288153886795044,0.391136109828949,0.625,0.0,71.83293506595743,53.06819936788606,92160.0001,0.0,0.0007932023145258427,0.25903216004371643,0.0,0.22700612246990204,0.24126432836055756,0.2527296245098114,-1.553628921508789,-1.5266914367675781,-1.505034327507019,0.0,1.0
93184,91,8,150.49199176688896,152.875,-0.005992901005083695,0.008187559677753597,-0.3231006070971489,0.003634670547035057,0.0366943359375,0.5791087251156568,0.10021849870681762,2.150038003921509,10.409061431884766,59.22990798950195,47.670291900634766,57.079872131347656,48.63550567626953,0.9523209654451494,1.0193145275115967,0.26756006479263306,0.675,0.0,71.69444027030374,53.02814804886836,93184.0001,0.0,-0.010850872844457626,0.24812349677085876,0.0,0.22863727807998657,0.24137544631958008,0.2532983124256134,-1.5505303144454956,-1.5264410972595215,-1.5039668083190918,0.0,1.0
94208,92,7,158.34729231395858,154.57142857142858,-0.004400094307493418,0.008528557053068653,-0.323920688778162,0.0018172838201280684,0.02587890625,0.507631690427661,0.12902405271306633,-0.8435243964195251,12.311491966247559,61.13489532470703,48.92362594604492,61.978424072265625,51.50303649902344,0.9366737006209993,0.8259918689727783,0.35631757974624634,0.45,0.0,71.57966262992406,52.99655456669098,94208.0001,0.0,0.000579934858251363,0.2437734156847,0.0,0.22650370001792908,0.24064797163009644,0.25495287775993347,-1.5545839071273804,-1.5278254747390747,-1.5008624792099,0.0,1.0
95232,93,6,183.28343177314653,166.33333333333334,-0.004012354894075543,0.004096258597564883,-0.3293158397078514,0.0029519696370698513,0.032275390625,0.5533055044710636,0.1402746154461056,5.526386260986328,7.243694305419922,57.76289749145508,50.15428924560547,52.23651123046875,53.68008041381836,0.9791404911918188,0.9935610890388489,0.49192506074905396,0.575,0.0,71.43109527002723,52.985969365921534,95232.0001,0.0,0.0034906843211501837,0.2444736808538437,0.0,0.22626671195030212,0.23965807259082794,0.2539203464984894,-1.5550343990325928,-1.5297279357910156,-1.502799391746521,0.0,1.0
96256,94,8,174.37927531617336,161.0,-0.0052765279309824106,0.0054867184488102795,-0.3379815623164177,0.0037173724776948802,0.033203125,0.6548613533377647,0.09253900768235326,2.304374933242798,8.522543907165527,61.033050537109375,44.16621017456055,58.72868347167969,42.86897659301758,0.9627644068664459,1.0488412380218506,0.3037450909614563,0.775,0.0,71.32047781493011,52.91063596621118,96256.0001,0.0,-0.005994178354740143,0.25545617938041687,0.0,0.22569239139556885,0.23749060928821564,0.2504330277442932,-1.556126356124878,-1.533785343170166,-1.5093486309051514,0.0,1.0
97280,95,5,159.929678418562,136.2,-0.007664836244657636,0.008084450766909867,-0.34642870128154757,0.008273020938213449,0.069921875,0.5429753448814154,0.08447437165305019,1.786899209022522,11.113112449645996,71.17144012451172,47.919918060302734,69.38453674316406,44.92684555053711,0.9462177102888842,1.3126035928726196,0.22510181367397308,0.475,0.0,71.3189089588176,52.860558172785026,97280.0001,0.0,-0.011742331087589264,0.24349349737167358,0.0,0.22411425411701202,0.237304225564003,0.25086599588394165,-1.5591281652450562,-1.5341650247573853,-1.5085349082946777,0.0,1.0
98304,96,7,191.85688203390922,161.28571428571428,-0.005597746593412012,0.0036085759318666534,-0.3447703368961811,0.004883287705888506,0.0412109375,0.5741097956895829,0.10368882501497864,4.806265830993652,7.080033302307129,78.26880645751953,50.897403717041016,73.46253967285156,54.622013092041016,0.9806500737852146,1.0302646160125732,0.32960766553878784,0.65,0.0,71.39130367705474,52.84519565751657,98304.0001,0.0,0.0072202966548502445,0.2418070286512375,0.0,0.22435349225997925,0.23740892112255096,0.25201815366744995,-1.5586729049682617,-1.5339547395706177,-1.5063703060150146,0.0,1.0
99328,97,6,174.65669538602228,149.83333333333334,-0.00507431395817548,0.005134602065663785,-0.34605261906981466,0.004136689534061588,0.045263671875,0.5648008923977613,0.08863449119962752,3.9174251556396484,8.032222747802734,79.76118469238281,50.2780647277832,75.84376525878906,49.40230941772461,0.9744780189430347,1.139844536781311,0.25437840819358826,0.6,0.0,71.47759111437493,52.82613263831107,99328.0001,0.0,0.005569803062826395,0.24507741630077362,0.0,0.2252143919467926,0.2371472865343094,0.2503889203071594,-1.5570353269577026,-1.5344390869140625,-1.5094316005706787,0.0,1.0
100352,98,8,183.27976442498252,150.125,-0.003727852599695325,0.006290301360422745,-0.3463744901120663,0.0027811864812974816,0.030908203125,0.5684206582605839,0.08799149948172272,-2.769411087036133,9.110965728759766,73.23631286621094,42.877830505371094,76.00572204589844,40.67259979248047,0.9548494283557242,1.2451156377792358,0.2467157542705536,0.6,0.0,71.4955372328766,52.73439395587624,100352.0001,0.0,-0.015232964418828487,0.2362746298313141,0.0,0.22549818456172943,0.23716473579406738,0.2488553673028946,-1.5564955472946167,-1.534401535987854,-1.512315273284912,0.0,1.0
101376,99,8,166.180555392517,142.125,-0.0050974315730854865,0.007496211625402793,-0.34577740877866747,0.0063525284334900785,0.0404541015625,0.5783960320055485,0.13406349481083452,2.113548994064331,11.233451843261719,66.36607360839844,50.5091552734375,64.25251770019531,55.15385055541992,0.9505363441169263,1.0560420751571655,0.43299025297164917,0.6,0.0,71.4437244374873,52.71488188464223,101376.0001,0.0,-0.017432620748877525,0.23648425936698914,0.0,0.22637318074703217,0.23746198415756226,0.2492714524269104,-1.5548319816589355,-1.5338573455810547,-1.5115325450897217,0.0,1.0
102400,100,6,173.04372530033186,153.33333333333334,-0.0030909941415302455,0.0032341742684366182,-0.34630718231201174,0.0028926924540428446,0.0218017578125,0.4985393859446049,0.11404345696792006,3.515882968902588,7.128597736358643,66.24217224121094,56.49021530151367,62.726287841796875,58.47694396972656,0.984075650275269,0.9459377527236938,0.3070399761199951,0.45,0.0,71.39170891276274,52.75651134077196,102400.0001,0.0,0.006792396306991577,0.2412344068288803,0.0,0.2257402241230011,0.23665903508663177,0.24793192744255066,-1.5560352802276611,-1.5353506803512573,-1.5140526294708252,0.0,1.0
103424,101,8,169.43340331587518,139.875,-0.0044288979144766925,0.005878286223742179,-0.3552743971347809,0.0017464610631577671,0.0308837890625,0.582552469521761,0.14041829914785922,-7.360274314880371,9.553149223327637,66.455810546875,49.22268295288086,73.81608581542969,50.29755783081055,0.9623328712108855,1.0591919422149658,0.4805634617805481,0.675,0.0,71.34283861334815,52.72494886161385,103424.0001,0.0,-0.013467617332935333,0.24280764162540436,0.0,0.2216247320175171,0.23434650897979736,0.24749290943145752,-1.5638678073883057,-1.539765477180481,-1.5148789882659912,0.0,1.0
104448,102,5,129.02678102545892,136.2,-0.003162965556839481,0.0029886291711591186,-0.3684638738632202,0.002931102446746081,0.022119140625,0.5661672357469797,0.07617805798072368,-2.683633327484131,6.212741851806641,75.21638488769531,47.77784729003906,77.90001678466797,49.36463928222656,0.9830911733639797,0.9647814631462097,0.20255480706691742,0.675,0.0,71.38081451597176,52.68008547166361,104448.0001,0.0,-0.003001319942995906,0.23207490146160126,0.0,0.22265732288360596,0.23225224018096924,0.2440527379512787,-1.561901330947876,-1.5437229871749878,-1.521359920501709,0.0,1.0
105472,103,7,175.5279671116143,147.14285714285714,-0.0053291535878088325,0.0024659368544234896,-0.37599372640252116,0.0024465241163852624,0.040576171875,0.650021991878748,0.06886992556974292,1.2473890781402588,6.054983139038086,81.90119934082031,49.851436614990234,80.65380096435547,50.58995056152344,0.9852473345777357,1.096760630607605,0.1839171200990677,0.65,0.0,71.48295409727051,52.66345731190055,105472.0001,0.0,0.0076436265371739864,0.2375401109457016,0.0,0.22460117936134338,0.23179970681667328,0.24114234745502472,-1.558201789855957,-1.5445348024368286,-1.5268510580062866,0.0,1.0
106496,104,7,182.26851823778858,166.85714285714286,-0.004917723184917122,0.013032653497066348,-0.37589275985956194,0.0038362339706509373,0.0529296875,0.5890087574720383,0.09296262273564934,-0.5513584613800049,12.53911018371582,70.55492401123047,51.23781967163086,71.10628509521484,50.54180145263672,0.940110293666234,0.9587490558624268,0.22455403208732605,0.625,0.0,71.47403078422398,52.65001096065236,106496.0001,0.0,-0.0019224422285333276,0.2386273443698883,0.0,0.22428540885448456,0.23220647871494293,0.24247705936431885,-1.5588024854660034,-1.5437698364257812,-1.52433180809021,0.0,1.0
107520,105,8,158.69161561416163,133.625,-0.006333028548397124,0.004383042815607041,-0.3733822137117386,0.007127147924620658,0.05498046875,0.5233710020780563,0.05631231251172721,-0.38947728276252747,7.429561614990234,77.99028015136719,51.7895393371582,78.37975311279297,50.12615203857422,0.9794201459845067,0.9781647324562073,0.12334103882312775,0.45,0.0,71.53609029526856,52.64568659561305,107520.0001,0.0,0.0009371390915475786,0.23267331719398499,0.0,0.2260037362575531,0.23244959115982056,0.24137213826179504,-1.5555343627929688,-1.54330313205719,-1.5264172554016113,0.0,1.0
108544,106,8,169.57911178477343,151.625,-0.004077154351398349,0.010324172215769067,-0.3747891791164875,0.0014954886137275025,0.0244384765625,0.5519169673323632,0.13384581496939063,-0.29521816968917847,14.923287391662598,59.87678527832031,52.63376998901367,60.17200469970703,54.520652770996094,0.9196103698945848,1.082769751548767,0.47718554735183716,0.55,0.0,71.42609684834768,52.65763790772066,108544.0001,0.0,-0.018649613484740257,0.24216407537460327,0.0,0.22463786602020264,0.23177093267440796,0.23998847603797913,-1.5581319332122803,-1.5445986986160278,-1.5290303230285645,0.0,1.0
109568,107,7,130.83530047873492,119.42857142857143,-0.004600607504835352,0.015353752224473282,-0.37636317908763883,0.006355484180676285,0.045947265625,0.5350388251245022,0.1430623920634389,-6.487229824066162,17.91099739074707,60.9610481262207,43.66272735595703,67.44827270507812,44.045955657958984,0.8317256971490714,0.8544820547103882,0.5106404423713684,0.45,0.025,71.32829266504069,52.590338056379075,109568.0001,0.0,-0.012051000259816647,0.24820706248283386,0.0,0.22406205534934998,0.23214860260486603,0.23950369656085968,-1.559227466583252,-1.543904423713684,-1.529946208000183,0.0,1.0
110592,108,7,148.71510578920265,137.71428571428572,-0.003662655467633158,0.00846288506872952,-0.3770113870501518,0.003175455283781048,0.027392578125,0.5534698769450188,0.09715262074023485,4.271092414855957,9.409919738769531,56.79364776611328,43.827415466308594,52.52255630493164,45.07565689086914,0.9539022085997607,1.0320323705673218,0.3226083815097809,0.675,0.0,71.19371263199753,52.5343550200096,110592.0001,0.0,0.010636490769684315,0.24877126514911652,0.0,0.2243400514125824,0.23088116943836212,0.23673829436302185,-1.5586985349655151,-1.546273112297058,-1.53517484664917,0.0,1.0
111616,109,8,164.6615154560672,150.125,-0.004861091141356156,0.006055594317149371,-0.38519945591688154,0.0065734231262467805,0.04033203125,0.5494361788034439,0.05504953423514962,0.34519094228744507,8.186206817626953,69.09669494628906,48.11713790893555,68.75151062011719,46.46770477294922,0.9710555102564935,1.0320030450820923,0.11255670338869095,0.55,0.0,71.174473953727,52.495900182626315,111616.0001,0.0,0.016734128817915916,0.24709844589233398,0.0,0.22281411290168762,0.22990083694458008,0.23550961911678314,-1.5616028308868408,-1.5481314659118652,-1.5375001430511475,0.0,1.0
112640,110,6,154.74969357989724,146.0,-0.00462599383899942,0.005210758702014573,-0.39039854928851125,0.0034227802767418324,0.032861328125,0.5113528653979301,0.0832066795323044,0.4282982349395752,8.47525691986084,55.94105529785156,40.444637298583984,55.512752532958984,39.69151306152344,0.956087927548003,0.8111770749092102,0.2030148208141327,0.475,0.0,71.03598830654056,52.418772266144174,112640.0001,0.0,0.013705708086490631,0.25077569484710693,0.0,0.22207073867321014,0.2288467288017273,0.23461675643920898,-1.5630183219909668,-1.5501333475112915,-1.5391907691955566,0.0,1.0
113664,111,8,141.76827789772284,126.125,-0.004689756827428937,0.005932528601260856,-0.3965295471251011,0.00276503056375077,0.03173828125,0.5327532716095448,0.07838744972832501,-0.6510208249092102,8.836721420288086,74.76815032958984,49.33269500732422,75.41915893554688,50.11732482910156,0.9679142192348721,0.9701098799705505,0.22814670205116272,0.525,0.0,71.06961134137411,52.39296802824611,113664.0001,0.0,0.016589520499110222,0.24481266736984253,0.0,0.22161538898944855,0.22770144045352936,0.2333141267299652,-1.5638856887817383,-1.5523229837417603,-1.5416584014892578,0.0,1.0
114688,112,8,138.9061320445375,139.625,-0.00502672644215636,0.018651360902003943,-0.39964100942015646,0.004821170475042891,0.0449951171875,0.5918287873268128,0.17785187968984245,-7.6985182762146,17.70551872253418,62.891571044921875,50.15864944458008,70.590087890625,46.0944709777832,0.87539780586504,0.9627947211265564,0.7315696477890015,0.65,0.05,70.99659312629973,52.37909012592003,114688.0001,0.0,0.009205898270010948,0.25074782967567444,0.0,0.22182102501392365,0.22832916676998138,0.2333572804927826,-1.5634939670562744,-1.551130771636963,-1.541576623916626,0.0,1.0
115712,113,8,129.1748669672746,129.625,-0.004804227635031566,0.009180945972912014,-0.39310094267129897,0.005033848134917207,0.051123046875,0.5720787145197391,0.10241449950262904,-3.859531879425049,9.796290397644043,64.32942962646484,53.1556282043457,68.18896484375,50.916622161865234,0.9660355371009497,1.0152610540390015,0.27609479427337646,0.525,0.0,70.93759165319916,52.38973381721227,115712.0001,0.0,0.017605682834982872,0.26096415519714355,0.0,0.22275908291339874,0.22958093881607056,0.2339637279510498,-1.5617074966430664,-1.548726201057434,-1.5404276847839355,0.0,1.0
116736,114,8,147.88719330548446,139.375,-0.005358681036159396,0.010389873100211843,-0.38870259150862696,0.005324424999707844,0.042578125,0.6292046248912812,0.12370455916970968,0.38764703273773193,12.719764709472656,47.14575958251953,45.44034194946289,46.758113861083984,47.96420669555664,0.921643509310912,0.9917866587638855,0.39217138290405273,0.8,0.0,70.72889138290324,52.37978939515997,116736.0001,0.0,-0.0063128103502094746,0.26044946908950806,0.0,0.22394722700119019,0.22949044406414032,0.23380957543849945,-1.5594459772109985,-1.5489298105239868,-1.5407196283340454,0.0,1.0
117760,115,8,137.8472298119088,133.0,-0.004154052352532744,0.012285332358442248,-0.38676534220576286,0.004815762607904617,0.0382080078125,0.5539301730692386,0.14185140179470182,0.49368324875831604,15.358635902404785,58.205345153808594,47.237125396728516,57.71166229248047,49.29653549194336,0.8942845756712285,1.1198043823242188,0.44703754782676697,0.55,0.0,70.6199909762083,52.350162812268756,117760.0001,0.0,0.01665453612804413,0.25407978892326355,0.0,0.22554545104503632,0.23103117942810059,0.23549966514110565,-1.5564056634902954,-1.5460152626037598,-1.5375189781188965,0.0,1.0
118784,116,6,135.46362832252495,129.16666666666666,-0.00428950086934492,0.014477209676988423,-0.3770045921206474,0.0014318616260425188,0.0254150390625,0.6038971468806267,0.12848725728690624,-2.0190229415893555,15.125260353088379,62.4053840637207,45.10285186767578,64.42440032958984,44.09836196899414,0.8875400948373523,0.9915494918823242,0.38001957535743713,0.7,0.0,70.54917538091706,52.29749229408577,118784.0001,0.0,0.020221948623657227,0.27460694313049316,0.0,0.2270651012659073,0.23217763006687164,0.2366158664226532,-1.5535168647766113,-1.543821930885315,-1.535406470298767,0.0,1.0
119808,117,11,127.61974671932943,118.54545454545455,-0.004483221110422164,0.015426863729953767,-0.3734350070357323,0.005843678802193608,0.0412841796875,0.5592928610742092,0.1367080019786954,-4.5747599601745605,14.075754165649414,53.11548614501953,44.306827545166016,57.69024658203125,43.56821060180664,0.8990742443651036,1.1274882555007935,0.3678893744945526,0.525,0.0,70.40016948438124,52.259023197147016,119808.0001,0.0,-0.036252524703741074,0.258047878742218,0.0,0.2278103530406952,0.2327529788017273,0.2376023381948471,-1.5521008968353271,-1.5427156686782837,-1.5335404872894287,0.0,1.0
120832,118,8,135.83102927089035,131.875,-0.004613842855906114,0.01147172671626322,-0.37221976518630984,0.0031775356910657138,0.0308837890625,0.6322084814310074,0.14867202481254935,-5.391167640686035,14.284944534301758,52.2802848815918,44.6822395324707,57.67145538330078,44.71642303466797,0.8977914448625521,1.2691658735275269,0.5545701384544373,0.75,0.025,70.2466111540651,52.22585357396029,120832.0001,0.0,-0.016560303047299385,0.2573380172252655,0.0,0.2260250598192215,0.2323695868253708,0.23798558115959167,-1.5554938316345215,-1.5434398651123047,-1.53281569480896,0.0,1.0
121856,119,5,138.48560759081323,120.6,-0.0033617751905694604,0.0104846911795903,-0.3730677835643291,0.004063078061153647,0.025537109375,0.4995087876915932,0.17249533887952567,1.2680679559707642,13.472670555114746,43.246063232421875,38.83687210083008,41.97800064086914,44.853187561035156,0.8796575243419118,0.8624958395957947,0.6128639578819275,0.475,0.025,70.01971581857202,52.18590717094021,121856.0001,0.0,-0.021687405183911324,0.2582186460494995,0.0,0.2253454178571701,0.23266740143299103,0.23852816224098206,-1.556786060333252,-1.5428886413574219,-1.5317898988723755,0.0,1.0
122880,120,10,137.40447892526532,126.4,-0.004402466712053865,0.0037440465472172945,-0.3702838718891144,0.0042483411831199195,0.03759765625,0.5818367004394531,0.07861226573586463,0.7018858790397644,7.254054069519043,64.09988403320312,41.37901306152344,63.39799499511719,43.01905822753906,0.9692672578317666,1.0011361837387085,0.22667919099330902,0.65,0.0,69.9703838757829,52.107890882652626,122880.0001,0.0,-0.0028421469032764435,0.2501097023487091,0.0,0.22311031818389893,0.2330961972475052,0.24091582000255585,-1.561038851737976,-1.5420875549316406,-1.5272787809371948,0.0,1.0
123904,121,7,166.28545283127391,141.0,-0.005524215055629611,0.005509281650302,-0.3698032766580582,0.004449220455717296,0.06064453125,0.5874058149755002,0.1561150190420449,4.8244524002075195,8.978363990783691,51.63971710205078,41.52100372314453,46.81526565551758,46.79827117919922,0.9532416929287724,1.167876958847046,0.5087302923202515,0.6,0.075,69.81889077510156,52.05568418759748,123904.0001,0.0,0.009752866812050343,0.2710592746734619,0.0,0.22252510488033295,0.23291026055812836,0.24023593962192535,-1.5621531009674072,-1.5424455404281616,-1.5285627841949463,0.0,1.0
124928,122,8,125.98310934179122,127.25,-0.005648156144889072,0.0076750736159738155,-0.37154364585876465,0.00697511156758992,0.058935546875,0.631686332821846,0.12659157747402788,0.05042058229446411,11.104354858398438,65.86555480957031,45.819950103759766,65.81513214111328,39.83782958984375,0.9412676339869918,1.4875768423080444,0.3456900417804718,0.6,0.0,69.78648637085452,52.00883227510366,124928.0001,0.0,-0.0012935982085764408,0.2762351930141449,0.0,0.22317329049110413,0.23266637325286865,0.23932938277721405,-1.5609190464019775,-1.5429013967514038,-1.530275583267212,0.0,1.0
125952,123,7,138.042617041492,134.85714285714286,-0.006275866279611364,0.015826455503702163,-0.3702717274427414,0.007468253403203562,0.05478515625,0.638572382926941,0.15406658332794904,-5.891096591949463,15.878536224365234,51.1534538269043,47.91279220581055,57.04454803466797,46.81599426269531,0.8901707641550562,1.2662959098815918,0.379066526889801,0.65,0.0,69.63499828842406,52.003758182253506,125952.0001,0.0,0.007905826903879642,0.269587904214859,0.0,0.22307874262332916,0.23345084488391876,0.23932714760303497,-1.5610990524291992,-1.541441798210144,-1.5302797555923462,0.0,1.0
126976,124,8,142.06790832263732,140.375,-0.0037016467656940224,0.011178322741761804,-0.36401191651821135,0.0036619452454033307,0.0272705078125,0.6223981276154518,0.16924970056861638,3.892881155014038,13.739569664001465,62.77360153198242,48.79696273803711,58.88072204589844,52.6013069152832,0.9207205374130903,1.0328114032745361,0.5712734460830688,0.8,0.025,69.57966444295913,51.98231081672494,126976.0001,0.0,0.004376842174679041,0.262910395860672,0.0,0.22267015278339386,0.2345433086156845,0.24055184423923492,-1.561876893043518,-1.5393480062484741,-1.5279661417007446,0.0,1.0
128000,125,8,139.787114834949,141.625,-0.0056038475828245286,0.010022835695417598,-0.36038296222686766,0.0042246275959769266,0.05634765625,0.5281900949776173,0.16279191384091973,-6.542979717254639,11.16818618774414,55.74668884277344,45.67927551269531,62.28966522216797,41.220787048339844,0.9402240033057789,0.7718859314918518,0.43058887124061584,0.625,0.0,69.46900062265375,51.94953982033534,128000.0001,0.0,-0.003140046028420329,0.2764224708080292,0.0,0.22218438982963562,0.23486365377902985,0.2422378957271576,-1.5628018379211426,-1.5387521982192993,-1.5247831344604492,0.0,1.0
129024,126,8,148.3556969074204,127.625,-0.005427471781149507,0.0048643974150763825,-0.3593530610203743,0.0036933976618456653,0.045166015625,0.607893668860197,0.10869500134140253,6.071503639221191,6.526788711547852,59.474998474121094,39.58980941772461,53.40349578857422,40.482688903808594,0.9728210763031441,1.1470030546188354,0.40189361572265625,0.675,0.0,69.3896831507717,51.870624808927,129024.0001,0.0,-0.015923092141747475,0.27878299355506897,0.0,0.22242222726345062,0.23475472629070282,0.24141164124011993,-1.5623489618301392,-1.53897225856781,-1.5263426303863525,0.0,1.0
130048,127,8,145.7953685631926,117.125,-0.0047071413428056985,0.00609229103429243,-0.36254833117127416,0.005954657038091682,0.0408935546875,0.5630464091897011,0.08497852389700711,-1.9826182126998901,9.273942947387695,70.52989196777344,39.451812744140625,72.51250457763672,37.07890319824219,0.9447420298779524,1.0173008441925049,0.2676447927951813,0.625,0.0,69.3986611690318,51.78457130272116,130048.0001,0.0,-0.037727829068899155,0.2533803880214691,0.0,0.22236153483390808,0.23381078243255615,0.24031482636928558,-1.5624644756317139,-1.5407358407974243,-1.5284137725830078,0.0,1.0
131072,128,9,121.35860440671841,123.0,-0.006905307224951684,0.00909640128375031,-0.3655309394001961,0.002844200553954579,0.0520263671875,0.6164966098964214,0.1207013183273375,-5.75060510635376,11.161770820617676,62.71186828613281,49.490081787109375,68.46247100830078,45.8448486328125,0.949133731067129,1.0656909942626953,0.4290442168712616,0.675,0.0,69.34642057374249,51.770387274764765,131072.0001,0.0,-0.020251838490366936,0.26915791630744934,0.0,0.22454701364040375,0.23404401540756226,0.24010303616523743,-1.558304786682129,-1.5403059720993042,-1.5288138389587402,0.0,1.0
132096,129,9,146.26807372940848,122.11111111111111,-0.006109567661769688,0.013812108116690069,-0.3673985697329044,0.002749846085498575,0.0342041015625,0.6057004503905773,0.11730969417840242,-0.19799089431762695,13.434734344482422,64.05501556396484,41.49745178222656,64.25300598144531,43.679969787597656,0.8951869436660301,1.0301146507263184,0.3572098910808563,0.75,0.0,69.30540190855875,51.700686289883265,132096.0001,0.0,-0.005733104422688484,0.26274752616882324,0.0,0.22394928336143494,0.2323986142873764,0.237940713763237,-1.5594420433044434,-1.5434149503707886,-1.5329005718231201,0.0,1.0
133120,130,8,150.77182778466357,124.875,-0.0047066693310625855,0.015109957801178098,-0.37467430233955384,0.004238246922614053,0.04267578125,0.5058180019259453,0.15919642900116743,1.1445916891098022,14.958017349243164,59.53007888793945,48.537567138671875,58.38548278808594,52.63128662109375,0.9050287746707697,0.893791913986206,0.5577682852745056,0.45,0.05,69.23020710398443,51.68415033680679,133120.0001,0.0,0.02070056088268757,0.26292675733566284,0.0,0.2243616282939911,0.23231275379657745,0.2375260889530182,-1.5586574077606201,-1.5435818433761597,-1.5336846113204956,0.0,1.0
134144,131,7,150.67953845234982,127.71428571428571,-0.00315138001460582,0.013169037527404726,-0.3733970858156681,0.002159722938085906,0.02470703125,0.5096592657268048,0.14039032002910973,-4.078236103057861,13.419142723083496,62.36745071411133,42.793270111083984,66.44568634033203,46.28739929199219,0.9016671380513535,0.8454228639602661,0.47086137533187866,0.575,0.0,69.17781967949135,51.625536844766344,134144.0001,0.0,-0.0023077987134456635,0.26405373215675354,0.0,0.22474169731140137,0.23234093189239502,0.23674257099628448,-1.5579344034194946,-1.5435090065002441,-1.5351667404174805,0.0,1.0
135168,132,7,155.86572782034287,143.0,-0.0041714313556440175,0.00362176374765113,-0.37467166036367416,0.0032178824563743546,0.0453857421875,0.577062550187111,0.07352181817404926,1.608144760131836,7.563997745513916,58.887935638427734,45.396209716796875,57.279788970947266,45.0308837890625,0.9722371801561165,0.9706135988235474,0.21196448802947998,0.675,0.0,69.09986601039421,51.58888906895141,135168.0001,0.0,-0.005713483784347773,0.2716250717639923,0.0,0.22479645907878876,0.23199261724948883,0.23783127963542938,-1.5578302145004272,-1.5441805124282837,-1.5331075191497803,0.0,1.0
136192,133,9,149.8069911494764,129.55555555555554,-0.006276801554486155,0.0026533959433436395,-0.37741535902023315,0.00469428118376527,0.043359375,0.5784950397908688,0.04851906320545822,0.8139152526855469,5.41408109664917,68.14395904541016,42.21958923339844,67.33004760742188,42.11337661743164,0.9835554668022293,0.8602538704872131,0.14932069182395935,0.65,0.0,69.09267873750372,51.524866560588755,136192.0001,0.0,-0.008780580013990402,0.2626553475856781,0.0,0.22447460889816284,0.23135830461978912,0.23747406899929047,-1.55844247341156,-1.5453916788101196,-1.533782958984375,0.0,1.0
137216,134,8,130.6185143971758,127.875,-0.005575183976907283,0.008951276988955214,-0.38221904560923575,0.003165129751141649,0.04091796875,0.5603426486253739,0.1602042923681438,-6.046065330505371,11.740562438964844,63.76325607299805,48.317466735839844,69.809326171875,46.258121490478516,0.9409568558973871,0.8823046684265137,0.4797123670578003,0.675,0.0,69.05290692259265,51.503712930727566,137216.0001,0.0,0.006873797159641981,0.2854585349559784,0.0,0.2244643270969391,0.2302824854850769,0.23511336743831635,-1.558462142944336,-1.5474210977554321,-1.5382503271102905,0.0,1.0
138240,135,6,116.7594436429931,129.0,-0.003670885821338743,0.00602359413751401,-0.38697693794965743,0.0020100744761293752,0.0396484375,0.6171247191727162,0.15919004138559104,-1.3366284370422363,11.583146095275879,58.9698371887207,50.95404815673828,60.30646514892578,47.42140579223633,0.9483231928183502,1.1587568521499634,0.5532602667808533,0.75,0.025,68.978217524299,51.506919910902496,138240.0001,0.0,-0.009399519301950932,0.2982746660709381,0.0,0.2251351922750473,0.22987686097621918,0.23429648578166962,-1.5571858882904053,-1.5481833219528198,-1.539797306060791,0.0,1.0
139264,136,7,154.02990306919128,139.28571428571428,-0.004119792045094073,0.003475309172063135,-0.3844400763511658,0.0028515112368040717,0.0289306640625,0.6142947763204575,0.08067678390070795,-1.2454960346221924,7.420107364654541,56.58655548095703,50.32830047607422,57.83205032348633,53.32506561279297,0.9782631886480474,1.0676594972610474,0.2772617042064667,0.675,0.0,68.8871023641364,51.509232474316285,139264.0001,0.0,0.01680232211947441,0.27888426184654236,0.0,0.2267301231622696,0.23117226362228394,0.23402239382266998,-1.5541534423828125,-1.5457371473312378,-1.5403164625167847,0.0,1.0
140288,137,8,150.6868857717383,149.375,-0.004337841796223074,0.011403735191561282,-0.380324175208807,0.004277781386917923,0.043115234375,0.6724130161106586,0.12347372509539127,-1.1529213190078735,12.381409645080566,51.212249755859375,47.78122329711914,52.36517333984375,50.29385757446289,0.9328531387274396,1.3522461652755737,0.3613094985485077,0.825,0.0,68.75808884748673,51.504978520165906,140288.0001,0.0,-0.003059024689719081,0.27139514684677124,0.0,0.22550229728221893,0.23092906177043915,0.23380212485790253,-1.556487798690796,-1.5461997985839844,-1.540733814239502,0.0,1.0
141312,138,7,140.55841235719896,133.57142857142858,-0.003363615064881742,0.0031820144125958905,-0.3819343037903309,0.005456103704636917,0.0334716796875,0.630386509746313,0.059271621191874145,1.399601936340332,6.241170883178711,57.09429931640625,46.8564338684082,55.69469451904297,47.7279167175293,0.9822583645534796,1.0585051774978638,0.1711462289094925,0.85,0.0,68.67356862230352,51.48230940163557,141312.0001,0.0,-0.018433310091495514,0.2742520570755005,0.0,0.22329546511173248,0.23097915947437286,0.23558449745178223,-1.560686469078064,-1.5460968017578125,-1.5373584032058716,0.0,1.0
142336,139,7,144.56475145623904,138.28571428571428,-0.004476670280564576,0.004433572667767294,-0.37945234328508376,0.0051304186010384,0.0339599609375,0.5756502769887447,0.10093685993924736,1.327014446258545,9.04399299621582,55.920982360839844,41.96323776245117,54.593971252441406,45.84428787231445,0.9535503505999596,0.8966593146324158,0.365996778011322,0.65,0.0,68.58182339659601,51.43141419807453,142336.0001,0.0,-0.022269010543823242,0.27854636311531067,0.0,0.22405725717544556,0.23163144290447235,0.2367108166217804,-1.5592366456985474,-1.5448546409606934,-1.535226821899414,0.0,1.0
143360,140,8,137.72314308888605,126.375,-0.008081411907915026,0.007082799728959799,-0.3753265209496021,0.009460886227316223,0.0751953125,0.691358508169651,0.1139888939447701,0.13266074657440186,10.801409721374512,58.254119873046875,42.36180114746094,58.1214599609375,41.29473114013672,0.9349852200221674,1.0484356880187988,0.31106331944465637,0.85,0.0,68.50805409335858,51.37967098237171,143360.0001,0.0,-0.0027257632464170456,0.2831784188747406,0.0,0.22572827339172363,0.232740119099617,0.2387087643146515,-1.5560580492019653,-1.5427818298339844,-1.531448483467102,0.0,1.0
144384,141,8,146.4273823204109,138.25,-0.003725298249628395,0.006329669570550323,-0.37109199464321135,0.0031965341215254737,0.0331298828125,0.5616166807711125,0.07808197550475597,0.40099066495895386,9.472371101379395,61.94919967651367,44.501014709472656,61.5482063293457,43.53245544433594,0.9546917169568307,0.8189904093742371,0.21952839195728302,0.7,0.0,68.4615373687985,51.337082146396476,144384.0001,0.0,0.018694477155804634,0.2863764762878418,0.0,0.22654573619365692,0.23263733088970184,0.2380184382200241,-1.5545039176940918,-1.5429638624191284,-1.532753586769104,0.0,1.0
145408,142,8,149.03987863340845,139.625,-0.004688736447133124,0.006146602582884952,-0.3779111482203007,0.0034914577729068695,0.0403076171875,0.6839486204087735,0.07708277832716703,0.39852374792099,9.156208992004395,55.788475036621094,41.24834442138672,55.38995361328125,39.17407989501953,0.9507259337134584,1.1576756238937378,0.17410075664520264,0.875,0.0,68.37229046669452,51.28392643267286,145408.0001,0.0,-0.010558891110122204,0.2817070484161377,0.0,0.22540463507175446,0.23025256395339966,0.23405267298221588,-1.556673526763916,-1.5474587678909302,-1.5402591228485107,0.0,1.0
146432,143,8,136.0951036116852,138.875,-0.005025692272465676,0.008105564684956334,-0.3886060617864132,0.003756631580472458,0.0341796875,0.6475942999124527,0.10894239647313952,-1.9556105136871338,11.46181869506836,44.30820846557617,46.635250091552734,46.263816833496094,49.077850341796875,0.9395942326420621,0.9270188808441162,0.3141500651836395,0.775,0.0,68.20401017339879,51.29209611904176,146432.0001,0.0,-0.011180446483194828,0.30058059096336365,0.0,0.22419391572475433,0.22946862876415253,0.2336530238389969,-1.5589765310287476,-1.5489627122879028,-1.5410162210464478,0.0,1.0
147456,144,8,143.4105189338018,135.25,-0.004921080690110102,0.011257506581023336,-0.3928484581410885,0.004730411074706353,0.0416259765625,0.6967822343111039,0.18879766594618558,3.7662901878356934,15.169889450073242,50.75952911376953,44.157989501953125,46.99324035644531,47.47608184814453,0.8819825599368885,1.2037867307662964,0.688225507736206,0.75,0.075,68.08286795702116,51.26644990135831,147456.0001,0.0,-0.026214173063635826,0.29058122634887695,0.0,0.22419482469558716,0.22824352979660034,0.2325109839439392,-1.5589748620986938,-1.5512911081314087,-1.5431805849075317,0.0,1.0
148480,145,7,142.7784117354941,136.85714285714286,-0.005430062836967409,0.008959787717321888,-0.3989359065890312,0.0011666842707199975,0.0373291015625,0.6184208355844021,0.1444660042412579,4.076871871948242,12.188400268554688,46.5039176940918,44.57112503051758,42.42704772949219,46.340457916259766,0.9252198697862063,0.9480409622192383,0.42614874243736267,0.85,0.0,67.93404761831164,51.25439353991332,148480.0001,0.0,0.037775103002786636,0.3109884560108185,0.0,0.22179923951625824,0.22759075462818146,0.23187042772769928,-1.563535451889038,-1.552543044090271,-1.544395089149475,0.0,1.0
149504,146,8,151.50498973428842,144.625,-0.00475871650269255,0.00975035568117164,-0.4022450380027294,0.0040327876980882135,0.03291015625,0.639309711754322,0.11887606736272574,-2.0818986892700195,13.059042930603027,52.267234802246094,46.823673248291016,54.34913635253906,46.78396224975586,0.9222157436988068,1.119483470916748,0.3837088346481323,0.85,0.0,67.8267406834591,51.241644055526805,149504.0001,0.0,-0.0023619458079338074,0.29214558005332947,0.0,0.22131411731243134,0.22710929811000824,0.23342058062553406,-1.5644595623016357,-1.5534478425979614,-1.541456699371338,0.0,1.0
150528,147,7,156.6706173001934,136.71428571428572,-0.004149429535027593,0.007331264286767692,-0.4029495991766453,0.002908255564398132,0.0357666015625,0.6833699584007263,0.10456853942014277,2.4388527870178223,10.948304176330566,61.344478607177734,39.319366455078125,58.90562438964844,41.02149963378906,0.9224680587888897,1.3091981410980225,0.32111087441444397,0.85,0.0,67.7826436657544,51.17269911716208,150528.0001,0.0,-0.0025655184872448444,0.2816431522369385,0.0,0.22086958587169647,0.22740566730499268,0.23417717218399048,-1.565306544303894,-1.552869200706482,-1.5400233268737793,0.0,1.0
151552,148,6,141.7178377646721,127.66666666666667,-0.004389062768314034,0.005488892926950939,-0.40554383099079133,0.00423976753372699,0.0301513671875,0.5650535814464093,0.08164776768535376,2.4174857139587402,8.719911575317383,54.00988006591797,40.722991943359375,51.59239196777344,40.32625961303711,0.9541494210505739,0.916461706161499,0.23571866750717163,0.575,0.0,67.6895844325946,51.121715142792596,151552.0001,0.0,-0.0021225635427981615,0.2801665663719177,0.0,0.2176721692085266,0.22585974633693695,0.23524987697601318,-1.5714035034179688,-1.5558141469955444,-1.5379918813705444,0.0,1.0
152576,149,8,151.37854087891986,150.25,-0.003934999124612659,0.013090681983157992,-0.4142961107194424,0.00516065308911493,0.038330078125,0.6770832061767578,0.12034178646281361,1.5471594333648682,13.552449226379395,52.46926498413086,46.82899475097656,50.92211151123047,48.243690490722656,0.9162459374336683,1.0680772066116333,0.36752185225486755,0.9,0.0,67.58743465638969,51.10921734369074,152576.0001,0.0,0.03310108929872513,0.3036600947380066,0.0,0.21686026453971863,0.2245849370956421,0.23319464921951294,-1.5729529857635498,-1.5582598447799683,-1.5418847799301147,0.0,1.0
153600,150,8,142.14635460050584,138.5,-0.004930114108719863,0.0064054421556647865,-0.4214180842041969,0.003611294495931361,0.0424560546875,0.6359257146716117,0.13247708957642318,-1.6863473653793335,10.39979076385498,57.2136116027832,47.87486267089844,58.89995574951172,47.76842498779297,0.9528117204987452,0.9882264137268066,0.4356551170349121,0.8,0.0,67.51827582615876,51.09530727411322,153600.0001,0.0,0.007779672276228666,0.29861339926719666,0.0,0.21731401979923248,0.2232198566198349,0.2314351350069046,-1.5720869302749634,-1.5608586072921753,-1.5452206134796143,0.0,1.0
154624,151,6,152.8312414018972,141.83333333333334,-0.004550371458753944,0.010433771833777427,-0.4257392816245556,0.0025711387555929833,0.046044921875,0.6392324157059193,0.15514641562476755,2.4745097160339355,13.380260467529297,49.76957321166992,45.210506439208984,47.29506301879883,48.52490997314453,0.9124108351310518,1.2376571893692017,0.5483940243721008,0.8,0.025,67.40073475517386,51.078856317559804,154624.0001,0.0,0.07268359512090683,0.30257508158683777,0.0,0.21840856969356537,0.22350037097930908,0.23075485229492188,-1.5699985027313232,-1.5602902173995972,-1.546510934829712,0.0,1.0
155648,152,9,144.03886197298024,136.11111111111111,-0.004490527883172035,0.016133795317728072,-0.42439004182815554,0.0032076279749162495,0.0394287109375,0.735840018093586,0.14497036887332798,-1.8870620727539062,14.279675483703613,56.03263854980469,47.47197341918945,57.91969680786133,50.25557327270508,0.9095180204752898,1.3314839601516724,0.43991151452064514,0.925,0.0,67.3259446183297,51.06423043149066,155648.0001,0.0,0.04157036170363426,0.28977954387664795,0.0,0.21742379665374756,0.22300638258457184,0.23107026517391205,-1.5718774795532227,-1.5612422227859497,-1.5459126234054565,0.0,1.0
156672,153,8,133.81967724909475,124.625,-0.005375201581045985,0.015352101647295058,-0.4290884166955948,0.003694411767355632,0.0427978515625,0.7032726794481278,0.11592904618009925,-1.752489686012268,14.330255508422852,52.76427459716797,43.39352798461914,54.516761779785156,43.68566131591797,0.890941893803826,1.4605764150619507,0.30455073714256287,0.875,0.0,67.23077028432745,51.031331554501264,156672.0001,0.0,0.05798514187335968,0.28713005781173706,0.0,0.21491125226020813,0.22222642600536346,0.23058655858039856,-1.5766749382019043,-1.5627363920211792,-1.5468302965164185,0.0,1.0
157696,154,8,132.73994180560155,122.0,-0.005140567314811051,0.006560108670964837,-0.43167183473706244,0.0031619242319720796,0.0499267578125,0.6182271212339401,0.10085127628408372,-2.34566068649292,9.78702163696289,54.931331634521484,39.29804992675781,57.27699279785156,42.866336822509766,0.9379760982940578,1.1127173900604248,0.32964566349983215,0.725,0.0,67.15090378711236,50.97342961841888,157696.0001,0.0,0.010208424180746078,0.26107537746429443,0.0,0.21563085913658142,0.22213925421237946,0.22962045669555664,-1.5753003358840942,-1.5629080533981323,-1.54866361618042,0.0,1.0
158720,155,8,118.01369074705346,129.75,-0.006596035632537678,0.011373468715464696,-0.43162995502352713,0.00454520905186655,0.0620361328125,0.7058880113065242,0.13779846243560315,0.45384931564331055,14.421890258789062,43.22043228149414,49.23019790649414,42.76658248901367,50.323699951171875,0.9141814386673486,0.9780833125114441,0.4705342948436737,0.9,0.0,66.99651365208084,50.9983760724601,158720.0001,0.0,0.005824120715260506,0.3003157377243042,0.0,0.21579541265964508,0.2222192883491516,0.23036518692970276,-1.5749861001968384,-1.5627626180648804,-1.5472502708435059,0.0,1.0
159744,156,7,143.2516339461951,126.0,-0.004857340501621366,0.01300474766176194,-0.4324395403265953,0.004389103550056461,0.0337646484375,0.60733487829566,0.16898388443514706,6.132735252380371,12.088933944702148,44.687103271484375,33.87350845336914,38.55437088012695,38.42048645019531,0.8726333852595505,1.0097870826721191,0.5791418552398682,0.675,0.075,66.85350461920027,50.9380757834042,159744.0001,0.0,-0.005736406426876783,0.3107002377510071,0.0,0.2135743647813797,0.22173668444156647,0.23259389400482178,-1.5792295932769775,-1.5636836290359497,-1.5430234670639038,0.0,1.0
160768,157,8,139.5157654591966,136.875,-0.005168697301996872,0.010220460424898192,-0.43549309223890303,0.004002110728470143,0.0367919921875,0.6710332028567791,0.09531233999878168,3.376359701156616,11.404460906982422,53.0811767578125,39.222251892089844,49.70481872558594,37.32278823852539,0.9154556864015385,1.1242265701293945,0.2973354756832123,0.775,0.0,66.7657827974318,50.8837887984505,160768.0001,0.0,0.01670227013528347,0.29786011576652527,0.0,0.21249717473983765,0.22144167125225067,0.23274332284927368,-1.5812890529632568,-1.5642324686050415,-1.5427402257919312,0.0,1.0
161792,158,8,137.93908845370783,139.125,-0.0032934612419921903,0.00911439159535803,-0.4376730002462864,0.003369138987909537,0.0270263671875,0.632794001698494,0.12812273781746625,-0.4891349673271179,11.867254257202148,49.199493408203125,41.360870361328125,49.68863296508789,37.3444938659668,0.9176770014386204,1.0121595859527588,0.42079609632492065,0.85,0.0,66.65460375454916,50.848214019707434,161792.0001,0.0,0.03978264704346657,0.30038413405418396,0.0,0.211170956492424,0.22070308029651642,0.23343461751937866,-1.583825945854187,-1.5656613111495972,-1.541430115699768,0.0,1.0
162816,159,8,128.41166583720968,130.125,-0.005270836432464421,0.005477535305544734,-0.43875389248132707,0.00656793279631529,0.044091796875,0.6945535220205784,0.07809168985113502,-2.0265843868255615,7.90059232711792,47.30488586425781,40.663692474365234,49.33146667480469,38.78170394897461,0.9622509806140834,1.2069984674453735,0.2084711343050003,0.8,0.0,66.53290740258318,50.81357282030403,162816.0001,0.0,0.04571487382054329,0.31372711062431335,0.0,0.2118990421295166,0.22157378494739532,0.23427052795886993,-1.5824329853057861,-1.564008116722107,-1.539846420288086,0.0,1.0
163840,160,8,142.55280026033498,130.5,-0.004333578556543216,0.008842598914634436,-0.4350527234375477,0.002744030219037086,0.0278564453125,0.5794601134955883,0.14875670075416564,4.548444747924805,12.004339218139648,53.032691955566406,41.86757278442383,48.48424530029297,45.9892463684082,0.9177907174746948,1.1911685466766357,0.5801978707313538,0.725,0.025,66.44853105626035,50.77370508865503,163840.0001,0.0,0.019327795132994652,0.30219507217407227,0.0,0.20960749685764313,0.22110415995121002,0.2346382439136505,-1.5868184566497803,-1.5649166107177734,-1.5391499996185303,0.0,1.0
164864,161,7,138.45421699425512,130.14285714285714,-0.004760913294740021,0.0041630509163951505,-0.4416837185621262,0.004372983585926704,0.04580078125,0.6064841404557229,0.06212430517189205,0.5722867250442505,7.769262790679932,53.80015563964844,40.654937744140625,53.22787094116211,39.89663314819336,0.9634798126853187,0.9068781733512878,0.15567444264888763,0.65,0.0,66.36996972627553,50.72682117203481,164864.0001,0.0,-0.00022191677999217063,0.280693918466568,0.0,0.20623482763767242,0.21970196068286896,0.23315222561359406,-1.59328031539917,-1.5675841569900513,-1.5419652462005615,0.0,1.0
165888,162,8,136.80741659685032,130.625,-0.004514067119453102,0.006161508243530988,-0.4463386505842209,0.0044972292525926605,0.0426513671875,0.6382583819329739,0.07230676487088203,2.163034200668335,7.853509902954102,56.927616119384766,44.7203254699707,54.764583587646484,43.8223991394043,0.9691597680957122,1.0461148023605347,0.2027072310447693,0.725,0.0,66.31168359729318,50.69732183180857,165888.0001,0.0,-0.009369168430566788,0.2931954860687256,0.0,0.20546849071979523,0.21975551545619965,0.23199056088924408,-1.594749927520752,-1.5674742460250854,-1.5441672801971436,0.0,1.0
166912,163,7,131.58759455026527,132.14285714285714,-0.0050555549561977385,0.0077432122197933495,-0.4462206207215786,0.0074201114490279,0.04990234375,0.6766337975859642,0.09748962088488042,-0.9224749803543091,10.86923885345459,50.45611572265625,41.65347671508789,51.37858963012695,42.39947509765625,0.9319080523060022,1.2608869075775146,0.3926091492176056,0.85,0.0,66.21441016729746,50.66189238143212,166912.0001,0.0,0.0211417805403471,0.3025493919849396,0.0,0.2065417617559433,0.21945343911647797,0.23148997128009796,-1.5926918983459473,-1.5680536031723022,-1.5451165437698364,0.0,1.0
167936,164,8,136.21050387031096,130.125,-0.004094512702431529,0.0052939558343496175,-0.4496890135109425,0.004883018204418476,0.0426513671875,0.5779937073588371,0.09521086998283863,0.7753203511238098,8.850183486938477,58.927772521972656,45.181461334228516,58.15244674682617,43.9741096496582,0.9616306932773474,0.9429464340209961,0.2912445068359375,0.675,0.0,66.16997943957082,50.633450348509335,167936.0001,0.0,0.06920327991247177,0.30913999676704407,0.0,0.2068246752023697,0.21848247945308685,0.22957369685173035,-1.5921496152877808,-1.5698904991149902,-1.5487524271011353,0.0,1.0
168960,165,8,153.68016586498015,135.875,-0.005116508691571653,0.007083290681475773,-0.45317116677761077,0.004083507903851568,0.042724609375,0.6706216789782047,0.12941549988463522,2.2553367614746094,10.45097827911377,57.39246368408203,42.78636932373047,55.13713073730469,46.3138542175293,0.9403372745755194,1.2993409633636475,0.4392741322517395,0.875,0.0,66.11678238219548,50.59414526734752,168960.0001,0.0,0.032910268753767014,0.29562342166900635,0.0,0.20420199632644653,0.21857987344264984,0.2304621934890747,-1.5971795320510864,-1.5697379112243652,-1.5470662117004395,0.0,1.0
169984,166,9,139.58581510345854,129.33333333333334,-0.0034330449823755773,0.00781545154750347,-0.45255381166934966,0.0051908276785979975,0.0440673828125,0.5984150931239128,0.12090283916331827,-1.622540831565857,11.218594551086426,51.71391677856445,43.23243713378906,53.336456298828125,42.314353942871094,0.9326624217924304,1.0571564435958862,0.30477800965309143,0.625,0.0,66.03001812527025,50.56529119145517,169984.0001,0.0,0.03394617140293121,0.29869741201400757,0.0,0.2044166624546051,0.2184303253889084,0.22976098954677582,-1.5967676639556885,-1.569992184638977,-1.5483969449996948,0.0,1.0
171008,167,7,163.49109599400563,135.14285714285714,-0.004096900374861434,0.009848958224756644,-0.4521640412509441,0.0047215653190505694,0.036279296875,0.6753280155360699,0.18417153591290117,4.084907531738281,13.900253295898438,57.16094207763672,42.15232467651367,53.07603073120117,44.079261779785156,0.8912567459609497,0.9904090762138367,0.5664424896240234,0.875,0.075,65.97690988089845,50.5237175446716,171008.0001,0.0,0.021772019565105438,0.2780725359916687,0.0,0.2067316770553589,0.21883763372898102,0.2279767394065857,-1.5923278331756592,-1.5691975355148315,-1.551784873008728,0.0,1.0
172032,168,6,152.05058723396556,143.5,-0.005653621489182114,0.00607444541528821,-0.451399902254343,0.0061144423045334404,0.0551513671875,0.6327411934733391,0.10047099385410548,2.452958106994629,9.532724380493164,54.73283004760742,47.27401351928711,52.27987289428711,49.13298034667969,0.959337964991107,0.9799456000328064,0.36885884404182434,0.75,0.0,65.90998083944086,50.512398116790166,172032.0001,0.0,0.0005623319302685559,0.2987610995769501,0.0,0.2086714655160904,0.2185121327638626,0.22666315734386444,-1.5886108875274658,-1.569808840751648,-1.5542807579040527,0.0,1.0
173056,169,8,152.6263115805806,141.875,-0.005553457722999156,0.0031571126251947134,-0.4515426069498062,0.006302341519040055,0.06044921875,0.6946015484631062,0.08449905286543072,-0.11015287041664124,7.362046241760254,62.3050651550293,43.37368392944336,62.41522216796875,41.5017204284668,0.9711899220383178,1.336016058921814,0.28658241033554077,0.825,0.0,65.88864998854083,50.47388404866538,173056.0001,0.0,0.03050590492784977,0.3007245361804962,0.0,0.21132098138332367,0.2191569209098816,0.22611598670482635,-1.5835388898849487,-1.5685850381851196,-1.5553208589553833,0.0,1.0
174080,170,6,140.93555403271918,131.16666666666666,-0.004602905502542854,0.006508813123218715,-0.44924378842115403,0.0016826035483973102,0.044189453125,0.6799670048058033,0.08427146039903163,0.8860598206520081,9.960691452026367,64.06265258789062,44.507503509521484,63.17658233642578,40.93842315673828,0.9499144406232661,1.1524403095245361,0.27664828300476074,0.875,0.0,65.87790879810468,50.441044467596775,174080.0001,0.0,0.03901185467839241,0.30784890055656433,0.0,0.2109004706144333,0.2188565582036972,0.22438549995422363,-1.5843435525894165,-1.5691488981246948,-1.5586121082305908,0.0,1.0
175104,171,8,152.80445746445295,147.875,-0.002874021406751126,0.008322896636673249,-0.4528954602777958,0.0026990277008735577,0.028857421875,0.581374553591013,0.14930189549922943,-4.093912124633789,12.650467872619629,52.274742126464844,46.937744140625,56.36865234375,44.867408752441406,0.9273611924375362,0.9384694695472717,0.5261775255203247,0.575,0.025,65.79835810368999,50.431932023694934,175104.0001,0.0,0.060541123151779175,0.31324541568756104,0.0,0.21110709011554718,0.21785444021224976,0.2235337644815445,-1.5839481353759766,-1.571071743965149,-1.5602328777313232,0.0,1.0
176128,172,7,122.41979675888989,124.14285714285714,-0.0035572489548940213,0.005646446559694596,-0.4595202162861824,0.0041581842102459635,0.0410888671875,0.5775015614926815,0.1180499391630292,-2.3425934314727783,9.822145462036133,70.83760070800781,47.15254211425781,73.1801986694336,46.79856491088867,0.9566087179139351,0.9555215239524841,0.3877388834953308,0.575,0.0,65.82765606107277,50.41493807964636,176128.0001,0.0,0.07081138342618942,0.29227402806282043,0.0,0.21080119907855988,0.2167983502149582,0.2219424694776535,-1.584533452987671,-1.5730730295181274,-1.5632625818252563,0.0,1.0
177152,173,7,156.20975289251803,147.42857142857142,-0.0038880627253092825,0.005743273720145226,-0.4654069490730762,0.003791378272580914,0.0303955078125,0.6445450752973556,0.08351580859161914,-2.294025421142578,8.928892135620117,53.55397033691406,45.34147644042969,55.84799575805664,44.87137985229492,0.9612203619078206,1.2966535091400146,0.2564142048358917,0.775,0.0,65.7567099011079,50.39566978694712,177152.0001,0.0,0.028515169396996498,0.2953265607357025,0.0,0.21000687777996063,0.2156497985124588,0.2193303257226944,-1.5860538482666016,-1.5752912759780884,-1.5682406425476074,0.0,1.0
178176,174,9,142.3413034890981,138.77777777777777,-0.006560840748716146,0.005447022957378067,-0.47160445228219033,0.0039549414490466,0.05458984375,0.6747781597077847,0.09143647537566721,-1.2189412117004395,9.493167877197266,55.76079559326172,44.76244354248047,56.979736328125,47.11420822143555,0.955022549529509,1.2870707511901855,0.2773984968662262,0.85,0.0,65.6992621229596,50.37076279101176,178176.0001,0.0,0.012565567158162594,0.2878640592098236,0.0,0.20911110937595367,0.2148181051015854,0.21803602576255798,-1.5877689123153687,-1.5768675804138184,-1.570709228515625,0.0,1.0
179200,175,7,149.85728868585724,144.57142857142858,-0.0037963658221997322,0.00577932117448654,-0.4751324273645878,0.0019321662839502096,0.03310546875,0.6449286796152591,0.11630408735945821,3.5763509273529053,8.59273910522461,55.335025787353516,51.9560546875,51.75867462158203,54.43220901489258,0.9726478889282655,1.2502208948135376,0.3314899206161499,0.7,0.0,65.6400379166924,50.38601998131596,179200.0001,0.0,0.04238895699381828,0.3055781126022339,0.0,0.2097449153661728,0.21411727368831635,0.21719780564308167,-1.5865553617477417,-1.5781874656677246,-1.5723087787628174,0.0,1.0
180224,176,7,131.19715166948026,141.57142857142858,-0.005549412436084822,0.01211006405064836,-0.4799528390169144,0.005172582487284671,0.0505615234375,0.6504600055515766,0.14881821908056736,-6.304567813873291,14.199365615844727,55.826393127441406,48.29020309448242,62.13096237182617,43.659732818603516,0.9135390943419236,1.1227591037750244,0.4926210045814514,0.8,0.0,65.58427858019927,50.3797584450407,180224.0001,0.0,0.015080601908266544,0.30669763684272766,0.0,0.20921744406223297,0.21330386400222778,0.21770079433918,-1.587565302848816,-1.5797384977340698,-1.5713489055633545,0.0,1.0
181248,177,6,143.85898134336597,133.0,-0.004499255330301821,0.00554234046721831,-0.4845851056277752,0.00431554620154202,0.038671875,0.611014799028635,0.11108776880428195,-0.30496352910995483,9.854098320007324,50.005157470703125,46.04340362548828,50.31011962890625,49.3633918762207,0.9541964730768379,1.1610760688781738,0.32453271746635437,0.725,0.0,65.49626092686306,50.36984478432498,181248.0001,0.0,0.023062461987137794,0.30168020725250244,0.0,0.20873740315437317,0.21248219907283783,0.21677209436893463,-1.5884846448898315,-1.58133065700531,-1.5731213092803955,0.0,1.0
182272,178,7,139.05688749322968,144.57142857142858,-0.003981755953282118,0.00312352322798688,-0.4882004402577877,0.0028715979933622293,0.03251953125,0.6957284793257713,0.06618109713308513,-3.5504870414733887,5.176406383514404,47.38401794433594,44.68143844604492,50.93450927734375,46.44102096557617,0.9865784545269478,1.1619408130645752,0.19978614151477814,0.85,0.0,65.39450676033681,50.35788238892554,182272.0001,0.0,0.019344046711921692,0.31847473978996277,0.0,0.20715129375457764,0.21218369901180267,0.21706849336624146,-1.59152352809906,-1.581893801689148,-1.5725555419921875,0.0,1.0
183296,179,8,133.27697843206613,141.125,-0.0055878478597151116,0.005685003317194059,-0.48982052206993104,0.004550199824734591,0.0601806640625,0.6854444287717343,0.0764793485403061,-1.2503468990325928,8.12956714630127,49.098358154296875,47.05552291870117,50.34870529174805,48.79673385620117,0.9701521096158034,1.2950446605682373,0.21367719769477844,0.875,0.0,65.30346681977414,50.354686542757044,183296.0001,0.0,0.03770778700709343,0.30127185583114624,0.0,0.20664700865745544,0.21170036494731903,0.21677444875240326,-1.5924901962280273,-1.5828126668930054,-1.5731167793273926,0.0,1.0
184320,180,7,149.2138334477588,134.28571428571428,-0.004502031055744737,0.007322221400681883,-0.4910122223198414,0.004730742343235761,0.0239501953125,0.6095979988574982,0.11357287904247641,6.893115997314453,8.956904411315918,55.210758209228516,42.40129470825195,48.31764221191406,42.31493377685547,0.9553771111388075,0.9595825672149658,0.40252217650413513,0.7,0.0,65.24739621392007,50.31956623659319,184320.0001,0.0,0.05156727135181427,0.29759156703948975,0.0,0.20808537304401398,0.21216465532779694,0.2172291874885559,-1.5897337198257446,-1.5819162130355835,-1.572248935699463,0.0,1.0
185344,181,9,153.6767493554394,142.44444444444446,-0.003443411628541071,0.007526706176577136,-0.4882463276386261,0.002057125356805045,0.0281982421875,0.6312608897686005,0.08870759722776711,-0.6487674117088318,10.604162216186523,57.64191818237305,45.69516372680664,58.290687561035156,45.19584655761719,0.9461467054668866,1.265907645225525,0.21969054639339447,0.725,0.0,65.20537700641832,50.29834449215344,185344.0001,0.0,0.046787064522504807,0.29619401693344116,0.0,0.20661680400371552,0.21202553808689117,0.2187897115945816,-1.592548131942749,-1.5821967124938965,-1.5692715644836426,0.0,1.0
186368,182,6,141.35305628852538,132.66666666666666,-0.0043323315680027005,0.005066710611572489,-0.4894523203372955,0.0017164151155157014,0.03388671875,0.6539020344614983,0.11114284507930279,2.253326416015625,9.63078784942627,59.59436798095703,44.07306671142578,57.341041564941406,45.4631233215332,0.9522495800442573,1.0158623456954956,0.43089649081230164,0.8,0.0,65.17454728278817,50.26795734358734,186368.0001,0.0,0.03187527135014534,0.28150463104248047,0.0,0.20614849030971527,0.21231456100940704,0.21889173984527588,-1.593445897102356,-1.581663727760315,-1.5690770149230957,0.0,1.0
187392,183,8,152.19613391312396,155.125,-0.004268374614184722,0.004110474887420423,-0.4852903351187706,0.005322478758171201,0.0466796875,0.712063580006361,0.09745927401818336,-1.2605117559432983,7.912503242492676,42.80674362182617,42.18109893798828,44.067256927490234,38.647579193115234,0.9648122111839345,1.1073850393295288,0.27841809391975403,0.9,0.0,65.05231885466992,50.25436507244624,187392.0001,0.0,0.049125779420137405,0.3082025349140167,0.0,0.20600949227809906,0.2134542316198349,0.22185614705085754,-1.5937124490737915,-1.5794867277145386,-1.5634269714355469,0.0,1.0
188416,184,7,143.61600971811183,145.71428571428572,-0.005527329118922353,0.002912850634311326,-0.47984258085489273,0.003382643865188584,0.052001953125,0.7256873041391373,0.1116997786797583,3.245784282684326,6.356699466705322,43.37614440917969,45.178836822509766,40.13035583496094,46.81401824951172,0.9802032772991414,1.2469252347946167,0.3330153524875641,0.85,0.0,64.93451353736201,50.253442004378975,188416.0001,0.0,0.056856006383895874,0.32880061864852905,0.0,0.20527704060077667,0.21386082470417023,0.2222059667110443,-1.5951170921325684,-1.5787161588668823,-1.562760829925537,0.0,1.0
189440,185,4,151.98651586250224,150.75,-0.004760846251156181,0.004614775304798968,-0.48138187900185586,0.003648795548360795,0.0309326171875,0.7033232487738132,0.08166904905810952,3.316141128540039,7.7454142570495605,48.95897674560547,45.38838577270508,45.64282989501953,46.24644470214844,0.9708794355718988,1.2697030305862427,0.3037186563014984,0.85,0.0,64.84815927090327,50.242067854769346,189440.0001,0.0,0.06389810889959335,0.31159186363220215,0.0,0.20396800339221954,0.21289847791194916,0.2192147672176361,-1.5976285934448242,-1.5805193185806274,-1.5684609413146973,0.0,1.0
190464,186,9,145.21518451485068,144.88888888888889,-0.004205475118942559,0.0075356396497227255,-0.4849834628403187,0.003861701345886104,0.0317626953125,0.738129036128521,0.12633929550647735,-3.1433353424072266,11.73711109161377,61.508819580078125,51.19094467163086,64.65216064453125,50.36820602416992,0.9474302308998201,1.2292808294296265,0.3579317033290863,0.85,0.0,64.83020584081012,50.247810617269444,190464.0001,0.0,0.09047047048807144,0.31309500336647034,0.0,0.20397043228149414,0.21313287317752838,0.21995288133621216,-1.5976238250732422,-1.5801035165786743,-1.5670536756515503,0.0,1.0
191488,187,7,161.3837470604667,144.57142857142858,-0.005562910082517192,0.003732692974153906,-0.47967397421598434,0.0076177495662705045,0.0490966796875,0.6351434864103794,0.05971195409074426,3.0000531673431396,6.086293697357178,71.50955200195312,46.38731384277344,68.50949096679688,45.1953010559082,0.9827849816719152,1.100602626800537,0.18514662981033325,0.775,0.0,64.86592426769718,50.23031752073041,191488.0001,0.0,0.06595834344625473,0.29707449674606323,0.0,0.20356418192386627,0.21462343633174896,0.2218376249074936,-1.5984035730361938,-1.5772525072097778,-1.563462257385254,0.0,1.0
192512,188,8,158.93790103308157,150.0,-0.0049943955207709225,0.011787540413206444,-0.4754373230040073,0.003997468088346068,0.0579345703125,0.6295281440019608,0.11657630456611515,0.08996987342834473,14.63587760925293,59.664337158203125,46.51334762573242,59.574363708496094,44.43941879272461,0.9009892471329256,1.2177865505218506,0.32655856013298035,0.85,0.0,64.83825624111476,50.21269978982586,192512.0001,0.0,0.02737770415842533,0.29234886169433594,0.0,0.2013757824897766,0.21403783559799194,0.22310952842235565,-1.6026057004928589,-1.578356385231018,-1.5610404014587402,0.0,1.0
193536,189,6,147.1801214366985,144.0,-0.004047843179432675,0.0055593939236132425,-0.47711490765213965,0.004872396361315623,0.0519287109375,0.6531150840222836,0.13859080346301197,2.574124336242676,11.335558891296387,58.79002380371094,51.326271057128906,56.21589660644531,51.382530212402344,0.9512239799611751,1.0859657526016235,0.370139479637146,0.725,0.0,64.80625499564056,50.22057354763992,193536.0001,0.0,0.04596056416630745,0.3151595890522003,0.0,0.2027551680803299,0.2147923707962036,0.22573168575763702,-1.5999565124511719,-1.5769296884536743,-1.5560516119003296,0.0,1.0
194560,190,6,155.09540012377283,144.83333333333334,-0.007703445106744766,0.011266324785538018,-0.4713975042104721,0.006170614708389621,0.0722900390625,0.7289772763848305,0.17577597312629223,-3.6664175987243652,15.650835990905762,57.03520965576172,48.575233459472656,60.701629638671875,46.91596603393555,0.896188531259006,1.1960952281951904,0.4346383213996887,0.925,0.0,64.76535478351772,50.215203170163726,194560.0001,0.0,0.057866182178258896,0.31216999888420105,0.0,0.20245960354804993,0.21560610830783844,0.22912715375423431,-1.6005240678787231,-1.5753871202468872,-1.5496001243591309,0.0,1.0
195584,191,8,143.28088670841439,144.5,-0.0035490958020091058,0.0039176105754449965,-0.4675453148782253,0.0033467088476754727,0.036669921875,0.5765557728707791,0.08389608007855713,-3.177363872528076,6.414059162139893,64.27584838867188,49.16931915283203,67.45321655273438,47.226356506347656,0.9829832161651103,1.133623719215393,0.23690161108970642,0.625,0.0,64.76279191197361,50.209796502800444,195584.0001,0.0,0.07232463359832764,0.29765889048576355,0.0,0.20168136060237885,0.21622735261917114,0.2291676104068756,-1.6020187139511108,-1.574208378791809,-1.5495233535766602,0.0,1.0
196608,192,8,151.8253416707189,144.5,-0.0060401771101169285,0.013971614284673705,-0.4707429654896259,0.00574349303933559,0.0531494140625,0.6920087292790413,0.3019771710038185,-5.394567012786865,18.218826293945312,53.95291519165039,52.467403411865234,59.34748077392578,57.57936477661133,0.8794237893557832,1.0160871744155884,1.0000673532485962,0.925,0.125,64.7064904654949,50.22784508702011,196608.0001,0.0,0.041529733687639236,0.3167286217212677,0.0,0.1993788778781891,0.21402351558208466,0.2277067005634308,-1.6064434051513672,-1.57844078540802,-1.552297830581665,0.0,1.0
197632,193,7,140.77503900338326,141.85714285714286,-0.005957425746601075,0.008436545223230497,-0.48312751203775406,0.0044320404893369416,0.0484619140625,0.6270235106348991,0.17637834483757614,-2.0353150367736816,13.749001502990723,54.392601013183594,46.3719482421875,56.427913665771484,50.99528121948242,0.9120913431164075,1.003751277923584,0.6093299388885498,0.8,0.05,64.65305061920262,50.21408961943141,197632.0001,0.0,0.08024126291275024,0.31018608808517456,0.0,0.1988440454006195,0.2124842256307602,0.22665522992610931,-1.6074717044830322,-1.5813571214675903,-1.5542958974838257,0.0,1.0
198656,194,7,142.80851832704414,144.71428571428572,-0.004220504412660375,0.008217609248822555,-0.49029710814356803,0.002206375119567383,0.034912109375,0.6781344003975391,0.11584279704838991,0.9342571496963501,11.320771217346191,52.91714096069336,46.861595153808594,51.982887268066406,48.64788818359375,0.9416396569248506,1.2309761047363281,0.4344700276851654,0.8,0.0,64.59255624947436,50.20441751632631,198656.0001,0.0,0.05801098048686981,0.2990925908088684,0.0,0.19682615995407104,0.21143220365047455,0.22640961408615112,-1.6113535165786743,-1.5833706855773926,-1.5547627210617065,0.0,1.0
199680,195,8,138.70484613322805,144.875,-0.0037177025922574105,0.009828426194144414,-0.492682571709156,0.0037990445183822886,0.0290771484375,0.6313211366534233,0.14172037639655172,-1.321897029876709,12.54158878326416,46.45508575439453,49.38692092895508,47.77698516845703,50.91719055175781,0.9355116643390852,0.9868363738059998,0.5056265592575073,0.725,0.025,64.49954358594572,50.21697308419732,199680.0001,0.0,0.05219529569149017,0.29785820841789246,0.0,0.1972683221101761,0.21192194521427155,0.22652465105056763,-1.6105027198791504,-1.58242666721344,-1.5545440912246704,0.0,1.0
200704,196,6,151.80217404613074,138.16666666666666,-0.00680579636245966,0.006515300582395867,-0.4911860801279545,0.00506212239706656,0.0494873046875,0.6773166641592979,0.15815625386312604,2.367839813232422,10.399368286132812,47.58711624145508,44.229408264160156,45.219276428222656,49.14116287231445,0.9447169861999835,1.1303867101669312,0.5694291591644287,0.8,0.025,64.41325569767227,50.202699664964314,200704.0001,0.0,0.07519099116325378,0.3082782030105591,0.0,0.1958870142698288,0.21126101911067963,0.22629377245903015,-1.6131612062454224,-1.583730697631836,-1.5549829006195068,0.0,1.0
201728,197,8,156.45891463179998,151.75,-0.0053115758346393704,0.006218856468331068,-0.495939114689827,0.005604506492090877,0.047265625,0.645685987919569,0.14655447453260423,2.9355409145355225,9.885122299194336,43.611576080322266,42.58681106567383,40.67603302001953,45.85350036621094,0.9461217062177618,1.0295768976211548,0.5122475624084473,0.85,0.025,64.30766341993673,50.1887359918929,201728.0001,0.0,0.07348921149969101,0.32023194432258606,0.0,0.19387389719486237,0.21090583503246307,0.22659900784492493,-1.617038369178772,-1.5844135284423828,-1.5544027090072632,0.0,1.0
202752,198,7,125.02557873992949,138.14285714285714,-0.00555415244307369,0.006588849722174927,-0.4943448454141617,0.003691839741077274,0.0502685546875,0.6280572026968002,0.10589808416552841,-0.7294564843177795,10.053742408752441,44.469505310058594,40.984764099121094,45.1989631652832,39.228660583496094,0.9398257665117403,1.0827736854553223,0.298176646232605,0.7,0.0,64.20747070648572,50.16621022091201,202752.0001,0.0,0.059357937425374985,0.3112644851207733,0.0,0.1929905265569687,0.21159614622592926,0.22748053073883057,-1.6187405586242676,-1.5830750465393066,-1.552727460861206,0.0,1.0
203776,199,9,136.95090719329258,125.0,-0.0034393475623801352,0.00412315309222322,-0.4869226075708866,0.0043323553079972045,0.03017578125,0.6316566199064255,0.07824291498400271,-0.3905230164527893,7.670785427093506,55.39767074584961,42.115318298339844,55.78819274902344,43.42631912231445,0.9668258769983706,0.9990646839141846,0.23238453269004822,0.8,0.0,64.16320034066804,50.13285640901615,203776.0001,0.0,0.025805041193962097,0.2938312590122223,0.0,0.19419895112514496,0.21367280185222626,0.22899872064590454,-1.6164121627807617,-1.579139232635498,-1.5498440265655518,0.0,1.0
204800,200,5,123.05377995391169,139.6,-0.00426328822504729,0.00513114467903506,-0.47964799851179124,0.005103303972282447,0.050341796875,0.7435074619948864,0.07962215072475373,0.07155710458755493,8.99818229675293,48.823387145996094,42.483055114746094,48.7518310546875,42.1693115234375,0.9551380527578179,1.3270186185836792,0.18658848106861115,0.925,0.0,64.08650128329244,50.10919567637542,204800.0001,0.0,0.0532994270324707,0.2953025996685028,0.0,0.19458869099617004,0.21356560289859772,0.22858723998069763,-1.615661382675171,-1.5793286561965942,-1.5506253242492676,0.0,1.0
