total_env_steps,update,completed_episodes,completed_episode_return_mean,completed_episode_length_mean,actor_policy_loss,critic_loss,entropy,approx_kl,clip_fraction,actor_grad_norm,critic_grad_norm,advantage_raw_mean,advantage_raw_std,value_target_mean,value_target_std,value_prediction_mean_pre,value_prediction_std_pre,explained_variance_pre,actor_grad_norm_max,critic_grad_norm_max,actor_grad_clip_fraction,critic_grad_clip_fraction,value_normalizer_mean,value_normalizer_std,value_normalizer_count,hard_speed_accel_violations,action_mean,action_std,action_saturation_ratio,raw_log_std_min,raw_log_std_mean,raw_log_std_max,clamped_log_std_min,clamped_log_std_mean,clamped_log_std_max,raw_log_std_gt_max_ratio,finite
1024,1,5,124.65272024242786,109.0,-0.004593565635150299,0.3661417130380869,-0.2444099172949791,0.0032071624693344345,0.0302490234375,0.4713837280869484,0.4496357120573521,29.516338348388672,17.157285690307617,29.38507080078125,17.155208587646484,-0.13126736879348755,0.12368156015872955,-0.0002419902566526133,0.7911756038665771,0.65934818983078,0.4,0.2,29.385066922952742,17.1552110066405,1024.0001,0.0,-0.05921660736203194,0.2256142795085907,0.0,0.2540804147720337,0.2551053762435913,0.2557397186756134,-1.5024991035461426,-1.5005923509597778,-1.4993870258331299,0.0,1.0
2048,2,5,143.80817828871986,139.6,-0.004385901766363531,0.2021894714795053,-0.24435122013092042,0.004088235192466527,0.0286376953125,0.5231704957783222,0.8935926254838705,23.229360580444336,20.286033630371094,50.03812789916992,23.598817825317383,26.808765411376953,8.250609397888184,0.26105227888728877,1.07505202293396,2.3546721935272217,0.55,0.575,39.711595817770956,23.07032604965245,2048.0001,0.0,-0.06220034882426262,0.2299697995185852,0.0,0.2530028522014618,0.25551268458366394,0.2579406201839447,-1.504521369934082,-1.4998244047164917,-1.4952633380889893,0.0,1.0
3072,3,6,159.67235728983678,152.83333333333334,-0.00491071401629597,0.06719988607801497,-0.2406664937734604,0.005778943649784196,0.049658203125,0.5497128736227751,0.5321102960035204,12.887807846069336,19.764829635620117,55.205543518066406,34.43009567260742,42.3177375793457,17.958099365234375,0.6704588737170504,1.2573682069778442,1.698698878288269,0.575,0.3,44.87624539577575,28.342859800292125,3072.0001,0.0,-0.060368750244379044,0.22293367981910706,0.0,0.25423112511634827,0.2563725411891937,0.2582085430622101,-1.5022163391113281,-1.4981881380081177,-1.4947617053985596,0.0,1.0
4096,4,8,165.82980280136812,140.375,-0.0034424027195200323,0.01560471507254988,-0.2386057861149311,0.003501677076565102,0.024365234375,0.5390540160238743,0.2299770754761994,10.73227310180664,9.034165382385254,76.66268920898438,45.8016471862793,65.93042755126953,40.164512634277344,0.9610942446637791,0.9039884805679321,0.7774818539619446,0.575,0.1,52.822857770651545,36.28197913077674,4096.0001,0.0,-0.0535736083984375,0.22531838715076447,0.0,0.25362399220466614,0.25575676560401917,0.25999778509140015,-1.5033555030822754,-1.4993720054626465,-1.4914131164550781,0.0,1.0
5120,5,8,160.9249607262378,134.125,-0.004363987967371941,0.027281584730371834,-0.2402602441608906,0.0051776290783891454,0.0515625,0.5240810111165046,0.1866656830534339,3.008960723876953,13.752509117126465,75.64505004882812,42.96540832519531,72.63609313964844,38.24593734741211,0.8975466881995342,1.095252513885498,0.49749162793159485,0.45,0.0,57.38729692666637,38.802670890523835,5120.0001,0.0,-0.05747123062610626,0.22792494297027588,0.0,0.2541000545024872,0.256422758102417,0.2606252431869507,-1.5024622678756714,-1.4981306791305542,-1.4902395009994507,0.0,1.0
6144,6,8,158.54582719131974,150.75,-0.0038594223908148704,0.022291917982511223,-0.23733794689178467,0.006063821478164755,0.0389404296875,0.5709269024431706,0.14989156350493432,3.9866089820861816,14.873392105102539,73.05512237548828,61.15523910522461,69.06851196289062,52.26107406616211,0.940850280426352,1.057555079460144,0.38544824719429016,0.55,0.0,59.998601514850215,43.7278840805273,6144.0001,0.0,-0.04295206069946289,0.22636671364307404,0.0,0.25238335132598877,0.2563225328922272,0.2610149681568146,-1.505684494972229,-1.4983168840408325,-1.4895107746124268,0.0,1.0
7168,7,6,179.3075400379678,143.0,-0.004164409346412867,0.02524742316454649,-0.23553537353873252,0.003731615681317635,0.025830078125,0.5049383647739887,0.2257373987697065,-0.6721939444541931,16.107011795043945,86.6885986328125,53.19992446899414,87.36079406738281,52.97894287109375,0.9083340761567796,0.9210878610610962,0.7447984218597412,0.475,0.1,63.811458505386696,46.157478758648,7168.0001,0.0,-0.04991592839360237,0.22314639389514923,0.0,0.25427061319351196,0.2573489248752594,0.26236411929130554,-1.5021421909332275,-1.4963663816452026,-1.486989140510559,0.0,1.0
8192,8,4,183.69358697433034,188.25,-0.004863543575629592,0.012167230038903654,-0.23141867220401763,0.0033478736557299273,0.0575927734375,0.5437700387090445,0.1407960969954729,2.501260280609131,12.351349830627441,98.03961181640625,57.740421295166016,95.53834533691406,50.84490203857422,0.9542418022740761,1.1625598669052124,0.33932724595069885,0.45,0.0,68.08997711514057,49.082413785489614,8192.000100000001,0.0,-0.026795046404004097,0.227196604013443,0.0,0.2533624768257141,0.2574869394302368,0.2624889612197876,-1.5038464069366455,-1.4961222410202026,-1.4867558479309082,0.0,1.0
9216,9,8,178.53683944716488,171.0,-0.004835733247455209,0.03613758666906506,-0.23091257140040397,0.00654074422782287,0.03935546875,0.5882885500788688,0.2954314071685076,-5.683600425720215,24.090471267700195,106.16818237304688,62.31827163696289,111.85179138183594,45.785518646240234,0.85056243751389,0.8916524052619934,0.9241875410079956,0.725,0.175,72.32088948777887,52.11640654330092,9216.000100000001,0.0,-0.025020817294716835,0.22755645215511322,0.0,0.25332778692245483,0.2578873932361603,0.26413753628730774,-1.5039114952087402,-1.4953967332839966,-1.4836771488189697,0.0,1.0
10240,10,7,178.01836765111224,150.57142857142858,-0.0033258852548897267,0.044022398581728336,-0.22836498245596887,0.003255948828882538,0.02822265625,0.5020297855138779,0.35670143123716114,-6.2166829109191895,24.39665985107422,115.28567504882812,67.22720336914062,121.50236511230469,59.64033126831055,0.8683045658000523,0.7906442880630493,1.127253770828247,0.475,0.175,76.61736803796818,55.34071816123166,10240.000100000001,0.0,-0.013430360704660416,0.2262694090604782,0.0,0.2534070312976837,0.2582795321941376,0.266933798789978,-1.5037627220153809,-1.494659423828125,-1.4784611463546753,0.0,1.0
11264,11,7,177.49203179267428,152.14285714285714,-0.005973699223250151,0.040537731652148065,-0.2272708982229233,0.006158425225294195,0.06513671875,0.6039031811058522,0.2900843139737844,-11.03891658782959,22.708271026611328,100.7166976928711,61.393653869628906,111.755615234375,55.911720275878906,0.8631889318075943,1.108742356300354,0.8698152303695679,0.675,0.125,78.80821637211922,56.34561457599505,11264.000100000001,0.0,-0.017354339361190796,0.2311071902513504,0.0,0.2513197958469391,0.25814297795295715,0.2681402564048767,-1.507682204246521,-1.4948978424072266,-1.476212978363037,0.0,1.0
12288,12,7,157.1363936812369,148.57142857142858,-0.006220714119262993,0.020682182419113813,-0.226549232006073,0.007092109510267619,0.03671875,0.5474569112062454,0.2200975250452757,-10.094252586364746,17.654888153076172,84.01373291015625,55.338539123535156,94.10798645019531,50.32430648803711,0.8982171563565675,0.8677533864974976,0.6553767323493958,0.625,0.1,79.24200954175392,56.280772407141626,12288.000100000001,0.0,-0.007431631907820702,0.22417379915714264,0.0,0.25146737694740295,0.25886428356170654,0.2687973082065582,-1.5074049234390259,-1.4935784339904785,-1.4749891757965088,0.0,1.0
13312,13,6,169.75199054727582,143.5,-0.0046461329271551225,0.013241236563771963,-0.2216740630567074,0.0032570860450505277,0.04833984375,0.5468017999082804,0.18971891943365335,-6.283315658569336,14.654120445251465,84.2812728881836,58.52304458618164,90.56459045410156,63.360939025878906,0.9373002648822383,1.0081061124801636,0.7071044445037842,0.65,0.075,79.62964516249933,56.472383711510126,13312.000100000001,0.0,-0.0018091574311256409,0.22785259783267975,0.0,0.2517651617527008,0.25952303409576416,0.2702369689941406,-1.5068455934524536,-1.492317795753479,-1.4723093509674072,0.0,1.0
14336,14,8,165.81525103547278,143.5,-0.004821909195743501,0.014746489666868002,-0.22352729849517344,0.004052462735853623,0.0389892578125,0.5498822286725045,0.1817370225675404,-5.6206583976745605,14.017993927001953,93.41716003417969,60.33089828491211,99.03782653808594,59.67081069946289,0.9460126266230545,0.9701142311096191,0.4862287640571594,0.6,0.0,80.614467995261,56.867657155160714,14336.000100000001,0.0,0.01390004437416792,0.22933557629585266,0.0,0.25025007128715515,0.2580825388431549,0.2693192958831787,-1.5096925497055054,-1.4950093030929565,-1.4740173816680908,0.0,1.0
15360,15,7,152.39896384770464,136.0,-0.0060997118940576914,0.025864268385339527,-0.22852653339505197,0.004813814623048529,0.0470703125,0.5097673177719116,0.2743132347241044,-8.167330741882324,21.68058204650879,105.46968078613281,55.480743408203125,113.63701629638672,46.53050994873047,0.8472936038832289,0.8286033272743225,0.9466753602027893,0.5,0.15,82.27148246672289,57.11376681973106,15360.000100000001,0.0,0.008863229304552078,0.22385387122631073,0.0,0.24905997514724731,0.25848355889320374,0.2704688012599945,-1.5119303464889526,-1.4942773580551147,-1.4718780517578125,0.0,1.0
16384,16,8,172.87900554903075,159.25,-0.005211194406729192,0.024974300363101064,-0.22764049097895622,0.0041157580169965515,0.0314453125,0.5368118904531002,0.23593771997839214,-11.320465087890625,18.790437698364258,83.54541015625,56.46418380737305,94.86587524414062,54.31365203857422,0.8892540882188201,0.9533173441886902,0.7492020726203918,0.6,0.1,82.35110295421019,57.074217518935306,16384.0001,0.0,0.012770126573741436,0.22500066459178925,0.0,0.2459281086921692,0.25764933228492737,0.2697300314903259,-1.5178256034851074,-1.4958609342575073,-1.473252773284912,0.0,1.0
17408,17,5,149.27523085490628,146.6,-0.005143892276100815,0.007212363253347576,-0.23332763314247132,0.005681483479565941,0.05478515625,0.6207106821238995,0.0998820835724473,0.35792821645736694,10.700750350952148,89.2152099609375,62.598594665527344,88.8572769165039,57.49032211303711,0.9707787135244021,1.0391501188278198,0.29179656505584717,0.65,0.0,82.75487364864792,57.43660915598437,17408.0001,0.0,0.0021795344073325396,0.22176849842071533,0.0,0.2455614060163498,0.25667357444763184,0.2665750980377197,-1.5185164213180542,-1.4976648092269897,-1.4791297912597656,0.0,1.0
18432,18,6,175.4680809620454,147.16666666666666,-0.005321453150827438,0.019725272862706332,-0.2362386889755726,0.006048573488078546,0.0474365234375,0.6055134147405624,0.13409499330446123,-0.932742714881897,16.652664184570312,79.65275573730469,50.637168884277344,80.58549499511719,50.85121154785156,0.8918494847593215,1.136053204536438,0.367633581161499,0.65,0.0,82.58253378871491,57.084538010229025,18432.0001,0.0,-0.001496372395195067,0.21922972798347473,0.0,0.24500329792499542,0.25686201453208923,0.26646098494529724,-1.5195680856704712,-1.4972991943359375,-1.4793425798416138,0.0,1.0
19456,19,7,215.56995174780704,177.28571428571428,-0.0031100853462703525,0.017814197693951428,-0.2327265501022339,0.004820990614825859,0.0279296875,0.576370469853282,0.1771704273298383,1.65530264377594,17.682764053344727,106.75008392333984,66.59734344482422,105.09477996826172,67.40188598632812,0.9295004300268052,0.9594554901123047,0.47868746519088745,0.65,0.0,83.8545102129018,57.876518644654176,19456.0001,0.0,-0.012799770571291447,0.22137494385242462,0.0,0.24445606768131256,0.25748658180236816,0.26657983660697937,-1.5205994844436646,-1.4961628913879395,-1.4791209697723389,0.0,1.0
20480,20,6,181.2149293269,167.16666666666666,-0.004018071666359901,0.01491837907815352,-0.2325587972998619,0.006128452582925092,0.03388671875,0.5160227481275796,0.16755593279376627,-7.500485420227051,15.227768898010254,90.38993835449219,53.17331314086914,97.89041900634766,50.0504035949707,0.9179865555590969,0.9199110269546509,0.4835285246372223,0.5,0.0,84.18128143749963,57.66806501314949,20480.0001,0.0,0.0003931852988898754,0.22328481078147888,0.0,0.24314971268177032,0.2570747137069702,0.26666054129600525,-1.523062825202942,-1.4969502687454224,-1.4789705276489258,0.0,1.0
21504,21,6,163.18953643253434,136.83333333333334,-0.005418028868734837,0.005090376862790435,-0.23372503891587257,0.006383647760958411,0.0548828125,0.5876078218221664,0.09262839281000197,-0.24815022945404053,10.015362739562988,92.91878509521484,54.90632247924805,93.16693878173828,53.27779769897461,0.966727251217206,1.196802020072937,0.22508415579795837,0.5,0.0,84.59735317472693,57.56963785643187,21504.0001,0.0,-0.011460143141448498,0.22100141644477844,0.0,0.2417353391647339,0.25726911425590515,0.26783376932144165,-1.5257316827774048,-1.4965558052062988,-1.4767839908599854,0.0,1.0
22528,22,6,197.176107993341,175.16666666666666,-0.003069361357484013,0.013954691833350807,-0.23270175009965896,0.0031672849581809714,0.0196533203125,0.505295380204916,0.1773503202944994,-3.2660229206085205,17.9412784576416,81.22932434082031,54.89185333251953,84.49534606933594,55.045650482177734,0.8931705532870924,0.95314621925354,0.5065851807594299,0.475,0.025,84.44426102497175,57.45491152048392,22528.0001,0.0,-0.009822584688663483,0.219798281788826,0.0,0.24170807003974915,0.2571825683116913,0.26761123538017273,-1.5257830619812012,-1.4967306852340698,-1.477198600769043,0.0,1.0
23552,23,8,177.49339283347092,172.0,-0.0034156214445829392,0.012509727792348713,-0.2356858767569065,0.00276483126799576,0.0298095703125,0.5624731495976448,0.1648623611778021,-3.1817235946655273,16.500442504882812,90.02508544921875,73.09781646728516,93.20680236816406,69.61124420166016,0.9490455201722723,0.9857906699180603,0.46999678015708923,0.625,0.0,84.68690504357377,58.233619847706905,23552.0001,0.0,-0.017070040106773376,0.2215988039970398,0.0,0.2386999875307083,0.2561902701854706,0.2695395350456238,-1.5314650535583496,-1.4986023902893066,-1.4736073017120361,0.0,1.0
24576,24,6,176.5581236783239,156.66666666666666,-0.0060408676159568134,0.01124679259955883,-0.2399567149579525,0.00374122868233826,0.0507080078125,0.5409667946398258,0.2105092375539243,-8.285638809204102,14.393355369567871,88.15586853027344,58.11310958862305,96.44151306152344,51.268306732177734,0.9386554593647891,1.0116443634033203,0.7009847164154053,0.475,0.05,84.83144541452766,58.23272935470667,24576.0001,0.0,-0.022868333384394646,0.2206481397151947,0.0,0.2393786460161209,0.2560283839702606,0.2697434723377228,-1.5301824808120728,-1.4989007711410522,-1.4732277393341064,0.0,1.0
25600,25,6,179.8501345227435,162.16666666666666,-0.00305270217359066,0.028246096312068404,-0.24292492121458054,0.0004969866553437896,0.0186279296875,0.5385883077979088,0.24058231888338924,-8.058353424072266,23.22148323059082,74.42393493652344,60.19198989868164,82.48228454589844,64.79047393798828,0.8511658878550311,0.931017279624939,0.8289398550987244,0.625,0.1,84.41514490950797,58.34801715102337,25600.0001,0.0,-0.015203562565147877,0.22000743448734283,0.0,0.23832160234451294,0.25447747111320496,0.26694050431251526,-1.5321804285049438,-1.501808524131775,-1.4784486293792725,0.0,1.0
26624,26,6,187.6570036654831,166.16666666666666,-0.0047696545603685084,0.007578459731303155,-0.2516615971922874,0.004910416180791799,0.040087890625,0.557263258844614,0.16091789128258824,1.4971811771392822,13.723305702209473,58.101768493652344,53.611114501953125,56.604591369628906,62.34009552001953,0.9344748811092292,0.9994921088218689,0.6049103140830994,0.625,0.05,83.40309206359784,58.392634011274005,26624.0001,0.0,-0.01920454204082489,0.22160916030406952,0.0,0.23845380544662476,0.25341758131980896,0.2648177444934845,-1.5319304466247559,-1.5038071870803833,-1.482407569885254,0.0,1.0
27648,27,6,171.60482923486066,173.33333333333334,-0.004516069020610303,0.007137280463939533,-0.2559865556657314,0.0034409844214678743,0.03125,0.5041042044758797,0.08533213846385479,1.2162624597549438,11.140301704406738,66.156005859375,58.12334060668945,64.93975067138672,58.335975646972656,0.9632639234974042,0.7787378430366516,0.22886508703231812,0.45,0.0,82.76431134615517,58.4734697713518,27648.0001,0.0,-0.009121420793235302,0.21630555391311646,0.0,0.23820531368255615,0.2527467906475067,0.2635522782802582,-1.5324002504348755,-1.505056381225586,-1.4847698211669922,0.0,1.0
28672,28,6,193.43795032868402,165.16666666666666,-0.0031173888011835514,0.01800791269633919,-0.2588216088712215,0.002465345048403833,0.0316650390625,0.6012325465679169,0.1534610718488693,1.9027855396270752,17.210893630981445,78.22488403320312,54.33085632324219,76.32209777832031,59.4817008972168,0.8996508266274995,1.079406499862671,0.477267324924469,0.65,0.0,82.60218882472047,58.336668256372505,28672.0001,0.0,-0.013272933661937714,0.21970777213573456,0.0,0.23938822746276855,0.25266510248184204,0.26339033246040344,-1.530164361000061,-1.5052069425582886,-1.4850722551345825,0.0,1.0
29696,29,7,192.80420780570398,160.14285714285714,-0.003858116990886629,0.009157739940565079,-0.2593794219195843,0.0022388867670088074,0.0332763671875,0.5875075571238995,0.10646829446777702,-0.48746901750564575,14.225327491760254,90.90144348144531,52.91089630126953,91.388916015625,49.557857513427734,0.927717315935755,1.015653371810913,0.3125404119491577,0.625,0.0,82.88836993742187,58.17771163155061,29696.0001,0.0,-0.01748649775981903,0.2218850553035736,0.0,0.2392270565032959,0.25241968035697937,0.2628572881221771,-1.5304689407348633,-1.5056737661361694,-1.486067771911621,0.0,1.0
30720,30,6,214.1840181473009,167.16666666666666,-0.0037000109790824355,0.013098479597829282,-0.2625818260014057,0.004673487629042938,0.0337890625,0.5304375000298023,0.13895303923636676,1.1238808631896973,15.274787902832031,72.95909881591797,45.61796951293945,71.83521270751953,49.78343200683594,0.887881173334875,0.8576904535293579,0.44683992862701416,0.575,0.0,82.55739416266745,57.83051119438216,30720.0001,0.0,-0.021557778120040894,0.21964868903160095,0.0,0.23739860951900482,0.25140878558158875,0.26135316491127014,-1.5339257717132568,-1.5075507164001465,-1.4888784885406494,0.0,1.0
31744,31,7,175.84204338210932,165.42857142857142,-0.004782160802278668,0.010659029264934361,-0.26660371422767637,0.00498592525254935,0.0445556640625,0.4698959652334452,0.0906925312243402,-2.282987117767334,12.427974700927734,65.50718688964844,49.88433074951172,67.79017639160156,51.28731918334961,0.9379313297017285,0.7201284170150757,0.25152793526649475,0.375,0.0,82.00738745290778,57.67003436161543,31744.0001,0.0,-0.0220054779201746,0.22057931125164032,0.0,0.23812763392925262,0.2514088451862335,0.2607850730419159,-1.532547116279602,-1.5075448751449585,-1.4899406433105469,0.0,1.0
32768,32,6,142.32273781430706,147.16666666666666,-0.0034247450763359665,0.0079753607918974,-0.26787944212555886,0.0024439624161459506,0.018505859375,0.48815031051635743,0.10433330805972219,-0.8069689273834229,12.587545394897461,81.09719848632812,55.976314544677734,81.90416717529297,51.86616134643555,0.9494322669962496,0.8993382453918457,0.33424511551856995,0.4,0.0,81.97894407334213,57.61807685305629,32768.000100000005,0.0,-0.022659441456198692,0.21962231397628784,0.0,0.23679426312446594,0.2503461539745331,0.2597390413284302,-1.5350689888000488,-1.5095500946044922,-1.4918971061706543,0.0,1.0
33792,33,7,201.8130451696878,171.85714285714286,-0.0037723349523730576,0.009668157692067325,-0.27426607832312583,0.005540539647336118,0.033056640625,0.5643263325095177,0.09966331105679274,-3.353031635284424,13.024072647094727,73.81998443603516,49.5178108215332,77.17301940917969,47.91141128540039,0.93082155761231,1.2190498113632202,0.3003659248352051,0.55,0.0,81.73170289331419,57.40645452844226,33792.000100000005,0.0,-0.01757519505918026,0.2223973423242569,0.0,0.23485371470451355,0.24959297478199005,0.2615364193916321,-1.538741946220398,-1.5109882354736328,-1.4885358810424805,0.0,1.0
34816,34,4,195.09534001573647,159.0,-0.003553452267078683,0.004793678302667104,-0.27566277384758,0.0031835536618018525,0.0346435546875,0.5740073248744011,0.14173640413209795,1.1104332208633423,12.362317085266113,70.56114196777344,51.68056106567383,69.45071411132812,57.83795166015625,0.9427803375779483,1.1188836097717285,0.5448213219642639,0.575,0.025,81.40315710317681,57.27732472580886,34816.000100000005,0.0,-0.019465630874037743,0.21940650045871735,0.0,0.23485136032104492,0.24968086183071136,0.2634865641593933,-1.5387464761734009,-1.5108084678649902,-1.4848926067352295,0.0,1.0
35840,35,7,174.99081289698535,157.14285714285714,-0.003313252201769501,0.0056923430413007734,-0.27400305643677714,0.003488249970541801,0.0273193359375,0.5137386377900839,0.08273730631917715,-1.8228414058685303,10.572616577148438,83.71695709228516,55.55006408691406,85.53980255126953,55.518577575683594,0.963776046472473,0.8069267868995667,0.25946876406669617,0.45,0.0,81.46926585189506,57.22999606032343,35840.000100000005,0.0,-0.014939839951694012,0.21815015375614166,0.0,0.23548972606658936,0.25035229325294495,0.2661673128604889,-1.5375378131866455,-1.509552001953125,-1.4798901081085205,0.0,1.0
36864,36,8,172.30211210418338,154.0,-0.0036111799417994916,0.012002540996763855,-0.27256437838077546,0.00410140662570484,0.01962890625,0.5146867156028747,0.10715883579105139,-3.0341970920562744,13.158097267150879,79.97913360595703,53.16950607299805,83.01333618164062,52.95745849609375,0.9387563695137726,1.0181777477264404,0.2705307900905609,0.45,0.0,81.42787331478044,57.12162725353954,36864.000100000005,0.0,-0.017512984573841095,0.22033295035362244,0.0,0.2362099438905716,0.24999356269836426,0.267012357711792,-1.5361745357513428,-1.5102702379226685,-1.4783146381378174,0.0,1.0
37888,37,7,162.79089365916724,144.57142857142858,-0.0029764208884444088,0.015682268363889307,-0.27403019592165945,0.0030597495366237125,0.0203857421875,0.521249634027481,0.1321933401748538,-0.5016534328460693,16.393688201904297,87.0186767578125,56.089725494384766,87.52033233642578,53.146175384521484,0.9145746618718162,0.8525232672691345,0.3557916283607483,0.45,0.0,81.57897620236535,57.101181035738286,37888.000100000005,0.0,-0.01970118284225464,0.22401483356952667,0.0,0.23598363995552063,0.2500055134296417,0.2672959864139557,-1.5366028547286987,-1.5102132558822632,-1.4777860641479492,0.0,1.0
38912,38,8,197.84068131647513,149.125,-0.003644682705635205,0.012768793141003699,-0.2740178361535072,0.003601180617988575,0.02861328125,0.5540262937545777,0.14069825196638702,1.3526206016540527,15.022576332092285,75.58490753173828,51.6833610534668,74.23229217529297,56.73606491088867,0.9155134960699194,1.1334129571914673,0.4853476285934448,0.625,0.0,81.42123761768855,56.973288694862916,38912.000100000005,0.0,-0.026551274582743645,0.22101230919361115,0.0,0.235711470246315,0.2499745488166809,0.268279105424881,-1.5371179580688477,-1.5103073120117188,-1.475954294204712,0.0,1.0
39936,39,7,148.8354998237754,143.85714285714286,-0.0037222568527795373,0.009688504372024908,-0.2725929215550423,0.0030594846335588954,0.03076171875,0.5593688309192657,0.11352361221797765,-3.7906301021575928,13.677180290222168,61.040061950683594,49.17005157470703,64.8306884765625,47.6242790222168,0.9226265789170423,0.9246442914009094,0.3820730745792389,0.575,0.0,80.89864333454095,56.877905478051304,39936.000100000005,0.0,-0.03271591663360596,0.22450599074363708,0.0,0.23617513477802277,0.2506256401538849,0.2693268954753876,-1.5362404584884644,-1.5090876817703247,-1.4740031957626343,0.0,1.0
40960,40,6,160.8810658715142,142.33333333333334,-0.002715053001884371,0.004088311709347181,-0.2677961833775043,0.0014165473447064869,0.0086669921875,0.50804103910923,0.0917139375116676,2.1488332748413086,8.220907211303711,66.54154968261719,52.23929977416992,64.39271545410156,55.89978790283203,0.9752346287859028,1.0286980867385864,0.32978859543800354,0.45,0.0,80.53971611724872,56.81079705370548,40960.000100000005,0.0,-0.024064799770712852,0.22128327190876007,0.0,0.23835532367229462,0.2514644265174866,0.2686730921268463,-1.5321166515350342,-1.5074926614761353,-1.4752205610275269,0.0,1.0
41984,41,6,177.57228604496706,153.0,-0.005074132559821009,0.00586064764065668,-0.262114317715168,0.008170255685399752,0.060205078125,0.677067469805479,0.11218347167596221,1.9281200170516968,10.036643981933594,75.99288177490234,52.56849670410156,74.06475830078125,57.49502182006836,0.9635476151596015,1.5502972602844238,0.4037589132785797,0.7,0.0,80.42881769169915,56.71543918383011,41984.000100000005,0.0,-0.023151690140366554,0.2233879417181015,0.0,0.24149636924266815,0.25282180309295654,0.26944318413734436,-1.526182770729065,-1.5049495697021484,-1.47378671169281,0.0,1.0
43008,42,8,161.46228604421407,137.625,-0.00366135387448594,0.007141805824358016,-0.2550253689289093,0.0033153278578538447,0.027001953125,0.5464001476764679,0.09046255676075816,-3.4943294525146484,10.319198608398438,75.76210021972656,47.42351531982422,79.25643157958984,43.43364334106445,0.9526516912346172,1.1480571031570435,0.31870535016059875,0.575,0.0,80.31770543479227,56.5164392960662,43008.000100000005,0.0,-0.037276044487953186,0.2228330373764038,0.0,0.2432927042245865,0.2538846433162689,0.2688036561012268,-1.522793173789978,-1.5029348134994507,-1.4749774932861328,0.0,1.0
44032,43,6,187.58412616883228,149.33333333333334,-0.0037175559904426337,0.005577785466448404,-0.2503607675433159,0.0023329993418883532,0.019091796875,0.520990215241909,0.1079446847550571,1.6276594400405884,10.107264518737793,69.89570617675781,47.21570587158203,68.2680435180664,52.208927154541016,0.9541758635935881,0.8091812133789062,0.35942986607551575,0.6,0.0,80.07533334911875,56.339491538409746,44032.000100000005,0.0,-0.03969356790184975,0.22232921421527863,0.0,0.24347998201847076,0.2542320787906647,0.26899927854537964,-1.522439956665039,-1.5022646188735962,-1.4746131896972656,0.0,1.0
45056,44,8,162.18385405269814,140.625,-0.004442944494076073,0.005041111726313829,-0.25417801514267924,0.003397372111794539,0.0425048828125,0.5453411050140857,0.07455818620510399,-1.8801052570343018,7.9787211418151855,76.77994537353516,48.00587463378906,78.66004943847656,49.63261032104492,0.9723765580605962,0.9494279623031616,0.2494339644908905,0.55,0.0,80.00043818807426,56.165972399833066,45056.000100000005,0.0,-0.041742414236068726,0.2251749187707901,0.0,0.24193298816680908,0.25235968828201294,0.2675822079181671,-1.5253585577011108,-1.5057908296585083,-1.477252721786499,0.0,1.0
46080,45,8,138.51463297143192,119.875,-0.0037659160559996964,0.009774191258475184,-0.2644417740404606,0.0042959065147442745,0.027001953125,0.47566028237342833,0.10100232642143965,-2.893632650375366,11.98069953918457,78.40634155273438,46.549713134765625,81.29997253417969,42.75434875488281,0.9337584753057836,0.8854227066040039,0.2834428548812866,0.35,0.0,79.96501391155743,55.97072340591069,46080.000100000005,0.0,-0.01793196238577366,0.22630156576633453,0.0,0.23839473724365234,0.2512767016887665,0.26694029569625854,-1.532042145729065,-1.5078411102294922,-1.4784491062164307,0.0,1.0
47104,46,10,153.2428067037645,133.4,-0.004014711268246174,0.009811101300874725,-0.26663250625133517,0.0038968736145761794,0.02890625,0.5907960131764411,0.1370256781578064,-6.52274227142334,13.028556823730469,65.815185546875,49.80281066894531,72.33792114257812,47.96064758300781,0.9315639485327042,0.8969694375991821,0.4242069125175476,0.7,0.0,79.65740890106818,55.881993182291886,47104.000100000005,0.0,-0.025542311370372772,0.23126184940338135,0.0,0.23862189054489136,0.2512966990470886,0.2642342448234558,-1.5316126346588135,-1.507790207862854,-1.4834966659545898,0.0,1.0
48128,47,7,141.4935359328613,115.85714285714286,-0.0037149844341911376,0.003997039617388509,-0.2668462574481964,0.0038679815363138912,0.0355224609375,0.6166581079363823,0.0700710759498179,-1.6876635551452637,8.1408052444458,68.30601501464844,43.5340461730957,69.99368286132812,46.290565490722656,0.9650315244135488,0.9568998217582703,0.2167292982339859,0.725,0.0,79.41588997299381,55.67191031028936,48128.000100000005,0.0,-0.02903573215007782,0.22618864476680756,0.0,0.23746861517429352,0.25113287568092346,0.2629651725292206,-1.533793330192566,-1.508104920387268,-1.4858663082122803,0.0,1.0
49152,48,8,160.05736930767767,135.0,-0.004060402759932913,0.0054711716715246436,-0.26692064553499223,0.0023101215847418644,0.033203125,0.5818419218063354,0.08340950403362513,-0.26240795850753784,9.179527282714844,66.0726089477539,44.39486312866211,66.33502197265625,47.707645416259766,0.9572461510938854,1.2593797445297241,0.3009680509567261,0.525,0.0,79.13790506167426,55.49309878417949,49152.000100000005,0.0,-0.026663461700081825,0.2245856523513794,0.0,0.23562751710414886,0.2512752115726471,0.26401153206825256,-1.5372769832611084,-1.5078517198562622,-1.483912467956543,0.0,1.0
50176,49,9,140.89322803079614,125.22222222222223,-0.004830512637272477,0.015467015083413572,-0.26364452913403513,0.004454707140394021,0.0535400390625,0.5817681446671485,0.14439942222088575,-2.3180947303771973,16.843935012817383,68.55858612060547,46.199867248535156,70.87667846679688,48.118709564208984,0.8670753163121869,0.8762942552566528,0.44730713963508606,0.725,0.0,78.92200053695674,55.33926870020438,50176.000100000005,0.0,-0.016784876585006714,0.22924375534057617,0.0,0.23569637537002563,0.25257858633995056,0.26552292704582214,-1.5371465682983398,-1.5054067373275757,-1.4810919761657715,0.0,1.0
51200,50,6,167.04232147807997,141.33333333333334,-0.0038198403432033955,0.003500967234140262,-0.2573861263692379,0.005857178175938315,0.034375,0.542061036080122,0.06816716655157506,1.9413882493972778,6.88026762008667,67.8025131225586,42.338653564453125,65.86112213134766,44.79997253417969,0.973591932511473,0.9995734691619873,0.25310763716697693,0.6,0.0,78.69961079659097,55.131303256397274,51200.000100000005,0.0,-0.01742107979953289,0.22964346408843994,0.0,0.23510713875293732,0.25307226181030273,0.26690542697906494,-1.538262128829956,-1.5044759511947632,-1.4785139560699463,0.0,1.0
52224,51,8,131.76046334912928,129.25,-0.005100284810760058,0.020760411827359347,-0.2553493119776249,0.004018077324144542,0.035595703125,0.6079679906368256,0.20275982106104493,-5.725444793701172,20.46419906616211,71.65459442138672,50.542259216308594,77.38004302978516,48.57999038696289,0.8360617822737038,0.9991302490234375,0.5499177575111389,0.725,0.025,78.56147323203326,55.053665263765666,52224.000100000005,0.0,-0.01462719589471817,0.23822520673274994,0.0,0.23753535747528076,0.2536369562149048,0.26632726192474365,-1.5336670875549316,-1.5034103393554688,-1.4795918464660645,0.0,1.0
53248,52,7,169.8075167804245,141.0,-0.0032088880776427685,0.00725444452255033,-0.2511358059942722,0.0026450077290064654,0.0221435546875,0.5249731756746769,0.07806112277321517,1.0024733543395996,11.271320343017578,70.96559143066406,40.74925231933594,69.96311950683594,39.47337341308594,0.9234913920565309,1.0109062194824219,0.21390727162361145,0.525,0.0,78.4153984964966,54.82372076090151,53248.000100000005,0.0,-0.001658520195633173,0.23326939344406128,0.0,0.24083004891872406,0.25445592403411865,0.26452019810676575,-1.5274407863616943,-1.5018423795700073,-1.4829628467559814,0.0,1.0
54272,53,9,149.97822061825727,131.88888888888889,-0.004480834386777132,0.014055765618104487,-0.2487359493970871,0.00229778050997993,0.0325439453125,0.543567880243063,0.1429641993716359,-0.7392213344573975,15.341839790344238,63.60570526123047,41.87620544433594,64.34492492675781,41.420528411865234,0.8657790696905651,0.8787609338760376,0.37610089778900146,0.6,0.0,78.13597028910176,54.64501288462155,54272.000100000005,0.0,0.004200357478111982,0.23675306141376495,0.0,0.2416750192642212,0.2544011175632477,0.26196444034576416,-1.5258455276489258,-1.501912236213684,-1.4877359867095947,0.0,1.0
55296,54,9,141.78813899822117,120.55555555555556,-0.003492704522795975,0.009848448698176072,-0.25263400450348855,0.0029820900526829064,0.022900390625,0.5346682660281659,0.08899039956741035,0.7656771540641785,11.818039894104004,70.14810180664062,54.82945251464844,69.3824234008789,55.69075012207031,0.9535417173589584,1.0141750574111938,0.26116475462913513,0.55,0.0,77.98804676947654,54.65904370555894,55296.000100000005,0.0,-0.0034486425574868917,0.23239032924175262,0.0,0.24273227155208588,0.2527618110179901,0.26020708680152893,-1.5238503217697144,-1.5050112009048462,-1.4910216331481934,0.0,1.0
56320,55,7,141.16035010299913,115.42857142857143,-0.003110252507030964,0.011937800096347928,-0.2600895822048187,0.0009410531012690627,0.020947265625,0.4858190089464188,0.10462513281963766,-2.2121849060058594,12.62174129486084,80.43565368652344,48.80048370361328,82.64783477783203,47.268165588378906,0.9331055176724652,0.7930880784988403,0.2829664349555969,0.425,0.0,78.03254865822012,54.55911994730125,56320.000100000005,0.0,-0.000914973032195121,0.22790750861167908,0.0,0.2450280338525772,0.2523038387298584,0.2583684027194977,-1.5195214748382568,-1.505837082862854,-1.4944623708724976,0.0,1.0
57344,56,8,173.6772568532369,148.0,-0.004387686657719314,0.0038441554963355882,-0.2621958710253239,0.0017124899139162153,0.0257568359375,0.5787516310811043,0.07100501139648259,-1.2183120250701904,7.82220458984375,70.64595794677734,48.951683044433594,71.86426544189453,51.664512634277344,0.9744657511387753,0.9246041178703308,0.24153290688991547,0.625,0.0,77.90064524546302,54.47283416152848,57344.000100000005,0.0,-0.00031974384910427034,0.2325807362794876,0.0,0.24316826462745667,0.25143954157829285,0.2569267749786377,-1.5230278968811035,-1.507485032081604,-1.4971623420715332,0.0,1.0
58368,57,8,142.12286763191224,120.5,-0.003174323961138725,0.019735985645093025,-0.26210435926914216,0.0041576392366550865,0.031689453125,0.4829040516167879,0.13376810513436793,-6.297074317932129,13.88626480102539,73.58700561523438,46.5897216796875,79.88407897949219,44.58534622192383,0.911163670528951,0.9086681008338928,0.33687227964401245,0.475,0.0,77.82496733652718,54.34734043075613,58368.000100000005,0.0,0.008384478278458118,0.22986368834972382,0.0,0.24158881604671478,0.2532564699649811,0.25957515835762024,-1.5260082483291626,-1.5040689706802368,-1.492203712463379,0.0,1.0
59392,58,8,150.01084420712564,123.75,-0.004479794186772778,0.007445567531976849,-0.25293003767728806,0.0025312221740023235,0.037109375,0.6061718218028546,0.0926501088310033,-3.974013328552246,11.593616485595703,71.04097747802734,44.44728088378906,75.0149917602539,45.20403289794922,0.9319626406961005,1.1120121479034424,0.28720709681510925,0.675,0.0,77.70800203923336,54.199168830313916,59392.000100000005,0.0,-0.00043709692545235157,0.23065434396266937,0.0,0.24073664844036102,0.2538185119628906,0.26063817739486694,-1.5276172161102295,-1.5030511617660522,-1.4902153015136719,0.0,1.0
60416,59,8,161.59997660257508,141.5,-0.0029898593202233315,0.01818330812966451,-0.2536392375826836,0.004298398457467556,0.0306884765625,0.5484741099178791,0.13212189832702279,-1.5647600889205933,15.669054985046387,67.38223266601562,53.49455642700195,68.94699096679688,56.03568649291992,0.9142041145837584,0.8912087082862854,0.36539310216903687,0.625,0.0,77.53298900484552,54.20369242435719,60416.000100000005,0.0,0.0022758515551686287,0.23101574182510376,0.0,0.23948219418525696,0.25327563285827637,0.2609049081802368,-1.52998685836792,-1.5040472745895386,-1.4897165298461914,0.0,1.0
61440,60,6,156.96352730213806,150.33333333333334,-0.0042317705345340075,0.005295684724114835,-0.2596626281738281,0.004020720100379549,0.0364990234375,0.5970914542675019,0.09047999633476138,0.44886720180511475,9.428088188171387,51.58935546875,43.33639907836914,51.14048767089844,46.3916130065918,0.9526694362356771,1.2111179828643799,0.28450658917427063,0.675,0.0,77.10059513898553,54.14244695128872,61440.000100000005,0.0,-0.013035294599831104,0.22990769147872925,0.0,0.23801715672016144,0.2515256106853485,0.25914451479911804,-1.532755970954895,-1.5073450803756714,-1.4930095672607422,0.0,1.0
62464,61,8,161.29666080585446,131.125,-0.0027095151832327246,0.006595787580590695,-0.26903699040412904,0.0015945920036756433,0.0215576171875,0.5096668716520071,0.11541248722933233,5.789145469665527,8.761102676391602,56.35932159423828,38.0335578918457,50.5701789855957,41.794281005859375,0.94693799407388,0.8801661729812622,0.4270406663417816,0.55,0.0,76.76057425980242,53.9814742374727,62464.000100000005,0.0,-0.011375068686902523,0.22831493616104126,0.0,0.23649732768535614,0.25018444657325745,0.25760024785995483,-1.535630702972412,-1.509847640991211,-1.4959008693695068,0.0,1.0
63488,62,8,165.34505535564531,141.375,-0.0038634049938991665,0.005716939293779433,-0.27409795522689817,0.003603040076268371,0.03583984375,0.6217728227376937,0.08489134418778121,4.500840187072754,8.491448402404785,65.39364624023438,44.924957275390625,60.892799377441406,45.720523834228516,0.9642736914677577,1.0998733043670654,0.2746342122554779,0.7,0.0,76.57723659360529,53.866523845394326,63488.000100000005,0.0,-0.012690152041614056,0.22952352464199066,0.0,0.23593778908252716,0.24983854591846466,0.25714799761772156,-1.5366896390914917,-1.5105012655258179,-1.4967479705810547,0.0,1.0
64512,63,6,179.94449789102555,143.66666666666666,-0.003809720580466092,0.007956692401785403,-0.27356560677289965,0.001998042076593265,0.0175537109375,0.5240419074892998,0.14537192825227976,7.474806785583496,9.740589141845703,62.05535888671875,40.75947952270508,54.5805549621582,44.23560333251953,0.9428898535228684,1.0050519704818726,0.4906100332736969,0.475,0.0,76.34673061193274,53.71414947444743,64512.000100000005,0.0,-0.013353158719837666,0.23107056319713593,0.0,0.2369617223739624,0.2501627206802368,0.2580986022949219,-1.5347521305084229,-1.5098990201950073,-1.4949674606323242,0.0,1.0
65536,64,7,154.67968932388197,134.71428571428572,-0.0044698768993839625,0.009407523751724512,-0.2682252213358879,0.007071963888301979,0.03779296875,0.5552012052386999,0.11410436336882412,3.8789656162261963,11.212859153747559,81.84202575683594,41.783363342285156,77.96305847167969,36.094276428222656,0.9279844978668059,0.8206269145011902,0.3466849625110626,0.65,0.0,76.43259450458098,53.55251459632199,65536.0001,0.0,-0.011003371328115463,0.22523713111877441,0.0,0.2388603240251541,0.25227728486061096,0.26131752133369446,-1.5311620235443115,-1.5059384107589722,-1.4889451265335083,0.0,1.0
66560,65,8,171.94159576133208,147.875,-0.007815132191171869,0.01085159782669507,-0.2585097923874855,0.008010321676556487,0.0745849609375,0.5717156961560249,0.09646183252334595,1.6325199604034424,12.636690139770508,67.65521240234375,50.7806510925293,66.02268981933594,51.43760299682617,0.9380744063379926,0.9795575141906738,0.2802242338657379,0.6,0.0,76.29755788181598,53.52186152890549,66560.0001,0.0,-0.012253530323505402,0.22690291702747345,0.0,0.24191784858703613,0.25290921330451965,0.2598576545715332,-1.525387167930603,-1.5047322511672974,-1.4916751384735107,0.0,1.0
67584,66,8,165.79667825198658,142.25,-0.0024682604009285567,0.011075800831895322,-0.25490607395768167,0.002347164144157432,0.0216552734375,0.5685848031193018,0.11333539113402366,-1.0165871381759644,13.560783386230469,63.2491569519043,41.90105056762695,64.2657470703125,44.43574523925781,0.8952582679981888,1.0341930389404297,0.3177553117275238,0.55,0.0,76.09985484010419,53.38847154496576,67584.0001,0.0,-0.006142128724604845,0.2310454398393631,0.0,0.2447848618030548,0.2538032531738281,0.2593773901462555,-1.51997971534729,-1.503050684928894,-1.4925737380981445,0.0,1.0
68608,67,6,160.3080100130538,140.33333333333334,-0.0023317430401220917,0.007790676923468709,-0.25735766291618345,0.003368735125695821,0.026513671875,0.5520822308957577,0.12222385387867689,4.107640266418457,9.35701847076416,70.99540710449219,47.71571731567383,66.88777160644531,51.9110107421875,0.9615450674101105,0.7965103983879089,0.4290514886379242,0.625,0.0,76.02366914517152,53.31183439831561,68608.0001,0.0,0.0060027060098946095,0.22954417765140533,0.0,0.24316366016864777,0.25137701630592346,0.2565552294254303,-1.5230364799499512,-1.5076113939285278,-1.4978585243225098,0.0,1.0
69632,68,6,155.3711560268865,141.16666666666666,-0.007572477892972529,0.006384756171610206,-0.26692944169044497,0.006646623896085657,0.0608154296875,0.5604663379490376,0.08278887788765132,-1.592017412185669,9.522706985473633,67.87210845947266,41.89035415649414,69.46412658691406,40.33513641357422,0.9483235342429885,1.029266595840454,0.25538453459739685,0.525,0.0,75.90379320570223,53.17070670205,69632.0001,0.0,0.004007305484265089,0.22850918769836426,0.0,0.24301636219024658,0.25179070234298706,0.257720947265625,-1.5233144760131836,-1.5068106651306152,-1.495674729347229,0.0,1.0
70656,69,7,166.6909990368345,172.57142857142858,-0.006465873878914863,0.012510044837836177,-0.26112926155328753,0.004881110685528256,0.04716796875,0.5151565425097943,0.11606138925999403,-1.846778154373169,13.042832374572754,60.669776916503906,51.66730880737305,62.51655197143555,49.94751739501953,0.9362746575349724,0.9851053357124329,0.4198629558086395,0.425,0.0,75.68301035726198,53.18039546837557,70656.0001,0.0,0.00992478709667921,0.23122531175613403,0.0,0.24271388351917267,0.2523852288722992,0.2593803107738495,-1.5238850116729736,-1.5056933164596558,-1.4925683736801147,0.0,1.0
71680,70,8,150.88309300303212,134.125,-0.0036003757966682317,0.006534554751124233,-0.2620853617787361,0.005682064361462835,0.0322265625,0.5602498665452004,0.08384867245331407,1.5115916728973389,8.567987442016602,68.22437286376953,44.26464080810547,66.71278381347656,42.72289276123047,0.9625334397927353,1.0052740573883057,0.24103881418704987,0.55,0.0,75.57645842227015,53.070956920900514,71680.0001,0.0,0.005730831995606422,0.23156613111495972,0.0,0.2414056807756424,0.2516545355319977,0.25920411944389343,-1.5263539552688599,-1.5070557594299316,-1.4928979873657227,0.0,1.0
72704,71,7,161.50066970494757,143.28571428571428,-0.004685961175709963,0.01590050777886063,-0.263912283629179,0.0035487177825416437,0.0349853515625,0.5184771001338959,0.15191232468932866,-1.6217094659805298,17.08109474182129,75.02803802490234,51.333744049072266,76.64974212646484,48.13710403442383,0.8892801419980634,0.8110477328300476,0.4324147701263428,0.525,0.0,75.56873417471897,53.04692352696231,72704.0001,0.0,0.018665777519345284,0.23200400173664093,0.0,0.24239753186702728,0.25173085927963257,0.25908055901527405,-1.5244818925857544,-1.5069174766540527,-1.4931292533874512,0.0,1.0
73728,72,5,170.460038586843,152.8,-0.004249137989245355,0.009770683699753136,-0.2660818614065647,0.0045058457428240216,0.059423828125,0.6511803284287453,0.09892595680430531,-3.047011375427246,11.495355606079102,73.53473663330078,47.24542236328125,76.58174896240234,47.84817886352539,0.9407994954420033,1.1188524961471558,0.3021544814109802,0.7,0.0,75.54048423833146,52.97123331394256,73728.0001,0.0,0.019400889053940773,0.2332172691822052,0.0,0.2412836104631424,0.25073251128196716,0.25824716687202454,-1.5265843868255615,-1.5088053941726685,-1.4946893453598022,0.0,1.0
74752,73,8,174.32617326519937,165.625,-0.0037853849586099385,0.007075968291610479,-0.27231345027685167,0.0014428933543968014,0.027197265625,0.591755910217762,0.11398726031184196,3.552330255508423,9.44223690032959,59.88043212890625,51.47167205810547,56.328102111816406,54.200191497802734,0.9663478111004562,1.103287935256958,0.45087066292762756,0.65,0.0,75.32596295856389,52.98225640864852,74752.0001,0.0,0.01094374805688858,0.24019238352775574,0.0,0.2414615899324417,0.249674454331398,0.25466054677963257,-1.5262484550476074,-1.5107918977737427,-1.501410722732544,0.0,1.0
75776,74,8,161.13898328141633,133.75,-0.0038748079328797757,0.019243379880208522,-0.2765443570911884,0.0034090955057763496,0.0378173828125,0.5898541398346424,0.2041435433551669,-6.830750465393066,17.81577491760254,79.34770202636719,44.066715240478516,86.17845153808594,42.120609283447266,0.8365488451656784,0.9823400378227234,0.5954554677009583,0.725,0.075,75.38031074377555,52.87383689254241,75776.0001,0.0,0.01045923586934805,0.23190733790397644,0.0,0.24312643706798553,0.24953754246234894,0.2532326579093933,-1.5231068134307861,-1.5110259056091309,-1.5040900707244873,0.0,1.0
76800,75,6,155.21280242960904,126.0,-0.005073466687463224,0.00981778534478508,-0.2764659449458122,0.003888782564899884,0.04921875,0.591026309132576,0.10015262723900378,2.270326852798462,11.171793937683105,76.35038757324219,42.660888671875,74.08006286621094,40.4638671875,0.9314218075224281,1.058770775794983,0.22684793174266815,0.7,0.0,75.3932450789283,52.750789473309375,76800.0001,0.0,0.011565891094505787,0.2351672351360321,0.0,0.24302247166633606,0.24937476217746735,0.25336331129074097,-1.5233029127120972,-1.5113334655761719,-1.5038447380065918,0.0,1.0
77824,76,9,164.59930876775226,133.44444444444446,-0.005848343332763762,0.006421672354917973,-0.27801416516304017,0.0052419934931094755,0.0509765625,0.5045519307255745,0.06341379350051284,-2.309004068374634,7.49607515335083,78.67213439941406,48.778682708740234,80.98114013671875,47.93879699707031,0.9763839268869412,1.1385897397994995,0.13973145186901093,0.375,0.0,75.43638835906093,52.701793111760736,77824.0001,0.0,0.0018626656383275986,0.23245353996753693,0.0,0.24188287556171417,0.24893558025360107,0.2526508867740631,-1.5254532098770142,-1.5121954679489136,-1.505182147026062,0.0,1.0
78848,77,7,158.18544473023553,136.85714285714286,-0.004250600433442742,0.006846127321477979,-0.27901086360216143,0.004002797255816403,0.0388427734375,0.4980549331754446,0.1113886860664934,-5.233527660369873,8.97993278503418,82.30461120605469,47.64130401611328,87.53813934326172,46.160667419433594,0.9644713384846865,0.9631352424621582,0.35868164896965027,0.425,0.0,75.52558604285025,52.6449338258483,78848.0001,0.0,0.00010386350186308846,0.23731037974357605,0.0,0.2421564906835556,0.24935536086559296,0.2533971965312958,-1.5249367952346802,-1.5113677978515625,-1.5037811994552612,0.0,1.0
79872,78,8,156.95126078211393,132.125,-0.004958423291100189,0.00552951100980863,-0.27675949335098265,0.00506043887580745,0.04892578125,0.6272772207856179,0.09498618459329009,-4.605963706970215,7.9463324546813965,84.43391418457031,49.4805793762207,89.03987884521484,46.10992431640625,0.974209255441829,1.2305057048797607,0.2936936616897583,0.675,0.0,75.63979540874638,52.6151150949935,79872.0001,0.0,0.009033870883286,0.23494011163711548,0.0,0.24385425448417664,0.24951161444187164,0.25255605578422546,-1.5217341184616089,-1.5110907554626465,-1.5053602457046509,0.0,1.0
80896,79,9,154.9450388654003,133.22222222222223,-0.0041695821564644575,0.008942385279806331,-0.27838691771030427,0.0025939941086107867,0.029296875,0.5592135362327099,0.12218453921377659,-3.1761879920959473,11.88211727142334,74.7107925415039,54.81062316894531,77.88697814941406,55.91362380981445,0.9530043014167906,0.813834011554718,0.344868928194046,0.55,0.0,75.6280358550913,52.64358101954387,80896.0001,0.0,0.005774435121566057,0.23235873878002167,0.0,0.24284006655216217,0.24861524999141693,0.25305861234664917,-1.5236469507217407,-1.5127829313278198,-1.5044167041778564,0.0,1.0
81920,80,7,154.42516612419521,133.71428571428572,-0.00513524686684832,0.008560826617758721,-0.284854294359684,0.005066050835011993,0.0338623046875,0.615025869011879,0.14883075952529906,-0.6596829891204834,15.24229621887207,67.23033905029297,49.38908004760742,67.89002990722656,50.65459442138672,0.9047557048896981,1.1829696893692017,0.5416358709335327,0.7,0.025,75.52306464483058,52.612415852232026,81920.0001,0.0,0.007563753519207239,0.23600836098194122,0.0,0.24240583181381226,0.24744991958141327,0.25175705552101135,-1.5244662761688232,-1.5149873495101929,-1.5068607330322266,0.0,1.0
82944,81,8,155.70800445855463,130.875,-0.00561478611198254,0.01061304704635404,-0.28748781979084015,0.0020978825763450005,0.042578125,0.5856790848076343,0.13321341234259307,-4.385005950927734,12.947002410888672,74.0535659790039,53.61505126953125,78.43856811523438,55.94929504394531,0.9416870564175271,0.9959045052528381,0.48393434286117554,0.6,0.0,75.50492265325208,52.625160689806066,82944.0001,0.0,0.0071596442721784115,0.2348071038722992,0.0,0.24214352667331696,0.247780904173851,0.25144293904304504,-1.524961233139038,-1.5143523216247559,-1.507450819015503,0.0,1.0
83968,82,8,158.55258255706042,144.375,-0.00496824219590053,0.010980180924525485,-0.28771582022309306,0.002716269982920494,0.033544921875,0.6418993405997753,0.13944666944444178,-1.7224147319793701,15.17238998413086,57.950950622558594,43.11506271362305,59.673362731933594,47.821533203125,0.8761631236340126,1.1918447017669678,0.5343002080917358,0.75,0.05,75.29084979111906,52.554884582191555,83968.0001,0.0,0.025519417598843575,0.24107198417186737,0.0,0.2407187968492508,0.24715213477611542,0.2521859407424927,-1.5276508331298828,-1.515522837638855,-1.506055235862732,0.0,1.0
84992,83,7,145.04102577699805,113.57142857142857,-0.0036344518419355156,0.010588170727714896,-0.2923318736255169,0.003975136227381881,0.03291015625,0.5641800545156002,0.13151907306164504,2.537771224975586,12.51895523071289,71.55055236816406,43.123046875,69.01277923583984,42.373321533203125,0.9157213888546442,0.8834149241447449,0.3314934968948364,0.625,0.0,75.24578598460647,52.45293030737687,84992.0001,0.0,0.016811490058898926,0.22785106301307678,0.0,0.2387254387140274,0.2461768388748169,0.2533375918865204,-1.5314170122146606,-1.5173592567443848,-1.5038930177688599,0.0,1.0
86016,84,6,193.77159423236625,160.66666666666666,-0.003108765953220427,0.006083535961806774,-0.29756413474678994,0.0025471247528912498,0.01875,0.5483696423470974,0.1431402914226055,2.4048590660095215,11.40806770324707,60.493133544921875,42.7633056640625,58.08827209472656,46.655391693115234,0.928832505084622,0.8282318115234375,0.4962930381298065,0.6,0.0,75.07015912536842,52.372574575040694,86016.0001,0.0,0.006716425996273756,0.23357021808624268,0.0,0.23769383132457733,0.245252326130867,0.25328847765922546,-1.533367395401001,-1.5191397666931152,-1.5039851665496826,0.0,1.0
87040,85,8,171.04343127657205,150.875,-0.0034342943457886578,0.004137895975145511,-0.30317547768354414,0.0022659642461803743,0.02119140625,0.6092011086642742,0.10726630897261202,2.6518893241882324,7.27659273147583,60.795982360839844,40.46489334106445,58.14409637451172,44.08046340942383,0.9676630217481524,0.9925382733345032,0.3550560474395752,0.725,0.0,74.90222762668155,52.270927025655666,87040.0001,0.0,0.010514377616345882,0.23353825509548187,0.0,0.23498405516147614,0.2442484349012375,0.252509742975235,-1.5384951829910278,-1.5209990739822388,-1.5054471492767334,0.0,1.0
88064,86,8,153.57179388040652,136.0,-0.0038757056929171084,0.009690895606763662,-0.30788620561361313,0.005007510620635003,0.0293701171875,0.5599098712205887,0.09512692331336439,-1.1281695365905762,11.069889068603516,69.10012817382812,46.617557525634766,70.22830200195312,46.975608825683594,0.9436118961921566,0.979296088218689,0.2554425597190857,0.575,0.0,74.834761430706,52.21241316318109,88064.0001,0.0,0.016964025795459747,0.23373612761497498,0.0,0.23276807367801666,0.24382197856903076,0.2534927427768707,-1.5426932573318481,-1.5218054056167603,-1.5036017894744873,0.0,1.0
89088,87,5,153.46627227798226,149.4,-0.005026680295122788,0.006706999056041241,-0.3091254003345966,0.0018926445991382934,0.0361328125,0.5117055229842663,0.09721839977428318,4.195775985717773,10.062935829162598,68.66432189941406,44.15904998779297,64.46855163574219,42.899688720703125,0.9480710031514085,0.872625470161438,0.3084285855293274,0.425,0.0,74.76383684106783,52.131064047220875,89088.0001,0.0,-0.010389341972768307,0.23138704895973206,0.0,0.23212671279907227,0.24348945915699005,0.25341907143592834,-1.5439090728759766,-1.522459864616394,-1.5037400722503662,0.0,1.0
90112,88,7,156.0308894316211,147.71428571428572,-0.004846075637033209,0.017017583106644453,-0.3073128886520863,0.005151419017056469,0.042041015625,0.5202311843633651,0.16640152474865316,-2.543804883956909,18.21677589416504,71.77686309814453,42.500457763671875,74.32066345214844,38.298553466796875,0.8162802592706854,1.0871608257293701,0.5067158341407776,0.475,0.025,74.72989395747268,52.03260250023841,90112.0001,0.0,0.0033837987575680017,0.2282753586769104,0.0,0.23419076204299927,0.24513836205005646,0.2542419731616974,-1.5399975776672363,-1.5193368196487427,-1.502195954322815,0.0,1.0
91136,89,7,189.0758786850702,146.57142857142858,-0.0033273459586780517,0.006371013139141723,-0.29864722341299055,0.003154850458668079,0.024560546875,0.5814248658716679,0.10070239142514766,5.834157943725586,7.414104461669922,75.39939880371094,46.28947448730469,69.56523895263672,48.23689651489258,0.974346129695859,0.9733105301856995,0.29639676213264465,0.625,0.0,74.73741649075271,51.97164634132393,91136.0001,0.0,-0.000777578738052398,0.22745457291603088,0.0,0.23508521914482117,0.245714008808136,0.2558400630950928,-1.5383036136627197,-1.5182455778121948,-1.4991989135742188,0.0,1.0
92160,90,7,198.20589227614136,151.85714285714286,-0.0040833208244293925,0.010052727267611772,-0.2982947513461113,0.0024698558219824916,0.044580078125,0.6009544923901557,0.20304990103468298,7.215200901031494,12.385651588439941,74.23053741455078,49.340938568115234,67.01533508300781,51.58784866333008,0.9369880553651577,1.1466020345687866,0.6110464334487915,0.65,0.025,74.73178450614746,51.943175418866254,92160.0001,0.0,0.0018847094615921378,0.22641883790493011,0.0,0.2340032160282135,0.24533890187740326,0.25527071952819824,-1.5403528213500977,-1.5189841985702515,-1.500266432762146,0.0,1.0
93184,91,8,169.36372991392108,143.375,-0.0065584789379499854,0.009588047151919455,-0.30073634162545204,0.005188770491804462,0.0492431640625,0.6108453460037708,0.11064113439060748,-2.956256866455078,11.134207725524902,82.66732788085938,53.45926284790039,85.62358093261719,49.344547271728516,0.9566216857891177,0.9817636013031006,0.36621391773223877,0.725,0.0,74.81898822652167,51.96666156678579,93184.0001,0.0,0.020830219611525536,0.23153603076934814,0.0,0.23401622474193573,0.24536089599132538,0.25571784377098083,-1.5403281450271606,-1.5189385414123535,-1.4994280338287354,0.0,1.0
94208,92,7,153.41388939031526,138.71428571428572,-0.004459998896345496,0.014148457942064851,-0.30132717564702033,0.006190417250036262,0.035205078125,0.5678265631198883,0.14404891533777117,-5.459200382232666,14.487253189086914,74.26473999023438,49.41923522949219,79.72393798828125,49.72197723388672,0.9140630298979278,1.0167659521102905,0.6075282096862793,0.625,0.025,74.81296373658459,51.93967560404652,94208.0001,0.0,0.019397692754864693,0.23088988661766052,0.0,0.23527787625789642,0.2447378784418106,0.25290873646736145,-1.5379388332366943,-1.5200718641281128,-1.5046980381011963,0.0,1.0
95232,93,8,163.29268250723118,146.75,-0.004641242348589003,0.004814069694839418,-0.30770871937274935,0.0020627359903301113,0.0296630859375,0.5422583356499672,0.1279754820279777,-2.084087610244751,9.543153762817383,68.79454040527344,45.857582092285156,70.87862396240234,50.156253814697266,0.9566926587572108,0.8482298254966736,0.4541780352592468,0.6,0.0,74.74824949124583,51.88178257790427,95232.0001,0.0,-0.007671437691897154,0.2325020581483841,0.0,0.23240578174591064,0.24281726777553558,0.25158175826072693,-1.5433800220489502,-1.5237212181091309,-1.5071901082992554,0.0,1.0
96256,94,7,163.5481803753627,138.14285714285714,-0.005509225018613506,0.005453635950107128,-0.3177852086722851,0.005091902388085145,0.0649169921875,0.66071612611413,0.09085244601592421,2.011291265487671,7.264310836791992,64.66018676757812,47.524112701416016,62.648895263671875,50.03631591796875,0.9766352686354082,1.4377572536468506,0.282344251871109,0.75,0.0,74.64092963431233,51.84768285548715,96256.0001,0.0,0.006776959169656038,0.22986918687820435,0.0,0.23027834296226501,0.24175816774368286,0.2518862783908844,-1.547415018081665,-1.5257320404052734,-1.5066180229187012,0.0,1.0
97280,95,7,159.33241890669822,129.0,-0.006182548985816538,0.007119147543562576,-0.32346111088991164,0.003438600325898733,0.0574462890625,0.5611120041459798,0.08547001187689603,1.9387773275375366,9.863527297973633,76.00238800048828,42.019554138183594,74.06361389160156,39.690269470214844,0.9448987307524466,0.9684278964996338,0.23255732655525208,0.6,0.0,74.65526079893408,51.75413589616884,97280.0001,0.0,-0.010789133608341217,0.22819910943508148,0.0,0.23081541061401367,0.24064262211322784,0.2506832778453827,-1.546396017074585,-1.5278154611587524,-1.5088783502578735,0.0,1.0
98304,96,5,187.75331995296676,167.6,-0.0038977966643869875,0.009242662147153169,-0.3256381921470165,0.004400101330247708,0.0287353515625,0.49092543087899687,0.09692829353734851,-3.014855146408081,11.297043800354004,73.65709686279297,48.169281005859375,76.67195129394531,48.27521514892578,0.9449966211561766,1.003098487854004,0.29421868920326233,0.475,0.0,74.644863240989,51.718173675733226,98304.0001,0.0,0.0010150304296985269,0.21872836351394653,0.0,0.23124511539936066,0.24113623797893524,0.2503310441970825,-1.5455809831619263,-1.526870846748352,-1.509540319442749,0.0,1.0
99328,97,9,152.8445692975597,142.22222222222223,-0.003882074437569827,0.014472341677173973,-0.32089521214365957,0.002218438965792302,0.041455078125,0.5711294382810592,0.1286820294801146,-1.9776326417922974,14.72996997833252,71.8790054321289,50.20442581176758,73.85664367675781,51.29882049560547,0.9139165524000542,1.135090708732605,0.37243157625198364,0.575,0.0,74.61634924025786,51.703548962749544,99328.0001,0.0,-0.013029016554355621,0.2267393320798874,0.0,0.2307017594575882,0.24229121208190918,0.250537246465683,-1.5466116666793823,-1.5247068405151367,-1.5091527700424194,0.0,1.0
100352,98,6,174.19905938376277,156.83333333333334,-0.003220286127179861,0.006151124503230676,-0.31343946903944014,0.00224809482897399,0.0289794921875,0.5534981168806553,0.11146356267854571,-1.8472191095352173,10.701173782348633,69.29505157470703,49.13862609863281,71.14227294921875,50.63401412963867,0.9525739648185295,1.1977285146713257,0.3492640554904938,0.525,0.0,74.56205027282229,51.680786165817274,100352.0001,0.0,-0.007553087081760168,0.22427599132061005,0.0,0.23197901248931885,0.24365229904651642,0.2499646693468094,-1.544189214706421,-1.522147536277771,-1.5102291107177734,0.0,1.0
101376,99,8,152.669131676415,136.625,-0.003938224003650248,0.007414301042445004,-0.3073089078068733,0.002789981487148907,0.0401123046875,0.5770002238452434,0.09093056046403944,-0.1042875200510025,9.433609962463379,66.43854522705078,47.5830078125,66.54283142089844,50.03422927856445,0.9606946143864394,1.0893423557281494,0.29542580246925354,0.625,0.0,74.47999468260846,51.64740852097517,101376.0001,0.0,-0.018582448363304138,0.22712184488773346,0.0,0.23355814814567566,0.2442273050546646,0.24994689226150513,-1.5411959886550903,-1.5210437774658203,-1.5102624893188477,0.0,1.0
102400,100,8,144.55254547465768,124.125,-0.004481213784310966,0.00551973435212858,-0.3050623059272766,0.005195306334644556,0.03984375,0.5627853222191334,0.09827388846315444,-1.136980414390564,9.894856452941895,78.08971405029297,48.48373031616211,79.22669982910156,44.268798828125,0.9583488519634232,1.1033614873886108,0.2953124940395355,0.575,0.0,74.5160919177789,51.61798114669098,102400.0001,0.0,-0.024975324049592018,0.22735387086868286,0.0,0.23458263278007507,0.24481771886348724,0.2515002191066742,-1.5392553806304932,-1.5199311971664429,-1.5073432922363281,0.0,1.0
103424,101,8,172.69216198825168,143.5,-0.0036373665439896285,0.006162304658209905,-0.30476141795516015,0.005308887628780212,0.026904296875,0.5200907945632934,0.09844855950213968,1.3357937335968018,10.057194709777832,61.793704986572266,44.44796371459961,60.457908630371094,46.803287506103516,0.948802347657392,1.0454657077789307,0.3263573944568634,0.4,0.0,74.39012768482735,51.56726604300542,103424.0001,0.0,-0.020061876624822617,0.22443130612373352,0.0,0.23425795137882233,0.2438739687204361,0.2513660490512848,-1.539870262145996,-1.521732211112976,-1.5075953006744385,0.0,1.0
104448,102,6,142.84321758714725,124.16666666666667,-0.003758863057009876,0.008987741905730217,-0.31005334854125977,0.0040295000959304165,0.03916015625,0.5439130410552024,0.13099679555743932,-3.0602593421936035,12.379008293151855,85.7192153930664,51.72317123413086,88.77947998046875,49.24199295043945,0.9427202111926288,0.912405788898468,0.4067477881908417,0.575,0.0,74.50119720064578,51.580876172842096,104448.0001,0.0,-0.00975511223077774,0.2274477183818817,0.0,0.23373828828334808,0.2435765415430069,0.2527756094932556,-1.5408546924591064,-1.5222700834274292,-1.5049480199813843,0.0,1.0
105472,103,6,172.68760309771292,150.66666666666666,-0.0038111108005978167,0.005181384272873402,-0.310768111795187,0.0035780174119281584,0.0229248046875,0.5420105397701264,0.10498128905892372,-0.3846992254257202,8.962652206420898,65.81904602050781,42.22883224487305,66.20375061035156,44.714847564697266,0.9549541403658766,0.9815664887428284,0.30062803626060486,0.65,0.0,74.41690451959155,51.50528057373744,105472.0001,0.0,-0.012282726354897022,0.22750306129455566,0.0,0.23244869709014893,0.24310369789600372,0.2556290328502655,-1.5432987213134766,-1.5231884717941284,-1.4995946884155273,0.0,1.0
106496,104,9,169.21838038616886,152.44444444444446,-0.0021384982275776563,0.0049940994213102385,-0.3103692889213562,0.0028561348168295807,0.012255859375,0.4910625763237476,0.0846269188914448,-0.17541909217834473,9.123834609985352,62.449546813964844,47.34385681152344,62.62495803833008,49.8502311706543,0.9628612272034194,0.8405194282531738,0.31177517771720886,0.35,0.0,74.30183372061336,51.480117132633225,106496.0001,0.0,-0.01890874095261097,0.22884723544120789,0.0,0.23363715410232544,0.24419976770877838,0.2588004767894745,-1.541046380996704,-1.5211442708969116,-1.4936535358428955,0.0,1.0
107520,105,7,154.23483862476334,129.28571428571428,-0.0029672526987269522,0.004711634060367942,-0.305270679295063,0.004256169767177198,0.0177734375,0.5288784980773926,0.05936868973076344,0.47747039794921875,7.309369087219238,72.05078125,44.79768753051758,71.57331085205078,44.79029083251953,0.9733775146261218,1.3607590198516846,0.1338822841644287,0.475,0.0,74.28039514726568,51.42103585980073,107520.0001,0.0,-0.023816801607608795,0.2254256308078766,0.0,0.23404563963413239,0.2445528358221054,0.2582450211048126,-1.5402724742889404,-1.5204499959945679,-1.494693398475647,0.0,1.0
108544,106,8,160.22693754224565,139.25,-0.004009712464176118,0.009289386362070218,-0.3075972512364388,0.0007146137446397916,0.025634765625,0.538555447012186,0.08462496595457196,-1.8524136543273926,9.659079551696777,59.865760803222656,43.68463134765625,61.718177795410156,44.6815299987793,0.9511106671381394,1.0133657455444336,0.18961858749389648,0.5,0.0,74.14440802636842,51.37239879441828,108544.0001,0.0,-0.026485910639166832,0.22751609981060028,0.0,0.23112523555755615,0.2431037276983261,0.2572017312049866,-1.5458083152770996,-1.5231986045837402,-1.4966473579406738,0.0,1.0
109568,107,6,158.99513662066812,128.5,-0.004068530676886439,0.004081101299379952,-0.3143747314810753,0.005899992772901897,0.0492919921875,0.6232192769646645,0.13904198897071182,3.4641952514648438,7.344155788421631,64.40824127197266,45.3907470703125,60.94404602050781,49.91294860839844,0.973821236368612,1.2009894847869873,0.44701603055000305,0.675,0.0,74.05341580429321,51.3282730397944,109568.0001,0.0,-0.029867023229599,0.22932490706443787,0.0,0.22938212752342224,0.2429255098104477,0.25776636600494385,-1.5491161346435547,-1.5235323905944824,-1.4955897331237793,0.0,1.0
110592,108,9,167.32918518944845,142.77777777777777,-0.003066238109022379,0.0039308897219598295,-0.3128165274858475,0.002678706597362179,0.024609375,0.5611028045415878,0.0634913647081703,0.08901244401931763,7.7109375,70.07425689697266,44.7635498046875,69.98524475097656,44.275814056396484,0.9703267313479085,0.8479481339454651,0.15879318118095398,0.55,0.0,74.01657174650968,51.27276053041698,110592.0001,0.0,-0.02903083525598049,0.22406019270420074,0.0,0.2288265824317932,0.24330557882785797,0.25827375054359436,-1.5501707792282104,-1.5228379964828491,-1.4946396350860596,0.0,1.0
111616,109,6,158.04823756387736,128.16666666666666,-0.005286439717747271,0.004172589036170393,-0.31379289627075196,0.0034100611417670736,0.0436279296875,0.5691683366894722,0.07522702421993017,0.4581539034843445,7.389831066131592,69.0210952758789,41.65062713623047,68.56294250488281,43.27545928955078,0.9685206393877259,0.9777650237083435,0.2152194231748581,0.575,0.0,73.97074171288611,51.19492032861431,111616.0001,0.0,-0.015609681606292725,0.22017383575439453,0.0,0.22796469926834106,0.24218617379665375,0.25559309124946594,-1.5518076419830322,-1.5249457359313965,-1.499661922454834,0.0,1.0
112640,110,8,163.78954305032508,142.0,-0.0037290176958777012,0.004356622332124971,-0.3204840920865536,0.002970691227528732,0.0236572265625,0.563103637099266,0.04966766149736941,1.0766518115997314,7.215939998626709,68.56253814697266,43.40620803833008,67.48588562011719,43.341453552246094,0.9723635543417578,1.1675249338150024,0.10629120469093323,0.625,0.0,73.92157621009738,51.13203471704001,112640.0001,0.0,-0.030783386901021004,0.22624780237674713,0.0,0.2265855222940445,0.24136799573898315,0.25448188185691833,-1.5544283390045166,-1.5265007019042969,-1.5017459392547607,0.0,1.0
113664,111,9,152.6972630592092,128.88888888888889,-0.003472548141144216,0.0039061274437699467,-0.32439570501446724,0.004778546256420668,0.03173828125,0.5191484656184912,0.05100939921103418,-0.24937909841537476,6.887031555175781,80.2669906616211,51.70638656616211,80.51637268066406,50.9979248046875,0.98225909554836,0.9606675505638123,0.1283375322818756,0.5,0.0,73.97874211932321,51.14075253118076,113664.0001,0.0,-0.0223692674189806,0.22553551197052002,0.0,0.22562161087989807,0.2408255785703659,0.2537079453468323,-1.5562608242034912,-1.5275028944015503,-1.5031980276107788,0.0,1.0
114688,112,8,166.55708821355176,135.75,-0.005616703326813877,0.007479640754172579,-0.3259601667523384,0.0060820678496384065,0.0422119140625,0.5451017681509256,0.11943005910143256,-4.944109916687012,9.484199523925781,76.23928833007812,47.804779052734375,81.18339538574219,45.22794723510742,0.9606396690434295,0.9386525750160217,0.5300921201705933,0.55,0.025,73.99892557577851,51.11237274935131,114688.0001,0.0,-0.02247309871017933,0.22970107197761536,0.0,0.2268098145723343,0.2409082055091858,0.2519734799861908,-1.554002046585083,-1.5273308753967285,-1.5064542293548584,0.0,1.0
115712,113,8,136.55313254688554,131.375,-0.005648370378185064,0.00874038353213109,-0.3261065572500229,0.005912097278633155,0.0549560546875,0.5907195214182138,0.17725311508402228,-5.463528633117676,12.616740226745605,67.59819793701172,49.55194854736328,73.06172180175781,46.76755905151367,0.9351704667827461,1.119585394859314,0.5349541306495667,0.6,0.025,73.94228195922958,51.10228877051682,115712.0001,0.0,-0.015256904065608978,0.23256979882717133,0.0,0.22896631062030792,0.24029292166233063,0.25019052624702454,-1.54990553855896,-1.5284985303878784,-1.5098044872283936,0.0,1.0
116736,114,8,147.75224007753485,128.5,-0.004919710959075019,0.0062574719049734995,-0.32857709378004074,0.004500410465698224,0.04619140625,0.5795114032924176,0.11017717877402902,-3.103238821029663,9.1306734085083,68.56294250488281,45.34041213989258,71.66617584228516,42.318077087402344,0.9594459049297417,1.3631149530410767,0.33482906222343445,0.475,0.0,73.8950947438961,51.057037156936836,116736.0001,0.0,-0.028115123510360718,0.22804252803325653,0.0,0.22915366291999817,0.24055451154708862,0.25097885727882385,-1.5495498180389404,-1.5280081033706665,-1.508322834968567,0.0,1.0
117760,115,6,136.63382329883265,120.83333333333333,-0.0036866413429379463,0.004386185019393451,-0.32755414545536043,0.004623314457421657,0.0274169921875,0.5568354368209839,0.05833624699153006,-0.5019394159317017,7.859271049499512,74.37955474853516,45.44931411743164,74.88150024414062,44.60636901855469,0.9700973373174587,1.1395543813705444,0.16709528863430023,0.625,0.0,73.89930746774539,51.010951233709505,117760.0001,0.0,-0.01267306786030531,0.22594965994358063,0.0,0.22845666110515594,0.24022740125656128,0.24929288029670715,-1.5508732795715332,-1.5286345481872559,-1.5114922523498535,0.0,1.0
118784,116,9,173.88276428256688,139.44444444444446,-0.0025789375038584696,0.00767612557974644,-0.33139558136463165,0.005481076856085565,0.0421630859375,0.5784460991621018,0.1115539855323732,-0.7396024465560913,11.026994705200195,77.52204895019531,50.85011672973633,78.26165771484375,53.81798553466797,0.9529748295570285,1.1038215160369873,0.40402257442474365,0.65,0.0,73.9305380147208,51.010666327625316,118784.0001,0.0,-0.01032861229032278,0.23382224142551422,0.0,0.22568286955356598,0.23916977643966675,0.2486657202243805,-1.5561443567276,-1.5306369066238403,-1.512671947479248,0.0,1.0
119808,117,8,156.77961900183556,135.125,-0.0043997030588798225,0.002749267269973643,-0.3366785876452923,0.0031521680488367566,0.0394775390625,0.5382698141038418,0.047985703498125074,0.5911455750465393,5.735550880432129,73.08990478515625,48.76806640625,72.4987564086914,49.608421325683594,0.9861681849125469,1.029233694076538,0.14456409215927124,0.5,0.0,73.92335311011897,50.99197540426392,119808.0001,0.0,0.0002898474922403693,0.2281990796327591,0.0,0.22616128623485565,0.23868858814239502,0.24588696658611298,-1.5552347898483276,-1.531514048576355,-1.5179030895233154,0.0,1.0
120832,118,8,169.00757834292313,135.5,-0.003860605170484632,0.004205835075117648,-0.3405376173555851,0.004739260117639787,0.0325439453125,0.6099131099879742,0.0479288917966187,-0.16003043949604034,6.785123348236084,72.18714904785156,48.96385192871094,72.34718322753906,48.69470977783203,0.9807972095824156,1.1537610292434692,0.10544591397047043,0.675,0.0,73.9086395012511,50.975375379252355,120832.0001,0.0,-0.0017308850074186921,0.22894810140132904,0.0,0.2265227884054184,0.23749591410160065,0.24323879182338715,-1.5545475482940674,-1.5337473154067993,-1.5228948593139648,0.0,1.0
121856,119,7,162.09376458940898,130.42857142857142,-0.0037346213532146065,0.0058430381322978064,-0.3473769538104534,0.005260747874854132,0.0319580078125,0.5198342826217413,0.0992705193348229,-2.1521668434143066,9.410097122192383,69.89909362792969,41.40038299560547,72.05126190185547,41.55098342895508,0.9483370193567933,1.0208834409713745,0.2788720726966858,0.425,0.0,73.87494583552137,50.90373372401944,121856.0001,0.0,0.004397836979478598,0.2301088571548462,0.0,0.2252771258354187,0.2365991622209549,0.2434665560722351,-1.5569159984588623,-1.5354574918746948,-1.5224652290344238,0.0,1.0
122880,120,7,165.20759921046374,138.57142857142858,-0.005810306186322123,0.004445628318353556,-0.35281759724020956,0.003542888020456303,0.0552490234375,0.5348712015897036,0.09845698857679963,0.4555296301841736,8.476988792419434,68.90489196777344,43.855777740478516,68.44935607910156,47.773841857910156,0.9626380458305591,0.9543794393539429,0.3517319858074188,0.55,0.0,73.83352870991101,50.85104454248158,122880.0001,0.0,-0.005336735397577286,0.23047877848148346,0.0,0.2242867797613144,0.23518846929073334,0.24223971366882324,-1.5587998628616333,-1.5381392240524292,-1.5247797966003418,0.0,1.0
123904,121,7,174.12018990638853,144.14285714285714,-0.0047828018083237115,0.0032375828333897514,-0.3590500719845295,0.006569593986205291,0.0399658203125,0.5838250514119864,0.13671150989830494,4.204105854034424,6.589461326599121,71.202392578125,48.65637969970703,66.998291015625,51.98230743408203,0.9816591161546108,0.9953853487968445,0.4896470308303833,0.6,0.0,73.81178383751819,50.83385320499015,123904.0001,0.0,-0.007437874097377062,0.2289382368326187,0.0,0.2249029576778412,0.23493780195713043,0.24378322064876556,-1.5576276779174805,-1.5386277437210083,-1.521868109703064,0.0,1.0
124928,122,7,164.17533843444386,132.71428571428572,-0.0037090708210598677,0.006278855376876891,-0.35686404779553416,0.004823468999529723,0.027978515625,0.5442083112895488,0.08301991545595229,1.9343619346618652,9.71135425567627,71.05929565429688,45.49648666381836,69.12493133544922,44.684722900390625,0.9544378777973858,1.0815699100494385,0.24549905955791473,0.525,0.0,73.78922242827451,50.79299040052825,124928.0001,0.0,-0.0009767641313374043,0.2304496467113495,0.0,0.22532224655151367,0.2359495908021927,0.24568741023540497,-1.5568301677703857,-1.5366815328598022,-1.518278956413269,0.0,1.0
125952,123,6,187.4579079652395,152.33333333333334,-0.003387320472393185,0.004348575786571019,-0.35220830887556076,0.0037208769514109007,0.028076171875,0.5602747723460197,0.08895502425730228,1.6283236742019653,8.042126655578613,75.002197265625,48.71753692626953,73.37387084960938,51.60930633544922,0.9727497078089444,1.061286211013794,0.3412436544895172,0.5,0.0,73.79908401940217,50.77657568914685,125952.0001,0.0,-0.007048036903142929,0.22529231011867523,0.0,0.2228962630033493,0.23600439727306366,0.24768586456775665,-1.5614464282989502,-1.5365945100784302,-1.51451575756073,0.0,1.0
126976,124,8,166.65280308036887,143.25,-0.00380351523635909,0.004488976421998814,-0.35419673919677735,0.003944314048567321,0.0219482421875,0.532148040086031,0.08494173311628402,2.2361416816711426,8.640663146972656,68.2012710571289,43.55740737915039,65.96513366699219,44.43285369873047,0.9606477021434636,1.059954285621643,0.26903656125068665,0.5,0.0,73.75394038193087,50.72493733911456,126976.0001,0.0,0.00431684497743845,0.2249632328748703,0.0,0.22078561782836914,0.2355431169271469,0.24927273392677307,-1.5654665231704712,-1.537474274635315,-1.5115301609039307,0.0,1.0
128000,125,6,173.26555852981755,151.33333333333334,-0.0041375546832568945,0.0033574044558918104,-0.35770842134952546,0.0066304952270002104,0.0427001953125,0.5593504093587398,0.06642840127460659,2.328420639038086,7.051794528961182,80.1953125,48.69530487060547,77.86688995361328,48.11096954345703,0.9790287091942306,1.0844420194625854,0.21531152725219727,0.6,0.0,73.80547134553215,50.71226921136511,128000.0001,0.0,-0.0005792618612758815,0.22982075810432434,0.0,0.21689721941947937,0.23484160006046295,0.25019463896751404,-1.5728824138641357,-1.5388439893722534,-1.5097967386245728,0.0,1.0
129024,126,9,173.83342998448416,141.33333333333334,-0.003479900537058711,0.005689713719766587,-0.3601544998586178,0.0033470758382463826,0.035205078125,0.5234613966196775,0.10366394822485744,-1.2605422735214233,8.416680335998535,77.69818878173828,53.449893951416016,78.958740234375,55.9296989440918,0.975203636425072,0.8473913669586182,0.2973747253417969,0.475,0.0,73.83636596837148,50.73575374734352,129024.0001,0.0,-0.00588024640455842,0.22104081511497498,0.0,0.21509461104869843,0.23472796380519867,0.2499246895313263,-1.5763245820999146,-1.5390604734420776,-1.5103042125701904,0.0,1.0
130048,127,7,159.48354350419683,150.57142857142858,-0.004798925097566098,0.009077644476201385,-0.3609280936419964,0.0018941967806313186,0.0358642578125,0.5193178452551365,0.11936033619567751,-3.282048463821411,11.11812973022461,76.79023742675781,51.83026123046875,80.0722885131836,51.11663818359375,0.9539853007512661,0.9234635233879089,0.41690900921821594,0.5,0.0,73.859624838143,50.74513576425845,130048.0001,0.0,-0.009954191744327545,0.22030553221702576,0.0,0.21548837423324585,0.2344619184732437,0.24863284826278687,-1.5755724906921387,-1.5395547151565552,-1.512733817100525,0.0,1.0
131072,128,6,175.08726338296296,148.16666666666666,-0.0029328403878025712,0.004480405425420031,-0.364604589343071,0.004037967709882651,0.0259765625,0.5823022898286581,0.08606569622643293,3.1224117279052734,7.588845729827881,71.01522827148438,44.86525344848633,67.89281463623047,44.76520919799805,0.9713891250827509,1.342134714126587,0.28200072050094604,0.625,0.0,73.83740297045881,50.702460549193326,131072.0001,0.0,-0.0005842039245180786,0.2241705060005188,0.0,0.21680782735347748,0.23331661522388458,0.24520163238048553,-1.5730531215667725,-1.5417237281799316,-1.5191943645477295,0.0,1.0
132096,129,9,151.89093306147248,141.33333333333334,-0.003249434835743159,0.015554338332731277,-0.368297404050827,0.002892717462964356,0.0240478515625,0.5646196849644184,0.13280772371217608,-4.58177375793457,12.779476165771484,66.40812683105469,49.39651107788086,70.98989868164062,46.52773666381836,0.9330680327418105,0.8942670822143555,0.4624437689781189,0.625,0.0,73.77981171256481,50.69665356905852,132096.0001,0.0,-0.012872382998466492,0.22702088952064514,0.0,0.21751581132411957,0.23364295065402985,0.24373169243335724,-1.5717018842697144,-1.5410866737365723,-1.5219652652740479,0.0,1.0
133120,130,8,140.82003027071488,120.0,-0.0034999529452761635,0.00919685386470519,-0.36303116008639336,0.0045394158849376256,0.0248291015625,0.51592684276402,0.1193870295304805,-4.730612277984619,10.899950981140137,68.70735931396484,47.453887939453125,73.4379653930664,44.4881477355957,0.9472399054283804,0.812834620475769,0.45938175916671753,0.475,0.0,73.74079283532889,50.67443911602925,133120.0001,0.0,-0.02397829294204712,0.23103323578834534,0.0,0.21737797558307648,0.23502777516841888,0.24489663541316986,-1.571964979171753,-1.5384674072265625,-1.5197690725326538,0.0,1.0
134144,131,7,152.26635475247892,133.0,-0.004087904084008187,0.0020813906769035382,-0.3616028122603893,0.0024680704751517623,0.0338623046875,0.6041170656681061,0.06480304603464901,-0.7523899674415588,5.566690921783447,61.011417388916016,40.744293212890625,61.76380157470703,43.17781066894531,0.9813335972520381,1.0401817560195923,0.22046060860157013,0.675,0.0,73.64362201057786,50.618143792431034,134144.0001,0.0,-0.023551911115646362,0.22593694925308228,0.0,0.21330690383911133,0.2333926409482956,0.24420253932476044,-1.5797408819198608,-1.5416101217269897,-1.5210773944854736,0.0,1.0
135168,132,9,152.46657920407347,136.11111111111111,-0.0022633780725300314,0.0038927848218008876,-0.37202741354703905,0.0028311038404353894,0.0180908203125,0.5194040946662426,0.09460707982070744,2.6517584323883057,7.657663822174072,64.50711059570312,46.13502502441406,61.8553466796875,48.03860092163086,0.9724493979109669,0.8561351299285889,0.31981831789016724,0.55,0.0,73.57440600137025,50.591877334914585,135168.0001,0.0,-0.008836054243147373,0.22734369337558746,0.0,0.21215415000915527,0.232014998793602,0.24377724528312683,-1.5819450616836548,-1.5442060232162476,-1.5218793153762817,0.0,1.0
136192,133,7,155.16786794875665,134.0,-0.002862829581135884,0.006583139556460083,-0.3791749969124794,0.0016492936832946726,0.0209716796875,0.5078097946941853,0.09049227028153836,-0.5484349131584167,9.679737091064453,58.70992660522461,42.79105758666992,59.25836181640625,45.06399154663086,0.9488293271602429,1.0074639320373535,0.2525020241737366,0.425,0.0,73.4626429768818,50.55402744990773,136192.0001,0.0,-0.012152783572673798,0.22638659179210663,0.0,0.20996564626693726,0.23071108758449554,0.24167592823505402,-1.5861327648162842,-1.5466994047164917,-1.525843858718872,0.0,1.0
137216,134,6,146.9727297232529,130.33333333333334,-0.004003364476375282,0.003754614299396053,-0.3839745320379734,0.002705354602949228,0.0260986328125,0.582542559504509,0.0911787263583392,3.238328456878662,5.7930521965026855,62.198768615722656,40.87595748901367,58.96044158935547,42.69081115722656,0.9799146688630771,1.1250509023666382,0.30297932028770447,0.575,0.0,73.37858422021216,50.497979921885005,137216.0001,0.0,-0.004613696131855249,0.2242531031370163,0.0,0.20892585813999176,0.23046691715717316,0.2420991212129593,-1.5881236791610718,-1.547169804573059,-1.5250450372695923,0.0,1.0
138240,135,7,167.60941185633072,145.0,-0.005149937982787378,0.007585189351812005,-0.38829885572195055,0.005272829596651718,0.047998046875,0.5246894091367722,0.09154465966857969,0.3606550991535187,10.959341049194336,72.38111877441406,45.86104202270508,72.02046203613281,45.43532943725586,0.9428940969759529,0.9882233738899231,0.2654968798160553,0.475,0.0,73.37119559413262,50.465271041306984,138240.0001,0.0,0.002780131995677948,0.22374965250492096,0.0,0.2071647346019745,0.22909224033355713,0.2407715618610382,-1.591497778892517,-1.5497511625289917,-1.5275511741638184,0.0,1.0
139264,136,7,163.26230201718954,164.14285714285714,-0.005004224664298817,0.009220893855672329,-0.3918098159134388,0.004177827412786428,0.0425537109375,0.5534749515354633,0.08595462590456009,1.9933149814605713,10.994755744934082,59.562286376953125,51.427589416503906,57.568973541259766,48.47141647338867,0.954293406334165,0.8529260158538818,0.23436084389686584,0.6,0.0,73.26965951553213,50.48619964896529,139264.0001,0.0,-0.007926331833004951,0.22863414883613586,0.0,0.20896241068840027,0.2294103354215622,0.2405289113521576,-1.5880537033081055,-1.5491594076156616,-1.5280094146728516,0.0,1.0
140288,137,8,180.05959590952097,152.75,-0.004853558877948671,0.003493239203817211,-0.39061957895755767,0.0027213269378989933,0.039013671875,0.6028695307672024,0.1560146614909172,5.315433979034424,6.2816596031188965,63.58894348144531,47.48445129394531,58.27351760864258,50.53904342651367,0.9824996790781716,0.9976548552513123,0.5630785226821899,0.675,0.025,73.19899736543829,50.47166359029889,140288.0001,0.0,-0.025393368676304817,0.2262691706418991,0.0,0.21034757792949677,0.22924768924713135,0.24235279858112335,-1.5854016542434692,-1.5494561195373535,-1.5245662927627563,0.0,1.0
141312,138,6,142.48855702116964,123.83333333333333,-0.004265334986848756,0.00825635822257027,-0.3945129066705704,0.005273854064580519,0.03818359375,0.652251098304987,0.16917915493249894,-2.98641300201416,11.525260925292969,87.67101287841797,51.208744049072266,90.65742492675781,44.15726852416992,0.9493460563081317,1.0677675008773804,0.5792421698570251,0.775,0.025,73.303867063227,50.491965645764786,141312.0001,0.0,0.002034145640209317,0.2251090705394745,0.0,0.20989589393138885,0.2281617671251297,0.2417493313550949,-1.586266279220581,-1.5515227317810059,-1.5257052183151245,0.0,1.0
142336,139,4,174.21507202298955,150.5,-0.004227443627314642,0.008704660547664389,-0.4006068080663681,0.0034522970134275967,0.025634765625,0.5418518491089344,0.12005987158045173,-4.648911476135254,11.674400329589844,63.76155471801758,42.42523193359375,68.41046905517578,42.30870056152344,0.9242782380622421,0.8792380690574646,0.5125417709350586,0.6,0.025,73.23521735203522,50.44498585186814,142336.0001,0.0,-0.011274431832134724,0.2231787145137787,0.0,0.20819054543972015,0.22713778913021088,0.24129489064216614,-1.5895321369171143,-1.5534502267837524,-1.526563048362732,0.0,1.0
143360,140,10,174.61626382027953,154.5,-0.004644990892848,0.007521982985781506,-0.40495197400450705,0.003176696095033549,0.0359619140625,0.6059785116463899,0.20255973814055322,5.258755683898926,11.216230392456055,60.905799865722656,49.47761154174805,55.64704513549805,55.92959976196289,0.9486102681953962,1.049625277519226,0.7907223701477051,0.7,0.075,73.14715009048318,50.448827665726256,143360.0001,0.0,-0.007416136097162962,0.22122488915920258,0.0,0.2065511792898178,0.22672374546527863,0.2421034723520279,-1.592673897743225,-1.5542691946029663,-1.5250368118286133,0.0,1.0
144384,141,6,171.4184148891346,144.16666666666666,-0.004331864605774172,0.0074690187291707845,-0.4066648431122303,0.005172262857377064,0.038671875,0.5656045250594616,0.09310370991006493,0.6534827947616577,10.139344215393066,82.41383361816406,51.22542190551758,81.7603530883789,52.89442825317383,0.9608214195812262,1.0032821893692017,0.24291905760765076,0.65,0.0,73.21287127502886,50.46036965892664,144384.0001,0.0,0.004667673725634813,0.22325849533081055,0.0,0.2081768810749054,0.2264278382062912,0.24208320677280426,-1.5895583629608154,-1.5548032522201538,-1.525075078010559,0.0,1.0
145408,142,8,159.00820394163063,136.625,-0.004701944813132286,0.0073041818046476695,-0.41090262606739997,0.003456300642574206,0.045166015625,0.7092383340001106,0.09511317382566631,-0.09469717741012573,10.134102821350098,77.67164611816406,49.2254753112793,77.76634216308594,45.7739372253418,0.9576170906471333,1.2809667587280273,0.24298672378063202,0.8,0.0,73.24427107964857,50.45315663317114,145408.0001,0.0,-0.003986611496657133,0.2286221981048584,0.0,0.20697368681430817,0.22512729465961456,0.23965370655059814,-1.591863989830017,-1.557266354560852,-1.5296627283096313,0.0,1.0
146432,143,8,152.76932767009544,127.75,-0.003820835624355823,0.008371120470110327,-0.4105599209666252,0.004095868411241099,0.0264892578125,0.551033478230238,0.17559977024793624,-7.048831939697266,10.00479793548584,69.67481994628906,46.03927230834961,76.72364807128906,40.63854217529297,0.9527763351639801,0.9673548936843872,0.6900506615638733,0.525,0.05,73.21930987842201,50.42450916388787,146432.0001,0.0,-0.006504714954644442,0.22502464056015015,0.0,0.20840395987033844,0.22727079689502716,0.2418365180492401,-1.5891233682632446,-1.5532163381576538,-1.5255407094955444,0.0,1.0
147456,144,8,144.74063419880548,126.875,-0.003097574593266472,0.008872027340112254,-0.398683051019907,0.004483265627641231,0.02880859375,0.6135318242013454,0.1931171233765781,-4.132289886474609,13.979578018188477,72.010498046875,48.172019958496094,76.14279174804688,53.046226501464844,0.9157832660536437,1.289589285850525,0.6992531418800354,0.55,0.075,73.21091534942676,50.40931387695719,147456.0001,0.0,0.006045666057616472,0.2223329097032547,0.0,0.20954574644565582,0.22835145890712738,0.24365931749343872,-1.5869367122650146,-1.5511654615402222,-1.5221017599105835,0.0,1.0
148480,145,8,155.64269191024178,144.875,-0.004953060409752652,0.009026281678234226,-0.39831642508506776,0.005437666615762282,0.05068359375,0.6044837221503258,0.2146255516447127,3.9420547485351562,13.161164283752441,68.69010162353516,57.061100006103516,64.748046875,62.57741928100586,0.946800410831602,1.136492133140564,0.7781326770782471,0.625,0.075,73.17973731150988,50.45957833240935,148480.0001,0.0,0.0015542058972641826,0.22383002936840057,0.0,0.20827333629131317,0.2275921255350113,0.2420828640460968,-1.5893735885620117,-1.552611231803894,-1.5250756740570068,0.0,1.0
149504,146,5,148.86620568414872,128.8,-0.0027310519479215147,0.005459156341385096,-0.40452679693698884,0.001796355380793102,0.0154052734375,0.5797530174255371,0.10359448627568782,-2.1055643558502197,9.924376487731934,71.06660461425781,42.547306060791016,73.17216491699219,41.97587966918945,0.9455920635854982,1.0449073314666748,0.30998459458351135,0.675,0.0,73.1652637560283,50.40991013088344,149504.0001,0.0,-0.009580069221556187,0.22574634850025177,0.0,0.2048182338476181,0.226347878575325,0.24138766527175903,-1.5959972143173218,-1.5549683570861816,-1.5263879299163818,0.0,1.0
150528,147,10,170.72938247201859,146.6,-0.003947295568650588,0.004376204751315527,-0.40957883149385454,0.001306702574947849,0.0178955078125,0.5570447504520416,0.10500974752940237,-0.5392653942108154,8.996699333190918,61.12506866455078,41.94142532348633,61.664337158203125,44.13985824584961,0.9539870549464662,0.8588167428970337,0.34649235010147095,0.525,0.0,73.08335767726325,50.366836825380325,150528.0001,0.0,-0.018499301746487617,0.22273123264312744,0.0,0.20456349849700928,0.22577308118343353,0.2413608878850937,-1.5964858531951904,-1.5560632944107056,-1.5264384746551514,0.0,1.0
151552,148,7,126.08071457547146,114.42857142857143,-0.003569856018293649,0.007170685962773859,-0.41185600608587264,0.0020413268692209387,0.0267822265625,0.6155014902353286,0.12472398336976767,-3.234375476837158,10.211810111999512,71.56079864501953,43.768165588378906,74.79517364501953,43.04459762573242,0.9455636757327308,1.2790404558181763,0.4145330488681793,0.625,0.0,73.07307012693231,50.32530914987646,151552.0001,0.0,-0.01980462856590748,0.22301968932151794,0.0,0.20338955521583557,0.22575576603412628,0.24217607080936432,-1.598738670349121,-1.5561009645462036,-1.5248998403549194,0.0,1.0
152576,149,8,147.13185243519425,145.125,-0.005066157423425466,0.008326767664402723,-0.40976111963391304,0.009386782074579969,0.06025390625,0.615971140563488,0.1187472341582179,-1.1681022644042969,10.544232368469238,59.38230514526367,49.24081802368164,60.55040740966797,51.81705093383789,0.9541457720924901,1.3886799812316895,0.37547633051872253,0.625,0.0,72.98118580535862,50.33052331201808,152576.0001,0.0,-0.019148141145706177,0.22114279866218567,0.0,0.20535731315612793,0.22645854949951172,0.24240386486053467,-1.5949630737304688,-1.5547715425491333,-1.5244699716567993,0.0,1.0
153600,150,8,162.5152372583102,142.125,-0.0045142832095734775,0.0063048780895769594,-0.4080601744353771,0.0029191565525252374,0.036328125,0.6562366805970669,0.09513632184825838,1.5918469429016113,9.085472106933594,68.74175262451172,49.13877487182617,67.14990234375,47.93495559692383,0.9658141520476883,1.0933711528778076,0.28091302514076233,0.725,0.0,72.95292291411508,50.32385433480596,153600.0001,0.0,-0.008359243161976337,0.22124908864498138,0.0,0.20441097021102905,0.22596293687820435,0.24285030364990234,-1.5967785120010376,-1.5557365417480469,-1.5236276388168335,0.0,1.0
154624,151,6,154.18110602878792,139.83333333333334,-0.005021361127728596,0.011749031452927739,-0.4096069626510143,0.001325263529724907,0.056103515625,0.6334443785250187,0.12312484253197908,-1.312178373336792,11.989624977111816,59.846397399902344,48.46965408325195,61.15857696533203,49.11599349975586,0.938811289024426,1.330808401107788,0.2667703330516815,0.625,0.0,72.86612472907757,50.32302924390477,154624.0001,0.0,-0.01932586170732975,0.21901379525661469,0.0,0.20475952327251434,0.22650498151779175,0.2436801940202713,-1.5961098670959473,-1.5546880960464478,-1.5220623016357422,0.0,1.0
155648,152,6,158.47732309782543,137.33333333333334,-0.003545802575536072,0.004006462942925282,-0.405742210149765,0.0034108888372429646,0.028759765625,0.5316513035446405,0.10283622783608734,2.5958495140075684,7.342019081115723,72.60894775390625,43.2232666015625,70.01309967041016,44.805877685546875,0.9711466785906336,0.8828737735748291,0.3869185745716095,0.475,0.0,72.86443276454058,50.27960077605305,155648.0001,0.0,-0.024633178487420082,0.2204500436782837,0.0,0.20641537010669708,0.22694094479084015,0.2437378466129303,-1.592934250831604,-1.55386483669281,-1.5219535827636719,0.0,1.0
156672,153,7,188.00549204436115,159.42857142857142,-0.004575654526706785,0.005432057185680605,-0.4039209358394146,0.0037044516910100357,0.0303955078125,0.5650591541081667,0.11823290311731398,-0.4394248425960541,8.912264823913574,72.72266387939453,42.20038604736328,73.1620864868164,44.93669509887695,0.9553991302047745,1.0540578365325928,0.33360642194747925,0.575,0.0,72.86350615787623,50.231015811659375,156672.0001,0.0,-0.017361976206302643,0.22354690730571747,0.0,0.2083841860294342,0.22721390426158905,0.24342294037342072,-1.5891612768173218,-1.5533171892166138,-1.5225474834442139,0.0,1.0
157696,154,8,152.41685699203651,147.5,-0.0050945409660926085,0.005302748776739463,-0.40098862946033476,0.004385395433928352,0.033349609375,0.46049841567873956,0.08101248336024583,-1.3634982109069824,7.9114251136779785,68.44659423828125,46.849853515625,69.81008911132812,44.42176055908203,0.9714837163089733,0.8121410608291626,0.23675020039081573,0.325,0.0,72.8348249125825,50.21104800299829,157696.0001,0.0,-0.024570442736148834,0.2200595885515213,0.0,0.21093302965164185,0.22810907661914825,0.24389289319515228,-1.5842812061309814,-1.551606297492981,-1.5216612815856934,0.0,1.0
158720,155,8,155.0901923619665,142.125,-0.0031437880534213036,0.005071549443528056,-0.39679222255945207,0.005652462484431453,0.025732421875,0.5429424338042736,0.07719545336440206,-1.6893187761306763,8.767180442810059,66.06845092773438,48.198585510253906,67.75776672363281,47.825286865234375,0.9669134687744152,0.8783808350563049,0.19957858324050903,0.6,0.0,72.79117085389476,50.20124603073935,158720.0001,0.0,-0.022762589156627655,0.21969370543956757,0.0,0.21260687708854675,0.22842858731746674,0.24530237913131714,-1.5810792446136475,-1.5510152578353882,-1.519004464149475,0.0,1.0
159744,156,6,172.94445039172976,138.5,-0.0027156446478329597,0.00509981993236579,-0.396294878423214,-0.0001848314204835333,0.013427734375,0.4920507438480854,0.12178279757499695,3.14054799079895,9.17233943939209,65.17411041259766,47.40913391113281,62.033565521240234,50.87677764892578,0.9625685882383332,0.9533597230911255,0.45293572545051575,0.375,0.0,72.74234356471602,50.187524273739854,159744.0001,0.0,-0.04152791202068329,0.21616250276565552,0.0,0.21030846238136292,0.22816593945026398,0.2456415444612503,-1.5854765176773071,-1.5515257120132446,-1.5183653831481934,0.0,1.0
160768,157,8,155.30644436750325,146.125,-0.005824527645017952,0.013424257631413639,-0.3966563671827316,0.004131018776388373,0.0466064453125,0.5844221532344818,0.20503461230546235,-4.845057010650635,16.08550262451172,67.03996276855469,47.90019989013672,71.885009765625,46.014129638671875,0.887229720209839,1.2582687139511108,0.7102802395820618,0.55,0.1,72.70602263322004,50.17533612203939,160768.0001,0.0,-0.026820069178938866,0.2212940901517868,0.0,0.20951735973358154,0.22886936366558075,0.24852049350738525,-1.5869910717010498,-1.5501855611801147,-1.5129451751708984,0.0,1.0
161792,158,6,163.32064523931993,138.83333333333334,-0.004907577054109424,0.005042285309173167,-0.3935476019978523,0.002614290377823636,0.034912109375,0.5444525234401226,0.10828733704984188,-3.5589025020599365,8.051815032958984,67.6998291015625,43.8822021484375,71.25872802734375,45.43552780151367,0.9663325097420588,0.8832439184188843,0.3630061745643616,0.625,0.0,72.67433787011142,50.13956186054384,161792.0001,0.0,-0.030999863520264626,0.22039850056171417,0.0,0.21014240384101868,0.2286854386329651,0.24896815419197083,-1.585794448852539,-1.5505280494689941,-1.5121030807495117,0.0,1.0
162816,159,8,154.0942374204651,134.375,-0.003888471802929416,0.0023095418378943577,-0.3987409085035324,0.0015664893799112178,0.0231201171875,0.515524261072278,0.04995206990279257,1.6104037761688232,4.842788219451904,79.24140930175781,44.94901657104492,77.6310043334961,46.1567268371582,0.9883921816728676,1.0938019752502441,0.14310145378112793,0.425,0.0,72.71564019501099,50.11128646395966,162816.0001,0.0,-0.033715203404426575,0.22165776789188385,0.0,0.20888058841228485,0.22705787420272827,0.24749533832073212,-1.5882104635238647,-1.5536192655563354,-1.5148744583129883,0.0,1.0
163840,160,8,161.18932575036308,138.875,-0.003935040545184165,0.006749911804217845,-0.4075190372765064,0.0033540268763317727,0.03681640625,0.5809829078614712,0.07924335622228681,1.3530678749084473,8.996280670166016,76.7254409790039,48.9464111328125,75.37237548828125,48.36492919921875,0.9662180877492859,1.0206032991409302,0.2247474193572998,0.6,0.0,72.74070145746265,50.1050866412387,163840.0001,0.0,-0.03974069282412529,0.2214454710483551,0.0,0.20763042569160461,0.22588180005550385,0.24692027270793915,-1.59060537815094,-1.5558923482894897,-1.515956997871399,0.0,1.0
164864,161,6,177.90864184164596,149.0,-0.003924443945288658,0.006367801123997196,-0.4140606611967087,0.004876723160850816,0.05087890625,0.5963814184069633,0.09211192005313933,-1.6345876455307007,8.569109916687012,67.13067626953125,43.50117111206055,68.7652587890625,42.356014251708984,0.9611966302562726,1.073264718055725,0.2778592109680176,0.65,0.0,72.70585655578559,50.06869703597864,164864.0001,0.0,-0.0357150100171566,0.22743582725524902,0.0,0.20496466755867004,0.22463779151439667,0.2467089593410492,-1.5957162380218506,-1.5582480430603027,-1.5163549184799194,0.0,1.0
165888,162,9,154.46463155541517,132.77777777777777,-0.006318523350637406,0.005467736450373195,-0.4187377654016018,0.004692914137558546,0.0343994140625,0.5239000499248505,0.11661170399747789,-3.654446601867676,9.503680229187012,72.9187240600586,46.00313186645508,76.57317352294922,45.627845764160156,0.9573215370936997,0.9700843691825867,0.30879294872283936,0.525,0.0,72.70717056771646,50.04461684313716,165888.0001,0.0,-0.04732324182987213,0.21968552470207214,0.0,0.2015419751405716,0.22449781000614166,0.24911268055438995,-1.602286458015442,-1.5585761070251465,-1.511831283569336,0.0,1.0
166912,163,7,144.86147511663123,135.42857142857142,-0.003765570587711409,0.0075311550579499455,-0.42191974744200705,0.0047985126206185665,0.0408935546875,0.5663447134196758,0.0899921634234488,-1.302162528038025,9.117276191711426,60.25553512573242,44.87677001953125,61.55769348144531,46.56401824951172,0.9587250012281175,1.08319091796875,0.25494784116744995,0.6,0.0,72.63078014630315,50.02399007752848,166912.0001,0.0,-0.05096133053302765,0.21752507984638214,0.0,0.19829227030277252,0.2233058363199234,0.25004592537879944,-1.6085329055786133,-1.5608634948730469,-1.5100762844085693,0.0,1.0
167936,164,7,145.65056605658256,122.14285714285714,-0.0037664782372303306,0.005276701238472015,-0.42922417148947717,0.0018533803566242568,0.018505859375,0.5407964490354061,0.10335935191251337,-2.980070114135742,7.864496231079102,66.40320587158203,44.9755859375,69.3832778930664,47.43590545654297,0.9694234663034361,0.9098381400108337,0.31149551272392273,0.55,0.0,72.59280712214779,49.99710244488403,167936.0001,0.0,-0.04176916554570198,0.21641899645328522,0.0,0.19601070880889893,0.22195428609848022,0.24977026879787445,-1.6129231452941895,-1.5634256601333618,-1.5105946063995361,0.0,1.0
168960,165,8,160.1619394833957,135.375,-0.004074257431784645,0.0054599619354121385,-0.4373193450272083,0.002479644450068008,0.0241455078125,0.5842208072543145,0.16464913310483098,1.3234716653823853,10.139599800109863,63.745216369628906,44.328369140625,62.42174530029297,49.64693069458008,0.9476787560783617,0.9561718106269836,0.7093930840492249,0.725,0.05,72.53918535732811,49.96940222580137,168960.0001,0.0,-0.04637091979384422,0.22527655959129333,0.0,0.1945689171552658,0.2206231951713562,0.25145483016967773,-1.6156995296478271,-1.5659985542297363,-1.507428526878357,0.0,1.0
169984,166,8,146.95977975091114,136.375,-0.0056207250454463065,0.005432286523864604,-0.4451626233756542,0.005159383089630864,0.040087890625,0.6007047787308692,0.0695275098318234,0.12726891040802002,8.625128746032715,66.04289245605469,45.13566589355469,65.9156265258789,43.266483306884766,0.9634833012539499,1.2206220626831055,0.19734807312488556,0.7,0.0,72.50005107850366,49.94421387814137,169984.0001,0.0,-0.0400911308825016,0.2208084613084793,0.0,0.19382672011852264,0.21920734643936157,0.2517511546611786,-1.6171293258666992,-1.5687369108200073,-1.5068719387054443,0.0,1.0
171008,167,8,152.62076397420546,131.875,-0.005718213168438524,0.00937224382068962,-0.4497496418654919,0.005885836121160537,0.044140625,0.6331234939396382,0.08333324487321078,-0.19595283269882202,11.15418529510498,68.71405792236328,53.09842300415039,68.9100112915039,51.69919967651367,0.9558721791776127,1.0608662366867065,0.3155829906463623,0.725,0.0,72.47738046466345,49.96454776138778,171008.0001,0.0,-0.03980356827378273,0.22244861721992493,0.0,0.19319850206375122,0.21926730871200562,0.2526208758354187,-1.6183397769927979,-1.5686125755310059,-1.5052385330200195,0.0,1.0
172032,168,6,154.76715982680457,131.5,-0.003748291393276304,0.00881645823828876,-0.44636296927928926,0.0059343455533962695,0.0494873046875,0.5551725648343563,0.11802976140752434,0.29735440015792847,13.083857536315918,79.37629699707031,47.53916931152344,79.07894134521484,46.63113021850586,0.9242524696825747,1.0477960109710693,0.3714606761932373,0.475,0.0,72.51844542658674,49.95327827191026,172032.0001,0.0,-0.028486350551247597,0.21610848605632782,0.0,0.1924085170030594,0.22029609978199005,0.2526848018169403,-1.61986243724823,-1.5666594505310059,-1.505118489265442,0.0,1.0
173056,169,9,167.81605715681164,150.88888888888889,-0.005769319424871355,0.011351836565881967,-0.44245595261454584,0.004126656960579567,0.0517578125,0.6553216330707073,0.10709275295957923,-0.8492328524589539,14.241006851196289,62.279380798339844,48.81428146362305,63.12861633300781,48.74592971801758,0.9148886192208221,1.4723995923995972,0.31788185238838196,0.775,0.0,72.45785922710094,49.952787993733416,173056.0001,0.0,-0.046951815485954285,0.22260484099388123,0.0,0.19180598855018616,0.2202967256307602,0.25335854291915894,-1.6210241317749023,-1.5666569471359253,-1.5038537979125977,0.0,1.0
174080,170,7,145.44148732112149,131.14285714285714,-0.004756890377029777,0.009773152723209933,-0.44469797015190127,0.00502510898077162,0.0482177734375,0.6244998089969158,0.14364727530628443,-3.7184274196624756,12.96872615814209,63.67848205566406,46.85017013549805,67.39691162109375,44.35950469970703,0.9233746838807633,1.167937994003296,0.4506535828113556,0.7,0.0,72.40621582899757,49.9396139073918,174080.0001,0.0,-0.05200960114598274,0.22375808656215668,0.0,0.19017204642295837,0.2198898047208786,0.25397783517837524,-1.6241756677627563,-1.567452073097229,-1.5026915073394775,0.0,1.0
175104,171,8,143.55889768789237,122.25,-0.003808707115240395,0.0067136004043277355,-0.4464518688619137,0.0032634393530315718,0.0239501953125,0.5742431953549385,0.13222688399255275,-7.109930992126465,8.087106704711914,72.56098937988281,43.743011474609375,79.6709213256836,43.91006088256836,0.9658202360493554,1.1283280849456787,0.3966532051563263,0.575,0.0,72.40712096623703,49.90561448257103,175104.0001,0.0,-0.05172340199351311,0.22204427421092987,0.0,0.18947121500968933,0.21951322257518768,0.25398290157318115,-1.6255279779434204,-1.568167805671692,-1.5026819705963135,0.0,1.0
176128,172,9,152.52543436252833,129.55555555555554,-0.0035211479291319845,0.00501035256893374,-0.44737653359770774,0.0052875198889523745,0.0326904296875,0.5291494444012642,0.12421618169173598,-0.822429358959198,9.197932243347168,64.68991088867188,45.99583435058594,65.51234436035156,47.94695281982422,0.9600107383507778,0.8940039277076721,0.3472141623497009,0.475,0.0,72.3622534799154,49.8872191316861,176128.0001,0.0,-0.04523402452468872,0.22321566939353943,0.0,0.19123412668704987,0.21964700520038605,0.2547089755535126,-1.622126817703247,-1.5679136514663696,-1.5013198852539062,0.0,1.0
177152,173,8,155.25381738998806,135.625,-0.005975568538997322,0.005019301248830743,-0.4458948731422424,0.003928472148254513,0.032470703125,0.5952404052019119,0.11837235279381275,1.8274450302124023,9.376721382141113,66.49169158935547,48.706336975097656,64.66424560546875,50.647438049316406,0.9629378000398565,1.1622012853622437,0.3658081889152527,0.575,0.0,72.32831957894798,49.88245883613753,177152.0001,0.0,-0.050399262458086014,0.2271684855222702,0.0,0.19128048419952393,0.21991246938705444,0.25365927815437317,-1.6220375299453735,-1.5674105882644653,-1.5032893419265747,0.0,1.0
178176,174,8,155.19559382636027,127.5,-0.004277283791452646,0.005077693398925475,-0.4462770543992519,0.002538058218488004,0.03251953125,0.5943222548812628,0.09202707097865641,-2.1515326499938965,8.673931121826172,71.27995300292969,44.79419708251953,73.43148803710938,43.19083023071289,0.9625037014782473,1.147801160812378,0.23639003932476044,0.6,0.0,72.32229445667218,49.85476267362905,178176.0001,0.0,-0.056371595710515976,0.22758910059928894,0.0,0.18984903395175934,0.2193952202796936,0.2535472810268402,-1.6247988939285278,-1.5684117078781128,-1.5034995079040527,0.0,1.0
179200,175,8,159.9091855392238,131.125,-0.004078812000807374,0.002552745889988728,-0.4498885810375214,0.0021475031957379543,0.03564453125,0.5994498029351234,0.08187853661365807,-2.256517171859741,5.417297840118408,72.7763442993164,45.64007568359375,75.0328598022461,46.995479583740234,0.9859112415681135,1.0736067295074463,0.26988697052001953,0.6,0.0,72.32488903332823,49.83170318486346,179200.0001,0.0,-0.061819832772016525,0.22568824887275696,0.0,0.18789029121398926,0.21883320808410645,0.2530834972858429,-1.62857985496521,-1.569471836090088,-1.5043699741363525,0.0,1.0
180224,176,7,135.87404952388732,125.28571428571429,-0.005075925646815449,0.005962208742857911,-0.4494755953550339,0.004350077790149953,0.0485107421875,0.5688950508832932,0.11257022540085018,-3.3461661338806152,9.99552059173584,71.76026916503906,49.64505386352539,75.10643005371094,49.31279754638672,0.9594623199882616,0.9975486397743225,0.35959964990615845,0.65,0.0,72.32168094748309,49.83066272534172,180224.0001,0.0,-0.05186101794242859,0.22259727120399475,0.0,0.19002214074134827,0.21977746486663818,0.2514398694038391,-1.6244648694992065,-1.5676623582839966,-1.507456660270691,0.0,1.0
181248,177,8,159.24214905453232,139.625,-0.003948905144352466,0.007921833728323691,-0.444194158166647,0.002795391296967864,0.0227294921875,0.6029923357069492,0.11094584753736854,-0.8197104930877686,11.402976989746094,62.68855285644531,45.93491744995117,63.508262634277344,48.47360610961914,0.9383758970218483,1.056815266609192,0.370374858379364,0.675,0.0,72.26725648214203,49.81474155911568,181248.0001,0.0,-0.05935269594192505,0.22412414848804474,0.0,0.1885209083557129,0.22036999464035034,0.2526131272315979,-1.6273622512817383,-1.5665631294250488,-1.5052530765533447,0.0,1.0
182272,178,8,139.53221345886317,117.125,-0.0032204461516812445,0.00771101673017256,-0.446612560749054,0.00405331400106661,0.0304443359375,0.5674687966704368,0.1263653348200023,-1.720851182937622,11.33985710144043,71.19529724121094,48.104000091552734,72.91615295410156,47.229576110839844,0.944428414596292,1.0146288871765137,0.414519727230072,0.6,0.0,72.26123424398916,49.805359230515606,182272.0001,0.0,-0.05366231128573418,0.22315698862075806,0.0,0.18838247656822205,0.2187437266111374,0.25013431906700134,-1.6276295185089111,-1.5696364641189575,-1.5099101066589355,0.0,1.0
183296,179,8,168.16122390062188,137.75,-0.0027970128343440593,0.005188617209205404,-0.4536862038075924,0.003277532938227523,0.013232421875,0.6019102171063423,0.16159413936547934,3.263288736343384,9.669364929199219,61.306793212890625,38.62578582763672,58.04350662231445,43.08127975463867,0.9373326666287994,1.2581321001052856,0.5268637537956238,0.675,0.05,72.20003626156992,49.75658169755601,183296.0001,0.0,-0.054041266441345215,0.22571101784706116,0.0,0.18819928169250488,0.21825580298900604,0.24994322657585144,-1.6279832124710083,-1.5705629587173462,-1.5102694034576416,0.0,1.0
184320,180,10,138.98739947698095,116.8,-0.003770823543891311,0.004868596250889823,-0.4516714721918106,0.002660263418511022,0.0217041015625,0.49196592532098293,0.09208994098007679,0.25543326139450073,8.09152889251709,66.89252471923828,45.46660232543945,66.63709259033203,47.40538787841797,0.9683279443730717,0.8745923638343811,0.3082108795642853,0.45,0.0,72.17055009732935,49.735335275001965,184320.0001,0.0,-0.04865855351090431,0.2286980152130127,0.0,0.18858307600021362,0.219563826918602,0.25034457445144653,-1.6272423267364502,-1.568056583404541,-1.5095149278640747,0.0,1.0
185344,181,6,154.35454855464027,129.5,-0.003058848495129496,0.004341985666542314,-0.44892342016100883,0.002048786731029395,0.017626953125,0.5297340847551822,0.1256725096143782,2.2564053535461426,8.19135570526123,71.68496704101562,40.55878448486328,69.4285659790039,39.13301086425781,0.9592111236594598,1.024368166923523,0.40010467171669006,0.55,0.0,72.16786733836561,49.689305019552194,185344.0001,0.0,-0.03531790152192116,0.22038765251636505,0.0,0.1881931871175766,0.21858763694763184,0.24849024415016174,-1.6279950141906738,-1.569899082183838,-1.5130021572113037,0.0,1.0
186368,182,7,164.38676187982148,148.0,-0.004429058649111539,0.006760850542923436,-0.4582261860370636,0.003258517786161974,0.025537109375,0.5809994101524353,0.09918989157304167,1.391842246055603,10.18342399597168,58.06268310546875,40.84781265258789,56.67083740234375,40.178672790527344,0.9378487253171996,1.1569812297821045,0.3098869025707245,0.65,0.0,72.09036632256803,49.655975819439114,186368.0001,0.0,-0.046113934367895126,0.22186943888664246,0.0,0.18582041561603546,0.21657662093639374,0.24694333970546722,-1.6325783729553223,-1.573747158050537,-1.5159136056900024,0.0,1.0
187392,183,6,162.0225093551618,140.5,-0.003756671119481325,0.004536914653726853,-0.4645561918616295,0.005413320561638102,0.0346923828125,0.5674810975790023,0.09573938082903624,2.25543475151062,8.697002410888672,74.93912506103516,44.87956619262695,72.6836929321289,46.65729522705078,0.9624472432937673,1.0304619073867798,0.30066442489624023,0.6,0.0,72.10593333249675,49.631568644551095,187392.0001,0.0,-0.03633970022201538,0.22436420619487762,0.0,0.186277836561203,0.21678943932056427,0.24837811291217804,-1.6316945552825928,-1.5733686685562134,-1.513213038444519,0.0,1.0
188416,184,9,158.00383128880935,138.22222222222223,-0.0042015457176603375,0.008936897868989036,-0.4634841404855251,0.0036462142888922244,0.0275146484375,0.5593617238104344,0.11204493222758174,-1.0452297925949097,10.865851402282715,59.165870666503906,44.95508575439453,60.211097717285156,43.32060241699219,0.9415788794427047,0.8021788597106934,0.33518198132514954,0.7,0.0,72.03560691471965,49.61646606934844,188416.0001,0.0,-0.03389677405357361,0.2305717021226883,0.0,0.18437935411930084,0.21662814915180206,0.24828211963176727,-1.635364055633545,-1.5736836194992065,-1.5133936405181885,0.0,1.0
189440,185,8,145.0603521397975,121.5,-0.005871282028965652,0.015514153474941849,-0.4663908876478672,0.00426773934304947,0.04111328125,0.6347669966518878,0.17159327138215302,-4.649219512939453,15.241819381713867,75.97637939453125,42.68699645996094,80.62560272216797,40.38572692871094,0.8725081777247389,1.1921521425247192,0.4797784090042114,0.625,0.0,72.05690840174094,49.582454798205724,189440.0001,0.0,-0.029548311606049538,0.22254687547683716,0.0,0.18379098176956177,0.21590173244476318,0.24748077988624573,-1.6365017890930176,-1.5750547647476196,-1.5149017572402954,0.0,1.0
190464,186,8,148.65260563229526,127.375,-0.003188760462217033,0.01598925902508199,-0.46821472719311713,0.003387656695849728,0.0311279296875,0.5177765280008316,0.1092739668674767,-1.2355968952178955,13.543169975280762,76.34437561035156,46.30070114135742,77.57997131347656,45.55242919921875,0.9144410194931658,0.8177844882011414,0.28963229060173035,0.55,0.0,72.07995926743544,49.566383512256415,190464.0001,0.0,-0.021025346592068672,0.2201031595468521,0.0,0.1847420632839203,0.21600700914859772,0.24634864926338196,-1.6346627473831177,-1.5748385190963745,-1.5170334577560425,0.0,1.0
191488,187,8,139.7158136876193,128.25,-0.0053620509337633845,0.011585209349868819,-0.4685615710914135,0.005318023804284167,0.0385986328125,0.5850044958293438,0.15618125814944506,-0.8666345477104187,13.871124267578125,81.5870361328125,47.90348434448242,82.45367431640625,44.28399658203125,0.9161527023194251,1.0931715965270996,0.4312412142753601,0.65,0.0,72.13079923072735,49.56248961881029,191488.0001,0.0,-0.026589015498757362,0.23095956444740295,0.0,0.18599312007427216,0.21573156118392944,0.2462909072637558,-1.63224458694458,-1.5753693580627441,-1.5171421766281128,0.0,1.0
192512,188,9,137.42193326249173,116.22222222222223,-0.004496831039432436,0.013766103133093566,-0.4698228374123573,0.0018958964457851835,0.042626953125,0.5817727826535701,0.1484978106804192,-5.384734630584717,13.447656631469727,65.82746887207031,41.45066833496094,71.21220397949219,36.3022575378418,0.894748038516516,0.9423639178276062,0.4787864685058594,0.7,0.0,72.09727087838993,49.52497914611359,192512.0001,0.0,-0.04456396400928497,0.23160487413406372,0.0,0.1873697191476822,0.21562768518924713,0.2477889358997345,-1.6295852661132812,-1.5755647420883179,-1.5143218040466309,0.0,1.0
193536,189,8,126.74646816534575,107.75,-0.003950049116974696,0.005689349374733865,-0.46898775845766066,0.005591846989409533,0.039306640625,0.574446114897728,0.12333228345960379,-4.689805030822754,9.220589637756348,61.127105712890625,42.47997283935547,65.8169174194336,45.43276596069336,0.9528861169124224,0.8526515364646912,0.3984978497028351,0.625,0.0,72.03922770859953,49.4967416444468,193536.0001,0.0,-0.0345040000975132,0.23353756964206696,0.0,0.18516738712787628,0.2158265858888626,0.2501569986343384,-1.633840560913086,-1.5752040147781372,-1.509867548942566,0.0,1.0
194560,190,10,141.73311143395946,116.3,-0.004823142528766766,0.005823887599399313,-0.4703583657741547,0.0027467017265735195,0.0571533203125,0.6234378241002559,0.1486551880836487,-2.465756893157959,11.167221069335938,64.63900756835938,43.315635681152344,67.10476684570312,46.83224105834961,0.9335338108889107,1.027799367904663,0.5167470574378967,0.7,0.025,72.00027918552684,49.46912936192874,194560.0001,0.0,-0.04553478583693504,0.22587524354457855,0.0,0.18570676445960999,0.2150125503540039,0.24886885285377502,-1.6327979564666748,-1.5767451524734497,-1.5122898817062378,0.0,1.0
195584,191,7,164.5368013489925,140.0,-0.0033159311977215113,0.0034958137024659664,-0.47179769948124883,0.0026011765454313717,0.025732421875,0.6407408982515335,0.09515678095631301,3.6984972953796387,6.334233283996582,64.2701644897461,42.059173583984375,60.57167053222656,44.41417694091797,0.9773187668099607,0.8913598656654358,0.33797839283943176,0.75,0.0,71.9598074000786,49.43637405289567,195584.0001,0.0,-0.04176938906311989,0.23255357146263123,0.0,0.1864882856607437,0.2158125638961792,0.2519085109233856,-1.631287932395935,-1.575276494026184,-1.5065762996673584,0.0,1.0
196608,192,9,158.8867331516976,135.11111111111111,-0.006441522296518088,0.009529014641884714,-0.4710100769996643,0.006806667945056688,0.0669677734375,0.6524569191038608,0.14147634282708169,-0.9889783263206482,11.687450408935547,61.79125213623047,40.73765182495117,62.78023147583008,44.58271026611328,0.9176909445740062,1.6858141422271729,0.4586668908596039,0.625,0.0,71.90684617343301,49.40045954028836,196608.0001,0.0,-0.04574684426188469,0.23198279738426208,0.0,0.18461117148399353,0.21473228931427002,0.251193106174469,-1.634915828704834,-1.5773353576660156,-1.507920265197754,0.0,1.0
197632,193,9,132.17517776518054,111.77777777777777,-0.0038921675586607307,0.004505365126533434,-0.47576846107840537,0.002764230240427423,0.0286376953125,0.6873459458351135,0.1036491770297289,-2.1494345664978027,8.730826377868652,62.82688903808594,40.284671783447266,64.97632598876953,40.55978775024414,0.9530288680782155,1.4494949579238892,0.28951799869537354,0.75,0.0,71.85979976393097,49.361871475565785,197632.0001,0.0,-0.04031766951084137,0.22988513112068176,0.0,0.18359732627868652,0.2147643119096756,0.2530597448348999,-1.6368762254714966,-1.5772815942764282,-1.5044145584106445,0.0,1.0
198656,194,6,128.2097240386524,129.0,-0.004302673030178994,0.002825447329087183,-0.4748069107532501,0.0038330900570144877,0.0448486328125,0.6160750217735768,0.058182247029617426,-0.25070637464523315,5.721619129180908,60.6737060546875,44.7911376953125,60.924407958984375,44.9903678894043,0.983682498558192,1.110807180404663,0.1498868465423584,0.775,0.0,71.80213947491161,49.34589886485041,198656.0001,0.0,-0.040084224194288254,0.23347294330596924,0.0,0.1840110868215561,0.21467910706996918,0.2535178065299988,-1.6360760927200317,-1.5774755477905273,-1.5035548210144043,0.0,1.0
199680,195,9,150.68754861186392,124.66666666666667,-0.0045807203510776166,0.002100181329296902,-0.4781749464571476,0.0013349649190786295,0.02275390625,0.5709377001971007,0.0695915206335485,0.22781029343605042,5.412115097045898,68.49703979492188,40.327022552490234,68.26922607421875,40.8143310546875,0.9819888375346015,1.2346588373184204,0.19868825376033783,0.525,0.0,71.78519022307775,49.30442207726765,199680.0001,0.0,-0.03782070800662041,0.23398512601852417,0.0,0.18346598744392395,0.2135355919599533,0.25354599952697754,-1.6371302604675293,-1.5796717405319214,-1.5035018920898438,0.0,1.0
200704,196,8,155.80741920362962,142.125,-0.0038042832748033106,0.006206101691350341,-0.48632080033421515,0.0030107891478110107,0.028466796875,0.5962188899517059,0.09495240123942494,1.0199681520462036,9.225647926330566,62.44545364379883,48.41846466064453,61.42548370361328,50.24288558959961,0.963694551302366,1.1146495342254639,0.3808346688747406,0.625,0.0,71.73753848984448,49.304432792385086,200704.0001,0.0,-0.04935283586382866,0.23824074864387512,0.0,0.18030768632888794,0.21199506521224976,0.25312432646751404,-1.6432424783706665,-1.5826314687728882,-1.5042933225631714,0.0,1.0
201728,197,7,159.71386526581844,140.71428571428572,-0.004787899972870946,0.007245232834247872,-0.4931375190615654,0.0070017891193856485,0.044921875,0.516297771781683,0.10622397139668464,1.7651889324188232,10.292222023010254,61.52293014526367,45.318389892578125,59.75774383544922,45.81370162963867,0.9484214250353098,0.7909079194068909,0.38324421644210815,0.5,0.0,71.68568768776561,49.29035878012212,201728.0001,0.0,-0.06415005028247833,0.23862925171852112,0.0,0.17824707925319672,0.21136997640132904,0.2515465319156647,-1.6472339630126953,-1.5838159322738647,-1.507256269454956,0.0,1.0
202752,198,6,159.41605877586838,141.33333333333334,-0.002933146187569946,0.0025331450771773232,-0.4957077205181122,0.0022039350689738056,0.016552734375,0.5799803115427494,0.05110407965257764,1.3599416017532349,4.836034774780273,68.3985595703125,45.564239501953125,67.03861999511719,45.52362060546875,0.9887350156117161,0.9876560568809509,0.12681689858436584,0.7,0.0,71.66908604969647,49.27279894758353,202752.0001,0.0,-0.04938996210694313,0.23537859320640564,0.0,0.1793193519115448,0.2109375149011612,0.24926117062568665,-1.6451566219329834,-1.5846089124679565,-1.5115519762039185,0.0,1.0
203776,199,9,160.5312800608824,132.33333333333334,-0.004013639048207551,0.004389852227177471,-0.49887703731656075,0.003672027032007463,0.0346923828125,0.6405625246465206,0.12622567005455493,-0.8124779462814331,9.543682098388672,71.37938690185547,43.11411666870117,72.19186401367188,43.79529571533203,0.9510003458975582,1.2678794860839844,0.41372522711753845,0.85,0.0,71.66763027829278,49.243780622797416,203776.0001,0.0,-0.036202285438776016,0.23642213642597198,0.0,0.17905709147453308,0.21017330884933472,0.24939647316932678,-1.6456645727157593,-1.586087703704834,-1.5112974643707275,0.0,1.0
204800,200,8,163.77681475109833,138.75,-0.005436555517371744,0.002560417720815167,-0.5037182107567787,0.005088604128104635,0.052392578125,0.6301962908357381,0.0869919485412538,3.0522260665893555,5.202366352081299,65.88715362548828,42.659454345703125,62.83492660522461,43.67586898803711,0.9851279364561363,1.2051713466644287,0.30036690831184387,0.675,0.0,71.638727891263,49.214739257180916,204800.0001,0.0,-0.04950179532170296,0.2323232889175415,0.0,0.1791759878396988,0.20939123630523682,0.24916866421699524,-1.6454342603683472,-1.5875816345214844,-1.511725902557373,0.0,1.0
