total_env_steps,update,completed_episodes,completed_episode_return_mean,completed_episode_length_mean,actor_policy_loss,critic_loss,entropy,approx_kl,clip_fraction,actor_grad_norm,critic_grad_norm,advantage_raw_mean,advantage_raw_std,action_mean,action_std,action_saturation_ratio,raw_log_std_min,raw_log_std_mean,raw_log_std_max,clamped_log_std_min,clamped_log_std_mean,clamped_log_std_max,raw_log_std_gt_max_ratio,finite
1024,1,5,116.35891747312738,104.8,-0.005094867153093219,124.18564376831054,-0.24076999276876448,0.005857290558924433,0.0288818359375,0.5016779653728008,54.742922115325925,16.002504348754883,5.633652210235596,0.015926843509078026,0.23296433687210083,0.0,0.2541272044181824,0.25636914372444153,0.2583932876586914,-1.5024112462997437,-1.4981919527053833,-1.4944157600402832,0.0,1.0
2048,2,10,132.95294375028087,112.5,-0.003234676388092339,130.5986171722412,-0.2352197512984276,0.002820948846056126,0.0243408203125,0.554399487376213,40.314195251464845,15.288022994995117,7.515299320220947,0.014355219900608063,0.23670148849487305,0.0,0.2538503408432007,0.257181316614151,0.25979694724082947,-1.502930760383606,-1.496684193611145,-1.4917888641357422,0.0,1.0
3072,3,8,130.92248291175437,112.375,-0.004516108578536659,128.58968753814696,-0.22987859547138215,0.003546105060377158,0.035595703125,0.5463909469544888,55.70469436645508,15.561294555664062,7.452768802642822,0.00986088253557682,0.23688746988773346,0.0,0.2552376389503479,0.25860661268234253,0.26108643412590027,-1.5003284215927124,-1.494022250175476,-1.4893771409988403,0.0,1.0
4096,4,9,138.5442344968544,115.33333333333333,-0.004119536017242353,113.70781707763672,-0.22366216778755188,0.004939903973718174,0.0275390625,0.5582269810140132,67.5513147354126,14.9032564163208,6.928720951080322,0.011319278739392757,0.23416215181350708,0.0,0.25593051314353943,0.2589718699455261,0.261127769947052,-1.4990293979644775,-1.4933255910873413,-1.4892997741699219,0.0,1.0
5120,5,8,142.90189980430407,130.125,-0.004655079235089943,89.25299310684204,-0.2255363017320633,0.006325279775774106,0.04697265625,0.605531907081604,73.75178451538086,13.135420799255371,7.4823079109191895,0.005585948005318642,0.2359255701303482,0.0,0.2556855082511902,0.2581314742565155,0.26008138060569763,-1.4994887113571167,-1.4949313402175903,-1.4912567138671875,0.0,1.0
6144,6,9,137.8770517755239,116.44444444444444,-0.004254381643841043,91.3491641998291,-0.22660911902785302,0.004809187234786805,0.0339599609375,0.5203120820224285,93.3440544128418,14.61790657043457,5.985742568969727,-0.0015643835067749023,0.2347271889448166,0.0,0.25544026494026184,0.25889039039611816,0.2606533467769623,-1.499948501586914,-1.4934821128845215,-1.4901869297027588,0.0,1.0
7168,7,9,141.16314822576544,119.33333333333333,-0.004355738393496722,78.96227111816407,-0.22258024103939533,0.004394979620701634,0.034912109375,0.5199045017361641,95.83180046081543,12.437040328979492,6.942190647125244,-0.004931729752570391,0.23805275559425354,0.0,0.2560902535915375,0.2591150104999542,0.26107436418533325,-1.498729944229126,-1.4930583238601685,-1.4893996715545654,0.0,1.0
8192,8,9,142.32063144537724,122.66666666666667,-0.0035223426879383624,66.33079195022583,-0.22662120163440705,0.0029038364562438803,0.0344482421875,0.596332936361432,102.99971418380737,13.217934608459473,6.126407146453857,-0.0007329750806093216,0.23625046014785767,0.0,0.25435465574264526,0.25738582015037537,0.2599383294582367,-1.5019845962524414,-1.4963067770004272,-1.4915242195129395,0.0,1.0
9216,9,8,141.8048273963795,115.75,-0.004360740003176033,75.87661371231079,-0.2387622579932213,0.004576666797220241,0.0375,0.5651715070009231,109.41582412719727,12.5464506149292,6.247611999511719,-0.004038942977786064,0.2381451278924942,0.0,0.2503707706928253,0.25496387481689453,0.25888216495513916,-1.5094656944274902,-1.5008530616760254,-1.4935007095336914,0.0,1.0
10240,10,9,129.00683201038132,108.0,-0.003513150254730135,73.21369085311889,-0.24839847534894943,0.0046757771706325,0.044921875,0.6613299898803234,96.15849933624267,12.232749938964844,6.556814670562744,-0.005699038039892912,0.23607155680656433,0.0,0.2500854730606079,0.254313200712204,0.25694945454597473,-1.5100020170211792,-1.5020651817321777,-1.4971199035644531,0.0,1.0
11264,11,10,129.9222099619957,112.8,-0.005201103712897748,56.396320056915286,-0.24855238050222397,0.005305880366358906,0.0397216796875,0.5222529616206885,86.6945203781128,9.609490394592285,8.320740699768066,-0.0005755727179348469,0.23392057418823242,0.0,0.2504219114780426,0.25480300188064575,0.25730299949645996,-1.5093696117401123,-1.5011354684829712,-1.496457576751709,0.0,1.0
12288,12,8,138.6027049401099,110.5,-0.006204805336892605,55.136289501190184,-0.2454191640019417,0.005853171642229427,0.05400390625,0.5846784260123968,102.28352661132813,11.251953125,5.116189479827881,-0.0009578464087098837,0.238315612077713,0.0,0.25162267684936523,0.2552099823951721,0.25799858570098877,-1.5071132183074951,-1.500369906425476,-1.495154857635498,0.0,1.0
13312,13,8,133.87924633781518,120.375,-0.0027690765215083956,65.3474931716919,-0.24097764119505882,0.0034298129394301213,0.0291259765625,0.477094653621316,83.19821395874024,9.072881698608398,8.371367454528809,-0.0008986506727524102,0.2364674061536789,0.0,0.2532849907875061,0.25661319494247437,0.25967103242874146,-1.5039918422698975,-1.4977391958236694,-1.4920244216918945,0.0,1.0
14336,14,10,119.85878461968275,111.7,-0.003857036610133946,65.542476272583,-0.23817376494407655,0.002845901428372599,0.0349853515625,0.6053130313754082,89.96989650726319,8.204849243164062,9.54475212097168,-0.0019399364246055484,0.23755651712417603,0.0,0.2521785795688629,0.25561657547950745,0.25750917196273804,-1.5060690641403198,-1.4996089935302734,-1.4960713386535645,0.0,1.0
15360,15,10,140.37632736609027,109.9,-0.005019613151671365,57.65690145492554,-0.2438313916325569,0.004117575667623896,0.0420654296875,0.6026378616690635,98.6916675567627,10.117862701416016,7.354025363922119,0.00022023140627425164,0.23574145138263702,0.0,0.25022828578948975,0.25502052903175354,0.2582557201385498,-1.5097335577011108,-1.5007554292678833,-1.4946733713150024,0.0,1.0
16384,16,9,140.44090630787318,118.0,-0.004720642231404781,75.13059520721436,-0.2454513669013977,0.005270972462312784,0.04423828125,0.59924800619483,104.57894592285156,9.960348129272461,9.014060020446777,0.004192357417196035,0.23486663401126862,0.0,0.24753445386886597,0.25522828102111816,0.2600319981575012,-1.514800786972046,-1.5003575086593628,-1.4913491010665894,0.0,1.0
17408,17,7,148.30665088313089,117.71428571428571,-0.003403175639687106,64.06733303070068,-0.24118617922067642,0.0036720235191751273,0.03671875,0.5511910386383534,97.30749492645263,9.702856063842773,7.341350555419922,-0.013356742449104786,0.2376563549041748,0.0,0.25004422664642334,0.2564273774623871,0.2600928843021393,-1.5100795030593872,-1.4981225728988647,-1.4912352561950684,0.0,1.0
18432,18,9,163.3236866024476,132.88888888888889,-0.0037949219811707737,52.089780712127684,-0.23742414265871048,0.002480961887340527,0.0154296875,0.5695916451513767,85.78901042938233,8.113872528076172,7.795827865600586,-0.012028173543512821,0.23840416967868805,0.0,0.2511816620826721,0.25624510645866394,0.25922247767448425,-1.507941722869873,-1.498457431793213,-1.492863655090332,0.0,1.0
19456,19,8,141.81346754935154,115.0,-0.0035465138498693705,51.90692129135132,-0.2387736953794956,0.002492392927524634,0.0207275390625,0.5213968254625797,87.46064739227295,8.182701110839844,7.716742038726807,-0.008329150266945362,0.23980991542339325,0.0,0.25083011388778687,0.2561034858226776,0.2590175271034241,-1.5086023807525635,-1.4987125396728516,-1.4932472705841064,0.0,1.0
20480,20,8,151.68107807198263,122.0,-0.005474559584399685,50.454299736022946,-0.23959034979343413,0.007196479788399301,0.054150390625,0.5554037548601627,94.16186637878418,8.574593544006348,7.367196559906006,-0.006090457085520029,0.23464621603488922,0.0,0.25164663791656494,0.2558597922325134,0.2590895891189575,-1.507068157196045,-1.499158263206482,-1.493112325668335,0.0,1.0
21504,21,10,130.09319352710878,108.3,-0.005482659890549258,45.1003176689148,-0.24174543097615242,0.006232029870443512,0.05322265625,0.5449245348572731,84.38581619262695,5.97198486328125,8.979574203491211,-0.00710545526817441,0.23683267831802368,0.0,0.2516789436340332,0.2555338740348816,0.25855281949043274,-1.5070074796676636,-1.4997762441635132,-1.4941171407699585,0.0,1.0
22528,22,7,137.2028479627541,122.14285714285714,-0.002120135969016701,49.16550178527832,-0.24456932991743088,0.002689188314252533,0.016748046875,0.5280279994010926,85.19813871383667,5.797133445739746,9.702597618103027,-0.022516118362545967,0.23542849719524384,0.0,0.2513434886932373,0.2546934187412262,0.25638777017593384,-1.5076377391815186,-1.5013771057128906,-1.498172402381897,0.0,1.0
23552,23,10,141.0287676256315,122.2,-0.005905708600766957,45.98200302124023,-0.2514489158987999,0.004253978910855949,0.04404296875,0.592764101922512,78.6486047744751,5.918546676635742,9.28067398071289,-0.0088253328576684,0.23629245162010193,0.0,0.24941827356815338,0.2530672252178192,0.2561883330345154,-1.511256456375122,-1.5044187307357788,-1.4985461235046387,0.0,1.0
24576,24,8,141.94790786087114,117.25,-0.00431521660357248,37.339912271499635,-0.26043371483683586,0.003179706944501959,0.0287109375,0.5008980255573988,71.94087867736816,7.011929035186768,6.437986373901367,-0.011124636977910995,0.23466403782367706,0.0,0.24951067566871643,0.251552551984787,0.25464949011802673,-1.5110827684402466,-1.507230281829834,-1.5014314651489258,0.0,1.0
25600,25,9,154.4351357620827,124.0,-0.0031530872569419444,33.25196990966797,-0.26737229973077775,0.001978997759579215,0.02275390625,0.5103758737444878,73.28234128952026,7.004730224609375,6.451434135437012,-0.007365079130977392,0.23237767815589905,0.0,0.2482234537601471,0.2507057785987854,0.2542596459388733,-1.5135040283203125,-1.5088576078414917,-1.5021628141403198,0.0,1.0
26624,26,9,146.56736230479584,122.33333333333333,-0.004927027260418981,30.244094848632812,-0.2740606516599655,0.0032755111576989295,0.049951171875,0.6028915129601955,63.65190343856811,5.612551689147949,6.887728214263916,-0.003975393250584602,0.23462116718292236,0.0,0.24685843288898468,0.24910342693328857,0.2523214519023895,-1.51607346534729,-1.511861801147461,-1.505800724029541,0.0,1.0
27648,27,9,116.3087274974781,113.33333333333333,-0.0032953091664239763,48.05733528137207,-0.2797178000211716,0.0014368769960128702,0.02294921875,0.5953475713729859,78.26572904586791,2.432544708251953,12.334033012390137,-0.01652620919048786,0.23470933735370636,0.0,0.24636143445968628,0.24894042313098907,0.25362685322761536,-1.5170093774795532,-1.5121732950210571,-1.5033501386642456,0.0,1.0
28672,28,9,137.21874462351823,116.33333333333333,-0.0041704183095134795,27.484023094177246,-0.282713545113802,0.003349783293379005,0.0209228515625,0.5362379495054483,64.6874574661255,5.4136152267456055,7.268557071685791,-0.013154719956219196,0.2342534363269806,0.0,0.243818461894989,0.24753673374652863,0.25183191895484924,-1.5218015909194946,-1.5148097276687622,-1.5067201852798462,0.0,1.0
29696,29,9,128.53836818776196,111.33333333333333,-0.005110631929710507,36.98951277732849,-0.29131999164819716,0.004702032139175571,0.03544921875,0.539687754958868,53.09445524215698,5.449156761169434,8.337738037109375,-0.009785006754100323,0.23300021886825562,0.0,0.23971252143383026,0.24641786515712738,0.25178414583206177,-1.52955162525177,-1.5169262886047363,-1.506809949874878,0.0,1.0
30720,30,8,142.93620978608595,127.875,-0.006114210991654545,29.246219444274903,-0.2955870434641838,0.005955771183653269,0.05791015625,0.5270889088511467,52.718030738830564,3.722961902618408,8.509367942810059,-0.013401355594396591,0.233904168009758,0.0,0.2351119965314865,0.2459098845720291,0.2544807195663452,-1.5382529497146606,-1.517896056175232,-1.5017480850219727,0.0,1.0
31744,31,7,147.32810564571736,132.42857142857142,-0.0032655881135724486,22.34176630973816,-0.2954659529030323,0.003596265520900488,0.0411376953125,0.603405161947012,52.14727048873901,4.512734413146973,6.403691291809082,-0.015600441955029964,0.23245742917060852,0.0,0.23505546152591705,0.2466423660516739,0.2564970850944519,-1.5383599996566772,-1.5165234804153442,-1.4979674816131592,0.0,1.0
32768,32,7,136.50066542971732,119.0,-0.00432527392404154,12.8465411901474,-0.28849431574344636,0.004169218441529665,0.0428466796875,0.5367724493145942,37.90985555648804,3.3238070011138916,5.043036460876465,-0.01130608469247818,0.2316724807024002,0.0,0.23755159974098206,0.24823148548603058,0.2571244239807129,-1.5336363315582275,-1.5135091543197632,-1.4967920780181885,0.0,1.0
33792,33,10,136.0693458990641,132.2,-0.005885680500068702,15.207421493530273,-0.2833628736436367,0.0029652969315066002,0.0510498046875,0.5598169721662998,38.88755049705505,3.374082088470459,5.562105178833008,-0.01900181733071804,0.23181185126304626,0.0,0.23666758835315704,0.24790601432323456,0.25589519739151,-1.535308599472046,-1.514121413230896,-1.4990956783294678,0.0,1.0
34816,34,8,143.18480700844555,114.375,-0.0038691080757416786,20.542463850975036,-0.28273611068725585,0.004205162586004008,0.038232421875,0.5378510437905788,49.72968125343323,3.440398693084717,7.018132209777832,-0.012625844217836857,0.2310260832309723,0.0,0.23757602274417877,0.24934853613376617,0.25737708806991577,-1.5335901975631714,-1.5114277601242065,-1.4963188171386719,0.0,1.0
35840,35,8,141.04041649707614,126.5,-0.003720842726761475,19.791793441772462,-0.27296732887625696,0.003722052386729047,0.025,0.5132295243442059,50.978534030914304,3.2698707580566406,6.968429088592529,-0.01570994406938553,0.2323058396577835,0.0,0.24080151319503784,0.2507871687412262,0.25703465938568115,-1.5274946689605713,-1.5087240934371948,-1.4969602823257446,0.0,1.0
36864,36,7,173.20763525804392,141.42857142857142,-0.004327537154313177,18.41037962436676,-0.27035829424858093,0.0027691535273334012,0.0374755859375,0.5654003884643316,68.29720249176026,5.69563102722168,6.352625370025635,-0.021298319101333618,0.22967621684074402,0.0,0.24085533618927002,0.24997806549072266,0.25507107377052307,-1.5273929834365845,-1.5102347135543823,-1.500640869140625,0.0,1.0
37888,37,8,166.7217694144581,136.0,-0.002806241263169795,17.80056574344635,-0.27388317659497263,0.0026002925165812484,0.036376953125,0.5835786614567041,46.77957191467285,2.6593358516693115,7.550154685974121,-0.01653139479458332,0.23043055832386017,0.0,0.24182188510894775,0.2503001093864441,0.256251722574234,-1.5255682468414307,-1.5096255540847778,-1.498427391052246,0.0,1.0
38912,38,8,142.13460894200472,127.0,-0.0051043628598563375,18.291561198234557,-0.2730530522763729,0.006008773096255027,0.03232421875,0.5471992626786232,39.85759677886963,3.272050380706787,6.221243858337402,-0.007860775105655193,0.23151683807373047,0.0,0.24159611761569977,0.24981136620044708,0.2552625238895416,-1.5259944200515747,-1.5105509757995605,-1.500281810760498,0.0,1.0
39936,39,9,163.16971963137536,127.22222222222223,-0.005365804210305214,16.17177457809448,-0.27621889114379883,0.005832293436105829,0.055029296875,0.5202217295765876,41.12631130218506,3.2860820293426514,6.058904647827148,-0.007862310856580734,0.2308000922203064,0.0,0.24117691814899445,0.24932177364826202,0.25537988543510437,-1.5267858505249023,-1.5114784240722656,-1.5000617504119873,0.0,1.0
40960,40,6,147.45293360229766,136.5,-0.003259430459002033,18.794786190986635,-0.27850706577301027,0.003476457286160439,0.021533203125,0.6048792012035846,45.17767066955567,2.528439998626709,7.36279821395874,-0.01691114902496338,0.22813040018081665,0.0,0.23937495052814484,0.24910342693328857,0.2565089762210846,-1.5301895141601562,-1.5118833780288696,-1.4979453086853027,0.0,1.0
41984,41,8,170.22845455098303,145.875,-0.004329539858736098,12.738084530830383,-0.27731606662273406,0.003848016219853889,0.035009765625,0.4975054234266281,42.48538737297058,3.0251541137695312,5.599992752075195,-0.022083254531025887,0.23247963190078735,0.0,0.24102512001991272,0.24994565546512604,0.25679439306259155,-1.5270724296569824,-1.5102628469467163,-1.4974104166030884,0.0,1.0
43008,42,8,175.19398191412972,139.5,-0.003837397659663111,16.67434425354004,-0.2739763602614403,0.0011072716384660452,0.024609375,0.5262531213462353,63.022925186157224,3.029505729675293,7.074656963348389,-0.02035583183169365,0.2339068204164505,0.0,0.2401595413684845,0.24967484176158905,0.25515633821487427,-1.5287071466445923,-1.5107885599136353,-1.5004808902740479,0.0,1.0
44032,43,5,160.08190990595548,137.4,-0.004633096873294562,15.244903755187988,-0.27570602744817735,0.00434718249598518,0.0372314453125,0.5573496378958225,48.64798984527588,1.4520922899246216,7.219614028930664,-0.03052443265914917,0.23200589418411255,0.0,0.23815038800239563,0.24976105988025665,0.2560787796974182,-1.5325040817260742,-1.5106291770935059,-1.4987515211105347,0.0,1.0
45056,44,6,179.4879000260734,158.33333333333334,-0.004380231926916167,13.942830634117126,-0.27564613670110705,0.005728433722106274,0.035302734375,0.6092651039361954,42.848399019241334,3.447732925415039,5.5632452964782715,-0.03384675458073616,0.23154965043067932,0.0,0.2383781224489212,0.24964869022369385,0.2560873329639435,-1.5320734977722168,-1.5108667612075806,-1.4987354278564453,0.0,1.0
46080,45,8,180.5314955055464,148.375,-0.004019898548722267,17.454391622543334,-0.2753220833837986,0.0038737193957786077,0.033154296875,0.5419257253408432,68.1136492729187,0.2687950134277344,8.093818664550781,-0.029354572296142578,0.22897344827651978,0.0,0.2388210892677307,0.24991898238658905,0.25595179200172424,-1.531236171722412,-1.510337233543396,-1.4989895820617676,0.0,1.0
47104,46,7,142.03764682664868,134.57142857142858,-0.004202075488865376,12.710253584384919,-0.27009985595941544,0.004612221414572559,0.037255859375,0.5651738975197077,39.96039152145386,1.5667290687561035,6.445133686065674,-0.01811099797487259,0.2327922135591507,0.0,0.23913925886154175,0.25138381123542786,0.25875765085220337,-1.530634880065918,-1.5075918436050415,-1.4937336444854736,0.0,1.0
48128,47,7,171.00920019997005,138.71428571428572,-0.004029991454444826,13.64180258512497,-0.2663408197462559,0.004145265973056667,0.04619140625,0.5450923226773738,43.084376907348634,0.1003274917602539,7.3984222412109375,-0.011508815921843052,0.23124408721923828,0.0,0.23729483783245087,0.25090059638023376,0.26079195737838745,-1.5341219902038574,-1.5085010528564453,-1.4899277687072754,0.0,1.0
49152,48,8,143.3877650611556,139.5,-0.004309393221046775,14.381028580665589,-0.26786345466971395,0.004437907070678193,0.037158203125,0.4900686889886856,40.61477303504944,2.3713269233703613,6.208136081695557,-0.02323310635983944,0.23336617648601532,0.0,0.23875808715820312,0.25147128105163574,0.26018157601356506,-1.5313552618026733,-1.5074156522750854,-1.4910693168640137,0.0,1.0
50176,49,8,162.98808802301056,148.0,-0.004351916917948983,18.182124900817872,-0.2647626504302025,0.006086011359002441,0.053515625,0.6048275128006935,99.58472967147827,0.32094573974609375,8.459244728088379,-0.04135661944746971,0.22918136417865753,0.0,0.23921319842338562,0.251796692609787,0.2610119581222534,-1.5304951667785645,-1.5068079233169556,-1.4895163774490356,0.0,1.0
51200,50,6,159.5329118087159,142.0,-0.006475767539814115,26.08521807193756,-0.26115707457065584,0.006876678070693742,0.051513671875,0.49845000430941583,104.09061737060547,-0.4642988443374634,10.508461952209473,-0.03852398693561554,0.23154884576797485,0.0,0.23909755051136017,0.25276151299476624,0.26272520422935486,-1.530713677406311,-1.50503671169281,-1.4863145351409912,0.0,1.0
52224,51,4,225.40320789987777,217.25,-0.0057443732162937525,14.783515000343323,-0.2590021625161171,0.005634786532027647,0.0590087890625,0.5809718295931816,72.15050921440124,2.7043747901916504,7.117722988128662,-0.036764297634363174,0.23019994795322418,0.0,0.23810309171676636,0.25227317214012146,0.2613464891910553,-1.5325934886932373,-1.5059561729431152,-1.4888908863067627,0.0,1.0
53248,52,7,193.92773097050363,171.71428571428572,-0.0032620262587442993,14.063995528221131,-0.25993833541870115,0.0025849522819044067,0.019140625,0.5430132649838925,70.82836885452271,2.677060604095459,7.645108699798584,-0.03039703518152237,0.2296590954065323,0.0,0.2385653704404831,0.25286874175071716,0.26205456256866455,-1.5317195653915405,-1.5048161745071411,-1.4875675439834595,0.0,1.0
54272,53,7,187.88164613480583,166.42857142857142,-0.004434147849678993,5.167619293928146,-0.25718327835202215,0.0037974937789840625,0.0274169921875,0.5772925995290279,29.247912096977235,0.940358579158783,4.72213888168335,-0.04313667491078377,0.2301073521375656,0.0,0.23927806317806244,0.25282278656959534,0.261980801820755,-1.5303725004196167,-1.5049203634262085,-1.4877054691314697,0.0,1.0
55296,54,5,172.76371423753173,149.0,-0.004446040641050785,20.978031945228576,-0.25911289304494856,0.0034460518465493804,0.030419921875,0.5489321805536747,68.64129037857056,0.35013169050216675,9.136487007141113,-0.04058889299631119,0.23187893629074097,0.0,0.23871488869190216,0.25236666202545166,0.2598259150981903,-1.5314369201660156,-1.5057358741760254,-1.4917346239089966,0.0,1.0
56320,55,8,173.15084207953836,165.875,-0.003973726986441761,19.242814207077025,-0.25990046858787536,0.002551999071147293,0.0189453125,0.5204672209918499,74.46312842369079,-0.5230019688606262,8.810685157775879,-0.041623350232839584,0.23236452043056488,0.0,0.2389094978570938,0.2525433599948883,0.25989073514938354,-1.531069040298462,-1.5054187774658203,-1.4916133880615234,0.0,1.0
57344,56,6,150.3345099330364,147.66666666666666,-0.0039278577314689755,18.64282521009445,-0.26124989464879034,0.005276011282694526,0.0483154296875,0.53292504735291,65.62948093414306,-0.6563087105751038,8.389606475830078,-0.03454279899597168,0.23070400953292847,0.0,0.2379157841205597,0.2517346441745758,0.259891152381897,-1.5329476594924927,-1.506929874420166,-1.4916125535964966,0.0,1.0
58368,57,7,181.41513330443772,170.57142857142858,-0.005120260879630223,21.773319268226622,-0.26471655294299123,0.003255888633430004,0.039306640625,0.5608660198748112,88.1130919933319,-0.6016218662261963,8.653518676757812,-0.05069572851061821,0.2287246137857437,0.0,0.23862461745738983,0.25181570649147034,0.2602013349533081,-1.5316076278686523,-1.5067781209945679,-1.491032361984253,0.0,1.0
59392,58,4,153.98570549693778,178.5,-0.005074963974766433,18.78129243850708,-0.2602910026907921,0.0038175117704668084,0.040673828125,0.44154386334121226,98.47992148399354,-0.38640838861465454,8.612862586975098,-0.04219498857855797,0.22868627309799194,0.0,0.24204789102077484,0.2531487047672272,0.26093927025794983,-1.525141716003418,-1.5042901039123535,-1.4896522760391235,0.0,1.0
60416,59,7,196.2720534251179,176.42857142857142,-0.005504966096486897,25.12042944431305,-0.2505641683936119,0.002872112751356326,0.0525390625,0.5131852313876152,138.98348846435547,-1.3371186256408691,11.437533378601074,-0.05289607122540474,0.23101313412189484,0.0,0.24458719789981842,0.2551834285259247,0.2636444568634033,-1.5203523635864258,-1.500470519065857,-1.4845976829528809,0.0,1.0
61440,60,5,167.98484496696244,151.0,-0.003270444815279916,8.794500088691711,-0.2432420440018177,0.002643983133020811,0.028564453125,0.5428131975233554,43.21058337688446,0.7352554202079773,6.006848335266113,-0.028358517214655876,0.22843527793884277,0.0,0.24491848051548004,0.2553096413612366,0.2644089460372925,-1.5197279453277588,-1.500221848487854,-1.483170509338379,0.0,1.0
62464,61,6,205.3579766261236,188.66666666666666,-0.003726736130192876,11.012488627433777,-0.2425662487745285,0.00304980425426038,0.0266357421875,0.55885224416852,82.48598763942718,1.374009370803833,7.480045318603516,-0.020063301548361778,0.22777803242206573,0.0,0.2457139492034912,0.25579795241355896,0.26370054483413696,-1.5182290077209473,-1.4993001222610474,-1.4844930171966553,0.0,1.0
63488,62,6,162.26203468903043,166.16666666666666,-0.0040577703155577185,11.335511231422425,-0.23940883651375772,0.002510631488985382,0.02421875,0.5110321324318647,51.47177081108093,0.4609163999557495,6.921868324279785,-0.02684785984456539,0.23066851496696472,0.0,0.24451595544815063,0.25648924708366394,0.2643473148345947,-1.52048659324646,-1.4980278015136719,-1.483285665512085,0.0,1.0
64512,63,5,134.62788884243292,163.4,-0.0048913181875832375,13.411440074443817,-0.23674572259187698,0.0045584658189909534,0.0384765625,0.5438210122287274,85.69858946800233,-0.5569417476654053,8.395748138427734,-0.029533440247178078,0.22899723052978516,0.0,0.24585695564746857,0.25672945380210876,0.26334118843078613,-1.5179595947265625,-1.4975765943527222,-1.485163927078247,0.0,1.0
65536,64,7,189.49098461399504,191.85714285714286,-0.003104151540901512,14.315034747123718,-0.24035835340619088,0.002210043692321051,0.0244140625,0.5096379615366459,60.695103120803836,1.020259976387024,7.427404880523682,-0.032647330313920975,0.22802205383777618,0.0,0.24462586641311646,0.25471845269203186,0.26045510172843933,-1.5202794075012207,-1.5013388395309448,-1.4905576705932617,0.0,1.0
66560,65,4,233.64384868033946,191.0,-0.0035165750014130026,11.274063420295715,-0.2511076495051384,0.0019499366826494224,0.023193359375,0.4659868124872446,85.70673751831055,3.6731784343719482,6.521900653839111,-0.04268510639667511,0.22530801594257355,0.0,0.24282659590244293,0.25333523750305176,0.25953489542007446,-1.523672342300415,-1.503933072090149,-1.492279052734375,0.0,1.0
67584,66,5,239.2818467298308,200.0,-0.00431602505268529,15.861717820167542,-0.2583417683839798,0.0042020860899356196,0.0223388671875,0.5411185927689075,122.83060536384582,1.9766464233398438,9.047065734863281,-0.04307246580719948,0.22572645545005798,0.0,0.24322578310966492,0.25211042165756226,0.2578333914279938,-1.5229194164276123,-1.5062333345413208,-1.4954640865325928,0.0,1.0
68608,67,7,206.55541504313555,177.42857142857142,-0.005539953720290214,12.18500280380249,-0.2635026402771473,0.0033614863350521773,0.043212890625,0.5007660999894142,50.792174625396726,1.446854829788208,6.415787220001221,-0.03698490560054779,0.22745974361896515,0.0,0.24352283775806427,0.2516871988773346,0.25634342432022095,-1.5223591327667236,-1.5070195198059082,-1.4982554912567139,0.0,1.0
69632,68,7,188.8683197181783,164.85714285714286,-0.0050532705965451894,15.646736204624176,-0.26344804018735885,0.007300475009833463,0.0459228515625,0.5497455425560475,72.36185150146484,2.123260974884033,7.867379188537598,-0.03722764924168587,0.22698648273944855,0.0,0.2450287938117981,0.25219884514808655,0.2561550736427307,-1.5195200443267822,-1.5060309171676636,-1.4986085891723633,0.0,1.0
70656,69,5,178.48898329758865,154.2,-0.00571886315010488,40.588673615455626,-0.261611045897007,0.006909772129438352,0.0630859375,0.5345783539116382,123.53926467895508,-3.1262764930725098,11.637324333190918,-0.014180075377225876,0.22472693026065826,0.0,0.24441705644130707,0.2517916262149811,0.2562030851840973,-1.5206730365753174,-1.5068005323410034,-1.498518466949463,0.0,1.0
71680,70,5,149.40760408828788,181.8,-0.0031963205081410708,14.683339875936507,-0.265788321942091,0.0011673683155095204,0.0126708984375,0.4669878758490086,95.16118717193604,-1.6169781684875488,8.78416919708252,-0.018649714067578316,0.2288403958082199,0.0,0.24066780507564545,0.25097528100013733,0.25717684626579285,-1.5277471542358398,-1.5083624124526978,-1.4966938495635986,0.0,1.0
72704,71,6,218.58092075100078,185.0,-0.005861741298576817,8.164095413684844,-0.27093698233366015,0.0024788819209788926,0.03408203125,0.5312373384833335,33.616447877883914,1.2526071071624756,5.060754299163818,-0.0169063750654459,0.22656379640102386,0.0,0.2396806925535202,0.2499253749847412,0.2558235228061676,-1.5296117067337036,-1.5103036165237427,-1.499229907989502,0.0,1.0
73728,72,7,187.54736904553005,171.28571428571428,-0.004808748094365001,9.900443530082702,-0.2772403731942177,0.005065482576901559,0.0459228515625,0.6157233953475952,63.20581002235413,0.24219557642936707,7.1697916984558105,-0.030912665650248528,0.22586476802825928,0.0,0.23756273090839386,0.24869930744171143,0.2553313076496124,-1.5336153507232666,-1.5126266479492188,-1.500152826309204,0.0,1.0
74752,73,5,225.57090844494468,185.4,-0.004747745516942814,5.360848212242127,-0.2850703112781048,0.005298597637738567,0.044775390625,0.6022032782435417,60.587149596214296,0.45519089698791504,5.631513595581055,-0.04420934244990349,0.22058923542499542,0.0,0.2345454841852188,0.2470974326133728,0.253788024187088,-1.5393257141113281,-1.515638828277588,-1.5030477046966553,0.0,1.0
75776,74,5,191.7063722673299,178.6,-0.002472413971554488,9.187263756990433,-0.2941852234303951,0.0026083705597557127,0.0200439453125,0.5389494553208352,76.4019624710083,0.5570620894432068,7.670360088348389,-0.03565764054656029,0.22229774296283722,0.0,0.23251931369304657,0.24552367627620697,0.2520768940448761,-1.543164849281311,-1.5186320543289185,-1.5062600374221802,0.0,1.0
76800,75,5,199.6631971943491,199.6,-0.004673126083798706,15.988386523723602,-0.30269192308187487,0.0033481847465736793,0.0383056640625,0.5171020589768887,83.15801849365235,1.450118064880371,8.342479705810547,-0.031306132674217224,0.22423329949378967,0.0,0.23262791335582733,0.2443089485168457,0.25061413645744324,-1.5429589748382568,-1.5208920240402222,-1.5090082883834839,0.0,1.0
77824,76,6,191.93980883329445,177.16666666666666,-0.005322693113703281,14.305942940711976,-0.30948092639446256,0.00457484730577562,0.0460205078125,0.5573776096105576,70.50213675498962,-0.0715557336807251,8.181445121765137,-0.03610633313655853,0.2227073311805725,0.0,0.23318621516227722,0.24292655289173126,0.24915432929992676,-1.5419007539749146,-1.5234862565994263,-1.5117528438568115,0.0,1.0
78848,77,4,205.5055246401041,188.0,-0.005628821498248726,11.1870565533638,-0.31527009084820745,0.0033013760737958366,0.0469482421875,0.546868497133255,64.51828665733338,0.5907654166221619,6.968045234680176,-0.04081679508090019,0.2212570756673813,0.0,0.2325143665075302,0.24251343309879303,0.25077709555625916,-1.5431742668151855,-1.524281620979309,-1.508702039718628,0.0,1.0
79872,78,7,206.72043362106587,206.0,-0.004597794788423926,22.960894608497618,-0.31481716185808184,0.0047363652221974915,0.035107421875,0.526782325655222,94.75686407089233,0.2925546169281006,10.30799674987793,-0.03262262046337128,0.21929927170276642,0.0,0.23389102518558502,0.24314314126968384,0.25330156087875366,-1.5405653715133667,-1.52310311794281,-1.5039606094360352,0.0,1.0
80896,79,8,221.96943877021445,176.5,-0.005401339818490669,18.736527454853057,-0.3114048637449741,0.005242828725022264,0.0549560546875,0.5582514554262161,77.46869330406189,0.5526827573776245,8.79853630065918,-0.04143218323588371,0.22061192989349365,0.0,0.23313704133033752,0.24349652230739594,0.2551600933074951,-1.5419939756393433,-1.5224217176437378,-1.5004738569259644,0.0,1.0
81920,80,2,150.9023962766671,154.5,-0.0036741247749887407,6.354064583778381,-0.31128057166934014,0.005109832345624454,0.049658203125,0.5905036330223083,65.75562682151795,1.047508955001831,6.116181373596191,-0.05175593122839928,0.21958176791667938,0.0,0.23172520101070404,0.24307702481746674,0.2541770339012146,-1.5446704626083374,-1.523255705833435,-1.5023177862167358,0.0,1.0
82944,81,6,247.29024296507058,214.16666666666666,-0.005769979662727564,10.745125532150269,-0.316130268573761,0.003698947560042143,0.0264892578125,0.5451260849833488,57.15900199413299,0.4051216244697571,7.081925868988037,-0.018762413412332535,0.22056844830513,0.0,0.23030854761600494,0.24178017675876617,0.25181475281715393,-1.5473577976226807,-1.5256887674331665,-1.506752371788025,0.0,1.0
83968,82,6,205.05007964534823,191.16666666666666,-0.0024799088831059636,16.50443317890167,-0.32133699730038645,0.0023000754139502534,0.0173095703125,0.4935174699872732,90.92102398872376,3.340488910675049,8.119560241699219,-0.028843851760029793,0.22365745902061462,0.0,0.22737176716327667,0.24145640432834625,0.2525552213191986,-1.552934169769287,-1.5262998342514038,-1.505361795425415,0.0,1.0
84992,83,4,216.45903270253953,200.25,-0.005737349344417453,8.616669249534606,-0.32229005470871924,0.004651061167533044,0.0568115234375,0.5373516172170639,49.7405743598938,0.7087991237640381,6.24025297164917,-0.07482617348432541,0.21957415342330933,0.0,0.22533771395683289,0.241373673081398,0.2550380527973175,-1.5568007230758667,-1.5264817476272583,-1.5007027387619019,0.0,1.0
86016,84,6,206.64808354547884,189.33333333333334,-0.0028935093549080195,21.04091763496399,-0.32312927320599555,0.002462706808000803,0.0205810546875,0.5470459096133709,68.58050956726075,-0.10539358854293823,9.185089111328125,-0.049386054277420044,0.22127747535705566,0.0,0.2249900847673416,0.24113650619983673,0.254166841506958,-1.5574619770050049,-1.5269050598144531,-1.5023369789123535,0.0,1.0
87040,85,7,183.6234395075099,171.57142857142858,-0.0040027608745731415,4.665724954009056,-0.32354373261332514,0.004167669742309954,0.0326171875,0.5331697650253773,35.006286931037906,0.5329314470291138,4.8804707527160645,-0.03857540711760521,0.22048723697662354,0.0,0.22428405284881592,0.24135227501392365,0.25383689999580383,-1.558804988861084,-1.5265284776687622,-1.5029560327529907,0.0,1.0
88064,86,7,163.43288868870096,161.14285714285714,-0.0032155448105186226,21.008296656608582,-0.32349022626876833,0.002980438798840623,0.0192138671875,0.5074998833239078,116.38976039886475,-3.8266255855560303,8.665067672729492,-0.063943050801754,0.21711546182632446,0.0,0.2251058965921402,0.24102573096752167,0.25476089119911194,-1.557241678237915,-1.5271447896957397,-1.5012226104736328,0.0,1.0
89088,87,6,176.07686638134507,173.16666666666666,-0.006190146878361702,13.63984836935997,-0.3257961392402649,0.006016605786862783,0.0742919921875,0.5515272982418538,84.12457618713378,-0.35989537835121155,8.205126762390137,-0.060383718460798264,0.2236025184392929,0.0,0.22539089620113373,0.24045734107494354,0.2528192698955536,-1.5566996335983276,-1.5282020568847656,-1.5048660039901733,0.0,1.0
90112,88,4,189.0619385056243,168.75,-0.007030075299553573,3.10438971221447,-0.32833904549479487,0.0037971877100062557,0.0588134765625,0.5498132564127445,25.65081079006195,-0.3796577453613281,3.7222652435302734,-0.044111449271440506,0.21696804463863373,0.0,0.22489549219608307,0.24023301899433136,0.25308099389076233,-1.557641863822937,-1.5286375284194946,-1.5043747425079346,0.0,1.0
91136,89,7,186.25343333158995,185.0,-0.005090414610458538,19.325221544504167,-0.3302450433373451,0.003939223816269077,0.0419921875,0.5331219211220741,97.6913290977478,-1.0928959846496582,9.906156539916992,-0.0325893796980381,0.21835178136825562,0.0,0.22483618557453156,0.2397686392068863,0.2533249258995056,-1.557754635810852,-1.529500126838684,-1.50391685962677,0.0,1.0
92160,90,4,175.10505502928015,177.25,-0.004920659551862628,21.033103859424592,-0.33686888590455055,0.002386389709135983,0.053271484375,0.6307145554572344,101.13359565734864,-4.040585517883301,8.95840072631836,-0.03709433600306511,0.21884480118751526,0.0,0.2252001017332077,0.2375471442937851,0.24893051385879517,-1.5570625066757202,-1.5336984395980835,-1.5121738910675049,0.0,1.0
93184,91,6,158.00837133925793,174.0,-0.0043238386744633315,12.852496069669723,-0.3500680550932884,0.003820456936955452,0.047021484375,0.5109254710376263,86.94507129192353,0.3334755599498749,8.991608619689941,-0.04727475717663765,0.21818052232265472,0.0,0.22217752039432526,0.23554132878780365,0.24645353853702545,-1.5628149509429932,-1.537476658821106,-1.5168359279632568,0.0,1.0
94208,92,7,184.77028960535898,170.14285714285714,-0.003505958302412182,5.601622103154659,-0.35538761466741564,0.00430455339665059,0.039697265625,0.61630252674222,57.70850985050201,1.4401905536651611,6.015782356262207,-0.040708016604185104,0.2181827425956726,0.0,0.2225150465965271,0.23600436747074127,0.24704335629940033,-1.5621721744537354,-1.5365949869155884,-1.5157252550125122,0.0,1.0
95232,93,7,164.19546056518763,146.28571428571428,-0.004140658199321479,12.851068305969239,-0.3537004396319389,0.004235266942123417,0.0373779296875,0.6056681156158448,53.45701866149902,-0.3431655466556549,7.131413459777832,-0.048347264528274536,0.21616247296333313,0.0,0.21984988451004028,0.23543329536914825,0.24650324881076813,-1.5672500133514404,-1.5376957654953003,-1.51674222946167,0.0,1.0
96256,94,7,174.39412545713176,158.28571428571428,-0.0027868136414326726,9.569126629829407,-0.3580042988061905,0.0010204904625425114,0.028076171875,0.46781364306807516,55.49427423477173,0.26299482583999634,6.764776229858398,-0.04433238133788109,0.21298816800117493,0.0,0.21907827258110046,0.23480357229709625,0.24527721107006073,-1.5687212944030762,-1.538894534111023,-1.5190519094467163,0.0,1.0
97280,95,4,159.44349191940955,150.0,-0.004862117418088019,8.237972551584244,-0.3600470028817654,0.0036298202627222053,0.03876953125,0.5546799622476101,53.87758829593658,0.48424479365348816,6.457910537719727,-0.03527988865971565,0.2137991338968277,0.0,0.21710965037345886,0.2347072958946228,0.24614286422729492,-1.5724769830703735,-1.5390715599060059,-1.517421007156372,0.0,1.0
98304,96,7,185.20829286247863,180.14285714285714,-0.005859521718230098,3.651308810710907,-0.36116656437516215,0.0026199550600722434,0.0488525390625,0.5398773863911629,30.69659812450409,-0.3547290861606598,3.9093198776245117,-0.03335938975214958,0.2161639928817749,0.0,0.2179863005876541,0.23438189923763275,0.24569182097911835,-1.5708041191101074,-1.5396760702133179,-1.51827073097229,0.0,1.0
99328,97,7,183.42414173057145,176.42857142857142,-0.004876368131954223,8.263474351167678,-0.3678752474486828,0.0031139233673457057,0.047998046875,0.5658801455050707,88.210653591156,1.8303552865982056,6.427587985992432,-0.036075156182050705,0.22226740419864655,0.0,0.21592660248279572,0.23200799524784088,0.24280567467212677,-1.5747355222702026,-1.5442122220993042,-1.523711919784546,0.0,1.0
100352,98,6,204.0813666485011,156.5,-0.0032901419210247694,7.735272160172462,-0.37918703109025953,0.0040695314761251215,0.033984375,0.5168820939958095,110.09713649749756,1.3835842609405518,8.274508476257324,-0.04536429047584534,0.21803593635559082,0.0,0.2140617072582245,0.231045663356781,0.24241143465042114,-1.5782980918884277,-1.5460014343261719,-1.5244556665420532,0.0,1.0
101376,99,7,181.68682259035396,160.42857142857142,-0.006722943903878331,5.584730476140976,-0.3799147054553032,0.006027164634724613,0.0633544921875,0.5650207944214344,37.11221528053284,0.36648935079574585,5.43902587890625,-0.0522150881588459,0.21763171255588531,0.0,0.2148347944021225,0.23143981397151947,0.24191699922084808,-1.576820969581604,-1.5452805757522583,-1.5253887176513672,0.0,1.0
102400,100,7,158.03393046735488,144.28571428571428,-0.002921350812539458,6.070253989100456,-0.3791660226881504,0.001814325431769248,0.0169189453125,0.5387583982199431,50.734398412704465,-0.007254660129547119,5.855746269226074,-0.050909996032714844,0.21587005257606506,0.0,0.2142210155725479,0.23128987848758698,0.2424601912498474,-1.577993631362915,-1.5455365180969238,-1.5243637561798096,0.0,1.0
103424,101,6,200.47697465003412,160.33333333333334,-0.005169636866776272,5.679362824559211,-0.38277110680937765,0.005725104882731103,0.0435791015625,0.5613898564130068,67.38509085178376,3.207104206085205,4.648791313171387,-0.04867228865623474,0.21985842287540436,0.0,0.21170884370803833,0.23005621135234833,0.24165408313274384,-1.5827968120574951,-1.5479226112365723,-1.525884985923767,0.0,1.0
104448,102,7,157.10852596427114,153.14285714285714,-0.0049476256826892495,15.816320085525513,-0.3875820577144623,0.005751597486960236,0.05595703125,0.5637813448905945,97.24427924156188,-2.8460516929626465,7.6813812255859375,-0.06931809335947037,0.2260473072528839,0.0,0.21081748604774475,0.23006878793239594,0.24293699860572815,-1.5845023393630981,-1.5478768348693848,-1.5234640836715698,0.0,1.0
105472,103,5,179.80925718956576,150.8,-0.004225126298842951,11.51461381316185,-0.3863478787243366,0.004441877365752589,0.043408203125,0.5577421259135008,69.43757457733155,-1.016706109046936,7.211112022399902,-0.03350324183702469,0.21612617373466492,0.0,0.21068896353244781,0.23016679286956787,0.24523495137691498,-1.5847482681274414,-1.547709345817566,-1.5191315412521362,0.0,1.0
106496,104,7,215.76440959779256,184.14285714285714,-0.006514130521100015,7.9803819239139555,-0.38933366909623146,0.004655460684443824,0.0516357421875,0.6247731991112232,51.960847759246825,0.45820772647857666,6.556802272796631,-0.05494333803653717,0.21877998113632202,0.0,0.20841629803180695,0.22873151302337646,0.24337267875671387,-1.589099645614624,-1.5504578351974487,-1.5226423740386963,0.0,1.0
107520,105,5,193.09559916177267,188.8,-0.0032789013464935126,9.526094782352448,-0.39634414091706277,0.004896129500411917,0.03623046875,0.5583067290484905,76.44172282218933,-0.28857821226119995,7.164755344390869,-0.037568360567092896,0.21734237670898438,0.0,0.20927120745182037,0.22824735939502716,0.24073006212711334,-1.5874624252319336,-1.55135977268219,-1.5276296138763428,0.0,1.0
108544,106,4,166.90061677748974,171.0,-0.0031131676165387034,4.328837436437607,-0.39502946138381956,0.0033576990448636935,0.0294189453125,0.5144459091126918,50.10879657268524,-0.6700180172920227,4.870424747467041,-0.052947353571653366,0.2170451283454895,0.0,0.20988085865974426,0.22924065589904785,0.2436763495206833,-1.5862951278686523,-1.5494946241378784,-1.5220695734024048,0.0,1.0
109568,107,7,187.7380547720172,186.85714285714286,-0.0034745810233289378,10.33118603825569,-0.39509351179003716,0.0013413615772151389,0.0187744140625,0.5598462156951427,62.29457311630249,1.644874930381775,6.968387126922607,-0.0416446328163147,0.21467341482639313,0.0,0.20897074043750763,0.22742824256420135,0.243124321103096,-1.5880377292633057,-1.552925705909729,-1.5231107473373413,0.0,1.0
110592,108,6,172.50533377252236,179.0,-0.004696682305075228,13.935763853788377,-0.40593675151467323,0.004211263156321365,0.03671875,0.5413335099816322,102.14919900894165,2.7158725261688232,8.437504768371582,-0.031566716730594635,0.215471088886261,0.0,0.20829640328884125,0.22606849670410156,0.24062147736549377,-1.5893293619155884,-1.555497646331787,-1.5278346538543701,0.0,1.0
111616,109,5,202.9880574892321,203.4,-0.002710530697368085,11.659386137127877,-0.4123238429427147,0.0015527693496551365,0.0105224609375,0.6020505897700786,84.8173401594162,1.8563748598098755,8.388365745544434,-0.023698193952441216,0.21697326004505157,0.0,0.20757998526096344,0.22499217092990875,0.24025633931159973,-1.5907020568847656,-1.557538390159607,-1.5285242795944214,0.0,1.0
112640,110,5,233.23512123306082,193.8,-0.0058389389887452126,10.584979438781739,-0.4203030996024609,0.0025754777147085407,0.050341796875,0.6069840747863054,103.8791473865509,5.202792644500732,7.0653886795043945,-0.022876406088471413,0.22243081033229828,0.0,0.20710055530071259,0.22325021028518677,0.23663346469402313,-1.5916208028793335,-1.5608292818069458,-1.5353732109069824,0.0,1.0
113664,111,5,192.5056047707114,185.4,-0.004829475830774754,13.698846727609634,-0.4265186980366707,0.005568202633003239,0.056494140625,0.6507125489413739,111.5063021659851,3.4843461513519287,9.278883934020996,-0.01689237169921398,0.21550431847572327,0.0,0.20760780572891235,0.22309352457523346,0.23551802337169647,-1.5906486511230469,-1.5611077547073364,-1.5374841690063477,0.0,1.0
114688,112,6,175.0493531907928,182.66666666666666,-0.005170325696235522,16.825883889198302,-0.4256709136068821,0.004315991983457934,0.0343994140625,0.5089750744402408,68.57805004119874,-1.0815459489822388,8.30772590637207,-0.03423784673213959,0.21951232850551605,0.0,0.20839734375476837,0.22347576916217804,0.2354365438222885,-1.589136004447937,-1.560386061668396,-1.5376384258270264,0.0,1.0
115712,113,5,182.3341678678727,175.0,-0.004284159367671236,3.0180513739585875,-0.4271923266351223,0.003540295342099853,0.0287353515625,0.5903686419129371,28.40775736570358,0.9208716750144958,3.8823375701904297,-0.052952032536268234,0.21251916885375977,0.0,0.20733818411827087,0.22213752567768097,0.23525089025497437,-1.5911654233932495,-1.5629626512527466,-1.5379899740219116,0.0,1.0
116736,114,8,207.65872749117807,183.75,-0.004726126545574516,12.463057762384414,-0.433010084182024,0.0037689164601033553,0.0389892578125,0.5418836064636707,102.33912434577942,3.6849277019500732,7.853074550628662,-0.045836206525564194,0.21274492144584656,0.0,0.20702522993087769,0.22213782370090485,0.23609304428100586,-1.5917651653289795,-1.5629621744155884,-1.536395788192749,0.0,1.0
117760,115,6,128.00597536046698,127.66666666666667,-0.004819463391322642,15.296144586801528,-0.43126980885863303,0.003519445046549663,0.046630859375,0.5643435094505549,54.67228393554687,-1.8502291440963745,7.380293369293213,-0.036359529942274094,0.21475936472415924,0.0,0.20723658800125122,0.22247052192687988,0.23539195954799652,-1.591360092163086,-1.5623116493225098,-1.5377228260040283,0.0,1.0
118784,116,5,190.59353074088577,180.6,-0.004331990412902087,4.505435022711754,-0.4315052077174187,0.0016055464133387432,0.025830078125,0.5593085877597332,53.8046618938446,2.1800785064697266,4.752843379974365,-0.036572445183992386,0.23006898164749146,0.0,0.20640408992767334,0.22151882946491241,0.23303748667240143,-1.5929558277130127,-1.5641059875488281,-1.5421826839447021,0.0,1.0
119808,117,7,190.89334168400458,179.42857142857142,-0.004695353424176573,10.332682591676711,-0.4404268875718117,0.006018386111827567,0.0467041015625,0.6181588523089886,67.23089575767517,2.0284194946289062,6.926206588745117,-0.04253416135907173,0.231360524892807,0.0,0.20497262477874756,0.21985860168933868,0.23309458792209625,-1.595700979232788,-1.5673027038574219,-1.54207444190979,0.0,1.0
120832,118,6,189.1952755556864,177.83333333333334,-0.00549086969695054,11.975661551952362,-0.44521585255861285,0.003509928881248925,0.0345458984375,0.5311714462935925,110.74864220619202,1.5673173666000366,7.9095611572265625,-0.023991890251636505,0.22096534073352814,0.0,0.20494574308395386,0.22013501822948456,0.23318487405776978,-1.5957525968551636,-1.5667519569396973,-1.5419033765792847,0.0,1.0
121856,119,4,186.06623196465964,170.25,-0.006115990947000683,2.9016961842775344,-0.4439701154828072,0.0038912609932594934,0.0640380859375,0.6667097263038159,37.49099853038788,1.8513437509536743,3.9909508228302,-0.010974124073982239,0.2218598574399948,0.0,0.2015543431043625,0.21972642838954926,0.23214514553546906,-1.6022627353668213,-1.5675601959228516,-1.5438741445541382,0.0,1.0
122880,120,6,182.06364690083683,185.5,-0.004704078135546297,2.618325261771679,-0.4492283366620541,0.0030433426785748453,0.0361328125,0.5804006181657314,27.748435068130494,0.2724749445915222,3.46470308303833,-0.007128659635782242,0.2166786938905716,0.0,0.20065689086914062,0.21837377548217773,0.2307751476764679,-1.6039869785308838,-1.570119023323059,-1.546472430229187,0.0,1.0
123904,121,6,178.07914539090407,172.5,-0.0037587767001241446,8.61846215724945,-0.4572265826165676,0.002485272299963981,0.0222412109375,0.570169123262167,63.442518663406375,0.7821646332740784,6.651234149932861,-0.01692887954413891,0.22078295052051544,0.0,0.19911666214466095,0.21704064309597015,0.23073342442512512,-1.6069475412368774,-1.5726839303970337,-1.5465515851974487,0.0,1.0
124928,122,5,155.83122248044114,174.6,-0.004780373879475519,4.098505100607872,-0.4648436352610588,0.00629242756695021,0.05224609375,0.6274635285139084,32.739843654632566,-0.09134900569915771,4.235412120819092,-0.031165659427642822,0.22079843282699585,0.0,0.19766125082969666,0.2156885862350464,0.2299417406320572,-1.6097466945648193,-1.5752512216567993,-1.5480538606643677,0.0,1.0
125952,123,6,210.41304546932247,195.66666666666666,-0.0031954622827470303,7.877551972866058,-0.4726199619472027,0.0022584222053410484,0.0236328125,0.6154697857797146,87.52793879508972,3.953965663909912,5.411091327667236,-0.04799818992614746,0.21840225160121918,0.0,0.19474253058433533,0.21419072151184082,0.22938227653503418,-1.6153650283813477,-1.5781503915786743,-1.549115777015686,0.0,1.0
126976,124,5,182.6598378108731,188.4,-0.004946193186333403,8.73642331957817,-0.4762038752436638,0.006349050746939611,0.043603515625,0.5241558246314526,49.047680902481076,-0.13648009300231934,6.0396013259887695,-0.04342208802700043,0.21632923185825348,0.0,0.19410035014152527,0.2151179313659668,0.23244476318359375,-1.6166020631790161,-1.576371669769287,-1.5433061122894287,0.0,1.0
128000,125,7,186.50690690328332,183.71428571428572,-0.004725244996370748,18.391372072696687,-0.4686980977654457,0.00437617812276585,0.02841796875,0.6029859595000744,114.3083200931549,2.593971014022827,9.176765441894531,-0.04712511971592903,0.21651017665863037,0.0,0.19691260159015656,0.2161976844072342,0.23289231956005096,-1.611187219619751,-1.574312686920166,-1.5424578189849854,0.0,1.0
129024,126,6,191.23598258336446,169.16666666666666,-0.005443789908895269,5.806480279564857,-0.46873479038476945,0.004174413249711506,0.0411865234375,0.5923665553331375,60.9406195640564,1.4804623126983643,5.811160564422607,-0.021302366629242897,0.22067953646183014,0.0,0.19457843899726868,0.21483594179153442,0.23212601244449615,-1.6156811714172363,-1.57693612575531,-1.5439105033874512,0.0,1.0
130048,127,5,165.48596202821892,166.6,-0.00532922800630331,7.2088708728551865,-0.47996225357055666,0.004140396967704874,0.0290283203125,0.5700031034648418,71.66576132774352,1.6597208976745605,6.823792934417725,-0.03218844532966614,0.2130414843559265,0.0,0.1911611706018448,0.21281076967716217,0.22848635911941528,-1.6222676038742065,-1.5807794332504272,-1.5508168935775757,0.0,1.0
131072,128,7,213.72037748896977,192.85714285714286,-0.005241553299129009,21.61285357475281,-0.49234700873494147,0.003287337694200687,0.0421875,0.6123830199241638,153.09125924110413,6.161585330963135,9.178869247436523,-0.03083203174173832,0.2203769087791443,0.0,0.18706251680850983,0.21012569963932037,0.22542732954025269,-1.6301785707473755,-1.585919737815857,-1.5566303730010986,0.0,1.0
132096,129,6,137.02936759038795,134.16666666666666,-0.005391555884853005,10.322889226675034,-0.5049169331789016,0.0039413788530509915,0.034521484375,0.5473755743354559,82.76229162216187,-2.391153335571289,6.516730785369873,-0.035394128412008286,0.21553853154182434,0.0,0.18682709336280823,0.20925891399383545,0.22479510307312012,-1.6306333541870117,-1.5875869989395142,-1.5578328371047974,0.0,1.0
133120,130,6,174.02193173783357,185.0,-0.006292519770795479,4.620880076289177,-0.5049459293484688,0.0068119638424832376,0.042578125,0.5564506754279137,53.308526921272275,1.581229567527771,4.974353790283203,-0.03422565758228302,0.22135692834854126,0.0,0.18723620474338531,0.20955443382263184,0.22612382471561432,-1.6298431158065796,-1.5870195627212524,-1.5553059577941895,0.0,1.0
134144,131,4,211.18053640981043,201.5,-0.004629300581291318,3.7476989701390266,-0.5033944696187973,0.005086262951954268,0.0378662109375,0.5680651120841503,41.2408403635025,1.6334446668624878,4.069184303283691,-0.03567788004875183,0.21538610756397247,0.0,0.18610095977783203,0.2098473459482193,0.22885441780090332,-1.6320362091064453,-1.5864957571029663,-1.5501179695129395,0.0,1.0
135168,132,6,191.15893470880724,179.66666666666666,-0.0029612329322844743,17.85979583263397,-0.5021215841174126,0.0023225946657476015,0.0236083984375,0.5160034611821175,87.59536995887757,0.342599093914032,9.164688110351562,-0.024894816800951958,0.21868734061717987,0.0,0.18778005242347717,0.20993632078170776,0.22836650907993317,-1.6287927627563477,-1.5862962007522583,-1.5510444641113281,0.0,1.0
136192,133,6,173.84588060443664,184.5,-0.0044395312550477685,6.90284004509449,-0.5045688048005104,0.004463949894125107,0.0387451171875,0.5984096951782704,59.9466037273407,1.8808636665344238,5.688202381134033,-0.035264577716588974,0.21862268447875977,0.0,0.18711309134960175,0.20889651775360107,0.22799399495124817,-1.6300809383392334,-1.5883032083511353,-1.5517520904541016,0.0,1.0
137216,134,5,212.40321835031563,199.4,-0.005225293897092342,19.69327444434166,-0.5106079623103141,0.002434395079035312,0.04931640625,0.5930839635431766,96.45089883804322,1.2406421899795532,9.606605529785156,-0.008564588613808155,0.22148583829402924,0.0,0.18667438626289368,0.2079574018716812,0.22845613956451416,-1.63092839717865,-1.590086579322815,-1.5508742332458496,0.0,1.0
138240,135,5,189.86935668222947,183.8,-0.005110191879794002,7.223122641444206,-0.514805918931961,0.005388324675732292,0.046826171875,0.5671628139913082,54.79909920692444,2.1170454025268555,5.794623851776123,-0.02254346013069153,0.21835003793239594,0.0,0.18613500893115997,0.20757485926151276,0.22820498049259186,-1.6319704055786133,-1.5908268690109253,-1.5513513088226318,0.0,1.0
139264,136,7,183.36097042113536,180.57142857142858,-0.0061496587237343196,18.752970921993256,-0.5124052822589874,0.006024970207363367,0.03857421875,0.5900130540132522,94.06491236686706,-1.6668825149536133,8.80219841003418,-0.02882673591375351,0.21569286286830902,0.0,0.18840594589710236,0.20897789299488068,0.22915707528591156,-1.6275842189788818,-1.588145136833191,-1.5495433807373047,0.0,1.0
140288,137,6,174.22103188103532,167.16666666666666,-0.004150374501477927,11.768231564760208,-0.5103181138634681,0.0024502620697603563,0.025341796875,0.5858405962586403,70.82994151115417,-0.5621069669723511,7.124229907989502,-0.03126395866274834,0.21312594413757324,0.0,0.1875784546136856,0.2075687199831009,0.22852899134159088,-1.6291821002960205,-1.5908418893814087,-1.5507359504699707,0.0,1.0
141312,138,5,199.31563955075762,190.6,-0.0040906416717916725,12.579629480838776,-0.5172075375914573,0.0033318798610707744,0.0321044921875,0.5755020678043365,94.22864961624146,-1.6913368701934814,7.776680946350098,-0.020697427913546562,0.22360539436340332,0.0,0.18566077947616577,0.20734910666942596,0.23069234192371368,-1.6328868865966797,-1.5912922620773315,-1.546629548072815,0.0,1.0
142336,139,4,170.7659286837735,178.75,-0.007259404921205715,7.569825261831284,-0.5162527337670326,0.0071160544437589126,0.067626953125,0.6070018842816353,65.44838273525238,-0.22682662308216095,6.402820110321045,-0.0340302549302578,0.2212543934583664,0.0,0.18476377427577972,0.2078760415315628,0.2324785739183426,-1.6346207857131958,-1.590279221534729,-1.5432419776916504,0.0,1.0
143360,140,8,175.45688062215203,166.375,-0.0034808461787179112,11.094069296121598,-0.5156598091125488,0.0031738549456349573,0.036962890625,0.5881152704358101,46.778224277496335,-0.17747028172016144,6.644716739654541,-0.019942037761211395,0.22493818402290344,0.0,0.18529756367206573,0.20703138411045074,0.23150615394115448,-1.6335889101028442,-1.5918916463851929,-1.5450859069824219,0.0,1.0
144384,141,7,193.48576678595435,170.0,-0.004953178786672651,9.802032172679901,-0.5202613413333893,0.002980381270754151,0.0373779296875,0.5752574551850558,64.98746738433837,0.3690131902694702,6.856566905975342,-0.01040901243686676,0.2213895469903946,0.0,0.18577434122562408,0.2065916210412979,0.2306075245141983,-1.6326674222946167,-1.5927420854568481,-1.5467904806137085,0.0,1.0
145408,142,5,161.71530859821286,155.8,-0.00467493871692568,7.379255318641663,-0.520815971493721,0.00269909131602617,0.0281005859375,0.5413844540715218,73.35196058750152,-0.5031334161758423,6.744987487792969,0.0029293519910424948,0.21394942700862885,0.0,0.1843613237142563,0.206893190741539,0.2308855801820755,-1.6353988647460938,-1.5921649932861328,-1.5462629795074463,0.0,1.0
146432,143,7,200.35766635231874,192.71428571428572,-0.00525682152947411,12.075071495771407,-0.5204307168722153,0.005699953403382097,0.057275390625,0.7076069436967373,82.79152088165283,0.025211632251739502,8.149027824401855,0.00722398841753602,0.22597621381282806,0.0,0.1833314746618271,0.20638062059879303,0.23097696900367737,-1.6373904943466187,-1.5931434631347656,-1.5460896492004395,0.0,1.0
147456,144,4,175.8594248903098,169.0,-0.004742082615848631,19.128749561309814,-0.5236451342701912,0.004465988029551227,0.0416259765625,0.6052000023424625,114.00172104835511,-0.3802274763584137,10.375418663024902,-0.0026524942368268967,0.21831485629081726,0.0,0.18197420239448547,0.20613451302051544,0.22956019639968872,-1.6400164365768433,-1.593626856803894,-1.5487780570983887,0.0,1.0
148480,145,5,185.34638678609357,184.8,-0.004012235056143254,5.179807056486607,-0.5284058675169945,0.003438341195578687,0.0254150390625,0.5751620136201382,46.430344104766846,1.6112110614776611,5.53703498840332,0.0011047901352867484,0.21144860982894897,0.0,0.17899999022483826,0.20418918132781982,0.2244875729084015,-1.6457751989364624,-1.5973325967788696,-1.558417797088623,0.0,1.0
149504,146,6,194.7224603697416,194.0,-0.0038672765134833754,12.487195354700088,-0.5400701433420181,0.0003968120683566667,0.024169921875,0.5858139865100384,61.581030702590944,0.23713266849517822,7.527463436126709,-0.002309460425749421,0.22087661921977997,0.0,0.17587974667549133,0.20249949395656586,0.2238229215145111,-1.6518232822418213,-1.6006020307540894,-1.5596826076507568,0.0,1.0
150528,147,7,186.68316355066077,169.57142857142858,-0.003994603687897324,6.349572241306305,-0.5454493880271911,0.0028090591018553822,0.0183837890625,0.5387518547475338,38.63274924755096,1.3069205284118652,5.267420768737793,-0.010721925646066666,0.2102022022008896,0.0,0.17460037767887115,0.20241928100585938,0.2240859866142273,-1.6543049812316895,-1.6007646322250366,-1.5591819286346436,0.0,1.0
151552,148,5,215.12741187986734,192.0,-0.0054485829430632295,4.938191105425358,-0.548968106508255,0.0035910491307731716,0.0369384765625,0.5650781646370888,60.371953058242795,2.017880916595459,5.326798439025879,-0.0049568661488592625,0.2206381857395172,0.0,0.1710404008626938,0.20087800920009613,0.22670961916446686,-1.6612164974212646,-1.6037622690200806,-1.5541925430297852,0.0,1.0
152576,149,5,177.68190327936796,162.2,-0.004405949299689382,7.254981511831284,-0.557667675614357,0.0022563694568816573,0.0434814453125,0.5645368307828903,45.01662883758545,-1.5082244873046875,5.197788238525391,-0.003133051097393036,0.21550433337688446,0.0,0.17043472826480865,0.20000511407852173,0.22709617018699646,-1.6623930931091309,-1.6054445505142212,-1.5534578561782837,0.0,1.0
153600,150,9,153.25283077210804,146.66666666666666,-0.005674582766368985,13.60619283914566,-0.5588156342506408,0.006918966335069854,0.0462158203125,0.5926963329315186,102.91201400756836,-2.0454742908477783,7.696601390838623,0.020350268110632896,0.21737690269947052,0.0,0.16921401023864746,0.20046532154083252,0.22921408712863922,-1.664765477180481,-1.6045862436294556,-1.5494351387023926,0.0,1.0
154624,151,5,150.90727829556016,163.0,-0.004273699983605184,18.335679292678833,-0.555736294388771,0.002328301084344275,0.0443359375,0.5932894974946976,106.95798287391662,-1.4822676181793213,9.187119483947754,0.028202064335346222,0.22189666330814362,0.0,0.1704377830028534,0.20069201290607452,0.22974571585655212,-1.6623872518539429,-1.6041207313537598,-1.5484259128570557,0.0,1.0
155648,152,3,220.4735325890664,188.0,-0.004666306954459287,6.586926366388798,-0.5601668432354927,0.005082357674837112,0.038134765625,0.6427976481616497,80.90228140354156,2.588466167449951,6.4691162109375,0.00931734312325716,0.22822503745555878,0.0,0.16740597784519196,0.1986425668001175,0.2286226749420166,-1.668281078338623,-1.6081047058105469,-1.550558090209961,0.0,1.0
156672,153,8,233.8327960220002,212.625,-0.004898450535256416,24.58554744720459,-0.5715740144252777,0.0015991561638657003,0.0322021484375,0.6717052549123764,159.75885405540467,4.346271514892578,10.89072322845459,0.0007750542717985809,0.22961737215518951,0.0,0.1655701994895935,0.19742636382579803,0.22664493322372437,-1.671852707862854,-1.610443115234375,-1.554315447807312,0.0,1.0
157696,154,5,187.63890065196136,165.2,-0.007238725299248472,7.697750160098076,-0.5747797802090645,0.004635895253159106,0.06181640625,0.605924304574728,45.226489663124084,-0.46604907512664795,5.70989990234375,0.0022116522304713726,0.22088904678821564,0.0,0.16654732823371887,0.19750289618968964,0.22444356977939606,-1.669951319694519,-1.6102746725082397,-1.5585016012191772,0.0,1.0
158720,155,4,199.542928088378,174.75,-0.004324507561977953,7.168316587805748,-0.5747906222939492,0.0025521933945128693,0.0361083984375,0.7060053594410419,66.92846653461456,0.2658548355102539,6.217770576477051,0.001249895547516644,0.21716724336147308,0.0,0.16638870537281036,0.1970943659543991,0.22474893927574158,-1.670259952545166,-1.6110700368881226,-1.5579206943511963,0.0,1.0
159744,156,9,186.68741595539075,177.22222222222223,-0.005694279563613236,13.563534766435623,-0.5786871284246444,0.005500548897543922,0.0501953125,0.6014149151742458,79.25329341888428,0.19238883256912231,8.080821990966797,0.018262475728988647,0.21755166351795197,0.0,0.16631503403186798,0.19612807035446167,0.22401517629623413,-1.670403242111206,-1.612892746925354,-1.559316635131836,0.0,1.0
160768,157,3,182.22614069085208,185.33333333333334,-0.0032749633712228386,4.094227650761605,-0.5869009867310524,0.003179015323985368,0.0207275390625,0.5679847866296768,37.518683552742004,-1.0799200534820557,4.287625312805176,0.02149181067943573,0.21380308270454407,0.0,0.16198918223381042,0.19422833621501923,0.22405678033828735,-1.6788259744644165,-1.6165834665298462,-1.5592374801635742,0.0,1.0
161792,158,6,204.70380051869702,205.5,-0.0036894868942908944,6.002040392160415,-0.5935727596282959,0.0020011936983792113,0.02763671875,0.5891147322952748,79.56612205505371,2.950241804122925,5.706971645355225,-0.005129699129611254,0.2236877977848053,0.0,0.16020436584949493,0.1942611187696457,0.22397874295711517,-1.6823046207427979,-1.6165353059768677,-1.5593860149383545,0.0,1.0
162816,159,6,190.06818446300886,174.16666666666666,-0.0033338540000841022,16.61630344390869,-0.592615494132042,0.001294280517322477,0.02587890625,0.5751900367438794,79.6238064289093,-0.1874808669090271,8.501620292663574,0.00467666843906045,0.21497046947479248,0.0,0.16181398928165436,0.19420766830444336,0.22399677336215973,-1.67916738986969,-1.616627812385559,-1.5593516826629639,0.0,1.0
163840,160,6,179.10969766594812,179.66666666666666,-0.0033784250495955347,14.944136202335358,-0.5899352908134461,0.004723719746107235,0.0525146484375,0.5422554567456246,64.34260778427124,0.7562874555587769,7.667738437652588,0.006632466334849596,0.2162252962589264,0.0,0.16459085047245026,0.19560499489307404,0.22564716637134552,-1.6737589836120605,-1.6139373779296875,-1.556212306022644,0.0,1.0
164864,161,5,159.62323567352206,161.4,-0.004077029082691297,14.364279627799988,-0.5833419606089592,0.004884899516764562,0.0376708984375,0.5940585546195507,92.57996768951416,-1.9294750690460205,8.184354782104492,0.013453771360218525,0.22741593420505524,0.0,0.16169874370098114,0.19585414230823517,0.22667838633060455,-1.679391860961914,-1.6134872436523438,-1.5542519092559814,0.0,1.0
165888,162,7,158.40450460847438,176.14285714285714,-0.002951027365634218,17.465350341796874,-0.5824438393115997,0.003643735923105851,0.0314453125,0.5707602500915527,111.1169732093811,-2.925969123840332,8.24558162689209,-0.0026747577358037233,0.22660504281520844,0.0,0.1610318124294281,0.19639642536640167,0.22666610777378082,-1.6806915998458862,-1.6124578714370728,-1.5542751550674438,0.0,1.0
166912,163,7,176.6579636984789,157.71428571428572,-0.0034170397091656925,12.322646498680115,-0.5762012153863907,0.002612908084120136,0.0299560546875,0.6262677021324634,82.93469414710998,0.8710228800773621,8.480559349060059,-0.004912892822176218,0.21936917304992676,0.0,0.1637396663427353,0.1979507952928543,0.2283000499010086,-1.6754162311553955,-1.6094423532485962,-1.5511707067489624,0.0,1.0
167936,164,4,204.06302038898662,197.75,-0.004405758448410779,23.439443147182466,-0.5696751639246941,0.003923768797540106,0.035546875,0.5343517400324345,105.94857997894287,0.9249011278152466,10.425958633422852,0.0013225845759734511,0.22412632405757904,0.0,0.16312411427497864,0.1984863132238388,0.22829389572143555,-1.6766149997711182,-1.6084294319152832,-1.5511823892593384,0.0,1.0
168960,165,7,177.65541406065026,175.71428571428572,-0.004742208169773221,5.881897631287575,-0.5704593658447266,0.004929777592769824,0.0396240234375,0.549387700110674,51.5435928106308,0.9998937845230103,5.815907955169678,-0.019581124186515808,0.22365610301494598,0.0,0.16287769377231598,0.19737321138381958,0.2245379537343979,-1.6770950555801392,-1.6105488538742065,-1.5583219528198242,0.0,1.0
169984,166,5,165.39565927844234,173.4,-0.002779102767817676,13.504241824150085,-0.5759168162941932,0.0032632126662065276,0.0319091796875,0.6376006916165352,86.75228710174561,0.24845938384532928,8.049015045166016,-0.03346279263496399,0.23368783295154572,0.0,0.16308067739009857,0.19729997217655182,0.22471605241298676,-1.6766996383666992,-1.6106730699539185,-1.557983160018921,0.0,1.0
171008,167,7,176.28731888332138,175.0,-0.004348049301188439,16.057166707515716,-0.5760864540934563,0.004771613543562125,0.0310546875,0.6412293523550033,115.68846983909607,1.9540685415267944,8.755549430847168,-0.017976446077227592,0.22679497301578522,0.0,0.16360057890415192,0.19669610261917114,0.2243967056274414,-1.6756870746612549,-1.6118324995040894,-1.5585907697677612,0.0,1.0
172032,168,2,237.55834884396145,221.0,-0.004259255016222596,2.4706486120820044,-0.5782706797122955,0.001650776615133509,0.0261962890625,0.5729769162833691,42.22184729576111,2.1462059020996094,3.661998987197876,0.010354344733059406,0.22219374775886536,0.0,0.16403083503246307,0.19693322479724884,0.2235410362482071,-1.674849271774292,-1.6113847494125366,-1.5602190494537354,0.0,1.0
173056,169,8,194.48956651947898,207.25,-0.0062067263526842,12.452014029026031,-0.5772593662142753,0.008146919001592322,0.0583984375,0.6580326341092586,87.40859389305115,0.5780571103096008,7.806241989135742,-0.017316462472081184,0.22739443182945251,0.0,0.16421018540859222,0.19701498746871948,0.2220846265554428,-1.6745001077651978,-1.6112160682678223,-1.5629918575286865,0.0,1.0
174080,170,7,188.97558752383682,172.14285714285714,-0.0037011129898019135,13.41550962626934,-0.5741764068603515,0.003673098671424668,0.02607421875,0.5844885732978582,99.10590100288391,3.385590076446533,8.387039184570312,-0.03580952063202858,0.21618886291980743,0.0,0.16667123138904572,0.19799965620040894,0.22184553742408752,-1.6697102785110474,-1.6092866659164429,-1.5634472370147705,0.0,1.0
175104,171,4,155.5649577315496,144.75,-0.0032484870753251016,16.95698610544205,-0.5703092575073242,0.004004258506756742,0.0242431640625,0.5968515008687973,69.71057753562927,-0.8902841806411743,8.388007164001465,-0.025100678205490112,0.21632571518421173,0.0,0.16873830556869507,0.19811314344406128,0.22142617404460907,-1.665690302848816,-1.6090506315231323,-1.5642460584640503,0.0,1.0
176128,172,7,173.05874073938935,175.28571428571428,-0.004864386969711631,6.826174318790436,-0.5699601307511329,0.004556390226935036,0.034814453125,0.5972380548715591,44.445179271697995,-0.48569178581237793,5.676918983459473,-0.012544266879558563,0.2281530648469925,0.0,0.17050011456012726,0.19808794558048248,0.22011832892894745,-1.6622661352157593,-1.6090635061264038,-1.5667383670806885,0.0,1.0
177152,173,5,161.18134344190582,168.0,-0.004232492693699896,3.7349572479724884,-0.570382046699524,0.006804328196449205,0.048486328125,0.5957570377737283,33.8184154510498,-0.8968799114227295,4.097883701324463,-0.00959052611142397,0.21991068124771118,0.0,0.17279864847660065,0.1980799436569214,0.21694402396678925,-1.657801866531372,-1.6090623140335083,-1.5727931261062622,0.0,1.0
178176,174,5,169.50212280675996,187.0,-0.004577563249040395,5.9820204198360445,-0.5739734694361687,0.003263508992677089,0.03564453125,0.5600438416004181,57.54864950180054,1.6177045106887817,5.362511157989502,-0.01917138881981373,0.21423663198947906,0.0,0.17019951343536377,0.19654180109500885,0.21739614009857178,-1.6628501415252686,-1.612022042274475,-1.5719302892684937,0.0,1.0
179200,175,6,200.62874680547552,201.5,-0.00449565117014572,6.969959315657616,-0.5833674743771553,0.0029057617342914456,0.02568359375,0.5816406920552254,66.04691555500031,2.725518226623535,6.027986526489258,-0.023282533511519432,0.2165902704000473,0.0,0.16928231716156006,0.19504064321517944,0.21685273945331573,-1.664632797241211,-1.6149286031723022,-1.5729674100875854,0.0,1.0
180224,176,5,169.36913897962597,180.2,-0.0047467580414377155,3.6207094699144364,-0.5873003110289574,0.005891368891752791,0.032470703125,0.5627079784870148,31.381580936908723,0.7944813370704651,3.9836955070495605,-0.023910606279969215,0.218830406665802,0.0,0.17038027942180634,0.19563806056976318,0.21662066876888275,-1.662498950958252,-1.6137727499008179,-1.5734103918075562,0.0,1.0
181248,177,6,203.60025566762405,190.83333333333334,-0.00463458556914702,9.91082734465599,-0.5815009772777557,0.0031271982719772496,0.0365478515625,0.5748052079230547,57.59903020858765,1.7486119270324707,6.351968765258789,-0.023745277896523476,0.2169915735721588,0.0,0.17215357720851898,0.19664257764816284,0.21583114564418793,-1.6590543985366821,-1.611826777458191,-1.5749177932739258,0.0,1.0
182272,178,7,161.95455284265586,158.85714285714286,-0.004748871049378068,7.746936437487602,-0.5816241592168808,0.004462546523427591,0.0470947265625,0.6104640029370785,89.95895917415619,-0.47909897565841675,6.7417893409729,-0.011699107475578785,0.22058026492595673,0.0,0.17138344049453735,0.19523285329341888,0.21193231642246246,-1.6605501174926758,-1.6145210266113281,-1.582369327545166,0.0,1.0
183296,179,6,171.86604868654976,164.0,-0.0042202808428555725,10.863301181793213,-0.5900432392954826,0.003946399397682399,0.0274658203125,0.6046771489083766,73.83640975952149,1.0081647634506226,7.452476978302002,0.011620640754699707,0.22163890302181244,0.0,0.168913334608078,0.1941710114479065,0.20973019301891327,-1.6653499603271484,-1.616597294807434,-1.5865834951400757,0.0,1.0
184320,180,5,169.31844013435926,184.0,-0.0037472787545993922,8.144494703412056,-0.5937587633728981,0.0031244388766936025,0.041552734375,0.5628735102713108,57.93583054542542,0.9314937591552734,6.353898525238037,-0.005752358585596085,0.2252657264471054,0.0,0.16886408627033234,0.1939268559217453,0.2089010328054428,-1.6654458045959473,-1.617066502571106,-1.5881712436676025,0.0,1.0
185344,181,6,178.6424749099186,176.83333333333334,-0.004915696324314922,8.45871868133545,-0.5947800278663635,0.002066251586074941,0.0380615234375,0.6016599364578724,51.16575260162354,0.3665187954902649,6.507741928100586,-0.0032156817615032196,0.21952523291110992,0.0,0.17032654583454132,0.19385476410388947,0.20765741169452667,-1.6626033782958984,-1.6171607971191406,-1.590553641319275,0.0,1.0
186368,182,6,165.4126818959093,166.83333333333334,-0.005223243002546951,10.980483722686767,-0.5919682115316391,0.005337002399028279,0.0599609375,0.6913524940609932,74.03083152770996,-0.7529957890510559,7.130887031555176,0.02518772892653942,0.24127663671970367,0.0,0.1717873066663742,0.1949077844619751,0.20814695954322815,-1.6597657203674316,-1.6151299476623535,-1.5896157026290894,0.0,1.0
187392,183,3,243.24884293593757,242.66666666666666,-0.004002577485516667,3.3452817007899283,-0.5888503536581993,0.002073830489825923,0.019873046875,0.6100458644330502,42.48523306846619,0.9606994390487671,4.22158145904541,0.04404999688267708,0.23135842382907867,0.0,0.17119355499744415,0.19453352689743042,0.20673221349716187,-1.660918951034546,-1.6158572435379028,-1.5923268795013428,0.0,1.0
188416,184,7,195.98448913681372,200.57142857142858,-0.004275034397142008,6.582785397768021,-0.5926806151866912,0.003020904968434479,0.04365234375,0.6364619687199593,65.34555606842041,1.7808611392974854,5.631242275238037,0.026894202455878258,0.2334258258342743,0.0,0.17077374458312988,0.1938011199235916,0.2054688036441803,-1.6617344617843628,-1.6172676086425781,-1.5947493314743042,0.0,1.0
189440,185,6,179.58403545570772,155.0,-0.00364885043236427,7.7817527711391445,-0.5989057123661041,0.0007188576215412468,0.0242431640625,0.6406004711985588,76.18975689411164,2.37412166595459,6.600186824798584,0.023951595649123192,0.22266799211502075,0.0,0.17034025490283966,0.19232964515686035,0.2041342854499817,-1.662576675415039,-1.6201039552688599,-1.5973094701766968,0.0,1.0
190464,186,6,200.46521812268972,179.33333333333334,-0.006083453760948032,14.672691810131074,-0.6025797560811043,0.003830670003662817,0.057177734375,0.6643674209713936,58.549312353134155,0.8458864688873291,7.134947299957275,0.0074033052660524845,0.22879758477210999,0.0,0.1712987869977951,0.19302509725093842,0.20497643947601318,-1.6607145071029663,-1.6187807321548462,-1.5956937074661255,0.0,1.0
191488,187,4,221.66780029112786,208.25,-0.004868832102511078,5.434622952342034,-0.5995301216840744,0.004193441441748292,0.025732421875,0.5672558955848217,81.09695036411286,3.242337703704834,4.815223693847656,0.012104318477213383,0.22451138496398926,0.0,0.17096678912639618,0.19275672733783722,0.20497772097587585,-1.661359429359436,-1.6192735433578491,-1.595691204071045,0.0,1.0
192512,188,5,225.40843514856283,202.6,-0.0033591776678804307,12.639721131324768,-0.6055248528718948,0.0016780806094175206,0.029345703125,0.5750025015324354,49.66946063041687,-0.2697201371192932,7.069797039031982,0.011550512164831161,0.2190694808959961,0.0,0.16928668320178986,0.19103480875492096,0.20449651777744293,-1.6646242141723633,-1.6225892305374146,-1.5966143608093262,0.0,1.0
193536,189,6,179.80757349614382,182.83333333333334,-0.004889998328872025,7.187617707252502,-0.613174743950367,0.0020801625825697554,0.033447265625,0.6366045355796814,38.72553679943085,-1.007650375366211,5.487938404083252,0.01910659484565258,0.22189195454120636,0.0,0.170963317155838,0.190511092543602,0.2015186995267868,-1.6613662242889404,-1.6235891580581665,-1.6023311614990234,0.0,1.0
194560,190,6,165.87452974755976,170.66666666666666,-0.0042610506294295195,19.71600043773651,-0.6137902960181236,0.00411728835752001,0.0631103515625,0.7093773990869522,89.18700094223023,-0.42010995745658875,8.879425048828125,0.012365897186100483,0.2295254021883011,0.0,0.17272400856018066,0.19063995778560638,0.19983698427677155,-1.6579468250274658,-1.6233316659927368,-1.605562686920166,0.0,1.0
195584,191,6,206.5190742605962,195.33333333333334,-0.004060316155664623,18.979804146289826,-0.6104189574718475,0.0029264220094773917,0.034033203125,0.601805218309164,79.64982929229737,-1.4318088293075562,8.520133972167969,0.005721765104681253,0.23223565518856049,0.0,0.17473603785037994,0.191766619682312,0.2009526789188385,-1.6540417671203613,-1.6211485862731934,-1.6034185886383057,0.0,1.0
196608,192,7,159.44900350107017,150.85714285714286,-0.00329330344684422,4.276112818717957,-0.606995803117752,0.0018043825344648211,0.0210693359375,0.6190611608326435,45.52781558036804,-0.21869146823883057,4.945681571960449,0.011171319521963596,0.2202947735786438,0.0,0.1740128993988037,0.19132541120052338,0.20022490620613098,-1.6554449796676636,-1.6219977140426636,-1.6048171520233154,0.0,1.0
197632,193,6,166.90242058730658,150.66666666666666,-0.004401146247982979,6.955147334933281,-0.6099160626530647,0.0008012263890122995,0.04833984375,0.5912348978221417,68.25878264904023,0.35531502962112427,6.220931529998779,0.019189106300473213,0.22728995978832245,0.0,0.17535650730133057,0.19121645390987396,0.19995200634002686,-1.652838110923767,-1.6222000122070312,-1.6053416728973389,0.0,1.0
198656,194,7,193.3739694531746,195.85714285714286,-0.0048430043971166015,4.073037806153297,-0.6108255341649056,0.003171657063649036,0.035986328125,0.5820182204246521,37.02490131855011,0.06277050077915192,4.588374614715576,0.026617178693413734,0.22308212518692017,0.0,0.171883225440979,0.19062091410160065,0.20172707736492157,-1.6595793962478638,-1.6233760118484497,-1.601930856704712,0.0,1.0
199680,195,3,170.5231814623255,159.33333333333334,-0.0033764501567929983,3.208695355057716,-0.613361756503582,0.003582749408087693,0.034912109375,0.6032758757472039,31.336759662628175,-0.3482052683830261,4.331658840179443,0.027166195213794708,0.22548232972621918,0.0,0.17054042220115662,0.19075535237789154,0.2028874158859253,-1.6621878147125244,-1.6231211423873901,-1.5997027158737183,0.0,1.0
200704,196,6,161.8309353361491,176.66666666666666,-0.003328124020481482,25.383780229091645,-0.6113561823964119,0.0031460446523851717,0.0231689453125,0.5885217629373074,95.36160025596618,-1.0503549575805664,10.811275482177734,0.025346048176288605,0.22547394037246704,0.0,0.17028290033340454,0.19127684831619263,0.20373110473155975,-1.662688136100769,-1.6221261024475098,-1.5980831384658813,0.0,1.0
201728,197,8,160.65823015704837,161.125,-0.0032930568151641635,24.515460324287414,-0.6092364951968193,0.003299741694354452,0.0268798828125,0.6744284823536872,112.54358110427856,1.6173145771026611,9.806591987609863,0.026417119428515434,0.2297307550907135,0.0,0.17135004699230194,0.19127051532268524,0.20160259306430817,-1.6606149673461914,-1.6221352815628052,-1.6021699905395508,0.0,1.0
202752,198,4,234.65471095330471,234.25,-0.004868125001667068,22.067555785179138,-0.6082651183009148,0.0030779039370827377,0.0318603515625,0.6776798985898494,106.71629858016968,-0.478823184967041,10.239845275878906,0.02924262173473835,0.2401396632194519,0.0,0.17337557673454285,0.1917654424905777,0.20168296992778778,-1.6566818952560425,-1.6211611032485962,-1.6020156145095825,0.0,1.0
203776,199,4,178.480435445972,166.5,-0.00361478760605678,5.324986538290977,-0.6053374871611595,0.002651565641281195,0.0240966796875,0.625631982833147,40.651398754119874,0.8112704157829285,5.126847743988037,-0.004958778154104948,0.21977820992469788,0.0,0.1739049106836319,0.19226795434951782,0.20175109803676605,-1.6556545495986938,-1.6201934814453125,-1.6018847227096558,0.0,1.0
204800,200,7,191.5082410525591,189.85714285714286,-0.0050939720589667555,7.955390113592148,-0.6074077650904656,0.00438759643730009,0.0376953125,0.6265096336603164,55.7323802947998,2.0441131591796875,6.1125946044921875,0.0012453142553567886,0.21718695759773254,0.0,0.17164160311222076,0.1905924677848816,0.20144763588905334,-1.6600487232208252,-1.623428463935852,-1.602467656135559,0.0,1.0
205824,201,4,204.12416519913728,179.25,-0.0038948028581216932,6.450509652495384,-0.6149335592985153,0.003210061391291674,0.0337890625,0.6387258984148503,48.71123359203339,1.3413646221160889,5.416023254394531,0.014912915416061878,0.221825510263443,0.0,0.17288699746131897,0.19042980670928955,0.2014680951833725,-1.6576303243637085,-1.6237316131591797,-1.6024284362792969,0.0,1.0
206848,202,7,225.9427034378048,222.57142857142858,-0.005137731996364891,13.000239050388336,-0.6155862092971802,0.003350285315536894,0.0380859375,0.6489394545555115,84.45585112571716,0.48740071058273315,8.179780006408691,0.013774421997368336,0.23940551280975342,0.0,0.1713278740644455,0.18960903584957123,0.20041222870349884,-1.6606580018997192,-1.625333309173584,-1.604457139968872,0.0,1.0
207872,203,8,144.02451027211796,146.875,-0.0040834460058249535,11.401633816957474,-0.6189170375466346,0.0013372057816013693,0.0330810546875,0.5996484354138374,75.56468906402588,-2.588487148284912,6.9496355056762695,0.0058594136498868465,0.253551721572876,0.0,0.17122237384319305,0.18991462886333466,0.1993362456560135,-1.660862922668457,-1.6247228384017944,-1.6065253019332886,0.0,1.0
208896,204,5,155.803426380924,146.6,-0.003081685520010069,9.94258054792881,-0.6181211546063423,0.0044344033594825305,0.026708984375,0.6123355969786644,95.89795174598694,-2.140726327896118,7.2576985359191895,0.007784651126712561,0.2385014444589615,0.0,0.17094770073890686,0.18942584097385406,0.19978153705596924,-1.6613965034484863,-1.6256681680679321,-1.6056692600250244,0.0,1.0
209920,205,6,156.67616363775775,187.83333333333334,-0.006229238596279174,11.369957947731018,-0.6215500101447106,0.006623389110609423,0.0884521484375,0.6744409181177616,55.60146794319153,-1.490038514137268,6.423805236816406,-0.0028649873565882444,0.23572136461734772,0.0,0.1702611744403839,0.18904666602611542,0.19934996962547302,-1.6627304553985596,-1.626405119895935,-1.6064989566802979,0.0,1.0
210944,206,5,158.23698287170194,154.6,-0.003651638946030289,4.138359841704369,-0.6199145212769508,0.0029910491735790855,0.033544921875,0.6504647009074688,35.48131904602051,-0.8546383380889893,4.393893718719482,-0.0013194208731874824,0.24322780966758728,0.0,0.1717052310705185,0.19005678594112396,0.19975660741329193,-1.659925103187561,-1.6244564056396484,-1.6057171821594238,0.0,1.0
211968,207,5,173.6440806401609,183.2,-0.0037930885795503856,2.439827559888363,-0.6141882717609406,0.005709710172959603,0.050048828125,0.6729237385094166,33.98971221446991,0.9293649196624756,3.7511003017425537,0.014068643562495708,0.22851210832595825,0.0,0.171735018491745,0.1908082365989685,0.2013360857963562,-1.659867286682129,-1.6230101585388184,-1.6026819944381714,0.0,1.0
212992,208,7,206.69740919599684,220.42857142857142,-0.00476999933598563,3.6266334772109987,-0.6145180836319923,0.004851818214228842,0.040478515625,0.6473172977566719,35.787608647346495,1.0303164720535278,4.355554103851318,0.009822803549468517,0.22449135780334473,0.0,0.17166949808597565,0.1896887570619583,0.20054958760738373,-1.6599944829940796,-1.62518310546875,-1.604193091392517,0.0,1.0
214016,209,6,140.46330490840828,141.83333333333334,-0.004287516174372286,4.0146691158413885,-0.6202343434095383,0.0017466289253206923,0.030126953125,0.5547223292291165,34.52787883281708,0.5404371023178101,4.972659587860107,-0.004327443893998861,0.21581950783729553,0.0,0.1714763194322586,0.18904411792755127,0.20033681392669678,-1.660369634628296,-1.6264196634292603,-1.6046019792556763,0.0,1.0
215040,210,4,204.21528441128027,187.0,-0.0038077837554737924,5.5017654448747635,-0.6225271388888359,0.004182358580874279,0.04892578125,0.6753560841083527,74.68666701316833,1.3319957256317139,6.3204193115234375,-0.01549916248768568,0.22048622369766235,0.0,0.17025138437747955,0.18908198177814484,0.20133845508098602,-1.6627494096755981,-1.6263376474380493,-1.602677345275879,0.0,1.0
216064,211,7,188.7131835741082,194.71428571428572,-0.003699327737558633,16.569683647155763,-0.6209654718637466,0.006674216895771678,0.053857421875,0.6729774326086044,83.5567234992981,2.007720470428467,9.145645141601562,0.007277967408299446,0.21964031457901,0.0,0.17212466895580292,0.18949925899505615,0.20131266117095947,-1.6591105461120605,-1.6255322694778442,-1.602726936340332,0.0,1.0
217088,212,6,172.46137126532474,175.16666666666666,-0.004483198095113039,10.317653650045395,-0.6238044753670693,0.0047799053543712946,0.0353515625,0.6545931689441205,47.59275751113891,0.08083024621009827,6.503965377807617,-0.007070165127515793,0.2213701605796814,0.0,0.17081910371780396,0.18781691789627075,0.20023678243160248,-1.6616463661193848,-1.6287928819656372,-1.6047942638397217,0.0,1.0
218112,213,3,192.40842133568273,182.66666666666666,-0.004103278741240501,5.399878948926926,-0.6343090027570725,0.003724265992059372,0.03955078125,0.608331760764122,59.66349573135376,2.184683322906494,5.378031253814697,0.006122408900409937,0.21456465125083923,0.0,0.16883255541324615,0.1862429976463318,0.19928202033042908,-1.6655070781707764,-1.6318250894546509,-1.6066296100616455,0.0,1.0
219136,214,6,217.95793367181992,200.5,-0.005010436102747917,7.273380556702614,-0.6419704988598823,0.004742539608560037,0.0298828125,0.6160960264503956,68.75786986351014,2.8269381523132324,6.964366912841797,-0.000920132442843169,0.2190815508365631,0.0,0.1673601269721985,0.18502934277057648,0.1986571103334427,-1.668370246887207,-1.6341627836227417,-1.6078312397003174,0.0,1.0
220160,215,6,161.79375898199376,183.33333333333334,-0.005444820373668335,13.858905971050262,-0.646953572332859,0.006258033747144509,0.0572265625,0.6587248347699642,84.9751524925232,2.619706153869629,7.9183759689331055,0.0037077206652611494,0.2284439504146576,0.0,0.16768531501293182,0.18473321199417114,0.19759443402290344,-1.6677377223968506,-1.634731411933899,-1.609875202178955,0.0,1.0
221184,216,5,202.8112470766377,195.8,-0.005828325540642254,5.183511877059937,-0.6468147367238999,0.00713061578135239,0.0427490234375,0.635570078343153,38.73588390350342,2.813724994659424,4.439603805541992,-0.006870397832244635,0.22023247182369232,0.0,0.169417142868042,0.18513812124729156,0.19719937443733215,-1.6643706560134888,-1.633954405784607,-1.6106353998184204,0.0,1.0
222208,217,5,234.09151969458244,192.8,-0.004343098646495491,8.173802304267884,-0.6459913149476051,0.0034882486972492186,0.03466796875,0.5941275641322136,46.9083464384079,1.5846691131591797,5.022483825683594,-0.0029896025080233812,0.21395628154277802,0.0,0.17174744606018066,0.1846512109041214,0.19550909101963043,-1.65984308719635,-1.6348786354064941,-1.6138888597488403,0.0,1.0
223232,218,6,215.74418627742978,207.33333333333334,-0.00436042962828651,8.392050105333329,-0.6502434059977531,0.005817264423239976,0.0354736328125,0.5353349536657334,52.47769780158997,0.44918203353881836,6.020015239715576,0.022992724552750587,0.22151006758213043,0.0,0.1717182844877243,0.18383847177028656,0.1946287304162979,-1.6598997116088867,-1.6364327669143677,-1.6155842542648315,0.0,1.0
224256,219,7,157.0416559987746,175.0,-0.006595130637288093,10.63745681643486,-0.6481221169233322,0.004441914666676894,0.075244140625,0.6431657947599888,69.62268075942993,-2.2563838958740234,6.924027442932129,0.008505468256771564,0.23047789931297302,0.0,0.17160041630268097,0.18582749366760254,0.19788803160190582,-1.6601285934448242,-1.632598876953125,-1.6093103885650635,0.0,1.0
225280,220,3,138.82337201895723,173.0,-0.0058115014340728525,4.739257857203484,-0.6405559346079827,0.006915209714497906,0.056005859375,0.565409692376852,35.206403613090515,-1.0820860862731934,4.7856831550598145,-0.010328452102839947,0.21745416522026062,0.0,0.1703910380601883,0.18554861843585968,0.19940121471881866,-1.6624780893325806,-1.6331454515457153,-1.6064003705978394,0.0,1.0
226304,221,7,194.7773408570085,193.85714285714286,-0.003867814928526059,7.229089459776878,-0.6450756743550301,0.005836392380297184,0.0399658203125,0.6538567416369915,52.33155870437622,1.790856122970581,5.879237651824951,-0.005839443299919367,0.22295744717121124,0.0,0.1689673662185669,0.18462242186069489,0.20006871223449707,-1.6652449369430542,-1.6349436044692993,-1.6051173210144043,0.0,1.0
227328,222,5,149.21711118444145,154.6,-0.0024975121777970344,8.213373160362243,-0.6503958284854889,0.0015215886916848831,0.0276611328125,0.5657075189054013,57.406701707839964,-0.19412082433700562,6.483161926269531,-0.0058815875090658665,0.21837210655212402,0.0,0.16676005721092224,0.18376527726650238,0.19986355304718018,-1.6695375442504883,-1.6365996599197388,-1.6055116653442383,0.0,1.0
228352,223,6,209.04046679278508,204.83333333333334,-0.005090864462545142,2.5094768032431602,-0.6544298455119133,0.006445783036178909,0.0521728515625,0.622823640704155,32.06865503787994,-0.6452515721321106,3.909954071044922,0.008976670913398266,0.22375355660915375,0.0,0.16598956286907196,0.18327011168003082,0.19967840611934662,-1.6710366010665894,-1.6375645399093628,-1.6058675050735474,0.0,1.0
229376,224,5,166.28129342375695,181.6,-0.0045723690505838025,8.128322252631188,-0.6585583582520484,0.0014007490783114918,0.01865234375,0.6691070541739463,73.45838975906372,-0.31774428486824036,7.020115852355957,0.004396202974021435,0.22258995473384857,0.0,0.1668718457221985,0.18197502195835114,0.1983087807893753,-1.669319987297058,-1.6400561332702637,-1.6085010766983032,0.0,1.0
230400,225,7,164.8538235603526,173.14285714285714,-0.003966989554464817,15.78192395567894,-0.6645055323839187,0.00431322735385038,0.0375244140625,0.6106583587825298,81.3879180431366,-0.2960928678512573,9.078730583190918,0.009874531999230385,0.22787003219127655,0.0,0.1645578294992447,0.1818336844444275,0.20011641085147858,-1.6738232374191284,-1.6403628587722778,-1.6050256490707397,0.0,1.0
231424,226,6,141.9983561423306,148.33333333333334,-0.0059417779324576255,4.262623310089111,-0.6641068264842034,0.006025289434182924,0.052001953125,0.7133450031280517,51.83278863430023,-1.4932761192321777,4.879612922668457,-0.0011608488857746124,0.21909965574741364,0.0,0.16461318731307983,0.18185490369796753,0.20055904984474182,-1.6737154722213745,-1.6403192281723022,-1.6041749715805054,0.0,1.0
232448,227,6,183.3181669221158,171.83333333333334,-0.004434441251214593,2.7865570172667504,-0.6646533444523811,0.003182481139083393,0.037841796875,0.6067670047283172,30.944940733909608,-1.15862238407135,3.7676053047180176,0.0027823231648653746,0.2204063981771469,0.0,0.16449110209941864,0.1815311163663864,0.20198148488998413,-1.6739531755447388,-1.6409460306167603,-1.6014423370361328,0.0,1.0
233472,228,5,158.85970953600457,160.4,-0.003777508033090271,4.93584214746952,-0.6657534047961235,0.003197010239819065,0.0471435546875,0.6248736210167408,43.29005930423737,-0.02910304069519043,5.305055141448975,0.027912482619285583,0.21551966667175293,0.0,0.16469572484493256,0.1818384975194931,0.20309318602085114,-1.67355477809906,-1.640372633934021,-1.599307656288147,0.0,1.0
234496,229,6,232.28463506066188,214.16666666666666,-0.0034347257809713484,14.311637091636658,-0.6630241304636002,0.002211729562259279,0.024462890625,0.5878612883388996,96.82746186256409,1.547807216644287,8.101056098937988,0.018670139834284782,0.23527100682258606,0.0,0.166339710354805,0.18213774263858795,0.2043246626853943,-1.6703553199768066,-1.6397767066955566,-1.5969440937042236,0.0,1.0
235520,230,6,182.38079128850816,173.16666666666666,-0.004034897073870525,2.7993307381868364,-0.6602144077420234,0.006138178957917262,0.052685546875,0.7055655881762505,25.857278251647948,0.11147063970565796,4.125164985656738,0.0107632577419281,0.22976639866828918,0.0,0.16730238497257233,0.18301711976528168,0.2051568329334259,-1.6684825420379639,-1.6380977630615234,-1.5953476428985596,0.0,1.0
236544,231,5,189.1074075127349,175.6,-0.0031019419548101723,6.376792019605636,-0.6568327456712723,0.003312563928193413,0.020556640625,0.6436115451157093,53.672200083732605,0.9527134895324707,6.187745571136475,0.0035965091083198786,0.23218707740306854,0.0,0.16691827774047852,0.18310360610485077,0.20487651228904724,-1.6692297458648682,-1.6379317045211792,-1.5958853960037231,0.0,1.0
237568,232,8,155.83694712165664,166.375,-0.003206074831541628,3.1765151992440224,-0.6536536499857902,0.0039482217485783625,0.024560546875,0.5758379481732845,31.726327061653137,-0.08956053853034973,4.303136825561523,-0.022436639294028282,0.22768926620483398,0.0,0.1693788468837738,0.18449586629867554,0.20628418028354645,-1.664445161819458,-1.6352200508117676,-1.5931857824325562,0.0,1.0
238592,233,5,150.14973143592366,153.6,-0.007191006944049149,26.63931155204773,-0.6486240699887276,0.008639229122491088,0.080615234375,0.5663798935711384,91.21166367530823,-1.981684684753418,10.013418197631836,0.008131223730742931,0.2270282655954361,0.0,0.1701263189315796,0.1843729168176651,0.204600989818573,-1.6629924774169922,-1.6354503631591797,-1.5964139699935913,0.0,1.0
239616,234,6,177.98721303051357,162.66666666666666,-0.00397290185210295,5.837736132740974,-0.6530872315168381,0.0019497642701026053,0.02626953125,0.6272472627460957,49.618923854827884,-0.8979783058166504,5.3031158447265625,-0.04951108619570732,0.22047622501850128,0.0,0.17012538015842438,0.18286144733428955,0.20278498530387878,-1.6629942655563354,-1.6383692026138306,-1.5998992919921875,0.0,1.0
240640,235,6,186.3258650096103,179.33333333333334,-0.00424495559418574,1.974688395857811,-0.6601793825626373,0.0026824292857781985,0.0283203125,0.5703203700482845,22.84480276107788,0.29681867361068726,3.2562530040740967,-0.04074608162045479,0.21606679260730743,0.0,0.16925545036792755,0.1821376532316208,0.19949355721473694,-1.6646850109100342,-1.639743685722351,-1.6062228679656982,0.0,1.0
241664,236,8,177.2517433896468,160.5,-0.005720039177685976,7.552187803387642,-0.6617849662899971,0.005272342941316311,0.0536376953125,0.6391979485750199,60.54893393516541,-0.1938905119895935,6.569075584411621,-0.013483432121574879,0.22111698985099792,0.0,0.17178954184055328,0.18258225917816162,0.19677485525608063,-1.6597613096237183,-1.638872742652893,-1.611452341079712,0.0,1.0
242688,237,5,176.97526889860413,148.6,-0.005284796154592186,9.18022748529911,-0.657405860722065,0.00611830634297803,0.06015625,0.5753788501024246,60.340153503417966,-0.9916678071022034,6.671189785003662,-0.032912760972976685,0.22262832522392273,0.0,0.1727440357208252,0.18350498378276825,0.19769500195980072,-1.6579079627990723,-1.6371053457260132,-1.6096818447113037,0.0,1.0
243712,238,8,138.00972902313242,143.375,-0.006970758450916037,29.298215460777282,-0.6562211260199546,0.0075851846238947475,0.0748046875,0.6165918104350567,86.04438333511352,-3.677690029144287,10.110932350158691,-0.029546067118644714,0.2222728133201599,0.0,0.17353983223438263,0.1828613132238388,0.19695448875427246,-1.6563631296157837,-1.6383367776870728,-1.6111066341400146,0.0,1.0
244736,239,6,145.00334785911562,147.83333333333334,-0.004569500085199252,5.928358736634254,-0.6606670096516609,0.004444987219176255,0.0364501953125,0.5814490161836148,59.31278519630432,-1.238599181175232,5.611958980560303,-0.03727416694164276,0.2188788205385208,0.0,0.17151333391666412,0.18195901811122894,0.1963438093662262,-1.6602978706359863,-1.6400941610336304,-1.6122819185256958,0.0,1.0
245760,240,6,144.28470368696097,143.0,-0.006747735233511775,6.407242530584336,-0.6665823042392731,0.003588632383616641,0.0517333984375,0.5983837597072125,59.2498605966568,1.686974287033081,6.308661937713623,-0.03422398120164871,0.21719437837600708,0.0,0.16941951215267181,0.1807011216878891,0.19505225121974945,-1.6643660068511963,-1.6425195932388306,-1.6147685050964355,0.0,1.0
246784,241,6,225.0763463450663,190.33333333333334,-0.0025229764520190655,11.044415012001991,-0.6733669981360435,0.0013893947543692775,0.0176513671875,0.6022871233522892,102.39716563224792,5.881303310394287,7.307855129241943,-7.437355816364288e-05,0.21992243826389313,0.0,0.16801315546035767,0.17987869679927826,0.1961078643798828,-1.667100191116333,-1.64413321018219,-1.6127361059188843,0.0,1.0
247808,242,4,238.50748826862696,236.5,-0.004387660953216255,6.231091183423996,-0.6769399523735047,0.002371567999944091,0.0253662109375,0.6071860447525979,41.378067278862,1.2139229774475098,4.953962326049805,-0.00044028539559803903,0.217156320810318,0.0,0.1673363745212555,0.1791485995054245,0.1935335248708725,-1.6684165000915527,-1.645528793334961,-1.6176941394805908,0.0,1.0
248832,243,6,214.63364952256848,203.33333333333334,-0.004628557217074558,16.9056827545166,-0.6797885671257973,0.004327641705458518,0.0434326171875,0.6710443750023842,66.22473392486572,1.1459252834320068,7.903840065002441,-0.0009099803864955902,0.22365368902683258,0.0,0.16851265728473663,0.17941321432590485,0.19266106188297272,-1.6661289930343628,-1.6450005769729614,-1.6193757057189941,0.0,1.0
249856,244,6,159.77194164093237,161.66666666666666,-0.00408403140027076,4.586453041434288,-0.6817378610372543,0.0034420163079630583,0.020068359375,0.6336726985871792,33.04711184501648,0.936545729637146,4.896787166595459,-0.009855533950030804,0.2168768048286438,0.0,0.1660647839307785,0.1779276579618454,0.19211700558662415,-1.670890212059021,-1.647897720336914,-1.620424509048462,0.0,1.0
250880,245,7,201.948382464977,181.85714285714286,-0.004302308952901512,4.073507314920425,-0.686219084262848,0.0011013947369065136,0.028173828125,0.6012028008699417,30.782754802703856,1.069413185119629,4.129921913146973,-0.00892625655978918,0.22744160890579224,0.0,0.1669687032699585,0.17834798991680145,0.19355635344982147,-1.6691316366195679,-1.6470783948898315,-1.6176502704620361,0.0,1.0
251904,246,5,182.60755260606,172.6,-0.006230278231669217,3.456914462149143,-0.6865041464567184,0.005346863676095381,0.04404296875,0.6275586172938347,34.88624005317688,1.4086494445800781,4.092202186584473,-0.012450951151549816,0.21942590177059174,0.0,0.16707763075828552,0.17740881443023682,0.19149960577487946,-1.6689196825027466,-1.6488972902297974,-1.621614933013916,0.0,1.0
252928,247,5,203.7703728570365,182.4,-0.0035017671762034297,10.314469808340073,-0.6930270463228225,0.003082716716744471,0.0240478515625,0.5760240539908409,66.34725232124329,1.3380286693572998,7.2346110343933105,-0.01884087733924389,0.21698203682899475,0.0,0.1640925407409668,0.1763129085302353,0.19099073112010956,-1.6747291088104248,-1.6510252952575684,-1.622596263885498,0.0,1.0
253952,248,8,152.70237620129524,154.0,-0.003865672365645878,5.158205047249794,-0.6962010592222214,0.005422695346351247,0.0503173828125,0.6278018549084663,33.83495285511017,-0.09029999375343323,4.916849136352539,-0.032282937318086624,0.21371304988861084,0.0,0.16223739087581635,0.17659509181976318,0.19199398159980774,-1.678342342376709,-1.6504846811294556,-1.6206616163253784,0.0,1.0
254976,249,5,154.72651084823258,157.0,-0.002926917216973379,7.901760983467102,-0.6925976753234864,0.003747298926464282,0.0233154296875,0.5774452045559884,41.710147738456726,-0.827020525932312,5.924407958984375,-0.019588975235819817,0.21235468983650208,0.0,0.16082775592803955,0.17728208005428314,0.19283747673034668,-1.6810894012451172,-1.6491700410842896,-1.6190356016159058,0.0,1.0
256000,250,8,165.0082037901318,156.125,-0.005024401191622019,3.966526176035404,-0.692209392786026,0.00406166913890047,0.0401611328125,0.5906091406941414,37.49499801397324,-0.12227147817611694,4.65967321395874,-0.022199278697371483,0.21240420639514923,0.0,0.15973274409770966,0.17652328312397003,0.1932128369808197,-1.683224081993103,-1.650618076324463,-1.618312120437622,0.0,1.0
257024,251,6,179.0322866403025,141.83333333333334,-0.0038433311856351793,5.190527406334877,-0.6957362934947013,0.002174728806130588,0.0205322265625,0.6212549190968275,43.36301741600037,-0.42516228556632996,5.477475643157959,-0.009161976166069508,0.21180401742458344,0.0,0.15803281962871552,0.17643426358699799,0.1936439424753189,-1.6865395307540894,-1.6508084535598755,-1.6174814701080322,0.0,1.0
258048,252,8,191.5689865624833,177.375,-0.003951260470785201,10.876897692680359,-0.6946250483393669,0.0033343330142088234,0.0304931640625,0.6052229605615139,67.28180389404297,-0.3335690200328827,7.6390204429626465,-0.006653923075646162,0.21118992567062378,0.0,0.1562522053718567,0.17686975002288818,0.19546347856521606,-1.6900142431259155,-1.6500002145767212,-1.6139767169952393,0.0,1.0
259072,253,6,157.05023868791235,144.16666666666666,-0.005019567080307752,4.174879261851311,-0.6929877206683159,0.005602609054767527,0.0596923828125,0.7851348653435707,42.64206600189209,0.11110350489616394,5.123652935028076,-0.010724421590566635,0.21499748528003693,0.0,0.15553633868694305,0.17680323123931885,0.1950385421514511,-1.6914117336273193,-1.6501115560531616,-1.6147949695587158,0.0,1.0
260096,254,6,142.91101505806452,151.33333333333334,-0.004140483448281884,18.132308292388917,-0.6926397070288658,0.003513323183869943,0.059619140625,0.5560167454183101,54.29789686203003,-1.600701093673706,8.23206901550293,-0.012972851283848286,0.2088303118944168,0.0,0.15677984058856964,0.17729146778583527,0.19512924551963806,-1.6889843940734863,-1.6491633653640747,-1.614620327949524,0.0,1.0
261120,255,7,166.93997097655964,164.57142857142858,-0.004869498766493052,5.51887336820364,-0.6902909785509109,0.005892766873876099,0.0489501953125,0.6498029582202435,39.80065743923187,-0.38367539644241333,5.476248264312744,0.00793865043669939,0.2110024094581604,0.0,0.15456131100654602,0.17724667489528656,0.1959073692560196,-1.6933156251907349,-1.649265170097351,-1.6131221055984497,0.0,1.0
262144,256,4,160.2656977967545,155.5,-0.0034110994543880223,7.0345403999090195,-0.692847229540348,0.002287050952145364,0.021142578125,0.6017571434378624,68.93288941383362,2.955216407775879,6.02547025680542,0.006090089678764343,0.21181097626686096,0.0,0.15390397608280182,0.17647014558315277,0.1937953233718872,-1.6945995092391968,-1.650774598121643,-1.6171897649765015,0.0,1.0
263168,257,7,185.80271707159355,170.42857142857142,-0.005085432471241802,5.233429715037346,-0.6965330302715301,0.0031427883950527757,0.04306640625,0.5756456986069679,29.63068370819092,-0.8542510867118835,4.625208854675293,-0.017186371609568596,0.21182987093925476,0.0,0.1544230729341507,0.17607064545154572,0.1908372938632965,-1.6935856342315674,-1.6515246629714966,-1.6228922605514526,0.0,1.0
264192,258,7,178.1751667534608,170.0,-0.005270088819088414,5.556808340549469,-0.6993437170982361,0.0019644503699964844,0.0504638671875,0.6027096137404442,55.769874286651614,2.075345039367676,5.616241931915283,-0.02577960304915905,0.21559472382068634,0.0,0.15338683128356934,0.17538219690322876,0.18975089490413666,-1.6956098079681396,-1.6528569459915161,-1.624988317489624,0.0,1.0
265216,259,7,192.38614333241884,154.71428571428572,-0.004585866507841274,8.770633181929588,-0.7036556422710418,0.004709195393661503,0.036572265625,0.5818900555372238,61.29964623451233,1.7071207761764526,6.7409820556640625,-0.03800728917121887,0.2102237194776535,0.0,0.15306083858013153,0.17477363348007202,0.1874331384897232,-1.6962467432022095,-1.6540398597717285,-1.629462718963623,0.0,1.0
266240,260,5,158.7504521610625,158.4,-0.002950505365151912,3.1265746712684632,-0.704797375202179,0.002547536937345285,0.021826171875,0.631842777878046,32.66711301803589,1.5856846570968628,4.08192777633667,-0.013443599455058575,0.20809853076934814,0.0,0.15237654745578766,0.17483435571193695,0.18785284459590912,-1.6975839138031006,-1.6539448499679565,-1.6286522150039673,0.0,1.0
267264,261,5,247.27519353011098,206.6,-0.004887350485660136,3.7871260330080987,-0.7041779533028603,0.006450929290440399,0.0405029296875,0.6130639612674713,44.88688006401062,3.0842397212982178,4.112145900726318,-0.01009768433868885,0.21542362868785858,0.0,0.15234418213367462,0.1752120852470398,0.18724854290485382,-1.6976470947265625,-1.6531983613967896,-1.6298192739486694,0.0,1.0
268288,262,8,199.7875887178319,171.875,-0.0036079835845157504,11.516442501544953,-0.7002317443490028,0.006948184255452361,0.0421630859375,0.6765964798629284,75.72503004074096,-0.8493692278862,7.569911479949951,-0.036385487765073776,0.215074360370636,0.0,0.15302349627017975,0.17615912854671478,0.18797332048416138,-1.6963196992874146,-1.6513571739196777,-1.6284195184707642,0.0,1.0
269312,263,6,167.30842183227816,162.83333333333334,-0.005555667367298156,12.091401600837708,-0.6959156304597854,0.00514295869943453,0.0537109375,0.5572574894875288,61.158337926864625,-0.6846498847007751,7.489753723144531,-0.007156841456890106,0.21362130343914032,0.0,0.15467293560504913,0.1765926629304886,0.18831083178520203,-1.6930975914001465,-1.6505342721939087,-1.62776780128479,0.0,1.0
270336,264,5,175.4029228623566,163.6,-0.004607364721596241,4.233815118670464,-0.6926632136106491,0.004899858444696292,0.048291015625,0.6256925694644451,42.46638412475586,-1.934286117553711,4.175296306610107,-0.03170469403266907,0.21358834207057953,0.0,0.15487778186798096,0.177439346909523,0.191670224070549,-1.6926976442337036,-1.64889395236969,-1.6212859153747559,0.0,1.0
271360,265,6,143.094547674865,144.16666666666666,-0.005001710169017315,12.417418670654296,-0.691801305115223,0.0033081785310059785,0.0453125,0.5888988502323628,68.06883935928344,-1.304208517074585,7.936301231384277,-0.0277860164642334,0.20933997631072998,0.0,0.1538080871105194,0.17646348476409912,0.19148576259613037,-1.694786787033081,-1.6507824659347534,-1.6216416358947754,0.0,1.0
272384,266,8,180.50210415810807,174.375,-0.00503190269228071,9.386464047431947,-0.6952760949730873,0.004708702374773566,0.0465087890625,0.6352798216044903,70.3494458436966,0.6724792718887329,7.258003234863281,-0.00850790087133646,0.21197058260440826,0.0,0.1544257551431656,0.1767290085554123,0.191508948802948,-1.6935803890228271,-1.6502476930618286,-1.6215969324111938,0.0,1.0
273408,267,4,152.01354511809123,138.0,-0.004292024532333016,3.579797293245792,-0.6927621334791183,0.0033293573404080236,0.0433349609375,0.6498116545379162,33.967547392845155,-0.8952182531356812,4.337335586547852,-0.029611507430672646,0.21700794994831085,0.0,0.1544114053249359,0.1771666556596756,0.19361980259418488,-1.6936084032058716,-1.6494097709655762,-1.617527961730957,0.0,1.0
274432,268,7,166.83355327358277,179.14285714285714,-0.004547545325476676,3.617508667707443,-0.6916778340935708,0.00291145356168272,0.047021484375,0.5901251181960105,30.785424399375916,0.2721124589443207,4.608737945556641,0.00045233810669742525,0.20918157696723938,0.0,0.15418490767478943,0.17689001560211182,0.1918419897556305,-1.6940507888793945,-1.6499443054199219,-1.6209547519683838,0.0,1.0
275456,269,4,195.7467851646503,192.25,-0.0038747375248931347,6.505986773967743,-0.6948862001299858,0.0036294497054768725,0.025390625,0.7186121664941311,66.45342025756835,2.447239637374878,5.81992769241333,0.018687058240175247,0.213575080037117,0.0,0.15377043187618256,0.17630618810653687,0.19083444774150848,-1.6948604583740234,-1.6510862112045288,-1.622897744178772,0.0,1.0
276480,270,5,208.76378972055437,203.6,-0.0025275305146351458,6.70264169126749,-0.698140361905098,0.0026138975910726,0.02353515625,0.720586683601141,70.27576849460601,2.4306130409240723,6.467799186706543,-0.021232470870018005,0.2132563591003418,0.0,0.1538999080657959,0.1755390763282776,0.19088061153888702,-1.6946074962615967,-1.65255606174469,-1.6228086948394775,0.0,1.0
277504,271,7,201.68760676962333,205.85714285714286,-0.0035684588947333395,11.700184190273285,-0.7004830166697502,0.002247243479359895,0.0240234375,0.6104786857962609,88.8884165763855,4.019144535064697,7.20298957824707,-0.0011491961777210236,0.2170015126466751,0.0,0.156363382935524,0.17569975554943085,0.19043928384780884,-1.6897971630096436,-1.6522431373596191,-1.6236600875854492,0.0,1.0
278528,272,4,185.95434612264245,170.0,-0.005332113947952166,10.707613837718963,-0.7033638849854469,0.002214303973596543,0.03447265625,0.6620218217372894,102.51436476707458,3.802197217941284,6.683274745941162,-0.026717275381088257,0.2155182808637619,0.0,0.15649329125881195,0.17436803877353668,0.18732701241970062,-1.6895437240600586,-1.6548017263412476,-1.6296677589416504,0.0,1.0
279552,273,5,222.58915052872104,206.2,-0.005134140490554273,5.711344507336617,-0.7106325164437294,0.005613697796070483,0.0528076171875,0.6228864744305611,35.726965355873105,0.04788418114185333,5.207164764404297,-0.012251746840775013,0.21386414766311646,0.0,0.15599754452705383,0.17334948480129242,0.18675650656223297,-1.6905113458633423,-1.6567707061767578,-1.6307697296142578,0.0,1.0
280576,274,7,196.43443480300166,180.57142857142858,-0.00514356445055455,3.7451898351311685,-0.7165270790457725,0.000976106891175732,0.0310791015625,0.5703183591365815,46.205034458637236,2.2433810234069824,4.507387638092041,-0.007467919494956732,0.21947745978832245,0.0,0.15415604412555695,0.1720890998840332,0.1861085742712021,-1.694107174873352,-1.6592254638671875,-1.6320215463638306,0.0,1.0
281600,275,6,195.6705850196206,173.0,-0.005536004749592394,3.045087496936321,-0.7189367890357972,0.0038994283953798004,0.0484619140625,0.6915222138166428,38.556325626373294,1.805226445198059,3.9567179679870605,-0.03108721412718296,0.21753844618797302,0.0,0.1555245965719223,0.17296986281871796,0.18580688536167145,-1.691434621810913,-1.6575311422348022,-1.6326045989990234,0.0,1.0
282624,276,6,170.3374821426415,180.33333333333334,-0.008371229289332404,11.073274219036103,-0.7141383439302444,0.006728434056276456,0.0800048828125,0.6612479232251645,48.14668030738831,-0.8140231370925903,6.852736473083496,-0.01911737211048603,0.21433919668197632,0.0,0.15690897405147552,0.1735050082206726,0.18752475082874298,-1.688732385635376,-1.6564701795578003,-1.6292858123779297,0.0,1.0
283648,277,4,208.73745837566324,171.25,-0.004915256734238938,8.152178272604942,-0.7122336983680725,0.00435683722171234,0.040625,0.6266438342630863,58.8894140958786,0.9952974319458008,6.92532205581665,-0.026805421337485313,0.21006686985492706,0.0,0.1559566706418991,0.1732974648475647,0.18788322806358337,-1.6905910968780518,-1.6568914651870728,-1.6285935640335083,0.0,1.0
284672,278,7,172.90552335684512,173.42857142857142,-0.006265864626038819,9.002264708280563,-0.7145436316728592,0.005641719621780794,0.0572265625,0.5590186014771461,51.42899601459503,-0.33244359493255615,6.521973133087158,-0.024997709318995476,0.20644044876098633,0.0,0.1547049582004547,0.17309801280498505,0.18846973776817322,-1.6930351257324219,-1.657273769378662,-1.6274610757827759,0.0,1.0
285696,279,6,195.73425330270138,183.33333333333334,-0.005340202117804438,10.868170619010925,-0.7139780074357986,0.0034427687220158986,0.0486083984375,0.6264863446354866,77.02438459396362,-0.12129968404769897,7.847410202026367,-0.008673282340168953,0.20888128876686096,0.0,0.15383107960224152,0.17354166507720947,0.18926756083965302,-1.69474196434021,-1.6564284563064575,-1.6259210109710693,0.0,1.0
286720,280,5,176.70396532115655,169.8,-0.0037891695101279765,7.1120773434638975,-0.7144173115491868,0.0017892067524371668,0.034423828125,0.6258118905127048,58.2303209066391,0.8190793395042419,6.321512222290039,-0.039647627621889114,0.2158755660057068,0.0,0.1515679955482483,0.17244279384613037,0.18767058849334717,-1.6991641521453857,-1.6585758924484253,-1.6290041208267212,0.0,1.0
287744,281,8,181.98210565758177,173.375,-0.004616138816345483,4.809590518474579,-0.7211904197931289,0.0021832429847563617,0.0378662109375,0.6365331448614597,50.77975690364838,1.7855342626571655,4.760159492492676,-0.038493357598781586,0.2161511927843094,0.0,0.14996008574962616,0.17172209918498993,0.1859186887741089,-1.702307939529419,-1.6599526405334473,-1.6323884725570679,0.0,1.0
288768,282,5,129.20324297263087,158.8,-0.0034157603047788145,11.88221778869629,-0.728511381149292,0.0043624071549857035,0.0398193359375,0.6614407643675804,53.6590012550354,-1.3670539855957031,6.751629829406738,-0.04278441146016121,0.21653620898723602,0.0,0.15014509856700897,0.16960448026657104,0.18262383341789246,-1.7019461393356323,-1.6640567779541016,-1.6387593746185303,0.0,1.0
289792,283,6,181.68469772590547,158.16666666666666,-0.0052905702672433105,2.5172688215970993,-0.7395674854516983,0.004647588540683501,0.05029296875,0.6353991232812405,32.86286344528198,0.6220444440841675,3.5105583667755127,-0.034958358854055405,0.21462054550647736,0.0,0.15116383135318756,0.16841727495193481,0.18126559257507324,-1.6999542713165283,-1.6663613319396973,-1.641387939453125,0.0,1.0
290816,284,6,177.80962596657022,153.0,-0.007273267535492778,9.011918395757675,-0.7415375962853432,0.005714982081553899,0.0468994140625,0.6186731919646263,50.01423397064209,-1.1755051612854004,6.459275245666504,-0.030691877007484436,0.20731708407402039,0.0,0.15225958824157715,0.1689373105764389,0.18341319262981415,-1.6978124380111694,-1.665366530418396,-1.6372324228286743,0.0,1.0
291840,285,7,175.47919487583638,180.57142857142858,-0.004128667514305562,4.974055403470993,-0.7367638483643532,0.0023247891454957425,0.0245849609375,0.5625491447746753,43.75660905838013,-0.7486408352851868,5.23407506942749,-0.036952923983335495,0.209788516163826,0.0,0.1535787582397461,0.1694636195898056,0.18217533826828003,-1.695234775543213,-1.6643447875976562,-1.63962721824646,0.0,1.0
292864,286,5,219.90770050607998,188.6,-0.00407770075253211,6.828788748383522,-0.738362655043602,0.004546562751056626,0.033203125,0.6338352486491203,78.53700046539306,3.8690688610076904,5.8698320388793945,-0.038614172488451004,0.21640948951244354,0.0,0.15373791754245758,0.16841723024845123,0.17944836616516113,-1.6949238777160645,-1.6663488149642944,-1.6449066400527954,0.0,1.0
293888,287,6,196.19516070770226,173.5,-0.004553120525088161,3.7345976710319517,-0.7420022875070572,0.005348550985218026,0.0404052734375,0.608139768242836,32.89334857463837,0.6883418560028076,4.123381614685059,-0.04287565127015114,0.21114271879196167,0.0,0.15363308787345886,0.16865040361881256,0.1802145391702652,-1.6951286792755127,-1.6659163236618042,-1.6434228420257568,0.0,1.0
294912,288,4,171.11555022146374,160.0,-0.004219857172574848,3.3438246876001356,-0.7394047468900681,0.004281661233108025,0.0364013671875,0.6051910102367402,39.904150021076205,1.6530992984771729,4.2444305419921875,-0.06664381176233292,0.20932897925376892,0.0,0.15369205176830292,0.16927087306976318,0.18091925978660583,-1.6950135231018066,-1.6646958589553833,-1.6420583724975586,0.0,1.0
295936,289,8,201.39862333045113,176.125,-0.0041975988948252056,10.020858255028724,-0.7368992939591408,0.0013665119739016518,0.033349609375,0.6214318819344044,72.25157833099365,-0.5480268597602844,7.4416351318359375,-0.06504401564598083,0.20496989786624908,0.0,0.15465758740901947,0.16926318407058716,0.1807144433259964,-1.6931276321411133,-1.6647162437438965,-1.6424548625946045,0.0,1.0
296960,290,6,190.626856371411,166.83333333333334,-0.004447670781519264,5.9314978420734406,-0.7361134484410286,0.006629838490334805,0.0500732421875,0.6814204372465611,67.19230568408966,3.3974409103393555,5.378321170806885,-0.059746623039245605,0.21023212373256683,0.0,0.15668147802352905,0.1697586327791214,0.17882069945335388,-1.689176321029663,-1.663740634918213,-1.6461225748062134,0.0,1.0
297984,291,6,187.5225670735224,177.0,-0.0038397927593905477,6.402220666408539,-0.7352850317955018,0.0037803019426064567,0.0493896484375,0.6379579186439515,52.87880349159241,0.1644577980041504,5.967188358306885,-0.0546121709048748,0.21481873095035553,0.0,0.1543193757534027,0.16922901570796967,0.17888329923152924,-1.6937881708145142,-1.664778232574463,-1.6460013389587402,0.0,1.0
299008,292,7,189.8152286056551,156.85714285714286,-0.003178449545521289,6.397267001867294,-0.7377774804830551,0.0035061808273894714,0.03759765625,0.5624875284731388,37.763416504859926,0.008569836616516113,5.428220272064209,-0.06161526218056679,0.20747826993465424,0.0,0.1551884263753891,0.1691495031118393,0.17828816175460815,-1.6920909881591797,-1.6649211645126343,-1.6471543312072754,0.0,1.0
300032,293,5,162.61855653345208,142.4,-0.004957173927687108,14.25986489057541,-0.7405935645103454,0.0033607802470214665,0.0357666015625,0.6738393664360046,83.5891767501831,-1.3651401996612549,8.420611381530762,-0.0508045069873333,0.21399131417274475,0.0,0.1552988439798355,0.16796667873859406,0.17634090781211853,-1.6918754577636719,-1.6672276258468628,-1.6509289741516113,0.0,1.0
301056,294,7,182.68873335902467,172.0,-0.003655227762646973,5.331380525231362,-0.7461831003427506,0.003811625740490854,0.023828125,0.7036090485751629,50.60825116634369,-0.37696126103401184,5.484392166137695,-0.08221594244241714,0.21258544921875,0.0,0.15485112369060516,0.1678488850593567,0.17988862097263336,-1.6927497386932373,-1.6674461364746094,-1.6440539360046387,0.0,1.0
302080,295,8,197.3311066151372,172.125,-0.004159002430969849,3.525442010164261,-0.7477181553840637,0.004597872756130527,0.0291015625,0.6507037617266178,38.735136246681215,0.5642157196998596,4.524241924285889,-0.04510806128382683,0.2264101505279541,0.0,0.15414972603321075,0.1666749268770218,0.17776168882846832,-1.6941194534301758,-1.6697207689285278,-1.6481746435165405,0.0,1.0
303104,296,2,104.21728615835914,137.5,-0.003951812617015093,8.35262485742569,-0.756159944832325,0.005334622556983959,0.050439453125,0.6125167869031429,78.01505904197693,-1.9158504009246826,6.411403656005859,-0.03680909797549248,0.21796166896820068,0.0,0.15416382253170013,0.16551950573921204,0.17626504600048065,-1.694092035293579,-1.6719862222671509,-1.651076078414917,0.0,1.0
304128,297,8,185.05697445110462,181.25,-0.0027355055382940916,8.987069550156594,-0.7585012406110764,0.0032418572052847596,0.019189453125,0.6414261944591999,77.06695904731751,0.6036514043807983,7.73101806640625,-0.06350298970937729,0.21755032241344452,0.0,0.1528668850660324,0.1657690852880478,0.17645563185214996,-1.6966257095336914,-1.671506404876709,-1.6507065296173096,0.0,1.0
305152,298,7,147.00433898996502,154.0,-0.0057829177123494445,4.737996500730515,-0.7550878643989563,0.006671112093317788,0.0673828125,0.6613059930503369,32.60399045944214,-1.3923635482788086,4.613456726074219,-0.056188832968473434,0.22237710654735565,0.0,0.15553255379199982,0.16678106784820557,0.17592136561870575,-1.6914191246032715,-1.6695259809494019,-1.6517425775527954,0.0,1.0
306176,299,6,161.74770470232588,174.83333333333334,-0.0027865189127624034,6.076475149393081,-0.7512537002563476,0.0016756532466388307,0.023193359375,0.6541965208947659,41.6617073059082,-0.18430852890014648,5.394728183746338,-0.0506984107196331,0.22397394478321075,0.0,0.15605291724205017,0.16682688891887665,0.1754043698310852,-1.6904032230377197,-1.6694422960281372,-1.652745246887207,0.0,1.0
307200,300,6,168.2699954166226,157.83333333333334,-0.0037760364706628025,6.695435014367104,-0.7513507917523384,0.003275346274313051,0.029052734375,0.6677427724003792,60.797838950157164,1.7942442893981934,5.742457389831543,-0.08003466576337814,0.21693523228168488,0.0,0.15443164110183716,0.1667911857366562,0.17601583898067474,-1.6935689449310303,-1.6694914102554321,-1.6515593528747559,0.0,1.0
308224,301,5,173.84082107618102,169.8,-0.005990671156905591,7.737206673622131,-0.7501351416110993,0.005595452773559373,0.0830322265625,0.6460125476121903,67.13830733299255,2.14437198638916,6.055696964263916,-0.0897163525223732,0.22961458563804626,0.0,0.15455883741378784,0.16739846765995026,0.17632532119750977,-1.6933205127716064,-1.6683303117752075,-1.6509592533111572,0.0,1.0
309248,302,8,170.03794303917581,154.75,-0.006029195245355367,10.113423043489457,-0.7449733346700669,0.0043944060569629075,0.06982421875,0.6472641512751579,65.66370661258698,1.232669711112976,6.9723005294799805,-0.07816806435585022,0.2158346027135849,0.0,0.1560995876789093,0.16869314014911652,0.17647716403007507,-1.690312147140503,-1.6658140420913696,-1.6506648063659668,0.0,1.0
310272,303,7,179.3619719827857,166.71428571428572,-0.0036445876350626348,7.520238664746285,-0.7399424955248832,0.0024854953997419217,0.037353515625,0.6866442866623401,46.06702466011048,1.5707166194915771,5.718105316162109,-0.05437012389302254,0.21702712774276733,0.0,0.15434333682060242,0.16853083670139313,0.17631618678569794,-1.6937413215637207,-1.666131854057312,-1.6509768962860107,0.0,1.0
311296,304,7,162.18984771588862,154.14285714285714,-0.003574425959959626,4.5966302245855335,-0.7428347811102867,0.0021941531042102723,0.0535888671875,0.6227457627654076,44.65262746810913,0.5479811429977417,5.199935436248779,-0.07367297261953354,0.2195667326450348,0.0,0.15420298278331757,0.16816377639770508,0.17554958164691925,-1.6940155029296875,-1.6668486595153809,-1.652463674545288,0.0,1.0
312320,305,2,252.67184963156026,210.0,-0.004504653450567275,2.962301294505596,-0.7454619228839874,0.005300905428885017,0.047119140625,0.7082281373441219,47.36045355796814,1.717477560043335,4.492228031158447,-0.09685298055410385,0.21472303569316864,0.0,0.15539546310901642,0.16755425930023193,0.1755119264125824,-1.691686749458313,-1.6680227518081665,-1.6525366306304932,0.0,1.0
313344,306,8,203.77437147569532,194.5,-0.003334823902696371,8.586448550224304,-0.7511137291789055,0.0019758426744374445,0.021484375,0.7419510520994663,55.68693156242371,1.250946044921875,6.432514190673828,-0.07314383238554001,0.2213735282421112,0.0,0.15291808545589447,0.16597697138786316,0.17528194189071655,-1.6965255737304688,-1.6710809469223022,-1.6529827117919922,0.0,1.0
314368,307,6,157.2115514036626,150.5,-0.002821057045366615,10.649894344806672,-0.7591454595327377,0.004308134222810622,0.0416259765625,0.681664627417922,41.780225944519046,0.8483535647392273,6.286396503448486,-0.07166016846895218,0.22253552079200745,0.0,0.15091471374034882,0.16520951688289642,0.1731911301612854,-1.7004413604736328,-1.6725813150405884,-1.6570398807525635,0.0,1.0
315392,308,7,182.43676555114865,172.28571428571428,-0.005406625452451408,5.931159311532975,-0.7604086980223655,0.004036843469657469,0.0447509765625,0.6387708827853202,58.79877316951752,0.31321096420288086,5.796097755432129,-0.08279484510421753,0.21292397379875183,0.0,0.15069355070590973,0.1653263419866562,0.17352628707885742,-1.7008737325668335,-1.6723493337631226,-1.6563893556594849,0.0,1.0
316416,309,5,154.3638351681281,158.4,-0.004383537452667952,6.525300136208534,-0.7611426576972008,0.003344870083674323,0.0275146484375,0.6264597855508327,51.095978665351865,1.3278659582138062,5.9615325927734375,-0.06629586964845657,0.2146807312965393,0.0,0.14988672733306885,0.1650390774011612,0.1738101989030838,-1.702451467514038,-1.6729226112365723,-1.6558383703231812,0.0,1.0
317440,310,5,200.48351728398293,181.6,-0.005161424743710086,4.449261479079723,-0.7666041523218154,0.0033142609012429603,0.030224609375,0.6655822083353996,76.21277552843094,3.0519750118255615,5.178387641906738,-0.045785579830408096,0.2171107977628708,0.0,0.14698095619678497,0.16316728293895721,0.17550551891326904,-1.708136796951294,-1.676577091217041,-1.6525490283966064,0.0,1.0
318464,311,7,214.20164456096595,191.0,-0.004924483667127788,11.460003167390823,-0.7766075193881988,0.0029929621625342405,0.0384521484375,0.6999540202319622,67.5767457485199,2.044769048690796,7.363170146942139,-0.0554434098303318,0.21816454827785492,0.0,0.14673198759555817,0.16202999651432037,0.17319929599761963,-1.7086241245269775,-1.6787776947021484,-1.6570241451263428,0.0,1.0
319488,312,6,136.51173310036052,129.83333333333334,-0.003984016156755388,6.77305780351162,-0.7835135489702225,0.0030946571147069334,0.0447509765625,0.6327533967792988,51.413341879844666,-0.6963059306144714,6.163329601287842,-0.10149970650672913,0.21007992327213287,0.0,0.1449044793844223,0.16044916212558746,0.17167675495147705,-1.712202548980713,-1.6818580627441406,-1.6599804162979126,0.0,1.0
320512,313,6,178.25898408081096,193.83333333333334,-0.005926903191721067,3.8994690656661986,-0.7908553823828697,0.004791433400532697,0.0596923828125,0.6885289750993252,31.709943342208863,0.06374149769544601,4.186435222625732,-0.053752969950437546,0.22740113735198975,0.0,0.1426854133605957,0.15998540818691254,0.17288905382156372,-1.7165501117706299,-1.6827887296676636,-1.6576263904571533,0.0,1.0
321536,314,5,170.85232027936505,166.0,-0.006155497976578772,10.387490409612656,-0.7944794237613678,0.005299776773608755,0.0500244140625,0.5964498929679394,55.27356090545654,-1.5544979572296143,6.937438011169434,-0.09288326650857925,0.21600790321826935,0.0,0.14096377789974213,0.1588922142982483,0.17299732565879822,-1.7199251651763916,-1.6849303245544434,-1.6574161052703857,0.0,1.0
322560,315,7,190.73499364138863,181.71428571428572,-0.004253192100441084,10.198460820317269,-0.7995486840605736,0.003289386072719935,0.0501708984375,0.6636619187891484,98.23705892562866,2.1932570934295654,7.543206214904785,-0.08820098638534546,0.23551848530769348,0.0,0.13994234800338745,0.1584043949842453,0.17213794589042664,-1.7219281196594238,-1.6858806610107422,-1.6590847969055176,0.0,1.0
323584,316,6,145.12497453989639,152.33333333333334,-0.004342832835391164,6.73681548833847,-0.7997173637151718,0.00397153392987093,0.030615234375,0.6498703476041555,46.12350172996521,-0.16699200868606567,5.7386603355407715,-0.09324485063552856,0.2280542403459549,0.0,0.14070075750350952,0.15885402262210846,0.17204934358596802,-1.7204408645629883,-1.6849943399429321,-1.6592568159103394,0.0,1.0
324608,317,4,204.7812016229003,189.25,-0.003309773316141218,4.336788085103035,-0.7990290135145187,0.004238668395555578,0.043896484375,0.6937225043773652,42.306418085098265,1.7103430032730103,4.621392250061035,-0.0490061454474926,0.22638556361198425,0.0,0.13835585117340088,0.1583552211523056,0.1739368587732315,-1.7250405550003052,-1.685994267463684,-1.6555925607681274,0.0,1.0
325632,318,6,210.1410465538563,220.16666666666666,-0.0066480492008849975,11.686586105823517,-0.8001814618706703,0.006732190531329252,0.0621337890625,0.6507995896041393,71.5946536064148,2.3956868648529053,7.439688682556152,-0.04054250940680504,0.2274492383003235,0.0,0.13927341997623444,0.15884365141391754,0.17542174458503723,-1.7232402563095093,-1.685040831565857,-1.6527116298675537,0.0,1.0
326656,319,5,163.76140902690062,182.0,-0.0054943692870438095,13.399104273319244,-0.7989173829555511,0.0038969852947047913,0.057080078125,0.6701536610722542,74.43977756500244,-1.6928108930587769,7.1754865646362305,-0.07353216409683228,0.23703700304031372,0.0,0.1391475349664688,0.15857985615730286,0.17586778104305267,-1.7234872579574585,-1.6855272054672241,-1.6518464088439941,0.0,1.0
327680,320,8,152.4100691867054,158.75,-0.0049566797679290175,3.833053870499134,-0.7986698031425477,0.0060957537774811495,0.030712890625,0.6119257971644402,46.805900025367734,1.0188182592391968,4.598937034606934,-0.09799288958311081,0.2285252958536148,0.0,0.1405942291021347,0.15910081565380096,0.177385151386261,-1.7206497192382812,-1.6845149993896484,-1.6489044427871704,0.0,1.0
328704,321,4,148.02851074729122,168.0,-0.00525756148272194,3.9722676157951353,-0.7940120041370392,0.004569520383665804,0.0494384765625,0.6976761184632778,55.33814125061035,1.682969570159912,4.544559001922607,-0.05956149473786354,0.24070164561271667,0.0,0.1417820304632187,0.15998540818691254,0.17770035564899445,-1.7183208465576172,-1.6828051805496216,-1.6482934951782227,0.0,1.0
329728,322,6,207.97957736191816,199.66666666666666,-0.004854424041695893,5.069468998908997,-0.7923782467842102,0.005307781904411968,0.0443115234375,0.7177786841988564,41.82932798862457,0.2242104411125183,4.9681878089904785,-0.07722306996583939,0.2327788770198822,0.0,0.14035072922706604,0.15965747833251953,0.17828871309757233,-1.7211272716522217,-1.68346107006073,-1.647153377532959,0.0,1.0
330752,323,7,165.292979791822,161.0,-0.0036732611246407033,7.7452128469944,-0.79849563986063,0.0021642287785653023,0.023095703125,0.6511946521699429,82.79829699993134,1.024729609489441,6.593694686889648,-0.07833203673362732,0.23075644671916962,0.0,0.13880173861980438,0.15780629217624664,0.17654386162757874,-1.724165678024292,-1.68704354763031,-1.6505354642868042,0.0,1.0
331776,324,5,133.81812496815488,167.0,-0.0063876056461595,1.9628671631217003,-0.806695893406868,0.005295364634366706,0.0489501953125,0.6381781682372093,29.99019786119461,0.35383141040802,3.250580310821533,-0.06367892771959305,0.2253083735704422,0.0,0.14017419517040253,0.15725713968276978,0.17539915442466736,-1.7214734554290771,-1.6881269216537476,-1.6527553796768188,0.0,1.0
332800,325,4,172.18520095844747,186.5,-0.004039900144562125,7.721109205484391,-0.8073380261659622,0.004465132071345579,0.0423583984375,0.5537028715014458,41.82687549591064,1.6585566997528076,5.523458003997803,-0.07149508595466614,0.24435646831989288,0.0,0.14085319638252258,0.15725651383399963,0.1741708368062973,-1.720141887664795,-1.6881275177001953,-1.6551384925842285,0.0,1.0
333824,326,8,185.909985705847,190.25,-0.005163197102956474,5.982848730683327,-0.8071952641010285,0.004040969086054247,0.0444580078125,0.6520411886274815,46.00263884067535,-0.7303516864776611,5.388829231262207,-0.09153645485639572,0.24071256816387177,0.0,0.14002998173236847,0.1573399156332016,0.17424389719963074,-1.7217563390731812,-1.6879615783691406,-1.654996633529663,0.0,1.0
334848,327,5,167.11679381594493,166.8,-0.005276349745690823,9.056955125927924,-0.8085765048861504,0.005154195027716924,0.0518798828125,0.6832698717713356,85.91676037311554,-1.7061841487884521,6.831943035125732,-0.09179327636957169,0.2292199432849884,0.0,0.13788753747940063,0.1569010466337204,0.17452161014080048,-1.7259595394134521,-1.6888149976730347,-1.6544578075408936,0.0,1.0
335872,328,6,184.81611440756407,181.5,-0.00368714575888589,3.638938967883587,-0.810169343650341,0.003568830920266919,0.02880859375,0.5979921907186508,49.22237265110016,0.48786458373069763,5.087995529174805,-0.08029504120349884,0.22571323812007904,0.0,0.1389784961938858,0.15660758316516876,0.173676535487175,-1.7238188982009888,-1.6893900632858276,-1.6560977697372437,0.0,1.0
336896,329,5,200.95054092196773,191.2,-0.00481619784841314,2.8142351299524306,-0.8172068908810616,0.002142743437434547,0.036865234375,0.6402199380099773,32.8053558588028,1.012756586074829,3.7046492099761963,-0.08565771579742432,0.22697389125823975,0.0,0.13717429339885712,0.15416650474071503,0.17246264219284058,-1.7273592948913574,-1.694155216217041,-1.6584542989730835,0.0,1.0
337920,330,6,196.5218356000626,197.0,-0.005285873101092875,6.189031347632408,-0.8290569692850113,0.006345508612866979,0.0543701171875,0.6555101811885834,43.63645870685578,0.12675738334655762,5.57739782333374,-0.053803276270627975,0.22798100113868713,0.0,0.1362849920988083,0.1533699780702591,0.172394797205925,-1.7291051149368286,-1.695696473121643,-1.658586025238037,0.0,1.0
338944,331,6,173.81762530108372,180.0,-0.005945624510059133,6.270823988318443,-0.8270677655935288,0.007797904040489812,0.0625244140625,0.5883754268288612,46.26107060909271,1.3247939348220825,5.577612400054932,-0.07207026332616806,0.22341732680797577,0.0,0.13784831762313843,0.15455134212970734,0.17365258932113647,-1.7260364294052124,-1.693388819694519,-1.6561442613601685,0.0,1.0
339968,332,5,153.70231869933704,163.8,-0.003621289087459445,6.316841861605644,-0.8226847931742668,0.0017389327185810544,0.0260009765625,0.6267509207129478,46.65595407485962,0.4689943194389343,5.744663715362549,-0.08347117155790329,0.21745848655700684,0.0,0.13807405531406403,0.1544920653104782,0.17414531111717224,-1.7255934476852417,-1.6935234069824219,-1.655187964439392,0.0,1.0
340992,333,6,162.47889318288446,184.0,-0.0041112156235612925,5.108744591474533,-0.8228028982877731,0.003283405843831133,0.0321044921875,0.6493341237306595,47.81987051963806,-0.725853443145752,4.952476501464844,-0.07657580822706223,0.213468998670578,0.0,0.1371811181306839,0.15506933629512787,0.17830456793308258,-1.7273459434509277,-1.6924209594726562,-1.6471226215362549,0.0,1.0
342016,334,6,155.11638807654063,164.0,-0.0055796046566683796,3.045676948875189,-0.8199289619922638,0.004112536345201079,0.051220703125,0.7034670852124691,45.50230250358582,0.7810543775558472,4.678353309631348,-0.09247104078531265,0.2273777276277542,0.0,0.1363084316253662,0.1549907922744751,0.17930491268634796,-1.729059100151062,-1.692566990852356,-1.6451845169067383,0.0,1.0
343040,335,7,165.24198473478518,170.0,-0.005579532223055139,7.427396914362907,-0.821296438574791,0.006496199122921098,0.0600341796875,0.66267154738307,54.46872861385346,1.1142902374267578,6.376404762268066,-0.08183902502059937,0.23075871169567108,0.0,0.13747113943099976,0.15494845807552338,0.1776331067085266,-1.7267767190933228,-1.6926398277282715,-1.6484239101409912,0.0,1.0
344064,336,4,152.61554344958031,157.75,-0.004479087411891669,6.504133239388466,-0.8193851575255394,0.00453291221492691,0.036474609375,0.6468483753502369,46.144713807106015,0.27344173192977905,6.032814979553223,-0.05559958890080452,0.2106972336769104,0.0,0.13901303708553314,0.1555175930261612,0.17842528223991394,-1.7237510681152344,-1.6915334463119507,-1.6468887329101562,0.0,1.0
345088,337,7,164.98170918783194,189.28571428571428,-0.004448206967208534,9.732790154218673,-0.8160011455416679,0.006282038112112786,0.063134765625,0.6245513141155243,44.158740282058716,-0.6368687152862549,6.5054402351379395,-0.06558055430650711,0.22704379260540009,0.0,0.13910453021526337,0.15617679059505463,0.17875923216342926,-1.723571538925171,-1.6902414560317993,-1.6462416648864746,0.0,1.0
346112,338,4,157.84080097100252,169.0,-0.004482361598638818,2.299021154642105,-0.8155417561531066,0.004364543395058718,0.034423828125,0.6090341962873935,35.97115389108658,1.3311172723770142,3.7109086513519287,-0.04691319167613983,0.2108636051416397,0.0,0.13675342500209808,0.15527398884296417,0.17971600592136383,-1.7281854152679443,-1.692017674446106,-1.644388198852539,0.0,1.0
347136,339,3,214.1728727406185,219.66666666666666,-0.004824089404428378,7.272414419054985,-0.8201843157410622,0.005162724405818153,0.0374755859375,0.6109147891402245,65.86828932762145,3.141521453857422,5.8369526863098145,-0.055311668664216995,0.2175981104373932,0.0,0.13577084243297577,0.15502925217151642,0.1815885305404663,-1.7301145792007446,-1.6925183534622192,-1.6407628059387207,0.0,1.0
348160,340,7,215.79808608592336,232.42857142857142,-0.00504511441104114,9.676372855901718,-0.8230311289429665,0.007273735146736726,0.0497314453125,0.7698347009718418,122.47282061576843,4.8404998779296875,6.725627422332764,-0.05730382725596428,0.22192151844501495,0.0,0.13454470038414001,0.15416383743286133,0.18240028619766235,-1.7325226068496704,-1.6942367553710938,-1.6391918659210205,0.0,1.0
349184,341,4,226.75952620191688,207.75,-0.003964346711291001,6.259658569097519,-0.8298946887254715,0.0037197470825049094,0.0375,0.5942621283233166,62.137599325180055,2.149672031402588,5.044403553009033,-0.059665948152542114,0.21663044393062592,0.0,0.13039512932300568,0.15266980230808258,0.18204182386398315,-1.740677833557129,-1.6971474885940552,-1.6398855447769165,0.0,1.0
350208,342,7,179.73481139625778,184.0,-0.0055409991182386875,4.990023824572563,-0.8325985342264175,0.005274434253806248,0.0581298828125,0.6198515333235264,45.69243586063385,1.0787242650985718,5.619250297546387,-0.10345491766929626,0.216750368475914,0.0,0.13170558214187622,0.1536865085363388,0.1813044548034668,-1.7381014823913574,-1.6951537132263184,-1.6413127183914185,0.0,1.0
351232,343,5,184.1671233146632,191.8,-0.004891858494374901,8.228179979324342,-0.8287696465849876,0.003803275933023542,0.0514892578125,0.7442375913262367,56.22784309387207,1.086145281791687,5.57619047164917,-0.0714845359325409,0.23148997128009796,0.0,0.1317032277584076,0.15339119732379913,0.18056245148181915,-1.7381060123443604,-1.695738434791565,-1.6427490711212158,0.0,1.0
352256,344,6,138.1485360966617,165.0,-0.002813626441638917,3.0430728286504745,-0.8314492970705032,0.0037564344005659223,0.02568359375,0.6757275708019733,44.22332537174225,1.7841352224349976,3.667346239089966,-0.11590232700109482,0.2232917994260788,0.0,0.12937277555465698,0.1530657857656479,0.17991280555725098,-1.7426884174346924,-1.6963754892349243,-1.6440070867538452,0.0,1.0
353280,345,5,207.25396268869218,190.8,-0.006117631040979177,6.224187910556793,-0.8365803197026253,0.004935291479341686,0.060302734375,0.7597092017531395,65.89125294685364,2.870391368865967,5.341518402099609,-0.09616347402334213,0.22733943164348602,0.0,0.1264316588640213,0.15149977803230286,0.17944669723510742,-1.748475432395935,-1.6994271278381348,-1.6449098587036133,0.0,1.0
354304,346,5,169.75458723232575,186.2,-0.004711592581588775,4.7999669939279554,-0.8459363907575608,0.00582279355294304,0.036962890625,0.7356183014810085,50.76988847255707,2.1903457641601562,4.655666351318359,-0.058829113841056824,0.21842405200004578,0.0,0.1260662078857422,0.1499408781528473,0.1800103485584259,-1.749194860458374,-1.7025026082992554,-1.6438182592391968,0.0,1.0
355328,347,5,208.95535615901554,210.2,-0.0071423782501369715,6.878635150194168,-0.8519871532917023,0.008551082466146909,0.0557373046875,0.6650253437459469,48.40781126022339,0.5162429809570312,5.612238883972168,-0.05318230390548706,0.224625363945961,0.0,0.1261652708053589,0.1498931497335434,0.180181622505188,-1.748999834060669,-1.7026013135910034,-1.643486499786377,0.0,1.0
356352,348,4,195.59694910800806,216.0,-0.0031012228573672473,6.283384437859058,-0.8491770103573799,0.0024743674497585745,0.0364990234375,0.5749969579279423,59.854932165145875,1.7435121536254883,5.699967861175537,-0.07742660492658615,0.21749664843082428,0.0,0.12487391382455826,0.15014860033988953,0.1805729866027832,-1.751542329788208,-1.7020901441574097,-1.6427288055419922,0.0,1.0
357376,349,6,220.6117924340572,210.16666666666666,-0.006166645919438452,6.63270947933197,-0.8503424748778343,0.005981448445527349,0.0705078125,0.6661351650953293,69.7246918439865,0.8266053199768066,6.283742904663086,-0.050252240151166916,0.22701238095760345,0.0,0.12538540363311768,0.1499922126531601,0.17916586995124817,-1.7505351305007935,-1.7023873329162598,-1.645453929901123,0.0,1.0
358400,350,5,207.67045789764416,218.8,-0.006083961430704221,7.455148002505302,-0.8514110952615738,0.00667905445152428,0.0741455078125,0.6302192188799381,69.24204747676849,0.8530538082122803,6.730906963348389,-0.09802307933568954,0.2403731346130371,0.0,0.12472786754369736,0.14934402704238892,0.17769107222557068,-1.7518298625946045,-1.7036343812942505,-1.6483114957809448,0.0,1.0
359424,351,4,181.94227988004005,189.25,-0.0066147423232905565,4.430183759331703,-0.8539743453264237,0.006650204835750628,0.061083984375,0.640645606815815,47.148777103424074,-0.41208767890930176,4.678760051727295,-0.09557414054870605,0.23582130670547485,0.0,0.1277538686990738,0.14968810975551605,0.17665958404541016,-1.7458733320236206,-1.7029738426208496,-1.65031099319458,0.0,1.0
360448,352,7,197.84437270574966,200.0,-0.004085767176002264,9.78970313668251,-0.8547548368573189,0.004660608267295174,0.04052734375,0.7283888667821884,74.45219006538392,0.028607964515686035,6.834434509277344,-0.08425945788621902,0.23615102469921112,0.0,0.12640345096588135,0.1484673023223877,0.1747826784849167,-1.7485309839248657,-1.7053576707839966,-1.6539512872695923,0.0,1.0
361472,353,5,170.84003195502697,187.4,-0.0048779556876979765,6.638716614246368,-0.8629242956638337,0.0023322983077378014,0.03701171875,0.7409536875784397,63.97782645225525,0.8002545833587646,6.021020412445068,-0.10348844528198242,0.23106759786605835,0.0,0.12318813800811768,0.14714689552783966,0.17459268867969513,-1.7548625469207764,-1.7079249620437622,-1.6543198823928833,0.0,1.0
362496,354,5,152.01726184838486,174.4,-0.006996852823067457,4.734349110722542,-0.8665163010358811,0.007384171098237857,0.0865478515625,0.7740670934319496,55.49837343692779,-0.48000746965408325,5.278305530548096,-0.1158568486571312,0.22823989391326904,0.0,0.12275970727205276,0.14779509603977203,0.1768704056739807,-1.755706548690796,-1.7066830396652222,-1.64990234375,0.0,1.0
363520,355,4,197.10682999103147,191.0,-0.006758374755736441,5.903137348592281,-0.8615095004439354,0.005227607814595104,0.06630859375,0.6905805125832558,44.1659660577774,0.6093999147415161,5.649335861206055,-0.10802338272333145,0.23280447721481323,0.0,0.12329655885696411,0.1482226401567459,0.1773388534784317,-1.7546489238739014,-1.7058671712875366,-1.6489942073822021,0.0,1.0
364544,356,6,221.98982631913296,204.66666666666666,-0.006034122279379517,3.54837077781558,-0.8637718930840492,0.0017161358846351504,0.041259765625,0.7532241061329842,36.660876882076266,2.027388572692871,4.151999473571777,-0.12236782163381577,0.2450597882270813,0.0,0.12248090654611588,0.14671927690505981,0.17584924399852753,-1.756255865097046,-1.7087979316711426,-1.6518824100494385,0.0,1.0
365568,357,8,170.4426961566022,179.875,-0.0030198235996067523,5.432503938674927,-0.8737928882241249,0.0040716592542594295,0.0345703125,0.8079408057034015,37.35392591953278,-0.6688128709793091,4.877513885498047,-0.07300766557455063,0.23329633474349976,0.0,0.12354286015033722,0.1455375701189041,0.17402739822864532,-1.7541637420654297,-1.7111009359359741,-1.6554168462753296,0.0,1.0
366592,358,7,150.23202551293843,161.71428571428572,-0.0035972521058283747,20.00922440290451,-0.8787678420543671,0.0015615434167557396,0.0382080078125,0.5998270235955715,98.73985118865967,-3.7141013145446777,8.562544822692871,-0.08470392972230911,0.22546036541461945,0.0,0.12265610694885254,0.1447257250547409,0.17256157100200653,-1.7559106349945068,-1.7126833200454712,-1.6582621335983276,0.0,1.0
367616,359,3,143.43290808157727,168.33333333333334,-0.005967196600977331,1.4837249889969826,-0.8824744194746017,0.005097777035553008,0.072119140625,0.7171991005539894,26.87164764404297,0.0019325017929077148,2.954622507095337,-0.09221091121435165,0.22175683081150055,0.0,0.1223670095205307,0.14440684020519257,0.17308089137077332,-1.7564802169799805,-1.7133151292800903,-1.6572539806365967,0.0,1.0
368640,360,7,167.01485814190633,182.0,-0.003454203496221453,8.08334485888481,-0.8818661078810692,0.001715656639134977,0.029638671875,0.5854718893766403,54.504218220710754,-1.8593835830688477,6.014286994934082,-0.05816667154431343,0.22677282989025116,0.0,0.12294916063547134,0.14478690922260284,0.17423813045024872,-1.7553333044052124,-1.712554931640625,-1.6550078392028809,0.0,1.0
369664,361,5,174.34967085112712,194.2,-0.003793112898711115,13.219315934181214,-0.8814836919307709,0.005242803452711086,0.037109375,0.6436527535319329,94.39823007583618,-1.4436829090118408,7.946586608886719,-0.06207631155848503,0.2286328375339508,0.0,0.1233171671628952,0.1443714201450348,0.17403681576251984,-1.7546082735061646,-1.7133673429489136,-1.6553986072540283,0.0,1.0
370688,362,6,132.8156647085415,157.66666666666666,-0.0040272749145515265,7.031522256135941,-0.8812099054455758,0.0028670886385953054,0.0383056640625,0.5546326212584972,92.52341010570527,-2.8902740478515625,5.901040554046631,-0.09347450733184814,0.22663769125938416,0.0,0.12469975650310516,0.145333394408226,0.17432907223701477,-1.751885175704956,-1.711507797241211,-1.6548314094543457,0.0,1.0
371712,363,5,141.45784260262872,172.4,-0.005236217333003878,1.8967631511390208,-0.8773981750011444,0.005116719912621193,0.0453369140625,0.609898392111063,23.8264022231102,-0.20027267932891846,3.571938991546631,-0.09107882529497147,0.21477548778057098,0.0,0.12245427072048187,0.1451711654663086,0.1777510643005371,-1.7563083171844482,-1.7118549346923828,-1.6481952667236328,0.0,1.0
372736,364,7,187.93863494340644,206.85714285714286,-0.0043108099314849825,10.927735888957978,-0.8802652448415756,0.003089905953675043,0.0302978515625,0.6810572199523449,66.48668885231018,1.6031672954559326,7.8172831535339355,-0.040669526904821396,0.23751014471054077,0.0,0.12184297293424606,0.14469386637210846,0.17847362160682678,-1.7575128078460693,-1.7127900123596191,-1.6467950344085693,0.0,1.0
373760,365,3,160.86228208617504,179.66666666666666,-0.005092159367632121,3.5176546543836595,-0.8814096927642823,0.004463129365467467,0.0344482421875,0.642312727123499,46.059674537181856,2.081305980682373,4.388521671295166,-0.10327452421188354,0.23172356188297272,0.0,0.12204911559820175,0.14480508863925934,0.17773297429084778,-1.7571066617965698,-1.7125715017318726,-1.6482303142547607,0.0,1.0
374784,366,7,205.5003509568587,214.85714285714286,-0.0046158268698491154,3.9608594834804536,-0.8773798227310181,0.004866267487523146,0.0526123046875,0.7182417407631874,44.04032299518585,2.0134952068328857,4.235874176025391,-0.08201656490564346,0.23175877332687378,0.0,0.12253214418888092,0.14614729583263397,0.17886483669281006,-1.7561548948287964,-1.7099508047103882,-1.6460371017456055,0.0,1.0
375808,367,4,172.28137826046276,187.5,-0.005930901248939335,5.589523270726204,-0.8722582161426544,0.0027723470513592472,0.046044921875,0.5799557842314244,33.13028087615967,0.7983509302139282,5.281618118286133,-0.07900914549827576,0.22727207839488983,0.0,0.12177980691194534,0.1459459662437439,0.17694398760795593,-1.7576372623443604,-1.7103272676467896,-1.6497596502304077,0.0,1.0
376832,368,6,216.54213435258688,228.83333333333334,-0.005397029151208699,16.938637614250183,-0.8748265504837036,0.004988367715850472,0.052392578125,0.6390346698462963,77.58050556182862,0.7064077854156494,8.744998931884766,-0.053306836634874344,0.22631068527698517,0.0,0.12099830061197281,0.14595471322536469,0.1787175089120865,-1.759177565574646,-1.7103233337402344,-1.64632248878479,0.0,1.0
377856,369,5,162.29016928355298,175.8,-0.004967239627148956,10.704155322909354,-0.8724072471261024,0.0037607306396239435,0.0409423828125,0.6126944802701473,68.43391618728637,-2.2002153396606445,6.892396926879883,-0.07577329874038696,0.23227401077747345,0.0,0.1228635385632515,0.14672578871250153,0.17930305004119873,-1.7555019855499268,-1.7088127136230469,-1.6451880931854248,0.0,1.0
378880,370,5,150.8676878212112,185.6,-0.004102464742027223,6.828642383217812,-0.8694991961121559,0.0035800980258500203,0.0369140625,0.6398469105362892,52.31366035938263,0.9299135804176331,5.808711051940918,-0.06710828095674515,0.23676423728466034,0.0,0.12274395674467087,0.14651422202587128,0.1804267168045044,-1.755737543106079,-1.7092362642288208,-1.6430119276046753,0.0,1.0
379904,371,6,149.45690609793834,174.5,-0.005025273584760725,4.161128242313862,-0.8738869369029999,0.0039056509267538786,0.0426513671875,0.5964176461100579,47.2994521856308,-1.3027578592300415,4.557401657104492,-0.09867900609970093,0.22672592103481293,0.0,0.1229080930352211,0.14566166698932648,0.17993338406085968,-1.7554141283035278,-1.7109047174453735,-1.6439672708511353,0.0,1.0
380928,372,6,184.8748371476414,196.16666666666666,-0.003938195121008903,4.2599637567996975,-0.877196480333805,0.002813183341640979,0.0447998046875,0.7264985635876655,51.854506158828734,-0.15300774574279785,5.5164055824279785,-0.07948362827301025,0.23800455033779144,0.0,0.12202125042676926,0.14504870772361755,0.17761190235614777,-1.7571614980697632,-1.7120953798294067,-1.6484649181365967,0.0,1.0
381952,373,5,124.39280433782156,153.8,-0.006669456360395998,4.034481167793274,-0.8823858514428139,0.007075905753299594,0.0626220703125,0.7066493183374405,70.22058770656585,-1.4695947170257568,4.880981922149658,-0.10000570863485336,0.23231814801692963,0.0,0.11998259276151657,0.14400231838226318,0.17626364529132843,-1.7611796855926514,-1.7141298055648804,-1.6510788202285767,0.0,1.0
382976,374,5,209.73689475769623,218.2,-0.005405252985656262,2.3697999022901057,-0.8885323941707611,0.004111306533741299,0.062060546875,0.6613882087171078,38.75867676734924,0.9285692572593689,3.9816296100616455,-0.07141567021608353,0.22724823653697968,0.0,0.1175631657242775,0.14289404451847076,0.1764506995677948,-1.7659509181976318,-1.7163251638412476,-1.6507160663604736,0.0,1.0
384000,375,6,153.16796142801294,181.16666666666666,-0.003984246513573453,8.240801087021827,-0.8942887738347054,0.0028818285776651465,0.0404296875,0.6534720666706562,38.30037910938263,-1.2843581438064575,5.893736362457275,-0.07861603051424026,0.223539337515831,0.0,0.11589875817298889,0.14204688370227814,0.175958514213562,-1.7692347764968872,-1.7179871797561646,-1.6516704559326172,0.0,1.0
385024,376,5,202.37620500936646,217.2,-0.004657808458432555,10.29902070760727,-0.9018003389239311,0.001531977877311874,0.0543701171875,0.724102820456028,84.78083987236023,0.4020623564720154,7.707858085632324,-0.06855665892362595,0.23194396495819092,0.0,0.11396368592977524,0.1401887834072113,0.1732977032661438,-1.7730542421340942,-1.7216061353683472,-1.6568330526351929,0.0,1.0
386048,377,3,199.20827923582894,214.66666666666666,-0.005273422889877111,4.039537727832794,-0.9106719627976417,0.0037059876951389013,0.0393310546875,0.6891324393451214,68.76229636669159,-0.1455240547657013,5.572001934051514,-0.06331353634595871,0.24428419768810272,0.0,0.11481650918722153,0.1395677775144577,0.17113937437534332,-1.771370768547058,-1.722809910774231,-1.6610242128372192,0.0,1.0
387072,378,6,161.47178145796076,176.0,-0.004671822162345051,15.18387531042099,-0.9132603034377098,0.006183820494334214,0.076806640625,0.6952925406396389,77.4612226486206,0.44245976209640503,8.354598045349121,-0.11464693397283554,0.22713670134544373,0.0,0.11355094611644745,0.13880367577075958,0.170695498585701,-1.7738691568374634,-1.7243119478225708,-1.66188645362854,0.0,1.0
388096,379,6,167.38955381007878,188.66666666666666,-0.0029839429305866362,4.684600347280503,-0.9170829057693481,0.0032887092864257285,0.0419677734375,0.7258202970027924,57.312787771224976,-0.9498023390769958,5.146860599517822,-0.12253444641828537,0.23121796548366547,0.0,0.1138935536146164,0.138602152466774,0.16875730454921722,-1.7731927633285522,-1.7246880531311035,-1.6656533479690552,0.0,1.0
389120,380,6,204.14583582296848,195.66666666666666,-0.004447473294567317,4.873606345057487,-0.9194802537560463,0.004920221165230032,0.0461181640625,0.7642508693039417,67.63158197402954,2.3045904636383057,5.13773250579834,-0.10646005719900131,0.23165510594844818,0.0,0.11377932876348495,0.13746114075183868,0.16625167429447174,-1.7734183073043823,-1.7269166707992554,-1.6705266237258911,0.0,1.0
390144,381,4,180.8878284118157,195.5,-0.005734336539171636,2.657477007806301,-0.923215989768505,0.005013756114931311,0.05078125,0.6804468750953674,34.723797130584714,0.3768169581890106,3.911970853805542,-0.08909288793802261,0.2275601476430893,0.0,0.11475954949855804,0.1380200982093811,0.16661079227924347,-1.7714831829071045,-1.7258332967758179,-1.669827938079834,0.0,1.0
391168,382,6,174.74261574729658,191.33333333333334,-0.003967951593222096,3.9729509629309177,-0.9236228227615356,0.0034680777229368688,0.02470703125,0.6739980384707451,62.457723593711854,1.8587181568145752,5.167390823364258,-0.09554900974035263,0.2276003062725067,0.0,0.11232458055019379,0.13652539253234863,0.16620531678199768,-1.7762908935546875,-1.728758454322815,-1.6706167459487915,0.0,1.0
392192,383,7,180.8662856733778,192.42857142857142,-0.005188222881406546,11.146808898448944,-0.9341187372803688,0.0051810738252243025,0.04111328125,0.6958542853593827,85.4977093219757,0.022117063403129578,8.157073974609375,-0.09069930762052536,0.22973445057868958,0.0,0.1101551428437233,0.13498103618621826,0.16637665033340454,-1.780576467514038,-1.7318028211593628,-1.6702834367752075,0.0,1.0
393216,384,3,147.4163511055965,165.33333333333334,-0.005325742479180917,4.416095316410065,-0.9387004494667053,0.003532868329784833,0.04345703125,0.6685395635664463,44.99672634601593,1.1553282737731934,4.897729873657227,-0.10330375283956528,0.22120890021324158,0.0,0.110191211104393,0.1350199580192566,0.16759668290615082,-1.7805051803588867,-1.7317365407943726,-1.667910099029541,0.0,1.0
394240,385,6,196.68071628452003,207.0,-0.004815462086116895,1.7681891605257989,-0.9419399932026863,0.0034133841429138554,0.03349609375,0.6717132918536663,32.64066470861435,1.0774614810943604,2.9733784198760986,-0.1112707331776619,0.2221919447183609,0.0,0.1090015321969986,0.1334220916032791,0.1667637676000595,-1.7828562259674072,-1.73489511013031,-1.6695302724838257,0.0,1.0
395264,386,7,158.75411264462872,179.42857142857142,-0.004601412173360586,4.781829242408276,-0.9485787346959114,0.0025042614302947185,0.0515869140625,0.7478731833398342,49.67499351501465,0.024677395820617676,5.720486164093018,-0.10617037862539291,0.225113183259964,0.0,0.10945513844490051,0.13334162533283234,0.16587691009044647,-1.7819597721099854,-1.7350349426269531,-1.6712558269500732,0.0,1.0
396288,387,4,163.5381820592845,187.25,-0.004615270622889511,2.0627434596419336,-0.9505595102906227,0.003382257327029947,0.033203125,0.6615360371768475,46.40674886703491,1.194182276725769,3.4420039653778076,-0.11559923738241196,0.23419807851314545,0.0,0.10729023814201355,0.1323234587907791,0.16647164523601532,-1.7862391471862793,-1.737059473991394,-1.6700985431671143,0.0,1.0
397312,388,4,188.35477520584405,211.5,-0.004390810715267435,3.7347952097654344,-0.9544283121824264,0.0020479476064792835,0.0241455078125,0.6645104885101318,62.95926651954651,2.2664196491241455,4.171126365661621,-0.118844173848629,0.23062284290790558,0.0,0.107179194688797,0.13213279843330383,0.1664782017469406,-1.7864586114883423,-1.7374229431152344,-1.6700859069824219,0.0,1.0
398336,389,7,188.87542791269684,198.85714285714286,-0.004425507714040577,8.232385158538818,-0.9615935504436492,0.006840214425756131,0.0514892578125,0.6311953328549862,87.72212364673615,2.5398972034454346,7.262762546539307,-0.10571547597646713,0.23145663738250732,0.0,0.10565587878227234,0.12988604605197906,0.16406461596488953,-1.7894710302352905,-1.7418287992477417,-1.67478346824646,0.0,1.0
399360,390,6,135.6111979666579,158.66666666666666,-0.005002244981005788,9.471899783611297,-0.9676653489470481,0.0036337326382636093,0.0586181640625,0.6038946151733399,60.56834187507629,-2.074237108230591,6.467357635498047,-0.10628672689199448,0.22546826303005219,0.0,0.10685253143310547,0.1307244896888733,0.16476906836032867,-1.787104606628418,-1.7402037382125854,-1.6734120845794678,0.0,1.0
400384,391,8,117.66125297233569,150.625,-0.002962507971096784,6.645899838209152,-0.9612711027264595,0.0030502806534059347,0.019287109375,0.6202952966094017,65.25952999591827,-2.3488264083862305,6.08035945892334,-0.10215530544519424,0.21814638376235962,0.0,0.1076274886727333,0.13140107691287994,0.1665070801973343,-1.7855722904205322,-1.7388596534729004,-1.670029640197754,0.0,1.0
401408,392,5,141.66785138968993,172.4,-0.004219893331173808,3.9866316273808478,-0.9609401121735572,0.005656619646470062,0.035400390625,0.6722306065261364,42.272757744789125,0.5898110866546631,4.585054397583008,-0.09172310680150986,0.21913988888263702,0.0,0.10673199594020844,0.1307496577501297,0.16691900789737701,-1.78734290599823,-1.7401503324508667,-1.6692283153533936,0.0,1.0
402432,393,5,183.8782994532476,205.8,-0.005093805608339608,9.260212281346321,-0.9648405387997627,0.004160440810665023,0.045751953125,0.6737090766429901,67.94030032157897,2.2314422130584717,6.6835150718688965,-0.0711127519607544,0.22292059659957886,0.0,0.10678177326917648,0.13032059371471405,0.1664382964372635,-1.787244439125061,-1.7410050630569458,-1.6701635122299194,0.0,1.0
403456,394,5,166.484880307041,182.8,-0.003657059324905276,3.316940413415432,-0.9618819057941437,0.004747177858371287,0.044384765625,0.6120685808360576,31.48344440460205,-0.11986872553825378,4.23481559753418,-0.08646062761545181,0.2177649736404419,0.0,0.10891011357307434,0.1321989893913269,0.1684403121471405,-1.7830369472503662,-1.7373238801956177,-1.6662696599960327,0.0,1.0
404480,395,7,173.82704336189758,192.85714285714286,-0.004182444128673524,2.317787027359009,-0.9505812644958496,0.0032379835582105445,0.0389404296875,0.6143587194383144,28.887785410881044,0.6307758092880249,3.4265530109405518,-0.0995151624083519,0.23484064638614655,0.0,0.1116185337305069,0.13349227607250214,0.16938979923725128,-1.7776854038238525,-1.734775424003601,-1.6644238233566284,0.0,1.0
405504,396,5,166.7217670623431,181.4,-0.005266062708687969,1.9630243584513665,-0.9483806371688843,0.005373379598313477,0.044091796875,0.7338076010346413,39.34136304855347,1.9646106958389282,3.279080390930176,-0.10966936498880386,0.23079437017440796,0.0,0.11013727635145187,0.13305680453777313,0.1694076806306839,-1.7806117534637451,-1.735625147819519,-1.6643891334533691,0.0,1.0
406528,397,3,168.5753225761358,192.66666666666666,-0.004586559871677309,9.937316831946372,-0.9510197281837464,0.0013678705363417976,0.0420654296875,0.7026771113276482,96.23110246658325,2.5404281616210938,7.392387866973877,-0.09244195371866226,0.2248307168483734,0.0,0.10798107832670212,0.13261939585208893,0.17022885382175446,-1.7848732471466064,-1.736493468284607,-1.6627931594848633,0.0,1.0
407552,398,6,217.10617885714908,223.5,-0.0049174234387464825,3.5203104108572005,-0.954008387029171,0.003298430841823574,0.04677734375,0.729819006472826,33.197301506996155,1.0388460159301758,4.519609451293945,-0.08994074910879135,0.22896479070186615,0.0,0.10537039488554001,0.13248693943023682,0.17018704116344452,-1.7900357246398926,-1.736769199371338,-1.662874460220337,0.0,1.0
408576,399,5,212.40928807286483,209.0,-0.004723218968138099,9.305095790326595,-0.9515269070863723,0.005437669476668816,0.053076171875,0.7294862620532513,71.49925293922425,1.790755033493042,7.487462520599365,-0.07896139472723007,0.22627204656600952,0.0,0.10436365753412247,0.13306936621665955,0.17105814814567566,-1.792027235031128,-1.7356171607971191,-1.661181926727295,0.0,1.0
409600,400,4,186.1243469251636,209.0,-0.004355764208594337,8.578553360700607,-0.9472595363855362,0.0034782073315000163,0.0444091796875,0.7091853253543376,55.89375364780426,-0.5267865657806396,6.136672019958496,-0.07567837089300156,0.23259657621383667,0.0,0.10537868738174438,0.1341114640235901,0.1715092957019806,-1.7900192737579346,-1.7335923910140991,-1.6603056192398071,0.0,1.0
410624,401,6,179.6646895164787,205.0,-0.0017513653263449668,17.727587616443635,-0.94286298006773,0.0024683476163772865,0.0167236328125,0.7389986239373684,91.68052697181702,0.8407219648361206,9.426383018493652,-0.08792880922555923,0.24214285612106323,0.0,0.1040857583284378,0.1343085616827011,0.17172227799892426,-1.7925770282745361,-1.7332000732421875,-1.659891963005066,0.0,1.0
411648,402,6,173.58606856679987,187.0,-0.0032493884616997095,2.7318750984966753,-0.9454920247197152,0.00495386609545676,0.026318359375,0.6763736046850681,38.76252026557923,-0.12765094637870789,4.220961093902588,-0.10555801540613174,0.2328045666217804,0.0,0.10211307555437088,0.13332955539226532,0.17117094993591309,-1.7964807748794556,-1.7351341247558594,-1.6609628200531006,0.0,1.0
412672,403,4,177.13592818620918,183.25,-0.003641033556777984,5.138119009137154,-0.9508384719491005,0.0032093295885715634,0.03056640625,0.6896062813699245,48.953978705406186,1.2342580556869507,5.562161445617676,-0.09955892711877823,0.23860116302967072,0.0,0.10226517170667648,0.13260649144649506,0.1699373573064804,-1.7961796522140503,-1.7365469932556152,-1.6633596420288086,0.0,1.0
413696,404,5,194.68860108539855,205.4,-0.0048477001662831755,2.784591031074524,-0.9585835829377174,0.004283571180712898,0.044140625,0.649252250045538,30.59031126499176,0.8750988841056824,4.164261817932129,-0.09675362706184387,0.24414697289466858,0.0,0.09881062060594559,0.13034339249134064,0.16541554033756256,-1.803019404411316,-1.7409580945968628,-1.6721537113189697,0.0,1.0
414720,405,6,158.65165598994085,184.33333333333334,-0.004382707178592682,5.266761240363121,-0.9693162128329277,0.004543314172769897,0.0400146484375,0.6335049763321876,57.3551739692688,-1.329332709312439,5.418855667114258,-0.10132818669080734,0.23091915249824524,0.0,0.09869147837162018,0.12947586178779602,0.16386628150939941,-1.8032554388046265,-1.7426705360412598,-1.6751697063446045,0.0,1.0
415744,406,7,157.9829211094372,177.57142857142858,-0.004667231370694936,5.516049253940582,-0.9738384827971458,0.003595859004417434,0.0458984375,0.7222875222563744,46.44873745441437,-0.36412185430526733,5.106736183166504,-0.09920474886894226,0.23469626903533936,0.0,0.10070046782493591,0.12824513018131256,0.1608213186264038,-1.7992770671844482,-1.7450675964355469,-1.68110191822052,0.0,1.0
416768,407,3,115.14065359162947,150.0,-0.005387921651708894,7.577519008517266,-0.9817915171384811,0.006230281166790519,0.069970703125,0.7951364412903785,70.68916816711426,0.04680660367012024,6.949554920196533,-0.10296386480331421,0.23174162209033966,0.0,0.10125622153282166,0.12720726430416107,0.1591029018163681,-1.798176884651184,-1.7470945119857788,-1.6844522953033447,0.0,1.0
417792,408,8,195.7139376430111,210.125,-0.004093946784269065,6.2433931797742845,-0.9860341340303421,0.0020669214311055837,0.043310546875,0.7427565105259418,39.75462124347687,-0.36268192529678345,5.491720676422119,-0.0859760046005249,0.2356770634651184,0.0,0.09979880601167679,0.12649480998516083,0.15797491371631622,-1.8010623455047607,-1.748502254486084,-1.686652421951294,0.0,1.0
418816,409,4,155.00625043685585,183.0,-0.00504306405200623,8.367087924480439,-0.9915157690644264,0.003206146239244845,0.040380859375,0.6955428205430507,51.27405858039856,-1.7419347763061523,6.171055793762207,-0.09553229808807373,0.22326450049877167,0.0,0.09971713274717331,0.12564782798290253,0.1567646563053131,-1.8012241125106812,-1.7501683235168457,-1.6890140771865845,0.0,1.0
419840,410,6,147.79319435219708,180.5,-0.005021619377657771,4.472610414028168,-0.9920189067721367,0.0038703781814547257,0.040576171875,0.6831226468086242,39.103331780433656,-0.7389258146286011,4.972990036010742,-0.10730753093957901,0.23315146565437317,0.0,0.10016379505395889,0.1264214664697647,0.15563227236270905,-1.800339698791504,-1.7486329078674316,-1.691224455833435,0.0,1.0
420864,411,5,177.13160973696506,178.0,-0.00492630319786258,5.146746856719256,-0.9884102001786232,0.0031265607991372234,0.0427001953125,0.6893943324685097,65.12660434246064,2.0846364498138428,5.755255222320557,-0.11002083867788315,0.21770262718200684,0.0,0.09847698360681534,0.12622402608394623,0.15492098033428192,-1.803680181503296,-1.7490042448043823,-1.6926132440567017,0.0,1.0
421888,412,5,186.74195869951023,205.4,-0.004499625775497407,4.977601456642151,-0.9901332750916481,0.005363009436405264,0.0587158203125,0.7387135565280915,42.06577866077423,0.8928315043449402,5.075129508972168,-0.08434480428695679,0.23299522697925568,0.0,0.09842219203710556,0.12643754482269287,0.1549871414899826,-1.8037887811660767,-1.748583436012268,-1.6924840211868286,0.0,1.0
422912,413,7,151.73900637370994,182.57142857142858,-0.0040889432653784755,13.270452070236207,-0.9864026799798011,0.0041325399768538775,0.0388427734375,0.5444355439394712,90.92663669586182,-3.1918070316314697,7.693723678588867,-0.10282409191131592,0.225704163312912,0.0,0.10015929490327835,0.12743142247200012,0.15611714124679565,-1.8003486394882202,-1.746639370918274,-1.6902778148651123,0.0,1.0
423936,414,5,154.33658870530172,172.0,-0.006153162661939859,4.4038718983531,-0.9840674325823784,0.005184557770553511,0.0578369140625,0.6461989358067513,46.98401129245758,-0.813101053237915,4.949939727783203,-0.1132391020655632,0.22097235918045044,0.0,0.09941308200359344,0.12662677466869354,0.15513275563716888,-1.8018262386322021,-1.7482280731201172,-1.69219970703125,0.0,1.0
424960,415,6,168.9460415549011,188.16666666666666,-0.004035557882161811,7.354584670066833,-0.9906419977545738,0.005785187847504858,0.033349609375,0.6979345448315144,68.51372702121735,3.613112211227417,5.754745006561279,-0.09695491194725037,0.231133833527565,0.0,0.09747268259525299,0.12582454085350037,0.1549859493970871,-1.8056696653366089,-1.7498027086257935,-1.6924864053726196,0.0,1.0
425984,416,4,181.49303461245,201.25,-0.004814556619385258,3.8810180932283402,-0.994225698709488,0.003379500049049966,0.0386474609375,0.6350585773587227,44.75254528522491,-0.7305914163589478,4.646373748779297,-0.11357774585485458,0.21383191645145416,0.0,0.0991976335644722,0.12528161704540253,0.15187682211399078,-1.8022528886795044,-1.7508639097213745,-1.6985604763031006,0.0,1.0
427008,417,6,137.7708421230663,168.33333333333334,-0.003963061503600329,1.0641796696931123,-1.0000114038586616,0.003132720846042503,0.0265380859375,0.6272013418376445,17.298771375417708,-0.636468768119812,2.558967113494873,-0.11790718883275986,0.2186369150876999,0.0,0.10044591873884201,0.1236165463924408,0.1482531726360321,-1.799781084060669,-1.754111647605896,-1.7056469917297363,0.0,1.0
428032,418,7,170.87172572442554,188.28571428571428,-0.004597012285375968,4.994984531402588,-1.0053770542144775,0.007288915886601899,0.0549560546875,0.7515711404383183,43.96776616573334,0.6711927652359009,4.977891445159912,-0.09275291115045547,0.23462827503681183,0.0,0.09870995581150055,0.1240125373005867,0.14886446297168732,-1.8032188415527344,-1.7533440589904785,-1.704451084136963,0.0,1.0
429056,419,5,162.95687916623157,179.4,-0.003968215332133695,4.461564657092095,-1.0014999091625214,0.00273011080280412,0.038623046875,0.6803496591746807,45.32843158245087,-0.6301727294921875,4.921511650085449,-0.11682898551225662,0.22338669002056122,0.0,0.0981844961643219,0.1245221272110939,0.14973796904087067,-1.8042595386505127,-1.7523390054702759,-1.702742338180542,0.0,1.0
430080,420,5,171.21359572732095,192.4,-0.0031671180156990887,6.330032692849636,-0.9973666921257973,0.003110284860304091,0.03505859375,0.6421831041574478,58.00393505096436,2.0118913650512695,5.919361591339111,-0.12761247158050537,0.22404630482196808,0.0,0.09839598834514618,0.1255187839269638,0.15151101350784302,-1.8038406372070312,-1.7503901720046997,-1.6992754936218262,0.0,1.0
431104,421,5,171.34540416258636,191.2,-0.00309802561532706,4.4509578287601474,-0.9943879783153534,0.002566092775668949,0.0200439453125,0.6507827825844288,41.49305045604706,1.7340385913848877,4.565521717071533,-0.10748092085123062,0.23882290720939636,0.0,0.0978718027472496,0.12521634995937347,0.15017379820346832,-1.8048789501190186,-1.7509703636169434,-1.701889991760254,0.0,1.0
432128,422,6,156.53763180908186,185.5,-0.005230329721234739,2.1032455638051033,-0.9996592745184898,0.0031284490585676396,0.0552978515625,0.7194705985486507,32.35593738555908,1.0092082023620605,3.609829902648926,-0.11486890912055969,0.22477081418037415,0.0,0.09950482845306396,0.12376897782087326,0.14690418541431427,-1.8016445636749268,-1.7538107633590698,-1.7082871198654175,0.0,1.0
433152,423,7,145.40396916563324,166.14285714285714,-0.004378217982593924,1.9180704399943351,-1.0053654044866562,0.005727895499148872,0.0348388671875,0.6638378359377384,26.10080509185791,-0.08704288303852081,2.9930131435394287,-0.14731256663799286,0.22664065659046173,0.0,0.09881395846605301,0.12378973513841629,0.14565850794315338,-1.8030128479003906,-1.7537636756896973,-1.7107259035110474,0.0,1.0
434176,424,7,136.66598733091863,160.71428571428572,-0.006335635844152421,2.545162136852741,-1.0074270099401474,0.002629746275488287,0.0529052734375,0.7375624589622021,32.24792892932892,0.7634091377258301,4.256515026092529,-0.12189775705337524,0.22594209015369415,0.0,0.09649032354354858,0.12243721634149551,0.14493970572948456,-1.8076159954071045,-1.7564305067062378,-1.712133526802063,0.0,1.0
435200,425,5,170.79818146439177,186.8,-0.003517225501127541,4.618945650756359,-1.0106850028038026,0.00424754181294702,0.030615234375,0.6283046551048755,55.410763311386106,0.4189688265323639,5.309811592102051,-0.08868805319070816,0.2326381951570511,0.0,0.09670057147741318,0.12341227382421494,0.14456970989704132,-1.807199478149414,-1.7545217275619507,-1.7128582000732422,0.0,1.0
436224,426,4,165.45026794949663,196.25,-0.004807431786321104,8.781928746402263,-1.006418552994728,0.005262035439955071,0.062353515625,0.648694996535778,52.15908055305481,1.8657251596450806,6.393688678741455,-0.11430332064628601,0.22718803584575653,0.0,0.0952250212430954,0.12334217876195908,0.1439446061849594,-1.8101235628128052,-1.754656434059143,-1.7140828371047974,0.0,1.0
437248,427,5,199.81497311262865,212.6,-0.003938248136546463,5.57524351477623,-1.0082220017910004,0.004648453833942768,0.02861328125,0.7148146450519561,39.885010063648224,1.2695536613464355,5.391425132751465,-0.107364721596241,0.22462588548660278,0.0,0.0947883278131485,0.12280339747667313,0.14373640716075897,-1.8109891414642334,-1.7557153701782227,-1.7144906520843506,0.0,1.0
438272,428,8,155.07856713570231,174.875,-0.002680084924213588,7.8036146610975266,-1.0098253607749939,0.0036410813467227855,0.0339599609375,0.6845770664513111,65.81480531692505,1.7546820640563965,6.2406415939331055,-0.11496289819478989,0.22082701325416565,0.0,0.09527917951345444,0.12320876866579056,0.143378347158432,-1.81001615524292,-1.7549279928207397,-1.7151923179626465,0.0,1.0
439296,429,3,176.2421049289925,205.33333333333334,-0.00420443014591001,5.740501087903977,-1.006249263882637,0.002167401317274198,0.03173828125,0.6993498526513576,70.10156853199005,0.84100341796875,6.148739814758301,-0.1165616437792778,0.21564988791942596,0.0,0.09367735683917999,0.12368505448102951,0.14546935260295868,-1.8131914138793945,-1.7540022134780884,-1.7110962867736816,0.0,1.0
440320,430,5,179.1546090491947,203.8,-0.005308482112013735,13.845233982801437,-1.0053201407194137,0.0047475020313868296,0.0417236328125,0.6894932337105274,82.61546807289123,0.9809682369232178,8.452033042907715,-0.10471609234809875,0.22656963765621185,0.0,0.09353070706129074,0.12356539815664291,0.1444728970527649,-1.8134821653366089,-1.7542328834533691,-1.7130478620529175,0.0,1.0
441344,431,6,156.428971638913,185.5,-0.005135640857042744,4.32809382379055,-1.0062456667423247,0.003925652480393183,0.052197265625,0.7381375804543495,30.11972839832306,0.07834574580192566,4.502305030822754,-0.0992286205291748,0.2092028260231018,0.0,0.09495867788791656,0.12361327558755875,0.1422356814146042,-1.810651421546936,-1.7541340589523315,-1.7174315452575684,0.0,1.0
442368,432,6,139.23428084599811,162.0,-0.0031989967625122516,3.3019288927316666,-1.0068684667348862,0.005003754753852263,0.0208984375,0.6861459456384182,41.589989805221556,2.0742576122283936,4.1652960777282715,-0.11132504791021347,0.21113801002502441,0.0,0.09335426986217499,0.12291359901428223,0.14290250837802887,-1.8138319253921509,-1.7555166482925415,-1.7161247730255127,0.0,1.0
443392,433,4,243.0807126282901,227.75,-0.00437237584264949,5.0462038815021515,-1.0165460646152495,0.0032075973329483533,0.0365478515625,0.6718873098492623,55.690479850769044,1.9796710014343262,5.061585426330566,-0.09357445687055588,0.22528575360774994,0.0,0.08992109447717667,0.12016912549734116,0.1407821774482727,-1.8206409215927124,-1.7609175443649292,-1.7202811241149902,0.0,1.0
444416,434,5,170.3568943005713,202.2,-0.003369444695999846,2.999294477701187,-1.032947838306427,0.0029794931775541044,0.0264404296875,0.6886085763573646,60.44269589185715,2.7358617782592773,4.328230857849121,-0.10003066807985306,0.22591814398765564,0.0,0.08764972537755966,0.11777084320783615,0.1386750489473343,-1.825148105621338,-1.7656413316726685,-1.7244142293930054,0.0,1.0
445440,435,7,191.86281141751854,204.85714285714286,-0.003553399222437292,16.1637024641037,-1.0412060976028443,0.0018764505090075544,0.0386962890625,0.7443940594792366,69.82365207672119,-1.8189289569854736,8.2068510055542,-0.09428945928812027,0.22379815578460693,0.0,0.08726895600557327,0.11784124374389648,0.14037026464939117,-1.8259038925170898,-1.7655104398727417,-1.7210888862609863,0.0,1.0
446464,436,6,131.7672084683254,159.66666666666666,-0.0032844737404957415,5.020718044042587,-1.0387367188930512,0.0033517761185066774,0.0279052734375,0.6871771425008774,56.079105377197266,0.8178725838661194,5.534872055053711,-0.11580216139554977,0.22785554826259613,0.0,0.08852320164442062,0.1180562973022461,0.1400526762008667,-1.8234145641326904,-1.765074372291565,-1.7217117547988892,0.0,1.0
447488,437,4,168.55006948055785,184.75,-0.004503137699794024,9.805330389738083,-1.0374120622873306,0.006901683607429732,0.0443603515625,0.6685746118426323,60.07904739379883,-0.8988117575645447,6.858774662017822,-0.11548107117414474,0.23168392479419708,0.0,0.09073925018310547,0.11860808730125427,0.1398497372865677,-1.8190178871154785,-1.7639985084533691,-1.7221097946166992,0.0,1.0
448512,438,7,165.6372828891503,187.28571428571428,-0.006034190888749435,3.495920068025589,-1.039037933945656,0.002404612513782922,0.044970703125,0.7155794031918049,38.380811548233034,1.4624128341674805,4.317437648773193,-0.1258533000946045,0.2325608879327774,0.0,0.08870247006416321,0.11660334467887878,0.13751928508281708,-1.823058843612671,-1.7679486274719238,-1.726682186126709,0.0,1.0
449536,439,6,151.83512959708045,169.33333333333334,-0.004757430893369019,4.104750692844391,-1.0470682293176652,0.007449626942980103,0.072216796875,0.7604998245835304,41.06324088573456,0.23164857923984528,4.897619247436523,-0.12301254272460938,0.21975432336330414,0.0,0.08946426957845688,0.11710607260465622,0.1379108428955078,-1.821547269821167,-1.7669466733932495,-1.7259137630462646,0.0,1.0
450560,440,6,163.39360566909227,183.66666666666666,-0.004914382193237543,6.201867043972015,-1.0466337114572526,0.006497021493851207,0.054638671875,0.8094347752630711,56.0812246799469,-0.310242235660553,5.906106472015381,-0.10823408514261246,0.21903373301029205,0.0,0.08986455947160721,0.11571145057678223,0.13638751208782196,-1.8207530975341797,-1.7696900367736816,-1.7289037704467773,0.0,1.0
451584,441,4,123.99676473343638,156.0,-0.004048382618930191,1.361437365040183,-1.0516745150089264,0.002918454527389258,0.021044921875,0.6171259507536888,23.09226177930832,1.131779670715332,3.0405924320220947,-0.11441445350646973,0.2062661051750183,0.0,0.09089180082082748,0.1162487044930458,0.13573108613491058,-1.8187153339385986,-1.768630862236023,-1.7301926612854004,0.0,1.0
452608,442,6,186.5142449649818,208.16666666666666,-0.005388615978881716,6.600728690624237,-1.0489443093538284,0.005862651034840382,0.0620849609375,0.663218942284584,51.636384344100954,1.3008651733398438,6.245326519012451,-0.1022142767906189,0.22052308917045593,0.0,0.09022536873817444,0.1161324754357338,0.1356094479560852,-1.8200373649597168,-1.7688469886779785,-1.7304315567016602,0.0,1.0
453632,443,8,137.69296841404127,160.125,-0.00437965989112854,13.277238565683366,-1.0462470442056655,0.0035607209079898893,0.05380859375,0.5420184955000877,82.83763980865479,-2.932828903198242,7.591372966766357,-0.11936122179031372,0.22633635997772217,0.0,0.08967267721891403,0.11762409657239914,0.1379653364419937,-1.8211338520050049,-1.7659263610839844,-1.7258068323135376,0.0,1.0
454656,444,4,121.63849054147484,147.0,-0.004725185147253797,4.542664875090122,-1.03781356215477,0.005580486453254707,0.054296875,0.725654024630785,40.35386095046997,0.04481452703475952,4.749200820922852,-0.12224504351615906,0.22158445417881012,0.0,0.09002223610877991,0.1184895932674408,0.13899002969264984,-1.8204402923583984,-1.7642207145690918,-1.7237962484359741,0.0,1.0
455680,445,6,172.1386139901133,185.16666666666666,-0.004845130373723805,5.991948212683201,-1.0332819402217865,0.002959771572204772,0.0376220703125,0.6549523569643497,54.957883429527286,0.12476913630962372,5.941804885864258,-0.10636291652917862,0.2226424664258957,0.0,0.09241990000009537,0.1192900538444519,0.13947303593158722,-1.8156846761703491,-1.7626391649246216,-1.722848653793335,0.0,1.0
456704,446,5,189.1323363238702,199.8,-0.0055808615812566135,2.545793467760086,-1.034191870689392,0.00510362114146119,0.0463134765625,0.6462533071637153,40.323262619972226,1.3605788946151733,4.112176895141602,-0.10406234115362167,0.22574995458126068,0.0,0.09150169789791107,0.11804205179214478,0.1365288347005844,-1.8175055980682373,-1.7650871276855469,-1.7286263704299927,0.0,1.0
457728,447,6,176.54877297721896,198.5,-0.004046908108284697,3.3879205733537674,-1.0431957334280013,0.003846294997492805,0.0364501953125,0.7176783315837383,55.655193424224855,2.7956783771514893,4.156712532043457,-0.11496362835168839,0.22981275618076324,0.0,0.09064751863479614,0.1165807768702507,0.13379164040088654,-1.8191999197006226,-1.7679544687271118,-1.7340019941329956,0.0,1.0
458752,448,5,171.83602953716982,186.8,-0.005470069230068475,3.9597826927900313,-1.0467843264341354,0.004758579074405134,0.0624755859375,0.7307551577687263,51.04189964532852,1.001572847366333,5.201913833618164,-0.11545581370592117,0.22096219658851624,0.0,0.08989687263965607,0.11676964908838272,0.13334162533283234,-1.8206889629364014,-1.767598271369934,-1.7348861694335938,0.0,1.0
459776,449,5,260.88838833126556,232.6,-0.0046385071938857434,8.065055830776691,-1.0457167029380798,0.008077937527559698,0.0462890625,0.6798113897442818,104.15259742736816,3.1123266220092773,7.371068954467773,-0.10249368101358414,0.22783951461315155,0.0,0.08913861215114594,0.11702563613653183,0.13310399651527405,-1.8221935033798218,-1.767090916633606,-1.7353529930114746,0.0,1.0
460800,450,5,131.7015638139555,167.2,-0.005169007240328938,3.0502688281238077,-1.048442044854164,0.007550533831818029,0.0499755859375,0.6939820617437362,42.667901730537416,0.1631966233253479,4.67795467376709,-0.1441555768251419,0.2363426685333252,0.0,0.08683179318904877,0.11542657762765884,0.13403193652629852,-1.8267714977264404,-1.7702611684799194,-1.7335299253463745,0.0,1.0
461824,451,5,200.35977380202854,200.4,-0.003339729562867433,5.5859500676393505,-1.0568249732255937,0.003050430602161214,0.03974609375,0.8339762710034847,76.00716128349305,2.02941632270813,5.31943941116333,-0.137791246175766,0.23575060069561005,0.0,0.08565830439329147,0.11443260312080383,0.13341200351715088,-1.8291012048721313,-1.772215485572815,-1.7347478866577148,0.0,1.0
462848,452,7,169.4517627862347,185.42857142857142,-0.0056143293797504155,9.031067085266113,-1.0593359023332596,0.004295705382537563,0.0474609375,0.6694131650030613,71.17138800621032,-0.22186574339866638,7.222631454467773,-0.13050849735736847,0.2245166152715683,0.0,0.08520478010177612,0.11478684097528458,0.13333526253700256,-1.8300015926361084,-1.771524429321289,-1.734898567199707,0.0,1.0
463872,453,5,134.31852230335147,167.4,-0.00578156688134186,7.129479393362999,-1.0570651978254317,0.006788837279600557,0.052783203125,0.6657057620584965,51.085553884506226,-1.0509862899780273,5.870672225952148,-0.14023403823375702,0.22969357669353485,0.0,0.08582291007041931,0.11513849347829819,0.13440856337547302,-1.828774333000183,-1.7708395719528198,-1.7327899932861328,0.0,1.0
464896,454,5,179.83033812758782,179.0,-0.006137277313973755,4.8439484849572185,-1.0536340296268463,0.005318998773873318,0.08154296875,0.7578143797814846,55.15078859329223,0.3879867196083069,5.983913898468018,-0.1244988813996315,0.22351913154125214,0.0,0.0860825628042221,0.11573708057403564,0.13599537312984467,-1.8282588720321655,-1.7696475982666016,-1.7296737432479858,0.0,1.0
465920,455,5,166.066795734254,182.0,-0.005085220374166965,2.443953239917755,-1.0534301191568374,0.004486649550381116,0.036962890625,0.6703036658465862,34.63866114616394,0.9717632532119751,3.9988324642181396,-0.12908585369586945,0.22955088317394257,0.0,0.0861796885728836,0.11523798853158951,0.13799640536308289,-1.828066110610962,-1.7706316709518433,-1.7257459163665771,0.0,1.0
466944,456,6,188.8517488438478,205.5,-0.00533623582450673,6.695432391762734,-1.0577914983034133,0.00742681988485856,0.06943359375,0.8065960004925727,58.0438930273056,1.3761284351348877,5.84561824798584,-0.126106396317482,0.2502734959125519,0.0,0.08446342498064041,0.11398432403802872,0.13720746338367462,-1.831473708152771,-1.7731181383132935,-1.7272942066192627,0.0,1.0
467968,457,6,160.11200618592397,171.33333333333334,-0.0035794255905784666,6.9432743936777115,-1.0647821128368378,0.00320489361329237,0.0524169921875,0.7470342457294464,47.229167222976685,0.45715945959091187,5.964026927947998,-0.13886190950870514,0.22191905975341797,0.0,0.0853811651468277,0.11332283169031143,0.1345513015985489,-1.8296513557434082,-1.7744051218032837,-1.7325096130371094,0.0,1.0
468992,458,5,188.51563808294785,211.4,-0.004970641038380563,4.024456757307052,-1.0688319861888886,0.00465194673743099,0.0479736328125,0.655027762800455,36.88789167404175,-0.1965111494064331,4.476104259490967,-0.09607690572738647,0.2265605628490448,0.0,0.08454308658838272,0.11223486065864563,0.1320050060749054,-1.831315517425537,-1.7765535116195679,-1.7375128269195557,0.0,1.0
470016,459,4,141.50581192856225,174.25,-0.005962303420528769,0.9535549189895391,-1.0756325900554657,0.004232694298843853,0.0508544921875,0.7121953248977662,17.58688477277756,0.929693341255188,2.445711612701416,-0.1034524068236351,0.21663787961006165,0.0,0.0839957594871521,0.11124596744775772,0.12969210743904114,-1.8324024677276611,-1.7785085439682007,-1.7420604228973389,0.0,1.0
471040,460,6,197.37375734311686,217.16666666666666,-0.003394790994934738,11.610152512788773,-1.0814148396253587,0.004024689004290849,0.022900390625,0.7855891227722168,81.06305871009826,2.5320229530334473,7.260273456573486,-0.10511699318885803,0.22024892270565033,0.0,0.08460278064012527,0.11025571823120117,0.12669500708580017,-1.8311970233917236,-1.7804514169692993,-1.7479571104049683,0.0,1.0
472064,461,3,264.28490041761984,234.33333333333334,-0.0061901996843516825,4.066829092800617,-1.0878382176160812,0.0033858833339763805,0.0597900390625,0.7779832534492016,42.65965187549591,1.8319823741912842,4.729398250579834,-0.12113102525472641,0.21615032851696014,0.0,0.0835692435503006,0.10906192660331726,0.12610457837581635,-1.833249568939209,-1.782804012298584,-1.7491192817687988,0.0,1.0
473088,462,7,197.99877479531872,209.0,-0.004506426921579987,5.917312440276146,-1.095933374762535,0.0038561085209948944,0.061181640625,0.7153739795088768,48.476090383529666,1.651221752166748,5.402022361755371,-0.10062190890312195,0.21707351505756378,0.0,0.08389272540807724,0.10746332257986069,0.12428712844848633,-1.8326070308685303,-1.785953164100647,-1.7526978254318237,0.0,1.0
474112,463,4,174.4658637153461,182.25,-0.004298426816239953,2.3851189382374285,-1.1007229685783386,0.0070734722510678695,0.051123046875,0.7410717971622944,21.839242136478425,0.10724161565303802,3.52913236618042,-0.11183646321296692,0.21856296062469482,0.0,0.08516587316989899,0.10788130015134811,0.12509456276893616,-1.8300788402557373,-1.7851301431655884,-1.7511078119277954,0.0,1.0
475136,464,6,179.72424221333003,209.33333333333334,-0.006806291226530448,5.754659433662892,-1.0989852398633957,0.0017646449734456838,0.0544921875,0.7207688495516777,72.26853268146515,2.3173954486846924,5.880161285400391,-0.09227863699197769,0.22411787509918213,0.0,0.08539673686027527,0.10733955353498459,0.12218882888555527,-1.8296204805374146,-1.7862001657485962,-1.7568312883377075,0.0,1.0
476160,465,8,145.830769377813,164.375,-0.005589963786769658,3.0151821821928024,-1.1040366500616074,0.005086224793922156,0.0519287109375,0.714614174515009,25.403978443145753,-0.2791537046432495,3.807734727859497,-0.10670506954193115,0.22288501262664795,0.0,0.08547895401716232,0.10664480179548264,0.1202172040939331,-1.8294572830200195,-1.7875734567642212,-1.7607171535491943,0.0,1.0
477184,466,4,162.165628160825,176.25,-0.004724979132879526,4.051931507885456,-1.1076432794332505,0.0041959210473578425,0.0486083984375,0.7284258499741554,41.08380630016327,-0.012009482830762863,4.813636779785156,-0.11886291950941086,0.23105575144290924,0.0,0.08452796936035156,0.10601364821195602,0.12020979076623917,-1.831345558166504,-1.7888054847717285,-1.760731816291809,0.0,1.0
478208,467,4,182.34298617032525,203.0,-0.004073542298283428,3.2525331038981675,-1.1080987393856048,0.005357020313385874,0.043408203125,0.7206203982234001,45.57678124904633,1.2364349365234375,4.941277503967285,-0.11914291232824326,0.22562474012374878,0.0,0.08637923002243042,0.10653939098119736,0.11970370262861252,-1.8276699781417847,-1.787765622138977,-1.7617295980453491,0.0,1.0
479232,468,8,157.48428970172148,178.375,-0.005597246205434203,5.563038493692875,-1.1060528308153152,0.007661395004834049,0.0675048828125,0.7324264243245124,40.57015941143036,-0.3312550187110901,5.339169502258301,-0.12120463699102402,0.22052210569381714,0.0,0.08658286929130554,0.10675812512636185,0.11888705939054489,-1.827265739440918,-1.7873353958129883,-1.763339877128601,0.0,1.0
480256,469,4,153.75756673615138,166.75,-0.005943063227459788,4.584579345583916,-1.105668380856514,0.0030946394777856766,0.0602783203125,0.7929779067635536,37.840169191360474,0.6909998655319214,4.71352481842041,-0.1581358164548874,0.23138874769210815,0.0,0.08632232993841171,0.10647031664848328,0.1181991770863533,-1.8277828693389893,-1.7879070043563843,-1.764696478843689,0.0,1.0
481280,470,7,154.62535651864025,171.85714285714286,-0.004454023571452126,2.5736530996859073,-1.1097239136695862,0.0031475096024223604,0.0391357421875,0.6275715060532093,34.68610988855362,-0.141474649310112,4.139229774475098,-0.11701307445764542,0.2276526242494583,0.0,0.08427257835865021,0.10538831353187561,0.11673068255186081,-1.831852674484253,-1.7900390625,-1.767593264579773,0.0,1.0
482304,471,6,150.153328896247,178.33333333333334,-0.0051830998621881005,6.351797354221344,-1.114723989367485,0.005239434019313194,0.051025390625,0.7543202303349972,61.48210656642914,2.2260775566101074,5.709542274475098,-0.1083831712603569,0.21202124655246735,0.0,0.08432097733020782,0.10507490485906601,0.11661209166049957,-1.831756591796875,-1.7906612157821655,-1.7678272724151611,0.0,1.0
483328,472,5,176.71250530892345,192.8,-0.003874235326657072,5.368120877444744,-1.1165787547826767,0.003487805853364989,0.0479248046875,0.7827569544315338,35.07965245246887,0.49626922607421875,5.284181594848633,-0.09743469208478928,0.21193520724773407,0.0,0.08374999463558197,0.1044355109333992,0.11584196984767914,-1.832890510559082,-1.7919312715530396,-1.769346833229065,0.0,1.0
484352,473,6,142.39010879794944,171.0,-0.0033721785352099688,3.831926164031029,-1.1199097096920014,0.005201543314615265,0.04052734375,0.6848233863711357,35.010051465034486,-0.32001104950904846,4.82875919342041,-0.10329926013946533,0.20719614624977112,0.0,0.08304321020841599,0.10422280430793762,0.1154288724064827,-1.834294319152832,-1.7923479080200195,-1.7701621055603027,0.0,1.0
485376,474,5,211.19640797051633,206.0,-0.005476690887007862,5.063498835265636,-1.1229896515607833,0.005289108221768401,0.060888671875,0.6854081556200982,52.48689703941345,0.9462241530418396,5.542367458343506,-0.11322810500860214,0.21077477931976318,0.0,0.08111535757780075,0.10312186926603317,0.11461704969406128,-1.83812415599823,-1.794531226158142,-1.7717645168304443,0.0,1.0
486400,475,5,187.1019044835912,203.6,-0.006196880876086652,4.350055228173733,-1.1319831699132918,0.003748357245058287,0.0488037109375,0.7748350821435451,58.654749751091,1.3863677978515625,5.283579349517822,-0.11605200171470642,0.22452114522457123,0.0,0.07784678786993027,0.10135989636182785,0.1133795902132988,-1.8446202278137207,-1.7980200052261353,-1.7742074728012085,0.0,1.0
487424,476,5,155.67573695398016,188.2,-0.003638923424296081,3.721474879980087,-1.1373934298753738,0.002745292913459707,0.028662109375,0.6251694411039352,39.011936569213866,-0.17804044485092163,4.827270030975342,-0.12504415214061737,0.22588428854942322,0.0,0.07904890179634094,0.10147694498300552,0.11271026730537415,-1.8422306776046753,-1.7977995872497559,-1.775529146194458,0.0,1.0
488448,477,6,200.6609120291195,201.33333333333334,-0.003945350286085158,6.628097939491272,-1.1390825659036636,0.006095775234280154,0.03720703125,0.7050227858126163,69.49301828145981,3.38840913772583,5.56417989730835,-0.14521409571170807,0.2295292168855667,0.0,0.07768905162811279,0.10024436563253403,0.11415330320596695,-1.8449337482452393,-1.800230860710144,-1.7726799249649048,0.0,1.0
489472,478,5,194.9623383021489,201.8,-0.004323501698672771,2.1875733956694603,-1.1452066719532012,0.0028828685797634536,0.039306640625,0.7699996367096901,33.08200821876526,0.8306918144226074,3.5668084621429443,-0.12434787303209305,0.2280757576227188,0.0,0.07901360839605331,0.1000434160232544,0.11412014067173004,-1.8423008918762207,-1.8006216287612915,-1.7727453708648682,0.0,1.0
490496,479,3,184.45653086945393,189.66666666666666,-0.003908858099021017,3.188793621957302,-1.1469810873270034,0.0034690022308495826,0.0349365234375,0.8054744705557824,42.561928677558896,2.012082576751709,4.148277282714844,-0.12479618936777115,0.2317572385072708,0.0,0.07805544883012772,0.099202461540699,0.11360938847064972,-1.844205379486084,-1.8022880554199219,-1.7737537622451782,0.0,1.0
491520,480,8,174.349025116968,200.25,-0.004716901713982225,4.2858766004443165,-1.14614996612072,0.006466046627610922,0.0545166015625,0.6660195581614972,31.641370987892152,0.09801821410655975,4.749623775482178,-0.11365053802728653,0.21700923144817352,0.0,0.07946532964706421,0.10087081789970398,0.11489450186491013,-1.8414030075073242,-1.7989845275878906,-1.771216869354248,0.0,1.0
492544,481,3,170.82891351874082,189.33333333333334,-0.003984078246867284,6.058114713430404,-1.1396269857883454,0.003875493901432492,0.031591796875,0.7342130839824677,63.861196184158324,2.542384147644043,5.634759902954102,-0.1436021775007248,0.23096954822540283,0.0,0.08088140934705734,0.10056131333112717,0.11276980489492416,-1.8385889530181885,-1.799587368965149,-1.775411605834961,0.0,1.0
493568,482,5,229.93708253208175,210.6,-0.0030761991743929683,4.826018914580345,-1.1436246275901794,0.004620298856752925,0.030908203125,0.805419197678566,43.514242267608644,1.184659481048584,5.671391487121582,-0.09572494029998779,0.2169870138168335,0.0,0.07963365316390991,0.10010083764791489,0.11296121031045914,-1.8410685062408447,-1.8005017042160034,-1.7750335931777954,0.0,1.0
494592,483,8,176.60342215187893,191.5,-0.003324443404562771,14.303591734170913,-1.148011600971222,0.0032945210026809947,0.0330078125,0.8058796025812626,63.702492761611936,-0.07373823970556259,8.023713111877441,-0.07636076956987381,0.22359566390514374,0.0,0.07715371996164322,0.09884912520647049,0.11211197078227997,-1.8459980487823486,-1.802993655204773,-1.7767107486724854,0.0,1.0
495616,484,4,136.1570317863229,172.5,-0.003973493666853756,2.758773110806942,-1.1558742344379425,0.004143328774080146,0.0395263671875,0.708919370174408,24.58915729522705,0.32874763011932373,3.7648508548736572,-0.1041330099105835,0.2356993854045868,0.0,0.07653186470270157,0.09749343246221542,0.11093930155038834,-1.8472343683242798,-1.8056718111038208,-1.7790272235870361,0.0,1.0
496640,485,5,171.1784479685884,183.6,-0.005760997027391568,2.485673965513706,-1.1595626562833785,0.004417822670075111,0.0488037109375,0.6564936138689518,29.380038475990297,-0.6683773994445801,3.8641440868377686,-0.11013072729110718,0.20749489963054657,0.0,0.07888510823249817,0.09809000045061111,0.11123032867908478,-1.8425562381744385,-1.8044828176498413,-1.7784522771835327,0.0,1.0
497664,486,7,153.52919962731383,181.14285714285714,-0.005324374861083924,6.108759748935699,-1.1556778043508529,0.0033271843116381206,0.0490966796875,0.7650895446538926,58.248453569412234,0.9860414862632751,5.800257205963135,-0.10719712823629379,0.22472703456878662,0.0,0.08074090629816055,0.09818091988563538,0.11041030287742615,-1.8388681411743164,-1.8043084144592285,-1.7800723314285278,0.0,1.0
498688,487,4,166.87082480874602,178.75,-0.004552599706221372,5.8391010239720345,-1.15608249604702,0.008337534667225555,0.0572998046875,0.813140020519495,48.768957185745236,0.7209093570709229,5.539103031158447,-0.13043911755084991,0.2239357829093933,0.0,0.08235985040664673,0.09824230521917343,0.10994622111320496,-1.8356517553329468,-1.804169774055481,-1.7809892892837524,0.0,1.0
499712,488,5,232.58637935938697,226.2,-0.0038474390981718897,5.032314905524254,-1.157517394423485,0.004353546354104764,0.035205078125,0.7291994214057922,33.573338580131534,1.0112621784210205,5.265307903289795,-0.08603318780660629,0.21767327189445496,0.0,0.08268241584300995,0.09733074903488159,0.11014316976070404,-1.8350110054016113,-1.8059741258621216,-1.7806001901626587,0.0,1.0
500736,489,7,170.1503158530677,200.71428571428572,-0.005092140636406839,5.257909366488457,-1.1643973678350448,0.0041930299310479315,0.0461181640625,0.6579276479780674,44.23770506381989,0.9101781249046326,5.252340793609619,-0.08564796298742294,0.21115800738334656,0.0,0.08403751254081726,0.09616482257843018,0.10844182968139648,-1.8323194980621338,-1.8082809448242188,-1.7839624881744385,0.0,1.0
501760,490,2,172.65060308775384,197.5,-0.00349582745693624,3.0777040526270865,-1.1712305128574372,0.0019065502507146447,0.0373046875,0.7889238320291042,45.33169784545898,2.398930072784424,4.125128746032715,-0.09534063190221786,0.2049475759267807,0.0,0.0845382809638977,0.0950351431965828,0.10712944716215134,-1.8313250541687012,-1.8105162382125854,-1.7865569591522217,0.0,1.0
502784,491,6,216.50504995671486,212.83333333333334,-0.005335730453953147,6.261633870005608,-1.1753885298967361,0.0025664852597401477,0.0419677734375,0.7264234736561775,39.86569635868072,0.4403217136859894,5.31509256362915,-0.09880314022302628,0.21180525422096252,0.0,0.08648684620857239,0.09492910653352737,0.10541892051696777,-1.8274562358856201,-1.8107267618179321,-1.7899397611618042,0.0,1.0
503808,492,5,201.91593522961116,215.4,-0.0042787041398696605,6.148778334259987,-1.1784172296524047,0.003340825885243248,0.03564453125,0.6903833225369453,46.40628898143768,0.9309529066085815,5.764078617095947,-0.10201526433229446,0.22851784527301788,0.0,0.08582635968923569,0.09391719847917557,0.10455905646085739,-1.8287675380706787,-1.8127187490463257,-1.7916406393051147,0.0,1.0
504832,493,5,207.34139376006524,206.6,-0.00491357893915847,3.6459154903888704,-1.1828824490308762,0.002305197625537403,0.037451171875,0.7494029454886914,35.65503330230713,2.2724103927612305,4.144896984100342,-0.0814959704875946,0.21148020029067993,0.0,0.08654763549566269,0.09332030266523361,0.10352171957492828,-1.8273355960845947,-1.8139086961746216,-1.7936930656433105,0.0,1.0
505856,494,6,177.1948706462061,194.33333333333334,-0.00515416762791574,2.300257456302643,-1.1842952758073806,0.00623434809531318,0.07939453125,0.789211118966341,34.754488098621366,0.7893692851066589,3.901160478591919,-0.0887574627995491,0.21655793488025665,0.0,0.08674782514572144,0.09362340718507767,0.1041974276304245,-1.826938271522522,-1.8133200407028198,-1.792356014251709,0.0,1.0
506880,495,3,169.4264230273935,185.0,-0.0025326736969873307,1.5528897501528263,-1.186944854259491,0.004191049368819222,0.0193359375,0.6947305552661419,31.86178002357483,1.967649221420288,3.1074061393737793,-0.08561969548463821,0.20344166457653046,0.0,0.0854245275259018,0.09200026839971542,0.10271110385656357,-1.8295652866363525,-1.8165289163589478,-1.7952971458435059,0.0,1.0
507904,496,5,217.81534781696928,230.2,-0.0044599081156775355,4.748959895968437,-1.1962222546339034,0.004879793580039404,0.0446044921875,0.7170971415936946,61.91893131732941,1.6935863494873047,5.499420166015625,-0.08569812029600143,0.19470885396003723,0.0,0.08627641201019287,0.09106799960136414,0.10000722110271454,-1.8278740644454956,-1.8183683156967163,-1.8006497621536255,0.0,1.0
508928,497,3,235.67440771421818,262.0,-0.004297869268339127,4.159637238830328,-1.1982264041900634,0.003203333432611544,0.0352783203125,0.7081294521689415,71.06401667594909,3.2002410888671875,5.028244972229004,-0.1098964512348175,0.21370160579681396,0.0,0.08797044306993484,0.09098336845636368,0.09699767827987671,-1.8245115280151367,-1.8185325860977173,-1.8066108226776123,0.0,1.0
509952,498,8,211.14397109551132,210.25,-0.006675295834429562,5.190688692033291,-1.197881430387497,0.0039640821472858075,0.0676513671875,0.8421383120119572,43.83143727779388,1.4505366086959839,5.542056083679199,-0.1012798547744751,0.21563643217086792,0.0,0.08918429166078568,0.0911865159869194,0.09398459643125534,-1.8221027851104736,-1.8181318044662476,-1.81258225440979,0.0,1.0
510976,499,4,148.05946397524139,168.75,-0.0036473067477345465,3.4328173980116845,-1.1999463707208633,0.0039248004162800495,0.0330322265625,0.6899644419550895,37.94395108222962,1.1106488704681396,4.396598815917969,-0.12367767840623856,0.21922220289707184,0.0,0.0887458398938179,0.09012410789728165,0.09104553610086441,-1.8229727745056152,-1.8202463388442993,-1.8184103965759277,0.0,1.0
512000,500,5,224.86924743946028,220.0,-0.005542918702121824,2.7431165128946304,-1.2060947000980378,0.006295365137339104,0.0512451171875,0.7888258680701256,35.72093515396118,1.7006139755249023,4.165496826171875,-0.11051461845636368,0.21616177260875702,0.0,0.08830364048480988,0.08964059501886368,0.09146757423877716,-1.8238502740859985,-1.8211936950683594,-1.8175733089447021,0.0,1.0
513024,501,7,148.7434716957412,181.14285714285714,-0.005544475803617388,13.889530470967292,-1.2078200221061706,0.0022962540548178366,0.05615234375,0.762973490357399,91.48447842597962,-2.5481796264648438,7.854699611663818,-0.1200728788971901,0.21777059137821198,0.0,0.08649276196956635,0.08921074867248535,0.0906001403927803,-1.8274445533752441,-1.82205331325531,-1.8192938566207886,0.0,1.0
514048,502,3,160.9192296758412,179.0,-0.005372348841046914,5.408271856606007,-1.2109333872795105,0.005815525107027497,0.0671875,0.7367309905588627,45.47494537830353,-0.6898536682128906,5.6266889572143555,-0.11479368805885315,0.22264643013477325,0.0,0.08596377819776535,0.088648222386837,0.0909394770860672,-1.828494668006897,-1.823165774345398,-1.8186208009719849,0.0,1.0
515072,503,7,188.8388296185019,200.28571428571428,-0.0036529643228277566,7.578733733296394,-1.2156237334012985,0.0027769169391831383,0.0371826171875,0.6994286864995957,53.17104847431183,-0.17173050343990326,6.288848876953125,-0.11241798847913742,0.2119029462337494,0.0,0.08372461795806885,0.0875459834933281,0.08965889364480972,-1.832940936088562,-1.8253542184829712,-1.821161150932312,0.0,1.0
516096,504,2,153.22247783590745,172.0,-0.0058429122378584,4.359062761068344,-1.2200626254081726,0.005300953723781277,0.0453369140625,0.8386389032006264,61.04797422885895,2.1633260250091553,4.7943806648254395,-0.11937859654426575,0.21325896680355072,0.0,0.08291535824537277,0.08728120476007462,0.08948340266942978,-1.8345482349395752,-1.8258767127990723,-1.8215093612670898,0.0,1.0
517120,505,7,206.09670209991512,210.0,-0.004839024262037128,1.2202012538909912,-1.2192574828863143,0.006188462341378908,0.0727294921875,0.6936132974922657,19.516075754165648,-0.03833344578742981,3.148634433746338,-0.11457674950361252,0.20805199444293976,0.0,0.08366972953081131,0.08794962614774704,0.09065662324428558,-1.8330498933792114,-1.8245569467544556,-1.8191817998886108,0.0,1.0
518144,506,7,195.01398609683432,201.85714285714286,-0.007120125833898783,5.517896419763565,-1.2189708292484283,0.003900829816120677,0.085546875,0.8192683927714824,48.56118037700653,1.6335418224334717,5.5238037109375,-0.12983982264995575,0.22087405622005463,0.0,0.08151452243328094,0.08687704801559448,0.09044203907251358,-1.8373310565948486,-1.8266805410385132,-1.8196074962615967,0.0,1.0
519168,507,5,175.2683909062977,191.2,-0.003847275662701577,6.370366500318051,-1.2271210908889771,0.0026310508328606375,0.0372802734375,0.7854238130152226,50.19904043674469,-0.7936620116233826,6.0065388679504395,-0.12514953315258026,0.22393086552619934,0.0,0.08061756938695908,0.08561291545629501,0.09025343507528305,-1.8391132354736328,-1.8291906118392944,-1.8199816942214966,0.0,1.0
520192,508,5,185.18718390628544,194.4,-0.002947320305975154,3.878205007314682,-1.2349582195281983,0.0016335343549144453,0.0265625,0.7926493883132935,34.42596536874771,-0.15719914436340332,4.917255878448486,-0.13174737989902496,0.21737906336784363,0.0,0.07829871028661728,0.08398941904306412,0.08890672773122787,-1.843721866607666,-1.8324083089828491,-1.8226535320281982,0.0,1.0
521216,509,4,173.0888142868423,186.25,-0.003993803437333554,2.7429596900939943,-1.2411171466112136,0.004916044532728847,0.04736328125,0.8810845792293549,33.79535353183746,-1.384932279586792,4.071190357208252,-0.1114843487739563,0.21636994183063507,0.0,0.07784532010555267,0.08392312377691269,0.08775405585765839,-1.84462308883667,-1.8325514793395996,-1.8249410390853882,0.0,1.0
522240,510,7,176.2979360851144,198.28571428571428,-0.004865789145696908,7.906526654958725,-1.2443829149007797,0.005457781042787246,0.0499267578125,0.8195479273796081,74.38519032001496,1.8045742511749268,7.235470771789551,-0.10597332566976547,0.21249663829803467,0.0,0.07586220651865005,0.08237317949533463,0.08604352176189423,-1.848565936088562,-1.8356329202651978,-1.8283363580703735,0.0,1.0
523264,511,4,167.7340165140874,186.5,-0.004765350295929238,9.059274378418923,-1.2539163678884506,0.004311038118612487,0.0463134765625,0.7316331475973129,71.71067819595336,1.887586236000061,7.256180286407471,-0.13451148569583893,0.22470512986183167,0.0,0.07206568121910095,0.08107607811689377,0.08576531708240509,-1.856117606163025,-1.8382035493850708,-1.8288886547088623,0.0,1.0
524288,512,6,189.9763302289144,194.5,-0.006163789273705334,2.0241746954619884,-1.2619672924280168,0.0033257296759984455,0.04267578125,0.7830181516706943,28.79703869819641,-0.6570873856544495,3.429617404937744,-0.10872689634561539,0.2156277596950531,0.0,0.07002413272857666,0.07952748239040375,0.08513081818819046,-1.860180139541626,-1.8412933349609375,-1.830148458480835,0.0,1.0
525312,513,5,203.46270942157076,198.2,-0.00458048542495817,8.51157991886139,-1.2729775160551071,0.0071968507283600045,0.050341796875,0.8212675042450428,79.09971601963043,3.927926540374756,6.436784267425537,-0.09945952147245407,0.20255203545093536,0.0,0.06893641501665115,0.07751328498125076,0.08356337249279022,-1.8623452186584473,-1.8452962636947632,-1.8332611322402954,0.0,1.0
526336,514,5,202.32665964096412,216.8,-0.005822210968472063,4.85203195810318,-1.2837115317583083,0.005690208393207286,0.0466796875,0.819226548075676,50.14783127307892,1.6735605001449585,4.943425178527832,-0.10960971564054489,0.19989565014839172,0.0,0.06735368072986603,0.07586704939603806,0.0833849385380745,-1.8654959201812744,-1.848559021949768,-1.8336155414581299,0.0,1.0
527360,515,4,193.0213582714229,204.25,-0.004317501606419682,5.892131245136261,-1.2904907554388045,0.0037641719420207663,0.0378662109375,0.7716531977057457,40.35559184551239,-0.14181911945343018,5.320450305938721,-0.09525430202484131,0.20613378286361694,0.0,0.06457511335611343,0.07545525580644608,0.08319244533777237,-1.871029019355774,-1.8493894338607788,-1.8339979648590088,0.0,1.0
528384,516,7,177.97051953493445,194.14285714285714,-0.005989180423785001,8.787823462486267,-1.2922383069992065,0.006519524630857631,0.0619384765625,0.7473866567015648,40.30127973556519,-1.9592924118041992,5.755859851837158,-0.09907415509223938,0.2070924937725067,0.0,0.0627414733171463,0.07520066201686859,0.08526269346475601,-1.8746814727783203,-1.8498884439468384,-1.8298866748809814,0.0,1.0
529408,517,2,144.37978130710803,173.5,-0.005362674407660961,6.932162781059742,-1.294313868880272,0.0053429783511091955,0.0582763671875,0.8603961177170276,55.6493558883667,2.5042176246643066,5.682929992675781,-0.11939560621976852,0.22096918523311615,0.0,0.06126178056001663,0.07452252507209778,0.08529135584831238,-1.8776295185089111,-1.8512511253356934,-1.8298296928405762,0.0,1.0
530432,518,6,194.15452263517258,216.0,-0.005065415310673416,3.8702444404363634,-1.2973175942897797,0.005616444139741361,0.0572998046875,0.734029321372509,41.36959071159363,-0.34304818511009216,5.019380569458008,-0.12259595841169357,0.20378068089485168,0.0,0.060206539928913116,0.07460985332727432,0.08400042355060577,-1.8797322511672974,-1.8510674238204956,-1.8323931694030762,0.0,1.0
531456,519,7,164.2769031186614,191.28571428571428,-0.0053658114280551675,6.26560326218605,-1.2928883939981461,0.0049849472910864275,0.0635986328125,0.7851763293147087,58.99077091217041,0.606858491897583,6.537345886230469,-0.09479942172765732,0.219294935464859,0.0,0.06014362722635269,0.07592348009347916,0.0855506882071495,-1.8798575401306152,-1.848465919494629,-1.8293148279190063,0.0,1.0
532480,520,5,158.9636381337817,177.8,-0.004385351052042097,6.986655011773109,-1.2889840811491013,0.0077197277278173715,0.054736328125,0.7764258742332458,47.62560887336731,-0.675247311592102,6.048349857330322,-0.1066843643784523,0.20998303592205048,0.0,0.05829404667019844,0.07550477236509323,0.08531708270311356,-1.8835437297821045,-1.8492950201034546,-1.8297786712646484,0.0,1.0
533504,521,7,151.74737371173038,172.71428571428572,-0.005698824138380587,2.8139713793992995,-1.2932926297187806,0.005385913522331975,0.0486328125,0.7868686236441136,29.11552777290344,-1.0053693056106567,3.769277572631836,-0.11453789472579956,0.21672523021697998,0.0,0.05617312341928482,0.07482802122831345,0.084537573158741,-1.887771725654602,-1.8506509065628052,-1.8313264846801758,0.0,1.0
534528,522,5,195.03618580001324,190.0,-0.0036887513706460595,20.397113329172136,-1.2969800680875778,0.005043540392944123,0.05947265625,0.803706406801939,73.62487545013428,1.2478508949279785,8.655523300170898,-0.11453314870595932,0.21817447245121002,0.0,0.05792888253927231,0.07421337813138962,0.08424343168735504,-1.8842716217041016,-1.8518701791763306,-1.8319106101989746,0.0,1.0
535552,523,4,205.74869801766772,216.0,-0.004752929857932031,5.153023637831211,-1.3006478756666184,0.006229220076056663,0.060888671875,0.7640725433826446,58.419141960144046,1.7824089527130127,5.553802490234375,-0.1102655753493309,0.22005830705165863,0.0,0.05809049680829048,0.07361388951539993,0.08325274288654327,-1.8839495182037354,-1.8530478477478027,-1.8338781595230103,0.0,1.0
536576,524,5,155.7252693703005,175.4,-0.003964070999063552,2.147171899676323,-1.3039774507284165,0.0031690533418441192,0.0476318359375,0.8775381863117218,27.26603236198425,0.6552785038948059,3.442990303039551,-0.08938262611627579,0.2038441151380539,0.0,0.058272168040275574,0.07301948219537735,0.08270282298326492,-1.88358736038208,-1.8542327880859375,-1.834970474243164,0.0,1.0
537600,525,7,179.43264319959397,180.42857142857142,-0.0065210047992877666,7.988482347130775,-1.308283519744873,0.004992352904810105,0.073095703125,0.8116311021149158,59.85074069499969,0.8831782341003418,6.682774066925049,-0.10486739873886108,0.21025094389915466,0.0,0.059500694274902344,0.07212290912866592,0.0793500617146492,-1.881138801574707,-1.8560179471969604,-1.8416321277618408,0.0,1.0
538624,526,5,158.6572326195033,181.6,-0.0053048304165713486,5.684728172421456,-1.316345864534378,0.006120928283780813,0.056982421875,0.7363253451883793,41.497098970413205,1.2749472856521606,5.132716655731201,-0.10677891224622726,0.21048349142074585,0.0,0.058257900178432465,0.07019007205963135,0.07684136927127838,-1.8836158514022827,-1.8598626852035522,-1.8466190099716187,0.0,1.0
539648,527,5,232.76361196664894,219.8,-0.0055119709169957785,2.697293293476105,-1.326615309715271,0.0052361510446644385,0.0499267578125,0.806366465240717,38.06050658226013,2.4167463779449463,3.649841070175171,-0.11308272927999496,0.21795368194580078,0.0,0.05838378518819809,0.06907612830400467,0.07578185945749283,-1.8833649158477783,-1.8620723485946655,-1.8487257957458496,0.0,1.0
540672,528,6,178.86827083853905,184.16666666666666,-0.004960354819195345,11.02070472240448,-1.3307000070810318,0.0040221554110758005,0.0603759765625,0.8581654585897922,57.8990957736969,1.7218881845474243,7.661673545837402,-0.09715308994054794,0.19972233474254608,0.0,0.057686835527420044,0.06860197335481644,0.07442652434110641,-1.8847541809082031,-1.8630256652832031,-1.8514212369918823,0.0,1.0
541696,529,5,210.1983373372937,201.0,-0.00598677055677399,4.467138021439314,-1.3331738144159317,0.006390577317506541,0.0513671875,0.8056341148912907,52.61752321720123,2.3005130290985107,4.991424560546875,-0.08762398362159729,0.2083202749490738,0.0,0.058654166758060455,0.06833910197019577,0.07425715029239655,-1.8828259706497192,-1.863539218902588,-1.8517581224441528,0.0,1.0
542720,530,5,182.38646362751825,178.8,-0.004362884780857712,10.019106912612916,-1.335355943441391,0.006349964496621396,0.0430419921875,0.7702713318169117,64.58271718025208,4.777494430541992,6.287477970123291,-0.0928390845656395,0.20800523459911346,0.0,0.058786600828170776,0.06776788085699081,0.07414667308330536,-1.8825620412826538,-1.8646825551986694,-1.851977825164795,0.0,1.0
543744,531,6,204.9670943599324,202.5,-0.005499795905780047,3.5160765439271926,-1.3353811979293824,0.0028969627383048646,0.0373779296875,0.6956624381244183,45.76571681499481,1.455517292022705,4.784625053405762,-0.10811766237020493,0.2010180652141571,0.0,0.060511618852615356,0.06842031329870224,0.0732177346944809,-1.8791242837905884,-1.8633785247802734,-1.8538256883621216,0.0,1.0
544768,532,6,155.9147698096487,181.16666666666666,-0.0029215446033049376,3.9045409351587295,-1.3322456419467925,0.0043490971555002035,0.036279296875,0.7848663195967674,30.098228561878205,1.0147855281829834,4.2789740562438965,-0.10266711562871933,0.19922052323818207,0.0,0.061599571257829666,0.06852061301469803,0.0724436417222023,-1.8769564628601074,-1.8631821870803833,-1.8553656339645386,0.0,1.0
545792,533,4,194.29478263533136,200.0,-0.0059381169499829415,5.237861478328705,-1.3315504312515258,0.005684838657907676,0.0547607421875,0.6966956198215485,38.65078477859497,0.037289589643478394,5.354776382446289,-0.08907953649759293,0.1973446011543274,0.0,0.06499577313661575,0.06913373619318008,0.0737326592206955,-1.870191216468811,-1.8619498014450073,-1.8528013229370117,0.0,1.0
546816,534,5,180.46239394772437,190.8,-0.004090065718628466,2.5716444842517374,-1.3320564538240434,0.002669067725946661,0.0245361328125,0.7532903127372265,30.332822859287262,2.19596266746521,3.7107810974121094,-0.0867997407913208,0.19627128541469574,0.0,0.06365267187356949,0.06746270507574081,0.07319368422031403,-1.8728662729263306,-1.8652864694595337,-1.8538734912872314,0.0,1.0
547840,535,8,163.99425998467217,178.375,-0.0029531628708355127,6.988172161579132,-1.3411749809980393,0.002721133173326962,0.0269287109375,0.7524165011942386,43.256268811225894,-1.5838840007781982,5.5182976722717285,-0.08284572511911392,0.20440168678760529,0.0,0.0639667883515358,0.06711706519126892,0.07295805215835571,-1.872240662574768,-1.8659731149673462,-1.8543422222137451,0.0,1.0
548864,536,3,177.3465967869496,171.33333333333334,-0.007018585794139653,6.009253221750259,-1.3418446123600005,0.00637624350056285,0.0940185546875,0.7906322605907917,62.89456398487091,1.7143877744674683,5.338169097900391,-0.10798361152410507,0.20282459259033203,0.0,0.06371521204710007,0.06665516644716263,0.07186446338891983,-1.87274169921875,-1.8668874502182007,-1.856518030166626,0.0,1.0
549888,537,6,191.15255834067696,213.33333333333334,-0.005370080046122894,9.648357051610947,-1.3451261579990388,0.004993038164684549,0.0512451171875,0.8018469899892807,60.258426344394685,-1.3728059530258179,7.20723819732666,-0.07517681270837784,0.19642525911331177,0.0,0.06350161880254745,0.0663464143872261,0.07034773379564285,-1.8731671571731567,-1.8674997091293335,-1.8595361709594727,0.0,1.0
550912,538,6,160.43020160527942,190.33333333333334,-0.0050741072278469804,5.39337697327137,-1.3490816622972488,0.007165439911477734,0.063916015625,0.8949457451701164,53.35380675792694,1.6214368343353271,5.538222312927246,-0.09499701112508774,0.20574219524860382,0.0,0.062212854623794556,0.06502891331911087,0.06858596205711365,-1.875734567642212,-1.8701224327087402,-1.8630427122116089,0.0,1.0
551936,539,3,195.88889794068982,192.0,-0.005575776298064739,2.2937247402966023,-1.355201208591461,0.0030719585774932057,0.0516357421875,0.7356295987963677,25.50991733074188,-0.38576701283454895,3.800295352935791,-0.08307092636823654,0.19746285676956177,0.0,0.0607396736741066,0.0644800215959549,0.06822337210178375,-1.8786698579788208,-1.8712133169174194,-1.8637645244598389,0.0,1.0
552960,540,9,195.79631462923496,187.22222222222223,-0.00509554820600897,4.849372711777687,-1.357798421382904,0.0012817317401641048,0.0397705078125,0.8443405047059059,41.31051275730133,2.2735185623168945,5.01569938659668,-0.0877535417675972,0.2135406881570816,0.0,0.05885200574994087,0.06401174515485764,0.06865029036998749,-1.8824317455291748,-1.8721494674682617,-1.8629146814346313,0.0,1.0
553984,541,3,165.95285781777432,172.66666666666666,-0.0055088767316192385,4.90410575568676,-1.3620882481336594,0.005179906224657316,0.0501220703125,0.8076078556478024,55.75733454227448,0.7582930326461792,5.639636516571045,-0.09790762513875961,0.19426491856575012,0.0,0.0569959320127964,0.06307636201381683,0.06726624816656113,-1.8861314058303833,-1.8740100860595703,-1.865670084953308,0.0,1.0
555008,542,5,170.82092259425846,194.2,-0.005093606596346945,2.7387853391468524,-1.3641899257898331,0.007203507360827643,0.046337890625,0.7203157052397728,33.960199522972104,0.22287237644195557,4.3498759269714355,-0.0849367007613182,0.19738242030143738,0.0,0.05783560499548912,0.06359362602233887,0.06760860234498978,-1.8844575881958008,-1.872986912727356,-1.8649884462356567,0.0,1.0
556032,543,4,173.61932426510566,209.25,-0.004463924589799717,11.685512149333954,-1.3631168901920319,0.005883186213031877,0.057763671875,0.8634800374507904,66.82688565254212,2.5549814701080322,7.133371829986572,-0.10392114520072937,0.21995902061462402,0.0,0.058693189173936844,0.06325404345989227,0.06596192717552185,-1.8827482461929321,-1.873658537864685,-1.8682671785354614,0.0,1.0
557056,544,7,175.61592438639164,197.14285714285714,-0.003696050785947591,2.198975996673107,-1.3686164170503616,0.005415066824934911,0.0443115234375,0.779928782582283,19.851813435554504,0.30221208930015564,3.353003978729248,-0.08259715884923935,0.19879084825515747,0.0,0.05751051381230354,0.06160319969058037,0.06544899195432663,-1.8851056098937988,-1.8769550323486328,-1.8692885637283325,0.0,1.0
558080,545,6,185.40036258656957,170.83333333333334,-0.008203315897844732,4.612859278917313,-1.3761134535074233,0.00642313764692517,0.070068359375,0.8322254084050655,35.583188676834105,0.3713269829750061,4.972036838531494,-0.10796094685792923,0.2039312869310379,0.0,0.059229422360658646,0.06102167069911957,0.06389911472797394,-1.8816795349121094,-1.878103256225586,-1.87237548828125,0.0,1.0
559104,546,8,160.63849336655258,181.0,-0.004296600254019722,18.11207359433174,-1.377059930562973,0.004078942697378807,0.0550537109375,0.7272616311907768,74.01931958198547,-2.568089008331299,8.220687866210938,-0.09411311894655228,0.21310530602931976,0.0,0.05961272865533829,0.06113685294985771,0.06247098743915558,-1.8809155225753784,-1.877879023551941,-1.8752202987670898,0.0,1.0
560128,547,5,99.11315004372541,139.8,-0.004350724723190069,2.2287979647517204,-1.380565530061722,0.003902949651819654,0.0479736328125,0.7506178580224514,25.13774287700653,-0.8649983406066895,3.2834222316741943,-0.08599639683961868,0.19188997149467468,0.0,0.0579109825193882,0.05971807613968849,0.060913097113370895,-1.8843073844909668,-1.8807053565979004,-1.878324270248413,0.0,1.0
561152,548,7,125.98380461819193,158.0,-0.0043352094246074556,6.451723259687424,-1.3816819757223129,0.0059586440213024615,0.0495361328125,0.6196668826043605,45.31258721351624,-2.1438043117523193,5.751333236694336,-0.07804109156131744,0.20268510282039642,0.0,0.0590156652033329,0.061564136296510696,0.06318271160125732,-1.8821054697036743,-1.8770270347595215,-1.8738024234771729,0.0,1.0
562176,549,3,140.8174342968571,140.0,-0.00633609713986516,5.484644982218742,-1.3735751152038573,0.0059824587442562915,0.0643310546875,0.8411646023392677,79.35614566802978,2.5836915969848633,5.9979352951049805,-0.09100151807069778,0.19825170934200287,0.0,0.05714131519198418,0.0614437572658062,0.06394433975219727,-1.8858416080474854,-1.8772622346878052,-1.8722853660583496,0.0,1.0
563200,550,8,192.6980560201678,208.375,-0.005224251374602318,2.5323211789131164,-1.3771950125694274,0.0032796628918731587,0.04794921875,0.8132035739719867,18.188374328613282,-0.24097201228141785,3.616236925125122,-0.06579867005348206,0.20204055309295654,0.0,0.0545148104429245,0.0604858361184597,0.0638909563422203,-1.891078233718872,-1.8791780471801758,-1.872391700744629,0.0,1.0
564224,551,5,152.84522132179393,162.8,-0.005684099078644067,7.04871995151043,-1.3855525344610213,0.0038485080862301403,0.056005859375,0.8491517744958401,54.75591104030609,2.0178616046905518,6.212774753570557,-0.08329594880342484,0.20522278547286987,0.0,0.05353985354304314,0.05871585011482239,0.06149543821811676,-1.8930225372314453,-1.8827033042907715,-1.8771638870239258,0.0,1.0
565248,552,5,170.8453074399378,187.8,-0.005343297694344074,1.7621235325932503,-1.3941110730171205,0.004613358568167314,0.057080078125,0.7855433113873005,27.60185239315033,-0.7569547295570374,3.3784451484680176,-0.08652351051568985,0.2056763917207718,0.0,0.0534321628510952,0.05796124413609505,0.06159796193242073,-1.8932372331619263,-1.8842140436172485,-1.8769596815109253,0.0,1.0
566272,553,6,165.33108277620852,190.66666666666666,-0.004361087025608867,2.6028639495372774,-1.3976559162139892,0.00412553937494522,0.0433837890625,0.8064436905086041,29.262773156166077,1.045945167541504,3.6990604400634766,-0.08320888876914978,0.20012705028057098,0.0,0.05216612666845322,0.0572860948741436,0.060814566910266876,-1.895762324333191,-1.8855541944503784,-1.8785206079483032,0.0,1.0
567296,554,6,189.7184888754256,187.66666666666666,-0.004656336142215878,10.676595386862754,-1.4056180357933044,0.007321003561082761,0.0536376953125,0.8218416459858418,88.96130454540253,2.8043718338012695,8.017496109008789,-0.12065420299768448,0.2189924120903015,0.0,0.04817436635494232,0.05507552996277809,0.059195954352617264,-1.9037257432937622,-1.8899598121643066,-1.8817461729049683,0.0,1.0
568320,555,5,180.8447798551867,194.0,-0.004891925700940191,2.8388644099235534,-1.4140571117401124,0.006723583857819904,0.049365234375,0.7445594660937787,27.687781548500062,1.6413118839263916,3.9909508228302,-0.1167973056435585,0.2108609825372696,0.0,0.04997645318508148,0.05516989901661873,0.05877065286040306,-1.900130271911621,-1.8897743225097656,-1.8825938701629639,0.0,1.0
569344,556,3,176.32876929938345,182.33333333333334,-0.0049382038530893626,6.19018217921257,-1.4115788877010345,0.004584987348061986,0.03505859375,0.7498913384974003,46.62045764923096,2.240438938140869,5.189265251159668,-0.11936534196138382,0.20996282994747162,0.0,0.05200476944446564,0.05529019236564636,0.06084412708878517,-1.8960840702056885,-1.8895384073257446,-1.8784617185592651,0.0,1.0
570368,557,7,196.43549854882008,204.71428571428572,-0.005810732103418559,1.6988155409693717,-1.412923401594162,0.005170472827740013,0.05361328125,0.8113483414053917,18.59675178527832,0.2277747392654419,2.989680051803589,-0.11540555953979492,0.20888185501098633,0.0,0.05206931009888649,0.054856155067682266,0.05986058712005615,-1.8959554433822632,-1.890398621559143,-1.8804216384887695,0.0,1.0
571392,558,6,166.135950641649,187.5,-0.005899197061080485,8.318028780817986,-1.4143896847963333,0.006108950852649286,0.060693359375,0.7508729547262192,48.083670473098756,0.2835482954978943,6.290833473205566,-0.12114796787500381,0.21143262088298798,0.0,0.052978672087192535,0.054951976984739304,0.05849413201212883,-1.894141674041748,-1.8902077674865723,-1.8831449747085571,0.0,1.0
572416,559,6,154.38554276705773,170.16666666666666,-0.006465230497997254,5.731810744106769,-1.4132672637701034,0.004431526314874645,0.06611328125,0.82140022367239,43.412674236297605,-0.4160322844982147,5.487560272216797,-0.12211396545171738,0.20430099964141846,0.0,0.05292181670665741,0.054970886558294296,0.05866120010614395,-1.8942550420761108,-1.8901716470718384,-1.8828120231628418,0.0,1.0
573440,560,7,128.96482267313297,152.57142857142858,-0.004093621298670769,3.685359774529934,-1.4160672664642333,0.003114605751761701,0.0379150390625,0.7378594569861889,40.76015056371689,-1.7911525964736938,4.313701152801514,-0.10768554359674454,0.19413027167320251,0.0,0.05230210721492767,0.05410376191139221,0.05674738436937332,-1.895491123199463,-1.8918975591659546,-1.886626958847046,0.0,1.0
574464,561,6,166.98400364271882,164.16666666666666,-0.004864849295699969,2.7487957686185838,-1.4233349770307542,0.0037687125586671755,0.0349853515625,0.8619694732129574,37.07952589988709,0.2332446575164795,4.191378116607666,-0.11220375448465347,0.20186740159988403,0.0,0.050702858716249466,0.05234627053141594,0.05463795363903046,-1.8986810445785522,-1.8954062461853027,-1.8908326625823975,0.0,1.0
575488,562,6,150.08182844861423,164.83333333333334,-0.005602861219085753,1.8241215631365777,-1.4291977047920228,0.005558829790970776,0.06748046875,0.8315370976924896,25.859471380710602,-0.6514585614204407,3.3345727920532227,-0.11026551574468613,0.20384183526039124,0.0,0.05140574648976326,0.052897099405527115,0.05586078763008118,-1.8972790241241455,-1.8943061828613281,-1.8883944749832153,0.0,1.0
576512,563,5,176.41672096382692,180.6,-0.004304250841960311,4.88098754286766,-1.426195114850998,0.005249146354617551,0.0323486328125,0.6914352424442768,35.550256514549254,-1.3219956159591675,4.878368377685547,-0.10755743831396103,0.20155766606330872,0.0,0.05044131726026535,0.052634190768003464,0.0558699406683445,-1.899202823638916,-1.8948262929916382,-1.888376235961914,0.0,1.0
577536,564,5,157.4914505106379,186.0,-0.0046708936570212245,2.563162161409855,-1.4316528499126435,0.004914630168059375,0.04599609375,0.9008493639528752,34.089753699302676,1.5578913688659668,3.711988925933838,-0.1168903112411499,0.22016431391239166,0.0,0.047954872250556946,0.051249220967292786,0.055372435599565506,-1.9041637182235718,-1.897591233253479,-1.8893681764602661,0.0,1.0
578560,565,6,207.32772119282507,211.33333333333334,-0.005117067240644246,4.891076725721359,-1.435910701751709,0.0025473677698755635,0.048828125,0.8661124862730503,52.26641256809235,2.1175639629364014,4.8095622062683105,-0.1291407346725464,0.22022390365600586,0.0,0.04820006713271141,0.051174040883779526,0.05403820797801018,-1.9036744832992554,-1.8977432250976562,-1.8920286893844604,0.0,1.0
579584,566,6,167.0077038540248,185.66666666666666,-0.004710019240155816,4.611888700723648,-1.440312248468399,0.003756233854801394,0.0576904296875,0.7775699116289616,46.54177987575531,2.053894519805908,4.6256327629089355,-0.11888724565505981,0.20956452190876007,0.0,0.04807908087968826,0.049538061022758484,0.05071054399013519,-1.9039158821105957,-1.9010109901428223,-1.8986657857894897,0.0,1.0
580608,567,4,179.01461449169832,192.25,-0.004256001219619066,6.225583148002625,-1.4487824052572251,0.008608227272634394,0.070654296875,0.8544262856245041,47.48407523632049,1.8821064233779907,5.883875370025635,-0.12877748906612396,0.21495074033737183,0.0,0.04834569990634918,0.04891813173890114,0.04936246946454048,-1.9033838510513306,-1.9022397994995117,-1.9013551473617554,0.0,1.0
581632,568,7,172.60137174100944,172.28571428571428,-0.00628489195369184,19.934377127885817,-1.4480007350444795,0.007378269304172136,0.086083984375,0.6800681158900261,42.79561476707458,-0.5893797278404236,8.091559410095215,-0.10431170463562012,0.21455520391464233,0.0,0.049264006316661835,0.04990598186850548,0.05080556496977806,-1.901551604270935,-1.9002737998962402,-1.898476243019104,0.0,1.0
582656,569,6,179.68013263007336,177.66666666666666,-0.00645663586910814,3.9341179355978966,-1.4482153475284576,0.00726001206348883,0.047265625,0.8728623479604721,32.920598006248476,0.5285804867744446,4.909083843231201,-0.09989005327224731,0.2089901566505432,0.0,0.04654209315776825,0.0479532927274704,0.049670908600091934,-1.9069830179214478,-1.904166579246521,-1.9007397890090942,0.0,1.0
583680,570,4,182.8611702963307,202.25,-0.004046287818346173,5.226268094778061,-1.4578902155160904,0.0030841691623209044,0.03974609375,0.6856312111020089,43.204424595832826,1.828524112701416,5.064571380615234,-0.10648781061172485,0.20102760195732117,0.0,0.04391550272703171,0.04750555753707886,0.049849171191453934,-1.912225365638733,-1.9050630331039429,-1.9003841876983643,0.0,1.0
584704,571,6,184.4823319175866,190.33333333333334,-0.006045187811832875,11.37168607711792,-1.4561010330915451,0.006143636228807736,0.0772705078125,0.7582135401666165,52.06961736679077,-0.546593964099884,7.1625657081604,-0.11375391483306885,0.19899211823940277,0.0,0.044956229627132416,0.048590969294309616,0.05146447941660881,-1.910148024559021,-1.9028955698013306,-1.897161841392517,0.0,1.0
585728,572,5,141.59390061448224,162.2,-0.004161534446757287,5.886951714754105,-1.4550277173519135,0.004685693203646224,0.0430419921875,0.8762697771191597,42.68995358943939,1.3188546895980835,5.588465690612793,-0.1294100284576416,0.21247918903827667,0.0,0.04310547187924385,0.04706665500998497,0.05008123070001602,-1.9138424396514893,-1.9059373140335083,-1.899921178817749,0.0,1.0
586752,573,6,228.5377782714576,205.16666666666666,-0.008592281630262733,4.574026182293892,-1.4641741931438446,0.006384457102103625,0.08701171875,0.8816770009696484,32.97500548362732,0.09118953347206116,4.633695602416992,-0.12294136732816696,0.21626915037631989,0.0,0.04162841662764549,0.04624383524060249,0.050118338316679,-1.9167912006378174,-1.9075819253921509,-1.899847149848938,0.0,1.0
587776,574,6,157.63479044211826,172.83333333333334,-0.007090913585852831,2.9282849580049515,-1.4661603212356566,0.007442609968711622,0.0672607421875,0.8407656237483024,48.806725811958316,-0.7624191641807556,4.492111682891846,-0.1209835633635521,0.21145565807819366,0.0,0.041016872972249985,0.046183839440345764,0.05053093284368515,-1.918012261390686,-1.9076957702636719,-1.8990240097045898,0.0,1.0
588800,575,6,181.8959011170485,188.33333333333334,-0.004838322044815868,5.459118841588497,-1.4700348287820817,0.0022540150181157514,0.0416015625,0.8775126062333584,45.53864734172821,0.32688719034194946,5.597412586212158,-0.12441282719373703,0.21312382817268372,0.0,0.03973613306879997,0.04452268406748772,0.05021091550588608,-1.9205695390701294,-1.9110159873962402,-1.8996624946594238,0.0,1.0
589824,576,3,131.17188108039224,161.66666666666666,-0.005791299988050014,5.511068744957447,-1.481677994132042,0.006725259944505524,0.05556640625,0.9036374539136887,44.773565244674685,1.1076476573944092,5.555712699890137,-0.1180155947804451,0.20988519489765167,0.0,0.03943251445889473,0.04277276620268822,0.04838506877422333,-1.9211758375167847,-1.9145115613937378,-1.9033052921295166,0.0,1.0
590848,577,6,232.7500354812007,236.0,-0.006374971079640091,5.680497355759144,-1.4873620748519898,0.005421634837694001,0.0640625,0.8106632940471172,39.90002720355987,0.2067657858133316,5.496634483337402,-0.11396165937185287,0.21080376207828522,0.0,0.04008026048541069,0.04274507984519005,0.047733891755342484,-1.9198824167251587,-1.914561152458191,-1.9046046733856201,0.0,1.0
591872,578,7,165.71998269813716,185.57142857142858,-0.007037797663360834,5.071265015006065,-1.4854613721370697,0.008232325468270574,0.073779296875,0.8539287477731705,38.8669291973114,0.046348705887794495,5.106285572052002,-0.12024836987257004,0.2192661166191101,0.0,0.040357042104005814,0.043246228247880936,0.04890723526477814,-1.9193297624588013,-1.913558840751648,-1.9022634029388428,0.0,1.0
592896,579,6,131.17024019265705,160.83333333333334,-0.004253824334591627,6.770386803150177,-1.4827519834041596,0.002141685645619873,0.0467529296875,0.8320684395730495,49.32655816078186,-1.9684393405914307,5.530795574188232,-0.11931618303060532,0.204004168510437,0.0,0.03988519310951233,0.043403904885053635,0.050250425934791565,-1.920271873474121,-1.9132499694824219,-1.8995836973190308,0.0,1.0
593920,580,6,143.58412675122227,168.0,-0.004225652210880071,3.7610715731978415,-1.4822061717510224,0.005401878315024078,0.0471435546875,0.9167752861976624,33.88309624195099,-1.0987660884857178,4.428857803344727,-0.13656674325466156,0.21349769830703735,0.0,0.039853353053331375,0.04372212290763855,0.04925936833024025,-1.9203354120254517,-1.9126092195510864,-1.90156090259552,0.0,1.0
594944,581,4,168.37575157058808,178.75,-0.0044161937083117666,4.323045310378075,-1.4776553362607956,0.0034788325778208674,0.0381103515625,0.8100857980549335,45.36172230243683,-0.4473564624786377,5.600299835205078,-0.12729783356189728,0.20175743103027344,0.0,0.04266386106610298,0.044910967350006104,0.047394976019859314,-1.9147239923477173,-1.9102376699447632,-1.9052809476852417,0.0,1.0
595968,582,8,168.96681695518424,176.0,-0.007227076252456754,2.847546157240868,-1.474082624912262,0.003349994456220884,0.050390625,1.0049978405237199,33.595925426483156,0.6665135622024536,4.060673236846924,-0.13051389157772064,0.22534051537513733,0.0,0.042066872119903564,0.04426364228129387,0.04567032679915428,-1.915915846824646,-1.911527156829834,-1.9087227582931519,0.0,1.0
596992,583,4,142.40869282940218,168.25,-0.004568631527945399,3.813599543273449,-1.4797524064779282,0.002886605853564106,0.050634765625,0.7990884996950627,34.70583848953247,1.2577769756317139,4.179900646209717,-0.13179157674312592,0.20434027910232544,0.0,0.04103701561689377,0.04364028200507164,0.04528418928384781,-1.9179719686508179,-1.9127731323242188,-1.9094934463500977,0.0,1.0
598016,584,4,199.17239196497675,214.5,-0.005877300223801285,2.743699537962675,-1.4800173074007035,0.006420041040109936,0.0676513671875,0.9279308438301086,35.74898284673691,0.9632598161697388,3.8640594482421875,-0.11146465688943863,0.20477822422981262,0.0,0.0408596470952034,0.044522229582071304,0.04655499383807182,-1.9183261394500732,-1.9110177755355835,-1.9069572687149048,0.0,1.0
599040,585,7,204.7038930222919,207.42857142857142,-0.004011302872095257,3.625106552988291,-1.4745063960552216,0.005768167359929066,0.0477783203125,0.8400101117789746,42.57086932659149,1.4536291360855103,4.781833648681641,-0.10501458495855331,0.19825340807437897,0.0,0.04155559837818146,0.044901493936777115,0.04663969576358795,-1.9169366359710693,-1.9102588891983032,-1.9067882299423218,0.0,1.0
600064,586,4,228.68749107568567,215.0,-0.0058755455538630486,2.487276303768158,-1.47209230363369,0.004683638931601309,0.0460205078125,0.8852050095796585,38.1726749420166,1.8749902248382568,3.5373616218566895,-0.1217847391963005,0.21166588366031647,0.0,0.043670304119586945,0.045626867562532425,0.04689474403858185,-1.9127148389816284,-1.9088072776794434,-1.90627920627594,0.0,1.0
601088,587,5,204.19144723901292,220.4,-0.004558617493603379,2.315801753103733,-1.4702647477388382,0.00309576915751677,0.0445556640625,0.8451885186135769,26.73569655418396,0.3520052433013916,3.638111114501953,-0.10550942271947861,0.1995888203382492,0.0,0.04382331296801567,0.045103076845407486,0.0476507768034935,-1.9124094247817993,-1.9098583459854126,-1.9047704935073853,0.0,1.0
602112,588,4,127.82826645877877,165.0,-0.0038875920814462005,2.6454406827688217,-1.4741566240787507,0.0038406403284170663,0.04306640625,0.7837714299559593,28.79161629676819,-0.11519493162631989,4.116393089294434,-0.11007407307624817,0.20560291409492493,0.0,0.041749387979507446,0.04466451704502106,0.04792081564664841,-1.9165496826171875,-1.91073477268219,-1.9042316675186157,0.0,1.0
603136,589,8,187.8414584396502,196.375,-0.005063471250468865,7.403247186541558,-1.4754434794187545,0.007730267476290464,0.0636962890625,0.8874586708843708,42.18094522953034,0.6832115650177002,5.445563793182373,-0.09849739819765091,0.20694833993911743,0.0,0.04032457619905472,0.04454626142978668,0.049358244985342026,-1.9193944931030273,-1.910967469215393,-1.9013636112213135,0.0,1.0
604160,590,5,132.4844662314285,162.4,-0.00428204390918836,11.264875090122223,-1.4759318023920058,0.003289551804482471,0.0342041015625,0.8614535063505173,61.18942737579346,-2.916461229324341,6.457634925842285,-0.1089586541056633,0.2036323845386505,0.0,0.04139958322048187,0.04479976370930672,0.04999859631061554,-1.9172481298446655,-1.910462498664856,-1.9000860452651978,0.0,1.0
605184,591,6,136.97324215701454,163.5,-0.004404695809353143,6.431822596490383,-1.4761062264442444,0.003027346705493983,0.0576171875,0.935960853844881,47.848731541633605,-1.8238102197647095,5.788779258728027,-0.11872909218072891,0.20684152841567993,0.0,0.04131399095058441,0.044139306992292404,0.04920966550707817,-1.9174189567565918,-1.9117794036865234,-1.9016600847244263,0.0,1.0
606208,592,5,164.13112214033703,179.6,-0.005002267815871164,6.429200953245163,-1.48027822971344,0.002641384134767577,0.052490234375,0.9136908762156963,68.5162103176117,0.1699260026216507,6.3023223876953125,-0.11809996515512466,0.2062925398349762,0.0,0.041480500251054764,0.04348480701446533,0.04605493322014809,-1.9170866012573242,-1.9130884408950806,-1.9079551696777344,0.0,1.0
607232,593,6,167.60972058199076,188.0,-0.006859687180258334,3.5298218458890913,-1.4836359024047852,0.0054826318300911225,0.0810302734375,0.8942518584430218,32.94550654888153,0.19987517595291138,4.548996448516846,-0.13856853544712067,0.21808691322803497,0.0,0.0408661775290966,0.04303774610161781,0.046142496168613434,-1.9183131456375122,-1.9139800071716309,-1.907780408859253,0.0,1.0
608256,594,5,155.31402143155896,172.0,-0.005522172100609168,1.678836113959551,-1.486682015657425,0.0056615846930071715,0.0578125,0.8542002618312836,43.52455512285233,1.6015561819076538,3.4510953426361084,-0.13395021855831146,0.21932777762413025,0.0,0.03889072686433792,0.04253402724862099,0.0482211597263813,-1.9222577810287476,-1.914980411529541,-1.903632402420044,0.0,1.0
609280,595,5,180.2514215289285,195.2,-0.005623965128324926,6.987941363453865,-1.4878839403390884,0.002675886615179479,0.0470703125,0.8181203909218311,44.90099449157715,1.3582484722137451,5.760577201843262,-0.10392516851425171,0.21030457317829132,0.0,0.039189767092466354,0.04274498298764229,0.04817076772451401,-1.9216605424880981,-1.9145628213882446,-1.9037328958511353,0.0,1.0
610304,596,6,230.00037298616758,226.83333333333334,-0.00534204394207336,9.590198522806167,-1.4862989962100983,0.004040650962269865,0.072900390625,0.7637192867696285,52.82129955291748,1.6477769613265991,6.360536575317383,-0.10311484336853027,0.2135637253522873,0.0,0.038746606558561325,0.04289478063583374,0.047679200768470764,-1.9225455522537231,-1.9142686128616333,-1.904713749885559,0.0,1.0
611328,597,4,184.18653776760058,185.0,-0.004405044903978706,2.9948931597173214,-1.4888009518384933,0.002804213851050008,0.0408203125,0.861221618950367,39.86064109802246,0.5290132761001587,4.719011306762695,-0.11060696840286255,0.20343568921089172,0.0,0.03883226215839386,0.04175578057765961,0.047163449227809906,-1.9223744869232178,-1.9165420532226562,-1.9057430028915405,0.0,1.0
612352,598,6,179.90775776108777,198.66666666666666,-0.006846001802477986,2.556122301518917,-1.4933646023273468,0.007477153514628299,0.0747314453125,0.7234464816749095,23.173103868961334,-0.10142844915390015,3.7575948238372803,-0.10631918162107468,0.1914776712656021,0.0,0.03863031417131424,0.04186059534549713,0.0470014363527298,-1.922777771949768,-1.9163259267807007,-1.9060662984848022,0.0,1.0
613376,599,5,161.83032424355503,188.2,-0.004593894386198371,9.802424561977386,-1.4913534015417098,0.007420133911364246,0.0529541015625,0.7896507740020752,50.468066573143005,-0.6474564075469971,6.807069301605225,-0.10262758284807205,0.20313423871994019,0.0,0.037560705095529556,0.04226435348391533,0.046941060572862625,-1.9249138832092285,-1.9155254364013672,-1.906186819076538,0.0,1.0
614400,600,5,187.47812967031913,207.0,-0.005012945830821991,6.709857314825058,-1.4899856597185135,0.004067993695207406,0.0641357421875,0.8036717772483826,55.5771383523941,0.7635090947151184,6.168778419494629,-0.12239211797714233,0.2102222889661789,0.0,0.035581957548856735,0.04188808798789978,0.046738769859075546,-1.9288661479949951,-1.916277527809143,-1.906590461730957,0.0,1.0
615424,601,5,164.95872015316166,183.8,-0.004976681427797303,1.190894417092204,-1.490554890036583,0.00578656616708031,0.0491455078125,0.7917269341647625,21.24041247367859,0.14837895333766937,2.9506640434265137,-0.13257135450839996,0.21787375211715698,0.0,0.03534502908587456,0.04243992641568184,0.04805891960859299,-1.9293394088745117,-1.9151716232299805,-1.9039560556411743,0.0,1.0
616448,602,7,179.93932178892524,191.14285714285714,-0.004347499902360141,0.9411775127053261,-1.4935308903455735,0.003849788452498615,0.033740234375,0.8945162147283554,17.82483071088791,0.211946040391922,2.3929426670074463,-0.12807409465312958,0.21893569827079773,0.0,0.03256221488118172,0.04033353179693222,0.04610207676887512,-1.9348986148834229,-1.9193816184997559,-1.9078611135482788,0.0,1.0
617472,603,3,134.93633275967116,166.66666666666666,-0.0048770027235150335,2.2011600382626058,-1.5043535947799682,0.005344765867630485,0.0530029296875,0.8842442557215691,35.89180998802185,1.5641851425170898,3.801297903060913,-0.1388489454984665,0.21563602983951569,0.0,0.030502192676067352,0.039461370557546616,0.04716527834534645,-1.9390145540237427,-1.9211196899414062,-1.9057393074035645,0.0,1.0
618496,604,6,203.4529592898435,217.0,-0.004401761898770928,3.505400910973549,-1.5101547569036484,0.003718270247918554,0.041455078125,0.7271587461233139,31.41810748577118,1.9453256130218506,3.763233184814453,-0.11836833506822586,0.21384774148464203,0.0,0.030932996422052383,0.03808329626917839,0.04549228772521019,-1.9381537437438965,-1.9238762855529785,-1.9090781211853027,0.0,1.0
619520,605,5,231.35121599390177,212.2,-0.00440994695527479,4.244879774749279,-1.5139820843935012,0.0026496681632124817,0.0437744140625,0.8944209352135658,54.11596655845642,1.8760194778442383,5.263143062591553,-0.13042862713336945,0.22330407798290253,0.0,0.03229698911309242,0.03862714767456055,0.04420824348926544,-1.935428500175476,-1.9227843284606934,-1.9116411209106445,0.0,1.0
620544,606,6,161.67719539922211,184.66666666666666,-0.004015574418008328,4.8091716974973675,-1.5112041980028152,0.004021496546920389,0.059375,0.7953739538788795,32.419669890403746,-0.646475076675415,5.108198165893555,-0.1323709636926651,0.20218433439731598,0.0,0.03419556841254234,0.038616977632045746,0.04197819530963898,-1.9316354990005493,-1.9228034019470215,-1.916092872619629,0.0,1.0
621568,607,6,184.76725298721416,197.66666666666666,-0.0045983366551809015,8.50527898967266,-1.5120710492134095,0.005955729313427582,0.0439453125,0.9014528974890709,44.19371106624603,-0.6493419408798218,6.200490474700928,-0.11735733598470688,0.2061673402786255,0.0,0.034417182207107544,0.03839920461177826,0.04294827952980995,-1.9311927556991577,-1.9232417345046997,-1.914156198501587,0.0,1.0
622592,608,6,151.11347284875117,173.0,-0.006985240447102114,2.8846298158168793,-1.5162797570228577,0.005630008033767809,0.06123046875,0.909012595564127,28.250970363616943,0.19164755940437317,3.9601783752441406,-0.12124979496002197,0.20663808286190033,0.0,0.033849574625492096,0.03714220970869064,0.043239012360572815,-1.9323266744613647,-1.9257482290267944,-1.9135758876800537,0.0,1.0
623616,609,4,156.70527480041818,182.75,-0.0029574051790405066,1.8033761374652386,-1.5209256619215012,0.006005660154914949,0.0336181640625,0.9452080629765988,20.922153878211976,0.046993404626846313,3.2282278537750244,-0.13979846239089966,0.20762747526168823,0.0,0.033906470984220505,0.03726125508546829,0.04274920001626015,-1.9322130680084229,-1.9255166053771973,-1.9145536422729492,0.0,1.0
624640,610,8,147.44700131380802,169.875,-0.005120040208566934,2.4088914453983308,-1.5219765543937682,0.004275246302131564,0.0582275390625,0.883294852823019,27.161687541007996,0.13782916963100433,4.038110733032227,-0.12357205152511597,0.21181663870811462,0.0,0.03263861685991287,0.03613574057817459,0.0412556491792202,-1.9347459077835083,-1.9277572631835938,-1.9175355434417725,0.0,1.0
625664,611,5,142.72030931638534,171.0,-0.0066850457224063575,1.2548399604856968,-1.5296787530183793,0.0013816641803714447,0.0780029296875,0.9073811575770379,21.762897956371308,0.7718120813369751,2.879145860671997,-0.11838101595640182,0.20823706686496735,0.0,0.03239842876791954,0.035016823559999466,0.03935480862855911,-1.9352258443832397,-1.9299925565719604,-1.9213310480117798,0.0,1.0
626688,612,7,192.50918816151196,195.57142857142858,-0.0036233190388884396,9.060388460755348,-1.5376440376043319,0.0008851161881466396,0.0221923828125,0.9433414056897164,61.56837720870972,3.1355645656585693,6.524194717407227,-0.11001867055892944,0.21256613731384277,0.0,0.031226545572280884,0.03331486135721207,0.03686869516968727,-1.9375672340393066,-1.9333966970443726,-1.9262959957122803,0.0,1.0
627712,613,5,153.98586420451147,166.0,-0.006441524683032185,14.710598462820053,-1.5484056144952774,0.005987048881070223,0.09892578125,0.9847554415464401,75.885932970047,0.28313302993774414,8.516087532043457,-0.14472047984600067,0.21217913925647736,0.0,0.02909962832927704,0.031809449195861816,0.03586450591683388,-1.9418171644210815,-1.936403751373291,-1.9283016920089722,0.0,1.0
628736,614,3,163.35830713938637,185.33333333333334,-0.006015016286983155,2.031552853435278,-1.5522926211357118,0.0036245110910385846,0.0439208984375,0.8729477062821388,33.95394126176834,1.962303638458252,3.142946720123291,-0.1462012380361557,0.21011102199554443,0.0,0.02791530080139637,0.032117921859025955,0.036910656839609146,-1.9441839456558228,-1.9357844591140747,-1.926212191581726,0.0,1.0
629760,615,7,163.92957890125885,180.28571428571428,-0.004600353114074096,5.773569199442863,-1.5522822231054305,0.0065119447564939035,0.063134765625,0.8439797170460224,50.11495840549469,1.9095547199249268,5.719782829284668,-0.14771892130374908,0.23257888853549957,0.0,0.025650912895798683,0.03136506676673889,0.03708071634173393,-1.9487093687057495,-1.9372901916503906,-1.925872564315796,0.0,1.0
630784,616,5,192.2916121743271,200.2,-0.003909055230906233,1.7399012990295888,-1.5575115203857421,0.004761836248508189,0.03876953125,0.8982439003884792,23.61633368730545,0.7451546788215637,2.903388500213623,-0.13567481935024261,0.2266630381345749,0.0,0.0252337995916605,0.030415035784244537,0.036092981696128845,-1.9495431184768677,-1.9391921758651733,-1.9278453588485718,0.0,1.0
631808,617,5,179.4996889337476,196.2,-0.004676077887415886,3.4166488647460938,-1.565238469839096,0.0034627937886398284,0.04609375,0.8841363713145256,30.17679512500763,0.3728541135787964,4.251524925231934,-0.13224001228809357,0.21067680418491364,0.0,0.02196430042386055,0.028797684237360954,0.03391216695308685,-1.9560784101486206,-1.942423701286316,-1.932201623916626,0.0,1.0
632832,618,7,147.75735315110748,165.42857142857142,-0.007046446530148387,1.9012854859232902,-1.5711375057697297,0.010910190500726457,0.083251953125,0.8836965695023536,21.96367530822754,-0.12839576601982117,3.3456428050994873,-0.127788707613945,0.20323075354099274,0.0,0.02105291374027729,0.028869574889540672,0.03387247771024704,-1.9579004049301147,-1.9422796964645386,-1.9322808980941772,0.0,1.0
633856,619,5,125.28137028277119,157.2,-0.004807417123811319,2.0470110729336737,-1.5709076464176177,0.003994254324061331,0.0433349609375,0.9250941172242164,28.853279495239256,0.6030791997909546,3.6448404788970947,-0.12248468399047852,0.20840701460838318,0.0,0.019803866744041443,0.028077105060219765,0.032226283103227615,-1.960397481918335,-1.9438594579696655,-1.9355697631835938,0.0,1.0
634880,620,5,179.7573665966393,197.6,-0.004514084447873756,1.9571731403470038,-1.577203106880188,0.004148718755459413,0.047998046875,0.9934522762894631,26.552982926368713,0.698102593421936,3.421494960784912,-0.09001215547323227,0.19583465158939362,0.0,0.017555102705955505,0.02726217359304428,0.032782044261693954,-1.9648933410644531,-1.9454928636550903,-1.9344594478607178,0.0,1.0
635904,621,6,151.81328600332714,185.5,-0.005981183762196451,4.811502321064472,-1.5806475579738617,0.004367921066295822,0.0620361328125,0.8847248390316963,32.5423321723938,1.0496530532836914,4.910325050354004,-0.12068844586610794,0.2003486305475235,0.0,0.017650213092565536,0.02698846347630024,0.032838884741067886,-1.9647032022476196,-1.946036696434021,-1.9343458414077759,0.0,1.0
636928,622,7,162.86693391216664,187.0,-0.004052721231710165,2.8091474562883376,-1.5800828397274018,0.0038487288969918155,0.0410400390625,0.8983613811433315,31.668701016902922,1.052463173866272,3.833707332611084,-0.11990954726934433,0.209391787648201,0.0,0.01672600954771042,0.02744542621076107,0.03351859748363495,-1.9665510654449463,-1.9451266527175903,-1.932987928390503,0.0,1.0
637952,623,4,126.12663811919654,152.5,-0.007163950370159,3.083173280954361,-1.5763925045728684,0.005003038251015823,0.07080078125,0.8723858095705509,29.90860505104065,-0.14275339245796204,4.24432897567749,-0.11934057623147964,0.2035595178604126,0.0,0.015782922506332397,0.028140736743807793,0.03638191893696785,-1.9684367179870605,-1.9437369108200073,-1.9272682666778564,0.0,1.0
638976,624,7,190.05744083117045,212.57142857142858,-0.005814415740314871,8.381696105003357,-1.5771942049264909,0.005751977050385904,0.0881103515625,0.9161503501236439,55.95512328147888,1.1632381677627563,7.226517200469971,-0.10267368704080582,0.20159728825092316,0.0,0.014132576994597912,0.026864899322390556,0.035416215658187866,-1.9717366695404053,-1.9462887048721313,-1.9291971921920776,0.0,1.0
640000,625,4,160.68007641470007,172.75,-0.0048182349535636606,2.3173321589827536,-1.5848288834095001,0.005328127372195013,0.047607421875,0.8668951749801636,22.104052686691283,-0.08300575613975525,3.7328567504882812,-0.14575724303722382,0.22483672201633453,0.0,0.012508927844464779,0.0261634960770607,0.034060075879096985,-1.9749834537506104,-1.9476913213729858,-1.9319062232971191,0.0,1.0
641024,626,7,160.1566356583285,180.85714285714286,-0.006294726533815265,6.695935997366905,-1.5872043311595916,0.0076208142956602385,0.071484375,0.8792226858437061,44.109726548194885,-1.4687916040420532,5.426759719848633,-0.13898774981498718,0.21375776827335358,0.0,0.013183198869228363,0.0257224440574646,0.032439034432172775,-1.9736350774765015,-1.9485702514648438,-1.9351446628570557,0.0,1.0
642048,627,4,137.99660297813296,167.5,-0.005322738361428492,3.65098003000021,-1.5906712621450425,0.006275662286498118,0.0522705078125,0.9412040412425995,34.84132673740387,1.168185830116272,4.385024547576904,-0.14720195531845093,0.2233538031578064,0.0,0.013748007826507092,0.025010058656334877,0.030684422701597214,-1.9725056886672974,-1.9499942064285278,-1.938650369644165,0.0,1.0
643072,628,6,188.08531000402175,201.16666666666666,-0.005694015615154058,1.5528417930006981,-1.5950846880674363,0.0048344370719860304,0.06435546875,0.9747146010398865,25.389968311786653,0.666934609413147,3.392134189605713,-0.1359555870294571,0.2237350046634674,0.0,0.013760673813521862,0.024536946788430214,0.030220231041312218,-1.9724804162979126,-1.9509376287460327,-1.9395779371261597,0.0,1.0
644096,629,6,160.46889461109706,176.66666666666666,-0.006602832773933187,6.805807469785213,-1.596959388256073,0.00820557627157541,0.072412109375,0.8386560291051864,60.23613975048065,-0.31723323464393616,6.46101713180542,-0.11989804357290268,0.22508540749549866,0.0,0.013699812814593315,0.024524934589862823,0.02993660233914852,-1.972602128982544,-1.9509649276733398,-1.940144658088684,0.0,1.0
645120,630,5,131.66415320534844,156.8,-0.0036673540133051576,1.1345071151852608,-1.5970000326633453,0.0039520516103948465,0.031396484375,0.9131896361708641,22.739824628829957,0.38740310072898865,2.8519511222839355,-0.1448766589164734,0.21065159142017365,0.0,0.014571115374565125,0.023916661739349365,0.03013624995946884,-1.9708598852157593,-1.952175259590149,-1.9397457838058472,0.0,1.0
646144,631,5,219.7757020530466,221.2,-0.0036841302615357565,3.0989268690347673,-1.5961344331502914,0.0036646723572630437,0.0348388671875,0.8760675743222237,40.16979876756668,1.8684532642364502,4.536575794219971,-0.11629095673561096,0.21688418090343475,0.0,0.015355852432549,0.025373654440045357,0.03066359832882881,-1.9692907333374023,-1.9492658376693726,-1.9386919736862183,0.0,1.0
647168,632,6,185.2567972502976,195.16666666666666,-0.004824909870512784,2.0873711802065373,-1.5897945016622543,0.004690560991002712,0.0510009765625,0.9156182311475277,25.614831113815306,-0.40994274616241455,3.557711124420166,-0.11114735156297684,0.210804745554924,0.0,0.014799476601183414,0.025573469698429108,0.03174988180398941,-1.9704031944274902,-1.9488691091537476,-1.9365215301513672,0.0,1.0
648192,633,5,152.56484542263289,178.2,-0.004171936918282881,3.683908034861088,-1.5919872224330902,0.002634786487033125,0.0453125,0.9559148043394089,30.717497253417967,0.7304627895355225,4.650022983551025,-0.11905163526535034,0.2070980966091156,0.0,0.014581074006855488,0.02471924014389515,0.03117145597934723,-1.9708399772644043,-1.9505740404129028,-1.937677264213562,0.0,1.0
649216,634,5,180.73349125597036,202.4,-0.005816113238688558,8.414639669656754,-1.5950797379016877,0.005643654966843314,0.0575439453125,0.783855501562357,39.92646327018738,-0.1029808521270752,6.387370586395264,-0.12232774496078491,0.21661771833896637,0.0,0.016531992703676224,0.024982875213027,0.031967662274837494,-1.9669389724731445,-1.9500479698181152,-1.9360864162445068,0.0,1.0
650240,635,7,193.39345249704158,192.28571428571428,-0.005110312486067414,5.5758528634905815,-1.5943533837795258,0.004933523648651317,0.053564453125,0.9094725765287877,45.87356824874878,-2.128781795501709,5.3549017906188965,-0.13392724096775055,0.21461990475654602,0.0,0.014453761279582977,0.024460813030600548,0.031172115355730057,-1.9710944890975952,-1.951090693473816,-1.937675952911377,0.0,1.0
651264,636,5,163.81448725147416,182.0,-0.0045541596104158085,6.3217103853821754,-1.5975359320640563,0.0009065356658538804,0.030126953125,0.9001962192356586,54.74221348762512,2.2121009826660156,6.246522903442383,-0.11858014017343521,0.2073897421360016,0.0,0.011068434454500675,0.024067988619208336,0.03232013061642647,-1.9778640270233154,-1.9518781900405884,-1.9353822469711304,0.0,1.0
652288,637,4,137.38005450240337,177.25,-0.004846131335943938,9.271564634144307,-1.6059422373771668,0.004430932612740435,0.0350341796875,0.8840135559439659,62.33602983951569,2.15118670463562,7.6391072273254395,-0.13193589448928833,0.20167943835258484,0.0,0.005715764127671719,0.021093977615237236,0.0303287785500288,-1.9885685443878174,-1.9578214883804321,-1.9393610954284668,0.0,1.0
653312,638,5,186.72897495043293,207.6,-0.004673273349180817,4.070939646661282,-1.620659852027893,0.004009206096816343,0.0423095703125,1.0149998486042022,36.98130991458893,1.4214308261871338,4.785204887390137,-0.13018564879894257,0.21504168212413788,0.0,0.0031852941028773785,0.02000049315392971,0.029261182993650436,-1.9936294555664062,-1.9600070714950562,-1.941494345664978,0.0,1.0
654336,639,6,193.7824997940373,192.16666666666666,-0.005824808997567743,2.2359536297619345,-1.6306092977523803,0.005560246662935242,0.051025390625,0.9596084527671337,31.987195813655852,1.6382437944412231,3.5605385303497314,-0.15028797090053558,0.21265752613544464,0.0,0.0008827274432405829,0.01712067425251007,0.02654016576707363,-1.998234510421753,-1.9657645225524902,-1.946932077407837,0.0,1.0
655360,640,5,189.328263738775,203.4,-0.005800541245844215,5.370182198286057,-1.6403718888759613,0.005701070021314081,0.0615966796875,0.9978212893009186,35.08824801445007,1.1646627187728882,5.02232551574707,-0.126482754945755,0.22504489123821259,0.0,0.0023260742891579866,0.017556289210915565,0.02755468711256981,-1.9953478574752808,-1.964896559715271,-1.9449045658111572,0.0,1.0
656384,641,5,205.12895562027808,212.0,-0.006081548519432545,2.901126093417406,-1.6382552206516265,0.005689920042641461,0.056982421875,0.9175628818571567,29.381876087188722,1.2926087379455566,3.7609708309173584,-0.12078110128641129,0.21385817229747772,0.0,0.002018049592152238,0.017251087352633476,0.027418168261647224,-1.9959639310836792,-1.9655061960220337,-1.945177435874939,0.0,1.0
657408,642,5,203.43307933385404,210.2,-0.006541353045031428,2.862630083411932,-1.6406529277563096,0.0075359572496381585,0.069921875,0.95983160212636,35.20851686000824,1.607205867767334,3.9992237091064453,-0.12274634093046188,0.2170228362083435,0.0,2.834099723258987e-05,0.017037810757756233,0.02857300266623497,-1.9999433755874634,-1.9659322500228882,-1.9428695440292358,0.0,1.0
658432,643,5,175.74937595646531,204.8,-0.005351830006111414,4.821271158754826,-1.6427872359752655,0.005550005123950541,0.0656494140625,1.0343113131821156,54.59586610794067,0.9183023571968079,5.261500835418701,-0.1409643143415451,0.22547410428524017,0.0,-0.0013265860034152865,0.01620493084192276,0.02688569575548172,-2.002653121948242,-1.967596411705017,-1.9462416172027588,0.0,1.0
659456,644,7,172.10165581716734,184.0,-0.005527010222431272,11.99125632941723,-1.6458053201436997,0.004545887630956713,0.0703369140625,0.9553523853421211,47.217562794685364,-1.929274320602417,6.881163597106934,-0.1576644629240036,0.2293209433555603,0.0,-0.0013159645022824407,0.016427092254161835,0.027495810762047768,-2.002631902694702,-1.9671545028686523,-1.9450222253799438,0.0,1.0
660480,645,4,132.9041825315152,150.25,-0.004201941745122895,1.0391228264197707,-1.6451977640390396,0.0024147794785676522,0.0547607421875,1.0623806282877921,19.39394199848175,-0.11396116018295288,2.710675001144409,-0.10156675428152084,0.2240961194038391,0.0,-0.004124618601053953,0.016032235696911812,0.027841437608003616,-2.008249282836914,-1.9679425954818726,-1.9443315267562866,0.0,1.0
661504,646,4,166.03392929241284,190.25,-0.006717334315180778,12.570314866304397,-1.6460840225219726,0.003874747868394479,0.0544189453125,0.9000561341643334,61.564693212509155,1.704445242881775,7.623535633087158,-0.10272892564535141,0.21457433700561523,0.0,-0.005519069265574217,0.016547134146094322,0.03034033812582493,-2.011038064956665,-1.9669140577316284,-1.939337968826294,0.0,1.0
662528,647,7,226.36342013008903,240.28571428571428,-0.007256277650594711,4.863011871278286,-1.643602341413498,0.0056402235102723354,0.074609375,0.9747787915170193,39.80555605888367,0.7717100977897644,4.858352184295654,-0.11983460187911987,0.22207538783550262,0.0,-0.0056349122896790504,0.016520176082849503,0.030446691438555717,-2.0112698078155518,-1.966969609260559,-1.939125418663025,0.0,1.0
663552,648,6,135.92522406423595,157.5,-0.0029999851249158382,13.857204031944274,-1.645243799686432,0.004977077932562679,0.0366455078125,0.9228677935898304,51.474965476989745,-1.1870797872543335,7.556532382965088,-0.1247451901435852,0.21048475801944733,0.0,-0.006851979997009039,0.01619088090956211,0.031113486737012863,-2.0137038230895996,-1.9676274061203003,-1.9377931356430054,0.0,1.0
664576,649,5,156.51795816260415,172.0,-0.00597985953791067,11.187010633945466,-1.646923479437828,0.0075470704105100594,0.0769287109375,0.9682116456329822,43.207439756393434,0.14569664001464844,6.970399379730225,-0.14737440645694733,0.21759991347789764,0.0,-0.009911106899380684,0.01592550426721573,0.033410511910915375,-2.0198216438293457,-1.9681587219238281,-1.9332038164138794,0.0,1.0
665600,650,7,172.89983191083425,181.85714285714286,-0.0065916463732719425,6.287185141444207,-1.6465432912111282,0.004542921710526571,0.06455078125,0.9061403825879097,32.406007862091066,-0.6641507148742676,5.55517578125,-0.11841508001089096,0.21955764293670654,0.0,-0.011031624861061573,0.016371138393878937,0.0349501371383667,-2.022062301635742,-1.9672718048095703,-1.9301282167434692,0.0,1.0
666624,651,4,188.9567026094015,180.0,-0.004376755165867508,10.664243698120117,-1.6467457324266435,0.006615479943866376,0.0609619140625,0.9928124569356441,45.333610916137694,-1.1757291555404663,6.68579626083374,-0.13190145790576935,0.220565527677536,0.0,-0.011228122748434544,0.015564304776489735,0.03371741622686386,-2.0224552154541016,-1.9688820838928223,-1.9325907230377197,0.0,1.0
667648,652,4,217.2027975585836,211.5,-0.004758478631265462,5.317594175040722,-1.6540653318166734,0.0077831281669205055,0.0539794921875,1.0236448675394059,60.19542219638824,0.946829617023468,6.1126484870910645,-0.11504562944173813,0.21651935577392578,0.0,-0.011926695704460144,0.013961762189865112,0.030987460166215897,-2.0238523483276367,-1.9720863103866577,-1.9380449056625366,0.0,1.0
668672,653,8,158.51409250555105,192.75,-0.005720257945358753,2.623303012549877,-1.6633612722158433,0.0062290748057421295,0.06572265625,1.0218418166041374,29.90032262802124,-0.23182828724384308,3.973130702972412,-0.10307857394218445,0.2214357554912567,0.0,-0.013184336945414543,0.012649435549974442,0.02896995283663273,-2.0263671875,-1.9747086763381958,-1.942076325416565,0.0,1.0
669696,654,7,134.34441027787562,165.85714285714286,-0.006798915553372353,18.20848250389099,-1.6658882558345796,0.004467458775616251,0.063525390625,0.8873061761260033,86.11895842552185,-0.047809720039367676,9.318438529968262,-0.13511301577091217,0.2387513518333435,0.0,-0.010806204751133919,0.013566534034907818,0.03041668049991131,-2.021611452102661,-1.9728752374649048,-1.939185380935669,0.0,1.0
670720,655,4,185.9388520523953,190.25,-0.0036166260484606027,3.501939456909895,-1.6608786672353744,0.003568904315761756,0.041064453125,1.029412929713726,34.39427758455277,0.9877486228942871,4.978160381317139,-0.12797555327415466,0.22144851088523865,0.0,-0.010231094434857368,0.013444864191114902,0.030467940494418144,-2.0204615592956543,-1.9731178283691406,-1.9390829801559448,0.0,1.0
671744,656,4,168.23259986385767,174.25,-0.005369519535452128,2.65466296300292,-1.6672128826379775,0.0029040139706921764,0.044921875,1.006851352751255,31.444346177577973,0.9237148761749268,4.16752290725708,-0.13544811308383942,0.21598361432552338,0.0,-0.013238408602774143,0.011568013578653336,0.0287962444126606,-2.026475191116333,-1.9768704175949097,-1.9424234628677368,0.0,1.0
672768,657,8,175.02919336034864,188.25,-0.004146467044483871,2.957213184982538,-1.675830852985382,0.003701786667807028,0.05966796875,0.9846083454787731,36.23625111579895,0.7850546836853027,4.527888298034668,-0.12290140241384506,0.23513160645961761,0.0,-0.013628129847347736,0.011103197932243347,0.028845088556408882,-2.027254581451416,-1.977799892425537,-1.9423258304595947,0.0,1.0
673792,658,7,141.15275989826313,162.71428571428572,-0.008161523006856441,16.54681578874588,-1.6753097742795944,0.0071356059037498195,0.1009033203125,0.8368015132844449,67.51503887176514,-1.1900171041488647,8.285528182983398,-0.14203359186649323,0.22834402322769165,0.0,-0.0129676703363657,0.011632290668785572,0.029648546129465103,-2.0259339809417725,-1.9767417907714844,-1.9407203197479248,0.0,1.0
674816,659,3,139.37259033033615,167.66666666666666,-0.00558158999774605,13.339028698205947,-1.6700055986642837,0.007962335679621901,0.069384765625,0.9698034308850765,70.70421121120452,-1.2136216163635254,7.850831031799316,-0.13018010556697845,0.22386029362678528,0.0,-0.011689897626638412,0.012796915136277676,0.029982291162014008,-2.023378849029541,-1.9744144678115845,-1.9400533437728882,0.0,1.0
675840,660,6,171.81346861883935,193.16666666666666,-0.005120481859194115,3.489230588078499,-1.6617239862680435,0.004237532823754009,0.046826171875,0.9632684670388698,26.13326303958893,0.9964059591293335,4.385009765625,-0.1283639818429947,0.2304777055978775,0.0,-0.009290389716625214,0.01442647259682417,0.02918228507041931,-2.018580198287964,-1.9711538553237915,-1.9416519403457642,0.0,1.0
676864,661,7,156.00775850381712,179.85714285714286,-0.005224209802690893,5.333622166514397,-1.6532888740301133,0.004047648403502535,0.0592529296875,0.8031526550650596,46.72756230831146,-1.1057847738265991,5.4768967628479,-0.10775176435709,0.21716994047164917,0.0,-0.008877708576619625,0.01551172137260437,0.030098244547843933,-2.0177550315856934,-1.9689871072769165,-1.939821720123291,0.0,1.0
677888,662,4,137.5046398349294,148.75,-0.002834102278575301,8.925327154994012,-1.6488871186971665,0.004628594552923459,0.03740234375,0.930438507348299,52.08054916858673,-2.112144947052002,6.120151519775391,-0.1277572065591812,0.21648360788822174,0.0,-0.00928852055221796,0.015747062861919403,0.029663994908332825,-2.0185766220092773,-1.9685159921646118,-1.9406894445419312,0.0,1.0
678912,663,8,166.94225557351834,194.625,-0.006349449977278709,3.2824976190924646,-1.646980157494545,0.008219930036284495,0.0665283203125,0.910764890909195,31.49681547880173,0.43474647402763367,4.407364845275879,-0.13957154750823975,0.21606381237506866,0.0,-0.006531405262649059,0.016403524205088615,0.028637109324336052,-2.0130627155303955,-1.967201590538025,-1.9427413940429688,0.0,1.0
679936,664,3,168.4462064777169,184.0,-0.004519530269317329,3.0827174186706543,-1.6453892230987548,0.0026369989282102324,0.0430419921875,0.9187997855246067,43.8850298166275,1.3170349597930908,4.299323081970215,-0.13567744195461273,0.21820446848869324,0.0,-0.005122988950461149,0.015925168991088867,0.027358315885066986,-2.0102458000183105,-1.9681572914123535,-1.9452970027923584,0.0,1.0
680960,665,6,166.3305669608205,195.5,-0.007648217683890834,5.359465460479259,-1.6493331372737885,0.009493419871432707,0.090283203125,0.9975580647587776,37.01476399898529,-0.45549076795578003,5.549983501434326,-0.1355840116739273,0.22530846297740936,0.0,-0.005741735454648733,0.015499130822718143,0.026995046064257622,-2.0114834308624268,-1.9690093994140625,-1.9460229873657227,0.0,1.0
681984,666,7,159.18111316256122,174.28571428571428,-0.006596049654763192,4.437576572597027,-1.649563378095627,0.005665458370640408,0.0759033203125,1.0338957853615285,45.300603699684146,-0.1601407527923584,5.241178512573242,-0.11985931545495987,0.22822803258895874,0.0,-0.005065441597253084,0.01574232056736946,0.02720622904598713,-2.0101308822631836,-1.9685224294662476,-1.945600986480713,0.0,1.0
683008,667,5,168.24038649665516,187.8,-0.004244974278844893,1.1903674043715,-1.653853863477707,0.002995867964637,0.03505859375,0.9131985649466514,18.241949093341827,0.3578721880912781,2.8616278171539307,-0.11725332587957382,0.22190025448799133,0.0,-0.007576735690236092,0.013591957278549671,0.02483822964131832,-2.015153169631958,-1.972822666168213,-1.9503337144851685,0.0,1.0
684032,668,4,179.1449156269195,189.0,-0.004158459545578808,2.641431384533644,-1.6658029168844224,0.00796349989832379,0.068896484375,0.9651318073272706,19.508392214775085,1.4216293096542358,3.6124346256256104,-0.1370435357093811,0.2069675624370575,0.0,-0.00854540802538395,0.01240201760083437,0.025137905031442642,-2.017090320587158,-1.9752012491226196,-1.9497348070144653,0.0,1.0
685056,669,8,177.28310808536756,194.875,-0.005511387239675969,7.235294491052628,-1.6723217964172363,0.0042668460082495585,0.0561767578125,0.8920339211821556,49.251169657707216,-0.18644189834594727,5.978730201721191,-0.1496402472257614,0.23444096744060516,0.0,-0.009681599214673042,0.011064979247748852,0.02377973310649395,-2.019362688064575,-1.977874755859375,-1.9524494409561157,0.0,1.0
686080,670,4,147.1112687948651,165.25,-0.005571320164017379,1.6769952677190303,-1.680173870921135,0.0075495585348107856,0.0604248046875,1.0067909367382526,22.608630728721618,0.16814719140529633,3.4950568675994873,-0.13218051195144653,0.22959722578525543,0.0,-0.01024740468710661,0.01001244131475687,0.024128973484039307,-2.020493984222412,-1.9799785614013672,-1.951751470565796,0.0,1.0
687104,671,8,143.04205098188964,170.0,-0.005791949271224439,6.614767757058144,-1.6862055122852326,0.0031335135019617153,0.0683349609375,0.9510967701673507,44.99993495941162,-0.5589558482170105,6.2683186531066895,-0.11264591664075851,0.2286238670349121,0.0,-0.012447450309991837,0.008864795789122581,0.026418134570121765,-2.0248935222625732,-1.9822745323181152,-1.9471759796142578,0.0,1.0
688128,672,3,139.41406831189343,158.0,-0.005390490405261517,9.085718429088592,-1.6888913184404373,0.007782931749534328,0.0728515625,0.883615005761385,57.26962378025055,-0.5609885454177856,6.98195743560791,-0.11681527644395828,0.22105063498020172,0.0,-0.012329578399658203,0.009526579640805721,0.027408404275774956,-2.024657964706421,-1.9809513092041016,-1.9451968669891357,0.0,1.0
689152,673,6,179.32410688062373,202.33333333333334,-0.007549932156689465,4.431047792732715,-1.6858404934406281,0.004564003873383626,0.0597900390625,1.0505663812160493,49.329081296920776,0.9113878011703491,5.639142036437988,-0.09540534019470215,0.23079416155815125,0.0,-0.011708643287420273,0.00924187432974577,0.025578157976269722,-2.02341628074646,-1.9815200567245483,-1.9488548040390015,0.0,1.0
690176,674,6,153.7825363054769,183.16666666666666,-0.005241185013437644,3.189352822303772,-1.6854244381189347,0.003443852566124406,0.0538330078125,0.908698595315218,30.185491156578063,0.26899170875549316,4.485223770141602,-0.13045553863048553,0.21733619272708893,0.0,-0.010813615284860134,0.010561119765043259,0.02655869908630848,-2.0216264724731445,-1.978882908821106,-1.9468951225280762,0.0,1.0
691200,675,5,166.14168790228928,193.0,-0.005303821963025257,2.4053415581583977,-1.682112243771553,0.0075668624820536936,0.060888671875,1.0305806182324886,36.25800697803497,2.029717445373535,3.7374684810638428,-0.12271320074796677,0.23159414529800415,0.0,-0.012730092741549015,0.009196649305522442,0.024117978289723396,-2.025458812713623,-1.9816094636917114,-1.9517734050750732,0.0,1.0
692224,676,5,225.4638240792072,216.8,-0.006587731302715838,2.8951737850904466,-1.6939047157764435,0.005842574477719608,0.055322265625,1.0102163702249527,34.67956498861313,-0.3201042413711548,4.375845909118652,-0.10596272349357605,0.21708963811397552,0.0,-0.013527484610676765,0.007224174216389656,0.0207515861839056,-2.0270533561706543,-1.9855540990829468,-1.9585027694702148,0.0,1.0
693248,677,4,160.24916099920017,182.5,-0.00456071800144855,4.613322168588638,-1.7011266231536866,0.005020682733447757,0.05986328125,0.9315827995538711,51.59803621768951,1.8221807479858398,5.2544379234313965,-0.12120964378118515,0.22108912467956543,0.0,-0.013890244998037815,0.007056955248117447,0.02101275511085987,-2.0277786254882812,-1.9858888387680054,-1.9579806327819824,0.0,1.0
694272,678,7,143.35830360083742,174.28571428571428,-0.004948796413373202,1.607720971852541,-1.7001574635505676,0.004732156699174084,0.05439453125,0.9810302555561066,24.25199064016342,-0.7488729953765869,3.160092353820801,-0.08632448315620422,0.21872083842754364,0.0,-0.014280264265835285,0.007220681291073561,0.020280934870243073,-2.0285584926605225,-1.9855607748031616,-1.9594436883926392,0.0,1.0
695296,679,6,173.2512667851013,197.0,-0.004682274186052382,4.221763099730015,-1.7022486954927445,0.002714963140897453,0.04501953125,0.9255749002099037,44.067457866668704,2.2670226097106934,4.77078914642334,-0.12128385901451111,0.22932203114032745,0.0,-0.01611337438225746,0.006375423166900873,0.01866537146270275,-2.03222393989563,-1.9872512817382812,-1.962673544883728,0.0,1.0
696320,680,4,175.14076411937643,191.75,-0.0051551525946706535,2.635378002375364,-1.7063700020313264,0.005002528565819375,0.059765625,0.9244015544652939,28.261671555042266,-0.9279106259346008,4.073734760284424,-0.15195347368717194,0.22434106469154358,0.0,-0.0170929916203022,0.005977798253297806,0.017859704792499542,-2.034182548522949,-1.9880460500717163,-1.9642844200134277,0.0,1.0
697344,681,6,201.24889685754115,215.5,-0.007003983645699918,2.8531567856669424,-1.711560282111168,0.004037527448963374,0.0710693359375,1.054028296470642,40.270743143558505,2.634629726409912,3.860130786895752,-0.11345554143190384,0.2531837224960327,0.0,-0.019627738744020462,0.0043153343722224236,0.016818679869174957,-2.039250373840332,-1.9913698434829712,-1.9663658142089844,0.0,1.0
698368,682,5,137.7479177338612,167.2,-0.005796606210060418,3.733385989814997,-1.7189082682132721,0.003966561028209981,0.0613525390625,0.9952402852475644,26.246628713607787,0.1165611743927002,4.580997467041016,-0.11495878547430038,0.23444092273712158,0.0,-0.019215073436498642,0.003958483692258596,0.016598934307694435,-2.0384254455566406,-1.9920830726623535,-1.9668052196502686,0.0,1.0
699392,683,6,180.87831717777684,197.83333333333334,-0.006921960122417659,1.5247034072875976,-1.7181536465883256,0.008630470267962664,0.076318359375,1.1215760603547096,23.324016213417053,1.4431415796279907,2.914806365966797,-0.12058032304048538,0.22794808447360992,0.0,-0.019086824730038643,0.004566464573144913,0.016717318445444107,-2.0381689071655273,-1.9908674955368042,-1.9665684700012207,0.0,1.0
700416,684,5,158.72142619869328,183.0,-0.00540196014335379,2.358127088844776,-1.7161064743995667,0.004619978506525513,0.05537109375,1.0098066091537476,27.604042208194734,0.3224886357784271,4.14900016784668,-0.11950790882110596,0.23533673584461212,0.0,-0.019513046368956566,0.00429505854845047,0.01643349416553974,-2.0390212535858154,-1.9914103746414185,-1.967136025428772,0.0,1.0
701440,685,6,188.44221879464635,207.0,-0.0056896594818681475,8.195174433290958,-1.7210605233907699,0.0062793031785986385,0.0568603515625,0.8973386339843273,46.485398817062375,2.08769154548645,6.028741359710693,-0.13701383769512177,0.23149539530277252,0.0,-0.020598510280251503,0.0027789596933871508,0.01504533737897873,-2.0411911010742188,-1.9944416284561157,-1.9699115753173828,0.0,1.0
702464,686,6,169.0187457849359,187.83333333333334,-0.005567004322074354,6.6091481178998945,-1.7297147274017335,0.00459634205326438,0.065673828125,1.0682411074638367,48.4202712059021,-0.3630373179912567,6.494838237762451,-0.11883103102445602,0.2309684455394745,0.0,-0.021815340965986252,0.001838051714003086,0.013835963793098927,-2.043623685836792,-1.9963226318359375,-1.97232985496521,0.0,1.0
703488,687,3,171.55252592343587,196.66666666666666,-0.005503041483461857,1.6280486479401588,-1.7310367822647095,0.006390115157410036,0.0588623046875,1.1146948024630547,22.340468871593476,-0.2860652804374695,3.3606717586517334,-0.11130836606025696,0.21025562286376953,0.0,-0.02358117140829563,0.0023738471791148186,0.01581164449453354,-2.0471537113189697,-1.9952512979507446,-1.9683793783187866,0.0,1.0
704512,688,6,175.0362620927527,191.83333333333334,-0.003736451538861729,2.82815952077508,-1.7287667214870452,0.0062756721075857055,0.060791015625,1.1358546182513236,26.340874445438384,0.8709373474121094,4.2020344734191895,-0.09873966127634048,0.2331121414899826,0.0,-0.023818913847208023,0.002269154181703925,0.015396093018352985,-2.047628879547119,-1.9954603910446167,-1.9692102670669556,0.0,1.0
705536,689,4,152.09001909494202,186.75,-0.005731193162500858,6.447050438821316,-1.729688075184822,0.003876894661516417,0.0435302734375,0.9788930401206016,37.82167999744415,-0.13614243268966675,5.721301555633545,-0.09710845351219177,0.2244109809398651,0.0,-0.02304103411734104,0.002293132711201906,0.016550254076719284,-2.0460739135742188,-1.9954123497009277,-1.966902494430542,0.0,1.0
706560,690,7,173.96975580820077,201.85714285714286,-0.004697443637996912,10.20198917388916,-1.728505837917328,0.005931808013701812,0.076123046875,0.9605243727564812,59.66422035694122,0.7095189094543457,7.583881378173828,-0.10066612809896469,0.240474671125412,0.0,-0.022264953702688217,0.0025380125734955072,0.015533325262367725,-2.044522523880005,-1.9949232339859009,-1.9689358472824097,0.0,1.0
707584,691,6,158.2748779488999,171.83333333333334,-0.005690565489931032,2.743755613267422,-1.7244237601757049,0.0034347318665822967,0.0481689453125,1.004690209031105,31.54393434524536,0.7362461090087891,4.4800920486450195,-0.11806771904230118,0.22577300667762756,0.0,-0.022386712953448296,0.0038935078773647547,0.018380897119641304,-2.0447659492492676,-1.9922126531600952,-1.9632422924041748,0.0,1.0
708608,692,5,173.63608117073096,195.4,-0.005186428688466549,2.5005467399954795,-1.7210508942604066,0.006313566707831342,0.052880859375,0.9446976229548454,32.845955312252045,2.089651107788086,4.247898101806641,-0.10569894313812256,0.2124396413564682,0.0,-0.024788103997707367,0.0030995698180049658,0.0176168754696846,-2.0495660305023193,-1.9937998056411743,-1.9647698402404785,0.0,1.0
709632,693,4,156.90082959171525,180.5,-0.005303344200365245,4.733624035120011,-1.727409964799881,0.007779069835669361,0.0596923828125,0.9669738717377185,40.73941910266876,0.8300772905349731,5.747424602508545,-0.1231403723359108,0.2124548852443695,0.0,-0.026938965544104576,0.002206943230703473,0.016905661672353745,-2.0538649559020996,-1.9955838918685913,-1.9661918878555298,0.0,1.0
710656,694,6,169.77652552076623,189.66666666666666,-0.006277810281608254,7.892639234662056,-1.7301685780286788,0.007828180647629778,0.089892578125,0.9343109518289566,42.1933091878891,-1.6622257232666016,5.759385585784912,-0.11919933557510376,0.21102045476436615,0.0,-0.02766019105911255,0.0023593574296683073,0.018772413954138756,-2.0553061962127686,-1.9952788352966309,-1.9624595642089844,0.0,1.0
711680,695,7,152.516686520895,174.14285714285714,-0.008612917806021868,2.3547755420207976,-1.73167724609375,0.00589257600804558,0.06259765625,1.0596725896000863,28.863355898857115,-1.1018049716949463,3.9010188579559326,-0.10361387580633163,0.2126515507698059,0.0,-0.03178854286670685,0.0010632689809426665,0.019895046949386597,-2.0635557174682617,-1.9978688955307007,-1.9602152109146118,0.0,1.0
712704,696,8,167.65732824229084,181.375,-0.00535408656578511,7.734269623458386,-1.7387174516916275,0.005390449173864909,0.04736328125,0.8982589080929756,54.39326899051666,2.602933406829834,6.495704174041748,-0.09622108191251755,0.2241031676530838,0.0,-0.033421747386455536,0.0006400762940756977,0.01981918141245842,-2.0668187141418457,-1.9987143278121948,-1.9603668451309204,0.0,1.0
713728,697,3,139.1104681055788,166.33333333333334,-0.0053050849703140555,1.84514487311244,-1.7381205290555954,0.004969147518568207,0.0452392578125,0.9814417853951454,22.874249005317687,-0.3948129415512085,3.6039812564849854,-0.09974391013383865,0.2083905041217804,0.0,-0.034529492259025574,0.0010515606263652444,0.020954562351107597,-2.0690314769744873,-1.997890591621399,-1.958096981048584,0.0,1.0
714752,698,5,150.52024184425707,185.0,-0.004787397495238111,1.3412214547395707,-1.7358393877744676,0.00391998773557134,0.041845703125,0.9575940780341625,17.00797646641731,0.7385121583938599,3.062744140625,-0.11949971318244934,0.20965872704982758,0.0,-0.03541779890656471,0.0012827074388042092,0.021612372249364853,-2.0708060264587402,-1.997428297996521,-1.9567819833755493,0.0,1.0
715776,699,6,180.21274593308706,179.0,-0.005450053024105728,2.5997111216187476,-1.7362904727458954,0.007210534135811031,0.0502685546875,1.1536381408572196,26.163445687294008,0.7505990266799927,3.795168876647949,-0.10759374499320984,0.2275642305612564,0.0,-0.035030610859394073,0.000920846767257899,0.019173638895154,-2.0700325965881348,-1.9981513023376465,-1.9616574048995972,0.0,1.0
716800,700,5,180.61591863908836,194.4,-0.005240328935906291,4.048597325384617,-1.7421717584133147,0.003292373062868137,0.0369873046875,0.9477042861282825,50.843853211402894,2.9991064071655273,4.221572399139404,-0.12020757049322128,0.22014808654785156,0.0,-0.0362657867372036,-0.0010297305416315794,0.017497647553682327,-2.0724997520446777,-2.0020511150360107,-1.96500825881958,0.0,1.0
717824,701,5,235.15967260614735,235.6,-0.00560388266458176,6.519034062325955,-1.752717924118042,0.007674410784966312,0.0739990234375,1.128238320350647,59.40598447322846,3.4078598022460938,6.195988655090332,-0.11626780033111572,0.2195739895105362,0.0,-0.03614109009504318,-0.0020478067453950644,0.015039649792015553,-2.0722508430480957,-2.0040862560272217,-1.9699230194091797,0.0,1.0
718848,702,7,152.7981149564209,163.0,-0.0057321478903759274,2.709978571534157,-1.7580352544784545,0.004002081649377942,0.058251953125,1.0049846306443215,31.992732125520707,-0.5085471272468567,4.30806303024292,-0.10456931591033936,0.2034091204404831,0.0,-0.03561946749687195,-0.0030373360496014357,0.013461568392813206,-2.0712087154388428,-2.0060653686523438,-1.9730784893035889,0.0,1.0
719872,703,6,174.66659225395566,187.33333333333334,-0.006937633058987558,3.9581331714987753,-1.7641581356525422,0.006261008347792085,0.0629150390625,1.0780251398682594,29.08635232448578,0.11037684977054596,4.5368804931640625,-0.10004649311304092,0.2209135890007019,0.0,-0.03485963121056557,-0.003842676989734173,0.01182148139923811,-2.0696909427642822,-2.007676601409912,-1.97635817527771,0.0,1.0
720896,704,3,155.42139755610114,165.66666666666666,-0.0060172865283675495,2.7547091782093047,-1.766371303796768,0.004974694913835264,0.0546875,1.0483244702219963,31.93412070274353,0.9417109489440918,4.186982154846191,-0.12311094999313354,0.2177225947380066,0.0,-0.03638124093413353,-0.004096112214028835,0.013108921237289906,-2.072730302810669,-2.0081825256347656,-1.9737836122512817,0.0,1.0
721920,705,7,187.13449473738447,205.14285714285714,-0.005395677022170276,2.244756401330233,-1.7703623861074447,0.005177176436700392,0.046044921875,0.9577439561486244,31.739482390880585,1.4332890510559082,3.85904598236084,-0.12371879816055298,0.22205807268619537,0.0,-0.03795548155903816,-0.005178842693567276,0.012078657746315002,-2.0758745670318604,-2.010345697402954,-1.975843906402588,0.0,1.0
722944,706,7,145.4876069113976,172.71428571428572,-0.005048538837581873,2.005995274335146,-1.7811815440654755,0.005881738978496287,0.0402099609375,1.0251614317297935,24.090244078636168,0.04848082736134529,3.7401633262634277,-0.12095724791288376,0.22210097312927246,0.0,-0.04094051569700241,-0.00766923138871789,0.010627699084579945,-2.0818352699279785,-2.01532244682312,-1.978745460510254,0.0,1.0
723968,707,4,148.02169229236515,180.5,-0.00516594378859736,4.226788967847824,-1.794759663939476,0.0040574383849161675,0.0582763671875,0.9911128863692283,34.1910462141037,0.8311841487884521,4.959778308868408,-0.11905433982610703,0.2113582044839859,0.0,-0.04316423833370209,-0.00951574556529522,0.009439107961952686,-2.0862748622894287,-2.0190136432647705,-1.981122374534607,0.0,1.0
724992,708,6,179.54939588742332,195.83333333333334,-0.0039322757336776705,17.554568976163864,-1.8036670863628388,0.007641333907668013,0.0687255859375,1.0772108003497123,73.56647458076478,0.409178227186203,9.20643138885498,-0.10080631822347641,0.21071551740169525,0.0,-0.04464111849665642,-0.010513905435800552,0.008928000926971436,-2.0892229080200195,-2.0210092067718506,-1.9821444749832153,0.0,1.0
726016,709,5,149.18243383856333,173.4,-0.0052892657986376435,2.639538249373436,-1.8065679758787154,0.0028552876610774547,0.049609375,0.9429549381136895,23.690431821346284,0.6244285702705383,3.6464061737060547,-0.14720271527767181,0.21760140359401703,0.0,-0.04433703050017357,-0.010597750544548035,0.00808938592672348,-2.088615894317627,-2.02117657661438,-1.9838216304779053,0.0,1.0
727040,710,7,162.07275084048666,182.28571428571428,-0.006001965067116544,3.1305841326713564,-1.8076295793056487,0.005646836193045601,0.06025390625,0.970298407971859,32.677650928497314,0.7159086465835571,4.352784633636475,-0.12060681730508804,0.22125712037086487,0.0,-0.04348950460553169,-0.010939974337816238,0.006738170050084591,-2.0869243144989014,-2.0218605995178223,-1.9865238666534424,0.0,1.0
728064,711,4,154.84521384359599,173.5,-0.005820736126042903,5.661384502053261,-1.8123014867305756,0.0036148512648651377,0.0662109375,1.0037794709205627,36.91415433883667,1.1443111896514893,5.4336724281311035,-0.11773326247930527,0.2182396799325943,0.0,-0.04405905306339264,-0.012250754982233047,0.005838919430971146,-2.0880610942840576,-2.0244827270507812,-1.9883222579956055,0.0,1.0
729088,712,5,165.93598920097506,189.6,-0.00468600083841011,3.0036688461899756,-1.8169821619987487,0.004615409299731255,0.059521484375,0.9014258094131946,46.85322375297547,-0.2443588227033615,4.665055751800537,-0.11327888816595078,0.20309442281723022,0.0,-0.04448734223842621,-0.01216299831867218,0.0065965778194367886,-2.088916063308716,-2.024306535720825,-1.9868069887161255,0.0,1.0
730112,713,8,153.0516609513897,174.0,-0.008881685347296298,6.411953684687615,-1.8157152950763702,0.009165972424671053,0.0953369140625,0.9022724032402039,51.35563552379608,-0.8450589776039124,5.869783401489258,-0.1249474510550499,0.2098887413740158,0.0,-0.04504101723432541,-0.01216810941696167,0.008296486921608448,-2.0900211334228516,-2.0243163108825684,-1.9834073781967163,0.0,1.0
731136,714,5,160.81126769390718,166.2,-0.005392720142845064,5.551729634404182,-1.8148525714874268,0.005114263840368949,0.052099609375,1.0120952665805816,55.282544946670534,2.240645408630371,5.3747758865356445,-0.11840607970952988,0.20944570004940033,0.0,-0.044985897839069366,-0.011609133332967758,0.010074567049741745,-2.0899112224578857,-2.0231986045837402,-1.9798516035079956,0.0,1.0
732160,715,5,162.54082842706248,183.6,-0.004235591471660883,1.258197656273842,-1.813142803311348,0.004400916851591319,0.047802734375,1.02383151948452,20.0034339427948,0.8953167200088501,2.9537909030914307,-0.1062282845377922,0.21458633244037628,0.0,-0.04552968963980675,-0.011924282647669315,0.00997349712997675,-2.090996503829956,-2.023827314376831,-1.9800536632537842,0.0,1.0
733184,716,5,159.44312078791725,193.4,-0.005240276182303205,3.681203791499138,-1.8163588374853135,0.0026273762676282788,0.0496826171875,0.9959858030080795,34.420375883579254,1.109800934791565,4.803108215332031,-0.11331560462713242,0.21237283945083618,0.0,-0.04677655175328255,-0.01254443172365427,0.009373662061989307,-2.093484878540039,-2.025066375732422,-1.9812532663345337,0.0,1.0
734208,717,5,157.81232842218537,163.8,-0.006657789461314678,8.415925964713097,-1.8210086613893508,0.007701707308297045,0.0917236328125,1.0646601974964143,56.58720135688782,1.2143440246582031,6.798177719116211,-0.10599038749933243,0.21162180602550507,0.0,-0.048034682869911194,-0.013334660790860653,0.010158623568713665,-2.0959954261779785,-2.026644468307495,-1.9796833992004395,0.0,1.0
735232,718,7,193.923087086847,207.71428571428572,-0.005392022640444338,3.7180750489234926,-1.8265840470790864,0.005896060510713142,0.054541015625,1.106693296134472,34.554235982894895,2.0935564041137695,4.684974670410156,-0.11988279968500137,0.20507775247097015,0.0,-0.04797467961907387,-0.014556977897882462,0.009975799359381199,-2.0958757400512695,-2.029090166091919,-1.9800490140914917,0.0,1.0
736256,719,6,168.1331335444302,185.66666666666666,-0.006164655234897509,5.687128499150276,-1.8325898230075837,0.006337155049550347,0.06533203125,1.0464309871196746,36.82344286441803,-0.1445906162261963,5.429509162902832,-0.13729673624038696,0.20978355407714844,0.0,-0.048604566603899,-0.01516680046916008,0.011225328780710697,-2.097132682800293,-2.030306577682495,-1.9775502681732178,0.0,1.0
737280,720,4,155.2022661706094,175.0,-0.005678608373273164,3.865409034490585,-1.8336164116859437,0.008974798861891032,0.0771240234375,1.299410066008568,23.847579836845398,-0.22010979056358337,4.081984043121338,-0.12351880222558975,0.2172010987997055,0.0,-0.04885460063815117,-0.014872345142066479,0.013827594928443432,-2.0976314544677734,-2.0297203063964844,-1.972346544265747,0.0,1.0
738304,721,7,156.92794635351476,180.14285714285714,-0.004426330479327589,5.089579871296882,-1.828686347603798,0.004030757138389162,0.0536376953125,0.9716679573059082,51.242991423606874,-1.447108268737793,5.264253616333008,-0.11973600834608078,0.20915967226028442,0.0,-0.04726912081241608,-0.013461378403007984,0.015244707465171814,-2.094467878341675,-2.0268988609313965,-1.969512939453125,0.0,1.0
739328,722,5,135.8486597704638,167.4,-0.006180045031942427,1.6907514981925487,-1.8243327021598816,0.004901271220296622,0.0771240234375,1.1725600689649582,17.894538712501525,0.5149173736572266,3.2968626022338867,-0.14164039492607117,0.21462054550647736,0.0,-0.049217600375413895,-0.013921220786869526,0.014622936956584454,-2.098355770111084,-2.027817964553833,-1.97075617313385,0.0,1.0
740352,723,5,174.15659826974456,194.6,-0.004243953002151102,2.6583052769303324,-1.8248903065919877,0.00153266366396565,0.0407958984375,1.0050452075898648,31.009182500839234,1.6985691785812378,3.9468917846679688,-0.14888520538806915,0.21076542139053345,0.0,-0.04904472455382347,-0.013171440921723843,0.015030347742140293,-2.098010778427124,-2.0263168811798096,-1.9699416160583496,0.0,1.0
741376,724,7,171.69484423562338,189.85714285714286,-0.006678771099541336,2.370364224165678,-1.8184340298175812,0.008022170422191267,0.088232421875,0.9551286645233631,26.55366669893265,-0.4472661316394806,3.9665846824645996,-0.15306119620800018,0.22346200048923492,0.0,-0.04772811383008957,-0.012013857252895832,0.017055639997124672,-2.095383882522583,-2.024005651473999,-1.9658920764923096,0.0,1.0
742400,725,4,162.17972216259676,174.75,-0.005511524621397257,10.040218111872672,-1.8165295004844666,0.007017812746926211,0.067724609375,0.98697954043746,56.93200297355652,0.8723218441009521,6.989540100097656,-0.13726793229579926,0.21846511960029602,0.0,-0.050034694373607635,-0.012593618594110012,0.016947073861956596,-2.0999860763549805,-2.025160789489746,-1.966109037399292,0.0,1.0
743424,726,6,191.7194580045558,193.16666666666666,-0.0048578182933852075,4.234379661083222,-1.8200013250112534,0.005262501562538091,0.060205078125,1.1103061228990554,39.76866557598114,1.7321813106536865,4.98014497756958,-0.13437436521053314,0.21511855721473694,0.0,-0.052474070340394974,-0.013083506375551224,0.017795350402593613,-2.1048519611358643,-2.0261363983154297,-1.964413046836853,0.0,1.0
744448,727,4,179.6215929541049,193.75,-0.004745324829127639,3.5468468256294727,-1.8254744470119477,0.004058166852337309,0.0614990234375,1.120899498462677,48.60075571537018,2.594074249267578,4.63032865524292,-0.13028760254383087,0.22917883098125458,0.0,-0.05581572279334068,-0.01462981104850769,0.018375637009739876,-2.111515760421753,-2.0292232036590576,-1.9632529020309448,0.0,1.0
745472,728,6,235.61713618991735,219.83333333333334,-0.0050073014746885745,5.992597964406014,-1.832067185640335,0.0026317553172702903,0.054248046875,1.0035901293158531,38.529453206062314,1.3772090673446655,5.637496471405029,-0.12326119095087051,0.2062782347202301,0.0,-0.05515507981181145,-0.014913283288478851,0.016899194568395615,-2.110198497772217,-2.0297915935516357,-1.9662048816680908,0.0,1.0
746496,729,6,195.66039836376714,203.0,-0.004572360194288194,5.0424699395895,-1.8315273493528366,0.006979844665329438,0.0526123046875,0.9848630949854851,38.231352913379666,1.045540690422058,5.122190475463867,-0.12929405272006989,0.22168859839439392,0.0,-0.05359907075762749,-0.014469962567090988,0.015957767143845558,-2.107095718383789,-2.028905153274536,-1.9680871963500977,0.0,1.0
747520,730,5,124.52085005673038,159.4,-0.00506039218744263,4.444171379506588,-1.8290005713701247,0.006642689798900392,0.063525390625,1.0442424416542053,34.194804668426514,-0.015652596950531006,5.150089740753174,-0.15482302010059357,0.21045725047588348,0.0,-0.052487123757600784,-0.014182017184793949,0.015780411660671234,-2.1048779487609863,-2.0283331871032715,-1.9684418439865112,0.0,1.0
748544,731,5,189.62982107100885,190.6,-0.004257780453190208,2.351120136678219,-1.8301418215036391,0.0043019402975915,0.046240234375,1.1866455584764481,24.421228766441345,0.38286498188972473,3.7496438026428223,-0.13109122216701508,0.21358656883239746,0.0,-0.05286736786365509,-0.01501838956028223,0.013739872723817825,-2.1056363582611084,-2.0300040245056152,-1.9725220203399658,0.0,1.0
749568,732,7,150.22643155613827,173.71428571428572,-0.004723408073186874,6.775779649615288,-1.8321153283119203,0.005427053546009119,0.054052734375,0.9530943408608437,37.73567657470703,-2.348529100418091,5.229287624359131,-0.11740968376398087,0.22470597922801971,0.0,-0.05169311910867691,-0.014222959987819195,0.012302285991609097,-2.1032941341400146,-2.028416395187378,-1.9753966331481934,0.0,1.0
750592,733,6,144.1110128822933,177.66666666666666,-0.0058756086917128416,5.829342105984688,-1.824802392721176,0.007654862238268834,0.060546875,1.1092234075069427,49.853146600723264,-1.1640655994415283,5.620921611785889,-0.09759464114904404,0.20870977640151978,0.0,-0.05211574211716652,-0.013043184764683247,0.013758334331214428,-2.1041371822357178,-2.0260565280914307,-1.972485065460205,0.0,1.0
751616,734,4,147.63916189468318,180.75,-0.0060191166790900755,2.438107763230801,-1.819278249144554,0.005415625392924994,0.076025390625,1.0287958666682244,24.360868334770203,0.3911932706832886,3.5741188526153564,-0.16081510484218597,0.233100026845932,0.0,-0.05155206844210625,-0.012385153211653233,0.012932895682752132,-2.103012800216675,-2.0247409343719482,-1.9741356372833252,0.0,1.0
752640,735,6,163.5483942022128,176.83333333333334,-0.006257265689782798,1.495369853079319,-1.8193353027105332,0.008185419432993512,0.0786865234375,1.052250698953867,20.416311705112456,-0.6743963956832886,3.1615071296691895,-0.14759153127670288,0.2134600728750229,0.0,-0.052578214555978775,-0.013043208979070187,0.012097851373255253,-2.1050596237182617,-2.0260555744171143,-1.9758055210113525,0.0,1.0
753664,736,7,168.35057778420398,183.85714285714286,-0.005098509218078107,2.2443862058222295,-1.8210293889045714,0.004532288045447785,0.044677734375,1.0904555708169936,21.743270230293273,-0.34592223167419434,3.6241650581359863,-0.12234976142644882,0.21074199676513672,0.0,-0.05036279186606407,-0.012840758077800274,0.011359065771102905,-2.1006405353546143,-2.0256526470184326,-1.9772828817367554,0.0,1.0
754688,737,4,162.24994730350284,194.0,-0.005755879916250706,4.511219127476215,-1.8198010921478271,0.007495364946953487,0.0760009765625,0.9586443118751049,42.91588543653488,0.30541735887527466,4.985875606536865,-0.14282619953155518,0.20443770289421082,0.0,-0.05191661790013313,-0.012756767682731152,0.013275493867695332,-2.1037399768829346,-2.025484085083008,-1.9734505414962769,0.0,1.0
755712,738,6,178.26551904107157,186.33333333333334,-0.004735288833035156,2.774458558857441,-1.8213962137699127,0.004924208512238693,0.0501708984375,1.031287531554699,35.40432249307632,0.8618870973587036,4.608931064605713,-0.16261501610279083,0.22297729551792145,0.0,-0.05199461430311203,-0.013655062764883041,0.01191838551312685,-2.103895664215088,-2.0272789001464844,-1.9761643409729004,0.0,1.0
756736,739,5,183.46568957722633,195.4,-0.003958260407671332,1.4118812538683414,-1.8233664482831955,0.0023685056192334743,0.034619140625,1.050139779597521,25.757754302024843,0.5610675811767578,2.7350940704345703,-0.14013265073299408,0.22101284563541412,0.0,-0.05113121122121811,-0.012839307077229023,0.009894835762679577,-2.102173328399658,-2.025648832321167,-1.9802110195159912,0.0,1.0
757760,740,5,171.7218917862208,198.2,-0.005542313266778365,3.2028433620929717,-1.8192465364933015,0.0023817381865228527,0.0428466796875,1.0618837460875512,47.818064427375795,2.7225840091705322,4.109030246734619,-0.13635624945163727,0.22349894046783447,0.0,-0.05225653573870659,-0.012786445207893848,0.010879590176045895,-2.1044180393218994,-2.025540590286255,-1.9782416820526123,0.0,1.0
758784,741,5,196.5136294776136,196.0,-0.005853891954757273,2.3273819491267203,-1.8205114394426345,0.004490897805953864,0.05810546875,1.006354733556509,23.215778028964998,1.3879985809326172,3.0529959201812744,-0.14045873284339905,0.21438460052013397,0.0,-0.052755411714315414,-0.01310682576149702,0.01215318776667118,-2.1054129600524902,-2.0261802673339844,-1.9756947755813599,0.0,1.0
759808,742,5,224.8545297269348,218.2,-0.006199240032583475,1.074264919385314,-1.8229641765356064,0.005531484096718486,0.063427734375,1.1018758825957775,20.217700684070586,0.7955433130264282,2.5631589889526367,-0.14073504507541656,0.2132154107093811,0.0,-0.05213642120361328,-0.013412869535386562,0.010727107524871826,-2.1041784286499023,-2.0267956256866455,-1.9785466194152832,0.0,1.0
760832,743,6,163.68222340814614,185.16666666666666,-0.004287687258329243,13.901927661895751,-1.8233989775180817,0.004826158573268913,0.0536865234375,0.8786239475011826,45.25987417697907,-0.6723427772521973,7.458863258361816,-0.1458452194929123,0.2060653567314148,0.0,-0.053421467542648315,-0.013156525790691376,0.010808408260345459,-2.106741428375244,-2.026278495788574,-1.978384017944336,0.0,1.0
761856,744,6,161.0874481210825,169.16666666666666,-0.005231729638762772,2.3780718952417375,-1.8221450209617616,0.008090739717590622,0.0746826171875,1.0083814240992068,23.034788393974303,-0.43581727147102356,3.7271969318389893,-0.141351580619812,0.2036718875169754,0.0,-0.05045557767152786,-0.013334318995475769,0.009514112025499344,-2.100825548171997,-2.0266406536102295,-1.9809722900390625,0.0,1.0
762880,745,8,156.5490787166604,171.875,-0.005703756702132523,3.957608063519001,-1.8230412542819976,0.005317124543944373,0.0614013671875,1.114316399395466,30.699605214595795,-0.008213639259338379,4.628520965576172,-0.14694122970104218,0.216545969247818,0.0,-0.049828846007585526,-0.013187143951654434,0.008700201287865639,-2.0995752811431885,-2.0263469219207764,-1.9826000928878784,0.0,1.0
763904,746,4,141.72571423866097,146.0,-0.005931767844595015,1.0173425283282995,-1.8230853050947189,0.005233060821774415,0.0443115234375,1.0121425271034241,19.375007927417755,0.9064176678657532,2.5293867588043213,-0.13690757751464844,0.20373304188251495,0.0,-0.04961047321557999,-0.01378705259412527,0.008171983063220978,-2.09913969039917,-2.0275466442108154,-1.983656406402588,0.0,1.0
764928,747,7,173.54132213983556,191.71428571428572,-0.004891715192934498,4.13507140725851,-1.8299908339977264,0.0031257830996764824,0.0510009765625,0.9343095913529396,39.608771848678586,-0.269694983959198,5.032110691070557,-0.1409698873758316,0.2144482135772705,0.0,-0.05197679251432419,-0.015372327528893948,0.006430641282349825,-2.1038601398468018,-2.030714750289917,-1.9871388673782349,0.0,1.0
765952,748,5,146.96615663316382,171.8,-0.004620552365668118,1.4588089048862458,-1.839154675602913,0.004831797153747175,0.0661376953125,1.0921271987259389,21.277267980575562,-0.7560110688209534,3.0220773220062256,-0.11981160193681717,0.20278097689151764,0.0,-0.05209611728787422,-0.016540445387363434,0.005520728882402182,-2.104098081588745,-2.033048629760742,-1.9889585971832275,0.0,1.0
766976,749,5,187.20888307565008,217.2,-0.004003565036691725,3.6620855420827865,-1.8434857785701753,0.006917528503981885,0.0481689453125,1.0397764459252357,33.2472205042839,1.2204089164733887,4.823988914489746,-0.0981808677315712,0.20462459325790405,0.0,-0.05159333720803261,-0.01676820032298565,0.004501583985984325,-2.103095293045044,-2.03350567817688,-1.9909968376159668,0.0,1.0
768000,750,3,152.86108765538998,175.0,-0.00415980068501085,0.8185811195522547,-1.844380271434784,0.0040576165411039256,0.047900390625,1.0673951387405396,19.09133896827698,1.009647011756897,2.3425581455230713,-0.15197214484214783,0.21529288589954376,0.0,-0.053036365658044815,-0.01713569276034832,0.004529573023319244,-2.105973482131958,-2.034238576889038,-1.9909409284591675,0.0,1.0
769024,751,8,186.03230113779748,190.5,-0.00624084296869114,4.748330461978912,-1.8439119070768357,0.006426070732413791,0.0656005859375,1.0953582540154456,34.631252229213715,1.2535793781280518,5.018574237823486,-0.11862573027610779,0.2142777293920517,0.0,-0.053090400993824005,-0.01630493998527527,0.0045964643359184265,-2.106081247329712,-2.0325748920440674,-1.9908071756362915,0.0,1.0
770048,752,7,153.90223719542817,185.57142857142858,-0.009694867866346612,6.607925918698311,-1.842210990190506,0.006813525831967126,0.1041259765625,1.0298386946320535,42.3128645658493,1.172112226486206,5.573494911193848,-0.12742304801940918,0.20958508551120758,0.0,-0.0541054829955101,-0.01716114766895771,0.002884745132178068,-2.108105421066284,-2.034287691116333,-1.9942305088043213,0.0,1.0
771072,753,3,154.0844545413785,160.0,-0.0027515947236679494,6.913559146225452,-1.8451469212770462,0.00357820411445573,0.039111328125,1.0524491243064404,37.34457020759582,-1.0091360807418823,5.765921592712402,-0.10907609015703201,0.19429737329483032,0.0,-0.05413437634706497,-0.016432110220193863,0.00426709558814764,-2.1081631183624268,-2.032827854156494,-1.9914658069610596,0.0,1.0
772096,754,6,151.7698023773702,178.5,-0.0043825992965139445,2.4375907249748705,-1.8424678295850754,0.004916328222316224,0.0466552734375,0.9472482092678547,29.254812848567962,0.988636314868927,4.046523571014404,-0.11802112311124802,0.20799311995506287,0.0,-0.055407118052244186,-0.01710125058889389,0.0037155430763959885,-2.110701084136963,-2.034165859222412,-1.9925689697265625,0.0,1.0
773120,755,4,163.43101270551657,183.25,-0.005141085351351648,8.371519812941552,-1.8481542259454726,0.005732070497469976,0.0656005859375,1.0022943533957005,42.68362925052643,-0.28111961483955383,6.127573013305664,-0.12124481052160263,0.20656830072402954,0.0,-0.057649120688438416,-0.01790510304272175,0.004604782443493605,-2.11517071723938,-2.03576922416687,-1.9907904863357544,0.0,1.0
774144,756,7,180.76593566941952,195.14285714285714,-0.0071708517847582694,1.2984437018632888,-1.8517540842294693,0.007714834027865436,0.0769287109375,1.0359585508704185,16.329186809062957,0.4646199345588684,2.7295777797698975,-0.11261691898107529,0.2006911337375641,0.0,-0.05777577683329582,-0.01838204450905323,0.004759213421493769,-2.1154232025146484,-2.0367226600646973,-1.9904816150665283,0.0,1.0
775168,757,8,154.5444884014854,174.75,-0.00546812666580081,3.956880137324333,-1.849949187040329,0.003990283337770961,0.0662109375,0.9976238183677196,30.50545463562012,-1.1814082860946655,4.182921886444092,-0.11318746209144592,0.1934496909379959,0.0,-0.0550362765789032,-0.016987735405564308,0.007368955761194229,-2.10996150970459,-2.0339369773864746,-1.985262393951416,0.0,1.0
776192,758,2,161.33308084294822,170.5,-0.005075736914295703,1.6295983768999576,-1.847739827632904,0.004706756846280769,0.0595947265625,1.1127795733511447,24.69154793024063,1.5713402032852173,2.957172155380249,-0.12832710146903992,0.2025252878665924,0.0,-0.056093789637088776,-0.018305817618966103,0.007642445154488087,-2.112070083618164,-2.036574125289917,-1.984715461730957,0.0,1.0
777216,759,7,193.71435723542803,209.57142857142858,-0.005603129116934724,2.815842865407467,-1.859794095158577,0.01043259730358841,0.0712890625,0.9661913841962815,30.61784255504608,1.0040481090545654,4.648045063018799,-0.12512589991092682,0.20656432211399078,0.0,-0.06019778177142143,-0.020814256742596626,0.0065687126480042934,-2.1202502250671387,-2.0415821075439453,-1.9868627786636353,0.0,1.0
778240,760,5,154.41155566035863,183.0,-0.006095278006978333,1.949687974154949,-1.8726391643285751,0.004773853202641476,0.06201171875,1.0136548087000847,29.87509294748306,-0.2434133142232895,3.6476643085479736,-0.10152878612279892,0.20315325260162354,0.0,-0.06310717761516571,-0.02218538336455822,0.0057881735265254974,-2.126047134399414,-2.04431414604187,-1.9884238243103027,0.0,1.0
779264,761,5,168.91201320921658,189.4,-0.004825827182503417,1.9938766703009605,-1.879300481081009,0.007177069431054406,0.0739013671875,1.021140769124031,26.00535260438919,1.052870750427246,3.7650578022003174,-0.12086804956197739,0.19563736021518707,0.0,-0.06487537175416946,-0.02336261235177517,0.004038877319544554,-2.1295690536499023,-2.046663999557495,-1.9919222593307495,0.0,1.0
780288,762,6,186.9085706238361,205.66666666666666,-0.004109407670330256,2.4003979198634626,-1.8865042239427567,0.0030533909142832273,0.0371337890625,1.0920846432447433,28.590743708610535,1.6134145259857178,3.5794565677642822,-0.12680725753307343,0.21082700788974762,0.0,-0.06572023779153824,-0.024475963786244392,0.001845971099101007,-2.131251573562622,-2.0488903522491455,-1.9963080883026123,0.0,1.0
781312,763,8,141.56696975821893,154.5,-0.004934898647479713,14.785343784093858,-1.889331904053688,0.004951638841885142,0.057373046875,0.8797738313674927,44.68957741260529,-2.457308292388916,7.32549524307251,-0.12352001667022705,0.20317044854164124,0.0,-0.06580570340156555,-0.024081675335764885,0.002530181547626853,-2.1314218044281006,-2.048098564147949,-1.9949396848678589,0.0,1.0
782336,764,2,176.65698465602867,195.5,-0.003660655301064253,2.248629619926214,-1.8836678206920623,0.005578805421828292,0.043701171875,1.1456158369779588,29.158238410949707,1.1379519701004028,3.8103630542755127,-0.1347421407699585,0.20106813311576843,0.0,-0.06422337144613266,-0.022740239277482033,0.004954028874635696,-2.128270387649536,-2.045421838760376,-1.9900920391082764,0.0,1.0
783360,765,7,189.52262702161946,203.57142857142858,-0.006311598332831636,2.6980217903852464,-1.879639121890068,0.0059311860968591645,0.076025390625,1.2636085331439972,30.099540424346923,1.4626288414001465,4.1548638343811035,-0.10309102386236191,0.20630128681659698,0.0,-0.06562625616788864,-0.023161964491009712,0.004600055981427431,-2.1310644149780273,-2.046259641647339,-1.990799903869629,0.0,1.0
784384,766,5,187.8960211241605,201.8,-0.004419658740516752,3.1884100154042243,-1.885243785381317,0.0049420903480495324,0.05517578125,1.1474231392145158,41.22531110048294,1.680337905883789,4.188835144042969,-0.08599463850259781,0.20234571397304535,0.0,-0.06734108179807663,-0.024313172325491905,0.0018668037373572588,-2.13447904586792,-2.0485599040985107,-1.9962663650512695,0.0,1.0
785408,767,4,203.2000722809198,202.0,-0.005997130204923451,5.934591868519783,-1.890900307893753,0.007657201349502429,0.0658447265625,1.1178319811820985,38.10884298086167,1.9413782358169556,6.052488803863525,-0.08346226066350937,0.18846528232097626,0.0,-0.06813903152942657,-0.024938851594924927,0.002977553056553006,-2.1360676288604736,-2.049807071685791,-1.9940448999404907,0.0,1.0
786432,768,5,199.43298110546414,221.6,-0.0054926776327192785,2.712464486062527,-1.897435337305069,0.0033184004481881858,0.0494873046875,1.0969440400600434,26.500295960903166,1.9892714023590088,3.4079556465148926,-0.1010643020272255,0.2022390514612198,0.0,-0.07034251093864441,-0.026797445490956306,0.0001034602100844495,-2.140453338623047,-2.0535173416137695,-1.9997930526733398,0.0,1.0
787456,769,5,170.19074402102333,190.2,-0.006906467711087316,3.5843678295612333,-1.9057465106248856,0.005740362641518004,0.094580078125,1.058662696182728,23.709304320812226,-0.696330726146698,4.22584342956543,-0.1268991082906723,0.20243299007415771,0.0,-0.0717850849032402,-0.027133239433169365,0.000997418537735939,-2.143324136734009,-2.0541841983795166,-1.9980051517486572,0.0,1.0
788480,770,4,157.5170152586154,184.0,-0.005659578397171572,3.834448803961277,-1.906515908241272,0.005852088431129232,0.06962890625,1.253625249862671,35.056466329097745,2.2262566089630127,4.736300468444824,-0.14661695063114166,0.21213726699352264,0.0,-0.07419025897979736,-0.0275057852268219,0.0009496782440692186,-2.148108959197998,-2.054919481277466,-1.9981006383895874,0.0,1.0
789504,771,6,213.2327311516426,222.0,-0.0042914268444292246,3.357774946093559,-1.9104661852121354,0.0034176119312178343,0.053466796875,1.1506750494241715,26.07844235897064,0.9556558728218079,4.717415809631348,-0.14228872954845428,0.20693856477737427,0.0,-0.0753612145781517,-0.028533054515719414,-0.0009039161959663033,-2.150437831878662,-2.0569686889648438,-2.001807928085327,0.0,1.0
790528,772,8,165.69727100001955,175.25,-0.00647349648643285,14.702393174171448,-1.9151846259832381,0.005920419355970807,0.0853759765625,0.9957610949873924,56.742975568771364,-2.496577024459839,7.2680487632751465,-0.14225901663303375,0.20396563410758972,0.0,-0.07684894651174545,-0.02868727035820484,-0.0025942143984138966,-2.1533961296081543,-2.0572757720947266,-2.005188465118408,0.0,1.0
791552,773,5,148.71882680743272,176.2,-0.004780671006301418,4.380707071721554,-1.9148766189813613,0.005183332331944257,0.070068359375,0.9627735257148743,32.599521172046664,-1.3496648073196411,4.637465476989746,-0.11756829172372818,0.19829469919204712,0.0,-0.07934547960758209,-0.028727026656270027,-0.00024767304421402514,-2.1583588123321533,-2.057342290878296,-2.000495433807373,0.0,1.0
792576,774,3,243.15378345339238,233.66666666666666,-0.005697680986486375,6.948794092237949,-1.9176254957914352,0.005551133258268237,0.0498046875,1.03489660769701,52.860097122192386,2.3334360122680664,6.7993621826171875,-0.12415184825658798,0.20617423951625824,0.0,-0.08131656050682068,-0.02977481298148632,-0.00024756259517744184,-2.162275552749634,-2.059429168701172,-2.000495195388794,0.0,1.0
793600,775,6,170.16500207607734,199.33333333333334,-0.006031435931799933,3.6859518602490424,-1.925607442855835,0.004621127928839996,0.05830078125,1.0944347560405732,49.53469264507294,1.0093097686767578,4.963956356048584,-0.1317121982574463,0.2040839046239853,0.0,-0.08293334394693375,-0.031167931854724884,-0.0008213155088014901,-2.16548752784729,-2.0622074604034424,-2.0016427040100098,0.0,1.0
794624,776,6,187.00843271444603,195.66666666666666,-0.005589644401334226,3.2977083466947077,-1.9278062611818314,0.006279691145755351,0.0697265625,0.9959864154458046,31.313797736167906,0.8832952976226807,4.689671039581299,-0.10368029028177261,0.20088987052440643,0.0,-0.08042646944522858,-0.03017919696867466,2.0163352019153535e-05,-2.1605069637298584,-2.060241937637329,-1.9999597072601318,0.0,1.0
795648,777,3,208.77708895440176,217.0,-0.005954228027258068,2.8467637203633784,-1.9216478049755097,0.006375087561900727,0.053125,1.2294235065579415,30.321466434001923,0.031199336051940918,4.101325988769531,-0.13728107511997223,0.2077130377292633,0.0,-0.07955320179462433,-0.029490364715456963,0.0008348649716936052,-2.158771514892578,-2.058870553970337,-1.9983302354812622,0.0,1.0
796672,778,8,176.92778036118926,199.75,-0.007316681023803539,3.773596002161503,-1.9211839258670806,0.007010276592336595,0.0766357421875,0.9937669217586518,42.87721985578537,1.1548688411712646,4.965511798858643,-0.12238653749227524,0.20466215908527374,0.0,-0.08020754158496857,-0.030323436483740807,-6.581971683772281e-05,-2.160071849822998,-2.0605289936065674,-2.000131607055664,0.0,1.0
797696,779,3,149.18358106352036,174.0,-0.007226186443585902,6.75900716483593,-1.9223743945360183,0.007280352091765962,0.0835693359375,1.0239479757845402,40.1076385974884,-0.7055705189704895,5.8592963218688965,-0.1398722529411316,0.1945977509021759,0.0,-0.081251360476017,-0.029021350666880608,0.003214252879843116,-2.1621460914611816,-2.0579211711883545,-1.9935715198516846,0.0,1.0
798720,780,7,179.03976019595243,193.85714285714286,-0.005851364851696417,4.094752940535545,-1.9145170092582702,0.006264724032371305,0.074267578125,1.204233752936125,33.122031116485594,1.3428668975830078,4.758001327514648,-0.12543104588985443,0.20323637127876282,0.0,-0.08170107007026672,-0.02852730266749859,0.004931339528411627,-2.163039445877075,-2.0569355487823486,-1.9901374578475952,0.0,1.0
799744,781,3,185.4149721824729,207.0,-0.003195359162054956,9.547818350791932,-1.9143079817295074,0.004298197604657617,0.0357666015625,1.0521177120506764,62.0971184015274,2.529179811477661,6.538637161254883,-0.14425982534885406,0.20873385667800903,0.0,-0.08205901086330414,-0.02880135364830494,0.0056256987154483795,-2.163750648498535,-2.057481050491333,-1.9887486696243286,0.0,1.0
800768,782,4,202.38159135277166,214.75,-0.0051940473495051265,5.0551482573151585,-1.9161588817834854,0.004714384171529673,0.056494140625,0.922256600856781,41.028102016448976,-1.0991382598876953,5.352469444274902,-0.11734465509653091,0.19528363645076752,0.0,-0.08132949471473694,-0.028960278257727623,0.006771651562303305,-2.1623013019561768,-2.05779767036438,-1.9864568710327148,0.0,1.0
801792,783,8,162.90960937744387,186.5,-0.006183430727105588,5.938071078062057,-1.9171403765678405,0.005786331025592517,0.0637939453125,0.9931918770074845,46.994182634353635,0.5928955078125,6.0297465324401855,-0.11514327675104141,0.18573527038097382,0.0,-0.08013320714235306,-0.0292561873793602,0.005541703198105097,-2.159924268722534,-2.0583980083465576,-1.9889167547225952,0.0,1.0
802816,784,5,166.54366493575944,177.6,-0.0061442255857400594,2.008961959928274,-1.9183354914188384,0.0025447170017287137,0.056494140625,1.1299461811780929,22.80908305644989,-0.2882736027240753,3.4764561653137207,-0.137281596660614,0.21594372391700745,0.0,-0.07879681140184402,-0.029229288920760155,0.005352800711989403,-2.1572682857513428,-2.05835223197937,-1.9892945289611816,0.0,1.0
803840,785,7,143.82047299659183,179.14285714285714,-0.001779206976061687,14.62595562338829,-1.917709743976593,0.0009172332589514554,0.0429931640625,1.0542497884482145,58.584201145172116,-1.312657356262207,7.713092803955078,-0.12125193327665329,0.2025064080953598,0.0,-0.07873748242855072,-0.0291849747300148,0.007039560470730066,-2.1571502685546875,-2.058260679244995,-1.9859211444854736,0.0,1.0
804864,786,5,189.606060823811,197.4,-0.004832849791273475,3.2218255527317523,-1.9205051511526108,0.0036373577124322763,0.049560546875,1.174009370803833,27.442688357830047,0.3067862093448639,4.455809116363525,-0.12422799319028854,0.21531233191490173,0.0,-0.07919000089168549,-0.030242742970585823,0.005324940197169781,-2.1580498218536377,-2.060372829437256,-1.9893501996994019,0.0,1.0
805888,787,5,162.86008521676627,187.6,-0.005987467477098107,2.55299950838089,-1.9294995039701461,0.005167160015844274,0.06142578125,1.039574282616377,29.63518499135971,0.33257389068603516,3.9808192253112793,-0.13203100860118866,0.19265395402908325,0.0,-0.08007646352052689,-0.03217553719878197,0.0009939703159034252,-2.159811496734619,-2.064234972000122,-1.9980120658874512,0.0,1.0
806912,788,5,178.14036198813815,192.8,-0.005887488933512941,4.100353656709194,-1.9371826022863388,0.004300359424087219,0.065234375,1.2618956834077835,38.55687057971954,0.40115582942962646,5.1942925453186035,-0.12416341155767441,0.1919921189546585,0.0,-0.0826086476445198,-0.03240256384015083,0.00011125535820610821,-2.1648426055908203,-2.0646812915802,-1.9997774362564087,0.0,1.0
807936,789,5,172.38828322569185,169.4,-0.005139349005185067,9.985196286439896,-1.9377761155366897,0.00364408353343606,0.068115234375,1.1154962807893753,55.47508344650269,0.28817057609558105,6.996614933013916,-0.14715494215488434,0.20873995125293732,0.0,-0.08314239233732224,-0.03275630250573158,-0.0009002697770483792,-2.165902614593506,-2.065387725830078,-2.001800537109375,0.0,1.0
808960,790,5,197.26071589912993,214.2,-0.004664855159353465,13.70960488319397,-1.9372940808534622,0.004489887630916201,0.055810546875,1.2094420149922371,82.78103632926941,3.872847557067871,7.349005222320557,-0.12975840270519257,0.21663284301757812,0.0,-0.08211207389831543,-0.03190108388662338,-0.0002999559510499239,-2.163856029510498,-2.0636799335479736,-2.0005998611450195,0.0,1.0
809984,791,5,206.23424645013205,204.0,-0.005081071809399873,14.239798349142074,-1.9331780135631562,0.004850639725918882,0.0748779296875,1.104386282712221,42.16288895606995,-0.5572065114974976,7.278818130493164,-0.11462944000959396,0.18842650949954987,0.0,-0.08121255785226822,-0.03163337707519531,-0.00020410951401572675,-2.1620688438415527,-2.063145637512207,-2.000408172607422,0.0,1.0
811008,792,6,165.3168161122799,187.83333333333334,-0.005611901741940528,2.7822218894958497,-1.934448203444481,0.0060304023791104555,0.061474609375,1.1644051104784012,27.888570511341094,0.2741435468196869,4.0347089767456055,-0.13948525488376617,0.21255269646644592,0.0,-0.08148480206727982,-0.03229450061917305,-0.0011462921975180507,-2.162609815597534,-2.064464807510376,-2.0022926330566406,0.0,1.0
812032,793,6,151.39237896761753,177.16666666666666,-0.0050213677575811745,5.9861675024032595,-1.9353242963552475,0.005847410546266474,0.072314453125,1.0454422630369664,39.71956069469452,-0.4227162301540375,5.416300296783447,-0.14925915002822876,0.20830830931663513,0.0,-0.08096837252378464,-0.031524017453193665,-0.00040125931263901293,-2.16158390045166,-2.0629284381866455,-2.000802516937256,0.0,1.0
813056,794,6,174.18346522967818,187.66666666666666,-0.003971517022000626,3.665526843070984,-1.9324836879968643,0.006835213693557307,0.0541259765625,1.228089626133442,29.430521261692046,1.0453429222106934,4.351606845855713,-0.13842791318893433,0.1999640166759491,0.0,-0.08112288266420364,-0.031991805881261826,-0.0024897241964936256,-2.161890745162964,-2.0638620853424072,-2.004979372024536,0.0,1.0
814080,795,4,174.67867826789342,205.0,-0.007646143389865756,3.516353239119053,-1.9360715597867966,0.008218759263399988,0.07275390625,1.0000293135643006,31.96324017047882,0.3317759037017822,4.451357841491699,-0.15979161858558655,0.2042836844921112,0.0,-0.08092205971479416,-0.03245975449681282,-0.004078992642462254,-2.161491870880127,-2.0647988319396973,-2.008157968521118,0.0,1.0
815104,796,6,176.0960973264766,196.83333333333334,-0.0057171790511347355,1.8640089202672243,-1.9420511662960052,0.005652583140181378,0.063427734375,1.145510120689869,25.863203001022338,0.8464339971542358,3.766812801361084,-0.13371063768863678,0.20984189212322235,0.0,-0.08196921646595001,-0.034200798720121384,-0.005581511650234461,-2.163572311401367,-2.068282127380371,-2.0111629962921143,0.0,1.0
816128,797,6,151.55236351359437,185.16666666666666,-0.0064125553704798225,5.296629786491394,-1.9478729367256165,0.007020561525132507,0.0712158203125,1.1605490997433663,36.767849111557005,0.5985169410705566,5.544264316558838,-0.126299187541008,0.2164960503578186,0.0,-0.08249808847904205,-0.03377341106534004,-0.005118336994200945,-2.1646227836608887,-2.0674240589141846,-2.0102365016937256,0.0,1.0
817152,798,4,190.6237292843418,204.25,-0.006360237020999193,4.472994035482406,-1.9465450674295426,0.006447036721510813,0.0659423828125,1.1175264447927475,35.63353791236877,1.5407404899597168,4.62546443939209,-0.1433870792388916,0.21153269708156586,0.0,-0.08256655186414719,-0.03447531536221504,-0.004797715228050947,-2.1647589206695557,-2.0688273906707764,-2.0095953941345215,0.0,1.0
818176,799,4,203.5260831424319,212.75,-0.004448685643728823,2.582554642111063,-1.9576261192560196,0.0038538210559636355,0.0503662109375,1.0983713433146476,31.54293750524521,1.3883823156356812,4.049339771270752,-0.1507425308227539,0.194346085190773,0.0,-0.08589225262403488,-0.03753874823451042,-0.006940498948097229,-2.171363353729248,-2.074937105178833,-2.013880729675293,0.0,1.0
819200,800,7,140.5877005281106,171.57142857142858,-0.005091560678556562,2.957748068869114,-1.9747438371181487,0.00536721209064126,0.062060546875,1.0994509965181352,34.44998633861542,1.3833308219909668,4.550416946411133,-0.12484341859817505,0.19185097515583038,0.0,-0.08859926462173462,-0.03969519957900047,-0.007715362589806318,-2.176736354827881,-2.079235076904297,-2.015430450439453,0.0,1.0
820224,801,6,175.11714737612405,199.0,-0.005255051676067523,4.2583045437932014,-1.9805990785360337,0.0065513029228895904,0.055810546875,1.1200742691755294,29.337386667728424,0.008533917367458344,4.619585990905762,-0.11613523960113525,0.19364269077777863,0.0,-0.0897512212395668,-0.039355482906103134,-0.006021479144692421,-2.1790220737457275,-2.078547239303589,-2.012042760848999,0.0,1.0
821248,802,3,181.422642257427,190.66666666666666,-0.00407026257016696,8.018189403414727,-1.9813107520341873,0.004947339702630416,0.053564453125,0.9975672520697116,44.04457311630249,0.45844417810440063,6.1868791580200195,-0.12400086969137192,0.2047663927078247,0.0,-0.09216160327196121,-0.040486130863428116,-0.004828210454434156,-2.183803081512451,-2.080793857574463,-2.0096564292907715,0.0,1.0
822272,803,7,199.87803993192912,202.14285714285714,-0.005675446940585971,8.900355929136277,-1.9882249534130096,0.005865734361577779,0.0859619140625,0.9419247940182686,39.98429524898529,0.5247701406478882,6.4774861335754395,-0.11687467247247696,0.20191605389118195,0.0,-0.09300804138183594,-0.0412370041012764,-0.005531236995011568,-2.185481548309326,-2.082289218902588,-2.0110623836517334,0.0,1.0
823296,804,7,165.11584271065792,176.71428571428572,-0.0044859983259812,7.622966852784157,-1.9922799348831177,0.008327066770289094,0.07099609375,1.222893349826336,46.66981649398804,-0.42182135581970215,6.204766750335693,-0.1371402144432068,0.20182959735393524,0.0,-0.09378992766141891,-0.042083989828825,-0.005125285126268864,-2.1870317459106445,-2.08398175239563,-2.0102505683898926,0.0,1.0
824320,805,4,169.5215635653318,188.0,-0.006478429480921477,2.268653455376625,-1.9987810403108597,0.006388871968374588,0.06025390625,0.9863207310438156,23.486610960960387,-0.5883122682571411,3.575932025909424,-0.1291785091161728,0.21124275028705597,0.0,-0.0941578820347786,-0.04317231848835945,-0.004502303898334503,-2.1877613067626953,-2.0861542224884033,-2.009004592895508,0.0,1.0
825344,806,6,153.69039852719104,161.5,-0.0050015240325592455,8.08106633424759,-2.0050467550754547,0.005177706151152961,0.0605224609375,1.1769746564328671,38.73607189655304,-0.9312046766281128,6.158273220062256,-0.12319669872522354,0.2050473839044571,0.0,-0.0964634120464325,-0.04442587122321129,-0.004747424740344286,-2.1923305988311768,-2.0886471271514893,-2.0094947814941406,0.0,1.0
826368,807,6,175.7139726515819,201.0,-0.005940626573283226,5.8468130514025685,-2.010414886474609,0.006276358233299107,0.0744873046875,1.0272560656070708,36.381103897094725,0.37548795342445374,5.591203212738037,-0.11754721403121948,0.2136184722185135,0.0,-0.09730669856071472,-0.04477011039853096,-0.00526711530983448,-2.1940014362335205,-2.0893290042877197,-2.0105340480804443,0.0,1.0
827392,808,6,164.7514116980561,193.83333333333334,-0.006810399552341551,12.133457624912262,-2.0113304555416107,0.0050091911049094055,0.06865234375,1.086813548207283,82.59660301208496,-1.0201127529144287,8.18239688873291,-0.09644573926925659,0.21205903589725494,0.0,-0.09691759198904037,-0.0447993241250515,-0.003853917121887207,-2.193230628967285,-2.089386224746704,-2.0077078342437744,0.0,1.0
828416,809,6,139.29074513300407,164.16666666666666,-0.005093319452134893,4.7420404702425,-2.011117714643478,0.005577002034988255,0.0513916015625,1.0867815919220447,40.04111332893372,-1.3525514602661133,4.840639591217041,-0.15152211487293243,0.2189534604549408,0.0,-0.09697315841913223,-0.04471785947680473,-0.0025607517454773188,-2.193340539932251,-2.089221715927124,-2.0051214694976807,0.0,1.0
829440,810,4,140.21160351911232,169.25,-0.005822144134435802,8.79024951159954,-2.009766811132431,0.005907224002294242,0.0895751953125,0.962844294309616,41.92970782518387,1.387550950050354,6.669443607330322,-0.10824587196111679,0.1828628033399582,0.0,-0.09639891982078552,-0.04432959482073784,2.681226033018902e-05,-2.1922028064727783,-2.0884461402893066,-1.9999463558197021,0.0,1.0
830464,811,4,240.65738971409166,242.5,-0.008145341434283183,4.790503151714802,-2.0079891681671143,0.009290712539223023,0.0926025390625,1.3002464428544045,44.3182890534401,2.1750855445861816,5.226990699768066,-0.11751621961593628,0.20154596865177155,0.0,-0.09619132429361343,-0.04413745924830437,0.0022042710334062576,-2.191791534423828,-2.0880634784698486,-1.9955915212631226,0.0,1.0
831488,812,5,212.6872575195262,230.6,-0.004601985670160502,3.540983234345913,-2.0066867411136626,0.0044165597195387814,0.0556396484375,0.9921191953122616,33.290130007266995,-0.06435823440551758,4.732725620269775,-0.14306968450546265,0.2080569714307785,0.0,-0.09453991800546646,-0.04409846290946007,0.0007626564474776387,-2.188518524169922,-2.087996244430542,-1.9984747171401978,0.0,1.0
832512,813,4,150.9199370811624,176.25,-0.005974434426752851,4.523024067282677,-2.007823592424393,0.006071902249823324,0.0692138671875,1.1261842608451844,35.09696824550629,0.413013756275177,5.379444122314453,-0.14292727410793304,0.20290717482566833,0.0,-0.0940670445561409,-0.04398362338542938,0.0011905895080417395,-2.1875810623168945,-2.0877647399902344,-1.9976187944412231,0.0,1.0
833536,814,7,200.37287108147845,206.71428571428572,-0.007130995811894536,3.5019919075071813,-2.006112140417099,0.004943761945469305,0.06884765625,1.2144187062978744,31.85117666721344,0.30871301889419556,4.6558380126953125,-0.11820423603057861,0.201093390583992,0.0,-0.09553259611129761,-0.04399864375591278,0.0024149161763489246,-2.190485954284668,-2.0877933502197266,-1.99517023563385,0.0,1.0
834560,815,5,205.90641558080614,211.8,-0.006097318232059478,4.151359161734581,-2.0104400396347044,0.007266317727044225,0.05234375,1.0745484754443169,40.98543746471405,1.4206936359405518,5.11153507232666,-0.10915067791938782,0.18966257572174072,0.0,-0.09662188589572906,-0.04575779661536217,0.0015456356341019273,-2.1926445960998535,-2.091301918029785,-1.9969087839126587,0.0,1.0
835584,816,5,164.5320035239291,192.4,-0.006651982571929694,4.324811899662018,-2.02086963057518,0.00626383739290759,0.0709228515625,1.0170856922864915,34.90076172351837,0.37358805537223816,4.898498058319092,-0.08623886108398438,0.1910482943058014,0.0,-0.09827040880918503,-0.046881914138793945,0.0011212937533855438,-2.195910692214966,-2.093533754348755,-1.9977574348449707,0.0,1.0
836608,817,6,155.10567682936923,162.83333333333334,-0.0037921378389000893,17.528417074680327,-2.023563063144684,0.006120143219595775,0.0728759765625,1.1918384820222854,65.97671639919281,-1.1016591787338257,8.659764289855957,-0.07038407772779465,0.19460134208202362,0.0,-0.09770409017801285,-0.04671280458569527,-0.0002136680413968861,-2.194788694381714,-2.0932059288024902,-2.00042724609375,0.0,1.0
837632,818,5,173.36835877957722,200.2,-0.004797031625639647,2.628494980186224,-2.022935742139816,0.004728254969813861,0.0496826171875,1.1163878858089447,31.187254464626314,1.1257553100585938,3.977276563644409,-0.14695541560649872,0.20998182892799377,0.0,-0.09514705091714859,-0.04687456786632538,-0.00023083708947524428,-2.1897218227386475,-2.0935356616973877,-2.0004615783691406,0.0,1.0
838656,819,6,178.2236953170551,188.83333333333334,-0.005356630682945252,3.7688559904694556,-2.0259820878505708,0.006557021793560125,0.0568603515625,1.1200289964675902,39.11210644245148,1.3866868019104004,4.7578229904174805,-0.135496124625206,0.21751554310321808,0.0,-0.09443391114473343,-0.04760909453034401,-0.0012848788173869252,-2.1883084774017334,-2.09501051902771,-2.0025696754455566,0.0,1.0
839680,820,4,150.25682446607993,178.5,-0.003777388227172196,6.32510304749012,-2.027599883079529,0.0035789569490589203,0.04384765625,1.1118521958589553,51.046693325042725,1.4327232837677002,6.187734127044678,-0.09309393167495728,0.19790641963481903,0.0,-0.093956358730793,-0.04724303260445595,-0.0009679466602392495,-2.187361717224121,-2.0942838191986084,-2.0019359588623047,0.0,1.0
840704,821,5,192.88104167410967,210.6,-0.004193039110396058,4.715826015174389,-2.0254314959049227,0.006586861124378629,0.061572265625,1.175046168267727,52.47225553989411,2.378276824951172,5.598121643066406,-0.08777743577957153,0.19108381867408752,0.0,-0.09351653605699539,-0.047067105770111084,-0.000979551230557263,-2.1864898204803467,-2.093932867050171,-2.0019590854644775,0.0,1.0
841728,822,7,179.61036381778968,192.28571428571428,-0.005538802209775895,5.690277355909347,-2.025372010469437,0.0064301313541363925,0.0578125,1.1551980689167975,36.17972279787064,1.1654610633850098,5.5008463859558105,-0.11587833613157272,0.20455403625965118,0.0,-0.09198340028524399,-0.047250065952539444,-0.002964792074635625,-2.1834497451782227,-2.0943057537078857,-2.005929470062256,0.0,1.0
842752,823,5,174.04786458636838,195.6,-0.003370527329389006,4.043874764442444,-2.029815584421158,0.004511636466486379,0.0460693359375,1.1347226291894912,43.5403030872345,2.3913474082946777,4.451920509338379,-0.1186269149184227,0.2138257920742035,0.0,-0.09237147122621536,-0.04871472343802452,-0.007818742655217648,-2.1842193603515625,-2.0972352027893066,-2.015637159347534,0.0,1.0
843776,824,3,193.77086350561908,221.33333333333334,-0.003463661589194089,2.105597997456789,-2.038275307416916,0.0020119342720136047,0.042822265625,1.108892986178398,23.55202693939209,1.607749104499817,3.5700619220733643,-0.09311875700950623,0.2058699131011963,0.0,-0.0939640924334526,-0.04996545612812042,-0.01058650016784668,-2.1873769760131836,-2.099722385406494,-2.021172285079956,0.0,1.0
844800,825,6,180.44897980049495,209.33333333333334,-0.00504393051378429,2.286358270049095,-2.0443907976150513,0.006485167471691966,0.05849609375,1.255618718266487,28.2240031003952,1.4945170879364014,3.3468761444091797,-0.09967515617609024,0.22097666561603546,0.0,-0.09627269953489304,-0.05054391548037529,-0.011469786055386066,-2.191952705383301,-2.100872278213501,-2.0229384899139404,0.0,1.0
845824,826,7,160.85498696250085,194.28571428571428,-0.007357001234777272,15.236597788333892,-2.044592946767807,0.008622803969774395,0.1053466796875,1.0399487808346748,62.74016270637512,-1.209610939025879,8.0271635055542,-0.08045115321874619,0.21060684323310852,0.0,-0.09626505523920059,-0.049926768988370895,-0.01406816951930523,-2.1919376850128174,-2.099642276763916,-2.02813458442688,0.0,1.0
846848,827,3,168.60334813877796,175.33333333333334,-0.00554654608713463,1.5220161862671375,-2.04028257727623,0.005379666219232604,0.05625,1.073764868080616,17.086112481355666,0.6063747406005859,2.8519325256347656,-0.12068357318639755,0.1888003647327423,0.0,-0.09650254994630814,-0.04939737915992737,-0.01424615178257227,-2.1924080848693848,-2.098581075668335,-2.0284903049468994,0.0,1.0
847872,828,6,209.61859159546398,224.33333333333334,-0.006687794794561342,7.413408020138741,-2.0404501974582674,0.008002835779916496,0.0810302734375,1.0926846623420716,60.98286075592041,3.488260269165039,5.885040283203125,-0.12558391690254211,0.21202296018600464,0.0,-0.097073495388031,-0.050130102783441544,-0.014413855038583279,-2.1935393810272217,-2.1000428199768066,-2.0288257598876953,0.0,1.0
848896,829,5,150.37868852735147,180.6,-0.005799445323646069,4.265069603919983,-2.045257431268692,0.004225348986801691,0.0788818359375,0.9970890447497368,29.60915857553482,-0.06463439762592316,5.0277099609375,-0.12628310918807983,0.21229353547096252,0.0,-0.0983242467045784,-0.050590258091688156,-0.013771221973001957,-2.196017265319824,-2.10095477104187,-2.027540683746338,0.0,1.0
849920,830,5,165.0302319309755,189.8,-0.0043424481060355905,5.599175950884819,-2.044118708372116,0.005017349225818179,0.06689453125,1.0705646321177482,44.411705541610715,0.9243162870407104,5.145462512969971,-0.09256806969642639,0.2018512785434723,0.0,-0.09957654029130936,-0.04986732825636864,-0.01239772979170084,-2.1984975337982178,-2.099506378173828,-2.024794101715088,0.0,1.0
850944,831,5,152.6944505778946,182.2,-0.006080518459202722,2.811007571965456,-2.040694272518158,0.008108765099314042,0.0698974609375,1.147571037709713,36.552306950092316,0.9190881252288818,4.505760192871094,-0.047562699764966965,0.185982808470726,0.0,-0.10126759111881256,-0.04962998628616333,-0.01068628765642643,-2.201845645904541,-2.0990192890167236,-2.021371841430664,0.0,1.0
851968,832,5,184.46933808456507,217.4,-0.0033102931978646667,6.945938467979431,-2.0402092397212983,0.004421817490947433,0.0384765625,1.0830701559782028,53.45722670555115,2.248748540878296,6.3683180809021,-0.07129346579313278,0.18536536395549774,0.0,-0.1021358072757721,-0.04957287386059761,-0.010438974015414715,-2.203564167022705,-2.0988998413085938,-2.0208771228790283,0.0,1.0
852992,833,5,176.39707140306712,192.6,-0.004944005195284262,2.87408432662487,-2.039221966266632,0.0048158545308979225,0.0516357421875,1.1377117916941644,34.230749011039734,0.6471558809280396,4.141075134277344,-0.10292652249336243,0.1826566606760025,0.0,-0.10024426877498627,-0.049397751688957214,-0.011501599103212357,-2.199819564819336,-2.098560333251953,-2.0230021476745605,0.0,1.0
854016,834,8,177.14826327618294,199.5,-0.004026081855408847,2.758007152378559,-2.0394673705101014,0.004679625201970339,0.0510009765625,1.215373207628727,24.167538702487946,0.7725328207015991,4.1498942375183105,-0.10581686347723007,0.1989039033651352,0.0,-0.09958063066005707,-0.04988657310605049,-0.01365033257752657,-2.1985056400299072,-2.0995469093322754,-2.027298927307129,0.0,1.0
855040,835,5,161.89375716031554,171.8,-0.005962155252927914,4.521520826220512,-2.0445810675621034,0.003936179165611975,0.07822265625,1.2138397991657257,38.66848757266998,-1.726625919342041,4.79811954498291,-0.1265777200460434,0.19967269897460938,0.0,-0.09972213208675385,-0.05085049569606781,-0.016256801784038544,-2.1987857818603516,-2.1014716625213623,-2.032510757446289,0.0,1.0
856064,836,4,192.0097493627026,197.25,-0.004604131216183305,15.524379384517669,-2.048316752910614,0.00788589365547523,0.0880126953125,1.112300605326891,63.86205952167511,1.3195408582687378,8.15943717956543,-0.12157841771841049,0.20862902700901031,0.0,-0.09836192429065704,-0.05095066502690315,-0.01592833921313286,-2.196091890335083,-2.101677179336548,-2.0318539142608643,0.0,1.0
857088,837,5,185.4797251733972,201.0,-0.005708056897856295,4.016615089774132,-2.0473398089408876,0.006411953238421119,0.070361328125,1.1587430901825428,30.146689856052397,0.8154332637786865,4.524466037750244,-0.09808164089918137,0.18708588182926178,0.0,-0.09834559261798859,-0.050781261175870895,-0.014943720772862434,-2.196059465408325,-2.1013383865356445,-2.0298852920532227,0.0,1.0
858112,838,4,188.16475422080495,213.5,-0.0053485834447201345,4.012282949686051,-2.046932077407837,0.0050434460601536555,0.0662841796875,1.12360018491745,40.716451501846315,3.1840004920959473,4.619289875030518,-0.09797322005033493,0.19603349268436432,0.0,-0.09811585396528244,-0.0507749579846859,-0.014545406214892864,-2.1956043243408203,-2.101327419281006,-2.0290887355804443,0.0,1.0
859136,839,7,211.36063942419716,217.85714285714286,-0.005941712507046759,15.614269107580185,-2.0500347554683684,0.004348029958782718,0.0631103515625,1.21784305870533,69.42518017292022,1.6781524419784546,8.487669944763184,-0.09418029338121414,0.21119122207164764,0.0,-0.0988960787653923,-0.05190673843026161,-0.015357360243797302,-2.1971497535705566,-2.1035830974578857,-2.030712366104126,0.0,1.0
860160,840,2,127.51352221343808,172.5,-0.005936163628939539,2.3989813052117825,-2.053847926855087,0.004280046708299778,0.0468017578125,1.0009696036577225,26.34650777578354,0.838688313961029,3.9208786487579346,-0.09681862592697144,0.189684197306633,0.0,-0.09677362442016602,-0.0515747033059597,-0.016081802546977997,-2.1929452419281006,-2.1029317378997803,-2.032160758972168,0.0,1.0
861184,841,8,216.56012127193446,223.0,-0.005713553127134219,6.345143827795982,-2.0515800952911376,0.007573546885396354,0.0685302734375,1.1917990759015082,43.280767869949344,1.6287505626678467,5.60176420211792,-0.09533029049634933,0.18864701688289642,0.0,-0.09524350613355637,-0.05150710418820381,-0.015464636497199535,-2.189913034439087,-2.1028034687042236,-2.0309267044067383,0.0,1.0
862208,842,4,166.13698286031138,177.75,-0.003906283929245547,9.076638454198838,-2.054317629337311,0.004883596510626376,0.0533203125,0.9932705283164978,41.7757349729538,-2.1012234687805176,5.921964645385742,-0.09704449027776718,0.19303357601165771,0.0,-0.09553217887878418,-0.05246992036700249,-0.01708143763244152,-2.1904852390289307,-2.1047263145446777,-2.0341596603393555,0.0,1.0
863232,843,4,168.9902050998366,193.75,-0.007475680881179869,3.880178190767765,-2.0635779917240145,0.003938407989335246,0.0605224609375,1.103144334256649,32.97792096138001,0.6538655161857605,4.993130207061768,-0.12197626382112503,0.1892121434211731,0.0,-0.09876933693885803,-0.05483618751168251,-0.020496563985943794,-2.196898937225342,-2.10943865776062,-2.040987491607666,0.0,1.0
864256,844,7,183.5297614240617,195.71428571428572,-0.005232854242785833,6.354177859425545,-2.071033537387848,0.005483318140613846,0.06630859375,1.0537485003471374,40.06362025737762,-1.370959997177124,5.630858898162842,-0.10362479090690613,0.19904053211212158,0.0,-0.09608373045921326,-0.053934723138809204,-0.0208372063934803,-2.1915783882141113,-2.1076505184173584,-2.04166841506958,0.0,1.0
865280,845,6,132.19762488448475,168.83333333333334,-0.005227173236198724,2.3752449050545694,-2.0665956139564514,0.005011227799695916,0.0584716796875,1.1597592756152153,29.89363318681717,-0.7742160558700562,3.7680609226226807,-0.12885625660419464,0.20243246853351593,0.0,-0.09756248444318771,-0.054457858204841614,-0.02149139903485775,-2.1945083141326904,-2.108689546585083,-2.042976140975952,0.0,1.0
866304,846,4,171.58755856384553,193.0,-0.004506701196078211,3.7441567830741405,-2.073403149843216,0.004601135486154817,0.051123046875,1.2087628841400146,37.879579830169675,0.7730560302734375,5.270016670227051,-0.133652463555336,0.20409703254699707,0.0,-0.10006414353847504,-0.0558328777551651,-0.022271396592259407,-2.199462890625,-2.111422300338745,-2.0445353984832764,0.0,1.0
867328,847,6,152.9466173034627,167.66666666666666,-0.006632891250774264,9.97833527624607,-2.0782977819442747,0.005283639306435361,0.073779296875,1.0926380574703216,54.300270438194275,-0.5007189512252808,7.276747226715088,-0.10071688890457153,0.20535416901111603,0.0,-0.10012296587228775,-0.055914267897605896,-0.021902378648519516,-2.1995794773101807,-2.111584424972534,-2.043797731399536,0.0,1.0
868352,848,7,160.82130644222053,184.0,-0.006765917781740427,10.47846046090126,-2.073554199934006,0.007788637487101369,0.099853515625,1.115820024907589,54.5482179403305,-1.4460145235061646,7.144684314727783,-0.11823246628046036,0.19971071183681488,0.0,-0.09795008599758148,-0.05441531538963318,-0.022375423461198807,-2.1952760219573975,-2.1085987091064453,-2.044743299484253,0.0,1.0
869376,849,6,150.92972418282736,167.5,-0.004542811051942408,2.7677627876400948,-2.0668409407138824,0.00721528927097097,0.0548095703125,1.1471309915184975,34.69183923006058,0.06522402167320251,4.331215858459473,-0.1374959945678711,0.20167724788188934,0.0,-0.09809314459562302,-0.0538000762462616,-0.021818047389388084,-2.195559501647949,-2.107375383377075,-2.0436291694641113,0.0,1.0
870400,850,5,164.53654458613536,183.8,-0.006312615249771625,13.100233262777328,-2.06428502202034,0.00520832923357375,0.0522216796875,1.058537943661213,67.9320497751236,-0.7905654907226562,8.251256942749023,-0.10566287487745285,0.19449502229690552,0.0,-0.09945491701364517,-0.05341368913650513,-0.02049451507627964,-2.198256492614746,-2.1065967082977295,-2.040983200073242,0.0,1.0
871424,851,5,160.0099614046623,180.6,-0.0039007162384223195,2.4119118504226207,-2.066152220964432,0.004518861335236579,0.037646484375,1.056142547726631,34.783019030094145,-0.11554491519927979,3.9050469398498535,-0.11515318602323532,0.2059279829263687,0.0,-0.1020764634013176,-0.0549665205180645,-0.021767066791653633,-2.203446865081787,-2.109680414199829,-2.043527364730835,0.0,1.0
872448,852,6,189.35949348704136,209.83333333333334,-0.004809882212430239,8.516060546040535,-2.0735531389713286,0.004778414484462701,0.062939453125,1.2890868097543717,59.78588581085205,1.4245941638946533,6.993022918701172,-0.07701168209314346,0.2044404000043869,0.0,-0.10091836005449295,-0.05509629845619202,-0.022523989900946617,-2.2011542320251465,-2.1099517345428467,-2.0450403690338135,0.0,1.0
873472,853,3,184.4091977481883,187.0,-0.0049327308079227805,8.789477068185807,-2.0765997588634493,0.005123831063974649,0.0535888671875,1.2267243728041648,57.141618847846985,1.6500723361968994,6.971330642700195,-0.09891334176063538,0.19575439393520355,0.0,-0.1052720919251442,-0.056619834154844284,-0.022896483540534973,-2.2097697257995605,-2.112959623336792,-2.0457849502563477,0.0,1.0
874496,854,6,218.0652454544905,234.0,-0.00399780209409073,5.150146992504597,-2.085457944869995,0.003665388800436631,0.0404296875,1.1383554905653,48.28291367292404,3.2187867164611816,5.339478492736816,-0.11002417653799057,0.19364036619663239,0.0,-0.10727054625749588,-0.05776521936058998,-0.022767813876271248,-2.213721990585327,-2.1152379512786865,-2.045527696609497,0.0,1.0
875520,855,6,168.84302970961613,189.83333333333334,-0.005697120842523873,3.672562550008297,-2.0927963137626646,0.005610907517257147,0.06025390625,1.2881623014807702,36.80840479135513,1.8323639631271362,4.179967403411865,-0.12599022686481476,0.2038889229297638,0.0,-0.10824436694383621,-0.059299126267433167,-0.02262553758919239,-2.2156472206115723,-2.1182899475097656,-2.045243263244629,0.0,1.0
876544,856,3,175.59408288258317,189.66666666666666,-0.0043052446097135546,2.9366930216550826,-2.102247428894043,0.004525222239317372,0.05322265625,1.2115812361240388,31.53629400730133,2.0101451873779297,3.5093703269958496,-0.1402611881494522,0.19470500946044922,0.0,-0.10798466950654984,-0.06062990054488182,-0.0235833041369915,-2.2151336669921875,-2.120955228805542,-2.0471577644348145,0.0,1.0
877568,857,7,210.80711693456308,209.28571428571428,-0.005257118446752429,7.3811283081769945,-2.1100297808647155,0.00608323815104086,0.0677490234375,1.3407591566443444,59.98764111995697,2.5300285816192627,6.016115188598633,-0.1273225098848343,0.2096075564622879,0.0,-0.1094745397567749,-0.06191544607281685,-0.02482582814991474,-2.21807861328125,-2.1235086917877197,-2.0496413707733154,0.0,1.0
878592,858,5,176.25602014195863,196.6,-0.005352536635473371,5.016675135493278,-2.112595629692078,0.008754704159218817,0.0682861328125,1.0676675945520402,44.150140857696535,0.22852955758571625,5.59139347076416,-0.11970023065805435,0.2111099362373352,0.0,-0.10749553143978119,-0.06125332787632942,-0.025259224697947502,-2.2141668796539307,-2.12219500541687,-2.0505077838897705,0.0,1.0
879616,859,4,181.98692376066683,192.75,-0.005949211597908288,0.9732346208766103,-2.110728180408478,0.007105500769102946,0.0654296875,1.1586518228054046,14.485122966766358,0.9187849164009094,2.4531168937683105,-0.10512564331293106,0.19399915635585785,0.0,-0.10579374432563782,-0.061842191964387894,-0.02778279408812523,-2.210801601409912,-2.1233813762664795,-2.055551290512085,0.0,1.0
880640,860,4,171.5449976613137,186.75,-0.008208443666808308,5.107213141024113,-2.1195598602294923,0.0038992587331449615,0.06484375,1.1145085230469705,60.87773551940918,3.7072560787200928,4.922163009643555,-0.10322084277868271,0.1979394555091858,0.0,-0.10651367157697678,-0.06434512138366699,-0.030977685004472733,-2.2122254371643066,-2.12837290763855,-2.0619356632232666,0.0,1.0
881664,861,6,216.66780632449,230.16666666666666,-0.005833833618089557,5.352505214512348,-2.1284582555294036,0.00593742590281181,0.07353515625,1.1523581631481647,42.05567245483398,-1.1033351421356201,5.515819549560547,-0.10272643715143204,0.19680161774158478,0.0,-0.10766224563121796,-0.0638568103313446,-0.030585341155529022,-2.214496374130249,-2.1273930072784424,-2.0611515045166016,0.0,1.0
882688,862,6,169.6661420939756,187.66666666666666,-0.00545008777116891,1.567694915831089,-2.1244376063346864,0.0043097092508105565,0.080810546875,1.1599770076572895,20.826638638973236,0.9667561054229736,3.152299642562866,-0.09928808361291885,0.1859653741121292,0.0,-0.10811931639909744,-0.06378339231014252,-0.03241736441850662,-2.215399980545044,-2.1272571086883545,-2.064811944961548,0.0,1.0
883712,863,6,188.6524501041821,208.83333333333334,-0.0061032617231830955,4.407998034358025,-2.1261102318763734,0.010520112959784455,0.07646484375,1.194018194079399,34.899573826789855,1.5574638843536377,4.8238067626953125,-0.1161494180560112,0.19257955253124237,0.0,-0.10721518099308014,-0.06412757188081741,-0.03398517891764641,-2.2136125564575195,-2.1279425621032715,-2.067944288253784,0.0,1.0
884736,864,5,147.59294968801225,174.4,-0.00598287614993751,1.3435134701430798,-2.1281991720199587,0.009753253951203078,0.065185546875,1.1764013439416885,17.416152310371398,0.27306175231933594,2.693692207336426,-0.10133904218673706,0.19981354475021362,0.0,-0.10681220889091492,-0.06451578438282013,-0.03513491526246071,-2.212815761566162,-2.128728151321411,-2.0702409744262695,0.0,1.0
885760,865,5,174.71685888631373,198.6,-0.003853098431136459,1.7461557410657407,-2.1311921954154966,0.00832590415084269,0.0533447265625,1.1561012759804725,21.74872523546219,0.4891160726547241,3.2070555686950684,-0.12770944833755493,0.20589596033096313,0.0,-0.10687142610549927,-0.06520435959100723,-0.035830747336149216,-2.212932825088501,-2.1300907135009766,-2.0716309547424316,0.0,1.0
886784,866,4,178.25899209259978,191.0,-0.004079556645592675,2.228549612313509,-2.133731001615524,0.0054523267142940314,0.0468017578125,1.2806076854467392,31.15324239730835,0.37968242168426514,4.048555850982666,-0.1361026018857956,0.22142963111400604,0.0,-0.10730814188718796,-0.06516390293836594,-0.036407314240932465,-2.213796377182007,-2.130009412765503,-2.072782516479492,0.0,1.0
887808,867,7,184.24491282159468,195.14285714285714,-0.005686230817809701,2.4843592599034308,-2.1330805361270904,0.004984664230141789,0.0603271484375,1.2637627109885217,22.651262521743774,0.7401161193847656,3.5668227672576904,-0.12618385255336761,0.20282793045043945,0.0,-0.10885855555534363,-0.06521116942167282,-0.03645426779985428,-2.2168612480163574,-2.1301021575927734,-2.072876214981079,0.0,1.0
888832,868,5,144.9640722541635,168.4,-0.004878601152449846,16.44825735092163,-2.134252154827118,0.007941878141718917,0.105078125,1.2523636795580386,50.78119518756866,-0.6472140550613403,8.352352142333984,-0.13503459095954895,0.21347060799598694,0.0,-0.10860715061426163,-0.06542360782623291,-0.038037076592445374,-2.2163643836975098,-2.130521059036255,-2.0760374069213867,0.0,1.0
889856,869,5,179.15456416092115,189.0,-0.004571073851548135,1.5905392106622458,-2.1350474774837496,0.005165910275536589,0.0744140625,1.3836888194084167,24.011424958705902,1.0622210502624512,3.311375617980957,-0.10988243669271469,0.20177505910396576,0.0,-0.11002901196479797,-0.06557848304510117,-0.038517143577337265,-2.219174385070801,-2.130831241607666,-2.076996326446533,0.0,1.0
890880,870,7,184.32508222253304,201.0,-0.004489303263835609,8.247331395745277,-2.137072044610977,0.004433248226996511,0.0564208984375,1.21027941852808,69.0686811208725,2.240353584289551,7.10087251663208,-0.07671313732862473,0.2006622552871704,0.0,-0.11077246069908142,-0.06622954457998276,-0.038755785673856735,-2.2206432819366455,-2.132127046585083,-2.077472686767578,0.0,1.0
891904,871,4,157.793140628794,196.0,-0.007459576264955104,4.395055721700191,-2.1414495527744295,0.005800833334797062,0.0702392578125,1.2744900211691856,38.468550848960874,-0.6128638982772827,5.341334819793701,-0.11469095945358276,0.19870445132255554,0.0,-0.11437734216451645,-0.0666656419634819,-0.036906976252794266,-2.227762222290039,-2.132960081100464,-2.0737805366516113,0.0,1.0
892928,872,6,172.82729502746665,178.0,-0.004690505343023688,5.947955484688282,-2.142043483257294,0.004180176311638206,0.05693359375,0.9974908165633678,41.621992874145505,-0.8350610733032227,5.566400527954102,-0.10519891232252121,0.19163605570793152,0.0,-0.11362575739622116,-0.06660932302474976,-0.03510361537337303,-2.22627854347229,-2.1328518390655518,-2.070178508758545,0.0,1.0
893952,873,7,152.17954913021887,180.0,-0.0062852716189809145,1.7493183001875878,-2.1430174887180327,0.004737739669508301,0.074853515625,1.1987663105130195,17.747543835639952,0.5756974220275879,3.2572054862976074,-0.1220676377415657,0.19952641427516937,0.0,-0.1132868081331253,-0.06717906147241592,-0.03530488163232803,-2.225609302520752,-2.1339914798736572,-2.07058048248291,0.0,1.0
894976,874,5,140.64458094409636,151.4,-0.003597677295329049,5.012870359420776,-2.144301509857178,0.0036495147622190418,0.0578125,1.2792873926460744,26.479697823524475,-0.6594557166099548,4.991979122161865,-0.11946896463632584,0.2068963199853897,0.0,-0.11221212148666382,-0.066634900867939,-0.03608037531375885,-2.22348690032959,-2.1329190731048584,-2.072129487991333,0.0,1.0
896000,875,6,148.5707917699249,176.5,-0.0076368015550542625,4.194766727089882,-2.1417166709899904,0.007635765467421151,0.0676025390625,1.0695301428437234,33.03588469028473,-1.0982284545898438,4.792663097381592,-0.1248869001865387,0.19233329594135284,0.0,-0.11142970621585846,-0.0666085034608841,-0.03406093642115593,-2.2219414710998535,-2.1328635215759277,-2.0680954456329346,0.0,1.0
897024,876,5,153.97797077744812,181.4,-0.004821733155404217,1.2429124668240548,-2.1426864504814147,0.004598648753017187,0.0586181640625,1.1740059912204743,20.012772691249847,0.39581480622291565,2.9120256900787354,-0.14133895933628082,0.2074349820613861,0.0,-0.10932169109582901,-0.06706240773200989,-0.03562914952635765,-2.2177765369415283,-2.1337904930114746,-2.071228265762329,0.0,1.0
898048,877,4,181.4272116751174,201.0,-0.006230686022900045,2.2374347761273383,-2.1483239471912383,0.008812008332461119,0.071923828125,1.1923797711730004,33.88849573135376,1.2319289445877075,3.8058865070343018,-0.13462798297405243,0.19906295835971832,0.0,-0.10972815752029419,-0.0684669092297554,-0.038320716470479965,-2.2185797691345215,-2.1365911960601807,-2.076603889465332,0.0,1.0
899072,878,6,178.00108653603198,197.0,-0.005962656266638078,4.372515140473842,-2.1563588798046114,0.004130509795504622,0.059423828125,1.1850488170981408,35.913582825660704,2.0273172855377197,4.738994121551514,-0.12740351259708405,0.21127472817897797,0.0,-0.10976750403642654,-0.0696459636092186,-0.04057661443948746,-2.2186574935913086,-2.1389429569244385,-2.081108808517456,0.0,1.0
900096,879,8,173.8182144522623,186.25,-0.005083020124584436,3.7253376677632333,-2.163076788187027,0.007156485234736465,0.062939453125,1.1922272488474845,25.689714586734773,-0.11337895691394806,4.380779266357422,-0.11769276857376099,0.20598560571670532,0.0,-0.10882654041051865,-0.0706019252538681,-0.0419987291097641,-2.2167978286743164,-2.140855073928833,-2.0839481353759766,0.0,1.0
901120,880,1,141.5498079254859,161.0,-0.004328164889011532,2.14171621799469,-2.1677375018596647,0.005355385469738394,0.0732177734375,1.2235655188560486,26.440634816884995,1.8159394264221191,3.441411018371582,-0.0675634816288948,0.18552137911319733,0.0,-0.10798202455043793,-0.07134423404932022,-0.04314664751291275,-2.2151286602020264,-2.1423301696777344,-2.086239814758301,0.0,1.0
902144,881,8,195.01027243779453,219.125,-0.007261187059339136,5.551097893714905,-2.1701749086380007,0.00585659384378232,0.0593994140625,1.1607781022787094,27.88762698173523,-0.017123907804489136,4.853194713592529,-0.08286458998918533,0.19151584804058075,0.0,-0.10739640146493912,-0.0711047574877739,-0.04345537722110748,-2.213970899581909,-2.1418585777282715,-2.0868561267852783,0.0,1.0
903168,882,4,141.53655167577745,180.0,-0.004812465439317748,3.0919678427278994,-2.1692349195480345,0.0037414644204545764,0.0452880859375,1.2896817028522491,26.727869307994844,1.3472743034362793,4.249172687530518,-0.0932106152176857,0.195597305893898,0.0,-0.10842952877283096,-0.07139559090137482,-0.04401706904172897,-2.216013193130493,-2.1424427032470703,-2.087977409362793,0.0,1.0
904192,883,6,183.24921120028728,188.83333333333334,-0.005232990067452192,5.255337443947792,-2.1733923852443695,0.008987341512693092,0.070166015625,1.2558914974331856,43.18526268005371,2.408459186553955,5.311520576477051,-0.1248745545744896,0.19975878298282623,0.0,-0.11057139933109283,-0.07261156290769577,-0.043863195925951004,-2.220245838165283,-2.144850254058838,-2.087670087814331,0.0,1.0
905216,884,6,170.58086092789816,187.0,-0.006607619003625586,9.014391303062439,-2.182294625043869,0.0063661928987130524,0.0763427734375,1.2425301104784012,37.23584451675415,-0.6007766127586365,6.350268840789795,-0.12368213385343552,0.19658464193344116,0.0,-0.11110074818134308,-0.07407094538211823,-0.045388832688331604,-2.2212917804718018,-2.147749185562134,-2.0907154083251953,0.0,1.0
906240,885,5,163.0573395299322,188.4,-0.0052254123758757485,12.317495599389076,-2.191130894422531,0.007314439301262609,0.0616455078125,1.317328356206417,43.69212772846222,0.048682987689971924,7.115504741668701,-0.12331674247980118,0.20400676131248474,0.0,-0.11307717859745026,-0.0758260190486908,-0.04687574505805969,-2.2251954078674316,-2.1512420177459717,-2.0936827659606934,0.0,1.0
907264,886,3,183.06731022842882,198.33333333333334,-0.00390037436154671,4.497408917546272,-2.198692202568054,0.004333075101021678,0.0436279296875,1.2443023681640626,38.680274033546446,1.75054931640625,5.584782123565674,-0.11550214141607285,0.19447901844978333,0.0,-0.11370707303285599,-0.07637005299329758,-0.04712406173348427,-2.2264389991760254,-2.152315378189087,-2.0941784381866455,0.0,1.0
908288,887,7,193.18001316720958,197.28571428571428,-0.006685788463801146,2.4296952322125436,-2.202863299846649,0.004670783062465489,0.08095703125,1.2863303631544114,31.421061038970947,0.7033466100692749,3.8654446601867676,-0.10111397504806519,0.2116338461637497,0.0,-0.1156553104519844,-0.07745226472616196,-0.046797897666692734,-2.2302846908569336,-2.1544573307037354,-2.0935275554656982,0.0,1.0
909312,888,8,180.0897174394724,193.75,-0.004255836689844727,2.58301512748003,-2.2080001652240755,0.007945163603289984,0.076953125,1.4080810084939004,26.54368371963501,0.8874620199203491,3.5552923679351807,-0.11978577822446823,0.20946002006530762,0.0,-0.11701925843954086,-0.07779405266046524,-0.04758128151297569,-2.232975959777832,-2.1551296710968018,-2.095090866088867,0.0,1.0
910336,889,2,134.63256331222732,171.0,-0.006611042260192335,7.18239628970623,-2.207075375318527,0.006929563524317927,0.0774169921875,1.0917026594281196,52.55657427310943,-0.8904709219932556,6.275044918060303,-0.0898653194308281,0.18385139107704163,0.0,-0.11680726706981659,-0.07690007239580154,-0.04628697410225868,-2.232557773590088,-2.153353452682495,-2.092507839202881,0.0,1.0
911360,890,6,185.15724486253416,204.16666666666666,-0.005305535299703479,5.833107952773571,-2.2044334769248963,0.005440583999734372,0.06025390625,1.3899280056357384,32.80878677368164,1.2134201526641846,5.712050914764404,-0.08844470977783203,0.19590631127357483,0.0,-0.1177951917052269,-0.07780075818300247,-0.04676925390958786,-2.234506845474243,-2.155151128768921,-2.093470335006714,0.0,1.0
912384,891,8,182.67681064857555,200.75,-0.004754593345569447,6.945533481240273,-2.211406970024109,0.005994761688634753,0.0575927734375,1.4348688289523124,52.32496392726898,0.4037218689918518,6.427518844604492,-0.07233043760061264,0.19640159606933594,0.0,-0.1203511506319046,-0.07869493216276169,-0.0470791757106781,-2.239546775817871,-2.1569125652313232,-2.0940887928009033,0.0,1.0
913408,892,0,,,-0.00522911743610166,1.9623738642781974,-2.2179799914360045,0.005169004559866153,0.0703857421875,1.313021519780159,19.659602200984956,0.6648315191268921,3.748792886734009,-0.06858434528112411,0.1653306782245636,0.0,-0.1222955510020256,-0.08032127469778061,-0.04945763200521469,-2.2433788776397705,-2.1601345539093018,-2.098834753036499,0.0,1.0
914432,893,6,195.9195520185143,213.33333333333334,-0.007649482495617121,6.722145415842533,-2.2260536909103394,0.008779633019003086,0.081298828125,1.3381503880023957,60.452263188362124,3.3346590995788574,5.828756332397461,-0.07249453663825989,0.19631889462471008,0.0,-0.1232658103108406,-0.08103039860725403,-0.04991033300757408,-2.245290517807007,-2.1615400314331055,-2.0997378826141357,0.0,1.0
915456,894,6,190.89561543379276,217.83333333333334,-0.004521169129293412,2.1490972943603994,-2.2288693606853487,0.004258033772930503,0.03935546875,1.2486994072794915,31.485464692115784,0.43912845849990845,3.9964444637298584,-0.10767834633588791,0.20203633606433868,0.0,-0.12389947474002838,-0.08143734186887741,-0.05182267352938652,-2.2465386390686035,-2.1623497009277344,-2.1035525798797607,0.0,1.0
916480,895,3,171.45788003503625,179.33333333333334,-0.0056717988103628155,6.13101190328598,-2.2312942147254944,0.005364002572605386,0.0687255859375,1.1438198193907738,29.259440350532532,-0.3630419671535492,4.947792053222656,-0.10512494295835495,0.18820497393608093,0.0,-0.12286955118179321,-0.08168021589517593,-0.054028626531362534,-2.2445099353790283,-2.162836790084839,-2.107952117919922,0.0,1.0
917504,896,7,191.723971040506,202.85714285714286,-0.005835576402023435,5.8250858157873155,-2.2309309363365175,0.006737141840858385,0.0733154296875,1.1281592659652233,37.81509716510773,-1.3754209280014038,5.220688819885254,-0.09066203981637955,0.19062083959579468,0.0,-0.12185902148485184,-0.08121351897716522,-0.052245113998651505,-2.242518901824951,-2.1619184017181396,-2.1043951511383057,0.0,1.0
918528,897,5,147.02203401537602,177.6,-0.006335413194028661,1.9948070541024208,-2.2308042347431183,0.006381453759968281,0.0578125,1.2155091419816018,23.769544649124146,0.9742274880409241,3.3708109855651855,-0.11018901318311691,0.19259727001190186,0.0,-0.12159986048936844,-0.0822344496846199,-0.052346207201480865,-2.2420079708099365,-2.163951873779297,-2.1045968532562256,0.0,1.0
919552,898,5,190.0233973426229,201.2,-0.006004841381218285,1.4404238641262055,-2.2353287994861604,0.005319800664437935,0.0672607421875,1.3324248164892196,26.06214996576309,0.27645355463027954,3.3380978107452393,-0.12298514693975449,0.19352702796459198,0.0,-0.11957072466611862,-0.08203252404928207,-0.053951289504766464,-2.2380082607269287,-2.163574457168579,-2.1077980995178223,0.0,1.0
920576,899,7,180.33626685939672,187.28571428571428,-0.004739604331552983,12.01707002222538,-2.234253352880478,0.004905406091711484,0.055615234375,1.3280675426125526,68.1008849143982,1.3003253936767578,8.253349304199219,-0.12858878076076508,0.20164933800697327,0.0,-0.11827210336923599,-0.0823364332318306,-0.05505876615643501,-2.235447406768799,-2.164181709289551,-2.110006332397461,0.0,1.0
921600,900,5,158.25126109299964,182.0,-0.007423974561970681,4.082641045749187,-2.237152874469757,0.005853779605240561,0.0860595703125,1.3609954565763474,38.80529668331146,-1.5851000547409058,5.043604850769043,-0.11520213633775711,0.20277462899684906,0.0,-0.11910730600357056,-0.082701675593853,-0.05708232894539833,-2.2370944023132324,-2.164902925491333,-2.1140408515930176,0.0,1.0
922624,901,5,161.42304508219837,187.0,-0.005136435455642641,1.489043127000332,-2.2379006922245024,0.0059330662043066695,0.0616943359375,1.2711602851748467,15.649793708324433,-0.19365179538726807,3.03781795501709,-0.09110327810049057,0.20432545244693756,0.0,-0.117511086165905,-0.08253594487905502,-0.05987543240189552,-2.2339463233947754,-2.164584159851074,-2.119607925415039,0.0,1.0
923648,902,6,171.54602182959988,182.66666666666666,-0.0050754124124068765,3.7478226348757744,-2.240892821550369,0.0033150444302009418,0.0522705078125,1.2817261978983878,31.121353936195373,1.2394523620605469,4.572810173034668,-0.10792022943496704,0.2002936601638794,0.0,-0.11763031035661697,-0.08445259183645248,-0.06431517750024796,-2.2341814041137695,-2.168405055999756,-2.128453254699707,0.0,1.0
924672,903,5,206.17061213053915,219.0,-0.005378288496285677,5.3065273150801655,-2.2525901198387146,0.007026565074920654,0.06416015625,1.2508446261286736,45.27112126350403,2.5082521438598633,5.457025527954102,-0.11780184507369995,0.2076457291841507,0.0,-0.11786369234323502,-0.0855303406715393,-0.06638609617948532,-2.2346417903900146,-2.170546293258667,-2.132577419281006,0.0,1.0
925696,904,5,147.07968372678775,157.8,-0.004440420190803707,8.228577709197998,-2.2591310858726503,0.005452095341752283,0.069287109375,1.1500759407877923,34.11096009016037,-1.0198122262954712,6.259385585784912,-0.1521044820547104,0.19786706566810608,0.0,-0.11854226887226105,-0.08697310090065002,-0.06697770208120346,-2.235980272293091,-2.173412322998047,-2.1337554454803467,0.0,1.0
926720,905,8,171.56022186993016,186.75,-0.0055892011150717735,2.4889069572091103,-2.2631038308143614,0.004580709504080005,0.0795166015625,1.3255309447646142,30.550710237026216,0.7462560534477234,4.039751052856445,-0.12532325088977814,0.20681434869766235,0.0,-0.11619740724563599,-0.0866653323173523,-0.06917989999055862,-2.2313544750213623,-2.172811985015869,-2.138139486312866,0.0,1.0
927744,906,5,104.95296931965609,145.0,-0.006630023790057749,4.663910339772701,-2.2599369466304777,0.00754474368004594,0.08203125,1.3314293548464775,33.042630195617676,-0.8626935482025146,4.838346481323242,-0.07442861050367355,0.19538471102714539,0.0,-0.11620847135782242,-0.0862269401550293,-0.07028639316558838,-2.2313764095306396,-2.171952486038208,-2.1403417587280273,0.0,1.0
928768,907,4,161.29979896061528,187.0,-0.005087119585368782,1.8352394837886095,-2.257647752761841,0.003043578632059507,0.050146484375,1.2106830760836602,20.400455963611602,0.33690688014030457,3.725728750228882,-0.059877920895814896,0.1833043098449707,0.0,-0.11579965800046921,-0.0857747495174408,-0.07015775889158249,-2.23056960105896,-2.1710498332977295,-2.1400856971740723,0.0,1.0
929792,908,7,169.32081125239307,202.14285714285714,-0.005390529509168118,5.200367031991481,-2.2583696246147156,0.004819420815329068,0.05068359375,1.0156970977783204,43.819028449058536,1.1519196033477783,5.570289611816406,-0.09828930348157883,0.1968769133090973,0.0,-0.1151997372508049,-0.08677343279123306,-0.071700319647789,-2.2293856143951416,-2.1730425357818604,-2.143155336380005,0.0,1.0
930816,909,5,140.6630308554513,168.8,-0.005677032668609172,2.4781041502952577,-2.2656018912792204,0.005374260374810547,0.0688720703125,1.433390337228775,30.580819153785704,1.0152359008789062,3.8725647926330566,-0.09173453599214554,0.18773505091667175,0.0,-0.11721855401992798,-0.08785361796617508,-0.07246418297290802,-2.2333693504333496,-2.1751821041107178,-2.1446752548217773,0.0,1.0
931840,910,6,148.9980807962357,173.66666666666666,-0.003545383203891106,4.148531563580036,-2.2720713794231413,0.006285853422014043,0.0649658203125,1.2174873009324074,17.903519690036774,0.4048231244087219,3.8027894496917725,-0.08764632791280746,0.18418602645397186,0.0,-0.1181815043091774,-0.08902519196271896,-0.07429763674736023,-2.2352685928344727,-2.177492380142212,-2.148322343826294,0.0,1.0
932864,911,5,167.1652441337074,199.4,-0.005097819969523698,7.8808933109045025,-2.2741014838218687,0.007325747632421553,0.0661376953125,1.1826597839593886,46.78549430370331,2.351522922515869,6.09500789642334,-0.10173505544662476,0.18547648191452026,0.0,-0.11697690933942795,-0.0882159173488617,-0.07300391048192978,-2.2328925132751465,-2.1758971214294434,-2.145749092102051,0.0,1.0
933888,912,2,235.2271647382663,248.0,-0.005725579947466031,9.00764594823122,-2.2726443707942963,0.0061008505377685655,0.0593505859375,1.3745701387524605,77.76018166542053,5.526836395263672,5.853909015655518,-0.12898607552051544,0.1963978409767151,0.0,-0.11693090200424194,-0.08910662680864334,-0.07350700348615646,-2.232801675796509,-2.177661657333374,-2.14674973487854,0.0,1.0
934912,913,8,207.5115443142082,214.0,-0.005790395202348008,7.086158803105354,-2.2784714698791504,0.006959262301097624,0.062841796875,1.1545245334506036,37.830539393424985,0.08613549917936325,5.923872470855713,-0.1081840991973877,0.20000287890434265,0.0,-0.11735974252223969,-0.08972257375717163,-0.07399188727140427,-2.2336478233337402,-2.178896903991699,-2.147714376449585,0.0,1.0
935936,914,4,186.81935990521268,185.25,-0.0066031028749421235,6.8660315290093425,-2.2782695293426514,0.004175000317627564,0.0662109375,1.3343767166137694,46.09323291778564,2.739553928375244,5.526643753051758,-0.07310986518859863,0.1988956332206726,0.0,-0.11552160233259201,-0.08913680166006088,-0.07315871864557266,-2.2300209999084473,-2.177741050720215,-2.146056890487671,0.0,1.0
936960,915,4,243.96530768610276,237.5,-0.005484139861073345,3.378038650751114,-2.2762096345424654,0.006838603934738785,0.058984375,1.201394261419773,30.116085708141327,2.921316146850586,3.663896322250366,-0.08530936390161514,0.18809998035430908,0.0,-0.11662416160106659,-0.08925233036279678,-0.07322824001312256,-2.232196569442749,-2.1779632568359375,-2.14619517326355,0.0,1.0
937984,916,6,172.72449707862725,202.5,-0.00366462143138051,2.6830430313944817,-2.279307574033737,0.004174232669174671,0.041259765625,1.0954557597637176,22.498849093914032,1.5707635879516602,3.3954145908355713,-0.10042261332273483,0.19261614978313446,0.0,-0.11884801834821701,-0.09016480296850204,-0.07193112373352051,-2.2365832328796387,-2.1797561645507812,-2.1436145305633545,0.0,1.0
939008,917,5,207.23049911918065,223.2,-0.004642404511105269,6.781496834754944,-2.280754750967026,0.007677997331484221,0.0676025390625,1.341890463232994,37.60228972434997,-0.7755605578422546,5.536133289337158,-0.054656147956848145,0.19110462069511414,0.0,-0.11919242888689041,-0.08939254283905029,-0.06973762065172195,-2.23726224899292,-2.178220510482788,-2.139249563217163,0.0,1.0
940032,918,5,166.98164342195577,204.4,-0.007361778634367511,2.0462073758244514,-2.2775656163692473,0.005453458134434186,0.0864501953125,1.444634161889553,30.815720212459563,0.8208327889442444,3.5652647018432617,-0.07380346953868866,0.19451536238193512,0.0,-0.11919894814491272,-0.08938097208738327,-0.06821473687887192,-2.2372751235961914,-2.1782033443450928,-2.136218309402466,0.0,1.0
941056,919,4,171.45846331658257,203.5,-0.004908007488120347,2.8931714348495006,-2.2779127955436707,0.0073309422645252195,0.0834716796875,1.2087635792791844,22.814788854122163,0.31603333353996277,3.8635735511779785,-0.1213977113366127,0.19317857921123505,0.0,-0.11952800303697586,-0.08933019638061523,-0.0671248733997345,-2.237924098968506,-2.178095579147339,-2.1340484619140625,0.0,1.0
942080,920,5,166.83339821226323,188.8,-0.006590750825125724,4.985359081625939,-2.2808648526668547,0.007825457531725987,0.0845458984375,1.463051651418209,35.85418559312821,0.26547783613204956,5.535964488983154,-0.10838117450475693,0.199100524187088,0.0,-0.12180636823177338,-0.09062153100967407,-0.06936531513929367,-2.242414951324463,-2.1806628704071045,-2.1385085582733154,0.0,1.0
943104,921,6,190.0213012515113,196.66666666666666,-0.007504518795758486,0.8271828249096871,-2.2900664627552034,0.005920580262318254,0.0859619140625,1.278659626096487,14.33582364320755,0.10912446677684784,2.3463332653045654,-0.1094486191868782,0.18847742676734924,0.0,-0.12377642840147018,-0.09252559393644333,-0.0713680163025856,-2.2462964057922363,-2.184420585632324,-2.1424942016601562,0.0,1.0
944128,922,6,172.8678896279316,194.0,-0.006054336728993803,3.53833869099617,-2.2979183912277223,0.009147378313355149,0.0773193359375,1.4326947525143623,30.520430183410646,1.7027826309204102,4.317338466644287,-0.10867086797952652,0.193647563457489,0.0,-0.12407902628183365,-0.092674620449543,-0.07108534127473831,-2.2468924522399902,-2.184720754623413,-2.1419317722320557,0.0,1.0
945152,923,5,168.96720987998597,194.8,-0.005167982738930732,2.968965272605419,-2.2969763457775114,0.005871038773329928,0.06923828125,1.2926487654447556,32.414945578575136,-0.34640902280807495,4.245042324066162,-0.08675834536552429,0.1913660317659378,0.0,-0.12271029502153397,-0.09265128523111343,-0.07022066414356232,-2.2441961765289307,-2.1846792697906494,-2.1402108669281006,0.0,1.0
946176,924,4,169.4768437144091,193.5,-0.005220464547164738,4.924341958761215,-2.3022385120391844,0.004218303228844889,0.059423828125,1.2965067788958549,49.61866562366485,1.8681228160858154,5.687112808227539,-0.04679088667035103,0.18233871459960938,0.0,-0.12396875768899918,-0.09464159607887268,-0.07214720547199249,-2.2466752529144287,-2.1886227130889893,-2.1440446376800537,0.0,1.0
947200,925,4,233.23260322478916,265.25,-0.004315182066056878,10.911454409360886,-2.315329021215439,0.005686769320163876,0.0661865234375,1.3495574027299881,61.65951759815216,4.526552200317383,6.947437286376953,-0.06442582607269287,0.18714845180511475,0.0,-0.12595954537391663,-0.09675770998001099,-0.07337190955877304,-2.2505950927734375,-2.1928141117095947,-2.1464810371398926,0.0,1.0
948224,926,4,244.89773787834977,261.5,-0.005294163909275085,1.683959349244833,-2.322590225934982,0.006632066378369927,0.0609375,1.2395886465907098,20.46763242483139,1.4123094081878662,2.9483325481414795,-0.10478931665420532,0.1773100197315216,0.0,-0.12561628222465515,-0.09682925790548325,-0.0732712522149086,-2.2499194145202637,-2.192967653274536,-2.1462807655334473,0.0,1.0
949248,927,4,220.789026504871,219.0,-0.003940705227432772,5.587862525880337,-2.3235626578330995,0.005145300921867602,0.0487548828125,1.4750096768140792,52.11086626052857,2.9632859230041504,5.4236345291137695,-0.11992476135492325,0.20177870988845825,0.0,-0.12758108973503113,-0.09769782423973083,-0.07390958070755005,-2.25378680229187,-2.1946828365325928,-2.147550582885742,0.0,1.0
950272,928,5,244.00618559780105,234.8,-0.0052370455814525485,5.246299706399441,-2.3298439383506775,0.007115680546849035,0.0893798828125,1.3110663250088692,42.12415590286255,0.19128596782684326,5.775315761566162,-0.09863752871751785,0.19434130191802979,0.0,-0.1296207308769226,-0.09842938184738159,-0.07240577787160873,-2.2577991485595703,-2.1961147785186768,-2.144558906555176,0.0,1.0
951296,929,7,158.12376555732266,185.42857142857142,-0.005035968613810837,2.9240695178508758,-2.330390739440918,0.004273550576181151,0.0578369140625,1.2980370834469794,34.991169941425326,1.2493565082550049,4.314286231994629,-0.12317503243684769,0.20558255910873413,0.0,-0.13049130141735077,-0.09807611256837845,-0.0710723027586937,-2.2595112323760986,-2.1954002380371094,-2.1419057846069336,0.0,1.0
952320,930,4,167.49542695230832,196.75,-0.004182066221255809,2.349712323397398,-2.3278212189674377,0.006333784267189913,0.054052734375,1.3209431141614913,33.273370516300204,-0.10698211193084717,4.020239353179932,-0.06188961863517761,0.1829361766576767,0.0,-0.12985746562480927,-0.0974978432059288,-0.07062326371669769,-2.2582647800445557,-2.194272756576538,-2.141012191772461,0.0,1.0
953344,931,6,179.26559557014193,197.5,-0.0045808200957253575,4.783715000748634,-2.3236335158348083,0.005474588621291332,0.0650146484375,1.3306590870022774,44.482328820228574,2.063749313354492,5.107946395874023,-0.0697101354598999,0.19324298202991486,0.0,-0.1288655400276184,-0.09664254635572433,-0.06844646483659744,-2.2563138008117676,-2.1925723552703857,-2.1366796493530273,0.0,1.0
954368,932,4,219.52775412690818,219.0,-0.00291583186481148,1.7174817256629467,-2.3203784346580507,0.004451687191613018,0.054248046875,1.5377442479133605,32.97860618829727,0.7129664421081543,3.3505656719207764,-0.08013107627630234,0.2001737356185913,0.0,-0.12977416813373566,-0.09661167860031128,-0.06736119836568832,-2.258100986480713,-2.192493438720703,-2.134519100189209,0.0,1.0
955392,933,7,171.02077426841294,198.0,-0.008205232257023454,6.211635109782219,-2.3218503296375275,0.010005693562561646,0.0804931640625,1.121055369079113,41.17067128419876,-0.3396986722946167,6.150998592376709,-0.07270997762680054,0.1745385229587555,0.0,-0.12859317660331726,-0.09718207269906998,-0.0704275518655777,-2.2557780742645264,-2.1936416625976562,-2.140622615814209,0.0,1.0
956416,934,4,147.8676057172142,183.25,-0.008101754664676265,5.276284486055374,-2.324486529827118,0.010233329757465982,0.1111083984375,1.3484476819634437,44.282729387283325,-0.1346433460712433,5.613330841064453,-0.08956631273031235,0.1886664777994156,0.0,-0.1275109350681305,-0.09721193462610245,-0.07070700824260712,-2.2536487579345703,-2.193711519241333,-2.141178846359253,0.0,1.0
957440,935,4,169.20162457578016,202.0,-0.004932543751783669,5.081275969743729,-2.3249042510986326,0.005639481940306723,0.0520263671875,1.1752418488264085,45.03518340587616,0.6472947597503662,5.654778957366943,-0.09059057384729385,0.18338412046432495,0.0,-0.12613354623317719,-0.09744870662689209,-0.07007426023483276,-2.2509377002716064,-2.1941730976104736,-2.1399195194244385,0.0,1.0
958464,936,5,243.3244357274869,242.2,-0.005489625444170088,3.4136668726801873,-2.328990268707275,0.008633967291098088,0.071435546875,1.3399503409862519,34.942770504951476,2.0428829193115234,4.263412952423096,-0.09823036193847656,0.17708903551101685,0.0,-0.1278507113456726,-0.09866946190595627,-0.072644904255867,-2.254317283630371,-2.19659161567688,-2.1450347900390625,0.0,1.0
959488,937,3,209.1674622687075,226.0,-0.004882878775242716,2.495325030386448,-2.3388892292976378,0.005567809328204021,0.057958984375,1.259641668200493,35.64137912988663,0.24918591976165771,4.115721702575684,-0.08664524555206299,0.1780364066362381,0.0,-0.13098551332950592,-0.10074790567159653,-0.07416004687547684,-2.2604830265045166,-2.2007029056549072,-2.1480488777160645,0.0,1.0
960512,938,7,205.76502543910996,219.0,-0.005518677760846913,4.917099565267563,-2.350663435459137,0.005488666344899684,0.063671875,1.2694418713450433,32.974969720840456,1.4098362922668457,5.3084917068481445,-0.07423845678567886,0.18662576377391815,0.0,-0.13209344446659088,-0.10260707885026932,-0.07566864043474197,-2.2626609802246094,-2.2043864727020264,-2.1510491371154785,0.0,1.0
961536,939,3,168.04857016779457,172.0,-0.006224589445628226,11.623601096868516,-2.355037122964859,0.00697932506154757,0.0779296875,1.2156639024615288,76.22413458824158,2.211113691329956,7.916557788848877,-0.10736098140478134,0.18074968457221985,0.0,-0.1327403336763382,-0.10174950212240219,-0.07366692274808884,-2.263932228088379,-2.2026760578155518,-2.1470680236816406,0.0,1.0
962560,940,6,240.1046547740876,246.83333333333334,-0.005306380277033895,5.076184043288231,-2.355041027069092,0.007595571741694585,0.0677001953125,1.286238746345043,40.741983723640445,1.7177040576934814,5.611634731292725,-0.09824079275131226,0.19755390286445618,0.0,-0.135716512799263,-0.10354018211364746,-0.07641778141260147,-2.2697787284851074,-2.206214666366577,-2.152538776397705,0.0,1.0
963584,941,3,186.3286642842992,215.33333333333334,-0.0051806594827212395,18.75185434818268,-2.362545961141586,0.0052255438204156235,0.0666259765625,1.1837637275457382,78.24399576187133,0.01551353931427002,9.011887550354004,-0.1081400215625763,0.20293089747428894,0.0,-0.1363372504711151,-0.10326835513114929,-0.07501669973134995,-2.2709975242614746,-2.2056679725646973,-2.149752616882324,0.0,1.0
964608,942,5,229.85941134042272,247.4,-0.005614033900201321,11.80321545600891,-2.3615112364292146,0.00693220503453631,0.0589111328125,1.3790206432342529,82.38901543617249,4.932186603546143,6.480751991271973,-0.12880338728427887,0.20643070340156555,0.0,-0.13777093589305878,-0.10408840328454971,-0.07613885402679443,-2.2738115787506104,-2.2072970867156982,-2.151984214782715,0.0,1.0
965632,943,4,250.9162354289724,252.0,-0.006779726431705058,6.4992167294025425,-2.363430792093277,0.009910209241206757,0.0874755859375,1.4145128905773163,40.36151151657104,1.2382279634475708,5.487459659576416,-0.11152919381856918,0.19416379928588867,0.0,-0.13647328317165375,-0.10304374247789383,-0.07489015907049179,-2.2712645530700684,-2.205233335494995,-2.149500846862793,0.0,1.0
966656,944,7,181.99325018895982,201.28571428571428,-0.005106498574605212,4.999141223728657,-2.3557948052883146,0.004368945190799422,0.05244140625,1.3018762066960334,32.619981741905214,-0.8382534384727478,5.043649196624756,-0.09713955968618393,0.20139135420322418,0.0,-0.1336527019739151,-0.10202274471521378,-0.07561943680047989,-2.2657251358032227,-2.203219175338745,-2.1509511470794678,0.0,1.0
967680,945,2,145.15528748022552,180.5,-0.003855883073993027,1.6688238613307476,-2.3513871788978578,0.00410929569916334,0.0488037109375,1.426125892996788,25.157616758346556,1.6171083450317383,3.1113171577453613,-0.08757537603378296,0.1968023031949997,0.0,-0.13482826948165894,-0.10168353468179703,-0.07427142560482025,-2.2680344581604004,-2.2025325298309326,-2.14827036857605,0.0,1.0
968704,946,7,168.19629367189282,207.85714285714286,-0.006018056930042803,5.430093792080879,-2.3503799378871917,0.005042139813303948,0.059521484375,1.4259677603840828,26.45287389755249,0.1889449954032898,4.718981742858887,-0.06623391062021255,0.19974146783351898,0.0,-0.13406342267990112,-0.10154607146978378,-0.07458848506212234,-2.2665319442749023,-2.202270269393921,-2.1489009857177734,0.0,1.0
969728,947,2,140.5231967461239,152.5,-0.004146593401674181,7.103666475415229,-2.349754160642624,0.005319995590252802,0.07470703125,1.3570510998368264,34.26016762256622,1.450822353363037,5.271517276763916,-0.10416685789823532,0.18427401781082153,0.0,-0.13376390933990479,-0.1014946773648262,-0.07520481199026108,-2.2659435272216797,-2.202176332473755,-2.1501266956329346,0.0,1.0
970752,948,7,250.56555222610268,254.71428571428572,-0.006135691946838051,5.1873855367302895,-2.349391508102417,0.010643100913148374,0.0878662109375,1.3777360379695893,43.53746238946915,2.0483932495117188,5.454539775848389,-0.08628017455339432,0.19076070189476013,0.0,-0.13131578266620636,-0.10145322233438492,-0.07685775309801102,-2.26113224029541,-2.2021079063415527,-2.1534135341644287,0.0,1.0
971776,949,3,198.48176300824306,219.66666666666666,-0.00726537526352331,3.0487534269690513,-2.3487874925136567,0.008233185994322411,0.0823974609375,1.4976912885904312,33.25038094520569,1.2532644271850586,4.293653964996338,-0.06361976265907288,0.18048737943172455,0.0,-0.1312834918498993,-0.1011107787489891,-0.07632263004779816,-2.261068820953369,-2.2014198303222656,-2.1523494720458984,0.0,1.0
972800,950,6,229.45639384002345,242.0,-0.004849432327318937,9.639912655949592,-2.347533905506134,0.005244166043121367,0.05419921875,1.3114976793527604,80.76967113018036,3.8400113582611084,7.061855792999268,-0.05885367467999458,0.2005695104598999,0.0,-0.1326552778482437,-0.1013861671090126,-0.07492353022098541,-2.2637650966644287,-2.2019617557525635,-2.1495673656463623,0.0,1.0
973824,951,4,155.74603443943235,192.75,-0.0055320592015050355,18.202214831113814,-2.346485733985901,0.0044868202152429145,0.0630126953125,1.1855437695980071,53.61787042617798,-0.21750420331954956,8.206684112548828,-0.07072491198778152,0.19225169718265533,0.0,-0.13216257095336914,-0.10012242197990417,-0.07287344336509705,-2.2627968788146973,-2.1994576454162598,-2.145489454269409,0.0,1.0
974848,952,5,195.61917698695433,210.2,-0.005909907113527879,3.1066641330718996,-2.340109884738922,0.004617761113331653,0.055712890625,1.5223754584789275,30.17779530286789,1.0434527397155762,4.4226861000061035,-0.07104001194238663,0.18408599495887756,0.0,-0.13171923160552979,-0.09991013258695602,-0.07304897904396057,-2.261925458908081,-2.1990394592285156,-2.145838737487793,0.0,1.0
975872,953,4,222.7127309970183,237.0,-0.0037982316687703134,3.2292255491018294,-2.3426332652568815,0.005285549102700316,0.045654296875,1.2734802901744842,29.189860236644744,3.0125207901000977,3.7212677001953125,-0.06135665997862816,0.16083216667175293,0.0,-0.13290560245513916,-0.10084352642297745,-0.0734381303191185,-2.2642571926116943,-2.2008845806121826,-2.1466128826141357,0.0,1.0
976896,954,3,275.5037751237271,251.33333333333334,-0.004901992005761713,3.3147181257605554,-2.3499724209308623,0.005340240223449655,0.0522216796875,1.2947231352329254,34.54140129089355,1.9870909452438354,4.289861679077148,-0.038549963384866714,0.17557565867900848,0.0,-0.13417387008666992,-0.10238023847341537,-0.07409290969371796,-2.2667489051818848,-2.203932285308838,-2.1479153633117676,0.0,1.0
977920,955,7,229.23527502246426,251.42857142857142,-0.005905650265049189,12.166199433803559,-2.3564838588237764,0.007922375638736412,0.0803466796875,1.36091840416193,66.8418752193451,1.1311944723129272,7.70847225189209,-0.05937013030052185,0.20765112340450287,0.0,-0.1353861391544342,-0.10260489583015442,-0.07292837649583817,-2.269129991531372,-2.2043569087982178,-2.1455986499786377,0.0,1.0
978944,956,1,279.7422603866015,292.0,-0.003620747264358215,1.654414590448141,-2.3562365770339966,0.005286309335497208,0.051513671875,1.305592603981495,26.070407855510712,0.9870802760124207,3.3825440406799316,-0.11628230661153793,0.19740113615989685,0.0,-0.13746245205402374,-0.10263288021087646,-0.07205832749605179,-2.2732062339782715,-2.2043964862823486,-2.1438677310943604,0.0,1.0
979968,957,8,212.22066765868965,221.125,-0.004757361148949713,4.350501619279385,-2.357988733053207,0.0036310188035713507,0.06513671875,1.2087308079004289,27.97269504070282,0.4637909233570099,4.665123462677002,-0.08682505041360855,0.19660049676895142,0.0,-0.1392817497253418,-0.10331606864929199,-0.0705932080745697,-2.276776075363159,-2.2057456970214844,-2.1409523487091064,0.0,1.0
980992,958,1,137.5375055042432,158.0,-0.004979761200957,2.9084018535912035,-2.363989394903183,0.0038128486543428154,0.0701904296875,1.4570155203342439,31.35335829257965,0.8190601468086243,4.3388237953186035,-0.055621325969696045,0.1736472100019455,0.0,-0.1432344913482666,-0.10453593730926514,-0.06903139501810074,-2.2845258712768555,-2.2081260681152344,-2.1378438472747803,0.0,1.0
982016,959,6,279.57486193972846,278.8333333333333,-0.004821287409868091,9.806838637590408,-2.369933605194092,0.0026094245549757034,0.0587158203125,1.3219379797577857,63.63019173145294,3.0276267528533936,6.616492748260498,-0.03108161687850952,0.17892557382583618,0.0,-0.14528430998325348,-0.10550621896982193,-0.06848578155040741,-2.288541316986084,-2.2100181579589844,-2.1367578506469727,0.0,1.0
983040,960,2,349.3533198253614,303.5,-0.004823511210270226,4.18541991263628,-2.3752300679683684,0.004601561903837137,0.0439208984375,1.3268519893288613,32.31377205848694,1.6179721355438232,4.191654682159424,-0.014778121374547482,0.1654020994901657,0.0,-0.14570777118206024,-0.10607585310935974,-0.06873082369565964,-2.289370536804199,-2.2111423015594482,-2.1372456550598145,0.0,1.0
984064,961,6,196.31532155997607,224.16666666666666,-0.004976727673783899,23.02999163866043,-2.3800938189029694,0.0031349562777904794,0.07646484375,1.2526745349168777,69.6460828781128,-0.892485499382019,9.37773323059082,-0.009240900166332722,0.1957118809223175,0.0,-0.14633525907993317,-0.1074506863951683,-0.07085336744785309,-2.2905991077423096,-2.213876247406006,-2.141469955444336,0.0,1.0
985088,962,2,246.49413825334733,252.0,-0.004691960639320314,4.642420580983162,-2.387766200304031,0.008918308810098096,0.0802978515625,1.5477118089795112,60.730072712898256,0.38335615396499634,5.002607822418213,-0.09658753871917725,0.2307673543691635,0.0,-0.14687979221343994,-0.10839837044477463,-0.0730196163058281,-2.2916650772094727,-2.2157516479492188,-2.145780324935913,0.0,1.0
986112,963,7,209.2853589369979,229.14285714285714,-0.006057761877309531,1.9909874871373177,-2.3907179832458496,0.006432737040449865,0.0801513671875,1.3958116248250008,23.063572108745575,0.6711550951004028,3.197509288787842,-0.015197918750345707,0.1788232922554016,0.0,-0.14861829578876495,-0.10835475474596024,-0.07379327714443207,-2.295067310333252,-2.2156522274017334,-2.1473193168640137,0.0,1.0
987136,964,4,180.0657386227989,207.25,-0.006951599079184234,8.701692363619804,-2.3902381539344786,0.005877672575297766,0.0713134765625,1.2847990229725839,40.983070850372314,-0.23687322437763214,6.013126373291016,0.007201850414276123,0.17894050478935242,0.0,-0.1485176682472229,-0.10826071351766586,-0.07388193160295486,-2.294870376586914,-2.215463876724243,-2.1474955081939697,0.0,1.0
988160,965,3,233.12969625888545,248.33333333333334,-0.006896951724775136,4.32959743887186,-2.388477402925491,0.007964904588880018,0.10478515625,1.4026907861232758,45.99241287708283,-0.05914199352264404,4.97368049621582,-0.05363849923014641,0.17400076985359192,0.0,-0.14768563210964203,-0.1077762246131897,-0.07468977570533752,-2.2932424545288086,-2.214524269104004,-2.1491024494171143,0.0,1.0
989184,966,6,250.86429374386466,248.33333333333334,-0.006183276488445699,6.180439805984497,-2.386921751499176,0.006788238152512349,0.0666259765625,1.2181086346507073,42.25456082820892,1.0156614780426025,5.767595291137695,-0.07490528374910355,0.18447619676589966,0.0,-0.14714406430721283,-0.1078663244843483,-0.0735013410449028,-2.292182445526123,-2.214694023132324,-2.1467385292053223,0.0,1.0
990208,967,3,193.9108746243928,213.0,-0.007850343961035833,7.006581580638885,-2.3893590390682222,0.005739333003293723,0.1016845703125,1.3810508757829667,45.197782492637636,-1.3444311618804932,5.669076919555664,-0.10705868154764175,0.20415134727954865,0.0,-0.14922280609607697,-0.10868639498949051,-0.07148676365613937,-2.2962498664855957,-2.21630859375,-2.142730474472046,0.0,1.0
991232,968,7,190.9263252726873,207.57142857142858,-0.004336603544652462,12.048005557060241,-2.3932785034179687,0.0040464496705681086,0.057568359375,1.2086476296186448,55.44993410110474,-0.749461829662323,7.719786167144775,-0.07713495194911957,0.18300063908100128,0.0,-0.14799971878528595,-0.10885849595069885,-0.07149963080883026,-2.2938570976257324,-2.2166531085968018,-2.1427559852600098,0.0,1.0
992256,969,2,173.87597068598694,180.0,-0.008390379208140075,4.665566422045231,-2.3930902242660523,0.010687079359195195,0.0859619140625,1.4398229517042638,47.47644052505493,0.3417949676513672,5.347787380218506,-0.09761307388544083,0.19071519374847412,0.0,-0.14607538282871246,-0.10868418961763382,-0.07222332060337067,-2.290090322494507,-2.216327428817749,-2.144196033477783,0.0,1.0
993280,970,7,223.60356960570385,240.85714285714286,-0.005977742897812277,5.431098699569702,-2.39079909324646,0.007824117795098572,0.077783203125,1.3541301682591438,46.67711300849915,-0.45186540484428406,5.48887300491333,-0.08969511836767197,0.20476844906806946,0.0,-0.144772008061409,-0.10816898941993713,-0.07204771041870117,-2.2875380516052246,-2.2153117656707764,-2.1438465118408203,0.0,1.0
994304,971,6,150.47896043611058,164.16666666666666,-0.004625534533988685,3.194842292368412,-2.388991594314575,0.009133445468614809,0.1223388671875,1.7734557449817658,36.41928358078003,-0.8796066045761108,4.29717493057251,-0.1011677160859108,0.21725378930568695,0.0,-0.1448880434036255,-0.10832018405199051,-0.07288438081741333,-2.2877652645111084,-2.215618371963501,-2.1455111503601074,0.0,1.0
995328,972,4,197.50705806619698,205.5,-0.005785043875221163,6.759968324005603,-2.3930735349655152,0.006720176624367013,0.079833984375,1.3177426889538766,56.62937133312225,-2.6705026626586914,5.83553409576416,-0.07066749036312103,0.18686112761497498,0.0,-0.14620526134967804,-0.1095413863658905,-0.07387589663267136,-2.290344715118408,-2.2180302143096924,-2.1474835872650146,0.0,1.0
996352,973,6,198.27937038852042,222.0,-0.004769885272253305,2.115660782903433,-2.4028445184230804,0.005948892855667509,0.0611083984375,1.4906576111912728,21.678623473644258,0.09770239144563675,3.4418296813964844,-0.07019277662038803,0.19094504415988922,0.0,-0.1479266881942749,-0.1114509105682373,-0.07661256194114685,-2.2937140464782715,-2.2218003273010254,-2.152925968170166,0.0,1.0
997376,974,3,195.80721220742006,219.0,-0.004988499108003452,4.14361439794302,-2.412139493227005,0.003652099348255433,0.05771484375,1.2861691743135453,43.29294853210449,-1.112534523010254,5.113162994384766,-0.13632185757160187,0.22065123915672302,0.0,-0.1496390551328659,-0.11262737959623337,-0.07753273844718933,-2.2970640659332275,-2.2241084575653076,-2.1547555923461914,0.0,1.0
998400,975,7,187.0161616830936,200.14285714285714,-0.004543969093356281,3.327611483633518,-2.4149581611156465,0.004619039630051702,0.0769775390625,1.449252186715603,39.71302154064178,-1.4818665981292725,4.572402477264404,-0.10300063341856003,0.19295816123485565,0.0,-0.14957711100578308,-0.11227554082870483,-0.07724201679229736,-2.296942949295044,-2.223418951034546,-2.15417742729187,0.0,1.0
999424,976,1,192.2480959365405,202.0,-0.007236739358631894,9.348686006665229,-2.4139615833759307,0.011226290557533502,0.0859375,1.479165071249008,65.58479502201081,1.0268304347991943,7.0924763679504395,-0.10310999304056168,0.18834009766578674,0.0,-0.1488582342863083,-0.11253395676612854,-0.07920972257852554,-2.295536756515503,-2.223933219909668,-2.1580889225006104,0.0,1.0
1000448,977,7,227.06772880067052,254.28571428571428,-0.00501946525182575,2.395081287622452,-2.4175902128219606,0.003711465498781763,0.0541015625,1.5202016204595565,29.061593413352966,0.16575294733047485,3.8069019317626953,-0.1147519052028656,0.21108287572860718,0.0,-0.14972621202468872,-0.11364763975143433,-0.08129694312810898,-2.297234535217285,-2.2261455059051514,-2.1622366905212402,0.0,1.0
1001472,978,6,164.07083826533562,186.33333333333334,-0.007268158975057304,5.030941312015057,-2.4236273944377897,0.008571228629443794,0.087890625,1.6184783801436424,58.05426776409149,-2.1215932369232178,5.085172653198242,-0.11053293943405151,0.23889577388763428,0.0,-0.15164463222026825,-0.11410637944936752,-0.0809972956776619,-2.30098557472229,-2.2270357608795166,-2.1616413593292236,0.0,1.0
1002496,979,3,154.23953163026604,179.0,-0.005955192272085697,2.524105003476143,-2.426957052946091,0.0053676470328355205,0.0589599609375,1.355351522564888,34.53671312332153,-1.4199237823486328,4.110933780670166,-0.11110151559114456,0.19206489622592926,0.0,-0.15386463701725006,-0.1151493713259697,-0.07947783172130585,-2.305323600769043,-2.2290637493133545,-2.1586217880249023,0.0,1.0
1003520,980,7,188.4580489810282,213.85714285714286,-0.0053677436604630206,4.017857858538628,-2.43355171084404,0.0039494615921285,0.0551513671875,1.4355030313134194,41.15717561244965,1.2320619821548462,5.051982402801514,-0.08457639068365097,0.19904404878616333,0.0,-0.1545177847146988,-0.11632121354341507,-0.08134070783853531,-2.3065993785858154,-2.231386661529541,-2.162323474884033,0.0,1.0
1004544,981,3,136.31822861643823,146.66666666666666,-0.006942808860912919,7.3422439903020855,-2.437261712551117,0.011492871324298904,0.0929931640625,1.2394957542419434,38.517879009246826,-0.20391833782196045,5.907838821411133,-0.05234129726886749,0.20236799120903015,0.0,-0.1534431129693985,-0.11608812212944031,-0.08128097653388977,-2.304500102996826,-2.2309327125549316,-2.1622049808502197,0.0,1.0
1005568,982,5,209.0978191338937,230.6,-0.004281524219550192,8.978309839963913,-2.435825562477112,0.007352406808058732,0.0657958984375,1.430180823802948,63.89996347427368,0.7777460217475891,7.41848611831665,-0.04289759695529938,0.21591469645500183,0.0,-0.1548931896686554,-0.11611517518758774,-0.08095772564411163,-2.3073325157165527,-2.2309722900390625,-2.16156268119812,0.0,1.0
1006592,983,5,242.7560240970676,240.6,-0.004741028393618762,2.7865489959716796,-2.4344379365444184,0.0058053984539583325,0.0836181640625,1.356487976014614,32.09617533683777,0.3497430384159088,4.215597152709961,-0.06879375129938126,0.19443774223327637,0.0,-0.15370208024978638,-0.11555708199739456,-0.08108443766832352,-2.3050060272216797,-2.2298800945281982,-2.1618144512176514,0.0,1.0
1007616,984,6,175.20617571907806,194.0,-0.004934026236878708,3.882241776585579,-2.432997965812683,0.0075662673829356205,0.0702392578125,1.2967108115553856,33.74380886554718,-0.6164281964302063,4.7018046379089355,-0.06913783401250839,0.21591170132160187,0.0,-0.1534232646226883,-0.11572283506393433,-0.08071538805961609,-2.3044614791870117,-2.230217218399048,-2.161081075668335,0.0,1.0
1008640,985,4,183.72247980224023,211.0,-0.005704359523952008,1.4017265178263187,-2.438435024023056,0.005727493242011406,0.0610107421875,1.5481077194213868,25.54536180496216,-0.1641741693019867,3.224736452102661,-0.09180063009262085,0.2041121870279312,0.0,-0.15454453229904175,-0.11742804199457169,-0.08203080296516418,-2.3066515922546387,-2.2335665225982666,-2.1636946201324463,0.0,1.0
1009664,986,6,187.8562445169198,205.16666666666666,-0.004016345227137208,4.426128797233105,-2.444478452205658,0.00440575885004364,0.0485107421875,1.419086891412735,44.356315398216246,1.7495920658111572,5.073437690734863,-0.1012711152434349,0.20477189123630524,0.0,-0.15649989247322083,-0.1173611506819725,-0.08135948330163956,-2.310469150543213,-2.2334301471710205,-2.162360906600952,0.0,1.0
1010688,987,3,251.26567960392006,255.33333333333334,-0.005303646821994334,3.6945633739233017,-2.4477471232414247,0.003838407664443366,0.05869140625,1.45870840549469,42.24859243631363,1.8403048515319824,5.070578098297119,-0.1222337856888771,0.1987440437078476,0.0,-0.16057096421718597,-0.11921928077936172,-0.08333046734333038,-2.3184101581573486,-2.237067937850952,-2.166276216506958,0.0,1.0
1011712,988,7,193.62786028307644,205.57142857142858,-0.004609242308652029,2.187884245812893,-2.462158703804016,0.003588800766738132,0.06708984375,1.6334895208477973,25.41157968044281,1.1414306163787842,3.7615301609039307,-0.11422532796859741,0.22026267647743225,0.0,-0.1636953204870224,-0.12203288078308105,-0.0847652330994606,-2.3244974613189697,-2.2426159381866455,-2.169125556945801,0.0,1.0
1012736,989,2,164.91419430010387,186.0,-0.0038326167094055565,2.6971235677599905,-2.4746397733688354,0.005673878939705901,0.0574462890625,1.5614623978734017,33.1476104259491,2.0204660892486572,3.9812710285186768,-0.12278654426336288,0.21208205819129944,0.0,-0.16210471093654633,-0.12295174598693848,-0.08623035252094269,-2.321399211883545,-2.244426727294922,-2.172034502029419,0.0,1.0
1013760,990,7,218.13155091042069,223.57142857142858,-0.0070517823623958975,1.8442878700792789,-2.4772476613521577,0.008396492901374586,0.06552734375,1.4335984259843826,16.329669606685638,-0.7054566144943237,3.173194646835327,-0.10973852872848511,0.19892778992652893,0.0,-0.16020475327968597,-0.123359315097332,-0.08758522570133209,-2.3176960945129395,-2.245253086090088,-2.1747238636016846,0.0,1.0
1014784,991,4,163.35304257341159,193.0,-0.003503767610527575,19.790398061275482,-2.4761005461215975,0.0075607158098137004,0.0704345703125,1.3154782772064209,42.378580641746524,-0.21386204659938812,7.758950233459473,-0.10537970066070557,0.1992110013961792,0.0,-0.15783625841140747,-0.12211105972528458,-0.08716145157814026,-2.313076972961426,-2.2428178787231445,-2.1738827228546143,0.0,1.0
1015808,992,5,221.8092308532684,232.8,-0.004036424355581403,1.7825859986245631,-2.4727718412876127,0.005504982153070159,0.0533447265625,1.4549859315156937,24.193710148334503,0.7520136833190918,3.377767324447632,-0.0735686719417572,0.1922977715730667,0.0,-0.1587095707654953,-0.1228322684764862,-0.08898307383060455,-2.3147807121276855,-2.2442333698272705,-2.1774978637695312,0.0,1.0
1016832,993,4,187.05668387727633,219.5,-0.0039039905183017253,6.871285405755043,-2.480466973781586,0.00566254163859412,0.0538330078125,1.5122146517038346,47.66437208652496,1.4538331031799316,6.397434711456299,-0.0705014243721962,0.22324973344802856,0.0,-0.15927822887897491,-0.1245117262005806,-0.09072863310575485,-2.315889596939087,-2.247553586959839,-2.1809608936309814,0.0,1.0
1017856,994,5,221.29826273136595,234.8,-0.004611633729655296,2.9432915396988393,-2.4876217603683473,0.004540371481562033,0.050439453125,1.459207758307457,31.65913133621216,-0.3164537250995636,4.517609596252441,-0.04528804495930672,0.1772208958864212,0.0,-0.16015702486038208,-0.12497206777334213,-0.08923862129449844,-2.31760311126709,-2.248452663421631,-2.1780049800872803,0.0,1.0
1018880,995,5,193.9872872468226,228.8,-0.004390794679056853,7.944353547692299,-2.4894423723220824,0.004367605663719587,0.0578125,1.4966985702514648,54.867060685157774,-0.5571974515914917,6.6329665184021,0.00030334401526488364,0.1810685098171234,0.0,-0.1621289849281311,-0.1253967136144638,-0.08964824676513672,-2.321446418762207,-2.24927020072937,-2.1788177490234375,0.0,1.0
1019904,996,5,160.88022482716494,183.6,-0.00556165436282754,10.874411562085152,-2.4898119807243346,0.009521465972648002,0.1379638671875,1.3756768554449081,37.9514408826828,-0.9180629253387451,6.818721294403076,-0.06522706151008606,0.22350937128067017,0.0,-0.1616652011871338,-0.12468468397855759,-0.08804383873939514,-2.320542812347412,-2.2478649616241455,-2.1756341457366943,0.0,1.0
1020928,997,5,187.04574410425366,216.0,-0.005405523162335157,2.7914066702127456,-2.4862597286701202,0.004896357888355851,0.0603271484375,1.5015670731663704,32.93077011108399,0.27664583921432495,4.357413291931152,-0.09743980318307877,0.22018283605575562,0.0,-0.16349941492080688,-0.12484747171401978,-0.0855761170387268,-2.324115753173828,-2.2481613159179688,-2.1707355976104736,0.0,1.0
1021952,998,5,176.16402408506525,196.0,-0.0070292654854711145,4.914787663519382,-2.487614130973816,0.0060801822924986485,0.07529296875,1.4758758813142776,34.060696315765384,-0.04657111316919327,5.13993501663208,-0.1045677438378334,0.1798183172941208,0.0,-0.1639416217803955,-0.12496953457593918,-0.08559445291757584,-2.324976921081543,-2.2483975887298584,-2.170772075653076,0.0,1.0
1022976,999,4,169.17157550126188,201.0,-0.007163247198332101,5.6530364662408825,-2.4899938642978667,0.010227679886156693,0.0945068359375,1.4649103492498399,45.74376403093338,0.6420953273773193,5.91933012008667,-0.11726438999176025,0.19376492500305176,0.0,-0.16596555709838867,-0.12564076483249664,-0.08461295068264008,-2.3289167881011963,-2.24969482421875,-2.1688232421875,0.0,1.0
1024000,1000,7,165.91534543426718,200.28571428571428,-0.005533485603518784,3.2493564993143083,-2.492371606826782,0.0074773991684196515,0.083984375,1.3447156235575677,27.43570911884308,-0.22562125325202942,4.183875560760498,-0.09330588579177856,0.2076343595981598,0.0,-0.16419799625873566,-0.12549921870231628,-0.08467236906290054,-2.3254761695861816,-2.2494382858276367,-2.1689412593841553,0.0,1.0
