total_env_steps,update,completed_episodes,completed_episode_return_mean,completed_episode_length_mean,actor_policy_loss,critic_loss,entropy,approx_kl,clip_fraction,actor_grad_norm,critic_grad_norm,advantage_raw_mean,advantage_raw_std,value_target_mean,value_target_std,value_prediction_mean_pre,value_prediction_std_pre,explained_variance_pre,actor_grad_norm_max,critic_grad_norm_max,actor_grad_clip_fraction,critic_grad_clip_fraction,value_normalizer_mean,value_normalizer_std,value_normalizer_count,hard_speed_accel_violations,action_mean,action_std,action_saturation_ratio,raw_log_std_min,raw_log_std_mean,raw_log_std_max,clamped_log_std_min,clamped_log_std_mean,clamped_log_std_max,raw_log_std_gt_max_ratio,finite
1024,1,5,124.65272024242786,109.0,-0.00461758543679025,0.36855403408408166,-0.2446928523480892,0.0027649259121972137,0.02900390625,0.475223633646965,0.450265409052372,22.528980255126953,11.866594314575195,22.39771270751953,11.861878395080566,-0.13126736879348755,0.12368156015872955,-0.0007954794475075744,0.7622240781784058,0.6746178269386292,0.375,0.225,22.397709398872635,11.861879414895858,1024.0001,0.0,-0.05921660736203194,0.2256142795085907,0.0,0.25418785214424133,0.2550255358219147,0.25580698251724243,-1.5022975206375122,-1.500730037689209,-1.4992610216140747,0.0,1.0
2048,2,5,143.82237751214402,140.0,-0.004487028287257999,0.2125763265416026,-0.24463947638869285,0.004130176763283089,0.0293701171875,0.5157130889594554,0.8786418952047825,17.60419464111328,14.175625801086426,38.41526794433594,16.590547561645508,20.811073303222656,5.853396415710449,0.2699324315352476,1.0581895112991333,2.315620183944702,0.5,0.575,30.406488488934045,16.49593177121956,2048.0001,0.0,-0.06043937802314758,0.23054400086402893,0.0,0.2532680928707123,0.25553426146507263,0.25767701864242554,-1.504023551940918,-1.4997658729553223,-1.4957571029663086,0.0,1.0
3072,3,6,158.56183018152146,153.16666666666666,-0.005155883659608662,0.09315573647618294,-0.24015258625149727,0.00563993102114182,0.0498779296875,0.5405295737087726,0.5632327996194363,11.57370376586914,15.433228492736816,44.24379348754883,25.193273544311523,32.67008972167969,12.562291145324707,0.6247295985831745,1.03147554397583,1.7208999395370483,0.525,0.325,35.01892304837619,20.86927522945885,3072.0001,0.0,-0.05847841501235962,0.22353783249855042,0.0,0.2548161745071411,0.25653189420700073,0.2579025328159332,-1.5011188983917236,-1.497887134552002,-1.4953346252441406,0.0,1.0
4096,4,8,167.11319419533618,141.5,-0.0028536648373119534,0.015512197359930724,-0.23544175699353218,0.0031894099767669102,0.0216796875,0.5540110461413861,0.21487889448180794,9.65302562713623,6.852276802062988,59.93404769897461,32.30385971069336,50.28102111816406,28.48101043701172,0.9550053453166473,0.7982094287872314,0.7143518328666687,0.675,0.075,41.24770397603913,26.531546872597545,4096.0001,0.0,-0.05232824385166168,0.22555924952030182,0.0,0.2553271949291229,0.2569226026535034,0.25963878631591797,-1.500160574913025,-1.4971556663513184,-1.4920847415924072,0.0,1.0
5120,5,8,157.79258321760892,131.875,-0.004572793061379343,0.02648061914369464,-0.23215424492955208,0.005195154600369278,0.0489501953125,0.546827956289053,0.18889195136725903,3.603306293487549,10.27192211151123,61.1790771484375,32.4172248840332,57.57577133178711,27.720020294189453,0.8995958271697742,0.950807511806488,0.5348464846611023,0.475,0.025,45.23397795149332,28.928795129960335,5120.0001,0.0,-0.053233325481414795,0.22816629707813263,0.0,0.25639456510543823,0.25789377093315125,0.2606641948223114,-1.498159646987915,-1.4953562021255493,-1.4901666641235352,0.0,1.0
6144,6,7,164.37642887892133,155.28571428571428,-0.0035800370562355964,0.025009458069689572,-0.22845155671238898,0.005037016555434093,0.0267333984375,0.4971829019486904,0.15145912272855638,2.7286949157714844,11.684354782104492,57.18301773071289,48.89858627319336,54.454322814941406,42.38481903076172,0.9429025277734614,0.8192775845527649,0.3490109145641327,0.5,0.0,47.22548445385749,33.40267036488575,6144.0001,0.0,-0.041378915309906006,0.2274836152791977,0.0,0.25537481904029846,0.25800153613090515,0.26204901933670044,-1.5000712871551514,-1.495127558708191,-1.4875779151916504,0.0,1.0
7168,7,7,173.6726185073475,142.57142857142858,-0.003879661078099161,0.029125700984150172,-0.22709507793188094,0.004618858703179285,0.0336181640625,0.4816422764211893,0.23480899780988693,0.22992217540740967,12.81134033203125,67.55885314941406,42.96885681152344,67.32893371582031,42.240318298339844,0.911104144929911,0.8593175411224365,0.7709966897964478,0.425,0.125,50.13025219346324,35.64735076845674,7168.0001,0.0,-0.045885663479566574,0.223844975233078,0.0,0.25530707836151123,0.25878775119781494,0.26296350359916687,-1.500198245048523,-1.4936919212341309,-1.4858694076538086,0.0,1.0
8192,8,4,185.19932019844165,189.75,-0.005416074697859585,0.009260957624064758,-0.2218325302004814,0.0033282020944170655,0.0628173828125,0.5466240521520376,0.13320622760802509,3.1313960552215576,7.470498561859131,84.90269470214844,44.46095275878906,81.77129364013672,40.88899230957031,0.9717679991661579,1.2471604347229004,0.392788290977478,0.525,0.0,54.476807232088206,38.6165344995309,8192.000100000001,0.0,-0.025494076311588287,0.22737368941307068,0.0,0.2548644244670868,0.25952139496803284,0.26391977071762085,-1.501028299331665,-1.4923135042190552,-1.484083652496338,0.0,1.0
9216,9,7,185.1508542074152,187.28571428571428,-0.0053438335307873785,0.03613943993113935,-0.21827240996062755,0.007123011921066791,0.047119140625,0.5539919815957546,0.23774154707789422,-3.7991890907287598,15.792325973510742,80.10533142089844,48.224361419677734,83.9045181274414,37.173927307128906,0.8927594035369948,0.9943485856056213,0.6781823635101318,0.575,0.1,57.324420878563934,40.60558785021293,9216.000100000001,0.0,-0.026355018839240074,0.22919006645679474,0.0,0.25734373927116394,0.2603597939014435,0.2634536325931549,-1.4963812828063965,-1.4907240867614746,-1.4849541187286377,0.0,1.0
10240,10,7,169.25005350380988,144.85714285714286,-0.004808066115947441,0.023461851198226212,-0.21783560514450073,0.004505548789165914,0.039794921875,0.5947343245148659,0.17890333607792855,-3.1117866039276123,13.026557922363281,90.37225341796875,47.38151931762695,93.48404693603516,38.64411926269531,0.9244139899931474,1.2516356706619263,0.49912187457084656,0.65,0.0,60.6292047181753,42.50561837265581,10240.000100000001,0.0,-0.015342551283538342,0.2283933311700821,0.0,0.25616469979286194,0.25921711325645447,0.262810081243515,-1.4985904693603516,-1.4928632974624634,-1.4861559867858887,0.0,1.0
11264,11,8,186.66909426085294,170.375,-0.0038220697082579137,0.04374645261559636,-0.22573551684617996,0.0031253806868335233,0.0362548828125,0.5704597048461437,0.3015020688995719,-6.713666915893555,19.702577590942383,76.79676818847656,47.69192123413086,83.51043701171875,42.6396369934082,0.8293303295553923,1.0944470167160034,1.0180248022079468,0.575,0.15,62.098983251067395,43.25340034451896,11264.000100000001,0.0,-0.009021595120429993,0.23046720027923584,0.0,0.25551632046699524,0.25781381130218506,0.2624065577983856,-1.4998059272766113,-1.4954962730407715,-1.4869098663330078,0.0,1.0
12288,12,4,164.39705154921788,140.5,-0.004886257339967415,0.02356479687150568,-0.23247165456414223,0.005386657333292533,0.0443359375,0.5488758966326713,0.23410722203552722,-7.417381286621094,12.705707550048828,75.21394348144531,44.537540435791016,82.6313247680664,38.34376907348633,0.9186148250525565,0.9582946300506592,0.7296327352523804,0.55,0.1,63.19189657266344,43.51310537892159,12288.000100000001,0.0,-0.004114275798201561,0.22595787048339844,0.0,0.2540339529514313,0.25697851181030273,0.2617034316062927,-1.5025862455368042,-1.4970790147781372,-1.4882237911224365,0.0,1.0
13312,13,7,164.68167799781605,150.28571428571428,-0.005630775657482445,0.01344355323817581,-0.23424636870622634,0.005222233686072286,0.058447265625,0.6028880685567856,0.16985374297946693,-1.883453607559204,9.940263748168945,88.90725708007812,48.373863220214844,90.79071807861328,50.90780258178711,0.957774547446661,1.0642551183700562,0.6021511554718018,0.725,0.05,65.17000167225792,44.43761992504123,13312.000100000001,0.0,-0.00044235866516828537,0.22533443570137024,0.0,0.2550090551376343,0.2569924294948578,0.26052725315093994,-1.500757098197937,-1.4970625638961792,-1.4904227256774902,0.0,1.0
14336,14,8,180.2071065240756,167.125,-0.005238176393322647,0.02743902150541544,-0.23215422332286834,0.004044474783586338,0.062451171875,0.5559257581830025,0.2696136523038149,-7.213006973266602,15.394450187683105,75.56951904296875,56.772804260253906,82.78253173828125,55.97507858276367,0.9264728612841064,1.1201648712158203,0.8513782620429993,0.55,0.1,65.91282477149852,45.50879283146381,14336.000100000001,0.0,0.010706990957260132,0.22795359790325165,0.0,0.25469303131103516,0.25799989700317383,0.2629172205924988,-1.5013498067855835,-1.4951462745666504,-1.485955834388733,0.0,1.0
15360,15,7,159.0751100183895,141.42857142857142,-0.004087858862476423,0.030075405444949865,-0.22532497271895408,0.002364450895402115,0.0314453125,0.5333606604486704,0.35689202789217234,-8.346427917480469,17.997821807861328,91.51921844482422,52.98284912109375,99.86564636230469,50.210330963134766,0.8846097139319262,0.8753635883331299,1.2597302198410034,0.6,0.25,67.619917532738,46.48573984666789,15360.000100000001,0.0,0.016442351043224335,0.22540590167045593,0.0,0.2546602487564087,0.25897762179374695,0.26591774821281433,-1.5014113187789917,-1.493312954902649,-1.4803555011749268,0.0,1.0
16384,16,7,157.14532102135985,140.14285714285714,-0.0047507986659184095,0.024097355525009335,-0.22404990643262862,0.00400478441733867,0.0342529296875,0.569456685334444,0.25933779291808606,-8.102350234985352,13.4789457321167,90.5341567993164,50.8415641784668,98.63651275634766,46.19157409667969,0.9297131665140212,0.9625526666641235,0.7678919434547424,0.675,0.1,69.05205783337031,47.097618786545645,16384.0001,0.0,0.011067979969084263,0.22327731549739838,0.0,0.25183239579200745,0.25854647159576416,0.2669486105442047,-1.5067192316055298,-1.4941359758377075,-1.478433609008789,0.0,1.0
17408,17,4,177.87539966918243,162.25,-0.005286881001666188,0.009749628254212439,-0.2226570449769497,0.005212156228662934,0.0478515625,0.5657030552625656,0.14219717551022767,-5.928978443145752,10.552274703979492,76.68659973144531,55.17015075683594,82.6155776977539,52.08995056152344,0.9634166207415555,0.937675952911377,0.4181067645549774,0.625,0.0,69.5011485709022,47.64425431885581,17408.0001,0.0,0.013628396205604076,0.2231711745262146,0.0,0.2533641755580902,0.25993332266807556,0.2662491500377655,-1.5038431882858276,-1.4915356636047363,-1.4797375202178955,0.0,1.0
18432,18,7,185.23704003642348,171.71428571428572,-0.0043012067035306245,0.009752881864551454,-0.21667940691113471,0.006891903046926018,0.057373046875,0.5733466774225235,0.10273306975141168,0.024213314056396484,10.19327449798584,81.34469604492188,48.49120330810547,81.32048797607422,49.266353607177734,0.9558122922900234,1.023639440536499,0.2820953130722046,0.575,0.0,70.15912371462368,47.76879986189441,18432.0001,0.0,-0.0069516669027507305,0.2220161408185959,0.0,0.25288063287734985,0.26006996631622314,0.2667095363140106,-1.5047508478164673,-1.4913090467453003,-1.4788792133331299,0.0,1.0
19456,19,8,206.53089449345737,163.0,-0.004683374403975904,0.017477198992855845,-0.21614835001528263,0.005810468707932159,0.0390380859375,0.5398861192166805,0.1702175410464406,-1.887435793876648,13.857553482055664,94.50238037109375,57.093040466308594,96.38981628417969,54.47957229614258,0.9410875864489823,0.8840557336807251,0.3970824182033539,0.55,0.0,71.44034784116263,48.60932811130366,19456.0001,0.0,-0.005988443735986948,0.22418934106826782,0.0,0.25300249457359314,0.26065438985824585,0.26925894618034363,-1.5045220851898193,-1.4902292490005493,-1.4741296768188477,0.0,1.0
20480,20,5,176.266150773848,143.8,-0.004056880972348154,0.02708141803741455,-0.2126288253813982,0.004659582817112096,0.0293212890625,0.5120819289237261,0.27261367356404664,-10.61648941040039,16.264549255371094,88.3128662109375,45.78934097290039,98.92935943603516,43.17878341674805,0.8738302251405718,1.0278249979019165,0.920761227607727,0.475,0.125,72.28397372699871,48.61151102445222,20480.0001,0.0,-0.004305138718336821,0.22435900568962097,0.0,0.25172412395477295,0.26104214787483215,0.2716692090034485,-1.5069226026535034,-1.4895110130310059,-1.4696452617645264,0.0,1.0
21504,21,8,186.5347738436439,166.75,-0.004482687404379249,0.012707326631061732,-0.21341176740825177,0.0036232215075870044,0.0296142578125,0.6234827030450105,0.14078008020296692,-3.4638311862945557,13.112796783447266,69.97830200195312,46.83252716064453,73.44213104248047,49.965457916259766,0.9216037003084775,1.1269046068191528,0.42131099104881287,0.725,0.0,72.17417986468928,48.53076030976645,21504.0001,0.0,0.0017524007707834244,0.2268446981906891,0.0,0.24780520796775818,0.26027992367744446,0.27310070395469666,-1.5142911672592163,-1.4909101724624634,-1.4669846296310425,0.0,1.0
22528,22,4,160.3053585007335,144.5,-0.0045651158492546525,0.011277505103498698,-0.21758513972163201,0.004485927327186801,0.041162109375,0.5474379610270261,0.13176156445406378,-1.243943691253662,11.770064353942871,62.68552017211914,46.54332733154297,63.92947006225586,51.075225830078125,0.9360496695828843,1.28122878074646,0.4677963852882385,0.5,0.0,71.74287722046753,48.4824955170572,22528.0001,0.0,-0.0033248523250222206,0.22122623026371002,0.0,0.2468010038137436,0.25960245728492737,0.27187293767929077,-1.5161815881729126,-1.492209553718567,-1.4692665338516235,0.0,1.0
23552,23,8,202.37153523391618,191.0,-0.004015847560367547,0.008724800555501133,-0.22112751491367816,0.0023316409686231056,0.0341552734375,0.49665611088275907,0.1064360118471086,1.1537803411483765,9.314330101013184,63.449676513671875,53.323097229003906,62.2958984375,54.75117492675781,0.9694878704984614,0.8939698934555054,0.3066609799861908,0.425,0.0,71.38230333732326,48.73231747868267,23552.0001,0.0,-0.016719317063689232,0.2245980054140091,0.0,0.24639439582824707,0.25903281569480896,0.27169671654701233,-1.5169472694396973,-1.4932760000228882,-1.469594120979309,0.0,1.0
24576,24,5,154.08802978291789,141.2,-0.00361614489229396,0.0220415195915848,-0.22126688212156295,0.002141361292160582,0.025927734375,0.5470663875341415,0.16794381542131304,-2.262664794921875,16.290000915527344,80.63592529296875,37.89249038696289,82.89859008789062,31.440128326416016,0.8151855663654222,1.022917628288269,0.5073118209838867,0.5,0.025,71.76787105433806,48.364585065029054,24576.0001,0.0,-0.030914857983589172,0.2221064567565918,0.0,0.2496269792318344,0.2599838078022003,0.2727355659008026,-1.510864019393921,-1.4915059804916382,-1.467663049697876,0.0,1.0
25600,25,6,204.38087884899016,182.0,-0.004697168210987002,0.014928574895020575,-0.2146010421216488,0.003671810982632451,0.023876953125,0.5408145025372505,0.15056487265974283,-0.9355158805847168,14.983061790466309,63.52184295654297,43.79428482055664,64.45735931396484,42.086936950683594,0.8829513815868422,1.0227586030960083,0.552440345287323,0.6,0.025,71.43802978055173,48.217179740632545,25600.0001,0.0,-0.029239008203148842,0.22609059512615204,0.0,0.25225186347961426,0.26114919781684875,0.27534598112106323,-1.5059313774108887,-1.489305019378662,-1.462815523147583,0.0,1.0
26624,26,4,194.47952235892726,183.75,-0.0062868986511603,0.009202532260678709,-0.21071188077330588,0.001357539460877888,0.031591796875,0.5570311516523361,0.12032651831395924,-1.3937489986419678,10.349977493286133,67.36212921142578,45.6363410949707,68.75587463378906,47.90880584716797,0.9485651837380422,1.001780390739441,0.34913870692253113,0.55,0.0,71.28126417862364,48.12685969629649,26624.0001,0.0,-0.028896205127239227,0.231236532330513,0.0,0.2513316571712494,0.2610432803630829,0.27424493432044983,-1.507659912109375,-1.4895172119140625,-1.4648593664169312,0.0,1.0
27648,27,9,178.35000974027528,157.0,-0.003823595409630798,0.008330670546274632,-0.20932381674647332,0.0029856601366191173,0.0220947265625,0.5236751466989518,0.12101839017122984,-4.242038726806641,9.682821273803711,73.328369140625,45.16244888305664,77.5704116821289,41.6469841003418,0.954032712052274,1.014931559562683,0.36283016204833984,0.475,0.0,71.35708283341995,48.021886392668165,27648.0001,0.0,-0.033188529312610626,0.22451889514923096,0.0,0.25007590651512146,0.26214665174484253,0.2769361734390259,-1.5100200176239014,-1.4874387979507446,-1.4598658084869385,0.0,1.0
28672,28,7,167.5662390120819,154.0,-0.0035817652707919477,0.017607024137396364,-0.20600103959441185,0.003103972799726762,0.0332763671875,0.5348442547023297,0.1592746580950916,-2.735089063644409,13.530585289001465,65.07237243652344,51.575965881347656,67.80746459960938,54.080814361572266,0.9311762277285359,0.8577724695205688,0.4359108507633209,0.525,0.0,71.13262893318306,48.16745697218264,28672.0001,0.0,-0.02228720486164093,0.23146115243434906,0.0,0.2500353455543518,0.26146939396858215,0.2771507799625397,-1.5100961923599243,-1.4887404441833496,-1.459467887878418,0.0,1.0
29696,29,6,178.44191846341866,157.5,-0.0032836787635460497,0.0052582455624360595,-0.20966257825493811,0.0030762738519115374,0.0223388671875,0.528489675372839,0.07664844687096775,-0.07470789551734924,7.338822841644287,67.21293640136719,42.35087966918945,67.28763580322266,43.40540313720703,0.9699718924143621,1.0419450998306274,0.20307736098766327,0.55,0.0,70.99746689754281,47.983955919739124,29696.0001,0.0,-0.03125115856528282,0.23513662815093994,0.0,0.2508888244628906,0.2615559995174408,0.27710995078086853,-1.5084919929504395,-1.4885592460632324,-1.4595437049865723,0.0,1.0
30720,30,7,187.5139804047704,149.85714285714286,-0.003715753590222448,0.009290333278477192,-0.20847159810364246,0.0033166519555379637,0.0319091796875,0.5230416126549244,0.09419784033671022,-2.9691648483276367,9.270342826843262,72.29116821289062,42.33797836303711,75.26033020019531,41.186668395996094,0.9520563248929611,0.8329911231994629,0.2802891135215759,0.5,0.0,71.04059016938781,47.807064722347434,30720.0001,0.0,-0.040852002799510956,0.2304168939590454,0.0,0.2513531446456909,0.26171377301216125,0.2774341404438019,-1.5076196193695068,-1.4882793426513672,-1.4589426517486572,0.0,1.0
31744,31,7,188.60602621785569,160.28571428571428,-0.007895179861225187,0.008935436164028943,-0.20910507701337339,0.003230215481016785,0.0668212890625,0.6069307640194893,0.10277828462421894,-1.8846395015716553,10.468531608581543,65.53540802001953,42.20692443847656,67.42005157470703,44.43133544921875,0.9384817230927807,1.1085832118988037,0.2764967381954193,0.7,0.0,70.86300363161268,47.64662152244238,31744.0001,0.0,-0.04420152306556702,0.22542941570281982,0.0,0.2500777542591095,0.26107388734817505,0.2758253514766693,-1.5100164413452148,-1.4894362688064575,-1.461925983428955,0.0,1.0
32768,32,5,154.99727343545686,158.2,-0.0038314967532642186,0.004717082661227323,-0.21468758583068848,0.00396197664522333,0.0252197265625,0.4771634764969349,0.0645534242503345,-1.1104018688201904,6.679048538208008,60.89043426513672,47.02195358276367,62.00083923339844,48.57851791381836,0.9798243335704098,0.9826641082763672,0.16386856138706207,0.425,0.0,70.55136079624928,47.65882165706889,32768.000100000005,0.0,-0.045332472771406174,0.2274252474308014,0.0,0.25142619013786316,0.25977060198783875,0.27301451563835144,-1.5074822902679443,-1.4918676614761353,-1.4671447277069092,0.0,1.0
33792,33,8,177.67922264637252,154.75,-0.003538305195979774,0.014522525493521243,-0.22203143388032914,0.003231487030279823,0.0212646484375,0.5619554243981838,0.13682867931202053,-0.5470163226127625,12.929160118103027,64.19962310791016,43.23870849609375,64.74664306640625,47.02263259887695,0.9105881378413078,1.2805593013763428,0.4416731595993042,0.55,0.0,70.35888393512893,47.54338786016664,33792.000100000005,0.0,-0.04893435910344124,0.23196916282176971,0.0,0.252103716135025,0.25856468081474304,0.27123433351516724,-1.5062096118927002,-1.4941293001174927,-1.4704539775848389,0.0,1.0
34816,34,6,156.2478886308952,142.33333333333334,-0.0046216292976168916,0.010328842664603145,-0.22906341627240182,0.002903421359951608,0.05439453125,0.6079564012587071,0.09630380170419812,-2.8762266635894775,10.402682304382324,59.891056060791016,49.70827102661133,62.76728439331055,48.948509216308594,0.9562041051190521,1.0641433000564575,0.2647901475429535,0.625,0.0,70.051006578865,47.641306124680646,34816.000100000005,0.0,-0.04583645239472389,0.2295997142791748,0.0,0.25039565563201904,0.25724324584007263,0.2687487006187439,-1.5094189643859863,-1.496592402458191,-1.4750797748565674,0.0,1.0
35840,35,8,160.15599117768818,149.125,-0.0024761809268966316,0.009001642873045057,-0.23696592599153518,0.0032524007037864067,0.017333984375,0.5045356553047895,0.09978508627973497,-2.8924412727355957,10.118064880371094,66.59139251708984,42.564029693603516,69.48383331298828,44.53373336791992,0.9434920678877451,0.7847979068756104,0.3012842535972595,0.5,0.0,69.95216045590558,47.507269009948615,35840.000100000005,0.0,-0.038067176938056946,0.23160840570926666,0.0,0.24859417974948883,0.25577956438064575,0.2664361000061035,-1.5128065347671509,-1.4993287324905396,-1.479388952255249,0.0,1.0
36864,36,5,145.32830216731722,120.8,-0.003217879339354113,0.004646950477035716,-0.2450644113123417,0.002196650869154837,0.0286376953125,0.5547078020870686,0.06049483516253531,0.16567862033843994,6.92358922958374,70.6451416015625,39.59257888793945,70.47946166992188,38.967369079589844,0.9694201750057385,0.9921173453330994,0.1458837240934372,0.5,0.0,69.97140985414275,47.30543795518655,36864.000100000005,0.0,-0.024007895961403847,0.2276429384946823,0.0,0.24711725115776062,0.2542531192302704,0.26361972093582153,-1.5155861377716064,-1.502186894416809,-1.4846439361572266,0.0,1.0
37888,37,8,193.89576520122682,178.0,-0.005714371183421463,0.007301290449686348,-0.24983415603637696,0.004938567135832272,0.0374755859375,0.5199840843677521,0.06307329935953021,0.48634421825408936,7.683443546295166,59.56591033935547,42.2125129699707,59.079559326171875,42.033409118652344,0.9668693957662062,1.04090416431427,0.14194916188716888,0.5,0.0,69.69018003476648,47.205188981019425,37888.000100000005,0.0,-0.023971030488610268,0.22872032225131989,0.0,0.2473774254322052,0.2546336352825165,0.264804482460022,-1.5150963068008423,-1.5014981031417847,-1.4824323654174805,0.0,1.0
38912,38,6,173.7813087423144,148.16666666666666,-0.003979408426675946,0.013638915366027505,-0.24675542190670968,0.002162203581247013,0.0258056640625,0.5149890042841434,0.16676901690661908,4.839012622833252,12.331807136535645,59.16853332519531,44.51939392089844,54.32952117919922,49.44822311401367,0.9232718156858029,1.0682644844055176,0.6143784523010254,0.525,0.075,69.41329458129862,47.16655071929915,38912.000100000005,0.0,-0.019892752170562744,0.22315984964370728,0.0,0.24824269115924835,0.254726380109787,0.2657337784767151,-1.5134679079055786,-1.501296877861023,-1.4806987047195435,0.0,1.0
39936,39,7,205.97256056000523,175.14285714285714,-0.0035554552567191424,0.009170718648238107,-0.24731548503041267,0.0030239665604312902,0.026904296875,0.5397646620869636,0.13812949950806797,4.542232036590576,9.448107719421387,49.563419342041016,39.13274002075195,45.02117919921875,41.89849090576172,0.9417079768732192,0.8402802348136902,0.49278226494789124,0.55,0.0,68.90432335377275,47.08237713693892,39936.000100000005,0.0,-0.02234635315835476,0.23304077982902527,0.0,0.24868743121623993,0.2547799050807953,0.2663135528564453,-1.5126311779022217,-1.5012308359146118,-1.4796174764633179,0.0,1.0
40960,40,8,159.20972808709877,136.0,-0.00428058318211697,0.01039088541874662,-0.24540140852332115,0.005343421350698918,0.0475341796875,0.6333251088857651,0.08803651947528124,-2.856661081314087,10.299392700195312,67.97084045410156,40.086509704589844,70.8275146484375,37.762386322021484,0.9339874128915334,1.2296009063720703,0.24299375712871552,0.575,0.0,68.8809864771718,46.92042118694317,40960.000100000005,0.0,-0.017449649050831795,0.23203331232070923,0.0,0.2495897263288498,0.2553458511829376,0.26510345935821533,-1.5109341144561768,-1.5001641511917114,-1.4818744659423828,0.0,1.0
41984,41,6,139.73263258322908,126.16666666666667,-0.005133474996546284,0.013040261529386043,-0.24319078773260117,0.0009342860692413523,0.045458984375,0.5144868202507495,0.11070534233003855,-1.9680367708206177,11.373757362365723,79.65186309814453,43.419464111328125,81.6198959350586,38.76821517944336,0.931381857594005,0.8026121258735657,0.36727625131607056,0.475,0.0,69.1436907759587,46.86760521777558,41984.000100000005,0.0,0.001985182985663414,0.23352918028831482,0.0,0.24886193871498108,0.25553417205810547,0.26590973138809204,-1.5123028755187988,-1.4997940063476562,-1.4803705215454102,0.0,1.0
43008,42,6,191.68837626827533,163.83333333333334,-0.004102745396085084,0.0048394679208286105,-0.2461915485560894,0.003437639075855259,0.02802734375,0.5763321682810784,0.07107498575933277,-1.38478684425354,6.773993015289307,61.70393753051758,47.03411102294922,63.088722229003906,46.90707015991211,0.9792573797554633,0.992348313331604,0.17513388395309448,0.75,0.0,68.96655373025517,46.885297940338965,43008.000100000005,0.0,-0.0009869434870779514,0.2385036200284958,0.0,0.24651066958904266,0.2537168562412262,0.26484471559524536,-1.5167282819747925,-1.5032347440719604,-1.4823572635650635,0.0,1.0
44032,43,6,182.51641494366572,175.66666666666666,-0.005824814655352384,0.007058440038235858,-0.25438892394304274,0.0028381565018207764,0.039501953125,0.5449732013046742,0.11401743032038211,-2.5383665561676025,9.030099868774414,56.506927490234375,43.788387298583984,59.04529571533203,43.13649368286133,0.957472758085686,1.042089581489563,0.2945643365383148,0.6,0.0,68.67679495018155,46.85325027214268,44032.000100000005,0.0,0.004346652887761593,0.23452268540859222,0.0,0.24620738625526428,0.25363537669181824,0.26430225372314453,-1.5172995328903198,-1.5033873319625854,-1.4833697080612183,0.0,1.0
45056,44,7,177.35745409292798,155.28571428571428,-0.0031082356115803124,0.00463840898592025,-0.2509400948882103,0.002604218278429471,0.0224609375,0.5833895489573478,0.12091002753004432,3.335636615753174,7.320827484130859,59.675750732421875,43.31402587890625,56.340110778808594,48.64706039428711,0.9714330967019686,0.9598238468170166,0.41714543104171753,0.65,0.0,68.47222575518744,46.79501870243165,45056.000100000005,0.0,-0.007802883628755808,0.23399122059345245,0.0,0.24905799329280853,0.254374235868454,0.2631548345088959,-1.5119340419769287,-1.5019721984863281,-1.4855120182037354,0.0,1.0
46080,45,7,161.5918257414746,136.42857142857142,-0.00441811450291425,0.009053533524274826,-0.24960487484931945,0.004450801362690981,0.04013671875,0.6657282762229443,0.10942618483677506,-2.1172497272491455,9.423293113708496,75.45748901367188,40.240108489990234,77.57474517822266,36.52204132080078,0.9451613010577531,1.055160641670227,0.31992849707603455,0.85,0.0,68.62745397108858,46.670719355978825,46080.000100000005,0.0,0.02600405178964138,0.23652073740959167,0.0,0.2498069554567337,0.2541487216949463,0.2607499063014984,-1.5105255842208862,-1.5023975372314453,-1.490006446838379,0.0,1.0
47104,46,7,153.33368336710922,137.71428571428572,-0.0037512687733396886,0.01316722797928378,-0.24994166493415831,0.0032344627994461916,0.0271240234375,0.6202352486550808,0.14345191288739442,-5.157889366149902,11.088602066040039,70.92253875732422,39.59209442138672,76.08042907714844,33.799224853515625,0.9215601682906839,1.0578731298446655,0.3983263671398163,0.75,0.0,68.67734719343038,46.52949251576155,47104.000100000005,0.0,0.027269931510090828,0.23742425441741943,0.0,0.25042903423309326,0.2546335756778717,0.2613690495491028,-1.509356141090393,-1.5014845132827759,-1.4888488054275513,0.0,1.0
48128,47,6,184.65094836319724,152.0,-0.0042602262634318325,0.00972605834249407,-0.24552669003605843,0.0033727577625541016,0.0418212890625,0.5554383497685194,0.18244729386642575,5.795314788818359,10.04680061340332,46.47737121582031,36.24060821533203,40.68205642700195,41.04693603515625,0.9231463193687801,0.9859032034873962,0.7358346581459045,0.625,0.05,68.2050072512276,46.44499001146157,48128.000100000005,0.0,0.018409060314297676,0.23747310042381287,0.0,0.2506430149078369,0.25522980093955994,0.2622666358947754,-1.5089540481567383,-1.5003424882888794,-1.4871711730957031,0.0,1.0
49152,48,7,179.44354060682372,153.42857142857142,-0.00566122968448326,0.008834133436903358,-0.24116966426372527,0.0025048093186342156,0.0418701171875,0.6265317179262638,0.10436573876067996,3.998810291290283,8.601593017578125,62.99871826171875,34.405181884765625,58.99990463256836,36.294288635253906,0.9374956812121855,1.1603714227676392,0.3461197018623352,0.775,0.0,68.09654285000757,46.23213641110328,49152.000100000005,0.0,0.02233196794986725,0.2410006821155548,0.0,0.24991653859615326,0.2562926411628723,0.2629803419113159,-1.5103195905685425,-1.4983406066894531,-1.4858379364013672,0.0,1.0
50176,49,10,152.4724534338589,128.4,-0.005978076660539955,0.01984391186852008,-0.2390254594385624,0.005311942988191732,0.0437744140625,0.5793739929795265,0.12662606835365295,-4.6322431564331055,12.233030319213867,73.76618957519531,37.72325897216797,78.3984375,32.31056213378906,0.8948401890240812,1.0359315872192383,0.3175882399082184,0.575,0.0,68.2122499500346,46.08116928228678,50176.000100000005,0.0,0.00852491706609726,0.237069234251976,0.0,0.2503098249435425,0.25577297806739807,0.26096615195274353,-1.5095802545547485,-1.499345302581787,-1.4896020889282227,0.0,1.0
51200,50,6,143.66283140835512,136.16666666666666,-0.00416485444875434,0.010502799786627293,-0.24281522929668425,0.0038149360596435146,0.0528564453125,0.6606707446277141,0.10104654207825661,-2.231200933456421,10.055087089538574,55.04313659667969,37.03227233886719,57.27433776855469,35.423858642578125,0.9262756552412968,1.0281914472579956,0.28448960185050964,0.8,0.0,67.94886772574768,45.954669005045545,51200.000100000005,0.0,0.01660142093896866,0.24149346351623535,0.0,0.24932770431041718,0.2553710639476776,0.2586789131164551,-1.5114268064498901,-1.500087857246399,-1.493881106376648,0.0,1.0
52224,51,11,135.9971323401527,123.27272727272727,-0.004207682819105685,0.014248899463564158,-0.23877933025360107,0.002934974542586133,0.0368896484375,0.5735487900674343,0.1161673890426755,-5.064742565155029,10.794182777404785,58.7334098815918,40.756622314453125,63.798152923583984,41.48674392700195,0.9298571799904857,1.0642534494400024,0.3637780249118805,0.6,0.0,67.76817247415617,45.876206380476695,52224.000100000005,0.0,0.02459598146378994,0.24453133344650269,0.0,0.2491641342639923,0.257380872964859,0.2622492015361786,-1.5117344856262207,-1.496339201927185,-1.48720383644104,0.0,1.0
53248,52,8,141.88120974560894,119.875,-0.0021164243342354895,0.012256995984353125,-0.2293649673461914,0.0023711971181910483,0.0117431640625,0.5581751003861427,0.15885147796943783,1.3305370807647705,12.184688568115234,52.879600524902344,37.009525299072266,51.54906463623047,43.46049880981445,0.8916068416236886,0.885218620300293,0.5922159552574158,0.65,0.05,67.48185375535523,45.767609786385464,53248.000100000005,0.0,0.027910595759749413,0.23616400361061096,0.0,0.24827730655670166,0.2580825984477997,0.2638895809650421,-1.5134027004241943,-1.4949978590011597,-1.4841400384902954,0.0,1.0
54272,53,7,188.7021366692406,146.85714285714286,-0.0038335288350936025,0.006469399383058771,-0.22839246541261674,0.002021247627271805,0.0240234375,0.5529664725065231,0.14231119118630886,4.402348518371582,9.12559700012207,55.356956481933594,37.45832061767578,50.95460510253906,42.17439270019531,0.9406492818021657,1.0021337270736694,0.5282532572746277,0.55,0.025,67.25308206970294,45.654654971219294,54272.000100000005,0.0,0.022604376077651978,0.24317693710327148,0.0,0.24722635746002197,0.2578728199005127,0.2633368670940399,-1.5153807401657104,-1.4954293966293335,-1.4851720333099365,0.0,1.0
55296,54,5,131.51479809169996,126.4,-0.004574378079269081,0.01963426558068022,-0.2287815235555172,0.004218618846789468,0.0274658203125,0.532102270424366,0.13234822787344455,1.0659435987472534,13.34045124053955,58.92901611328125,35.753562927246094,57.863075256347656,36.33742141723633,0.860779749538613,0.981902539730072,0.3335588872432709,0.575,0.0,67.0989326767731,45.504729651329065,55296.000100000005,0.0,0.022174691781401634,0.23968662321567535,0.0,0.24854044616222382,0.2582760751247406,0.26490843296051025,-1.51290762424469,-1.4946736097335815,-1.4822384119033813,0.0,1.0
56320,55,9,186.57576894512178,162.11111111111111,-0.0044521892559714615,0.0066567733942065384,-0.2282586969435215,0.00431042392301606,0.0270263671875,0.5179335948079824,0.08984330208040774,1.1691092252731323,7.037822246551514,58.87709426879883,41.44587326049805,57.707984924316406,43.22028350830078,0.971165397472479,1.0188387632369995,0.23110157251358032,0.45,0.0,66.9494447246871,45.447446727930505,56320.000100000005,0.0,0.0053691621869802475,0.24246802926063538,0.0,0.2484845221042633,0.2576296031475067,0.2647569179534912,-1.5130128860473633,-1.4958750009536743,-1.4825210571289062,0.0,1.0
57344,56,5,123.13330136677344,118.0,-0.005944000044837594,0.010730335395783186,-0.2295044481754303,0.00579948633821914,0.0545654296875,0.5529033079743385,0.08273737742565572,-0.2633025646209717,9.436908721923828,63.35497283935547,34.06492614746094,63.61827087402344,31.699710845947266,0.9232559715451925,1.368529200553894,0.2474576085805893,0.525,0.0,66.88525766939156,45.2717946063671,57344.000100000005,0.0,0.02605356089770794,0.23692895472049713,0.0,0.24849987030029297,0.2586267292499542,0.26651981472969055,-1.512984037399292,-1.493997573852539,-1.479232907295227,0.0,1.0
58368,57,10,154.24799123737472,134.1,-0.0030575910408515484,0.017738276056479662,-0.21972350478172303,0.0025632081189542076,0.023095703125,0.5218384813517332,0.15287794983014463,-3.6322226524353027,13.412055969238281,64.43421173095703,41.773799896240234,68.06643676757812,40.583003997802734,0.8969180098595683,1.0165034532546997,0.4127659201622009,0.55,0.0,66.84225693988577,45.213903748816605,58368.000100000005,0.0,0.02118285559117794,0.2435154765844345,0.0,0.2501542866230011,0.2604736387729645,0.2698247730731964,-1.5098726749420166,-1.490566372871399,-1.4730764627456665,0.0,1.0
59392,58,8,147.83367823177315,116.5,-0.0037856801820453255,0.017666552937589584,-0.21802454106509686,0.004417893719801213,0.02783203125,0.5722548939287663,0.1400408030487597,-2.102668285369873,13.160196304321289,66.69956970214844,41.095394134521484,68.80224609375,42.09560012817383,0.8974493503920062,1.0508067607879639,0.39530548453330994,0.6,0.0,66.83979686597483,45.14608200404188,59392.000100000005,0.0,0.005954904947429895,0.246377632021904,0.0,0.24898988008499146,0.25902795791625977,0.26847922801971436,-1.5120621919631958,-1.493273377418518,-1.4755816459655762,0.0,1.0
60416,59,8,183.63458114489936,166.375,-0.005092980142217129,0.013044422841630876,-0.2257677733898163,0.004813315412320662,0.0434814453125,0.5944764293730259,0.1371610405854881,1.2817606925964355,12.509417533874512,49.529136657714844,43.51260757446289,48.24737548828125,45.45799255371094,0.9173497943625712,1.5161042213439941,0.43726104497909546,0.575,0.0,66.54639587521949,45.17418508889576,60416.000100000005,0.0,0.03193968906998634,0.25191402435302734,0.0,0.24740032851696014,0.25821980834007263,0.26741352677345276,-1.5150532722473145,-1.4947649240493774,-1.4775669574737549,0.0,1.0
61440,60,7,137.09316339106286,129.0,-0.00582916303537786,0.016713881527539342,-0.22651331424713134,0.00540648315945873,0.0430419921875,0.660407367348671,0.16835524225607515,-5.101661682128906,13.302512168884277,61.67364501953125,42.25822830200195,66.77530670166016,42.81290054321289,0.9009066005447066,1.1028858423233032,0.5232307314872742,0.8,0.025,66.46518340785035,45.1314411273882,61440.000100000005,0.0,0.037758421152830124,0.26090681552886963,0.0,0.24762709438800812,0.2588445842266083,0.26681265234947205,-1.514626383781433,-1.49362313747406,-1.478687047958374,0.0,1.0
62464,61,6,134.58512258669734,116.16666666666667,-0.004767698119394481,0.011733782140072434,-0.22507220059633254,0.003406663930218201,0.0338623046875,0.652044678479433,0.14389361683279275,0.07917016744613647,11.184556007385254,53.05241394042969,37.72391891479492,52.973243713378906,42.16291427612305,0.9120969641872723,1.105110764503479,0.515347421169281,0.75,0.025,66.24530195960492,45.052040210291096,62464.000100000005,0.0,0.029524246230721474,0.2493409961462021,0.0,0.2461673468351364,0.25805675983428955,0.26684826612472534,-1.517374873161316,-1.4950776100158691,-1.4786205291748047,0.0,1.0
63488,62,9,169.0514104919548,141.44444444444446,-0.004048586706630886,0.00622277426882647,-0.23214096799492837,0.002427461699699052,0.0422119140625,0.5999051675200462,0.12409976222552359,1.3753933906555176,8.65606689453125,61.8320198059082,42.138553619384766,60.456626892089844,46.15647888183594,0.9578029658217968,1.0424314737319946,0.41566136479377747,0.775,0.0,66.17412000523848,45.00997859532762,63488.000100000005,0.0,0.020375164225697517,0.2567428946495056,0.0,0.24437014758586884,0.2565116882324219,0.26513439416885376,-1.520761489868164,-1.4979673624038696,-1.4818167686462402,0.0,1.0
64512,63,8,150.53910570166516,125.625,-0.0042716782772913575,0.008731010614428669,-0.23970691114664078,0.00353874542779522,0.0365966796875,0.5963129691779614,0.08842242672108114,-2.935281753540039,8.32140064239502,66.94093322753906,37.63404846191406,69.87620544433594,36.61478805541992,0.9511087587858831,0.9618483781814575,0.2960008382797241,0.625,0.0,66.186291560582,44.90246693769201,64512.000100000005,0.0,0.015145272947847843,0.255916953086853,0.0,0.24464035034179688,0.25583916902542114,0.2628747522830963,-1.5202521085739136,-1.4992364645004272,-1.4860351085662842,0.0,1.0
65536,64,9,142.7809608787963,135.88888888888889,-0.004785807081498205,0.012905800098087639,-0.24143024682998657,0.002866242270101793,0.0383544921875,0.604470943659544,0.1304246217943728,-4.487118721008301,10.439126968383789,58.69835662841797,41.65410614013672,63.18547439575195,40.002193450927734,0.9371923118077846,1.2427363395690918,0.41557225584983826,0.7,0.0,66.06929259116792,44.86313287833427,65536.0001,0.0,0.030927732586860657,0.263974130153656,0.0,0.24419337511062622,0.25567662715911865,0.26263290643692017,-1.521094799041748,-1.499541163444519,-1.4864869117736816,0.0,1.0
66560,65,7,131.6627780435005,105.28571428571429,-0.003711905045202002,0.014572358049917966,-0.23947125896811486,0.0035163472450221887,0.02607421875,0.553856971859932,0.08121944181621074,-1.1826868057250977,10.061931610107422,61.86594772338867,34.68773651123047,63.04863357543945,31.768901824951172,0.915858406949354,0.9110686182975769,0.17943204939365387,0.675,0.0,66.00462570968473,44.727117866752806,66560.0001,0.0,-0.0009215511381626129,0.25511837005615234,0.0,0.2462681084871292,0.25677475333213806,0.265453577041626,-1.517185091972351,-1.497469425201416,-1.481221318244934,0.0,1.0
67584,66,8,154.4044222838086,134.5,-0.005068866384681315,0.0049107992846984415,-0.23600880429148674,0.006617673371511046,0.0367431640625,0.5051407814025879,0.05987214227207005,0.1392425298690796,6.503331661224365,61.05785369873047,37.548030853271484,60.91860580444336,38.8355598449707,0.970001644650262,0.9403785467147827,0.15997794270515442,0.5,0.0,65.92967456853674,44.631052223046076,67584.0001,0.0,0.015570648945868015,0.25002172589302063,0.0,0.24800124764442444,0.25626131892204285,0.2632252871990204,-1.5139222145080566,-1.4984378814697266,-1.4853804111480713,0.0,1.0
68608,67,9,141.6098575307915,117.55555555555556,-0.00279559864429757,0.007800617878092453,-0.2384151667356491,0.00398741749668261,0.0234130859375,0.5889031566679478,0.07787595675326883,-1.1601144075393677,7.831958293914795,66.07957458496094,38.13606262207031,67.23968505859375,38.90563201904297,0.957823647902426,0.9820500016212463,0.2256377935409546,0.7,0.0,65.93191192118887,44.54107874895097,68608.0001,0.0,0.013335672207176685,0.2506534159183502,0.0,0.24860194325447083,0.256448894739151,0.2634100914001465,-1.5127919912338257,-1.4980729818344116,-1.4850354194641113,0.0,1.0
69632,68,8,138.63930055074275,126.75,-0.005316177732311189,0.01123235389823094,-0.236220183968544,0.006893842136196327,0.05634765625,0.6188748583197594,0.10252367295324802,-1.7924152612686157,10.354448318481445,55.67729949951172,37.415645599365234,57.46971130371094,36.33280563354492,0.9234143276150757,1.2981921434402466,0.30641892552375793,0.675,0.0,65.78110876495754,44.46170803002099,69632.0001,0.0,0.005932499188929796,0.25487518310546875,0.0,0.24920180439949036,0.25699707865715027,0.26377636194229126,-1.511663556098938,-1.4970616102218628,-1.484351396560669,0.0,1.0
70656,69,8,149.51913055264697,140.25,-0.004246450192295015,0.006064568262081594,-0.23409466370940207,0.005405263030843344,0.03818359375,0.628928991407156,0.08912401483394206,-0.5858173370361328,7.662373065948486,53.12067794799805,43.043800354003906,53.70649719238281,43.74105453491211,0.9683112305026645,1.062996745109558,0.2782498300075531,0.725,0.0,65.5976242520578,44.46723088348743,70656.0001,0.0,-9.8848482593894e-05,0.2568572759628296,0.0,0.25004637241363525,0.25694236159324646,0.26343199610710144,-1.510075569152832,-1.4971323013305664,-1.4849944114685059,0.0,1.0
71680,70,7,135.0184963680218,114.57142857142857,-0.004289703426184133,0.008856748160906137,-0.23608526587486267,0.002017195796361193,0.0251953125,0.5672226119786501,0.07632088866084814,-1.1839438676834106,8.393948554992676,51.26310729980469,33.19575119018555,52.447052001953125,34.396881103515625,0.9360607483820038,0.9997788667678833,0.23815152049064636,0.625,0.0,65.39284543067727,44.359020638872046,71680.0001,0.0,-0.00182158884126693,0.26509591937065125,0.0,0.24922223389148712,0.25635388493537903,0.26316124200820923,-1.5116251707077026,-1.4982324838638306,-1.4855000972747803,0.0,1.0
72704,71,8,141.02122739522682,140.375,-0.007031395332887769,0.006855158653343097,-0.24106799364089965,0.005204487619630526,0.0499267578125,0.5264362558722496,0.12841065265238286,1.7697416543960571,9.002545356750488,41.030555725097656,35.8956413269043,39.26081466674805,39.73710250854492,0.9371004990923177,0.8620574474334717,0.48782867193222046,0.625,0.0,65.04971459261618,44.3440848928573,72704.0001,0.0,-0.0034423198085278273,0.25366494059562683,0.0,0.24784930050373077,0.2552070617675781,0.2621185779571533,-1.514208197593689,-1.5004106760025024,-1.48744797706604,0.0,1.0
73728,72,6,158.88604508221513,151.83333333333334,-0.004062084248289466,0.00835285042412579,-0.2491437666118145,0.003943750735197682,0.022265625,0.5424998596310615,0.14408821873366834,5.225735187530518,7.881654262542725,40.94355392456055,39.95582580566406,35.71781539916992,41.18695831298828,0.9610888079956624,0.8485155701637268,0.5502471923828125,0.625,0.025,64.71490676587655,44.37588068148557,73728.0001,0.0,-0.015951504930853844,0.2606939375400543,0.0,0.24541212618350983,0.25333699584007263,0.2597419023513794,-1.5187976360321045,-1.5039029121398926,-1.491891860961914,0.0,1.0
74752,73,8,140.8170341427539,133.5,-0.003585209650918841,0.008162969601107762,-0.2576123490929604,0.002222436253214255,0.045751953125,0.5963856272399426,0.0721693817526102,0.3940209746360779,8.467437744140625,55.426326751708984,36.615577697753906,55.03230285644531,36.36605453491211,0.9465223455215651,1.1527258157730103,0.2052319198846817,0.675,0.0,64.5876659477112,44.29192522694773,74752.0001,0.0,-0.006573190446943045,0.24877402186393738,0.0,0.24597688019275665,0.25254419445991516,0.2588367462158203,-1.5177336931228638,-1.5053874254226685,-1.4935855865478516,0.0,1.0
75776,74,7,127.46883858968006,124.0,-0.004072626156266778,0.013387988088652492,-0.25772659853100777,0.0036168534352327697,0.0316162109375,0.5994007058441639,0.1628137762658298,3.0689239501953125,12.562158584594727,47.636085510253906,35.87490463256836,44.56716537475586,36.162879943847656,0.8773840300247403,1.0440911054611206,0.47755640745162964,0.575,0.0,64.3585905873773,44.23219299489494,75776.0001,0.0,-0.0349721722304821,0.24574975669384003,0.0,0.24807162582874298,0.25325649976730347,0.2591566741466522,-1.5137897729873657,-1.5040467977523804,-1.4929869174957275,0.0,1.0
76800,75,9,174.70200363121893,144.66666666666666,-0.0038118307944387197,0.005543934274464845,-0.2530280739068985,0.003119699096714612,0.02412109375,0.607387151569128,0.0904895078856498,3.1959543228149414,6.242425441741943,48.895790100097656,38.02464294433594,45.69983673095703,39.76031494140625,0.9730489041251449,1.024023175239563,0.30284303426742554,0.725,0.0,64.15241993493173,44.19077038487117,76800.0001,0.0,-0.04045788198709488,0.2520359754562378,0.0,0.24779893457889557,0.2538503110408783,0.26003918051719666,-1.5143029689788818,-1.5029257535934448,-1.4913356304168701,0.0,1.0
77824,76,9,153.82721858088414,122.44444444444444,-0.0041505975153995674,0.005055405752500519,-0.2494734264910221,0.005596867810527329,0.0478515625,0.5859777003526687,0.055085195088759066,-0.33583879470825195,6.662947654724121,59.71551513671875,33.54777526855469,60.05135726928711,34.092872619628906,0.9605537801008038,0.9350177049636841,0.15759049355983734,0.675,0.0,64.0940396339314,44.070322729497285,77824.0001,0.0,-0.0248390082269907,0.2432551085948944,0.0,0.24868656694889069,0.25488439202308655,0.26069340109825134,-1.5126327276229858,-1.500989317893982,-1.490112066268921,0.0,1.0
78848,77,6,157.78446009916368,134.0,-0.0042268798220902685,0.005801654819515533,-0.242592965811491,0.0028719846697640604,0.0320068359375,0.597054061293602,0.13272985201328993,4.023009300231934,8.123369216918945,53.74851989746094,33.06974411010742,49.72550964355469,35.887718200683594,0.9396592446705101,1.1051439046859741,0.4091344177722931,0.675,0.0,63.95968221081982,43.96071769041,78848.0001,0.0,-0.013526971451938152,0.25239261984825134,0.0,0.25051772594451904,0.2560284435749054,0.26133859157562256,-1.509189486503601,-1.4988354444503784,-1.488905668258667,0.0,1.0
79872,78,8,158.41260796786605,128.0,-0.00579616537434049,0.007076864194823429,-0.2407267987728119,0.0033004462893586606,0.0353759765625,0.5758902542293072,0.06990178450942039,-2.040677070617676,7.2891011238098145,62.66950225830078,35.23794174194336,64.71017456054688,34.600704193115234,0.957211521256226,0.8462687730789185,0.21135710179805756,0.675,0.0,63.94314145219439,43.86010654097622,79872.0001,0.0,-0.013282418251037598,0.25594568252563477,0.0,0.24949246644973755,0.2554260194301605,0.2602425813674927,-1.5111169815063477,-1.5000076293945312,-1.490955114364624,0.0,1.0
80896,79,8,147.7820816724375,142.875,-0.004448957636486739,0.0077171461423859,-0.24237775132060052,0.004838841067976318,0.0383056640625,0.5842558115720748,0.08141098245978355,-0.36413657665252686,8.793635368347168,58.702816009521484,40.614192962646484,59.06694793701172,39.13204574584961,0.9531206931704475,0.8905038833618164,0.20241551101207733,0.675,0.0,63.87680819251791,43.82443744993909,80896.0001,0.0,-0.009784998372197151,0.2633711099624634,0.0,0.2504225969314575,0.25594237446784973,0.2601480782032013,-1.5093683004379272,-1.499001145362854,-1.4911320209503174,0.0,1.0
81920,80,11,143.6007234405655,117.81818181818181,-0.00431142213055864,0.010713452030904591,-0.23994068056344986,0.005355955600680318,0.0293701171875,0.5646360263228416,0.10981881013140082,-1.3325676918029785,10.467615127563477,56.368896484375,35.33916473388672,57.70146560668945,35.61106872558594,0.91226297769383,0.9413043260574341,0.38520634174346924,0.625,0.0,63.78295931189489,43.73649003649253,81920.0001,0.0,-0.033354148268699646,0.2590697407722473,0.0,0.25168678164482117,0.255965918302536,0.25983187556266785,-1.5069928169250488,-1.4989515542984009,-1.4917235374450684,0.0,1.0
82944,81,6,157.70273994533122,127.5,-0.002797075523994863,0.007303535676328465,-0.24097486957907677,0.0020426197297638282,0.019970703125,0.6504129689186812,0.10178908770903945,-0.5086753368377686,7.767640113830566,58.068115234375,40.40546417236328,58.5767936706543,42.9630241394043,0.9630428873386796,0.9684901833534241,0.27838581800460815,0.8,0.0,63.712405691422255,43.7014707952409,82944.0001,0.0,-0.015140260569751263,0.26893723011016846,0.0,0.251438707113266,0.25552886724472046,0.2578156590461731,-1.5074588060379028,-1.4997963905334473,-1.4954973459243774,0.0,1.0
83968,82,8,132.65370515198325,123.75,-0.005337351968046277,0.007325494120595977,-0.2459564983844757,0.005424657900584861,0.058642578125,0.5750785894691944,0.09097223305143416,-2.52976131439209,8.457374572753906,58.182586669921875,38.73996353149414,60.71234893798828,38.594017028808594,0.9523401431847361,1.0303034782409668,0.2597082853317261,0.625,0.0,63.64496884987544,43.6485818612329,83968.0001,0.0,-0.025601742789149284,0.2608928084373474,0.0,0.24895355105400085,0.25436827540397644,0.2571539580821991,-1.5121304988861084,-1.501983642578125,-1.496736764907837,0.0,1.0
84992,83,8,143.36328627731882,130.875,-0.0038714000256732106,0.005365051832632162,-0.2543959379196167,0.004758195037720725,0.03447265625,0.5805099934339524,0.07990881535224617,0.31693121790885925,8.026995658874512,55.387718200683594,38.25513458251953,55.0707893371582,37.22178649902344,0.9559722449273336,1.0385288000106812,0.23943451046943665,0.65,0.0,63.545483923489705,43.596881366913415,84992.0001,0.0,-0.05455874279141426,0.25880715250968933,0.0,0.24484848976135254,0.25227829813957214,0.2570118010044098,-1.519859790802002,-1.5059000253677368,-1.4970030784606934,0.0,1.0
86016,84,9,154.78467409559408,124.66666666666667,-0.0035593809967394917,0.006696477090008557,-0.2636812999844551,0.003584819898242131,0.042822265625,0.6043748877942562,0.1112288729287684,0.9802873134613037,8.095852851867676,57.516056060791016,36.09169006347656,56.535770416259766,39.526832580566406,0.9496834489775813,1.1218223571777344,0.36468517780303955,0.675,0.0,63.473705028134745,43.52006112052279,86016.0001,0.0,-0.03996482118964195,0.2542784512042999,0.0,0.2415093630552292,0.25140878558158875,0.2582416534423828,-1.5261582136154175,-1.5075268745422363,-1.4946997165679932,0.0,1.0
87040,85,9,142.40536883387597,139.0,-0.005079603858757764,0.009819660754874348,-0.2657573863863945,0.005108782721799798,0.057373046875,0.6004520282149315,0.13692186307162046,-1.3050544261932373,10.959718704223633,46.24629211425781,39.637535095214844,47.55134582519531,41.49617385864258,0.9235485832799677,1.0267294645309448,0.4363003969192505,0.7,0.0,63.27102956074543,43.51606422839168,87040.0001,0.0,-0.021532157436013222,0.256232887506485,0.0,0.24019168317317963,0.25154075026512146,0.2575201988220215,-1.528646469116211,-1.5073142051696777,-1.4960507154464722,0.0,1.0
88064,86,6,153.69809279832342,129.66666666666666,-0.004266537469811737,0.008257463772315532,-0.2649377889931202,0.004531319248781074,0.032275390625,0.6263035386800766,0.13805341413244604,2.455359935760498,10.180224418640137,55.303157806396484,33.09389877319336,52.84779357910156,36.76234817504883,0.9053721838920985,1.2394717931747437,0.4694613814353943,0.625,0.0,63.17837987396291,43.41766088720904,88064.0001,0.0,-0.023385101929306984,0.24937021732330322,0.0,0.23865580558776855,0.25160232186317444,0.2590213418006897,-1.5315486192703247,-1.5072020292282104,-1.4932401180267334,0.0,1.0
89088,87,8,161.84185655893597,137.5,-0.004106942168436945,0.005715013068402186,-0.2663186714053154,0.003791979650850408,0.0552490234375,0.601435998082161,0.11877172868698835,4.213173866271973,7.44903039932251,54.17682647705078,39.0504150390625,49.963653564453125,41.9019775390625,0.9636128369469259,1.259414553642273,0.4447440803050995,0.65,0.0,63.07491377815319,43.380573704842284,89088.0001,0.0,-0.03141941502690315,0.25179237127304077,0.0,0.2371041178703308,0.25084081292152405,0.25954702496528625,-1.534482717514038,-1.5086010694503784,-1.4922564029693604,0.0,1.0
90112,88,8,135.49269667399585,117.5,-0.0037253669463098047,0.012173379387240857,-0.2687610350549221,0.003520068569923751,0.03349609375,0.5502303272485733,0.13222745405510067,-3.3861355781555176,11.447665214538574,59.295284271240234,37.61050796508789,62.681419372558594,34.59392166137695,0.9073563870355719,0.9434999227523804,0.4129664897918701,0.625,0.0,63.03196344613349,43.32117457671284,90112.0001,0.0,-0.03999916836619377,0.24571925401687622,0.0,0.2356095165014267,0.25144293904304504,0.2622791826725006,-1.53731107711792,-1.5075269937515259,-1.4871478080749512,0.0,1.0
91136,89,8,158.71059332108018,134.625,-0.0039694927516393365,0.004645926528610289,-0.2654124215245247,0.003071761406317819,0.035107421875,0.5889368325471878,0.08020193772390485,2.721644401550293,6.162876605987549,60.68145751953125,37.870643615722656,57.959815979003906,39.00285720825195,0.9735173487455355,0.9925886988639832,0.21581918001174927,0.65,0.0,63.00555330056814,43.26445661901282,91136.0001,0.0,-0.03431236743927002,0.2508839964866638,0.0,0.2365266978740692,0.25129660964012146,0.2621345818042755,-1.5355751514434814,-1.5077959299087524,-1.4874179363250732,0.0,1.0
92160,90,8,168.88990359202882,130.625,-0.005132874363334849,0.006487775669666007,-0.26815120354294775,0.0047747297474415975,0.057080078125,0.655834011733532,0.08051496753469109,2.040762424468994,7.112407684326172,65.83938598632812,42.02046585083008,63.798614501953125,43.695709228515625,0.9713508635257712,1.2038049697875977,0.245162233710289,0.675,0.0,63.0370402794607,43.251851122640616,92160.0001,0.0,-0.029975006356835365,0.2487800419330597,0.0,0.23685482144355774,0.25064554810523987,0.26007646322250366,-1.5349544286727905,-1.509010910987854,-1.491265892982483,0.0,1.0
93184,91,8,157.4192815042311,128.5,-0.00548164282226935,0.00820759148336947,-0.26869837418198583,0.007193776071653701,0.0530517578125,0.6410568840801716,0.11954570533707738,-2.7062935829162598,9.562932968139648,62.572486877441406,35.69028091430664,65.27877807617188,34.40330123901367,0.9282069789008698,1.0307673215866089,0.31304773688316345,0.8,0.0,63.031935301771284,43.175981058981996,93184.0001,0.0,-0.028878724202513695,0.25926393270492554,0.0,0.23995590209960938,0.2516225278377533,0.26027464866638184,-1.5290918350219727,-1.5071574449539185,-1.4908952713012695,0.0,1.0
94208,92,8,154.22329976349795,128.875,-0.004575862502679229,0.006666291377041489,-0.26102758944034576,0.005590593737724703,0.0362548828125,0.5958216987550259,0.11455849907360971,0.0290910005569458,9.211736679077148,54.40241241455078,33.233985900878906,54.373321533203125,36.594337463378906,0.9231722497950793,0.88346266746521,0.36835813522338867,0.7,0.0,62.938136153403036,43.08954316669329,94208.0001,0.0,-0.04535451531410217,0.2481248676776886,0.0,0.24113906919956207,0.25276729464530945,0.25951188802719116,-1.5268572568893433,-1.5049887895584106,-1.4923222064971924,0.0,1.0
95232,93,7,119.32949853873511,107.42857142857143,-0.003935813182033598,0.005709060037042945,-0.2594254188239574,0.004239411275193561,0.034228515625,0.546845119446516,0.05915708821266889,-1.688498854637146,6.348434925079346,59.861507415771484,34.28742218017578,61.55000686645508,34.103546142578125,0.9657181965612545,0.9804418683052063,0.1781383454799652,0.6,0.0,62.9050541099528,43.00565033900482,95232.0001,0.0,-0.05837186053395271,0.24160748720169067,0.0,0.2427661418914795,0.2518922686576843,0.25800445675849915,-1.5237864255905151,-1.5066217184066772,-1.4951438903808594,0.0,1.0
96256,94,9,145.87969240014434,125.88888888888889,-0.0053438104107044635,0.00741775092901662,-0.26480977684259416,0.006200254539726302,0.0486328125,0.6151041585952044,0.05913997916504741,-1.6799216270446777,6.555278301239014,52.498592376708984,36.89720916748047,54.17851638793945,36.4327507019043,0.968435768499139,0.9702107906341553,0.1886042058467865,0.725,0.0,62.794347075989926,42.95850804950991,96256.0001,0.0,-0.0503973551094532,0.2533961832523346,0.0,0.242075577378273,0.25153979659080505,0.2584601640701294,-1.5250895023345947,-1.507310390472412,-1.4942905902862549,0.0,1.0
97280,95,8,145.94230055334424,133.5,-0.0056290906970389186,0.003993214172078296,-0.2643054261803627,0.0017237098640180194,0.051416015625,0.6212242141366004,0.05770194916985929,0.6531277298927307,5.736640453338623,52.69841766357422,36.16303253173828,52.045291900634766,36.2091178894043,0.9748356621754037,1.055895209312439,0.15364976227283478,0.725,0.0,62.68807412832552,42.904957491651714,97280.0001,0.0,-0.04874182865023613,0.2548472583293915,0.0,0.2427240014076233,0.2517646849155426,0.2582632303237915,-1.5238659381866455,-1.5068849325180054,-1.4946593046188354,0.0,1.0
98304,96,8,131.09101187146302,119.75,-0.0034824590315110982,0.006019918614765629,-0.26127131581306456,0.004871206003008411,0.03134765625,0.5768675319850445,0.09126240429468453,-0.5501816868782043,7.620909214019775,53.683937072753906,34.92087936401367,54.23411560058594,36.77470016479492,0.9523741018234944,1.1066830158233643,0.27022692561149597,0.575,0.0,62.59428103545266,42.83921717348099,98304.0001,0.0,-0.04657118394970894,0.24332626163959503,0.0,0.24313728511333466,0.25276726484298706,0.25803476572036743,-1.5230863094329834,-1.5049796104431152,-1.4950871467590332,0.0,1.0
99328,97,8,148.7912920194341,131.125,-0.0034557520179077984,0.003140780271496624,-0.2589628741145134,0.0028304804174695162,0.027197265625,0.554886294528842,0.06879665860906244,2.443894147872925,4.560038089752197,50.78321838378906,32.78071594238281,48.339324951171875,34.4326286315918,0.9806491493220235,1.1090729236602783,0.23752756416797638,0.6,0.0,62.47251751758418,42.764241875040824,99328.0001,0.0,-0.05700172111392021,0.25207188725471497,0.0,0.24161919951438904,0.2521766722202301,0.25884854793548584,-1.5259509086608887,-1.5061079263687134,-1.4935635328292847,0.0,1.0
100352,98,9,135.75138140653496,119.55555555555556,-0.002952434599865228,0.004772005486302078,-0.264432742446661,0.005736036832968239,0.0294677734375,0.570402892678976,0.0480892033316195,0.7147794365882874,5.847040176391602,58.05284881591797,38.710960388183594,57.33806610107422,38.11418533325195,0.9771858543237723,1.1704989671707153,0.08801048249006271,0.575,0.0,62.427418834669034,42.72713254307802,100352.0001,0.0,-0.05373602733016014,0.24993851780891418,0.0,0.2394559383392334,0.2512143552303314,0.25735798478126526,-1.530036449432373,-1.5079307556152344,-1.496354579925537,0.0,1.0
101376,99,9,149.44855187663967,134.33333333333334,-0.004560834320727736,0.009458470874233172,-0.2655125357210636,0.0031270317223970777,0.0286865234375,0.5661503694951534,0.09365263804793358,-2.0091445446014404,9.377213478088379,54.41310119628906,42.419010162353516,56.422245025634766,40.60037612915039,0.9511317742970793,0.9098984599113464,0.2390897125005722,0.6,0.0,62.34646613536546,42.73154662431374,101376.0001,0.0,-0.06783155351877213,0.24961891770362854,0.0,0.24034914374351501,0.25185152888298035,0.2586956322193146,-1.5283489227294922,-1.506716251373291,-1.493849754333496,0.0,1.0
102400,100,7,158.50278084810932,136.0,-0.0035113446065224707,0.006153621396515518,-0.2598274491727352,0.0033705080422805622,0.0295654296875,0.605344632267952,0.11871764529496431,0.574547529220581,8.21169376373291,57.20295715332031,36.59885787963867,56.62841033935547,40.717350006103516,0.9496580043100302,0.9578921794891357,0.4059673249721527,0.65,0.0,62.295031042085895,42.677651083649046,102400.0001,0.0,-0.07144320756196976,0.24527722597122192,0.0,0.24061065912246704,0.2530710995197296,0.2600300908088684,-1.5278550386428833,-1.504437804222107,-1.4913525581359863,0.0,1.0
103424,101,6,163.8472500012156,143.5,-0.0036254664766602216,0.0020043842130689883,-0.257262521982193,0.0047437521876418035,0.022119140625,0.6092959053814411,0.07121883207000793,2.5008652210235596,3.9212753772735596,58.12242889404297,34.87133026123047,55.621559143066406,36.793121337890625,0.9873550365712752,1.0204046964645386,0.23855441808700562,0.725,0.0,62.253718120733964,42.609374487179196,103424.0001,0.0,-0.074451744556427,0.24549038708209991,0.0,0.24295596778392792,0.2526041865348816,0.25830936431884766,-1.5234283208847046,-1.5052908658981323,-1.4945728778839111,0.0,1.0
104448,102,10,145.171476352088,120.6,-0.0060123268514871596,0.0034872934891609477,-0.2601669006049633,0.005441708535363432,0.0440185546875,0.6548666328191757,0.05463880603201687,-1.4559978246688843,4.83160924911499,57.3851318359375,32.27690887451172,58.841129302978516,30.583829879760742,0.9775921752679684,1.0686564445495605,0.16914324462413788,0.8,0.0,62.20598687821828,42.522970486962784,104448.0001,0.0,-0.08157069236040115,0.24744361639022827,0.0,0.2437724769115448,0.2524159252643585,0.25916022062301636,-1.5218883752822876,-1.5056571960449219,-1.4929802417755127,0.0,1.0
105472,103,7,118.98515419211773,106.14285714285714,-0.00425947557669133,0.0038627234142040836,-0.26133632138371465,0.006627495687280316,0.0343505859375,0.5460031535476446,0.07727251457981765,-1.507387399673462,5.662034034729004,63.23198318481445,36.37864685058594,64.73936462402344,33.97457504272461,0.9757756631815208,0.8788118362426758,0.22485971450805664,0.625,0.0,62.21594797955436,42.46770976138883,105472.0001,0.0,-0.05582154914736748,0.24258065223693848,0.0,0.2446545660495758,0.2518932819366455,0.2590793967247009,-1.5202252864837646,-1.5066102743148804,-1.493131399154663,0.0,1.0
106496,104,8,164.46356308216033,144.5,-0.0033186628017574547,0.004305010667303577,-0.26098799481987955,0.0024823529078275897,0.02421875,0.6070716671645642,0.07605529529973865,0.9245835542678833,6.52714729309082,52.9407958984375,34.49025344848633,52.01620864868164,37.17317581176758,0.9641859000356932,1.209863543510437,0.2721261978149414,0.7,0.0,62.126763826668096,42.40781123979477,106496.0001,0.0,-0.07601218670606613,0.24176204204559326,0.0,0.24351274967193604,0.2527669072151184,0.26088419556617737,-1.5223782062530518,-1.504988193511963,-1.4897552728652954,0.0,1.0
107520,105,9,133.39372181260651,115.88888888888889,-0.005358743102988228,0.003017590945819393,-0.2602642484009266,0.003822021748055704,0.0514404296875,0.608586099743843,0.03908535502851009,-0.5043163299560547,4.503534317016602,52.99187088012695,35.581451416015625,53.496185302734375,35.2216682434082,0.9839801062420485,1.241586446762085,0.09261158108711243,0.675,0.0,62.03976485640091,42.35728153599307,107520.0001,0.0,-0.08868672698736191,0.24133744835853577,0.0,0.24054493010044098,0.2516058087348938,0.2614351809024811,-1.5279792547225952,-1.507191777229309,-1.488725185394287,0.0,1.0
108544,106,8,139.99909994760316,122.625,-0.003011789114680141,0.004030874825548381,-0.2696736194193363,0.0023065684203174897,0.015869140625,0.5345579355955123,0.07970611685886979,0.5262954235076904,6.598353385925293,54.060546875,37.12359619140625,53.53425598144531,39.28409194946289,0.9684084438552144,0.9235848188400269,0.2794155776500702,0.5,0.0,61.96448922933127,42.31796255897862,108544.0001,0.0,-0.0866478681564331,0.2488381266593933,0.0,0.24020354449748993,0.24981017410755157,0.25969770550727844,-1.5286240577697754,-1.5105715990066528,-1.4919744729995728,0.0,1.0
109568,107,9,148.7455811410071,128.77777777777777,-0.004317170300055295,0.0028693783475318923,-0.2788667164742947,0.002122700407926459,0.0248779296875,0.5330662205815315,0.04568363893777132,-0.49180418252944946,4.771008491516113,56.98307418823242,36.74976348876953,57.474876403808594,36.68779373168945,0.9831456787386262,1.0114558935165405,0.11474472284317017,0.525,0.0,61.917933974673275,42.27203655114848,109568.0001,0.0,-0.08374994993209839,0.24839088320732117,0.0,0.23902259767055511,0.24828964471817017,0.25914523005485535,-1.5308552980422974,-1.5134214162826538,-1.4930082559585571,0.0,1.0
110592,108,7,141.29350008785727,124.14285714285714,-0.003587270062416792,0.0022162587047205307,-0.2867007441818714,0.0002739175193710253,0.0287841796875,0.5308063220232725,0.0479607576970011,0.5372281074523926,4.518710136413574,54.489994049072266,32.583133697509766,53.952762603759766,33.35529327392578,0.9807671626815768,0.8905951380729675,0.13088537752628326,0.5,0.0,61.84915673389119,42.19852847209598,110592.0001,0.0,-0.09122689813375473,0.23942463099956512,0.0,0.2366047352552414,0.24717742204666138,0.25979167222976685,-1.5354275703430176,-1.5155048370361328,-1.4917986392974854,0.0,1.0
111616,109,8,141.61666290560305,117.375,-0.00421822631615214,0.0060119791189208625,-0.29340960681438444,0.0015109910906176082,0.0328857421875,0.5815112642943859,0.07050304664298893,0.5740470886230469,7.0079803466796875,55.14802551269531,32.90608596801758,54.573978424072266,34.137657165527344,0.9546441496096896,0.9771136045455933,0.1839335858821869,0.625,0.0,61.78767846995994,42.127439964306454,111616.0001,0.0,-0.08353075385093689,0.24242936074733734,0.0,0.23645421862602234,0.2456609606742859,0.25761574506759644,-1.5357123613357544,-1.5183745622634888,-1.4958717823028564,0.0,1.0
112640,110,9,142.15158298745533,122.66666666666667,-0.00503198808291927,0.0031964547088136896,-0.2983291640877724,0.004776283788669389,0.02763671875,0.5742952674627304,0.05444487845525146,1.713955044746399,4.473385810852051,60.43147277832031,37.97239685058594,58.7175178527832,36.92558288574219,0.9861216862504256,0.9149147868156433,0.14273926615715027,0.6,0.0,61.775349336873084,42.091711133061196,112640.0001,0.0,-0.07749681919813156,0.24173904955387115,0.0,0.23842547833919525,0.24590350687503815,0.256435751914978,-1.5319839715957642,-1.517919659614563,-1.4980823993682861,0.0,1.0
113664,111,8,154.4567474025103,139.375,-0.0064618523931130765,0.006484429980628192,-0.2951886534690857,0.0033509004439110867,0.0641357421875,0.5884207509458065,0.09390242667868734,-1.9688036441802979,7.718874454498291,51.91975402832031,37.286190032958984,53.88855743408203,35.68942642211914,0.9571439671059152,0.9946248531341553,0.2502637803554535,0.625,0.0,61.68656019222346,42.0611795516012,113664.0001,0.0,-0.07760116457939148,0.24382951855659485,0.0,0.2394644021987915,0.2466040402650833,0.256662517786026,-1.5300204753875732,-1.5165659189224243,-1.4976575374603271,0.0,1.0
114688,112,9,139.87339827429776,119.44444444444444,-0.004200253169983625,0.0056287880754098294,-0.2951018884778023,0.004331874006311409,0.02333984375,0.5766482003033161,0.08278338229283691,1.1149708032608032,6.95634126663208,57.331459045410156,35.413753509521484,56.21649169921875,35.32504653930664,0.9614150602332907,0.8999499082565308,0.2143329232931137,0.65,0.0,61.647675376478,42.0084797098808,114688.0001,0.0,-0.07545213401317596,0.2481301724910736,0.0,0.23941321671009064,0.2457626312971115,0.25290507078170776,-1.530117154121399,-1.5181680917739868,-1.5047049522399902,0.0,1.0
115712,113,6,145.26111580163527,120.33333333333333,-0.005361147620715201,0.00412086871219799,-0.29675151482224466,0.0029545023484388367,0.036865234375,0.5394726015627385,0.04295965917408466,-0.06987601518630981,4.878089427947998,59.803855895996094,35.80956268310547,59.87372589111328,35.9264030456543,0.9814432684523816,1.0517151355743408,0.08502061665058136,0.55,0.0,61.63135836651805,41.95799410962688,115712.0001,0.0,-0.08024299889802933,0.2478715032339096,0.0,0.24062001705169678,0.2463396042585373,0.2510068416595459,-1.5278373956680298,-1.5170446634292603,-1.508270263671875,0.0,1.0
116736,114,9,159.85889556916632,132.0,-0.004685733292717487,0.004017198018846102,-0.29648135527968406,0.0020019250427139924,0.0249267578125,0.5927277944982052,0.06350818406790495,0.7718258500099182,5.735288143157959,61.84344482421875,36.626495361328125,61.071617126464844,37.6061897277832,0.9754800454228261,1.2487794160842896,0.17124250531196594,0.725,0.0,61.63321877134881,41.914179697923096,116736.0001,0.0,-0.06793195009231567,0.25001320242881775,0.0,0.23958127200603485,0.24521933495998383,0.24981671571731567,-1.5297995805740356,-1.519168734550476,-1.5105072259902954,0.0,1.0
117760,115,8,150.38605397714758,129.375,-0.0034547086397651583,0.004684957931749523,-0.3011565625667572,0.0036144258541753516,0.0267822265625,0.5623753190040588,0.062329317023977635,-1.361821174621582,5.838313579559326,56.889068603515625,35.5998420715332,58.250885009765625,34.54709243774414,0.9731045643844681,1.2535521984100342,0.19283755123615265,0.6,0.0,61.59196526001225,41.865694650718396,117760.0001,0.0,-0.05969461798667908,0.24610649049282074,0.0,0.2395237684249878,0.24535571038722992,0.25041866302490234,-1.5299081802368164,-1.5189309120178223,-1.5093756914138794,0.0,1.0
118784,116,9,136.77131489945089,119.55555555555556,-0.005215092189610004,0.007503325783181936,-0.29862471371889115,0.002991420283797197,0.0289306640625,0.6211351431906224,0.0967287159524858,-0.273736834526062,8.132495880126953,51.13239669799805,35.69099807739258,51.406131744384766,38.427146911621094,0.9480805283067902,0.9705077409744263,0.34576696157455444,0.825,0.0,61.50179656928724,41.82753915374554,118784.0001,0.0,-0.0870283767580986,0.2493172138929367,0.0,0.24021309614181519,0.24574589729309082,0.2539697587490082,-1.5286059379577637,-1.518196702003479,-1.50270676612854,0.0,1.0
119808,117,8,132.69643231563606,110.875,-0.004433790093753487,0.0030180099885910748,-0.29962639659643175,0.006617666537931654,0.041357421875,0.6022657983005046,0.05108811620157212,-0.37800920009613037,5.0467119216918945,61.8026123046875,36.034332275390625,62.180625915527344,36.931461334228516,0.9803851876057326,1.1756737232208252,0.16220344603061676,0.6,0.0,61.50436765434242,41.781437257539395,119808.0001,0.0,-0.08408556133508682,0.2426375150680542,0.0,0.2376396656036377,0.24495446681976318,0.25434410572052,-1.5334699153900146,-1.519680142402649,-1.5020043849945068,0.0,1.0
120832,118,9,152.33287248962336,131.55555555555554,-0.0020249477704055606,0.007384743774309754,-0.30297725200653075,0.002622654355945997,0.0138671875,0.5457014601677657,0.07578259254805744,0.7567967176437378,7.769486904144287,53.45580291748047,40.345699310302734,52.69900131225586,40.93745803833008,0.9629156955612764,0.9156634211540222,0.25261354446411133,0.55,0.0,61.436159452583745,41.77599265479348,120832.0001,0.0,-0.09070110321044922,0.24285219609737396,0.0,0.23722055554389954,0.24484576284885406,0.25576066970825195,-1.5342625379562378,-1.5199099779129028,-1.4993478059768677,0.0,1.0
121856,119,7,158.1547288456627,137.42857142857142,-0.003615957766305655,0.005252193316118791,-0.30388123765587804,0.004649079286900814,0.02705078125,0.5918272789567709,0.05417619748041034,-0.6240420341491699,6.2504706382751465,58.08173370361328,37.31964874267578,58.70577621459961,36.80071258544922,0.9719488703771272,1.0640000104904175,0.11111031472682953,0.675,0.0,61.407971003875566,41.741649809252515,121856.0001,0.0,-0.07782267779111862,0.23897454142570496,0.0,0.2366814911365509,0.24436353147029877,0.2567494809627533,-1.5352823734283447,-1.5208169221878052,-1.4974945783615112,0.0,1.0
122880,120,9,141.20632135478874,124.11111111111111,-0.003620615805266425,0.00851390672614798,-0.3045781128108501,0.004134838600293733,0.0473388671875,0.5726150255650282,0.08869229233823717,-1.4678269624710083,8.591683387756348,57.03973388671875,40.841087341308594,58.50756072998047,40.187442779541016,0.9557450449494721,1.0618901252746582,0.22155976295471191,0.65,0.0,61.37156904061548,41.736114560046516,122880.0001,0.0,-0.06277565658092499,0.24228429794311523,0.0,0.23737075924873352,0.24489551782608032,0.25638946890830994,-1.5339784622192383,-1.519789218902588,-1.498169183731079,0.0,1.0
123904,121,6,160.0955518952001,143.5,-0.004973353655077517,0.0035318640351761133,-0.3027205727994442,0.004214645075262524,0.037890625,0.6378460429608822,0.07159341233782471,-0.2559463381767273,6.3146843910217285,62.539161682128906,42.578189849853516,62.795108795166016,43.62495040893555,0.9780047499386023,1.1507697105407715,0.2193787544965744,0.7,0.0,61.38121858166011,41.74327731185062,123904.0001,0.0,-0.08395301550626755,0.24617710709571838,0.0,0.23912149667739868,0.2446497231721878,0.2537563145160675,-1.5306683778762817,-1.5202523469924927,-1.5031071901321411,0.0,1.0
124928,122,7,150.75579814111572,123.57142857142857,-0.005513689806684851,0.004705205006757751,-0.3081501632928848,0.005303242093941662,0.051220703125,0.5921803519129754,0.09651662772521377,-3.4912455081939697,6.107096195220947,50.853294372558594,37.11892318725586,54.34453582763672,36.93403625488281,0.972930590223287,1.5753520727157593,0.28915032744407654,0.575,0.0,61.29492410221113,41.7182576246642,124928.0001,0.0,-0.0709177777171135,0.24381829798221588,0.0,0.23728761076927185,0.24285991489887238,0.25084635615348816,-1.5341356992721558,-1.5236178636550903,-1.5085718631744385,0.0,1.0
125952,123,11,132.86389346471202,124.9090909090909,-0.004747809446416795,0.003334559648646973,-0.31359282657504084,0.005312073715322186,0.03857421875,0.550686365738511,0.06446954323910177,-0.9870221614837646,5.500425815582275,58.39805221557617,40.088130950927734,59.385074615478516,39.239768981933594,0.98117387417703,1.0749821662902832,0.2158602625131607,0.525,0.0,61.27137229944706,41.70607276387904,125952.0001,0.0,-0.08527719974517822,0.2443801611661911,0.0,0.23582252860069275,0.24348925054073334,0.25005656480789185,-1.5369077920913696,-1.5224419832229614,-1.5100563764572144,0.0,1.0
126976,124,9,143.08547737254233,122.88888888888889,-0.0044064394605811685,0.001863793600932695,-0.3106506809592247,0.005240912824228871,0.0550537109375,0.6744038820266723,0.06117383958771825,-0.6484559774398804,4.723423480987549,56.183013916015625,34.93484878540039,56.83147048950195,37.3177375793457,0.9817191627457427,1.3143426179885864,0.2464602142572403,0.8,0.0,61.23033714324675,41.65835472793346,126976.0001,0.0,-0.08221277594566345,0.24535657465457916,0.0,0.2338745892047882,0.2432175725698471,0.2506295442581177,-1.5405964851379395,-1.522979736328125,-1.508979320526123,0.0,1.0
128000,125,9,115.71089224668039,106.11111111111111,-0.00507988928584382,0.008721429656725376,-0.3090591743588448,0.004070420219795779,0.044189453125,0.5381206788122654,0.1129610886797309,-3.3824338912963867,8.696392059326172,56.455726623535156,34.05745315551758,59.838157653808594,31.386768341064453,0.934799050656,0.8519095182418823,0.30461904406547546,0.55,0.0,61.19214024657026,41.60523245353561,128000.0001,0.0,-0.08205937594175339,0.2488366961479187,0.0,0.2364078164100647,0.24470336735248566,0.25235697627067566,-1.5358002185821533,-1.5201767683029175,-1.5057340860366821,0.0,1.0
129024,126,8,129.53905135863675,113.875,-0.005174049409106374,0.007288109452929348,-0.3015515863895416,0.006388972571585327,0.0634521484375,0.7340857245028019,0.10036853374913335,1.152060627937317,7.8660712242126465,54.13507080078125,38.063453674316406,52.983009338378906,39.907711029052734,0.9572929670040531,1.4458112716674805,0.31326931715011597,0.775,0.0,61.13613175002258,41.583025988809716,129024.0001,0.0,-0.08795648068189621,0.24402672052383423,0.0,0.23642884194850922,0.24511587619781494,0.25346601009368896,-1.5357604026794434,-1.5193862915039062,-1.5036520957946777,0.0,1.0
130048,127,7,149.94725813153454,133.42857142857142,-0.0052851200569421055,0.003324060415616259,-0.3054763913154602,0.0053765110234962775,0.05390625,0.6073894113302231,0.0644567829091102,-0.6145269274711609,5.510440826416016,50.82539749145508,35.163387298583984,51.43992233276367,36.53779602050781,0.9754420951053799,0.9746561050415039,0.17672881484031677,0.7,0.0,61.05494485743179,41.54634943030897,130048.0001,0.0,-0.09499096870422363,0.2408507615327835,0.0,0.23495496809482574,0.24346213042736053,0.25212645530700684,-1.5385502576828003,-1.5225132703781128,-1.506166934967041,0.0,1.0
131072,128,11,133.70995912316033,111.9090909090909,-0.004490883101243526,0.006055251200450584,-0.3102592550218105,0.0037476977857295425,0.0523681640625,0.5349718108773232,0.0732684210408479,-1.2122161388397217,6.902027606964111,56.62700271606445,34.82499313354492,57.839210510253906,32.86363220214844,0.9607200133978391,0.9378939867019653,0.28916463255882263,0.5,0.0,61.02035153765452,41.49988947003685,131072.0001,0.0,-0.062200482934713364,0.24315245449543,0.0,0.23518000543117523,0.2439778447151184,0.25351405143737793,-1.5381240844726562,-1.5215269327163696,-1.5035618543624878,0.0,1.0
132096,129,9,137.7108636433105,123.33333333333333,-0.0036360370577313006,0.004256526072276756,-0.306285497546196,0.003873304404260125,0.047998046875,0.5813827872276306,0.06575670707970857,0.6295562982559204,6.141042232513428,50.61262130737305,34.7269172668457,49.98306655883789,35.626564025878906,0.9687282799813063,0.9757322669029236,0.1915046125650406,0.625,0.0,60.93967145302982,41.461691068089166,132096.0001,0.0,-0.07283201813697815,0.2571699917316437,0.0,0.2366596907377243,0.24430470168590546,0.2538261115550995,-1.5353236198425293,-1.5209001302719116,-1.5029761791229248,0.0,1.0
133120,130,8,130.14444993603712,119.375,-0.0040991223067976534,0.0051527602510759605,-0.3073764964938164,0.007599746501364279,0.0382080078125,0.512241818755865,0.0851085598114878,0.4630865156650543,7.2654032707214355,50.7702522277832,36.78297424316406,50.307167053222656,38.837684631347656,0.9609855219741822,0.770473062992096,0.26806381344795227,0.55,0.0,60.86144515160307,41.437243949190105,133120.0001,0.0,-0.07136804610490799,0.25351187586784363,0.0,0.23479445278644562,0.2436470240354538,0.2525472342967987,-1.5388541221618652,-1.522161602973938,-1.5053768157958984,0.0,1.0
134144,131,7,133.7138393640921,111.85714285714286,-0.004400592214369681,0.005542477429844439,-0.31229913160204886,0.0037652753802831286,0.0277099609375,0.5759190484881401,0.11901036002673208,2.7995433807373047,7.21015739440918,55.804351806640625,36.82340621948242,53.00481414794922,39.25734329223633,0.9616609359665899,1.2142679691314697,0.3064553737640381,0.55,0.0,60.8228414088393,41.40631073277546,134144.0001,0.0,-0.08284405618906021,0.2625030279159546,0.0,0.23161257803440094,0.24268104135990143,0.2527478039264679,-1.5448839664459229,-1.523970127105713,-1.5050002336502075,0.0,1.0
135168,132,8,166.3899127597988,139.5,-0.003040412301197648,0.00462233392172493,-0.3152288980782032,0.0030789259530138225,0.030810546875,0.6197030015289784,0.09372367267496884,2.9787561893463135,5.649389266967773,55.18965530395508,34.354801177978516,52.210899353027344,35.3927001953125,0.9729586660338969,1.1381597518920898,0.27946656942367554,0.7,0.0,60.780165755471074,41.360294349226386,135168.0001,0.0,-0.08948048204183578,0.24789732694625854,0.0,0.23277603089809418,0.24273456633090973,0.25231438875198364,-1.5426782369613647,-1.5238851308822632,-1.5058140754699707,0.0,1.0
136192,133,8,147.60675151615592,122.75,-0.004805182805284858,0.004686814418528229,-0.3113405242562294,0.004487536553642713,0.0306396484375,0.5498107753694057,0.05613588951528072,-0.06396472454071045,5.995523929595947,55.73097229003906,34.34341812133789,55.79494094848633,33.72524642944336,0.9695233478521779,1.0114283561706543,0.12679314613342285,0.55,0.0,60.74220190110944,41.314285443345184,136192.0001,0.0,-0.06505978107452393,0.2618311643600464,0.0,0.23530617356300354,0.24424810707569122,0.2543882131576538,-1.537885308265686,-1.5210076570510864,-1.5019216537475586,0.0,1.0
137216,134,9,137.65541735982274,130.88888888888889,-0.004952600970864296,0.005277093918994069,-0.30617926344275476,0.005028354247042443,0.0563232421875,0.5574649285525084,0.06561838542111217,-0.1740468442440033,6.845126628875732,48.92420959472656,35.81554412841797,49.09825897216797,34.05087661743164,0.9634725125184987,0.9563331604003906,0.2380017638206482,0.55,0.0,60.654007951074995,41.288492679613086,137216.0001,0.0,-0.06355735659599304,0.2604406774044037,0.0,0.23584891855716705,0.24392427504062653,0.2533990144729614,-1.5368578433990479,-1.5216020345687866,-1.5037777423858643,0.0,1.0
138240,135,8,134.61250288792644,119.625,-0.003739110752940178,0.0041074894485063854,-0.3092547461390495,0.0025589664321159942,0.0274169921875,0.5818620800971985,0.07330241003073752,-0.16415509581565857,6.565764427185059,59.387168884277344,36.604000091552734,59.55132293701172,37.439552307128906,0.9678253739336921,0.9666141867637634,0.2201758623123169,0.6,0.0,60.644623986652824,41.255891244811046,138240.0001,0.0,-0.07397570461034775,0.2570728361606598,0.0,0.23446844518184662,0.24340777099132538,0.2528300881385803,-1.5394716262817383,-1.5226097106933594,-1.5048457384109497,0.0,1.0
139264,136,10,125.69044529167971,111.0,-0.004844091623090208,0.014947289135307074,-0.3134981237351894,0.0054108619588078,0.0428955078125,0.6054470837116241,0.15066813854500652,-4.930608749389648,11.34260082244873,49.13723373413086,33.827171325683594,54.06784439086914,31.360809326171875,0.8875669541710954,1.043516993522644,0.46295130252838135,0.625,0.0,60.5600108320167,41.21788230176675,139264.0001,0.0,-0.08168938010931015,0.2519659399986267,0.0,0.2325611561536789,0.24253441393375397,0.2537617087364197,-1.5430854558944702,-1.5242513418197632,-1.5030970573425293,0.0,1.0
140288,137,9,113.54882641428986,100.88888888888889,-0.003284693253226578,0.006629250291734934,-0.31579298749566076,0.0012808290179236793,0.022998046875,0.6256868556141854,0.10765428403392434,-2.8401408195495605,8.055350303649902,55.16094970703125,37.25860595703125,58.00109100341797,38.25586700439453,0.9532571036736307,0.9831088781356812,0.3733416199684143,0.7,0.0,60.520601637755874,41.192925187927116,140288.0001,0.0,-0.08171670883893967,0.2549487352371216,0.0,0.23348456621170044,0.24259305000305176,0.25423720479011536,-1.5413354635238647,-1.524156093597412,-1.5022048950195312,0.0,1.0
141312,138,7,128.15850794235448,119.14285714285714,-0.0031830888299737127,0.004401681950548663,-0.31881856322288515,0.0016973950143437833,0.0294677734375,0.5809249848127365,0.06700156214646995,-0.8372049331665039,6.897905349731445,49.0196647644043,33.53419876098633,49.856868743896484,34.39971160888672,0.9576884838852352,0.911217987537384,0.20492982864379883,0.7,0.0,60.43726151428808,41.15411792895838,141312.0001,0.0,-0.0724358782172203,0.2656218111515045,0.0,0.23230910301208496,0.24110285937786102,0.2531161606311798,-1.5435633659362793,-1.5269731283187866,-1.5043087005615234,0.0,1.0
142336,139,10,128.3424275354001,118.4,-0.004745778068900109,0.007618376112077385,-0.32920200899243357,0.000892837364517618,0.040380859375,0.633430240303278,0.11404576860368251,-1.4390485286712646,8.268876075744629,51.92885208129883,37.83760070800781,53.36790466308594,39.37580108642578,0.9522420306540947,1.0612157583236694,0.3220379650592804,0.7,0.0,60.376049933271126,41.13749820987848,142336.0001,0.0,-0.0760054662823677,0.25993889570236206,0.0,0.23162941634655,0.23922955989837646,0.25047048926353455,-1.5448521375656128,-1.5305137634277344,-1.5092782974243164,0.0,1.0
143360,140,7,150.55991210110741,128.28571428571428,-0.0034166164929047226,0.004304145445348695,-0.3387212730944157,0.0021415909184725026,0.02587890625,0.5632754124701023,0.09342841263860464,1.5682339668273926,6.29903507232666,50.81361770629883,33.91323471069336,49.245384216308594,37.078643798828125,0.9655007535996679,1.054907202720642,0.34864288568496704,0.55,0.0,60.3077468521225,41.09829045229763,143360.0001,0.0,-0.09102851152420044,0.25559166073799133,0.0,0.22776804864406586,0.2377116084098816,0.25031134486198425,-1.5521812438964844,-1.5333722829818726,-1.5095773935317993,0.0,1.0
144384,141,9,141.87988515829917,138.77777777777777,-0.004710846312809736,0.005271496434579604,-0.344736697524786,0.0038048485163017175,0.0294189453125,0.6479108050465584,0.09646097449585796,1.8620765209197998,6.969516277313232,42.1903076171875,32.444129943847656,40.32823181152344,32.42427444458008,0.9538541128466479,1.2417287826538086,0.2944818437099457,0.725,0.0,60.17925438801349,41.07148776707179,144384.0001,0.0,-0.10290854424238205,0.2564411163330078,0.0,0.22689644992351532,0.2373645305633545,0.25079450011253357,-1.5538374185562134,-1.5340361595153809,-1.5086692571640015,0.0,1.0
145408,142,8,111.57110421995,106.125,-0.005520257900934666,0.00897644246579148,-0.3442021727561951,0.005536147182283457,0.071484375,0.6108899176120758,0.09708020729012787,-0.956918478012085,10.016788482666016,53.21303939819336,33.79559326171875,54.16995620727539,33.51748275756836,0.912151008381574,1.1375186443328857,0.255388081073761,0.75,0.0,60.13019652717589,41.02889660880504,145408.0001,0.0,-0.07914743572473526,0.25801944732666016,0.0,0.22897042334079742,0.23786763846874237,0.24829412996768951,-1.5498976707458496,-1.5330848693847656,-1.5133711099624634,0.0,1.0
146432,143,8,144.8391480767018,136.75,-0.003966173442313448,0.005321254575392231,-0.3411030851304531,0.0035010225808946418,0.0374267578125,0.5944658674299717,0.08952330546453595,0.03696364164352417,6.833561897277832,46.603370666503906,34.00750732421875,46.56640625,36.34342575073242,0.9596220069867729,1.0853997468948364,0.30943387746810913,0.675,0.0,60.0356033401878,40.99947096725691,146432.0001,0.0,-0.10720318555831909,0.25622791051864624,0.0,0.22903180122375488,0.23825322091579437,0.24683569371700287,-1.5497812032699585,-1.5323487520217896,-1.5161162614822388,0.0,1.0
147456,144,9,111.40349743793958,109.77777777777777,-0.003595835552550852,0.012744912639027462,-0.3427233465015888,0.0026895493720076047,0.035791015625,0.6018235281109809,0.11606531143188477,-1.8006070852279663,10.36380386352539,53.839454650878906,39.4402961730957,55.64006423950195,37.19845962524414,0.930950896813806,0.9554904103279114,0.3332093060016632,0.675,0.0,59.992574541338634,40.99207741506555,147456.0001,0.0,-0.09172239154577255,0.2647118866443634,0.0,0.2271726131439209,0.23714764416217804,0.24815233051776886,-1.5533125400543213,-1.5344181060791016,-1.513637900352478,0.0,1.0
148480,145,9,131.85238407300545,129.77777777777777,-0.006269774935208261,0.010318541404558346,-0.3492320470511913,0.004203640019113664,0.053466796875,0.7059730246663094,0.0981194824911654,-0.31299668550491333,9.530852317810059,49.39574432373047,38.83230209350586,49.708740234375,38.98484802246094,0.9397610877325067,1.3345930576324463,0.2948886752128601,0.775,0.0,59.91949297110477,40.98695547247156,148480.0001,0.0,-0.097413569688797,0.264355331659317,0.0,0.22538791596889496,0.2363065630197525,0.24910926818847656,-1.5567052364349365,-1.536033034324646,-1.5118376016616821,0.0,1.0
149504,146,6,155.3400984392246,130.66666666666666,-0.005303217470645905,0.006914377183420584,-0.3508809544146061,0.005692052363883704,0.0407958984375,0.5878727935254574,0.12199305696412921,-0.5205467939376831,9.143953323364258,50.8831787109375,34.886016845703125,51.403724670410156,37.083839416503906,0.9312986563920298,1.0829112529754639,0.3905400037765503,0.6,0.0,59.85760039467946,40.95504176774065,149504.0001,0.0,-0.10664445161819458,0.2624429166316986,0.0,0.22458389401435852,0.2364894300699234,0.2489468902349472,-1.5582345724105835,-1.5356999635696411,-1.5121431350708008,0.0,1.0
150528,147,10,130.00942994869916,118.2,-0.002930082497186959,0.008802060049492865,-0.3515396282076836,0.0018760141218081116,0.0205078125,0.6164732739329338,0.11324518201872706,-1.5478501319885254,9.14106273651123,47.65816116333008,33.335594177246094,49.20600891113281,35.9310302734375,0.924807069590919,1.1508409976959229,0.3706759810447693,0.725,0.0,59.77461100927426,40.920291755942074,150528.0001,0.0,-0.10381907224655151,0.2624262273311615,0.0,0.2221655249595642,0.23583941161632538,0.25035223364830017,-1.562837839126587,-1.536941409111023,-1.509500503540039,0.0,1.0
151552,148,10,125.838820090161,110.9,-0.0044854654697701335,0.0045922060089651495,-0.3538657695055008,0.0052196289543644525,0.0404541015625,0.5278709910809993,0.08147765202447772,0.6022322177886963,6.552017688751221,50.411895751953125,33.70082092285156,49.80966567993164,35.936424255371094,0.9622019718160365,1.1159886121749878,0.32900333404541016,0.55,0.0,59.71134942714525,40.88298597956616,151552.0001,0.0,-0.1156727746129036,0.2556000053882599,0.0,0.22144344449043274,0.23608221113681793,0.2519867718219757,-1.5642131567001343,-1.5364990234375,-1.5064293146133423,0.0,1.0
152576,149,8,141.016981684472,130.625,-0.005767687346087768,0.005452018292271532,-0.35044660940766337,0.007070043576823082,0.053564453125,0.6506252601742745,0.10475822943262755,1.5905945301055908,7.530041694641113,50.26132583618164,36.26007843017578,48.67073059082031,36.73371505737305,0.9568741825495679,1.5368764400482178,0.33511853218078613,0.7,0.0,59.64792645580186,40.86098885359054,152576.0001,0.0,-0.125580832362175,0.2580505907535553,0.0,0.2202073335647583,0.23695601522922516,0.2543144226074219,-1.5665686130523682,-1.5348587036132812,-1.502060055732727,0.0,1.0
153600,150,9,140.4194295320143,127.66666666666667,-0.005041151738259942,0.004577112378319726,-0.34922901466488837,0.002514167960907798,0.038818359375,0.6792757458984852,0.09139838404953479,-0.9454207420349121,6.609223365783691,53.770286560058594,35.71842575073242,54.71570587158203,35.516841888427734,0.9657613816745075,1.0979628562927246,0.22686420381069183,0.875,0.0,59.608742200098256,40.83165139032423,153600.0001,0.0,-0.10369881987571716,0.26384055614471436,0.0,0.22072909772396088,0.23602551221847534,0.2529050409793854,-1.565574288368225,-1.5365943908691406,-1.5047049522399902,0.0,1.0
154624,151,8,127.2421097976285,104.75,-0.005058448121417314,0.004446640648529865,-0.3534123405814171,0.0056145240945625115,0.056689453125,0.6652002528309822,0.0946333599742502,0.5074087381362915,6.826018810272217,55.48103713989258,33.17672348022461,54.97362518310547,33.868839263916016,0.9576680800868108,1.2943077087402344,0.301912784576416,0.8,0.0,59.58140640524845,40.787056729649606,154624.0001,0.0,-0.13147836923599243,0.2601403594017029,0.0,0.22125126421451569,0.23606234788894653,0.2529906928539276,-1.5645792484283447,-1.5365294218063354,-1.5045442581176758,0.0,1.0
155648,152,9,128.15891860964186,122.22222222222223,-0.004098929674364626,0.008395061432383954,-0.3518346682190895,0.0036658900935435668,0.05087890625,0.6772428244352341,0.13185067288577557,-3.0450146198272705,8.854010581970215,47.758453369140625,36.88735580444336,50.803466796875,34.300254821777344,0.9423863976357058,1.631736159324646,0.385128378868103,0.75,0.0,59.50362383301461,40.7738244128734,155648.0001,0.0,-0.1292145997285843,0.2586352825164795,0.0,0.22286835312843323,0.23626863956451416,0.2535994350910187,-1.5614994764328003,-1.5361323356628418,-1.5034016370773315,0.0,1.0
156672,153,8,129.40513819810974,110.625,-0.004727822646964341,0.003990479907952249,-0.3527973651885986,0.0032114743866259233,0.0366943359375,0.6673736236989498,0.09706180929206312,1.1942411661148071,6.508423805236816,44.95140838623047,32.76128005981445,43.757164001464844,36.24846267700195,0.9605333714982944,1.4576349258422852,0.37036123871803284,0.675,0.0,59.40851130325079,40.74345108585221,156672.0001,0.0,-0.12494323402643204,0.26725125312805176,0.0,0.2225658893585205,0.23583845794200897,0.25409114360809326,-1.5620753765106201,-1.5369657278060913,-1.5024789571762085,0.0,1.0
157696,154,11,123.40967694736642,107.27272727272727,-0.0040473540546372535,0.004805363831110299,-0.35839489921927453,0.001578551612328738,0.03427734375,0.6788743302226067,0.0637319621630013,-1.254773736000061,5.2008280754089355,49.5164680480957,32.27020263671875,50.771240234375,33.04670715332031,0.9740258367871227,1.298441767692566,0.17842356860637665,0.775,0.0,59.34427725015639,40.7018770515844,157696.0001,0.0,-0.13183780014514923,0.26995447278022766,0.0,0.2217378467321396,0.23396845161914825,0.251667857170105,-1.5636523962020874,-1.5404859781265259,-1.507028341293335,0.0,1.0
158720,155,9,113.10324175747012,109.55555555555556,-0.004257695015985519,0.00638717994443141,-0.3679108828306198,0.006583186311763712,0.04443359375,0.710001853108406,0.07395765050314367,-1.173734188079834,7.408121585845947,44.11457824707031,32.54119110107422,45.28831100463867,32.505287170410156,0.9481738012350044,1.151281476020813,0.23381318151950836,0.75,0.0,59.2460211157629,40.67275913003882,158720.0001,0.0,-0.1405205875635147,0.26650360226631165,0.0,0.22166617214679718,0.23299837112426758,0.250914990901947,-1.563788890838623,-1.542312502861023,-1.5084428787231445,0.0,1.0
159744,156,8,117.99508420263734,104.625,-0.004253695951774716,0.002531567035475746,-0.3718247786164284,0.003544225673249457,0.026416015625,0.5665372304618359,0.05214479907881468,1.0689752101898193,3.967076539993286,55.38179397583008,34.80770492553711,54.31282043457031,34.16029357910156,0.9870105615042474,0.9638625383377075,0.16359831392765045,0.675,0.0,59.22125042197703,40.639028532712956,159744.0001,0.0,-0.14195579290390015,0.27424100041389465,0.0,0.21839292347431183,0.23236411809921265,0.2513980567455292,-1.5700284242630005,-1.5435339212417603,-1.5075352191925049,0.0,1.0
160768,157,10,136.64677692885704,123.0,-0.0036795801890548317,0.008798364386893808,-0.3750941209495068,0.0029247709055198355,0.02314453125,0.5894197404384613,0.09107972020283342,-0.3413155674934387,8.831154823303223,43.622802734375,35.1067008972168,43.96411895751953,34.823699951171875,0.936721673909072,1.2019582986831665,0.2181001603603363,0.675,0.0,59.12189725730577,40.62513279652457,160768.0001,0.0,-0.1410907655954361,0.27380120754241943,0.0,0.21563860774040222,0.23199133574962616,0.2500400245189667,-1.57528555393219,-1.544260025024414,-1.510087490081787,0.0,1.0
161792,158,8,139.68984340870983,115.25,-0.004302657552761957,0.003085248336719815,-0.37966952472925186,0.0037251334026223047,0.0407958984375,0.5942861869931221,0.10647290931083261,2.3068690299987793,5.4410624504089355,47.55124282836914,31.235076904296875,45.24437713623047,33.64011001586914,0.9696553416900883,1.1402297019958496,0.40549740195274353,0.625,0.0,59.048665264136524,40.58291129379571,161792.0001,0.0,-0.13173694908618927,0.2729767858982086,0.0,0.21279773116111755,0.23043940961360931,0.24887517094612122,-1.5807143449783325,-1.5472220182418823,-1.5122779607772827,0.0,1.0
162816,159,9,106.55552686794479,107.0,-0.006261635696864687,0.006895546364830807,-0.3872110225260258,0.00703611355565954,0.06015625,0.6178754389286041,0.11377492547035217,-1.9860873222351074,7.153617858886719,52.279579162597656,38.69845962524414,54.265663146972656,35.83652114868164,0.9658284926745323,1.185257077217102,0.3617940843105316,0.625,0.0,59.006092384515554,40.57486194280535,162816.0001,0.0,-0.13573120534420013,0.2698269784450531,0.0,0.21154986321926117,0.22998642921447754,0.25114038586616516,-1.5831010341644287,-1.548067569732666,-1.5080193281173706,0.0,1.0
163840,160,9,140.53582807821763,118.0,-0.004089842876419425,0.002241729422530625,-0.38967530950903895,0.00498269371164497,0.0392578125,0.6242618419229984,0.07830654417630285,1.742709994316101,4.517944812774658,47.447757720947266,33.98276138305664,45.705047607421875,36.50564956665039,0.982324791527201,1.225577473640442,0.35547327995300293,0.725,0.0,58.93385279545238,40.54722372221183,163840.0001,0.0,-0.13546521961688995,0.26705843210220337,0.0,0.20887905359268188,0.2291075736284256,0.2525045871734619,-1.588213324546814,-1.5497760772705078,-1.5054569244384766,0.0,1.0
164864,161,8,116.21385036867872,108.75,-0.004740723106078803,0.004437185716233217,-0.3961705453693867,0.004580234779859893,0.02744140625,0.6218949295580387,0.07014962448738515,-0.4605463743209839,5.665707111358643,48.85077667236328,34.93207931518555,49.31132507324219,32.600711822509766,0.9736937264817405,1.1056311130523682,0.24005888402462006,0.7,0.0,58.87122501843969,40.52249305982371,164864.0001,0.0,-0.13175000250339508,0.2634805738925934,0.0,0.20464806258678436,0.2275632619857788,0.25282248854637146,-1.5963236093521118,-1.5527256727218628,-1.5048599243164062,0.0,1.0
165888,162,10,131.86462980980826,109.3,-0.003766507818363607,0.004202648374484852,-0.40435500293970106,0.002898876485414803,0.022802734375,0.628641502559185,0.065758052514866,-0.9024047255516052,5.315706729888916,48.168033599853516,35.18818664550781,49.0704345703125,36.31364059448242,0.9771793382710421,1.1535152196884155,0.23840051889419556,0.65,0.0,58.80515593419265,40.50039804012381,165888.0001,0.0,-0.1340908408164978,0.25655803084373474,0.0,0.20469537377357483,0.2265382558107376,0.25209978222846985,-1.5962328910827637,-1.5546900033950806,-1.5062170028686523,0.0,1.0
166912,163,9,127.10812754343533,117.0,-0.003942677563463804,0.0035443000291706995,-0.4096343256533146,0.0016996110090985895,0.03681640625,0.6952120907604694,0.0783328683115542,1.0166473388671875,5.524586200714111,49.280967712402344,34.79750061035156,48.26432418823242,36.821510314941406,0.9747940272704666,1.121727466583252,0.2963140904903412,0.8,0.0,58.74672534343864,40.47469425930191,166912.0001,0.0,-0.12873244285583496,0.26610681414604187,0.0,0.20296382904052734,0.2256089299917221,0.25095322728157043,-1.5995559692382812,-1.5564460754394531,-1.5083709955215454,0.0,1.0
167936,164,12,132.47985372598495,114.5,-0.0038377116667106747,0.005803300201660022,-0.4141935147345066,0.004490903894475195,0.033935546875,0.6231921494007111,0.06582092926837504,-0.7324026823043823,6.2179484367370605,49.62153625488281,35.40209197998047,50.353939056396484,35.49734878540039,0.9691513368111463,1.3470160961151123,0.1632377952337265,0.725,0.0,58.69108394631766,40.45192963295849,167936.0001,0.0,-0.12029459327459335,0.2673839330673218,0.0,0.20150983333587646,0.2250392585992813,0.2509433627128601,-1.6023482084274292,-1.5575400590896606,-1.5083894729614258,0.0,1.0
168960,165,8,138.90144520157293,115.75,-0.004035815730458125,0.0020109806486289018,-0.418209657818079,0.004784191504586488,0.0279541015625,0.6666547589004039,0.07279374406207353,2.2410717010498047,3.5248546600341797,53.0040397644043,32.50592041015625,50.762969970703125,32.82973098754883,0.9882413480444343,1.3310353755950928,0.2530793845653534,0.75,0.0,58.656617011967136,40.410889131558264,168960.0001,0.0,-0.14001105725765228,0.26167118549346924,0.0,0.19911786913871765,0.22406846284866333,0.2495109885931015,-1.6069451570510864,-1.5593833923339844,-1.5110821723937988,0.0,1.0
169984,166,8,140.84347199195616,120.875,-0.004412233011680655,0.0033990711061051117,-0.41965182572603227,0.0029343754911678845,0.036181640625,0.6837542176246643,0.08162597282789648,1.4907753467559814,6.0718536376953125,46.74519348144531,30.75709342956543,45.254417419433594,31.969886779785156,0.9610280618114492,1.2959060668945312,0.2960391342639923,0.775,0.0,58.584861435279386,40.3701711679468,169984.0001,0.0,-0.1276218295097351,0.2588109076023102,0.0,0.197157621383667,0.22494100034236908,0.2511950731277466,-1.6107157468795776,-1.5577439069747925,-1.5079165697097778,0.0,1.0
171008,167,9,111.8785679698166,106.33333333333333,-0.0035639662179164588,0.006290905206697062,-0.4149815276265144,0.0011959471230511554,0.03076171875,0.6387548010796309,0.07500696126371623,-0.7019850611686707,7.424449920654297,50.68403625488281,36.095733642578125,51.386016845703125,34.645912170410156,0.9576925439258366,1.1878501176834106,0.18800465762615204,0.725,0.0,58.53755109096796,40.35052779799857,171008.0001,0.0,-0.13217608630657196,0.2583327889442444,0.0,0.1979236751794815,0.22534753382205963,0.2524610459804535,-1.6092418432235718,-1.5569790601730347,-1.5055387020111084,0.0,1.0
172032,168,10,130.69419948159745,114.8,-0.003271367435809225,0.0036803042457904667,-0.416558338701725,0.005342641804600134,0.03984375,0.7010043263435364,0.07310896883718669,0.6073099374771118,5.388996601104736,47.6566162109375,33.86602783203125,47.0493049621582,35.576148986816406,0.9746786301395253,1.2748675346374512,0.23174923658370972,0.8,0.0,58.472783631240624,40.32370275202202,172032.0001,0.0,-0.12067657709121704,0.2686960697174072,0.0,0.197342187166214,0.2242312878370285,0.25433066487312317,-1.6103606224060059,-1.5591241121292114,-1.502029538154602,0.0,1.0
173056,169,8,120.59140437224207,119.0,-0.003924541594460607,0.00785063243820332,-0.4234768323600292,0.002717311677406542,0.0272216796875,0.5715228173881769,0.07165921558625996,-0.8494808673858643,7.069888591766357,46.38572692871094,34.455055236816406,47.235206604003906,34.90194320678711,0.9578964055360736,1.065239429473877,0.16695766150951385,0.55,0.0,58.40126257829767,40.302154056172625,173056.0001,0.0,-0.12737031280994415,0.2686905860900879,0.0,0.19688411056995392,0.22333042323589325,0.25385648012161255,-1.6112420558929443,-1.560850739479065,-1.5029191970825195,0.0,1.0
174080,170,9,123.46226248893647,115.33333333333333,-0.004496234899852425,0.0035049978032475337,-0.4253441847860813,0.0046157972974469885,0.0349853515625,0.6213007286190987,0.04866872616112232,0.3999060094356537,5.173392295837402,47.69340515136719,33.00236129760742,47.29350280761719,32.2959098815918,0.9754268530148994,1.103183388710022,0.13935068249702454,0.75,0.0,58.3382751802387,40.271409481071515,174080.0001,0.0,-0.1353183090686798,0.26454228162765503,0.0,0.19653195142745972,0.22369135916233063,0.255339115858078,-1.6119197607040405,-1.5601786375045776,-1.5001381635665894,0.0,1.0
175104,171,9,128.26187443142788,110.55555555555556,-0.005173882469534874,0.0039155065052909775,-0.42434629797935486,0.003754528121498879,0.0322265625,0.6361032024025917,0.0690412638708949,0.35626906156539917,5.844931602478027,50.485382080078125,32.99569320678711,50.129112243652344,33.06581497192383,0.9686206270119275,1.1647039651870728,0.17325149476528168,0.7,0.0,58.29235183518919,40.237141703939166,175104.0001,0.0,-0.13878178596496582,0.26606908440589905,0.0,0.19713564217090607,0.2233305126428604,0.254427433013916,-1.6107580661773682,-1.5608534812927246,-1.5018479824066162,0.0,1.0
176128,172,9,125.4307319927978,118.55555555555556,-0.003931429993826896,0.01067306644981727,-0.4264093428850174,0.002217707746603992,0.04375,0.7013728372752667,0.10794623899273574,-0.8630704879760742,9.567543983459473,46.9318733215332,34.570655822753906,47.79494094848633,35.20164489746094,0.9234075909533932,1.1135045289993286,0.29443424940109253,0.8,0.0,58.22630252853594,40.21578100615886,176128.0001,0.0,-0.13189224898815155,0.2629093825817108,0.0,0.19565752148628235,0.22320300340652466,0.25386756658554077,-1.613603115081787,-1.5611014366149902,-1.5028984546661377,0.0,1.0
177152,173,8,135.14451284719615,109.375,-0.003975424807867967,0.005682631040690467,-0.4302001506090164,0.003097006968164351,0.03251953125,0.6260248951613903,0.10957825081422926,1.3825037479400635,7.071156978607178,50.63056945800781,29.573148727416992,49.24806594848633,32.80155563354492,0.9428276836742878,0.9680355191230774,0.4656103253364563,0.75,0.0,58.18239655581055,40.166495110781455,177152.0001,0.0,-0.1337510496377945,0.2522275149822235,0.0,0.1919599026441574,0.22159217298030853,0.2529107630252838,-1.620727300643921,-1.5642032623291016,-1.5046942234039307,0.0,1.0
178176,174,8,136.60909096980026,128.25,-0.0037304160941857845,0.003797989836311899,-0.4406161576509476,0.0028487160307122394,0.0371337890625,0.7007360018789768,0.09129936476238072,2.653571605682373,5.189842224121094,46.05785369873047,33.33210372924805,43.4042854309082,33.40974807739258,0.9757571903588786,1.2203325033187866,0.28725630044937134,0.725,0.0,58.11271528285297,40.14100697128021,178176.0001,0.0,-0.11829078197479248,0.25727272033691406,0.0,0.18913117051124573,0.21997660398483276,0.2525065541267395,-1.6261842250823975,-1.567273497581482,-1.505453109741211,0.0,1.0
179200,175,8,134.27939945197951,119.75,-0.0028587674838490783,0.005452884451369755,-0.4466072253882885,0.003855993719480466,0.0492431640625,0.6961441326886415,0.06469735824503005,1.3911453485488892,6.171576976776123,47.907615661621094,32.16730880737305,46.5164680480957,30.433738708496094,0.9631902630734184,1.312538504600525,0.1697693169116974,0.725,0.0,58.05440041564285,40.1073247001749,179200.0001,0.0,-0.1386641412973404,0.24699629843235016,0.0,0.18817535042762756,0.21963785588741302,0.25181856751441956,-1.628029465675354,-1.5679510831832886,-1.5067452192306519,0.0,1.0
180224,176,12,128.03436380039795,107.16666666666667,-0.0037352673709392546,0.009588232659734786,-0.4473558090627193,0.005845765709818806,0.0328369140625,0.6271014235913753,0.12280075438320637,-1.5734024047851562,8.735249519348145,56.646785736083984,34.958927154541016,58.220191955566406,32.25999450683594,0.9375640820034816,1.0467689037322998,0.3345039188861847,0.7,0.0,58.046402608395454,40.08008022046007,180224.0001,0.0,-0.14222119748592377,0.2516426146030426,0.0,0.18829189240932465,0.21966873109340668,0.25014206767082214,-1.6278043985366821,-1.5678569078445435,-1.5098955631256104,0.0,1.0
181248,177,8,140.96957930043794,117.75,-0.0036382295831572263,0.002544610387121793,-0.4473933644592762,0.00501325793156866,0.039453125,0.6702131778001785,0.06168939326889813,-0.4763670563697815,5.176292419433594,56.45395278930664,31.674243927001953,56.930320739746094,32.32212448120117,0.9732930032020738,1.260533094406128,0.1817636638879776,0.675,0.0,58.03740571857948,40.03772496683506,181248.0001,0.0,-0.1367492824792862,0.2545880973339081,0.0,0.18687282502651215,0.21945740282535553,0.24972236156463623,-1.6305450201034546,-1.568276047706604,-1.5106847286224365,0.0,1.0
182272,178,8,126.65571247357528,111.375,-0.004750192712526769,0.004614940655301325,-0.4506665885448456,0.0035481590501149187,0.0411865234375,0.6921855643391609,0.06977588008157909,-1.3022940158843994,6.065150260925293,52.43540954589844,30.585962295532227,53.73770523071289,30.37034797668457,0.9606777064807499,1.4940310716629028,0.1896902620792389,0.7,0.0,58.005933842196704,39.99305730472785,182272.0001,0.0,-0.1283804029226303,0.2615731358528137,0.0,0.18533450365066528,0.2185039073228836,0.24938996136188507,-1.6335175037384033,-1.570112705230713,-1.5113097429275513,0.0,1.0
183296,179,9,140.6362625464961,122.11111111111111,-0.005537682119756937,0.003972261698800139,-0.45650028735399245,0.003842553240247071,0.0462646484375,0.6301928780972957,0.11279586050659418,2.5532426834106445,5.988914966583252,48.149234771728516,32.193233489990234,45.59599304199219,34.966514587402344,0.9653927539407909,1.0390757322311401,0.38268113136291504,0.675,0.0,57.950868482929955,39.96046654598999,183296.0001,0.0,-0.13313065469264984,0.25177809596061707,0.0,0.18373189866542816,0.21723304688930511,0.24609443545341492,-1.6366159915924072,-1.5725053548812866,-1.5175122022628784,0.0,1.0
184320,180,9,123.8054408058006,107.88888888888889,-0.003901012474671006,0.003986912369146012,-0.466701965034008,0.002755284584418405,0.032861328125,0.6474804185330868,0.058299641497433184,-0.2316209375858307,5.88034725189209,53.71282196044922,34.20055389404297,53.94444274902344,32.620819091796875,0.970437600012985,1.0292134284973145,0.1982213407754898,0.725,0.0,57.92732378448712,39.93200469669006,184320.0001,0.0,-0.14135974645614624,0.24939461052417755,0.0,0.1805945634841919,0.21497684717178345,0.24309735000133514,-1.6426869630813599,-1.5768218040466309,-1.5231616497039795,0.0,1.0
185344,181,9,132.019078764551,112.55555555555556,-0.0031371602264698593,0.004956375627079979,-0.4788115508854389,0.0015132836968405172,0.021923828125,0.6073489993810653,0.06635893252678216,-0.38597652316093445,6.361840724945068,57.0245246887207,34.58539962768555,57.410499572753906,34.53902816772461,0.9661639278768791,1.2335511445999146,0.16966579854488373,0.625,0.0,57.92233594069697,39.90448958968488,185344.0001,0.0,-0.1321822702884674,0.2594151198863983,0.0,0.17918680608272552,0.21318630874156952,0.24034973978996277,-1.6454132795333862,-1.5802298784255981,-1.5283478498458862,0.0,1.0
186368,182,8,159.0647850873338,132.125,-0.0031777930911630393,0.0038090572343207896,-0.48577410727739334,0.002874988067196682,0.0516845703125,0.807109247893095,0.09763498594984413,1.4238312244415283,5.518904685974121,53.940792083740234,33.523109436035156,52.51696014404297,35.62643051147461,0.9728970124232172,1.8483984470367432,0.34014254808425903,0.825,0.0,57.90045932229728,39.873303808546716,186368.0001,0.0,-0.14601129293441772,0.2548096776008606,0.0,0.17967653274536133,0.21259093284606934,0.23999111354351044,-1.6444647312164307,-1.581349492073059,-1.5290253162384033,0.0,1.0
187392,183,8,129.99157678812273,108.25,-0.003990212082862854,0.004090613612788729,-0.488471956551075,0.0034693077774136326,0.036767578125,0.6068941004574299,0.062191807804629205,-0.4390355348587036,6.069301128387451,53.486148834228516,30.77570152282715,53.92518615722656,30.616201400756836,0.9611078967931351,1.217002272605896,0.17319875955581665,0.65,0.0,57.87633740681191,39.83056659508251,187392.0001,0.0,-0.15310613811016083,0.2520029544830322,0.0,0.17851518094539642,0.2122640460729599,0.24118825793266296,-1.646714448928833,-1.5819969177246094,-1.5267643928527832,0.0,1.0
188416,184,8,144.8017945750851,121.625,-0.003989704104606062,0.002965605763893109,-0.4904447443783283,0.003453647626156453,0.040673828125,0.6923029027879238,0.07189230010844767,0.5491538047790527,4.955227851867676,52.08420181274414,35.14665222167969,51.53504943847656,36.87269973754883,0.9801226094183075,1.3263252973556519,0.26913779973983765,0.85,0.0,57.844858414053604,39.8088777904101,188416.0001,0.0,-0.15087586641311646,0.26011139154434204,0.0,0.17736756801605225,0.2116703987121582,0.24171777069568634,-1.648938536643982,-1.5831395387649536,-1.5257648229599,0.0,1.0
189440,185,8,142.1473339775156,129.875,-0.005022884078789503,0.0016937527208938264,-0.4954567939043045,0.004507729485339951,0.0497314453125,0.6186929978430271,0.05493592261336744,1.6061903238296509,3.087440013885498,53.30498504638672,34.7624626159668,51.69879913330078,35.38482666015625,0.9921118346325596,0.9960057735443115,0.1680040955543518,0.675,0.0,57.82031857758289,39.78471321147009,189440.0001,0.0,-0.1467941701412201,0.2582494914531708,0.0,0.17554010450839996,0.2105305790901184,0.24252787232398987,-1.652482032775879,-1.585349440574646,-1.5242359638214111,0.0,1.0
190464,186,9,155.3952691120481,135.0,-0.005033005238510668,0.006269547581905499,-0.5006463840603829,0.0031488710519624874,0.0329345703125,0.6494886174798011,0.11472835498861969,2.0708460807800293,7.468655109405518,50.97239685058594,37.819427490234375,48.901546478271484,37.11216735839844,0.9610008739916349,0.9930297136306763,0.30208295583724976,0.8,0.0,57.78350178388232,39.777558997096094,190464.0001,0.0,-0.1514822393655777,0.25483253598213196,0.0,0.17512790858745575,0.21020346879959106,0.24234753847122192,-1.653281569480896,-1.5859850645065308,-1.5245763063430786,0.0,1.0
191488,187,10,131.51619747505447,117.0,-0.0043977741268463435,0.00800529943080619,-0.49906050562858584,0.004702512310177554,0.0428466796875,0.6653990626335144,0.11311778593808412,-2.9228878021240234,8.010316848754883,52.460968017578125,35.659305572509766,55.38385772705078,34.311622619628906,0.9495392624205543,1.1430429220199585,0.30468520522117615,0.825,0.0,57.75503903055004,39.758565834488756,191488.0001,0.0,-0.1556883305311203,0.25606274604797363,0.0,0.1757485568523407,0.21120573580265045,0.24397766590118408,-1.6520776748657227,-1.5840740203857422,-1.5215014219284058,0.0,1.0
192512,188,8,123.89933469763535,105.625,-0.0025997570191975683,0.004129107712651603,-0.4911545656621456,0.0012715090575511566,0.017919921875,0.5921364277601242,0.05981834642589092,-0.9122164845466614,5.354681015014648,62.61099624633789,39.92803192138672,63.52320861816406,39.359493255615234,0.9820149614014451,1.3066589832305908,0.14690624177455902,0.575,0.0,57.78086858266832,39.76103806855544,192512.0001,0.0,-0.16560186445713043,0.25709962844848633,0.0,0.17740638554096222,0.21256358921527863,0.24519911408424377,-1.6488633155822754,-1.5814753770828247,-1.519199013710022,0.0,1.0
193536,189,9,144.1965924797774,121.0,-0.003800470207352191,0.002970828567049466,-0.48802275732159617,0.003961791661276947,0.0396240234375,0.6923803634941578,0.06784989049192518,-1.6688315868377686,4.805901050567627,48.62522888183594,34.847755432128906,50.29405975341797,36.296512603759766,0.9809804572375959,1.2128396034240723,0.25561556220054626,0.75,0.0,57.732426040491454,39.74219140406907,193536.0001,0.0,-0.14939381182193756,0.2682391405105591,0.0,0.17578406631946564,0.21223312616348267,0.24495625495910645,-1.6520087718963623,-1.5821270942687988,-1.5196566581726074,0.0,1.0
194560,190,10,123.47891665341824,109.2,-0.004638937546405941,0.003662036609603092,-0.48837112486362455,0.005554064898751676,0.0441650390625,0.7329080559313297,0.05496582500636578,0.00985342264175415,5.029295444488525,51.86952590942383,36.28673553466797,51.85967254638672,36.8466682434082,0.9807903896354502,1.7774584293365479,0.1472267061471939,0.8,0.0,57.70156866302403,39.72705664925902,194560.0001,0.0,-0.1557002067565918,0.2573573887348175,0.0,0.1763818860054016,0.2127283662557602,0.2449958324432373,-1.650849461555481,-1.5811537504196167,-1.5195821523666382,0.0,1.0
195584,191,8,140.50579179010114,116.875,-0.003958241018699482,0.0030799636864685454,-0.48380467146635053,0.0038666321182972752,0.03681640625,0.6320384971797466,0.09761969400569796,0.9999608993530273,5.836531639099121,56.99860763549805,35.045814514160156,55.99864959716797,37.496376037597656,0.9722644105736431,1.259399175643921,0.299930602312088,0.7,0.0,57.69788824304566,39.704017260249685,195584.0001,0.0,-0.1589154452085495,0.25886112451553345,0.0,0.17717865109443665,0.21386565268039703,0.24649396538734436,-1.649304747581482,-1.5790048837661743,-1.5167597532272339,0.0,1.0
196608,192,8,148.07553955874255,123.125,-0.008446656598243863,0.006751329838880338,-0.4805837690830231,0.006734357470122632,0.0784423828125,0.7385370403528213,0.09283248679712415,1.3159353733062744,7.778340816497803,51.964881896972656,34.76908874511719,50.64894485473633,35.61894226074219,0.9499519371931878,1.1951643228530884,0.2939296066761017,0.825,0.0,57.66802882794707,39.68205029892911,196608.0001,0.0,-0.15836171805858612,0.2621571719646454,0.0,0.1786789745092392,0.21343040466308594,0.24568048119544983,-1.6463971138000488,-1.579809308052063,-1.5182920694351196,0.0,1.0
197632,193,10,131.66241947362352,109.9,-0.004943542066030204,0.0039383593859383835,-0.48474886566400527,0.0058244758445653135,0.052392578125,0.7314403377473354,0.07343326611444354,1.1494219303131104,5.809990882873535,53.359798431396484,33.54300308227539,52.21037673950195,34.080413818359375,0.9699982171845133,1.3883732557296753,0.2242782711982727,0.75,0.0,57.64570638934473,39.653897743098206,197632.0001,0.0,-0.15284472703933716,0.25581666827201843,0.0,0.17737852036952972,0.21272598206996918,0.24472616612911224,-1.648917317390442,-1.5811659097671509,-1.5200903415679932,0.0,1.0
198656,194,8,130.0523134920779,120.0,-0.004074053617659956,0.006214540667133406,-0.4865232199430466,0.005016862099000719,0.0336181640625,0.6016530133783817,0.07501722299493849,0.7948498129844666,6.973695755004883,48.53437805175781,34.58388137817383,47.73952865600586,34.16277313232422,0.9593389616542279,1.1196140050888062,0.24154359102249146,0.65,0.0,57.59874079058699,39.63479761611086,198656.0001,0.0,-0.16297073662281036,0.2681580185890198,0.0,0.1760953664779663,0.21281683444976807,0.24584656953811646,-1.6514050960540771,-1.580984115600586,-1.5179791450500488,0.0,1.0
199680,195,10,131.92222681430695,111.3,-0.0035445693181827666,0.004109875933500007,-0.4864833176136017,0.003857549067470245,0.034716796875,0.649300966411829,0.05771768786944449,1.2454869747161865,5.581132411956787,48.59867477416992,33.58577346801758,47.35319137573242,33.919715881347656,0.972385709806369,1.2481287717819214,0.16802632808685303,0.75,0.0,57.55258661056759,39.6113505733598,199680.0001,0.0,-0.16066104173660278,0.2608484625816345,0.0,0.17536260187625885,0.21255874633789062,0.24563780426979065,-1.6528263092041016,-1.5815138816833496,-1.5183724164962769,0.0,1.0
200704,196,10,127.72540598927067,112.4,-0.005413598869927228,0.003142353383009322,-0.4895844660699368,0.004357576265465468,0.0314697265625,0.6293030761182308,0.08370971782132983,-1.0666311979293823,5.6754608154296875,52.67005920410156,33.7723503112793,53.7366943359375,32.47752380371094,0.9717590210852822,1.083173394203186,0.3131680488586426,0.675,0.0,57.527675761913734,39.585274299655865,200704.0001,0.0,-0.15444177389144897,0.2513982057571411,0.0,0.17411257326602936,0.21192018687725067,0.24627865850925446,-1.6552515029907227,-1.5827268362045288,-1.517165184020996,0.0,1.0
201728,197,8,127.24508526655302,108.875,-0.005359333648812026,0.0029041659960057586,-0.49533440321683886,0.005160164693370462,0.0393310546875,0.6205899875611067,0.06744418498128653,-0.5943296551704407,5.146525859832764,52.20574188232422,35.04386901855469,52.80007553100586,36.34893798828125,0.9784322789317033,1.401492714881897,0.2204061597585678,0.6,0.0,57.50066088509627,39.56534557196866,201728.0001,0.0,-0.1620752215385437,0.2536430358886719,0.0,0.17245514690876007,0.21036948263645172,0.24497626721858978,-1.6584688425064087,-1.5856958627700806,-1.5196189880371094,0.0,1.0
202752,198,8,143.78023370482822,125.625,-0.0044653206365183,0.002705947279173415,-0.5023666709661484,0.0028166209129267374,0.0288330078125,0.7043593935668468,0.12213363433256745,2.5875532627105713,5.337158203125,52.80030822753906,34.491355895996094,50.21275329589844,37.819908142089844,0.9760558395515859,1.3509942293167114,0.4248341917991638,0.8,0.0,57.476921715519424,39.54275909094441,202752.0001,0.0,-0.16144226491451263,0.26274022459983826,0.0,0.17305783927440643,0.20977354049682617,0.24252550303936005,-1.6572986841201782,-1.5868169069290161,-1.524240493774414,0.0,1.0
203776,199,9,139.98791890147245,116.66666666666667,-0.0053063863655552265,0.0027960905659710988,-0.5044838488101959,0.004264108579081949,0.046533203125,0.6360116820782423,0.06339852211531252,1.8451075553894043,4.046783924102783,47.44127655029297,29.938081741333008,45.596168518066406,30.430376052856445,0.9817285893721234,1.0777416229248047,0.18544848263263702,0.65,0.0,57.42649134071279,39.506706795959296,203776.0001,0.0,-0.14977441728115082,0.25836095213890076,0.0,0.17185194790363312,0.20952217280864716,0.24092954397201538,-1.6596401929855347,-1.5873068571090698,-1.5272529125213623,0.0,1.0
204800,200,9,132.41456531728238,113.0,-0.005376375559717417,0.0027187280589714645,-0.5035933330655098,0.003121599357109517,0.0415283203125,0.6958379112184048,0.04245403953827918,0.12494480609893799,4.463080406188965,56.542457580566406,34.14707946777344,56.41751480102539,33.69703674316406,0.9829170707892734,1.5064984560012817,0.09720650315284729,0.75,0.0,57.42207117644539,39.48176775241458,204800.0001,0.0,-0.14552514255046844,0.2467310130596161,0.0,0.17297275364398956,0.21019713580608368,0.23953863978385925,-1.6574639081954956,-1.5860086679458618,-1.529880166053772,0.0,1.0
