total_env_steps,update,completed_episodes,completed_episode_return_mean,completed_episode_length_mean,actor_policy_loss,critic_loss,entropy,approx_kl,clip_fraction,actor_grad_norm,critic_grad_norm,advantage_raw_mean,advantage_raw_std,value_target_mean,value_target_std,value_prediction_mean_pre,value_prediction_std_pre,explained_variance_pre,actor_grad_norm_max,critic_grad_norm_max,actor_grad_clip_fraction,critic_grad_clip_fraction,value_normalizer_mean,value_normalizer_std,value_normalizer_count,hard_speed_accel_violations,action_mean,action_std,action_saturation_ratio,raw_log_std_min,raw_log_std_mean,raw_log_std_max,clamped_log_std_min,clamped_log_std_mean,clamped_log_std_max,raw_log_std_gt_max_ratio,finite
1024,1,5,132.97679367983102,111.0,-0.0057208558544516565,316.45606994628906,-0.239336858689785,0.005503769159258809,0.0480712890625,0.5264632951468229,93.10224418640136,24.32681655883789,10.437833786010742,24.26017951965332,10.40260124206543,-0.0666363313794136,0.14118117094039917,-0.006785151714295612,1.0981974601745605,128.280517578125,0.45,1.0,0.0,1.0,0.0,0.0,0.0718463733792305,0.22734187543392181,0.0,0.25554025173187256,0.25677478313446045,0.2583480179309845,-1.4997611045837402,-1.4974379539489746,-1.4945005178451538,0.0,1.0
2048,2,10,132.34747063161922,114.3,-0.004497831431217491,285.7808498382568,-0.2324317067861557,0.004080311812867876,0.0310302734375,0.4797502771019936,65.19871845245362,21.444835662841797,12.573160171508789,21.626178741455078,11.320727348327637,0.1813422441482544,2.271249294281006,-0.23350308050371038,0.7992927432060242,86.72064208984375,0.4,1.0,0.0,1.0,0.0,0.0,0.07123218476772308,0.22674264013767242,0.0,0.2562620937824249,0.2578337788581848,0.2605442702770233,-1.4984079599380493,-1.495451807975769,-1.4903910160064697,0.0,1.0
3072,3,8,123.66016920630182,114.375,-0.0038479215698316695,231.7174819946289,-0.23026668205857276,0.002986922350828536,0.0183349609375,0.5451185759156942,83.22734394073487,19.298675537109375,12.199173927307129,21.00705337524414,11.394692420959473,1.7083768844604492,2.518850803375244,-0.14618743825006741,1.083795428276062,101.83203887939453,0.525,1.0,0.0,1.0,0.0,0.0,0.06713240593671799,0.22656135261058807,0.0,0.255952388048172,0.25729820132255554,0.25943484902381897,-1.498988389968872,-1.4964885711669922,-1.4924662113189697,0.0,1.0
4096,4,9,120.01282729158068,99.33333333333333,-0.004631029407028109,240.49283828735352,-0.2361666403710842,0.006270171342475805,0.0366943359375,0.5435308396816254,85.65046863555908,20.828548431396484,10.752140998840332,21.071258544921875,11.182164192199707,0.24270862340927124,2.9788732528686523,0.07543343322717877,0.9465184211730957,99.1050033569336,0.6,1.0,0.0,1.0,0.0,0.0,0.06306546181440353,0.22821550071239471,0.0,0.25461822748184204,0.2560233771800995,0.2573481500148773,-1.5014901161193848,-1.4988484382629395,-1.496372938156128,0.0,1.0
5120,5,9,137.38392579144113,120.55555555555556,-0.00338895603781566,226.82215423583983,-0.2398364007472992,0.0017122319564805365,0.0268798828125,0.5135341752320528,111.78371849060059,20.489166259765625,10.524179458618164,21.284069061279297,13.525239944458008,0.7949001789093018,5.091894149780273,0.3945384348435157,0.9176110625267029,128.4846954345703,0.475,1.0,0.0,1.0,0.0,0.0,0.06928589195013046,0.22974008321762085,0.0,0.2539075016975403,0.2560836374759674,0.2594195604324341,-1.5028235912322998,-1.4987460374832153,-1.492494821548462,0.0,1.0
6144,6,8,156.91630276325745,131.25,-0.005203536077169701,254.6445770263672,-0.2358330488204956,0.006382357320399023,0.059326171875,0.6187992915511131,161.21092109680177,21.326454162597656,11.636873245239258,25.859771728515625,14.928193092346191,4.533316612243652,5.060911178588867,0.3923435793600417,1.2278567552566528,171.90237426757812,0.65,1.0,0.0,1.0,0.0,0.0,0.06853397935628891,0.2273186892271042,0.0,0.2554003596305847,0.25762835144996643,0.2614041268825531,-1.500023365020752,-1.4958676099777222,-1.4887832403182983,0.0,1.0
7168,7,10,143.87073803140535,117.3,-0.002885207871440798,194.12513999938966,-0.23034313693642616,0.0022811554939835333,0.0154052734375,0.504593326151371,152.62276248931886,18.482580184936523,12.105403900146484,23.031654357910156,13.38132381439209,4.549072742462158,5.061441898345947,0.18160983475747217,0.9689201712608337,195.68919372558594,0.5,1.0,0.0,1.0,0.0,0.0,0.07609276473522186,0.23196522891521454,0.0,0.25360241532325745,0.257400244474411,0.2622615694999695,-1.5033960342407227,-1.496299147605896,-1.4871807098388672,0.0,1.0
8192,8,8,127.83889138761805,110.125,-0.0032394907786510883,178.62066307067872,-0.2343435302376747,0.002931230056856293,0.0212890625,0.5149288013577461,161.97356758117675,19.05620574951172,9.165919303894043,24.718536376953125,14.268364906311035,5.662332534790039,8.383502960205078,0.5873293249882443,0.9009537696838379,208.00421142578125,0.425,1.0,0.0,1.0,0.0,0.0,0.07151291519403458,0.23053385317325592,0.0,0.2520676553249359,0.256570428609848,0.26126629114151,-1.506277322769165,-1.4978498220443726,-1.4890408515930176,0.0,1.0
9216,9,8,149.2907812956949,117.875,-0.005162621568888426,204.7597713470459,-0.23158137649297714,0.006897451369150076,0.0526611328125,0.5968172047287226,195.03060989379884,20.439594268798828,10.285014152526855,29.317583084106445,14.668110847473145,8.877988815307617,7.043914318084717,0.5083439441043016,1.270888090133667,291.2481994628906,0.575,1.0,0.0,1.0,0.0,0.0,0.07145518064498901,0.23071745038032532,0.0,0.25448355078697205,0.2591747045516968,0.2632600665092468,-1.5017428398132324,-1.4929760694503784,-1.4853155612945557,0.0,1.0
10240,10,8,147.4171439800964,122.625,-0.0035218050703406333,212.07037353515625,-0.21569275185465814,0.002797216644103173,0.021044921875,0.4593674637377262,186.67807426452637,18.703380584716797,11.614201545715332,32.336273193359375,16.547273635864258,13.632892608642578,6.76305627822876,0.5073642773206586,0.7745790481567383,215.5703125,0.4,1.0,0.0,1.0,0.0,0.0,0.06291097402572632,0.2330223023891449,0.0,0.2574270963668823,0.2612874209880829,0.26650142669677734,-1.496225118637085,-1.489024043083191,-1.4792671203613281,0.0,1.0
11264,11,9,153.39064750326435,130.11111111111111,-0.004006530280457809,175.153572845459,-0.2085628755390644,0.004386534359946381,0.0251220703125,0.5549977079033852,152.65937271118165,15.826196670532227,11.844741821289062,30.251602172851562,17.500341415405273,14.425405502319336,8.531777381896973,0.541902217715241,1.032966136932373,174.96127319335938,0.525,1.0,0.0,1.0,0.0,0.0,0.05869133770465851,0.23587563633918762,0.0,0.25777366757392883,0.2617394030094147,0.2667882442474365,-1.495576024055481,-1.4881529808044434,-1.4787324666976929,0.0,1.0
12288,12,7,135.1017297144178,119.14285714285714,-0.003777183865895495,145.12544174194335,-0.20567817911505698,0.0025474886439042165,0.0409423828125,0.5574920974671841,157.7765407562256,16.102554321289062,10.133334159851074,28.82636833190918,18.07354736328125,12.72381591796875,10.952370643615723,0.6856468188241192,1.0381213426589966,246.88597106933594,0.6,1.0,0.0,1.0,0.0,0.0,0.06289204955101013,0.23277921974658966,0.0,0.258544921875,0.2626747190952301,0.26755818724632263,-1.4941319227218628,-1.4864258766174316,-1.4772975444793701,0.0,1.0
13312,13,9,143.03271338536354,120.88888888888889,-0.00475711862090975,194.30885429382323,-0.20487299300730227,0.0051526977913454175,0.03955078125,0.5888462759554386,177.6678581237793,18.221317291259766,11.148953437805176,34.16893768310547,18.60003089904785,15.94762134552002,11.239256858825684,0.6407134488455551,1.2145594358444214,252.14126586914062,0.725,1.0,0.0,1.0,0.0,0.0,0.05975015088915825,0.23503302037715912,0.0,0.25853198766708374,0.26165834069252014,0.266292005777359,-1.4941561222076416,-1.488299012184143,-1.4796576499938965,0.0,1.0
14336,14,9,142.25239500829423,123.44444444444444,-0.003563494607806206,130.22708854675292,-0.21133479252457618,0.004961265723977704,0.034423828125,0.49480118229985237,126.56387462615967,12.767166137695312,11.982109069824219,30.1824951171875,19.792118072509766,17.415328979492188,12.420940399169922,0.6334932576130603,0.927643358707428,181.2565460205078,0.45,1.0,0.0,1.0,0.0,0.0,0.07032707333564758,0.23230426013469696,0.0,0.25623324513435364,0.2604984641075134,0.2646598219871521,-1.4984619617462158,-1.4904733896255493,-1.4827022552490234,0.0,1.0
15360,15,8,136.04382622540055,112.5,-0.002878078888170421,205.60685958862305,-0.21691608428955078,0.001391263924597297,0.0127197265625,0.5096421804279089,172.91988677978514,15.967747688293457,13.778205871582031,40.12432098388672,18.873197555541992,24.156574249267578,8.50851058959961,0.46704027665659553,0.8861838579177856,191.38626098632812,0.5,1.0,0.0,1.0,0.0,0.0,0.06964091211557388,0.23540154099464417,0.0,0.2529679834842682,0.25959670543670654,0.26727303862571716,-1.5045868158340454,-1.4921990633010864,-1.477828860282898,0.0,1.0
16384,16,9,135.80422853809827,115.22222222222223,-0.005031821446027607,147.1084581375122,-0.21715600788593292,0.0064331316796597095,0.053173828125,0.5560393989086151,141.38753566741943,12.322166442871094,13.449073791503906,34.31745147705078,21.96526527404785,21.995281219482422,12.556112289428711,0.6251030770456774,1.0005700588226318,174.39576721191406,0.55,1.0,0.0,1.0,0.0,0.0,0.06296223402023315,0.23307842016220093,0.0,0.2522522509098053,0.260885089635849,0.2705661654472351,-1.5059306621551514,-1.4897886514663696,-1.4716968536376953,0.0,1.0
17408,17,11,123.64625451160333,112.9090909090909,-0.0029406221583485603,128.15635261535644,-0.2089567355811596,0.003892392940178979,0.0248291015625,0.48575992211699487,148.43070945739746,14.249910354614258,11.768150329589844,28.50220489501953,23.79611587524414,14.25229263305664,22.31717872619629,0.7554293748696577,1.0579555034637451,281.3448181152344,0.375,1.0,0.0,1.0,0.0,0.0,0.07667999714612961,0.2391052544116974,0.0,0.25416064262390137,0.26202356815338135,0.27135711908340454,-1.50234854221344,-1.487661361694336,-1.4702255725860596,0.0,1.0
18432,18,10,124.44283695705742,101.3,-0.0038504498428665102,131.30813541412354,-0.2077921561896801,0.0031263394717825576,0.0239013671875,0.5448091313242912,133.51061801910402,12.125781059265137,11.982592582702637,37.437339782714844,19.9084415435791,25.31156349182129,10.501717567443848,0.6377344504027997,0.8962984085083008,159.24732971191406,0.575,1.0,0.0,1.0,0.0,0.0,0.06715458631515503,0.23838220536708832,0.0,0.2520242929458618,0.26121091842651367,0.27064570784568787,-1.5063588619232178,-1.4891763925552368,-1.4715487957000732,0.0,1.0
19456,19,9,111.14341318078942,103.88888888888889,-0.0037095895502716305,141.28089656829835,-0.21398283913731575,0.0025068832357646896,0.02978515625,0.5144087478518486,122.57364120483399,11.104106903076172,14.550893783569336,34.13871765136719,25.451332092285156,23.03461456298828,20.475421905517578,0.6731425991328164,0.8861702084541321,160.1114501953125,0.475,1.0,0.0,1.0,0.0,0.0,0.07266401499509811,0.24302010238170624,0.0,0.251014769077301,0.2599492073059082,0.2692476212978363,-1.5082553625106812,-1.4915199279785156,-1.4741507768630981,0.0,1.0
20480,20,9,124.80371534943995,105.55555555555556,-0.005467037652852014,126.65449523925781,-0.2169956360012293,0.008365025240345858,0.085205078125,0.6389383561909199,131.22662353515625,12.178317070007324,11.770572662353516,40.48822784423828,19.62623405456543,28.30990982055664,11.805753707885742,0.6403158835465329,1.2770004272460938,172.81056213378906,0.6,1.0,0.0,1.0,0.0,0.0,0.06638974696397781,0.24422597885131836,0.0,0.25260090827941895,0.26066240668296814,0.267503023147583,-1.5052759647369385,-1.4901732206344604,-1.477400302886963,0.0,1.0
21504,21,10,130.97883357936098,112.7,-0.003292879892978817,119.32334461212159,-0.21063247546553612,0.003840239245619159,0.0258056640625,0.5359254769980908,126.38001461029053,11.34208869934082,11.8576078414917,40.414302825927734,21.19680404663086,29.07221221923828,12.209830284118652,0.687065488377206,1.0573699474334717,153.96681213378906,0.575,1.0,0.0,1.0,0.0,0.0,0.06279436498880386,0.24869492650032043,0.0,0.25388553738594055,0.2616361379623413,0.26843172311782837,-1.5028647184371948,-1.48837411403656,-1.4756700992584229,0.0,1.0
22528,22,12,129.07115051459132,109.16666666666667,-0.00572203854098916,101.12321815490722,-0.20456814020872116,0.002976657485123724,0.0591552734375,0.5793342985212803,118.69192943572997,8.144579887390137,14.207448959350586,30.943326950073242,28.18566131591797,22.79874610900879,22.192291259765625,0.745916943811071,0.9221422672271729,213.23764038085938,0.6,1.0,0.0,1.0,0.0,0.0,0.06193658336997032,0.24885152280330658,0.0,0.2570541799068451,0.26299989223480225,0.27260473370552063,-1.4969236850738525,-1.485840916633606,-1.4679062366485596,0.0,1.0
23552,23,7,123.8196185001182,116.71428571428571,-0.00445587175199762,120.92586116790771,-0.1980558529496193,0.006536590978794265,0.0448974609375,0.5650376576930285,138.8073600769043,12.705760955810547,11.345843315124512,40.50640106201172,24.83008575439453,27.800643920898438,19.762975692749023,0.7912064363154974,1.081768274307251,223.8682098388672,0.625,1.0,0.0,1.0,0.0,0.0,0.04830734059214592,0.25107818841934204,0.0,0.2588326632976532,0.263896644115448,0.27223584055900574,-1.4935932159423828,-1.4841498136520386,-1.4685919284820557,0.0,1.0
24576,24,9,133.49455328605484,115.22222222222223,-0.004888766538351774,109.79419898986816,-0.19416369684040546,0.005328886944334954,0.0460693359375,0.5679774388670922,117.1832628250122,10.106456756591797,12.293159484863281,41.308109283447266,24.850744247436523,31.201650619506836,18.54090690612793,0.7552919492599696,1.2061816453933716,164.07681274414062,0.525,1.0,0.0,1.0,0.0,0.0,0.055649906396865845,0.24792219698429108,0.0,0.25808534026145935,0.26442474126815796,0.2710442543029785,-1.4949923753738403,-1.4831452369689941,-1.4708075523376465,0.0,1.0
25600,25,8,128.4493392955707,105.875,-0.004432945465669036,101.24046173095704,-0.19311502315104007,0.0037343172502005474,0.0351318359375,0.5189322046935558,113.92750644683838,10.361078262329102,11.72367000579834,41.798927307128906,24.304035186767578,31.437847137451172,20.157909393310547,0.7673139280978256,0.8387604355812073,162.5626220703125,0.525,1.0,0.0,1.0,0.0,0.0,0.05155833065509796,0.24754633009433746,0.0,0.257209450006485,0.2640727460384369,0.2716897428035736,-1.4966328144073486,-1.4838333129882812,-1.4696071147918701,0.0,1.0
26624,26,9,145.606585241162,122.66666666666667,-0.0035353641636902467,81.89123611450195,-0.19537242949008943,0.003914612105290871,0.02353515625,0.5293353080749512,103.04521408081055,9.851661682128906,9.653422355651855,42.865264892578125,22.6621150970459,33.013607025146484,17.21343231201172,0.8185479873824107,0.9220263957977295,167.01226806640625,0.525,1.0,0.0,1.0,0.0,0.0,0.05361756682395935,0.24754364788532257,0.0,0.25692954659461975,0.2638554871082306,0.2703440189361572,-1.4971572160720825,-1.4842019081115723,-1.4721101522445679,0.0,1.0
27648,27,9,115.00659124059634,109.44444444444444,-0.002823374967556447,81.66755466461181,-0.19823742248117923,0.0028537896330817604,0.0331298828125,0.5658516064286232,93.51053066253662,6.645727157592773,12.76503849029541,34.5296630859375,28.930767059326172,27.883934020996094,24.836591720581055,0.8053186604113474,1.6737459897994995,206.17337036132812,0.5,1.0,0.0,1.0,0.0,0.0,0.06001955643296242,0.24540403485298157,0.0,0.25463026762008667,0.2628338634967804,0.2701561152935028,-1.5014675855636597,-1.4861431121826172,-1.4724597930908203,0.0,1.0
28672,28,10,126.49461074051578,107.8,-0.003767472272738814,85.80278930664062,-0.20221947096288204,0.004282199406588916,0.0536376953125,0.6227226339280605,98.42337341308594,10.415119171142578,9.52706527709961,40.18534469604492,28.3934383392334,29.770225524902344,24.35190773010254,0.8874145420571615,1.1139283180236816,171.91014099121094,0.675,1.0,0.0,1.0,0.0,0.0,0.06546834111213684,0.2415619194507599,0.0,0.254122257232666,0.26283350586891174,0.26974132657051086,-1.5024205446243286,-1.4861520528793335,-1.4732317924499512,0.0,1.0
29696,29,8,122.03701961361118,108.75,-0.003571014490444213,88.67001247406006,-0.20230174399912357,0.002768333032145165,0.0364990234375,0.5791450999677181,98.90170860290527,5.962926864624023,13.308090209960938,37.4384765625,32.515602111816406,31.475553512573242,25.3676815032959,0.8324872549575171,1.338499903678894,163.66009521484375,0.5,1.0,0.0,1.0,0.0,0.0,0.0652010515332222,0.2463347464799881,0.0,0.2528209984302521,0.2623904049396515,0.2690078318119049,-1.5048627853393555,-1.486952304840088,-1.4745972156524658,0.0,1.0
30720,30,9,138.07648691939505,118.66666666666667,-0.0047450053796637805,65.63364810943604,-0.2050739374011755,0.004476471449015662,0.0477783203125,0.5197166260331869,89.74668636322022,8.485847473144531,9.399599075317383,39.51060485839844,25.82346534729004,31.024757385253906,22.7823429107666,0.8675080165978306,0.995715320110321,214.0198211669922,0.55,1.0,0.0,1.0,0.0,0.0,0.06617110222578049,0.24569381773471832,0.0,0.25145047903060913,0.26193860173225403,0.26880964636802673,-1.507436752319336,-1.4878243207931519,-1.474966287612915,0.0,1.0
31744,31,10,131.08454802838415,112.5,-0.0035218387900386007,87.05330801010132,-0.20890292786061765,0.0036892055519274435,0.0315185546875,0.5381176576018334,116.86406898498535,7.012754440307617,14.02721118927002,40.840492248535156,29.762542724609375,33.82774353027344,23.959030151367188,0.7778723962815262,1.0191700458526611,190.76551818847656,0.5,1.0,0.0,1.0,0.0,0.0,0.06580261141061783,0.24817481637001038,0.0,0.24986891448497772,0.2609665095806122,0.26839467883110046,-1.5104091167449951,-1.4896382093429565,-1.4757391214370728,0.0,1.0
32768,32,7,135.49863347839974,117.71428571428571,-0.005425872222986072,88.10361213684082,-0.21471777968108655,0.003023199996096082,0.062158203125,0.5249328557401896,92.6048448562622,9.024489402770996,11.31253433227539,42.3817253112793,28.036420822143555,33.357234954833984,24.757490158081055,0.8371923948125539,1.0511482954025269,224.74929809570312,0.575,1.0,0.0,1.0,0.0,0.0,0.06546706706285477,0.24567557871341705,0.0,0.24937452375888824,0.25998857617378235,0.26643043756484985,-1.511338710784912,-1.4914735555648804,-1.4793994426727295,0.0,1.0
33792,33,12,137.47323950478608,112.41666666666667,-0.005000986065715552,64.23049230575562,-0.2180499043315649,0.0038634039490716534,0.039111328125,0.5466783002018929,111.48583974838257,7.493651866912842,11.568817138671875,40.85161590576172,27.370460510253906,33.35796356201172,25.96597671508789,0.8213456097141988,1.01872718334198,309.3197326660156,0.525,1.0,0.0,1.0,0.0,0.0,0.06454803794622421,0.24212142825126648,0.0,0.24741464853286743,0.2598681151866913,0.2691155970096588,-1.515026330947876,-1.4916815757751465,-1.4743965864181519,0.0,1.0
34816,34,8,129.67126555030774,113.125,-0.004241088932030834,90.60275192260742,-0.21795708425343036,0.0052218485536286606,0.040966796875,0.4916890297085047,102.30679111480713,10.769847869873047,10.112605094909668,46.064476013183594,30.1804141998291,35.29462814331055,27.161054611206055,0.8877268988972132,0.9275550246238708,188.2894287109375,0.45,1.0,0.0,1.0,0.0,0.0,0.05943387746810913,0.24616248905658722,0.0,0.24668766558170319,0.2599087059497833,0.2696147859096527,-1.5163949728012085,-1.4916294813156128,-1.4734673500061035,0.0,1.0
35840,35,9,149.11138589056495,119.22222222222223,-0.004329043440520763,83.28352012634278,-0.2214077215641737,0.0036891557509079577,0.03154296875,0.5632302157580853,130.2105197906494,3.9907631874084473,15.288769721984863,46.51427459716797,30.3064022064209,42.52350997924805,21.101016998291016,0.7455067125581458,0.9702391624450684,307.53662109375,0.6,1.0,0.0,1.0,0.0,0.0,0.06653652340173721,0.24318253993988037,0.0,0.24490568041801453,0.25860509276390076,0.2679644227027893,-1.519752025604248,-1.494078516960144,-1.4765405654907227,0.0,1.0
36864,36,9,116.30242042089773,117.11111111111111,-0.004281252704095096,84.10254831314087,-0.22564300447702407,0.004301203601062298,0.0356201171875,0.5245047986507416,92.0471601486206,4.47263765335083,13.891608238220215,43.80065155029297,30.786666870117188,39.32801055908203,27.44936180114746,0.7963991042205381,1.010312557220459,207.1779022216797,0.5,1.0,0.0,1.0,0.0,0.0,0.055136192589998245,0.24208585917949677,0.0,0.2450304627418518,0.2587955892086029,0.26886096596717834,-1.5195168256759644,-1.4936867952346802,-1.4748706817626953,0.0,1.0
37888,37,7,152.4910559633176,127.28571428571429,-0.005135928350500763,67.49200763702393,-0.2236420124769211,0.0031947262614266947,0.0403564453125,0.5938408948481083,114.50367813110351,10.091468811035156,9.19035816192627,49.067771911621094,27.81028938293457,38.97629928588867,26.341278076171875,0.8907921500930307,1.050930142402649,325.8204650878906,0.65,1.0,0.0,1.0,0.0,0.0,0.04652642831206322,0.24080856144428253,0.0,0.2460917979478836,0.2587878406047821,0.2667649984359741,-1.5175172090530396,-1.4937235116958618,-1.4787757396697998,0.0,1.0
38912,38,9,139.38288494395042,122.55555555555556,-0.0023170819156803192,78.22748727798462,-0.22673055455088614,0.0025697802397189663,0.0153564453125,0.4810823448002338,103.2235468864441,6.296816825866699,12.791130065917969,47.60313034057617,30.789661407470703,41.306312561035156,25.78974723815918,0.8274130639476888,0.8736028671264648,191.58184814453125,0.45,1.0,0.0,1.0,0.0,0.0,0.04060940071940422,0.24520647525787354,0.0,0.24374397099018097,0.2578338384628296,0.26582837104797363,-1.521942138671875,-1.4954948425292969,-1.4805222749710083,0.0,1.0
39936,39,10,136.62220458009637,114.3,-0.003439423453528434,44.24272871017456,-0.22854842096567154,0.0017960242956178262,0.0308837890625,0.5440842643380165,95.2467978477478,5.408740043640137,10.532857894897461,42.53664016723633,30.754764556884766,37.127899169921875,29.694440841674805,0.8827082195012558,1.0308728218078613,308.37640380859375,0.575,1.0,0.0,1.0,0.0,0.0,0.05385388061404228,0.24338236451148987,0.0,0.24240976572036743,0.25836092233657837,0.266660213470459,-1.524458885192871,-1.4945502281188965,-1.4789711236953735,0.0,1.0
40960,40,8,118.11602182721117,104.375,-0.0037549800355918704,59.58023300170898,-0.22977280542254447,0.0033441972787841222,0.03544921875,0.49195521846413615,79.48177757263184,4.956457614898682,11.245147705078125,45.921470642089844,33.752925872802734,40.96501541137695,28.096019744873047,0.8890039589669371,0.9887911677360535,131.8310546875,0.425,1.0,0.0,1.0,0.0,0.0,0.051260292530059814,0.2414679378271103,0.0,0.23861518502235413,0.2570039927959442,0.266801118850708,-1.5316253900527954,-1.4970811605453491,-1.4787085056304932,0.0,1.0
41984,41,10,137.39744640469098,113.5,-0.0036638166522607206,53.083504867553714,-0.23396921455860137,0.002662181960477028,0.0281005859375,0.502506660297513,100.14424715042114,7.07708740234375,10.656951904296875,49.81637191772461,28.56007194519043,42.739288330078125,27.43202781677246,0.8607653192086511,0.9745820164680481,253.41270446777344,0.475,1.0,0.0,1.0,0.0,0.0,0.05870266258716583,0.24358098208904266,0.0,0.238612100481987,0.2575687766075134,0.2674005627632141,-1.5316312313079834,-1.4960352182388306,-1.4775912761688232,0.0,1.0
43008,42,8,132.59182788948175,122.875,-0.0028822708816733213,50.61922073364258,-0.2313132844865322,0.0037505334592424335,0.021875,0.5521431185305119,79.9646053314209,6.793154239654541,9.12851333618164,50.022621154785156,30.916933059692383,43.229469299316406,25.896778106689453,0.9128219177669146,0.8373360633850098,190.49960327148438,0.65,1.0,0.0,1.0,0.0,0.0,0.05204152688384056,0.24685710668563843,0.0,0.24202366173267365,0.2573440968990326,0.2652609944343567,-1.5251874923706055,-1.4964295625686646,-1.4815806150436401,0.0,1.0
44032,43,9,153.00630235247297,125.33333333333333,-0.0046531209605745975,47.76601219177246,-0.23402252346277236,0.006375062478764448,0.0450927734375,0.5810667335987091,79.93535461425782,5.247185707092285,10.321935653686523,52.57139587402344,29.108074188232422,47.324214935302734,25.389408111572266,0.8742536678477654,1.4194045066833496,153.8611297607422,0.55,1.0,0.0,1.0,0.0,0.0,0.05591283366084099,0.24098090827465057,0.0,0.2428773194551468,0.2568294107913971,0.2639448344707489,-1.5235767364501953,-1.4974122047424316,-1.484036922454834,0.0,1.0
45056,44,8,141.3065285734798,124.375,-0.004311586916446686,40.465318775177,-0.23380521908402443,0.0024015566741582006,0.0366943359375,0.5089235879480839,68.57151851654052,5.004996299743652,8.99858283996582,50.782936096191406,30.122112274169922,45.77793884277344,26.03132438659668,0.9107563516281654,1.1042317152023315,183.6630096435547,0.45,1.0,0.0,1.0,0.0,0.0,0.04818740487098694,0.2403470277786255,0.0,0.24352476000785828,0.25738051533699036,0.26438575983047485,-1.522355556488037,-1.4963754415512085,-1.4832139015197754,0.0,1.0
46080,45,7,151.71051012889197,131.71428571428572,-0.0033061703608836977,54.94803495407105,-0.23127996549010277,0.0016218841294175946,0.025439453125,0.5422878451645374,71.77981042861938,6.64764928817749,9.493243217468262,55.343040466308594,31.323511123657227,48.695396423339844,26.617477416992188,0.9081480507184403,1.0107084512710571,123.85093688964844,0.6,1.0,0.0,1.0,0.0,0.0,0.05246725678443909,0.24566687643527985,0.0,0.24339701235294342,0.25772979855537415,0.2674259841442108,-1.5225963592529297,-1.4957197904586792,-1.477543830871582,0.0,1.0
47104,46,7,173.232108606188,136.85714285714286,-0.0036671242443844674,52.125159454345706,-0.23159897699952126,0.004157228689291514,0.0264404296875,0.5290998972952365,73.59942388534546,6.921309471130371,9.120580673217773,58.94927215576172,29.042482376098633,52.02796173095703,23.09739875793457,0.9013771449703671,0.8908802270889282,108.10459899902344,0.575,1.0,0.0,1.0,0.0,0.0,0.044419001787900925,0.24752195179462433,0.0,0.24260669946670532,0.25723665952682495,0.2650711238384247,-1.5240871906280518,-1.4966496229171753,-1.4819347858428955,0.0,1.0
48128,47,8,160.26631488474936,128.75,-0.003044430585578084,57.57216367721558,-0.23280446529388427,0.0039170941134216266,0.032861328125,0.4634865872561932,76.45292625427246,4.603274345397949,10.898978233337402,59.87400817871094,30.943172454833984,55.27073669433594,23.956510543823242,0.8759371179449512,0.9307817816734314,116.84879302978516,0.325,1.0,0.0,1.0,0.0,0.0,0.05125062167644501,0.24400384724140167,0.0,0.24306121468544006,0.25737959146499634,0.26649925112724304,-1.5232298374176025,-1.496383786201477,-1.4792711734771729,0.0,1.0
49152,48,10,138.64798852840292,114.0,-0.005623452371219173,36.422985029220584,-0.23248295858502388,0.006161573392455466,0.039990234375,0.5124364197254181,57.57654619216919,4.4887542724609375,8.516380310058594,53.39128875732422,33.33414840698242,48.90253448486328,29.172473907470703,0.9347273249382316,0.8213289976119995,88.4598617553711,0.475,1.0,0.0,1.0,0.0,0.0,0.0647050216794014,0.24703484773635864,0.0,0.24353456497192383,0.25716647505760193,0.2671038806438446,-1.5223369598388672,-1.4967468976974487,-1.4781441688537598,0.0,1.0
50176,49,6,139.89693798142216,130.33333333333334,-0.0042778175789862875,41.39094867706299,-0.23964154124259948,0.003423925217066426,0.0285400390625,0.5142672039568424,73.53980941772461,1.5697979927062988,10.729959487915039,54.510658264160156,32.78327560424805,52.940860748291016,26.44361686706543,0.8928748231261564,0.8667979836463928,164.60643005371094,0.5,1.0,0.0,1.0,0.0,0.0,0.039762020111083984,0.24285440146923065,0.0,0.2411777526140213,0.2546934485435486,0.26464733481407166,-1.5267841815948486,-1.5014196634292603,-1.4827256202697754,0.0,1.0
51200,50,8,148.75346210019194,131.625,-0.004765434702858329,43.70322580337525,-0.2448139928281307,0.005525728529028129,0.038623046875,0.5096346147358417,65.46828565597534,4.286993980407715,9.622468948364258,59.62718200683594,32.79671859741211,55.34019088745117,27.29995346069336,0.913918023645648,0.9159465432167053,112.17169952392578,0.5,1.0,0.0,1.0,0.0,0.0,0.041867244988679886,0.24853470921516418,0.0,0.24218814074993134,0.2563411295413971,0.2675573229789734,-1.5248770713806152,-1.4983335733413696,-1.4772990942001343,0.0,1.0
52224,51,9,162.91344329547195,130.66666666666666,-0.00515481234760955,40.351086664199826,-0.2347487471997738,0.0070735759945819154,0.0448974609375,0.4960593979805708,60.797878646850585,4.433996200561523,9.160758972167969,57.65160369873047,33.92129898071289,53.21760559082031,29.16990089416504,0.9270680291897303,0.8384426236152649,113.44051361083984,0.4,1.0,0.0,1.0,0.0,0.0,0.03591511771082878,0.24763360619544983,0.0,0.24337264895439148,0.25726303458213806,0.2683922350406647,-1.5226423740386963,-1.4965742826461792,-1.4757436513900757,0.0,1.0
53248,52,8,142.83573675196382,124.75,-0.0035259380063507708,22.770287322998048,-0.23210057392716407,0.003214892190590035,0.0250732421875,0.5109024211764336,52.306451368331906,0.9416463375091553,8.71718692779541,54.65587615966797,33.76869583129883,53.714229583740234,30.134462356567383,0.933361666441866,0.8699570298194885,127.71131896972656,0.45,1.0,0.0,1.0,0.0,0.0,0.048167068511247635,0.24473291635513306,0.0,0.2448909729719162,0.2575080692768097,0.26654401421546936,-1.5197796821594238,-1.4961007833480835,-1.4791877269744873,0.0,1.0
54272,53,7,140.30619309469284,132.0,-0.00462661791825667,33.823274755477904,-0.23600331619381903,0.005198201967868954,0.0330810546875,0.484727793186903,76.80610551834107,2.24727725982666,10.037276268005371,55.60936737060547,36.827293395996094,53.36208724975586,31.780988693237305,0.9257165361547776,0.8586718440055847,226.4891357421875,0.45,1.0,0.0,1.0,0.0,0.0,0.040473464876413345,0.24891525506973267,0.0,0.24416519701480865,0.25560861825942993,0.2638407051563263,-1.5211478471755981,-1.4996895790100098,-1.4842312335968018,0.0,1.0
55296,54,8,145.77354124905,130.625,-0.006406554917339236,22.185115146636964,-0.2446222797036171,0.006588101838133298,0.05146484375,0.5768927745521069,59.46991481781006,4.7481842041015625,7.117537021636963,52.24492645263672,33.59385299682617,47.496742248535156,32.788047790527344,0.9551110147362021,1.1524035930633545,177.65594482421875,0.45,1.0,0.0,1.0,0.0,0.0,0.05421609804034233,0.24733243882656097,0.0,0.24305295944213867,0.2549426853656769,0.2645180821418762,-1.5232453346252441,-1.5009318590164185,-1.4829668998718262,0.0,1.0
56320,55,8,132.75342738573255,113.125,-0.006253271689638495,32.697079515457155,-0.24323472306132315,0.0043794020486529915,0.068701171875,0.6090817637741566,52.995812797546385,2.4669413566589355,9.301092147827148,58.371116638183594,34.00626754760742,55.9041748046875,30.4086971282959,0.9251916687463883,1.127028226852417,119.80840301513672,0.625,1.0,0.0,1.0,0.0,0.0,0.048963773995637894,0.24019932746887207,0.0,0.24472612142562866,0.2561233937740326,0.2661210298538208,-1.5200904607772827,-1.4987016916275024,-1.4799764156341553,0.0,1.0
57344,56,10,148.20436830630683,127.9,-0.0031837386661209164,23.722079157829285,-0.24033849090337753,0.0021712748377467504,0.0195068359375,0.5209553863853216,49.10747938156128,3.9196338653564453,7.405955791473389,55.472381591796875,36.18317794799805,51.55274200439453,34.26131820678711,0.9581062923589967,0.9950062036514282,111.62030792236328,0.475,1.0,0.0,1.0,0.0,0.0,0.04280061647295952,0.24100950360298157,0.0,0.24497102200984955,0.2552684247493744,0.2647353410720825,-1.519628882408142,-1.500313401222229,-1.4825613498687744,0.0,1.0
58368,57,7,163.0385673023647,144.71428571428572,-0.007006286189425737,28.242701292037964,-0.24273071214556693,0.008807668117515276,0.0728515625,0.619537515193224,56.95682239532471,3.706512689590454,8.443686485290527,55.44000244140625,35.97893524169922,51.73348617553711,33.51272964477539,0.9449233431450825,1.1525744199752808,138.97183227539062,0.625,1.0,0.0,1.0,0.0,0.0,0.03704005852341652,0.24049556255340576,0.0,0.24750183522701263,0.25610363483428955,0.2648177742958069,-1.5148621797561646,-1.4987244606018066,-1.482407569885254,0.0,1.0
59392,58,8,156.92999100610774,131.75,-0.003919913567369804,24.492667841911317,-0.24001679494976996,0.004705703341460321,0.0345458984375,0.5099906601011753,49.154090547561644,3.0601463317871094,7.887795925140381,60.61220169067383,34.657989501953125,57.55205535888672,30.794757843017578,0.9482029972013296,0.8514435887336731,100.21499633789062,0.45,1.0,0.0,1.0,0.0,0.0,0.0406591035425663,0.2439420223236084,0.0,0.24785730242729187,0.25563672184944153,0.26407092809677124,-1.514193058013916,-1.4995874166488647,-1.4838014841079712,0.0,1.0
60416,59,8,137.70264185293067,119.125,-0.004321394063299522,27.368061685562132,-0.24485937580466272,0.005172550593852065,0.0405029296875,0.5886752221733331,87.99001264572144,-1.5321171283721924,10.8258638381958,56.77001190185547,33.888343811035156,58.302127838134766,31.5237979888916,0.8979473236255953,1.0959396362304688,231.53660583496094,0.6,1.0,0.0,1.0,0.0,0.0,0.0430741012096405,0.2420576810836792,0.0,0.24601861834526062,0.25447458028793335,0.26453065872192383,-1.5176550149917603,-1.501796841621399,-1.4829434156417847,0.0,1.0
61440,60,9,127.57299312618875,125.88888888888889,-0.003611677803564817,19.67393774986267,-0.2529988244175911,0.0025760612872545606,0.0292724609375,0.6196353450417519,58.76132469177246,-1.408452033996582,8.361649513244629,53.95494079589844,36.49513626098633,55.3633918762207,32.45952606201172,0.9475054808748664,1.1238319873809814,170.9114990234375,0.7,1.0,0.0,1.0,0.0,0.0,0.03392237797379494,0.24385149776935577,0.0,0.24423697590827942,0.2526603639125824,0.26372042298316956,-1.521012544631958,-1.5052076578140259,-1.4844558238983154,0.0,1.0
62464,61,5,144.01508303478894,132.2,-0.005132261430844665,8.460623317956925,-0.26066992357373236,0.005179458642669488,0.0407470703125,0.518955210596323,39.69206218719482,0.3352688252925873,5.9146199226379395,44.94590759277344,36.979469299316406,44.61064147949219,36.963008880615234,0.9744181250127961,1.1408928632736206,113.21228790283203,0.5,1.0,0.0,1.0,0.0,0.0,0.030818907544016838,0.2435358464717865,0.0,0.24641123414039612,0.2521224915981293,0.26199907064437866,-1.5169155597686768,-1.5061758756637573,-1.4876712560653687,0.0,1.0
63488,62,9,127.24559863270348,134.66666666666666,-0.0027127868379466236,27.450789880752563,-0.2622687995433807,0.001679837612027768,0.0224365234375,0.4869229640811682,85.90684828758239,-0.18782354891300201,10.267515182495117,56.17986297607422,39.880523681640625,56.3676872253418,35.684505462646484,0.9337159558945511,1.0008312463760376,233.84060668945312,0.325,1.0,0.0,1.0,0.0,0.0,0.0344826877117157,0.24163740873336792,0.0,0.24563276767730713,0.25194767117500305,0.2621252238750458,-1.518381953239441,-1.506545901298523,-1.4874355792999268,0.0,1.0
64512,63,7,162.87169380397185,136.28571428571428,-0.004552990105003119,13.0229771733284,-0.2628654889762402,0.004426721479103435,0.0367431640625,0.557169372215867,39.303818988800046,1.9715138673782349,6.520965576171875,54.35049057006836,36.70805740356445,52.37897872924805,35.73810958862305,0.9684426107544963,0.9528706669807434,93.958740234375,0.5,1.0,0.0,1.0,0.0,0.0,0.02866845577955246,0.23788723349571228,0.0,0.24400630593299866,0.2518714368343353,0.26214030385017395,-1.5214474201202393,-1.5066771507263184,-1.4874073266983032,0.0,1.0
65536,64,11,125.43881963228019,122.0,-0.0032174994703382254,25.94704849720001,-0.2644962005317211,0.003188745774968993,0.02216796875,0.5505670592188835,93.69664316177368,-3.3936386108398438,10.193620681762695,55.95207977294922,40.1728630065918,59.34571838378906,34.351470947265625,0.9356140147705434,0.8891415596008301,281.33489990234375,0.6,1.0,0.0,1.0,0.0,0.0,0.035571809858083725,0.23991172015666962,0.0,0.24343343079090118,0.25121554732322693,0.26137492060661316,-1.5225276947021484,-1.5079174041748047,-1.4888378381729126,0.0,1.0
66560,65,6,179.95632288164822,147.66666666666666,-0.003284163033822551,13.043436217308045,-0.27077565863728525,0.0032790541547001338,0.02421875,0.537943321466446,96.41361482143402,5.419371604919434,6.839012622833252,44.76038360595703,37.26453399658203,39.34101104736328,40.38285446166992,0.9663181909704203,0.9656041860580444,385.44500732421875,0.575,1.0,0.0,1.0,0.0,0.0,0.018295541405677795,0.23933450877666473,0.0,0.2437599152326584,0.24967610836029053,0.258635938167572,-1.5219120979309082,-1.5107779502868652,-1.4939615726470947,0.0,1.0
67584,66,5,143.44272365767574,138.2,-0.005758387048263103,18.70196125507355,-0.27881301790475843,0.0042667510744649915,0.05048828125,0.5987296253442764,51.9149498462677,0.8577579259872437,8.234798431396484,53.40683364868164,37.548614501953125,52.549076080322266,34.65487289428711,0.9519029870616921,1.1074986457824707,130.6170196533203,0.675,1.0,0.0,1.0,0.0,0.0,0.022455578669905663,0.23743867874145508,0.0,0.24497433006763458,0.24864210188388824,0.25527501106262207,-1.5196226835250854,-1.5127171277999878,-1.500258445739746,0.0,1.0
68608,67,8,153.79273221418734,145.75,-0.0028905432554893196,21.776792812347413,-0.2792054206132889,0.0034575884288642555,0.019189453125,0.4558390662074089,64.20926747322082,-0.12234726548194885,9.70545768737793,53.16682052612305,37.505027770996094,53.28916931152344,34.619529724121094,0.9330342059389637,0.8309705853462219,187.49710083007812,0.3,1.0,0.0,1.0,0.0,0.0,0.03237111493945122,0.24024546146392822,0.0,0.24559150636196136,0.2497338056564331,0.25579628348350525,-1.518459677696228,-1.5106868743896484,-1.4992810487747192,0.0,1.0
69632,68,6,157.28042543469556,144.33333333333334,-0.003897241281811148,14.802194714546204,-0.27219022139906884,0.0007375395492999814,0.03349609375,0.5031353984028101,73.17138125896454,0.05930888652801514,8.66479206085205,54.275901794433594,37.51813507080078,54.21659851074219,34.232627868652344,0.9466623619126227,1.0154085159301758,204.52841186523438,0.525,1.0,0.0,1.0,0.0,0.0,0.025532571598887444,0.23989009857177734,0.0,0.24524062871932983,0.2506307363510132,0.2566848695278168,-1.5191208124160767,-1.5089880228042603,-1.4976155757904053,0.0,1.0
70656,69,9,139.80552554876456,134.88888888888889,-0.00421831060666591,20.502945280075075,-0.2728650964796543,0.0024560792895499616,0.033544921875,0.5656734682619572,54.29252238273621,-0.3973766565322876,8.602740287780762,53.50571823120117,39.21738815307617,53.90309524536133,36.52790832519531,0.9518810284045215,1.1142433881759644,127.36077880859375,0.6,1.0,0.0,1.0,0.0,0.0,0.03440307825803757,0.2394191473722458,0.0,0.24346576631069183,0.24934764206409454,0.25565943121910095,-1.522466778755188,-1.5114096403121948,-1.499537706375122,0.0,1.0
71680,70,9,136.29515903206223,116.55555555555556,-0.004348043573554605,15.358966672420502,-0.28172378465533254,0.004036552850448061,0.0264404296875,0.4929086543619633,37.62043967247009,0.5709049701690674,7.491307735443115,58.008628845214844,38.79231262207031,57.43771743774414,38.02174758911133,0.9627072922568051,1.048324704170227,107.86940002441406,0.35,1.0,0.0,1.0,0.0,0.0,0.03556482866406441,0.23986664414405823,0.0,0.24352657794952393,0.24774830043315887,0.2509726881980896,-1.5223520994186401,-1.514386534690857,-1.5083343982696533,0.0,1.0
72704,71,8,155.33635713104985,140.625,-0.0030357254785485567,13.132393169403077,-0.28567587211728096,0.0044219300427357664,0.026416015625,0.4759845703840256,44.931520223617554,1.5904529094696045,7.160465717315674,50.83685302734375,37.125648498535156,49.24639892578125,37.990848541259766,0.9628007309457017,0.9366751909255981,137.29490661621094,0.35,1.0,0.0,1.0,0.0,0.0,0.03877180069684982,0.23556166887283325,0.0,0.24440959095954895,0.24818271398544312,0.2504301369190216,-1.5206871032714844,-1.5136018991470337,-1.5093541145324707,0.0,1.0
73728,72,7,148.3878787328816,124.85714285714286,-0.004390682384837419,14.597724783420563,-0.2867456912994385,0.004590096496394835,0.0451416015625,0.5323995009064675,70.49818456172943,2.965794563293457,7.915254592895508,54.647308349609375,34.176513671875,51.681514739990234,37.20588684082031,0.9463617924089472,1.162683129310608,219.1525421142578,0.525,1.0,0.0,1.0,0.0,0.0,0.03696402162313461,0.23891280591487885,0.0,0.24367080628871918,0.24676541984081268,0.2501872479915619,-1.5220800638198853,-1.5162519216537476,-1.5098106861114502,0.0,1.0
74752,73,8,166.102674416102,144.25,-0.004063883796334267,7.901590132713318,-0.2930093422532082,0.0022633115862845444,0.02724609375,0.5154913827776909,27.81707230806351,2.368350028991699,5.473939895629883,55.374916076660156,34.72593307495117,53.006568908691406,32.805763244628906,0.9751519568626963,1.010237693786621,75.45867919921875,0.475,1.0,0.0,1.0,0.0,0.0,0.029298661276698112,0.2437257021665573,0.0,0.24377132952213287,0.24649928510189056,0.25127875804901123,-1.5218905210494995,-1.516764521598816,-1.5077593326568604,0.0,1.0
75776,74,7,138.91417019850596,131.28571428571428,-0.003476854180917144,8.062168407440186,-0.29636037051677705,0.003379755037894938,0.0265625,0.6514479476958513,44.30077431201935,0.03886023163795471,6.110403537750244,51.757469177246094,38.18799591064453,51.718605041503906,34.48323059082031,0.9743972851812345,1.369104266166687,110.19731140136719,0.675,1.0,0.0,1.0,0.0,0.0,0.024078162387013435,0.24113696813583374,0.0,0.2424018830060959,0.24517609179019928,0.24958422780036926,-1.5244736671447754,-1.5192610025405884,-1.5109443664550781,0.0,1.0
76800,75,7,150.67639577521877,143.71428571428572,-0.002936353220138699,24.33675034046173,-0.30575734972953794,0.004024183432920836,0.019287109375,0.551353070884943,88.44042620658874,2.671933889389038,9.286212921142578,56.84939956665039,41.08841323852539,54.177467346191406,41.28285217285156,0.9489214518887662,0.9856100678443909,233.94949340820312,0.6,1.0,0.0,1.0,0.0,0.0,0.024388952180743217,0.2460450530052185,0.0,0.24007166922092438,0.24348826706409454,0.24849754571914673,-1.528873085975647,-1.5224381685256958,-1.5129883289337158,0.0,1.0
77824,76,8,170.96853902275993,141.625,-0.005010708491317928,21.888573789596556,-0.31367105469107626,0.004163033509394154,0.0401123046875,0.5619624860584735,89.51825942993165,0.20801806449890137,9.867806434631348,55.804962158203125,38.805789947509766,55.59693908691406,37.13838195800781,0.9353381317343148,1.172027826309204,260.1473388671875,0.575,1.0,0.0,1.0,0.0,0.0,0.021457960829138756,0.2427130788564682,0.0,0.23892010748386383,0.24229644238948822,0.24707406759262085,-1.5310490131378174,-1.5246626138687134,-1.51566743850708,0.0,1.0
78848,77,7,151.38565436141513,132.42857142857142,-0.005784318875521421,18.45386884212494,-0.3155308686196804,0.002500747395970393,0.043115234375,0.5570679649710655,38.67640948295593,2.9869513511657715,6.759988784790039,63.07012176513672,36.07820129394531,60.08317565917969,33.028873443603516,0.964892306604363,1.0438342094421387,84.44146728515625,0.65,1.0,0.0,1.0,0.0,0.0,0.0245839711278677,0.24026933312416077,0.0,0.24010415375232697,0.24317102134227753,0.24704046547412872,-1.5288116931915283,-1.5230034589767456,-1.5157307386398315,0.0,1.0
79872,78,6,163.90451886916603,136.16666666666666,-0.004024449572898448,7.384883725643158,-0.3146446764469147,0.0028386264355503956,0.0365966796875,0.5225096199661493,59.656754446029666,1.2993695735931396,6.673091411590576,45.829566955566406,39.33189392089844,44.53019714355469,41.48118209838867,0.9712151163327589,0.8882366418838501,237.47813415527344,0.425,1.0,0.0,1.0,0.0,0.0,0.0061805821023881435,0.2389867901802063,0.0,0.240010067820549,0.24175946414470673,0.24380367994308472,-1.528989553451538,-1.525689959526062,-1.5218294858932495,0.0,1.0
80896,79,8,170.238472939892,162.375,-0.005142329353839159,20.37876102924347,-0.3265076972544193,0.004731376354175154,0.042724609375,0.557243625074625,136.69026322364806,5.922601699829102,8.476373672485352,43.22972106933594,45.77833938598633,37.30712127685547,49.1837158203125,0.9657153240926942,0.9339179396629333,606.4926147460938,0.575,1.0,0.0,1.0,0.0,0.0,0.010753857903182507,0.2369719296693802,0.0,0.23721906542778015,0.23950229585170746,0.24108217656612396,-1.5342652797698975,-1.5299453735351562,-1.5269646644592285,0.0,1.0
81920,80,8,167.9448423154413,143.375,-0.004531917738495395,14.348866593837737,-0.3339001402258873,0.005585800275730435,0.0302978515625,0.5140221763402224,71.40578403472901,2.7259011268615723,7.455887317657471,56.96405792236328,36.32334518432617,54.238155364990234,36.68223190307617,0.9578665558322776,0.953140377998352,226.05032348632812,0.45,1.0,0.0,1.0,0.0,0.0,0.01943439431488514,0.2410748302936554,0.0,0.23868729174137115,0.23939792811870575,0.24064402282238007,-1.5314891338348389,-1.5301541090011597,-1.5277920961380005,0.0,1.0
82944,81,7,146.02702312521114,124.85714285714286,-0.003925136127509177,15.79451664686203,-0.33281971141695976,0.0035766516433795915,0.028271484375,0.549261824041605,46.378788876533505,1.8703194856643677,7.236207008361816,67.29551696777344,36.30876159667969,65.42520141601562,32.54825210571289,0.9602809299782942,0.9170234799385071,126.92811584472656,0.6,1.0,0.0,1.0,0.0,0.0,0.01874546706676483,0.23991720378398895,0.0,0.2376057356595993,0.23977403342723846,0.243214413523674,-1.533534049987793,-1.5294195413589478,-1.5229408740997314,0.0,1.0
83968,82,7,167.9386193290461,134.85714285714286,-0.004442659090273082,10.301233339309693,-0.3316636472940445,0.007651941405492834,0.0400634765625,0.5639865804463625,36.408139085769655,1.3253928422927856,5.982332706451416,63.02749252319336,35.120243072509766,61.70209884643555,33.30358123779297,0.970984762758823,1.0922108888626099,121.26164245605469,0.575,1.0,0.0,1.0,0.0,0.0,0.01848420314490795,0.2387285679578781,0.0,0.23645098507404327,0.23944854736328125,0.24292469024658203,-1.5357184410095215,-1.5300345420837402,-1.5234873294830322,0.0,1.0
84992,83,7,151.1997912076492,135.14285714285714,-0.00483443676494062,21.019466876983643,-0.329841461032629,0.006022100108384621,0.0517578125,0.5222416132688522,42.1870237827301,2.4933276176452637,7.287661075592041,63.653831481933594,41.467041015625,61.160499572753906,37.631744384765625,0.9691133907833737,0.987034261226654,87.45419311523438,0.55,1.0,0.0,1.0,0.0,0.0,0.027827098965644836,0.24162858724594116,0.0,0.2377186119556427,0.2410411685705185,0.24601702392101288,-1.5333205461502075,-1.5270709991455078,-1.517657995223999,0.0,1.0
86016,84,7,188.49798876250694,154.57142857142858,-0.0034512583632022144,14.42151608467102,-0.32296471297740936,0.003585282484709751,0.021923828125,0.5339259471744299,63.394001722335815,1.9316651821136475,7.78487491607666,56.80018615722656,40.695858001708984,54.868526458740234,40.80276870727539,0.9634065954064251,0.9412819743156433,198.08615112304688,0.5,1.0,0.0,1.0,0.0,0.0,0.01706070266664028,0.23602820932865143,0.0,0.23788680136203766,0.24126948416233063,0.24748682975769043,-1.533002495765686,-1.526633620262146,-1.514890432357788,0.0,1.0
87040,85,8,165.04548121478285,148.75,-0.004817660909611732,9.217779493331909,-0.32012845724821093,0.0047881070320727305,0.035009765625,0.5550876554101706,46.13933801651001,1.450859546661377,6.471874237060547,56.455142974853516,38.36016082763672,55.0042839050293,37.31134033203125,0.9715357824035629,0.8883956670761108,142.04052734375,0.6,1.0,0.0,1.0,0.0,0.0,0.014025059528648853,0.24114052951335907,0.0,0.23936353623867035,0.24250604212284088,0.24781906604766846,-1.5302109718322754,-1.5243066549301147,-1.5142650604248047,0.0,1.0
88064,86,6,142.7868009777134,147.0,-0.004252219840418547,16.176696598529816,-0.3155468314886093,0.0040023877096246,0.0402587890625,0.5676527090370656,68.65075297355652,-0.5125662088394165,8.571784973144531,56.336002349853516,44.82865905761719,56.84857177734375,42.50420379638672,0.9634379080728072,1.0868360996246338,197.21165466308594,0.525,1.0,0.0,1.0,0.0,0.0,0.022499164566397667,0.23609942197799683,0.0,0.24042899906635284,0.24245434999465942,0.24644726514816284,-1.5281982421875,-1.5243644714355469,-1.5168477296829224,0.0,1.0
89088,87,8,144.95326671373851,134.125,-0.004273201932664961,57.47563905715943,-0.31554036512970923,0.002646472051856108,0.038330078125,0.47991255298256874,118.42395391464234,-3.6020352840423584,13.886216163635254,58.641700744628906,42.35055160522461,62.24372863769531,40.04222106933594,0.892489785167615,0.7759303450584412,288.61004638671875,0.45,1.0,0.0,1.0,0.0,0.0,0.015163191594183445,0.23439247906208038,0.0,0.24058309197425842,0.24276240170001984,0.24492423236370087,-1.527907133102417,-1.5237845182418823,-1.5197170972824097,0.0,1.0
90112,88,7,153.60626608218658,143.14285714285714,-0.0031023894844111055,29.381656336784364,-0.3159276179969311,0.0023448669438948856,0.038037109375,0.639714066684246,78.79092578887939,0.6079626679420471,10.01832389831543,65.31935119628906,47.736698150634766,64.71138000488281,46.568721771240234,0.9559561390607058,1.2261216640472412,201.43609619140625,0.6,1.0,0.0,1.0,0.0,0.0,0.01680896244943142,0.2350298911333084,0.0,0.23998844623565674,0.24202309548854828,0.2430942803621292,-1.5290303230285645,-1.5252009630203247,-1.523167371749878,0.0,1.0
91136,89,8,184.542162407125,167.5,-0.003922719368711114,17.039941930770873,-0.3228478252887726,0.002514210549998097,0.0296630859375,0.5624379731714726,67.88769159317016,3.455897569656372,7.237174987792969,55.01898193359375,44.864959716796875,51.563087463378906,44.42157745361328,0.9739790262320475,1.2479265928268433,206.4899139404297,0.575,1.0,0.0,1.0,0.0,0.0,0.014813922345638275,0.23833732306957245,0.0,0.23663799464702606,0.24047987163066864,0.2438744604587555,-1.5353646278381348,-1.5280966758728027,-1.5216960906982422,0.0,1.0
92160,90,5,171.80559596129874,155.4,-0.003861766401678324,17.269254744052887,-0.32920862808823587,0.0012885073010693304,0.030078125,0.47862665839493274,83.20802698135375,-2.52734637260437,8.626274108886719,60.028987884521484,39.20062255859375,62.55633544921875,37.5370979309082,0.9515760033280859,0.7631277441978455,242.59835815429688,0.425,1.0,0.0,1.0,0.0,0.0,0.020506614819169044,0.23638281226158142,0.0,0.23545733094215393,0.2399885505437851,0.24414826929569244,-1.5375990867614746,-1.5290488004684448,-1.5211797952651978,0.0,1.0
93184,91,5,171.43458805309626,152.8,-0.0045393284759484235,9.809181982278824,-0.33368226438760756,0.002832151543407235,0.034814453125,0.5333551045507192,62.96284353733063,1.6077561378479004,7.35424280166626,63.95085525512695,39.59656524658203,62.34309768676758,41.580116271972656,0.9655046238558117,1.5036247968673706,254.30255126953125,0.475,1.0,0.0,1.0,0.0,0.0,0.0253071840852499,0.23544472455978394,0.0,0.23353509604930878,0.2384720891714096,0.24206668138504028,-1.5412397384643555,-1.5318846702575684,-1.5251063108444214,0.0,1.0
94208,92,7,177.69412778711495,163.71428571428572,-0.005055134347639978,16.71202734708786,-0.34086972251534464,0.004589007911272347,0.0411865234375,0.533830801770091,85.68383665084839,-0.7836301326751709,9.141983032226562,50.234222412109375,37.907920837402344,51.01784896850586,38.50920104980469,0.9418404639374734,1.04795241355896,207.80809020996094,0.55,1.0,0.0,1.0,0.0,0.0,0.03028745949268341,0.24021045863628387,0.0,0.23359772562980652,0.23795396089553833,0.24176155030727386,-1.541121006011963,-1.5328941345214844,-1.5256822109222412,0.0,1.0
95232,93,7,122.73607028323252,136.71428571428572,-0.006288869923446327,9.871523869037627,-0.34177868291735647,0.004714527897886,0.0672119140625,0.5741770543158055,41.188859534263614,-0.04395425319671631,6.513023853302002,55.18265151977539,43.854835510253906,55.22660827636719,40.26645278930664,0.9779438167861059,1.2469923496246338,106.54634857177734,0.525,1.0,0.0,1.0,0.0,0.0,0.027852943167090416,0.23808017373085022,0.0,0.23335012793540955,0.23803746700286865,0.24312235414981842,-1.5415902137756348,-1.5327192544937134,-1.5231144428253174,0.0,1.0
96256,94,8,164.49838901317742,138.75,-0.0047470733930822465,8.057458424568177,-0.34344690591096877,0.0067769644650979895,0.0377197265625,0.5403302133083343,40.78828229904175,1.7223851680755615,5.498532295227051,63.4990234375,41.10226821899414,61.77663803100586,40.3479118347168,0.9821037498271084,0.9639089703559875,130.45806884765625,0.5,1.0,0.0,1.0,0.0,0.0,0.01811322756111622,0.23839525878429413,0.0,0.23126287758350372,0.23716914653778076,0.24200206995010376,-1.5455472469329834,-1.5343551635742188,-1.5252282619476318,0.0,1.0
97280,95,7,175.76754193441556,156.14285714285714,-0.004874341987306252,8.734365528821945,-0.34575114995241163,0.002541375858709216,0.0408203125,0.540432570129633,71.19957818984986,3.3180031776428223,6.781116485595703,59.325294494628906,42.854488372802734,56.007286071777344,43.931068420410156,0.9749614177618735,0.9966616630554199,280.3092346191406,0.55,1.0,0.0,1.0,0.0,0.0,0.014039449393749237,0.22964812815189362,0.0,0.23175232112407684,0.23741425573825836,0.2417927384376526,-1.544619083404541,-1.533887267112732,-1.5256233215332031,0.0,1.0
98304,96,5,180.33870472233224,174.4,-0.004687067354097962,19.406170392036437,-0.3454922929406166,0.004214819362096023,0.039111328125,0.4709195137023926,91.73699536323548,0.8980875015258789,9.807579040527344,54.99317932128906,41.74359130859375,54.0950927734375,42.32844543457031,0.9447993675004669,0.8329964280128479,244.83370971679688,0.4,1.0,0.0,1.0,0.0,0.0,0.02159918285906315,0.22821971774101257,0.0,0.2321573942899704,0.23703227937221527,0.24174906313419342,-1.5438508987426758,-1.5346437692642212,-1.5257056951522827,0.0,1.0
99328,97,6,160.1092343293694,168.0,-0.002938392071519047,15.329459095001221,-0.3465824887156487,0.0028477781437686645,0.0172607421875,0.5194730587303639,60.65053026676178,0.3381528854370117,7.960475921630859,59.58635711669922,46.1623420715332,59.248207092285156,43.633094787597656,0.9702626408262298,0.8320966958999634,214.67074584960938,0.525,1.0,0.0,1.0,0.0,0.0,0.006196492817252874,0.22251328825950623,0.0,0.23240827023983002,0.2374620884656906,0.2414623349905014,-1.5433752536773682,-1.533821702003479,-1.5262470245361328,0.0,1.0
100352,98,7,194.27351495172843,179.14285714285714,-0.0032592030824162067,21.141484117507936,-0.3471084550023079,0.002065614583261777,0.0115234375,0.46159439235925676,86.49796900749206,3.678252696990967,7.871289253234863,65.7093734741211,54.50925064086914,62.0311279296875,53.553585052490234,0.9791478283240361,0.691994845867157,286.6190490722656,0.35,1.0,0.0,1.0,0.0,0.0,0.0031825911719352007,0.23110812902450562,0.0,0.23103627562522888,0.23624123632907867,0.2394077330827713,-1.5459771156311035,-1.5361346006393433,-1.5301275253295898,0.0,1.0
101376,99,5,181.3180962286727,179.4,-0.0033771191956475377,28.20992398262024,-0.35285001918673514,0.0009473754180362448,0.022705078125,0.5445342808961868,123.58556480407715,-1.5359587669372559,11.140316009521484,61.846168518066406,40.743896484375,63.38212966918945,38.32969284057617,0.925239893153382,1.0873748064041138,366.15533447265625,0.55,1.0,0.0,1.0,0.0,0.0,0.005498193670064211,0.22803211212158203,0.0,0.2327982485294342,0.23600439727306366,0.24134476482868195,-1.5426361560821533,-1.5365551710128784,-1.5264689922332764,0.0,1.0
102400,100,3,244.48943056179147,232.66666666666666,-0.004531770956236869,23.849612140655516,-0.35359309539198874,0.005223518997081555,0.0485595703125,0.60676329433918,121.88532619476318,4.030765533447266,9.379839897155762,47.45758056640625,46.5660514831543,43.42681884765625,46.87995529174805,0.9594256093992565,1.051761269569397,363.81927490234375,0.725,1.0,0.0,1.0,0.0,0.0,0.00945157092064619,0.22629256546497345,0.0,0.2331414669752121,0.2356024831533432,0.23997358977794647,-1.5419856309890747,-1.53731107711792,-1.5290584564208984,0.0,1.0
103424,101,7,183.66168872059066,175.71428571428572,-0.003651304714730941,7.645326378941536,-0.35425655767321584,0.0011102118587587029,0.03251953125,0.5227994460612535,51.655356645584106,1.4844870567321777,6.40235710144043,61.83689880371094,45.07912063598633,60.3524169921875,43.996036529541016,0.9798289319806927,1.0057611465454102,140.72146606445312,0.5,1.0,0.0,1.0,0.0,0.0,0.00095542729832232,0.22784744203090668,0.0,0.23381701111793518,0.23594290018081665,0.23944565653800964,-1.5407055616378784,-1.5366816520690918,-1.5300558805465698,0.0,1.0
104448,102,6,208.31356047360984,193.66666666666666,-0.003739086294081062,18.77497673034668,-0.3535544216632843,0.001464275833859574,0.03447265625,0.5462574400007725,73.60606055259704,3.622243881225586,7.456253528594971,64.0446548461914,42.76216506958008,60.42241668701172,42.67873001098633,0.9695966162368289,0.9719088673591614,249.1542510986328,0.55,1.0,0.0,1.0,0.0,0.0,0.004128011409193277,0.2274715155363083,0.0,0.23324646055698395,0.23567752540111542,0.2387201189994812,-1.5417866706848145,-1.5371780395507812,-1.531427025794983,0.0,1.0
105472,103,6,165.20994047855882,158.33333333333334,-0.005179571767803282,29.59633822441101,-0.35694866701960565,0.0056302518394659275,0.0480712890625,0.5382330551743507,78.24952344894409,3.2612476348876953,9.765799522399902,73.79037475585938,48.426700592041016,70.52912139892578,42.76178741455078,0.9593326526294657,1.1009260416030884,176.49391174316406,0.475,1.0,0.0,1.0,0.0,0.0,-0.0009181281202472746,0.2313084751367569,0.0,0.23174533247947693,0.2348863035440445,0.23660063743591309,-1.5446323156356812,-1.5386754274368286,-1.5354353189468384,0.0,1.0
106496,104,5,245.1452019980371,191.2,-0.003935692936647683,52.46139702796936,-0.3594707496464252,0.005979448548168875,0.0388671875,0.4933848787099123,131.2124225616455,-0.06778764724731445,13.839278221130371,64.34886169433594,47.428123474121094,64.4166488647461,47.48936080932617,0.9148558152384689,0.988230288028717,251.2250518798828,0.5,1.0,0.0,1.0,0.0,0.0,0.00395392207428813,0.23313067853450775,0.0,0.23098844289779663,0.23502026498317719,0.23735862970352173,-1.5460678339004517,-1.5384455919265747,-1.534001350402832,0.0,1.0
107520,105,6,190.85621724494945,181.33333333333334,-0.0042746961233206095,48.86107633113861,-0.3579967923462391,0.003948433941695839,0.0341552734375,0.5450487531721592,220.39269227981566,-1.604719877243042,14.433613777160645,64.5213623046875,50.692867279052734,66.1260757446289,48.51034927368164,0.9189306839673481,1.1404180526733398,504.8866882324219,0.5,1.0,0.0,1.0,0.0,0.0,-0.005551490932703018,0.23034319281578064,0.0,0.23090676963329315,0.2351902723312378,0.23916049301624298,-1.5462226867675781,-1.5380979776382446,-1.5305947065353394,0.0,1.0
108544,106,7,158.4231279708039,172.57142857142858,-0.004569039097987115,25.892982745170592,-0.35831582099199294,0.005378674683743157,0.03076171875,0.5401680309325456,88.30248789787292,-0.6980122327804565,10.060561180114746,54.50603485107422,53.10929489135742,55.20404815673828,50.47841262817383,0.9641157951079097,0.9808298349380493,250.08262634277344,0.475,1.0,0.0,1.0,0.0,0.0,-0.009885717183351517,0.2281089723110199,0.0,0.22963376343250275,0.23478733003139496,0.24037346243858337,-1.5486383438110352,-1.538866639137268,-1.5283030271530151,0.0,1.0
109568,107,5,173.14693644772137,177.8,-0.004680033540353179,60.91566829681396,-0.36055131778120997,0.004012586300086695,0.031982421875,0.5328588485717773,162.23897771835328,-0.37953007221221924,14.884825706481934,49.88560485839844,50.93014144897461,50.265132904052734,50.18354415893555,0.914584293710692,0.8747011423110962,343.44952392578125,0.45,1.0,0.0,1.0,0.0,0.0,0.0016391671961173415,0.22840633988380432,0.0,0.22805315256118774,0.23464125394821167,0.2409130036830902,-1.5516396760940552,-1.5391520261764526,-1.5272841453552246,0.0,1.0
110592,108,5,142.23818145288212,157.6,-0.003607516805641353,31.84602403640747,-0.3623820133507252,0.0035048251433181577,0.0333251953125,0.5108596563339234,147.2567000389099,-1.5221717357635498,12.610152244567871,50.780364990234375,43.74845504760742,52.30253601074219,42.48076629638672,0.9169164246300654,0.81239914894104,377.2223205566406,0.55,1.0,0.0,1.0,0.0,0.0,0.0030268027912825346,0.2332036942243576,0.0,0.22390060126781464,0.2337525486946106,0.2417244166135788,-1.5595346689224243,-1.5408363342285156,-1.525752305984497,0.0,1.0
111616,109,7,173.3359258775341,174.71428571428572,-0.0043501270236447455,35.749452757835385,-0.3716991163790226,0.0037259488934068942,0.031591796875,0.5073696099221706,204.28413572311402,-4.16281270980835,13.233532905578613,63.10163497924805,53.742828369140625,67.26445007324219,54.5739860534668,0.9393667847798095,1.032322883605957,660.7100219726562,0.425,1.0,0.0,1.0,0.0,0.0,-0.0113562336191535,0.22480110824108124,0.0,0.21891194581985474,0.23147320747375488,0.24009855091571808,-1.5690383911132812,-1.5451709032058716,-1.5288223028182983,0.0,1.0
112640,110,5,171.4898326506146,185.8,-0.0035930145299062134,10.233591043949128,-0.3787479273974895,0.0038911862720851786,0.0288818359375,0.5102584347128868,93.01041536331176,3.931364059448242,6.7361159324646,39.575355529785156,45.31437301635742,35.64398956298828,48.06703186035156,0.9779022950172604,1.1537971496582031,345.8704833984375,0.45,1.0,0.0,1.0,0.0,0.0,-0.008598525077104568,0.22763335704803467,0.0,0.21834884583950043,0.23176532983779907,0.24205274879932404,-1.5701124668121338,-1.544646143913269,-1.5251325368881226,0.0,1.0
113664,111,6,172.08553746222591,168.16666666666666,-0.0036929756053723393,18.237927639484404,-0.377367977052927,0.002767425181809813,0.037060546875,0.5191836301237345,107.22135496139526,0.6626889705657959,9.417593002319336,52.43352508544922,47.407371520996094,51.77083969116211,47.361698150634766,0.9605371798301178,1.0089728832244873,315.494384765625,0.525,1.0,0.0,1.0,0.0,0.0,-0.003613097360357642,0.22585763037204742,0.0,0.2188308984041214,0.23138737678527832,0.2413269430398941,-1.5691930055618286,-1.5453420877456665,-1.5265026092529297,0.0,1.0
114688,112,7,162.87226603555555,182.0,-0.0037447284674271943,38.035238647460936,-0.380527713149786,0.006290596617327537,0.048388671875,0.5696326158940792,182.05143775939942,-0.8549960851669312,14.029287338256836,50.420326232910156,50.577186584472656,51.27532196044922,49.34859848022461,0.9230582806622677,0.9442296028137207,494.11602783203125,0.625,1.0,0.0,1.0,0.0,0.0,-0.0012181286001577973,0.23255495727062225,0.0,0.21744748950004578,0.23090362548828125,0.24232155084609985,-1.5718321800231934,-1.5462608337402344,-1.524625301361084,0.0,1.0
115712,113,5,183.05215794626665,174.0,-0.006084337912034244,15.838659524917603,-0.38127812147140505,0.00494954915920971,0.0351806640625,0.5124187283217907,98.20941548347473,3.2747983932495117,7.965244293212891,56.94636535644531,45.08622360229492,53.67156982421875,45.303165435791016,0.9687888033591833,1.0128782987594604,294.8262023925781,0.425,1.0,0.0,1.0,0.0,0.0,0.0022948405239731073,0.23008525371551514,0.0,0.2172531932592392,0.23119567334651947,0.2429223209619522,-1.5722030401229858,-1.545732021331787,-1.5234918594360352,0.0,1.0
116736,114,4,186.37017042843468,180.5,-0.0039735415601171555,14.49861832857132,-0.3793634161353111,0.0041272586662671525,0.038037109375,0.5437310080975294,98.04736590385437,2.7525744438171387,8.67173957824707,69.61515808105469,44.942405700683594,66.86257934570312,43.7888069152832,0.9627694203227923,1.2248436212539673,356.46759033203125,0.425,1.0,0.0,1.0,0.0,0.0,0.005297629162669182,0.23225584626197815,0.0,0.21880269050598145,0.23155038058757782,0.24465185403823853,-1.569246768951416,-1.5450419187545776,-1.5202304124832153,0.0,1.0
117760,115,6,215.88217765425887,186.0,-0.0038918025442399085,18.096154898405075,-0.3770729176700115,0.0026083681383170187,0.0185791015625,0.5352766804397107,98.75007243156433,3.776733160018921,8.62276554107666,68.79728698730469,46.46652603149414,65.02055358886719,48.19453430175781,0.9655639994762836,0.9862293601036072,305.8477783203125,0.5,1.0,0.0,1.0,0.0,0.0,0.005282340105623007,0.2326539158821106,0.0,0.21939097344875336,0.23184524476528168,0.24576961994171143,-1.5681250095367432,-1.5445131063461304,-1.5181241035461426,0.0,1.0
118784,116,7,204.21416906768948,184.28571428571428,-0.0034500556997954846,20.791123068332674,-0.37715026587247846,0.0030559742852346973,0.026220703125,0.5938485514372587,83.41684441566467,1.0131915807724,9.371769905090332,74.90914154052734,45.5306282043457,73.89595031738281,41.27742004394531,0.9576321940679078,1.0042974948883057,216.28427124023438,0.65,1.0,0.0,1.0,0.0,0.0,0.0012746279826387763,0.23001331090927124,0.0,0.21881835162639618,0.2317487746477127,0.24800792336463928,-1.5692169666290283,-1.5446910858154297,-1.5139096975326538,0.0,1.0
119808,117,6,211.3913160592385,191.33333333333334,-0.00505926925688982,18.44378080368042,-0.3743230879306793,0.0054247425709036175,0.0489990234375,0.5475326783955097,101.81461086273194,2.1358461380004883,8.585739135742188,60.631614685058594,49.42399978637695,58.49576950073242,48.5399284362793,0.9698227608570801,1.162454605102539,276.885009765625,0.5,1.0,0.0,1.0,0.0,0.0,0.008025328628718853,0.23098021745681763,0.0,0.21848469972610474,0.23313237726688385,0.25054964423179626,-1.5698533058166504,-1.5420798063278198,-1.509129524230957,0.0,1.0
120832,118,3,230.26104092897378,191.0,-0.004329686722485349,17.289151060581208,-0.36747985929250715,0.003894192143343389,0.0291259765625,0.550827407091856,114.21913247108459,3.3024723529815674,7.914555072784424,82.21883392333984,44.41548156738281,78.9163589477539,45.74711990356445,0.9682470405844743,1.0748130083084106,404.70050048828125,0.625,1.0,0.0,1.0,0.0,0.0,-0.004876894410699606,0.22930458188056946,0.0,0.21868985891342163,0.2334742546081543,0.24996417760849,-1.5694620609283447,-1.5414401292800903,-1.5102300643920898,0.0,1.0
121856,119,7,236.34486643528155,215.57142857142858,-0.004081909947854001,14.05910587310791,-0.3714343629777431,0.0038443864323198795,0.035791015625,0.49450879022479055,70.63112273216248,1.710689902305603,7.484806060791016,48.611473083496094,50.697303771972656,46.900779724121094,49.67680358886719,0.978203268630553,0.8459264636039734,170.20692443847656,0.45,1.0,0.0,1.0,0.0,0.0,0.0126076964661479,0.22941909730434418,0.0,0.2156497687101364,0.2319098263978958,0.2496819794178009,-1.5752642154693604,-1.544416904449463,-1.5107605457305908,0.0,1.0
122880,120,3,151.48983347956752,134.0,-0.003973868675529957,8.943566435575486,-0.3774586237967014,0.003341192855441477,0.0304443359375,0.5550829492509365,59.636053466796874,0.5965626239776611,6.4863386154174805,83.83586883544922,37.57831954956055,83.23930358886719,35.90692138671875,0.9702062919802297,0.9381232857704163,165.80145263671875,0.55,1.0,0.0,1.0,0.0,0.0,-0.002410262357443571,0.2308504432439804,0.0,0.2166794240474701,0.23188136518001556,0.25029656291007996,-1.5732982158660889,-1.5444397926330566,-1.5096051692962646,0.0,1.0
123904,121,8,215.09903842711907,196.0,-0.00398399408441037,29.28488645553589,-0.3776137426495552,0.0023070039620506576,0.0316650390625,0.49939811751246455,91.06081299781799,2.013625383377075,9.804070472717285,76.13365173339844,54.302303314208984,74.12003326416016,53.620243072509766,0.9674031013854727,0.7819470763206482,253.4646453857422,0.475,1.0,0.0,1.0,0.0,0.0,-0.0018072311067953706,0.23054684698581696,0.0,0.21545201539993286,0.23114901781082153,0.24798420071601868,-1.5756418704986572,-1.5458221435546875,-1.5139542818069458,0.0,1.0
124928,122,5,160.38710960493296,185.4,-0.0038123474805615842,42.141230297088626,-0.38282482251524924,0.002570394292706624,0.030322265625,0.5398092314600944,212.94426708221437,-6.321103096008301,12.897111892700195,49.827796936035156,48.17350387573242,56.148902893066406,44.69624710083008,0.9283248788778312,1.016740322113037,536.1181640625,0.575,1.0,0.0,1.0,0.0,0.0,0.0016879034228622913,0.23293662071228027,0.0,0.21472692489624023,0.23069076240062714,0.24620720744132996,-1.5770270824432373,-1.5467032194137573,-1.5172998905181885,0.0,1.0
125952,123,4,189.94463241258288,196.0,-0.005292178312083706,9.236402681469917,-0.38332664743065836,0.0052302952070022,0.0534423828125,0.6651071548461914,114.4210151195526,-1.4694247245788574,7.074588775634766,61.78801727294922,46.61684036254883,63.2574462890625,49.12293243408203,0.9769687905486786,1.1677043437957764,402.4928283691406,0.7,1.0,0.0,1.0,0.0,0.0,0.004593741614371538,0.22544139623641968,0.0,0.21511754393577576,0.23039327561855316,0.2476266622543335,-1.5762808322906494,-1.5472584962844849,-1.51462721824646,0.0,1.0
126976,124,7,183.0383415543884,202.42857142857142,-0.004307128011714667,38.487579464912415,-0.3861945539712906,0.0054935056949034335,0.0513671875,0.5966789409518242,174.2597183227539,-0.3079789876937866,13.432860374450684,53.559722900390625,61.9185791015625,53.867698669433594,61.202632904052734,0.9529353304193545,1.1007049083709717,514.189697265625,0.65,1.0,0.0,1.0,0.0,0.0,0.007213171571493149,0.22725090384483337,0.0,0.21323487162590027,0.22998042404651642,0.2503351867198944,-1.579878568649292,-1.5480842590332031,-1.5095325708389282,0.0,1.0
128000,125,3,156.2476398225558,185.0,-0.004756384412758052,17.695314931869508,-0.38657528460025786,0.002689350876607932,0.0318603515625,0.5028589729219675,98.9559895992279,-2.615541458129883,9.219958305358887,60.78150939941406,50.16741180419922,63.39704895019531,51.439788818359375,0.966223513162006,0.9235703945159912,306.4226379394531,0.425,1.0,0.0,1.0,0.0,0.0,-0.0026779992040246725,0.22677192091941833,0.0,0.21375860273838043,0.23044486343860626,0.2512974143028259,-1.5788774490356445,-1.5472146272659302,-1.5077242851257324,0.0,1.0
129024,126,6,229.79039062690114,230.66666666666666,-0.0050029520643875,16.35001058578491,-0.38755358308553695,0.0030528815870638935,0.0317138671875,0.5340570569038391,98.39025650024413,3.3904311656951904,7.413597583770752,73.82902526855469,59.6932258605957,70.4385986328125,59.54413986206055,0.9845756130049588,1.0400221347808838,327.9642333984375,0.5,1.0,0.0,1.0,0.0,0.0,-0.004709887783974409,0.22178594768047333,0.0,0.21369512379169464,0.22906261682510376,0.24727031588554382,-1.5789988040924072,-1.5498095750808716,-1.5152980089187622,0.0,1.0
130048,127,4,179.60632938395506,197.0,-0.003240805584937334,55.142604517936704,-0.3964617185294628,0.002739257671055384,0.0284423828125,0.5280655037611723,213.68167953491212,-1.9960424900054932,15.591381072998047,55.00816345214844,54.352455139160156,57.00420379638672,52.72922134399414,0.9177130664300276,1.1143792867660522,486.5455322265625,0.4,1.0,0.0,1.0,0.0,0.0,0.00300789438188076,0.2232808619737625,0.0,0.21302887797355652,0.22786308825016022,0.24657854437828064,-1.5802724361419678,-1.5520936250686646,-1.516600489616394,0.0,1.0
131072,128,5,252.868181255236,210.2,-0.004309220559662208,18.217966532707216,-0.40091390535235405,0.003210206690710038,0.043359375,0.5355535101145505,68.59933047294616,2.1952481269836426,7.812098026275635,75.84722900390625,52.7449836730957,73.6519775390625,53.53856658935547,0.9780632110655402,0.9162613749504089,184.76637268066406,0.45,1.0,0.0,1.0,0.0,0.0,-0.00350504950620234,0.22137707471847534,0.0,0.21274441480636597,0.22732289135456085,0.24762937426567078,-1.5808162689208984,-1.5531152486801147,-1.5146220922470093,0.0,1.0
132096,129,7,182.34163720166467,184.71428571428572,-0.0035459926235489546,78.40629048347473,-0.4028047300875187,0.0017402218480128794,0.0181884765625,0.5535093232989311,234.9973373413086,-5.778097629547119,15.764631271362305,73.56008911132812,58.20848083496094,79.33818054199219,51.981056213378906,0.926650853039967,1.0284953117370605,580.953125,0.575,1.0,0.0,1.0,0.0,0.0,-0.0018955966224893928,0.2201889604330063,0.0,0.2130250632762909,0.2273464798927307,0.2483278214931488,-1.5802797079086304,-1.5531011819839478,-1.5133076906204224,0.0,1.0
133120,130,3,209.8043226561542,199.0,-0.00461269270745106,26.529670298099518,-0.40263433903455736,0.003747360660054255,0.031005859375,0.5292776484042406,118.70928030014038,3.2755794525146484,9.742588996887207,57.43337631225586,41.40485382080078,54.15779495239258,46.35517501831055,0.9446336000941136,0.9214745759963989,347.0803527832031,0.525,1.0,0.0,1.0,0.0,0.0,0.006981792394071817,0.22168458998203278,0.0,0.21222718060016632,0.2270750254392624,0.24852405488491058,-1.5818054676055908,-1.5535920858383179,-1.5129384994506836,0.0,1.0
134144,131,6,219.4620734563374,213.5,-0.003950674849329516,17.55363675355911,-0.4060543097555637,0.002549632522277534,0.0259521484375,0.5423246473073959,89.58608870506286,0.35446178913116455,8.951998710632324,65.96014404296875,55.24812698364258,65.60568237304688,57.1092529296875,0.9737454322455715,1.346318244934082,228.8629913330078,0.55,1.0,0.0,1.0,0.0,0.0,0.0022158173378556967,0.22118951380252838,0.0,0.21016201376914978,0.22618381679058075,0.24786005914211273,-1.5857568979263306,-1.555292010307312,-1.5141879320144653,0.0,1.0
135168,132,5,169.95487391038094,185.4,-0.005144403758458793,16.462345397472383,-0.409849489480257,0.004915420868201181,0.047802734375,0.5928559504449368,111.77369847297669,0.2533000111579895,9.308623313903809,47.47493362426758,45.28297805786133,47.22163391113281,46.06550979614258,0.9577427776506732,1.2303402423858643,358.9375305175781,0.8,1.0,0.0,1.0,0.0,0.0,0.0006201147334650159,0.22330692410469055,0.0,0.2105286419391632,0.22598719596862793,0.2475620061159134,-1.5850551128387451,-1.5556803941726685,-1.5147489309310913,0.0,1.0
136192,133,6,201.28058098280732,196.5,-0.0038596222817432134,8.821992087364197,-0.4091433919966221,0.005411212498438544,0.0404052734375,0.5435366302728653,60.02708554267883,-0.07759664952754974,6.538857936859131,58.83302688598633,50.450748443603516,58.91062545776367,49.86219787597656,0.9832015743116278,1.0560718774795532,195.33346557617188,0.6,1.0,0.0,1.0,0.0,0.0,0.0009824890876188874,0.222026064991951,0.0,0.20993609726428986,0.2264585644006729,0.24752211570739746,-1.5861892700195312,-1.5547738075256348,-1.5148240327835083,0.0,1.0
137216,134,6,184.7448236215996,186.83333333333334,-0.00501454696059227,45.08858480453491,-0.4090928040444851,0.006176006961322855,0.0495849609375,0.5127252347767353,182.74512281417847,1.3746800422668457,14.242775917053223,53.1593132019043,53.52616500854492,51.784637451171875,57.436279296875,0.9291961239407552,1.3012737035751343,438.0090026855469,0.375,1.0,0.0,1.0,0.0,0.0,-0.002482757670804858,0.22079172730445862,0.0,0.20906393229961395,0.22574293613433838,0.24434629082679749,-1.5878592729568481,-1.556132197380066,-1.5208064317703247,0.0,1.0
138240,135,5,192.47274249120935,208.4,-0.003966263873735443,34.26262732744217,-0.4121866025030613,0.004957289139565546,0.0405029296875,0.5265422914177179,168.55291452407837,-2.955277681350708,12.782735824584961,44.46357727050781,50.03807067871094,47.418853759765625,49.212825775146484,0.9347400701535136,1.1011710166931152,522.1629028320312,0.5,1.0,0.0,1.0,0.0,0.0,0.0057135652750730515,0.2198370397090912,0.0,0.20870541036128998,0.22558414936065674,0.24265390634536743,-1.5885459184646606,-1.556425929069519,-1.5239982604980469,0.0,1.0
139264,136,3,136.7328964982947,165.0,-0.004429287125822157,11.161460709571838,-0.4113487176597118,0.005145736045960803,0.054931640625,0.595620721578598,108.6743586063385,1.4038066864013672,7.979951858520508,62.29267501831055,48.818790435791016,60.88886642456055,49.08503723144531,0.9732806112115118,1.1356372833251953,422.330322265625,0.6,1.0,0.0,1.0,0.0,0.0,-0.00011726996308425441,0.2206379473209381,0.0,0.20863200724124908,0.22607462108135223,0.24460361897945404,-1.588686466217041,-1.5554847717285156,-1.5203213691711426,0.0,1.0
140288,137,6,193.15679732410442,191.16666666666666,-0.006339195679174736,10.669207733869552,-0.40688191503286364,0.003979051491478458,0.0591552734375,0.6322440840303898,65.48072099685669,-0.5690534710884094,7.234207630157471,67.40989685058594,48.535980224609375,67.97895812988281,47.41377258300781,0.9777845882148533,1.2813061475753784,185.13397216796875,0.75,1.0,0.0,1.0,0.0,0.0,-0.009495403617620468,0.21404732763767242,0.0,0.2087557315826416,0.2269396334886551,0.24538855254650116,-1.5884495973587036,-1.553867220878601,-1.518842101097107,0.0,1.0
141312,138,6,181.29029863649183,187.83333333333334,-0.005055570564582013,32.68719623088837,-0.405954609811306,0.005555285738955718,0.0335205078125,0.5330015175044537,203.66407647132874,6.481044769287109,11.938612937927246,50.39295959472656,61.99569320678711,43.91191101074219,65.79047393798828,0.9629161584101923,0.7984642386436462,795.876220703125,0.6,1.0,0.0,1.0,0.0,0.0,-0.008644487708806992,0.21939215064048767,0.0,0.20726272463798523,0.2263464778661728,0.24531957507133484,-1.5913100242614746,-1.5549787282943726,-1.5189720392227173,0.0,1.0
142336,139,3,222.03376568445412,233.0,-0.005206275224918499,19.380047583580016,-0.4093463808298111,0.00578727763495408,0.0505859375,0.5600050054490566,139.99972343444824,0.33022642135620117,10.716239929199219,64.80677795410156,49.508583068847656,64.47654724121094,51.17921447753906,0.9531484606795804,1.2135050296783447,495.6283264160156,0.525,1.0,0.0,1.0,0.0,0.0,0.009352893568575382,0.22103874385356903,0.0,0.20634521543979645,0.2259688377380371,0.24497775733470917,-1.5930687189102173,-1.555711269378662,-1.5196161270141602,0.0,1.0
143360,140,8,217.80775370418613,211.375,-0.005662324861623347,16.153871309757232,-0.41041593477129934,0.006318771252699662,0.05205078125,0.5889585621654987,76.0358235836029,0.111416757106781,8.425887107849121,67.122314453125,59.729408264160156,67.01090240478516,57.621604919433594,0.9800999200519322,0.948859691619873,215.69090270996094,0.7,1.0,0.0,1.0,0.0,0.0,0.011084407567977905,0.22371342778205872,0.0,0.2065434753894806,0.22588151693344116,0.2438409924507141,-1.5926886796951294,-1.5558825731277466,-1.5217591524124146,0.0,1.0
144384,141,6,161.89883006971786,174.5,-0.0061526837758719925,39.099684071540835,-0.41368700191378593,0.0002873329023714177,0.0475341796875,0.5167469114065171,178.39243440628053,-4.764287948608398,12.300766944885254,52.173213958740234,52.61906433105469,56.9375,49.21075439453125,0.9453515140093233,0.8109295964241028,481.76495361328125,0.575,1.0,0.0,1.0,0.0,0.0,0.016343949362635612,0.2224365919828415,0.0,0.20435301959514618,0.22452621161937714,0.24089068174362183,-1.5968897342681885,-1.5584521293640137,-1.5273263454437256,0.0,1.0
145408,142,2,205.36985013083466,209.0,-0.004152463132049889,10.24739766716957,-0.42310745269060135,0.004809313340228982,0.0497802734375,0.6003864213824273,152.513148188591,-5.430185794830322,7.225205898284912,73.1281967163086,42.84665298461914,78.55838012695312,42.42367172241211,0.9715641261826966,1.091835856437683,487.9228820800781,0.6,1.0,0.0,1.0,0.0,0.0,0.01972740702331066,0.2220514565706253,0.0,0.20226319134235382,0.22297461330890656,0.24040037393569946,-1.6009012460708618,-1.5614176988601685,-1.5282522439956665,0.0,1.0
146432,143,8,177.54197062706157,189.375,-0.004112548404373228,12.151095229387284,-0.42796673327684404,0.005647517026227433,0.03896484375,0.5795331262052059,103.89707274436951,-1.098344087600708,8.41557788848877,61.09237289428711,60.340396881103516,62.19071578979492,62.01769256591797,0.9805485676258968,0.9876055717468262,342.63665771484375,0.65,1.0,0.0,1.0,0.0,0.0,0.017342817038297653,0.21897447109222412,0.0,0.2012147456407547,0.2230345606803894,0.24157771468162537,-1.6029150485992432,-1.5613045692443848,-1.526029109954834,0.0,1.0
147456,144,7,145.77947855294525,159.28571428571428,-0.004935679980553687,65.81788868904114,-0.4274585820734501,0.00303981030738214,0.0433349609375,0.5648555919528008,256.3580292701721,-4.475825309753418,16.75163459777832,58.21956253051758,55.480613708496094,62.69538879394531,56.20759963989258,0.9088342226405294,1.0926443338394165,653.302734375,0.575,1.0,0.0,1.0,0.0,0.0,0.018162300810217857,0.22158142924308777,0.0,0.19915445148944855,0.2229064702987671,0.24199213087558746,-1.6068748235702515,-1.5615439414978027,-1.5252469778060913,0.0,1.0
148480,145,5,213.78277889632932,191.8,-0.005009368434548378,40.30004086494446,-0.42400010451674464,0.003499347889737692,0.04814453125,0.5588563553988933,231.0230025291443,2.573307991027832,14.995558738708496,54.1739616394043,50.40233612060547,51.60065460205078,56.27307891845703,0.9114835597642881,1.0967897176742554,660.9452514648438,0.675,1.0,0.0,1.0,0.0,0.0,0.022711506113409996,0.2215166687965393,0.0,0.20281049609184265,0.2245275229215622,0.24256303906440735,-1.5998504161834717,-1.5584629774093628,-1.524169683456421,0.0,1.0
149504,146,4,207.2213163514882,193.0,-0.0030527732451446354,18.109963524341584,-0.4192116290330887,0.004555714303569403,0.0269287109375,0.5080242723226547,107.10874080657959,-2.4647421836853027,9.311878204345703,70.05809020996094,51.1798095703125,72.52283477783203,51.53773880004883,0.966896247945479,0.9291049838066101,317.578857421875,0.525,1.0,0.0,1.0,0.0,0.0,0.015536155551671982,0.22177551686763763,0.0,0.20233508944511414,0.2238827496767044,0.2424643635749817,-1.600763201713562,-1.5596696138381958,-1.5243558883666992,0.0,1.0
150528,147,6,192.22365325381602,203.33333333333334,-0.002925064921146259,11.691548550128937,-0.42136964946985245,0.004610269637487363,0.03896484375,0.5448581162840128,83.71704053878784,1.7732083797454834,7.906754493713379,44.36090850830078,53.8209114074707,42.58769607543945,55.613162994384766,0.97841786272838,1.470194697380066,290.44818115234375,0.5,1.0,0.0,1.0,0.0,0.0,0.006002471316605806,0.2284483015537262,0.0,0.20310617983341217,0.22435952723026276,0.2435329556465149,-1.5992827415466309,-1.5587868690490723,-1.5223400592803955,0.0,1.0
151552,148,5,154.20734340456326,167.6,-0.0035752462223172187,10.480060163140298,-0.42082898020744325,0.0040460635587805886,0.0285400390625,0.5995183423161506,88.89389629364014,-1.6586554050445557,7.749104976654053,66.92593383789062,40.39063262939453,68.58457946777344,37.61654281616211,0.963192039508715,1.0951303243637085,271.6313781738281,0.6,1.0,0.0,1.0,0.0,0.0,0.009835802018642426,0.22265547513961792,0.0,0.2029893696308136,0.2237880975008011,0.24301418662071228,-1.5995069742202759,-1.5598812103271484,-1.5233185291290283,0.0,1.0
152576,149,7,193.1816040189317,184.57142857142858,-0.004817645804723725,9.5614628136158,-0.42817687541246413,0.004828989064844791,0.02802734375,0.5344411619007587,86.90991072654724,1.517357349395752,7.2075910568237305,41.57743453979492,46.417022705078125,40.06007766723633,49.54379653930664,0.9758884147846346,0.9789138436317444,259.23199462890625,0.575,1.0,0.0,1.0,0.0,0.0,0.01200017612427473,0.2207852005958557,0.0,0.20250998437404633,0.2217610478401184,0.24122746288776398,-1.6004273891448975,-1.5637130737304688,-1.5266903638839722,0.0,1.0
153600,150,7,162.87759612630538,172.71428571428572,-0.004393135337159038,11.607410338521003,-0.4384615823626518,0.0016998788734781556,0.0261474609375,0.5302688129246235,124.31354603767394,3.276920795440674,8.65710163116455,40.95513153076172,48.30385208129883,37.67821502685547,51.61817932128906,0.9678795555034723,1.1818654537200928,493.2903747558594,0.55,1.0,0.0,1.0,0.0,0.0,0.007348331157118082,0.21998442709445953,0.0,0.19944003224372864,0.22019018232822418,0.24129167199134827,-1.6063257455825806,-1.566728115081787,-1.526569128036499,0.0,1.0
154624,151,4,176.46693307601313,159.75,-0.0023823642521165313,5.001463508605957,-0.44501813352108,0.0018925811746157706,0.0162841796875,0.5248869318515063,53.17660932540893,-0.24406856298446655,5.430418968200684,65.96455383300781,47.0604248046875,66.2086181640625,46.92619705200195,0.9866845765073905,0.9832240343093872,171.955810546875,0.525,1.0,0.0,1.0,0.0,0.0,0.006788013502955437,0.2199428230524063,0.0,0.19987104833126068,0.21975596249103546,0.24247997999191284,-1.6054972410202026,-1.567544937133789,-1.5243263244628906,0.0,1.0
155648,152,6,166.7896311785156,167.16666666666666,-0.003038766363169998,19.832436680793762,-0.44534934163093565,0.003640844918845687,0.035546875,0.5087365649640561,95.6657740354538,1.7399876117706299,9.386018753051758,54.375694274902344,47.79182815551758,52.635711669921875,48.32865905761719,0.9614294727934283,0.805869460105896,269.4897766113281,0.525,1.0,0.0,1.0,0.0,0.0,0.004460364114493132,0.21904851496219635,0.0,0.2004011571407318,0.22005365788936615,0.24437841773033142,-1.604478359222412,-1.5669888257980347,-1.520745873451233,0.0,1.0
156672,153,7,172.49064219221094,177.0,-0.0038876367500051854,37.848494696617124,-0.440566099435091,0.0033902653070981615,0.0297119140625,0.5526785418391228,163.71670989990236,-4.769463062286377,12.907062530517578,62.36073684692383,53.76229476928711,67.13019561767578,52.26911544799805,0.942363294261489,0.9060607552528381,399.3178405761719,0.55,1.0,0.0,1.0,0.0,0.0,0.012300278060138226,0.21967297792434692,0.0,0.2031385600566864,0.22146029770374298,0.24646127223968506,-1.5992205142974854,-1.5643147230148315,-1.5168213844299316,0.0,1.0
157696,154,6,155.36166921738388,165.16666666666666,-0.0051091307075694205,6.636899608373642,-0.4343442812561989,0.004857987514697015,0.0547607421875,0.5303884670138359,61.81029405593872,-1.026138424873352,5.863064765930176,52.164833068847656,48.24453353881836,53.19097137451172,47.746456146240234,0.9852309296848863,0.8502926826477051,240.8729248046875,0.5,1.0,0.0,1.0,0.0,0.0,0.012779838405549526,0.22162917256355286,0.0,0.20410418510437012,0.2219468504190445,0.24649837613105774,-1.5973671674728394,-1.563390851020813,-1.5167515277862549,0.0,1.0
158720,155,5,187.83926762906464,184.2,-0.005465849488973618,4.81162603199482,-0.4328354261815548,0.004717793806048576,0.053173828125,0.56023363545537,39.496382522583005,-0.6250581741333008,5.091824054718018,64.90388488769531,47.75031280517578,65.52894592285156,49.06791687011719,0.9886291120408981,0.86990886926651,127.73822784423828,0.65,1.0,0.0,1.0,0.0,0.0,0.016537075862288475,0.22228115797042847,0.0,0.20402613282203674,0.22201283276081085,0.24791358411312103,-1.5975170135498047,-1.563253402709961,-1.514087200164795,0.0,1.0
159744,156,6,185.60246143975175,188.66666666666666,-0.005064443370793014,25.19395501613617,-0.4340598225593567,0.001801490037178155,0.0318603515625,0.5376334771513939,174.34628057479858,-4.347431182861328,10.808130264282227,53.52496337890625,51.572898864746094,57.872398376464844,51.457576751708984,0.9560804380021074,1.0061246156692505,501.48040771484375,0.575,1.0,0.0,1.0,0.0,0.0,0.009428245015442371,0.22344161570072174,0.0,0.20278877019882202,0.2214585393667221,0.24997083842754364,-1.5998921394348145,-1.5643649101257324,-1.5102174282073975,0.0,1.0
160768,157,7,124.33720801750943,151.71428571428572,-0.004742019734112546,23.424909353256226,-0.4396111384034157,0.005992209247779101,0.042724609375,0.5365178994834423,209.0156681060791,-5.321366310119629,10.367403030395508,49.473907470703125,47.61033248901367,54.79527282714844,44.62089920043945,0.9525826115918593,0.9824877381324768,607.4898681640625,0.55,1.0,0.0,1.0,0.0,0.0,0.01479365210980177,0.2263731062412262,0.0,0.20207133889198303,0.22030235826969147,0.25004351139068604,-1.6012697219848633,-1.5665630102157593,-1.5100808143615723,0.0,1.0
161792,158,4,137.5955067888523,152.0,-0.002594248112291098,31.183601546287537,-0.4405313141644001,0.004275631993368734,0.0288330078125,0.5094464506953955,192.464843082428,0.6670672297477722,13.475992202758789,43.05604934692383,48.20474624633789,42.38898468017578,53.41288757324219,0.9218476757548817,0.9820214509963989,650.0519409179688,0.45,1.0,0.0,1.0,0.0,0.0,0.012205245904624462,0.22114057838916779,0.0,0.2038952112197876,0.22154571115970612,0.2537361979484558,-1.5977681875228882,-1.5642317533493042,-1.5031449794769287,0.0,1.0
162816,159,7,203.62069971544693,201.42857142857142,-0.004162513552000746,16.284063279628754,-0.438212488591671,0.004960068329819478,0.045263671875,0.6319795690476895,116.32636723518371,2.663653612136841,9.43529987335205,56.24510192871094,54.49155807495117,53.581451416015625,57.388145446777344,0.9700185282505919,1.2011150121688843,368.22637939453125,0.725,1.0,0.0,1.0,0.0,0.0,0.014696677215397358,0.2267916351556778,0.0,0.20417603850364685,0.22020715475082397,0.2520543336868286,-1.597229242324829,-1.5668054819107056,-1.5063023567199707,0.0,1.0
163840,160,6,192.52453621647518,176.16666666666666,-0.002644266758579761,16.06784195303917,-0.4459081284701824,0.0038944397922023198,0.0189697265625,0.5996643804013729,101.73760089874267,2.510230779647827,9.199533462524414,61.63390350341797,48.32522201538086,59.12367248535156,50.01052474975586,0.9637603626159854,0.9500494003295898,255.27114868164062,0.675,1.0,0.0,1.0,0.0,0.0,0.013782869093120098,0.22626519203186035,0.0,0.20327654480934143,0.2196437269449234,0.25115856528282166,-1.5989556312561035,-1.5678595304489136,-1.5079851150512695,0.0,1.0
164864,161,4,170.25738109054643,163.75,-0.00502819093526341,25.95588686466217,-0.4456367023289204,0.0046909608412533995,0.0458984375,0.6732160858809948,131.9153555393219,-3.5076308250427246,10.401066780090332,61.33213806152344,47.02079391479492,64.83976745605469,45.64982604980469,0.9510699290851271,1.179336428642273,330.7039794921875,0.85,1.0,0.0,1.0,0.0,0.0,0.0052952547557652,0.22779648005962372,0.0,0.20250903069972992,0.22022099792957306,0.25131532549858093,-1.6004291772842407,-1.5667330026626587,-1.507690668106079,0.0,1.0
165888,162,8,163.08428847710877,177.375,-0.005734192521777004,30.6392583489418,-0.44189549759030344,0.004132907849270851,0.0423095703125,0.62127078846097,200.69792566299438,-4.915590286254883,12.566149711608887,40.08889389038086,47.48619842529297,45.004486083984375,51.137081146240234,0.9299723454126381,1.1996276378631592,668.9705810546875,0.65,1.0,0.0,1.0,0.0,0.0,0.008599956519901752,0.23131898045539856,0.0,0.20099182426929474,0.2207280546426773,0.252500981092453,-1.6033433675765991,-1.5657843351364136,-1.5054636001586914,0.0,1.0
166912,163,6,126.70619554931642,162.0,-0.0030629354761913417,5.513266009092331,-0.4409538462758064,0.0011035445641027763,0.036767578125,0.5521906264126301,77.43127665519714,-0.4444361925125122,6.069519519805908,49.40169906616211,50.83668518066406,49.846134185791016,51.28749465942383,0.9857454274014297,1.2962945699691772,290.3006896972656,0.5,1.0,0.0,1.0,0.0,0.0,0.012887285090982914,0.23107078671455383,0.0,0.20014463365077972,0.22038348019123077,0.25286445021629333,-1.6049714088439941,-1.566447377204895,-1.5047812461853027,0.0,1.0
167936,164,5,143.9040138423397,164.0,-0.005172142526134849,17.762832659482957,-0.44702633917331697,0.0054694668564479795,0.03798828125,0.5540343016386032,155.49261651039123,-2.5207784175872803,10.6008939743042,49.745391845703125,44.303070068359375,52.26617431640625,43.820919036865234,0.9427444770129241,0.9300366640090942,453.5715637207031,0.575,1.0,0.0,1.0,0.0,0.0,0.024798110127449036,0.2280464619398117,0.0,0.19772805273532867,0.2188817858695984,0.2527399957180023,-1.6096181869506836,-1.5693598985671997,-1.5050148963928223,0.0,1.0
168960,165,6,176.34483497626354,177.16666666666666,-0.003486697131302208,16.965712159872055,-0.4565749041736126,0.003670846369641367,0.029296875,0.5425996109843254,199.20434551239015,2.1403937339782715,10.90971565246582,38.253597259521484,46.8480110168457,36.11320495605469,48.39407730102539,0.9457693809722686,1.0922948122024536,601.3941650390625,0.55,1.0,0.0,1.0,0.0,0.0,0.014988284558057785,0.2271123081445694,0.0,0.1946391612291336,0.21687079966068268,0.25077977776527405,-1.6155641078948975,-1.5731987953186035,-1.5086969137191772,0.0,1.0
169984,166,7,181.05794964987902,173.42857142857142,-0.006012855318840593,31.65299525260925,-0.4678299605846405,0.003072820154193323,0.0348388671875,0.584884924441576,242.74768648147582,4.618934154510498,14.532679557800293,48.57960891723633,45.921302795410156,43.96067428588867,52.21664047241211,0.8998472213908767,1.6091890335083008,1086.177978515625,0.6,1.0,0.0,1.0,0.0,0.0,0.014036501757800579,0.22731488943099976,0.0,0.19218921661376953,0.21495074033737183,0.24769464135169983,-1.6202852725982666,-1.5768235921859741,-1.5144991874694824,0.0,1.0
171008,167,5,178.77845110370922,170.6,-0.00516797618183773,12.987924587726592,-0.47601051703095437,0.0029647691670106726,0.027587890625,0.5729368321597577,82.83225545883178,0.9040861129760742,8.400270462036133,48.164459228515625,44.29178237915039,47.26036834716797,47.166446685791016,0.9640300195078265,1.097287654876709,255.54286193847656,0.575,1.0,0.0,1.0,0.0,0.0,0.008221692405641079,0.22796431183815002,0.0,0.19027568399906158,0.21424837410449982,0.24708710610866547,-1.6239757537841797,-1.57818603515625,-1.5156428813934326,0.0,1.0
172032,168,7,159.73114403097128,174.57142857142858,-0.004414086753968149,9.97738843858242,-0.4767567299306393,0.005699630443996284,0.0361083984375,0.5823228433728218,117.87345252037048,3.508680582046509,7.8107194900512695,40.81761932373047,48.200679779052734,37.30894088745117,52.41431427001953,0.9737411514255343,1.1424963474273682,428.36187744140625,0.6,1.0,0.0,1.0,0.0,0.0,0.007019668817520142,0.22451554238796234,0.0,0.18999873101711273,0.21468693017959595,0.24813784658908844,-1.6245100498199463,-1.5773415565490723,-1.5136651992797852,0.0,1.0
173056,169,4,205.0442594927114,206.0,-0.004139178892364726,11.359546035528183,-0.4770019821822643,0.0014835878959274852,0.02451171875,0.5656187295913696,84.04003813266755,3.494128704071045,7.706743240356445,57.262107849121094,51.48227310180664,53.767974853515625,52.300376892089844,0.9775908021576533,0.9914456605911255,241.0629425048828,0.6,1.0,0.0,1.0,0.0,0.0,0.013247456401586533,0.22855618596076965,0.0,0.1891258955001831,0.21363061666488647,0.24891763925552368,-1.6261944770812988,-1.5793709754943848,-1.5121980905532837,0.0,1.0
174080,170,5,195.76859639178517,167.4,-0.005297851806972176,13.445916801691055,-0.48776802346110343,0.004535309373750351,0.0687744140625,0.6694455310702324,128.77882137298585,2.659614324569702,7.904987812042236,51.64435577392578,51.164100646972656,48.9847412109375,53.37449264526367,0.9761289386795012,1.6075972318649292,405.91204833984375,0.725,1.0,0.0,1.0,0.0,0.0,0.003962021321058273,0.22570596635341644,0.0,0.18703784048557281,0.21113227307796478,0.24587582051753998,-1.6302262544631958,-1.5841435194015503,-1.5179240703582764,0.0,1.0
175104,171,7,172.72701588692024,194.0,-0.0032119637820869685,34.49294421672821,-0.5006401248276233,0.0028773018857464194,0.034130859375,0.5859924167394638,155.13730516433716,-4.787145614624023,11.734593391418457,55.21616744995117,49.693763732910156,60.00331115722656,48.0184326171875,0.9442387735663218,0.9252324104309082,468.7106018066406,0.75,1.0,0.0,1.0,0.0,0.0,0.013988942839205265,0.2276054471731186,0.0,0.18401570618152618,0.20957984030246735,0.24293269217014313,-1.6360671520233154,-1.5871143341064453,-1.5234723091125488,0.0,1.0
176128,172,6,151.87135241763926,166.33333333333334,-0.005760039651067928,8.090992337465286,-0.5066767781972885,0.004347860915004276,0.0499755859375,0.6443329729139805,77.79810328483582,-1.8055305480957031,6.886947154998779,49.98082733154297,48.46591567993164,51.786354064941406,47.75727462768555,0.9798079425349991,1.1464076042175293,239.98777770996094,0.75,1.0,0.0,1.0,0.0,0.0,0.027675986289978027,0.2267986238002777,0.0,0.1831682324409485,0.20889651775360107,0.24137306213378906,-1.6377062797546387,-1.588427186012268,-1.5264155864715576,0.0,1.0
177152,173,6,162.98807624170328,174.16666666666666,-0.004641709616407752,12.773656874895096,-0.5080689817667008,0.0026993395935278387,0.0400634765625,0.6446442730724812,83.20511202812195,3.7243566513061523,7.84965705871582,56.42912292480469,53.1766242980957,52.704769134521484,54.75593948364258,0.9782098667271596,1.0815482139587402,253.8231658935547,0.75,1.0,0.0,1.0,0.0,0.0,0.015169855207204819,0.23182079195976257,0.0,0.18291977047920227,0.20898385345935822,0.24194107949733734,-1.6381869316101074,-1.5882625579833984,-1.5253432989120483,0.0,1.0
178176,174,5,212.1472446116515,169.4,-0.004515841242391616,10.052556961774826,-0.5085914582014084,0.003129723554593511,0.04814453125,0.6255071416497231,94.49292788505554,-0.22041738033294678,7.3401360511779785,48.0366096496582,41.24869155883789,48.25702667236328,42.39904022216797,0.9683343950569914,1.368152141571045,299.2230529785156,0.625,1.0,0.0,1.0,0.0,0.0,0.018133817240595818,0.22664065659046173,0.0,0.1826767772436142,0.20860843360424042,0.24191704392433167,-1.6386569738388062,-1.5889687538146973,-1.5253887176513672,0.0,1.0
179200,175,8,141.95562690819165,164.125,-0.003892552596516907,17.288288050889967,-0.5094627186655998,0.002108967943058815,0.024951171875,0.5296454280614853,166.02752146720886,-2.4378538131713867,9.721964836120605,47.89859390258789,50.589839935302734,50.33644485473633,51.40251541137695,0.9630698155837141,0.8585577607154846,503.3326416015625,0.5,1.0,0.0,1.0,0.0,0.0,0.014960628934204578,0.22759144008159637,0.0,0.1819225698709488,0.20887814462184906,0.2428545355796814,-1.6401163339614868,-1.5884722471237183,-1.5236196517944336,0.0,1.0
180224,176,5,167.54411640696995,176.0,-0.004329848138149827,15.508039471507072,-0.5121436521410943,0.004139410435163882,0.0379150390625,0.5221212636679411,160.28807344436646,1.9470412731170654,10.775232315063477,40.21809387207031,46.07558822631836,38.27104949951172,50.404659271240234,0.9453095518972312,1.1227009296417236,623.07861328125,0.5,1.0,0.0,1.0,0.0,0.0,0.017163200303912163,0.22678394615650177,0.0,0.1794346570968628,0.20727534592151642,0.24155738949775696,-1.6449332237243652,-1.5915513038635254,-1.5260674953460693,0.0,1.0
181248,177,6,145.869155083049,153.33333333333334,-0.004819340864196419,10.990466111898423,-0.5183586195111275,0.002157814243400935,0.035693359375,0.5603763982653618,91.39883389472962,0.15870273113250732,8.032256126403809,51.83638381958008,47.75835037231445,51.67768096923828,48.01258087158203,0.9717136775557437,1.0129691362380981,260.7865295410156,0.55,1.0,0.0,1.0,0.0,0.0,0.02135433256626129,0.22405429184436798,0.0,0.17803974449634552,0.20726732909679413,0.24217012524604797,-1.6476356983184814,-1.591598629951477,-1.5249110460281372,0.0,1.0
182272,178,7,165.82856624343006,168.57142857142858,-0.004241480794735253,35.52694231271744,-0.5193147927522659,0.0017400599870597943,0.0332763671875,0.5690333537757397,154.35090169906616,-1.7345974445343018,12.647490501403809,50.72386169433594,44.478675842285156,52.458457946777344,46.6557731628418,0.9191453481188279,1.215600848197937,385.73944091796875,0.55,1.0,0.0,1.0,0.0,0.0,0.02391097880899906,0.2319752275943756,0.0,0.17624060809612274,0.20654301345348358,0.24208451807498932,-1.6511234045028687,-1.5929781198501587,-1.5250725746154785,0.0,1.0
183296,179,5,150.9147346388733,157.0,-0.004574818239780143,10.89123413860798,-0.5225120782852173,0.005583115995978005,0.042236328125,0.5716887757182121,72.0743141412735,0.5210647583007812,7.425997257232666,48.377037048339844,43.43733596801758,47.85597229003906,43.845367431640625,0.9707730677139357,1.2298784255981445,188.782958984375,0.575,1.0,0.0,1.0,0.0,0.0,0.01794113963842392,0.23101283609867096,0.0,0.17597033083438873,0.20659971237182617,0.24113056063652039,-1.6516475677490234,-1.5928549766540527,-1.5268733501434326,0.0,1.0
184320,180,5,143.02864142974906,166.8,-0.0028516651131212712,15.299937427043915,-0.5248185768723488,0.005478260685049463,0.0406494140625,0.6556026667356492,151.9838324069977,-0.9531846046447754,10.165079116821289,59.04249572753906,52.36088180541992,59.99568176269531,54.04722595214844,0.9623116114984628,1.2428821325302124,492.9350891113281,0.75,1.0,0.0,1.0,0.0,0.0,0.01413926761597395,0.2190902680158615,0.0,0.1763426512479782,0.20520950853824615,0.23968322575092316,-1.650925636291504,-1.5955194234848022,-1.5296069383621216,0.0,1.0
185344,181,7,172.97074050180046,182.14285714285714,-0.004232351831160486,51.47795379161835,-0.5290547221899032,0.005086736669181846,0.035791015625,0.5834509249776602,312.6083433151245,1.300465703010559,16.578617095947266,48.79436111450195,55.17902374267578,47.49388885498047,60.093196868896484,0.9097289325867206,1.021267294883728,1105.697998046875,0.675,1.0,0.0,1.0,0.0,0.0,0.031016880646348,0.22284935414791107,0.0,0.17747674882411957,0.20584146678447723,0.24177642166614532,-1.6487269401550293,-1.594317078590393,-1.5256540775299072,0.0,1.0
186368,182,5,206.79165635968351,213.2,-0.003115857345983386,12.567608505487442,-0.5255530118942261,0.0021291231460054405,0.0302490234375,0.5813248857855797,131.45562701225282,3.050264835357666,8.28226375579834,36.313209533691406,47.3136100769043,33.262939453125,51.60641098022461,0.9693573795141551,1.0695829391479492,532.9354248046875,0.55,1.0,0.0,1.0,0.0,0.0,0.028983501717448235,0.21852831542491913,0.0,0.17557571828365326,0.2057209610939026,0.24320103228092194,-1.6524128913879395,-1.5945979356765747,-1.5229660272598267,0.0,1.0
187392,183,5,230.7925670563689,214.8,-0.002675668662413955,28.288157844543456,-0.5304616540670395,0.004041430751385633,0.0187744140625,0.5926151491701603,179.4851522922516,4.853552341461182,12.177492141723633,48.187042236328125,42.908447265625,43.333492279052734,50.872802734375,0.9194565829590884,0.9127190709114075,576.3006591796875,0.7,1.0,0.0,1.0,0.0,0.0,0.04022179916501045,0.22156237065792084,0.0,0.17375874519348145,0.20426441729068756,0.2405165433883667,-1.6559381484985352,-1.5973538160324097,-1.5280327796936035,0.0,1.0
188416,184,6,169.30115575033147,179.0,-0.004040562803857029,12.427408218383789,-0.5359925463795662,0.004228242975659669,0.0241943359375,0.5713324882090092,55.606802582740784,-0.9386110305786133,7.6371564865112305,59.452762603759766,47.57720184326172,60.39137268066406,47.45192337036133,0.9742328956842359,1.1085824966430664,148.3544921875,0.6,1.0,0.0,1.0,0.0,0.0,0.033396098762750626,0.2272954285144806,0.0,0.17320901155471802,0.20429737865924835,0.24101360142230988,-1.6570053100585938,-1.5972919464111328,-1.5270941257476807,0.0,1.0
189440,185,6,155.3767378434824,160.16666666666666,-0.004755114403087646,24.579635798931122,-0.538322065770626,0.004622873502376024,0.04560546875,0.5972034357488155,143.14018478393555,2.1722376346588135,11.19321346282959,55.54848098754883,49.79077911376953,53.376251220703125,49.072669982910156,0.9494627394079778,1.1047866344451904,412.781982421875,0.6,1.0,0.0,1.0,0.0,0.0,0.027745336294174194,0.2194102257490158,0.0,0.17261718213558197,0.20284909009933472,0.2382654994726181,-1.6581542491912842,-1.600064754486084,-1.5322864055633545,0.0,1.0
190464,186,4,198.69020778206817,175.75,-0.003678491129539907,40.5653593659401,-0.5451513275504112,0.002359654492465779,0.0218505859375,0.6069440096616745,201.9230607032776,3.106682062149048,13.212361335754395,50.66778564453125,44.64388656616211,47.56110382080078,46.16365432739258,0.9124135633706012,1.0408310890197754,604.176025390625,0.7,1.0,0.0,1.0,0.0,0.0,0.019707510247826576,0.2204822599887848,0.0,0.1730949878692627,0.202467143535614,0.2371770590543747,-1.6572265625,-1.6007968187332153,-1.5343447923660278,0.0,1.0
191488,187,6,224.83005071291646,225.5,-0.004474097874481231,17.542403793334962,-0.548762571811676,0.00519885747198714,0.03505859375,0.6325915530323982,88.08812003135681,-1.2455333471298218,8.766956329345703,61.91545867919922,51.56085205078125,63.16098403930664,49.358829498291016,0.9710893719649341,1.1394654512405396,255.13101196289062,0.775,1.0,0.0,1.0,0.0,0.0,0.02849494479596615,0.22567006945610046,0.0,0.17423582077026367,0.20116396248340607,0.23388198018074036,-1.6550123691558838,-1.603263258934021,-1.5405824184417725,0.0,1.0
192512,188,6,152.2571328761522,169.33333333333334,-0.0043823893240187315,58.40752906799317,-0.5547611877322197,0.0038034753961255774,0.044775390625,0.6342384077608585,288.65925121307373,-5.75690221786499,15.881834030151367,60.0019645690918,47.57981491088867,65.75886535644531,42.43874740600586,0.8885818826291103,1.108965277671814,740.5586547851562,0.75,1.0,0.0,1.0,0.0,0.0,0.038120560348033905,0.21675528585910797,0.0,0.17251582443714142,0.2006756216287613,0.23412784934043884,-1.658350944519043,-1.6042159795761108,-1.540116786956787,0.0,1.0
193536,189,6,156.54241838192675,159.33333333333334,-0.004819711006712168,22.73430979847908,-0.5587766498327256,0.004632598260650411,0.0479736328125,0.6326117269694805,104.18481011390686,-1.0874109268188477,10.259313583374023,65.5855712890625,44.424564361572266,66.67298889160156,44.498138427734375,0.9466677111890948,1.0579149723052979,216.8972625732422,0.65,1.0,0.0,1.0,0.0,0.0,0.03224178031086922,0.21978218853473663,0.0,0.17091327905654907,0.19954265654087067,0.23429638147354126,-1.6614633798599243,-1.6063995361328125,-1.5397975444793701,0.0,1.0
194560,190,5,192.80414386535804,203.0,-0.0046667307731695475,13.53634488582611,-0.5637495562434196,0.0060712300633895214,0.04638671875,0.635469862818718,93.15832443237305,3.9632833003997803,7.380108833312988,31.657398223876953,41.74550247192383,27.69411849975586,42.75262451171875,0.9687459652798536,1.0809228420257568,265.3633117675781,0.725,1.0,0.0,1.0,0.0,0.0,0.015298093669116497,0.22593718767166138,0.0,0.16747455298900604,0.19913055002689362,0.23666515946388245,-1.6681476831436157,-1.6072458028793335,-1.5353132486343384,0.0,1.0
195584,191,5,174.59592455059115,186.4,-0.004394936072640121,5.022690899670124,-0.5638022884726525,0.003657675276917871,0.0298095703125,0.5391426287591458,41.571058464050296,1.0191435813903809,5.418140411376953,53.576454162597656,53.08603286743164,52.55731201171875,52.65416717529297,0.9895830639894628,0.8718238472938538,123.90509033203125,0.525,1.0,0.0,1.0,0.0,0.0,0.02968575619161129,0.23386071622371674,0.0,0.16849400103092194,0.19953589141368866,0.23752790689468384,-1.6661652326583862,-1.6064752340316772,-1.5336811542510986,0.0,1.0
196608,192,7,183.56588317026117,168.0,-0.004780457547167316,14.853046536445618,-0.5591630637645721,0.006413745283498429,0.0490478515625,0.55185267329216,103.78113856315613,0.31118178367614746,9.18518352508545,63.129981994628906,44.769378662109375,62.81879425048828,41.902671813964844,0.9579066436159321,0.95741206407547,297.1637268066406,0.675,1.0,0.0,1.0,0.0,0.0,0.0270082950592041,0.22344131767749786,0.0,0.1702921986579895,0.2009294182062149,0.2372172325849533,-1.6626701354980469,-1.603747010231018,-1.534268856048584,0.0,1.0
197632,193,7,166.1965615190113,167.0,-0.003940175450406968,22.775030416250228,-0.5537304520606995,0.004693118068098556,0.0287841796875,0.5424544923007488,121.03597898483277,-2.362090587615967,10.6990327835083,59.25818634033203,47.75248336791992,61.62027359008789,45.6804313659668,0.9498007630105583,0.936735212802887,332.01080322265625,0.55,1.0,0.0,1.0,0.0,0.0,0.019085220992565155,0.21824471652507782,0.0,0.1680583506822586,0.20090043544769287,0.23535804450511932,-1.667012333869934,-1.6038099527359009,-1.5377870798110962,0.0,1.0
198656,194,6,151.74712431045324,152.66666666666666,-0.005162931466475129,21.614367485046387,-0.5567362695932389,0.003802644730603788,0.041552734375,0.5746747195720673,142.44090824127198,2.221903085708618,10.296630859375,54.29853057861328,46.492919921875,52.07662582397461,48.77162551879883,0.9509525269616225,0.8371447324752808,439.9815368652344,0.65,1.0,0.0,1.0,0.0,0.0,0.03233302757143974,0.22148607671260834,0.0,0.16681788861751556,0.20011232793331146,0.2360697239637375,-1.6694250106811523,-1.605347752571106,-1.5364398956298828,0.0,1.0
199680,195,4,205.83725535062507,195.75,-0.003900010185316205,34.955958259105685,-0.5610391989350318,0.002694075157342013,0.029248046875,0.5637091271579265,170.48280477523804,0.14349867403507233,12.727989196777344,51.10094451904297,51.5960693359375,50.95745086669922,52.10035705566406,0.939146390669943,1.035434365272522,423.7349853515625,0.575,1.0,0.0,1.0,0.0,0.0,0.027662472799420357,0.21415771543979645,0.0,0.16651113331317902,0.19946235418319702,0.23477447032928467,-1.6700217723846436,-1.6065869331359863,-1.5388920307159424,0.0,1.0
200704,196,7,153.35819142253465,165.85714285714286,-0.004421511909458786,42.70387692451477,-0.5635187640786171,0.0031919788758386857,0.0346923828125,0.5942675270140171,213.63076972961426,-2.48911714553833,13.755481719970703,64.8463134765625,50.642269134521484,67.3354263305664,51.319915771484375,0.9262222711597207,1.230454444885254,578.8675537109375,0.7,1.0,0.0,1.0,0.0,0.0,0.03218774497509003,0.21928741037845612,0.0,0.16452530026435852,0.19927407801151276,0.23384790122509003,-1.6738865375518799,-1.606946349143982,-1.540647029876709,0.0,1.0
201728,197,6,160.11132660907109,177.0,-0.004704787861555815,22.90064626932144,-0.5644163936376572,0.005045476903615054,0.0530517578125,0.6085735045373439,159.89106035232544,-0.8401740789413452,11.438148498535156,51.91749572753906,43.62791061401367,52.757667541503906,39.72290802001953,0.9312642602004998,1.228358507156372,591.3706665039062,0.7,1.0,0.0,1.0,0.0,0.0,0.019876601174473763,0.2134607434272766,0.0,0.1643640697002411,0.19935399293899536,0.23550157248973846,-1.6742005348205566,-1.6068129539489746,-1.53751540184021,0.0,1.0
202752,198,6,179.4377700476152,166.0,-0.004498904105275869,35.551218235492705,-0.5610813498497009,0.005850354045105632,0.047607421875,0.5584059052169323,240.7808090209961,4.965853691101074,13.766313552856445,31.92363739013672,55.179405212402344,26.95778465270996,61.53602600097656,0.9377583249689297,1.4702646732330322,785.0089721679688,0.475,1.0,0.0,1.0,0.0,0.0,0.03231695294380188,0.21273121237754822,0.0,0.1644282042980194,0.20032620429992676,0.23724457621574402,-1.6740756034851074,-1.6049612760543823,-1.534217119216919,0.0,1.0
203776,199,4,213.67007666345435,212.5,-0.0054968419135548174,34.285777032375336,-0.5585307493805886,0.004483173588232603,0.038037109375,0.5179462656378746,185.3237326145172,-2.1209754943847656,13.155359268188477,73.07337188720703,51.57801055908203,75.19434356689453,52.894718170166016,0.9349456589135232,0.9058763980865479,474.4425048828125,0.475,1.0,0.0,1.0,0.0,0.0,0.03818260878324509,0.2134067565202713,0.0,0.1643492430448532,0.19981437921524048,0.23517805337905884,-1.674229383468628,-1.6059250831604004,-1.5381278991699219,0.0,1.0
204800,200,8,171.59635735111692,171.375,-0.004626785987056792,18.115467953681947,-0.5615764051675797,0.004495845930068754,0.0374267578125,0.5974090628325939,122.97083396911621,-0.8904381990432739,9.450188636779785,65.69734191894531,52.867088317871094,66.58778381347656,52.713096618652344,0.9680471083835253,1.2155249118804932,401.1439514160156,0.625,1.0,0.0,1.0,0.0,0.0,0.036644354462623596,0.22032928466796875,0.0,0.16545988619327545,0.1997799426317215,0.23467190563678741,-1.672067403793335,-1.605995774269104,-1.5390862226486206,0.0,1.0
