total_env_steps,update,completed_episodes,completed_episode_return_mean,completed_episode_length_mean,actor_policy_loss,critic_loss,entropy,approx_kl,clip_fraction,actor_grad_norm,critic_grad_norm,advantage_raw_mean,advantage_raw_std,value_target_mean,value_target_std,value_prediction_mean_pre,value_prediction_std_pre,explained_variance_pre,actor_grad_norm_max,critic_grad_norm_max,actor_grad_clip_fraction,critic_grad_clip_fraction,value_normalizer_mean,value_normalizer_std,value_normalizer_count,hard_speed_accel_violations,action_mean,action_std,action_saturation_ratio,raw_log_std_min,raw_log_std_mean,raw_log_std_max,clamped_log_std_min,clamped_log_std_mean,clamped_log_std_max,raw_log_std_gt_max_ratio,finite
1024,1,5,132.97679367983102,111.0,-0.006025777594186365,0.34962828531861306,-0.23957702219486238,0.006027921970235184,0.04873046875,0.5414588749408722,0.4899077698588371,16.32137107849121,5.841438293457031,16.254735946655273,5.810964584350586,-0.0666363313794136,0.14118117094039917,-0.010515854544633774,1.1028664112091064,0.9645957350730896,0.475,0.3,16.254733565843047,5.810966624830282,1024.0001,0.0,0.0718463733792305,0.22734187543392181,0.0,0.2551906704902649,0.2566782236099243,0.25865092873573303,-1.5004165172576904,-1.4976168870925903,-1.4939334392547607,0.0,1.0
2048,2,10,131.73615915567547,114.0,-0.004882594413356855,0.4229059636592865,-0.23410584628582,0.003912248034612276,0.0302001953125,0.49654686972498896,1.2527715042233467,11.38960075378418,8.87279224395752,25.16155433654785,9.331624984741211,13.771955490112305,2.476586103439331,0.09592180355182622,0.7754526138305664,2.8852107524871826,0.5,0.725,20.70814428974333,8.958579794647596,2048.0001,0.0,0.07111621648073196,0.22697563469409943,0.0,0.2553933560848236,0.2573242485523224,0.2605493664741516,-1.5000364780426025,-1.4964194297790527,-1.4903814792633057,0.0,1.0
3072,3,8,122.15006566101817,113.5,-0.004132691654376686,0.10132115678861738,-0.23267268463969232,0.003688659107137937,0.0369140625,0.5566577114164829,0.4994059972465038,7.630345344543457,7.892487049102783,29.924575805664062,13.226005554199219,22.294233322143555,7.5125885009765625,0.6439013040110906,1.0163819789886475,1.3434937000274658,0.55,0.375,23.780288733390062,11.43194289047479,3072.0001,0.0,0.06964311003684998,0.22683824598789215,0.0,0.2553669810295105,0.2569987177848816,0.2592637836933136,-1.5000859498977661,-1.4970282316207886,-1.4927864074707031,0.0,1.0
4096,4,9,118.56821634242185,98.11111111111111,-0.005121512804180384,0.04145478862337768,-0.23963299095630647,0.005898377724224702,0.039453125,0.5107837654650211,0.2667286967858672,6.084342956542969,5.625286102294922,35.05183410644531,17.92009735107422,28.967491149902344,15.613754272460938,0.9014609144615819,0.9589514136314392,0.7588609457015991,0.4,0.125,26.598174687744798,14.21692321630877,4096.0001,0.0,0.06852728128433228,0.22821316123008728,0.0,0.2531357705593109,0.2548890709877014,0.2575805187225342,-1.5042718648910522,-1.5009651184082031,-1.4959378242492676,0.0,1.0
5120,5,9,136.95903633107363,119.77777777777777,-0.004236963920993731,0.02105068552773446,-0.2454754315316677,0.004671867836441379,0.0364990234375,0.528371499106288,0.1939074296504259,5.23213005065918,4.441100597381592,36.44921875,20.982162475585938,31.21708869934082,18.806549072265625,0.9551997263245446,0.8929856419563293,0.599825918674469,0.55,0.025,28.568383479491818,16.287229645554728,5120.0001,0.0,0.07290617376565933,0.2290273755788803,0.0,0.25301843881607056,0.25569626688957214,0.2594374120235443,-1.504492163658142,-1.4994779825210571,-1.4924614429473877,0.0,1.0
6144,6,8,155.78521725052173,129.25,-0.005132837727433071,0.01680114082992077,-0.23821455836296082,0.0036960192388505674,0.0448974609375,0.5296727657318115,0.18698652982711791,5.389836311340332,4.084768772125244,39.99201202392578,21.23062515258789,34.602176666259766,20.11539649963379,0.9629823001367879,0.8774807453155518,0.5425399541854858,0.525,0.025,30.47232151738526,17.72878119806097,6144.0001,0.0,0.07291474938392639,0.22448112070560455,0.0,0.2523178160190582,0.256759911775589,0.2615286409854889,-1.505807638168335,-1.4974638223648071,-1.4885504245758057,0.0,1.0
7168,7,10,147.92909153386773,120.8,-0.003361172287259251,0.022848798218183218,-0.23616381585597992,0.002438440431433264,0.02763671875,0.5164750196039677,0.18660643370822072,3.5907726287841797,5.788515090942383,39.85434341430664,23.71292495727539,36.26356887817383,22.434490203857422,0.9404112802076418,0.9326064586639404,0.5582880973815918,0.5,0.025,31.812610396060723,18.987246155486694,7168.0001,0.0,0.07722260802984238,0.22647371888160706,0.0,0.2515793740749359,0.25634726881980896,0.26144808530807495,-1.5071945190429688,-1.4982630014419556,-1.4887011051177979,0.0,1.0
8192,8,7,130.30147863448266,114.0,-0.0034713883767835798,0.0176984622143209,-0.2377493791282177,0.0022756569771445355,0.024853515625,0.49413576908409595,0.14766294052824377,1.370985507965088,5.265369415283203,45.60727310180664,25.4747371673584,44.23628234863281,23.95956039428711,0.9572793068476255,0.7932479977607727,0.45566874742507935,0.4,0.0,33.53694304957187,20.429993139461118,8192.000100000001,0.0,0.0728662982583046,0.22658881545066833,0.0,0.2528715133666992,0.25675955414772034,0.26149284839630127,-1.504767894744873,-1.4974703788757324,-1.4886174201965332,0.0,1.0
9216,9,7,147.73653783353294,120.42857142857143,-0.0024809491296764463,0.01657601594924927,-0.2391246184706688,0.004484939269605093,0.024853515625,0.5463674977421761,0.13502449877560138,1.2031769752502441,5.502194881439209,49.6837158203125,24.053659439086914,48.480533599853516,23.918235778808594,0.9476749544860543,0.939522385597229,0.37202131748199463,0.525,0.0,35.331028699611295,21.471958483975985,9216.000100000001,0.0,0.07612524926662445,0.22570431232452393,0.0,0.2516685724258423,0.25504517555236816,0.25831228494644165,-1.50702702999115,-1.5006999969482422,-1.4945673942565918,0.0,1.0
10240,10,9,160.55041786170474,132.22222222222223,-0.003231559897540137,0.006398709781933576,-0.24433078169822692,0.00355878582195146,0.026025390625,0.555770717561245,0.07969453283585608,1.8779189586639404,3.579127073287964,50.0516242980957,28.923036575317383,48.173702239990234,27.74953842163086,0.984686783253705,0.9874370694160461,0.23210622370243073,0.575,0.0,36.80308813944307,22.76175163695761,10240.000100000001,0.0,0.0666799545288086,0.22412186861038208,0.0,0.2542210817337036,0.25585439801216125,0.2590307295322418,-1.5022351741790771,-1.4991850852966309,-1.4932224750518799,0.0,1.0
11264,11,8,156.78582945594724,136.0,-0.004634870932204649,0.01455051185330376,-0.2407757356762886,0.004587532911682501,0.03837890625,0.6147010058164597,0.12702494887635113,-0.021510004997253418,5.608622074127197,47.63774490356445,28.475772857666016,47.65925216674805,27.30023765563965,0.961206284795295,1.1713383197784424,0.32880255579948425,0.625,0.0,37.788056770599084,23.54601090973902,11264.000100000001,0.0,0.06167784333229065,0.2245790660381317,0.0,0.2513597011566162,0.25553253293037415,0.25946468114852905,-1.5076072216033936,-1.4997912645339966,-1.49241042137146,0.0,1.0
12288,12,9,145.69134219111058,124.11111111111111,-0.0032650042208842932,0.0171523806755431,-0.2417032614350319,0.00279903549089795,0.0263427734375,0.4953655991703272,0.16052422504872083,-1.1886835098266602,5.9380879402160645,52.86070251464844,29.609384536743164,54.04938888549805,28.562162399291992,0.9597807075615538,0.8947835564613342,0.4697333872318268,0.375,0.0,39.04411066451443,24.46686411188892,12288.000100000001,0.0,0.06672290712594986,0.2226329743862152,0.0,0.2528543770313263,0.25600218772888184,0.2586502432823181,-1.5048000812530518,-1.4989014863967896,-1.4939347505569458,0.0,1.0
13312,13,6,154.34650594375117,135.5,-0.004195056314347312,0.008172532095341013,-0.24133568108081818,0.0017373880662489682,0.042822265625,0.6197438322007656,0.11386235235258937,0.8419406414031982,4.633541107177734,48.679840087890625,31.31098747253418,47.83789825439453,32.222999572753906,0.9781005858279229,1.1033684015274048,0.34773707389831543,0.65,0.0,39.785320508460295,25.19098184017729,13312.000100000001,0.0,0.060418128967285156,0.22206689417362213,0.0,0.25171345472335815,0.2549654543399811,0.25839874148368835,-1.5069427490234375,-1.5008339881896973,-1.4944055080413818,0.0,1.0
14336,14,9,161.89452834574743,133.33333333333334,-0.005190768570173532,0.009446530009154231,-0.2453978180885315,0.004042806231882423,0.0456787109375,0.509249421954155,0.09993959693238139,-0.4174250662326813,4.6509833335876465,48.28129959106445,27.988849639892578,48.69872283935547,27.891658782958984,0.9723866256206922,0.8896023035049438,0.3309154510498047,0.5,0.0,40.392176121722976,25.49511701032707,14336.000100000001,0.0,0.05918458476662636,0.21968474984169006,0.0,0.2504439949989319,0.2554470896720886,0.2597082257270813,-1.509328007698059,-1.4999604225158691,-1.4919548034667969,0.0,1.0
15360,15,7,117.59776629712015,118.0,-0.0034625000087544324,0.011401998565997929,-0.24616843461990356,0.003963486806605942,0.0406494140625,0.5382933150976896,0.1040346512105316,-1.096524953842163,5.2929558753967285,60.1850471496582,33.112571716308594,61.28157043457031,30.608266830444336,0.9744488373375604,1.018741488456726,0.28146255016326904,0.5,0.0,41.71170076648027,26.535632484798708,15360.000100000001,0.0,0.057411689311265945,0.22012048959732056,0.0,0.24809083342552185,0.2537500858306885,0.2568432688713074,-1.5137536525726318,-1.5031037330627441,-1.4973188638687134,0.0,1.0
16384,16,7,150.45337088551042,137.28571428571428,-0.0031775244977325203,0.016756913473363964,-0.25372864976525306,0.0031186114603769964,0.0278076171875,0.47310512624680995,0.1559622598811984,-2.2103352546691895,7.0406012535095215,60.50804138183594,32.0308837890625,62.71837615966797,27.769956588745117,0.9516850365223496,0.8641210198402405,0.46029067039489746,0.3,0.0,42.88647195449199,27.2938812929132,16384.0001,0.0,0.04478902742266655,0.21809954941272736,0.0,0.24472516775131226,0.2536637783050537,0.25889715552330017,-1.520092248916626,-1.5032844543457031,-1.4934725761413574,0.0,1.0
17408,17,7,197.75138587463996,153.57142857142858,-0.003324504185002297,0.012221144640352576,-0.2548361882567406,0.0032569110437179914,0.0240478515625,0.5257542684674263,0.11652042800560594,0.4048820436000824,5.911226749420166,53.99993133544922,29.010595321655273,53.59504699707031,29.95463752746582,0.9584814662910018,1.1646246910095215,0.3549976944923401,0.6,0.0,43.540204872153055,27.52234778444329,17408.0001,0.0,0.0443534255027771,0.2229960709810257,0.0,0.24130821228027344,0.25295111536979675,0.26119622588157654,-1.5265378952026367,-1.504641056060791,-1.4891718626022339,0.0,1.0
18432,18,7,149.12644987177268,134.42857142857142,-0.006034601456485688,0.011360967310611158,-0.25726237446069716,0.004247729570488445,0.0546630859375,0.540662818774581,0.10026431623846292,-1.7550618648529053,6.360672950744629,47.30121612548828,30.757015228271484,49.056278228759766,29.45787239074707,0.9572321206402209,0.9737292528152466,0.3164154291152954,0.575,0.0,43.74914993462793,27.72534639198159,18432.0001,0.0,0.04146506264805794,0.21972714364528656,0.0,0.24204421043395996,0.2531791925430298,0.2625856399536133,-1.525148630142212,-1.5042076110839844,-1.4865752458572388,0.0,1.0
19456,19,9,148.28801777272844,134.22222222222223,-0.003700333507731557,0.007695644849445671,-0.2518969215452671,0.005945322770276107,0.03837890625,0.5073982536792755,0.10286770919337869,-0.5767950415611267,5.40885591506958,55.40230941772461,30.265077590942383,55.979103088378906,27.962308883666992,0.968060562190043,1.0833853483200073,0.30239295959472656,0.4,0.0,44.36247397204675,27.9860217321425,19456.0001,0.0,0.037871599197387695,0.22252173721790314,0.0,0.24412567913532257,0.254643976688385,0.26243501901626587,-1.5212223529815674,-1.5014557838439941,-1.4868566989898682,0.0,1.0
20480,20,6,154.40329341784832,139.33333333333334,-0.004715502448379994,0.008576060691848398,-0.24486016482114792,0.006134421714523342,0.052587890625,0.5259064104408026,0.10145959453657269,-1.8610986471176147,5.027248382568359,54.709999084472656,35.11309814453125,56.57109832763672,33.46347427368164,0.9795014870642672,0.9363197684288025,0.29663991928100586,0.475,0.0,44.87985036740714,28.474355490146355,20480.0001,0.0,0.03113633394241333,0.22040818631649017,0.0,0.24441206455230713,0.25536951422691345,0.262424111366272,-1.520682454109192,-1.5001226663589478,-1.4868769645690918,0.0,1.0
21504,21,8,148.29132178852197,147.375,-0.004304865351878106,0.01901706694625318,-0.24410663768649102,0.0020917798537993804,0.030126953125,0.4815508745610714,0.15349514987319707,-2.567291021347046,8.422531127929688,47.122642517089844,34.334102630615234,49.68993377685547,32.76488494873047,0.9398225491677992,0.8973153829574585,0.5098711848258972,0.4,0.025,44.98664991293668,28.784420068975543,21504.0001,0.0,0.031405482441186905,0.22119103372097015,0.0,0.24502484500408173,0.25505056977272034,0.2613820731639862,-1.5195274353027344,-1.5006917715072632,-1.4888243675231934,0.0,1.0
22528,22,7,174.28571851797764,163.14285714285714,-0.005054781876970083,0.008878308138810099,-0.24675849750638007,0.003691446880111471,0.047412109375,0.5918359640985728,0.13705824404023587,0.6846867203712463,6.502800464630127,43.65821075439453,31.678686141967773,42.97352600097656,33.92538833618164,0.9578627142744078,1.1081361770629883,0.46881189942359924,0.65,0.0,44.92626640611536,28.923585287283817,22528.0001,0.0,0.02756214700639248,0.22349010407924652,0.0,0.24474991858005524,0.2544822692871094,0.2595653533935547,-1.5200456380844116,-1.5017470121383667,-1.4922220706939697,0.0,1.0
23552,23,6,152.24495414441427,151.66666666666666,-0.004641642444767058,0.009259843337349593,-0.24733132421970366,0.0061178078627563085,0.0589111328125,0.5065445467829705,0.1150876653380692,0.11604773998260498,6.530109405517578,48.24502182006836,32.6357307434082,48.12897491455078,32.958229064941406,0.9599636667993103,1.109054684638977,0.3548172116279602,0.4,0.0,45.070560116911835,29.102703674686534,23552.0001,0.0,0.03809954226016998,0.22254356741905212,0.0,0.24654410779476166,0.2552644610404968,0.26075324416160583,-1.5166653394699097,-1.5003129243850708,-1.4900001287460327,0.0,1.0
24576,24,5,182.95165547028938,174.0,-0.00415864817914553,0.010312876314856112,-0.24270327463746072,0.004364110706956126,0.0412353515625,0.5368126083165408,0.09996374770998954,1.4931796789169312,5.219019412994385,36.34013366699219,36.12731170654297,34.846954345703125,36.13789749145508,0.9791307638705745,0.9449306726455688,0.2721710205078125,0.55,0.0,44.706792454057776,29.480555986305344,24576.0001,0.0,0.027030324563384056,0.22020813822746277,0.0,0.24676458537578583,0.2556900084018707,0.2603110373020172,-1.5162501335144043,-1.4995232820510864,-1.4908270835876465,0.0,1.0
25600,25,5,150.91028804875504,160.0,-0.003315090830437839,0.010812895104754717,-0.23841339126229286,0.004095751688873861,0.030810546875,0.46880002692341805,0.1217363739386201,0.34917551279067993,7.338038444519043,51.815101623535156,31.026792526245117,51.46592330932617,31.320932388305664,0.9440646763162528,0.8506079912185669,0.3603535592556,0.3,0.0,44.99112475350916,29.576778161486885,25600.0001,0.0,0.030275767669081688,0.22037126123905182,0.0,0.24809114634990692,0.257181316614151,0.262789249420166,-1.513753056526184,-1.4967008829116821,-1.4861948490142822,0.0,1.0
26624,26,7,209.884615402434,180.0,-0.003916835039854049,0.014153331541456282,-0.231342051923275,0.0029811495216563342,0.0345458984375,0.5199925940483808,0.15658192224800588,2.3455088138580322,7.717161178588867,59.549278259277344,33.85624313354492,57.20376968383789,37.02135467529297,0.9480437723127689,0.8636005520820618,0.49458518624305725,0.475,0.0,45.5510536562078,29.88418577374742,26624.0001,0.0,0.030728423967957497,0.21990574896335602,0.0,0.24791933596134186,0.257511705160141,0.2624659538269043,-1.5140763521194458,-1.4960757493972778,-1.486798882484436,0.0,1.0
27648,27,7,187.82709847634345,167.0,-0.004463188390946016,0.01763601670973003,-0.23030760064721106,0.003850492008496076,0.024462890625,0.5363603506237269,0.1356593267992139,-0.8691422343254089,8.83104419708252,57.35182189941406,31.439762115478516,58.22096252441406,27.941967010498047,0.9211020803284753,1.0292136669158936,0.4726605713367462,0.55,0.0,45.988119044852326,30.02606124037403,27648.0001,0.0,0.03383297100663185,0.21944694221019745,0.0,0.24652217328548431,0.2581947445869446,0.26492106914520264,-1.5167067050933838,-1.4948325157165527,-1.4822148084640503,0.0,1.0
28672,28,5,163.42463250621182,161.8,-0.003971265722066164,0.017050650774035604,-0.22417338453233243,0.002579440981207881,0.0399169921875,0.5124690175056458,0.145490977820009,0.5577206611633301,8.692797660827637,50.14403533935547,32.84842300415039,49.58631134033203,32.714168548583984,0.9299690332374422,1.0045541524887085,0.4491351842880249,0.425,0.0,46.13654459954725,30.141281110084677,28672.0001,0.0,0.03727457672357559,0.2171715646982193,0.0,0.2462766170501709,0.25946131348609924,0.266614705324173,-1.5171691179275513,-1.4924405813217163,-1.4790560007095337,0.0,1.0
29696,29,4,255.09900571792267,209.25,-0.0035574706620536745,0.007496409089071676,-0.21634751483798026,0.00465575344132958,0.0503173828125,0.5348421715199947,0.0784169102087617,0.09845197200775146,4.986618995666504,72.62924194335938,32.175724029541016,72.53079223632812,31.0132999420166,0.9759809533243657,1.23128080368042,0.1971714198589325,0.425,0.0,47.05008595158504,30.597976712079827,29696.0001,0.0,0.034135255962610245,0.22045151889324188,0.0,0.2489672601222992,0.26099249720573425,0.2687426805496216,-1.5121047496795654,-1.4895678758621216,-1.4750909805297852,0.0,1.0
30720,30,4,193.1674208227402,206.75,-0.0056753482786007226,0.022732228878885506,-0.20773004405200482,0.00568953609908931,0.0475830078125,0.4855594925582409,0.16767773386090995,-0.08713555335998535,9.885501861572266,55.982643127441406,37.8560905456543,56.06977844238281,35.704410552978516,0.9318091647039113,0.9438862800598145,0.4403785467147827,0.425,0.0,47.34783791532174,30.90904050187595,30720.0001,0.0,0.033808108419179916,0.22267158329486847,0.0,0.2510978579521179,0.2625568211078644,0.27025312185287476,-1.5080991983413696,-1.486647129058838,-1.4722793102264404,0.0,1.0
31744,31,5,229.11298073317184,206.2,-0.003718768630642444,0.01891811997629702,-0.20007090084254742,0.0031433829775778578,0.026416015625,0.5389132678508759,0.14911247473210096,0.37192875146865845,9.47076416015625,56.9113883972168,35.286441802978516,56.539459228515625,35.84453201293945,0.9279632215920075,0.8902713656425476,0.48080527782440186,0.575,0.0,47.656339521017195,31.105806799822574,31744.0001,0.0,0.029427913948893547,0.22660568356513977,0.0,0.2515488564968109,0.26350879669189453,0.27240708470344543,-1.5072518587112427,-1.48489248752594,-1.468273639678955,0.0,1.0
32768,32,4,267.37368661211815,279.0,-0.003908477025106549,0.023748671310022472,-0.19837725162506104,0.0036534085549646987,0.028466796875,0.4349274456501007,0.177763993665576,-1.3365118503570557,9.911858558654785,48.94489288330078,46.286598205566406,50.281402587890625,46.026424407958984,0.9541436282574488,0.790847897529602,0.4879247844219208,0.25,0.0,47.69660669104041,31.691267205139916,32768.000100000005,0.0,0.030904224142432213,0.22219233214855194,0.0,0.2500736713409424,0.2631836235523224,0.2722688615322113,-1.5100241899490356,-1.485500454902649,-1.4685304164886475,0.0,1.0
33792,33,3,266.7636035954516,281.0,-0.004858232225524261,0.004047204408561811,-0.20202769711613655,0.005010125577973668,0.038134765625,0.5509902101010085,0.11351183839142323,2.1940300464630127,4.784417152404785,58.04340744018555,32.420989990234375,55.8493766784668,34.882511138916016,0.9782226253184548,1.041709065437317,0.3266947567462921,0.6,0.0,48.010146140224485,31.763185332203822,33792.000100000005,0.0,0.03013690561056137,0.21952500939369202,0.0,0.25068050622940063,0.26230931282043457,0.2715882658958435,-1.5088834762573242,-1.4871138334274292,-1.469795823097229,0.0,1.0
34816,34,5,225.94802477600697,220.2,-0.004021201503928751,0.0214950610185042,-0.20833242535591126,0.004903527327405755,0.049267578125,0.5572236485779285,0.16429455494508147,0.943158745765686,9.96217155456543,50.3099250793457,46.67533874511719,49.36676788330078,47.55691909790039,0.9544453160792254,0.8412570357322693,0.4380139112472534,0.65,0.0,48.07778673841459,32.30253081385585,34816.000100000005,0.0,0.0226249098777771,0.22464391589164734,0.0,0.25028014183044434,0.2608853876590729,0.26859521865844727,-1.5096360445022583,-1.4897856712341309,-1.4753656387329102,0.0,1.0
35840,35,5,239.61627139271914,248.8,-0.0036104763683397325,0.023988226475194097,-0.21302298568189143,0.005001127687864937,0.0416015625,0.5094210732728243,0.16547987144440413,-1.4701945781707764,11.622074127197266,63.98291778564453,33.24987030029297,65.45310974121094,29.88286590576172,0.8778235694901977,0.909509003162384,0.413226842880249,0.525,0.0,48.53221911624476,32.438389149289065,35840.000100000005,0.0,0.03425542637705803,0.22578975558280945,0.0,0.2503395080566406,0.26097992062568665,0.26731616258621216,-1.5095244646072388,-1.4896272420883179,-1.4777485132217407,0.0,1.0
36864,36,6,239.55430049063,220.83333333333334,-0.004747816891176626,0.0315487896092236,-0.21030148193240167,0.0044476657029008495,0.056396484375,0.5189792655408383,0.15835158973932267,-0.5944167971611023,11.374027252197266,61.17006301879883,39.383323669433594,61.76448059082031,36.74653625488281,0.9165927412289547,0.8126896619796753,0.5486528873443604,0.575,0.025,48.883270325520506,32.71724097143953,36864.000100000005,0.0,0.03138597309589386,0.22740814089775085,0.0,0.25169286131858826,0.26161760091781616,0.2667633891105652,-1.506981372833252,-1.4884153604507446,-1.4787788391113281,0.0,1.0
37888,37,4,232.80801620557327,224.5,-0.007812138344161212,0.015732806513551623,-0.20874730721116067,0.008071352570550517,0.0581298828125,0.5241196691989899,0.17107204804196954,-0.07374647259712219,9.283777236938477,56.38161849975586,36.99671936035156,56.45536804199219,36.79117202758789,0.9370315525248579,1.035942554473877,0.4642418622970581,0.425,0.0,49.08592847387779,32.862738982736055,37888.000100000005,0.0,0.035034630447626114,0.2292230874300003,0.0,0.2494567483663559,0.2614806890487671,0.26917222142219543,-1.5111840963363647,-1.488656997680664,-1.4742910861968994,0.0,1.0
38912,38,3,219.0427463166789,208.0,-0.004880860005505383,0.0059963964333292095,-0.21015643328428268,0.005005025182617829,0.049267578125,0.5093410387635231,0.08778276559896767,-0.4385351538658142,4.849381446838379,70.86248779296875,33.823543548583984,71.301025390625,34.537872314453125,0.9794441939453443,1.0755513906478882,0.2452842891216278,0.475,0.0,49.65899592849003,33.072598397058684,38912.000100000005,0.0,0.03878128528594971,0.2277015894651413,0.0,0.24687150120735168,0.26107266545295715,0.27097633481025696,-1.5160489082336426,-1.4894410371780396,-1.4709339141845703,0.0,1.0
39936,39,7,238.72455116760966,237.71428571428572,-0.0037564179394394158,0.01766229448840022,-0.21232665441930293,0.00401459849672392,0.0292236328125,0.5543426029384136,0.155459613725543,-0.6452668309211731,10.383289337158203,49.129974365234375,42.33203125,49.77524185180664,41.0618896484375,0.9398366951940841,1.0643010139465332,0.4337286651134491,0.575,0.0,49.64543124662962,33.34226189977403,39936.000100000005,0.0,0.03168143332004547,0.23400801420211792,0.0,0.24465978145599365,0.2610660791397095,0.27334168553352356,-1.5202155113220215,-1.4894994497299194,-1.4665369987487793,0.0,1.0
40960,40,7,202.25365391537258,177.42857142857142,-0.0029388660856056958,0.0142436683177948,-0.2119376428425312,0.006742369240964763,0.0359130859375,0.4925364121794701,0.22150648422539235,-2.521010398864746,8.160802841186523,62.957008361816406,34.49127960205078,65.47801971435547,30.092296600341797,0.9440181582966867,0.8858334422111511,0.4785335063934326,0.4,0.0,49.97822075068227,33.436120908362085,40960.000100000005,0.0,0.04032116010785103,0.2358895093202591,0.0,0.24307408928871155,0.2608433663845062,0.274208128452301,-1.5232055187225342,-1.4899061918258667,-1.4649276733398438,0.0,1.0
41984,41,4,173.93497918227644,158.5,-0.004443001304753125,0.0257258715108037,-0.21253952831029893,0.00566200272878632,0.0402587890625,0.5168406628072262,0.3025017216801643,-5.629454612731934,10.233807563781738,68.55561828613281,36.21478271484375,74.18507385253906,32.31220626831055,0.920144896773737,0.8363843560218811,1.0284043550491333,0.5,0.15,50.43132804389339,33.62895821790272,41984.000100000005,0.0,0.053265463560819626,0.23771293461322784,0.0,0.243702232837677,0.2611749768257141,0.27249735593795776,-1.5220208168029785,-1.4892607927322388,-1.4681057929992676,0.0,1.0
43008,42,7,158.37131351638456,163.0,-0.004430119320750237,0.008910364913754165,-0.21040971241891385,0.003740758338244632,0.041015625,0.5457219980657101,0.1990833875723183,-3.921696424484253,7.217525482177734,65.74787139892578,41.2904052734375,69.66956329345703,40.219600677490234,0.9694452787707187,0.9520896077156067,0.5993569493293762,0.525,0.05,50.796007627386814,33.91203209129405,43008.000100000005,0.0,0.04634599760174751,0.2367352843284607,0.0,0.24440695345401764,0.2613376975059509,0.27111634612083435,-1.5206921100616455,-1.4889525175094604,-1.4706734418869019,0.0,1.0
44032,43,6,189.21868208882657,169.5,-0.00376764927059412,0.01406300743110478,-0.2050387743860483,0.004594645362521988,0.027392578125,0.47085264697670937,0.1865165122784674,-3.472968101501465,7.783044338226318,53.65238952636719,40.41661834716797,57.12535858154297,40.16681671142578,0.9629166382247495,1.029020071029663,0.5577045679092407,0.275,0.025,50.862435120820926,34.080124740558205,44032.000100000005,0.0,0.04110579565167427,0.2325117141008377,0.0,0.24707765877246857,0.2636510729789734,0.27341222763061523,-1.5156606435775757,-1.4846657514572144,-1.4664058685302734,0.0,1.0
45056,44,8,141.8519884414954,150.625,-0.0031517867115326225,0.009158997493796051,-0.19473686888813974,0.0037444912260980344,0.0228759765625,0.4987821366637945,0.22214395138435067,-5.036346435546875,5.989925861358643,58.852455139160156,42.317626953125,63.88880157470703,41.27915954589844,0.9799644941905085,1.015816330909729,0.7039546370506287,0.475,0.1,51.044026461267364,34.309994492784575,45056.000100000005,0.0,0.0463506281375885,0.23994915187358856,0.0,0.24907362461090088,0.26413479447364807,0.27415886521339417,-1.5119047164916992,-1.483760952949524,-1.4650192260742188,0.0,1.0
46080,45,5,155.04696959690406,143.2,-0.0032219913322478534,0.013566343241836875,-0.19377815797924997,0.005510081583634019,0.056298828125,0.5275113839656115,0.16365318512544036,-3.214226245880127,8.213027000427246,63.783363342285156,32.68574905395508,66.99758911132812,31.82149314880371,0.9368621873277422,0.9276535511016846,0.49615517258644104,0.55,0.0,51.327122811644784,34.326139772409554,46080.000100000005,0.0,0.03426854684948921,0.230807363986969,0.0,0.2506530284881592,0.26426568627357483,0.274034321308136,-1.5089352130889893,-1.4834709167480469,-1.4652504920959473,0.0,1.0
47104,46,5,197.69066013628083,191.8,-0.005110390740446747,0.007549410226056352,-0.19848273508250713,0.0018995057573192753,0.0309814453125,0.5854508824646473,0.1566701801493764,1.579496145248413,6.695537090301514,41.08052444458008,41.02988815307617,39.50102615356445,44.5208625793457,0.9733700581778253,0.9860712885856628,0.5388266444206238,0.575,0.025,51.10437066587683,34.51809110662342,47104.000100000005,0.0,0.038144078105688095,0.2345128357410431,0.0,0.25073930621147156,0.26203790307044983,0.2736240029335022,-1.5087729692459106,-1.4876621961593628,-1.4660124778747559,0.0,1.0
48128,47,7,198.532380171767,171.14285714285714,-0.00539806637680158,0.005017002864042297,-0.2099048223346472,0.00539501553575974,0.0378662109375,0.524742990732193,0.12050007148645818,0.7905808687210083,5.3936448097229,54.23660659790039,38.11440658569336,53.44602584838867,40.93572235107422,0.9799743642612314,1.1018623113632202,0.39226335287094116,0.425,0.0,51.17101391090681,34.60145314949527,48128.000100000005,0.0,0.039283446967601776,0.23382185399532318,0.0,0.2496233433485031,0.26098763942718506,0.2725866436958313,-1.5108709335327148,-1.4895936250686646,-1.467939853668213,0.0,1.0
49152,48,5,189.23679136138725,166.8,-0.004354516835883259,0.006354728655423969,-0.21036289669573308,0.0012461253470974043,0.0344970703125,0.5173752196133137,0.09531594174914063,1.0789462327957153,5.931222438812256,48.110103607177734,30.71894073486328,47.03116226196289,32.90694808959961,0.9627200012531316,1.0488524436950684,0.3169119954109192,0.45,0.0,51.10724500836426,34.52778880428828,49152.000100000005,0.0,0.03923490270972252,0.22860953211784363,0.0,0.2509317100048065,0.26163771748542786,0.27379491925239563,-1.5084114074707031,-1.4883829355239868,-1.4656951427459717,0.0,1.0
50176,49,6,184.41712846652857,184.33333333333334,-0.0027257843874394895,0.007779432652750984,-0.20911488756537439,0.003789486408641096,0.0161865234375,0.5117872036993504,0.094113046862185,-2.1979007720947266,5.623540878295898,48.77037048339844,36.65765380859375,50.96826934814453,35.38050842285156,0.9764662855678129,0.8506181240081787,0.22436831891536713,0.5,0.0,51.05955360545693,34.57414586214734,50176.000100000005,0.0,0.04584870859980583,0.2298431694507599,0.0,0.25017812848091125,0.2611478567123413,0.27495259046554565,-1.5098278522491455,-1.4893207550048828,-1.463545560836792,0.0,1.0
51200,50,5,167.12256173728957,155.8,-0.003938035276951269,0.013944977393839509,-0.21329447887837888,0.0025596194274839943,0.03818359375,0.5771747343242168,0.1543543145060539,0.4380648136138916,8.337560653686523,51.65876007080078,36.54897689819336,51.22069549560547,39.41484069824219,0.9479611660642444,1.2951769828796387,0.4708109498023987,0.525,0.0,51.0715377736429,34.61484829561692,51200.000100000005,0.0,0.03952321782708168,0.23067007958889008,0.0,0.24884362518787384,0.26033496856689453,0.27509504556655884,-1.512337327003479,-1.4908447265625,-1.4632811546325684,0.0,1.0
52224,51,7,171.09949483182444,188.0,-0.006851537898182869,0.019048196054063736,-0.2163457151502371,0.004807362020073924,0.066162109375,0.5488126926124096,0.1644808732904494,-3.232029438018799,10.090934753417969,52.50066375732422,36.57070541381836,55.732696533203125,34.99018478393555,0.923862951726779,0.9053552746772766,0.5445658564567566,0.65,0.025,51.09955981136045,34.654825955548276,52224.000100000005,0.0,0.053394634276628494,0.23643548786640167,0.0,0.2496602088212967,0.2601982653141022,0.27559036016464233,-1.5108015537261963,-1.4910753965377808,-1.4623620510101318,0.0,1.0
53248,52,8,178.1684856032696,167.375,-0.004312170308548957,0.012955412233714015,-0.21590893678367137,0.0020101042464375496,0.026904296875,0.4917550444602966,0.11889040796086192,1.4238837957382202,8.213349342346191,43.091766357421875,32.11697769165039,41.667877197265625,32.85831069946289,0.9346009696131465,1.0556658506393433,0.32670387625694275,0.4,0.0,50.945563750625105,34.625245602231985,53248.000100000005,0.0,0.06230318173766136,0.23207679390907288,0.0,0.2502793073654175,0.26041045784950256,0.27781158685684204,-1.5096375942230225,-1.4907360076904297,-1.4582431316375732,0.0,1.0
54272,53,4,166.44660869669218,152.25,-0.00381171852350235,0.008110997267067432,-0.21548972018063067,0.0023868023432441986,0.0349609375,0.48769106790423394,0.09296989869326353,1.489248275756836,6.1329498291015625,51.683448791503906,30.836729049682617,50.1942024230957,31.26447868347168,0.9604449291392432,0.93874192237854,0.22614003717899323,0.45,0.0,50.95948614114409,34.55775448943083,54272.000100000005,0.0,0.05770857259631157,0.2303042709827423,0.0,0.24991868436336517,0.26033538579940796,0.27720141410827637,-1.5103155374526978,-1.4908479452133179,-1.4593740701675415,0.0,1.0
55296,54,4,210.05848868935487,190.5,-0.0056344648881349714,0.008551691402681172,-0.21544310562312602,0.00155823214299744,0.03662109375,0.46936204880475996,0.1916050291620195,3.189669609069824,7.076431751251221,43.333984375,32.52023696899414,40.14431381225586,35.02175521850586,0.9526498669428091,0.9426026344299316,0.7167385816574097,0.425,0.05,50.81827310745105,34.53641994405115,55296.000100000005,0.0,0.043512504547834396,0.2291613519191742,0.0,0.24981513619422913,0.26049649715423584,0.27779775857925415,-1.5105102062225342,-1.4905673265457153,-1.4582687616348267,0.0,1.0
56320,55,6,219.96447870114517,212.5,-0.0035907211946323513,0.010762296098982915,-0.21798820570111274,0.0022642622308922,0.027734375,0.5818489842116833,0.14380798656493426,2.4600961208343506,7.551081657409668,40.1970329284668,32.58131790161133,37.7369384765625,34.181800842285156,0.9462867955619756,0.9747759699821472,0.5459223389625549,0.65,0.025,50.62515961158034,34.53103330091307,56320.000100000005,0.0,0.04775192216038704,0.23162971436977386,0.0,0.24824218451976776,0.2589776813983917,0.2764873802661896,-1.513468861579895,-1.4933747053146362,-1.460698127746582,0.0,1.0
57344,56,7,208.78721876678455,188.42857142857142,-0.0030366905964910986,0.01065806140541099,-0.22341306433081626,0.004573450286989101,0.0335693359375,0.5368861995637417,0.0880139005370438,1.2084860801696777,6.6871256828308105,43.827064514160156,32.71908950805664,42.61858367919922,32.07297897338867,0.9582288300099598,1.0856812000274658,0.1923179179430008,0.525,0.0,50.50376511067385,34.51125640407567,57344.000100000005,0.0,0.051700156182050705,0.2304769605398178,0.0,0.250505656003952,0.25933265686035156,0.27480602264404297,-1.5092121362686157,-1.4927400350570679,-1.4638177156448364,0.0,1.0
58368,57,4,129.69726230014874,132.25,-0.0033800437289755792,0.008938856364693493,-0.22548673972487449,0.005027852980128955,0.0334716796875,0.5265922408550978,0.1151299106888473,1.7443275451660156,7.406591892242432,47.33706283569336,35.04371643066406,45.592735290527344,36.09706115722656,0.9553299420003354,0.8603991270065308,0.3527953028678894,0.575,0.0,50.44820893075845,34.52317194492682,58368.000100000005,0.0,0.05379174277186394,0.23050378262996674,0.0,0.2485487014055252,0.2574935555458069,0.2721412777900696,-1.5128921270370483,-1.4961274862289429,-1.4687676429748535,0.0,1.0
59392,58,8,165.84143219232317,174.75,-0.0036009046249091624,0.022058965545147656,-0.23529587537050248,0.0028633074514800684,0.0330322265625,0.5078790441155434,0.1744526735506952,-1.3074166774749756,11.00377082824707,43.887115478515625,35.6805419921875,45.19453430175781,36.15816116333008,0.9048913147349071,0.9616291522979736,0.4425908029079437,0.425,0.0,50.33508663945072,34.55401136424926,59392.000100000005,0.0,0.04063097760081291,0.22873002290725708,0.0,0.2456536591053009,0.2564091086387634,0.2728963792324066,-1.5183426141738892,-1.4982032775878906,-1.4673643112182617,0.0,1.0
60416,59,5,185.87053081784677,178.0,-0.0035258511663414536,0.00466074954601936,-0.2376853458583355,0.0020973511651391163,0.018359375,0.49796747267246244,0.06403703554533421,0.5607916116714478,4.202358245849609,46.526283264160156,32.93938064575195,45.965492248535156,33.18544387817383,0.9837237186202668,0.8252436518669128,0.1555360108613968,0.475,0.0,50.2705306850902,34.53077394038747,60416.000100000005,0.0,0.031506311148405075,0.22717437148094177,0.0,0.2460894137620926,0.256373792886734,0.272139310836792,-1.5175217390060425,-1.4982370138168335,-1.4687713384628296,0.0,1.0
61440,60,6,171.72516694777732,166.5,-0.003963128029135987,0.005053372675320134,-0.23773636892437935,0.0044101685038185675,0.047802734375,0.4935252036899328,0.06137145548127591,0.9367718696594238,4.462831497192383,50.036460876464844,34.4481315612793,49.09968566894531,33.68061447143555,0.9832162257948225,0.9315930604934692,0.17218324542045593,0.5,0.0,50.266629490338666,34.529411216230756,61440.000100000005,0.0,0.046715348958969116,0.225618377327919,0.0,0.24619434773921967,0.2564491927623749,0.2708442509174347,-1.5173240900039673,-1.4981026649475098,-1.471179485321045,0.0,1.0
62464,61,6,195.55324941397467,178.5,-0.0031780255085323006,0.009414079634007066,-0.23696954622864724,0.0022252120354096403,0.029052734375,0.47733797393739225,0.18115733675658702,3.462411403656006,7.639043807983398,48.32957458496094,35.518184661865234,44.86716842651367,37.43202590942383,0.9537431038875267,0.8657756447792053,0.48929813504219055,0.4,0.0,50.23487456633199,34.54672444374461,62464.000100000005,0.0,0.046390313655138016,0.22648656368255615,0.0,0.24510633945465088,0.256570428609848,0.2716687023639679,-1.519373893737793,-1.4979019165039062,-1.4696462154388428,0.0,1.0
63488,62,5,200.44219491372374,188.2,-0.004951720766257495,0.010276348132174462,-0.23777484744787217,0.003233244232251309,0.045703125,0.5236565336585045,0.07627491932362318,-1.0097240209579468,6.52470064163208,54.23884582519531,36.77052688598633,55.248565673828125,35.875728607177734,0.9685137209763337,1.05893075466156,0.20051871240139008,0.4,0.0,50.299454683405855,34.587404814126025,63488.000100000005,0.0,0.04864734783768654,0.2256995588541031,0.0,0.2442019283771515,0.2562060058116913,0.2713068425655365,-1.5210785865783691,-1.4985631704330444,-1.470319151878357,0.0,1.0
64512,63,5,203.1826788268533,185.6,-0.00344256452517584,0.009995660051936283,-0.24190937653183936,0.0003281816723756492,0.0218994140625,0.5282734625041485,0.14261128352954983,0.7708372473716736,7.844922065734863,57.33864974975586,38.03422164916992,56.56781005859375,38.640838623046875,0.9574569859282172,0.818987250328064,0.39338940382003784,0.65,0.0,50.41118791887186,34.65596380635401,64512.000100000005,0.0,0.05221180617809296,0.22700323164463043,0.0,0.24294263124465942,0.25503891706466675,0.26874014735221863,-1.5234534740447998,-1.5007787942886353,-1.4750957489013672,0.0,1.0
65536,64,5,238.81451263970956,209.8,-0.004312822141218931,0.006893711251905188,-0.2444627456367016,0.004307170497486368,0.0361328125,0.5012186501175165,0.12728686425834895,3.0661098957061768,5.911628723144531,55.47206115722656,36.17359924316406,52.40595245361328,38.01850128173828,0.9732926430869251,1.0565978288650513,0.5012994408607483,0.425,0.025,50.49026403675061,34.685866736933804,65536.0001,0.0,0.04574185237288475,0.2229110598564148,0.0,0.24423229694366455,0.2557227909564972,0.2699018716812134,-1.5210213661193848,-1.499451756477356,-1.4729329347610474,0.0,1.0
66560,65,5,235.60432994841955,211.8,-0.0033229974913410844,0.01275475473375991,-0.2404589481651783,0.0033809029075200668,0.0387939453125,0.5488417088985443,0.09176000589504837,-0.05894261598587036,7.4551801681518555,60.40510940551758,40.10546112060547,60.46405029296875,40.04039764404297,0.9654451358678161,0.9750925302505493,0.2265932261943817,0.575,0.0,50.64280010712528,34.79704635584572,66560.0001,0.0,0.043572913855314255,0.224282905459404,0.0,0.2434571534395218,0.25601592659950256,0.2714603543281555,-1.522482991218567,-1.4989503622055054,-1.4700336456298828,0.0,1.0
67584,66,6,213.65205453164106,197.66666666666666,-0.004407892056042329,0.014788664015941321,-0.24035594537854194,0.0049528015370015055,0.0537841796875,0.5137866958975792,0.11761913653463126,-1.8207318782806396,7.757438659667969,53.37872314453125,40.391136169433594,55.19945526123047,38.003440856933594,0.9631137446330338,1.0830644369125366,0.28905320167541504,0.4,0.0,50.684253488803336,34.8900988809171,67584.0001,0.0,0.04529228433966637,0.22431421279907227,0.0,0.24289341270923615,0.25593918561935425,0.2731100618839264,-1.5235463380813599,-1.499101161956787,-1.466967225074768,0.0,1.0
68608,67,3,190.09772101244945,187.66666666666666,-0.0032117597525939344,0.01199954452458769,-0.24220698028802873,0.003307951219903771,0.022265625,0.4770703949034214,0.14196419352665543,0.930250346660614,7.976170063018799,48.909278869628906,36.751434326171875,47.979034423828125,39.97353744506836,0.9528979039391523,1.03850257396698,0.49216094613075256,0.35,0.0,50.65776137068906,34.91927266237973,68608.0001,0.0,0.03938903287053108,0.22397980093955994,0.0,0.24165521562099457,0.2551323473453522,0.2720779776573181,-1.5258828401565552,-1.5005836486816406,-1.4688853025436401,0.0,1.0
69632,68,6,231.82536366979153,248.5,-0.004417425091378391,0.009614524303469808,-0.25022049322724343,0.00424761270696763,0.0271728515625,0.5102168679237366,0.08915010523051023,-1.5468087196350098,6.0763654708862305,60.32959747314453,48.13557815551758,61.876407623291016,47.8289794921875,0.984064879758765,0.7586995959281921,0.2572149634361267,0.5,0.0,50.79999428067484,35.168925995583635,69632.0001,0.0,0.03516729548573494,0.2236611247062683,0.0,0.2403479665517807,0.25319400429725647,0.27087512612342834,-1.5283511877059937,-1.5042362213134766,-1.4711220264434814,0.0,1.0
70656,69,4,179.70333857194026,193.75,-0.0044686779845505955,0.024675882514566184,-0.25624251589179037,0.003433024269179441,0.0451416015625,0.4406497959047556,0.14244819283485413,-0.06775963306427002,11.873427391052246,41.94903564453125,31.41015625,42.01679992675781,30.989398956298828,0.857106629194887,0.7160010933876038,0.36145514249801636,0.325,0.0,50.67171956624848,35.133251542786404,70656.0001,0.0,0.03248530253767967,0.22338533401489258,0.0,0.23954786360263824,0.2534381151199341,0.27280861139297485,-1.529862642288208,-1.5037943124771118,-1.4675273895263672,0.0,1.0
71680,70,4,227.28813538834925,216.25,-0.004358116385992617,0.009812669112579896,-0.2586900919675827,0.0017981991273700259,0.0254150390625,0.5003729917109012,0.15050671407952904,2.9490370750427246,7.53950309753418,49.5745849609375,37.26089859008789,46.625545501708984,39.97785186767578,0.9590570784379974,0.8732582926750183,0.45454809069633484,0.525,0.0,50.65604623981016,35.164793916928176,71680.0001,0.0,0.043105486780405045,0.22334231436252594,0.0,0.23648497462272644,0.25154486298561096,0.2721358835697174,-1.5356541872024536,-1.507375717163086,-1.4687776565551758,0.0,1.0
72704,71,5,220.17848324080077,214.2,-0.004670450079720468,0.016965172020718455,-0.2700532503426075,0.004671975487144664,0.0213623046875,0.4979641679674387,0.12453003730624915,-0.3911074995994568,9.755986213684082,49.784095764160156,38.2736930847168,50.175201416015625,38.21651840209961,0.9350256934013375,0.8582956194877625,0.3605682849884033,0.475,0.0,50.643765261451,35.210637066137785,72704.0001,0.0,0.03979886695742607,0.22039943933486938,0.0,0.23518596589565277,0.2501034140586853,0.2690976560115814,-1.5381128787994385,-1.5100454092025757,-1.474429965019226,0.0,1.0
73728,72,6,218.52930804231224,215.33333333333334,-0.006121255486505106,0.012106776761356741,-0.27243655994534494,0.005696932358841877,0.0580810546875,0.5065562076866627,0.12977406126447022,0.9150378704071045,8.21767520904541,54.201385498046875,40.25217819213867,53.286346435546875,40.728004455566406,0.9583208225678341,0.9309203624725342,0.37925657629966736,0.4,0.0,50.693176669756625,35.28804786652987,73728.0001,0.0,0.04771215841174126,0.22032754123210907,0.0,0.23754630982875824,0.2506510317325592,0.2686951756477356,-1.5336463451385498,-1.5090199708938599,-1.4751794338226318,0.0,1.0
74752,73,5,190.5524946293217,214.0,-0.004981902876170352,0.019277179415803404,-0.2694626092910767,0.00510296153370291,0.047802734375,0.5187562108039856,0.13847180213779212,-2.146944999694824,10.504476547241211,46.68838119506836,39.04556655883789,48.8353271484375,38.64921569824219,0.9276222018422275,0.8876280784606934,0.33420830965042114,0.5,0.0,50.63831647302663,35.34528509624741,74752.0001,0.0,0.0479407012462616,0.21988429129123688,0.0,0.2377169281244278,0.25081542134284973,0.269208163022995,-1.5333237648010254,-1.5087007284164429,-1.474224328994751,0.0,1.0
75776,74,2,302.1082425334944,259.5,-0.004473008215427399,0.008198271342553198,-0.2698395483195782,0.0020023257908178493,0.026611328125,0.5018291063606739,0.12932201204821467,2.5877978801727295,6.261195182800293,40.03773498535156,39.525535583496094,37.44993591308594,41.963783264160156,0.9749066269568507,0.8556593656539917,0.39799195528030396,0.475,0.0,50.49506539629875,35.42621407121918,75776.0001,0.0,0.04210377857089043,0.2208748608827591,0.0,0.2369638979434967,0.25041359663009644,0.26933494210243225,-1.5347480773925781,-1.5094510316848755,-1.4739882946014404,0.0,1.0
76800,75,6,239.37957109481826,237.33333333333334,-0.005073863407596945,0.01016889257589355,-0.2714098483324051,0.0022937430985621177,0.04921875,0.5079383891075849,0.16039762292057275,1.4536592960357666,8.367851257324219,49.211116790771484,40.292720794677734,47.7574577331543,43.881568908691406,0.9568704722646286,0.889037549495697,0.5845001935958862,0.4,0.025,50.47794607735713,35.49579534905358,76800.0001,0.0,0.03664979338645935,0.22539885342121124,0.0,0.2376934140920639,0.2506459355354309,0.27097418904304504,-1.5333682298660278,-1.5090588331222534,-1.4709378480911255,0.0,1.0
77824,76,4,205.41479957078224,213.75,-0.003532634861767292,0.005609571241075173,-0.2658382527530193,0.0036541817826218903,0.0226806640625,0.5170510530471801,0.09406814612448215,1.895423412322998,5.454756259918213,52.93035888671875,34.97270202636719,51.034934997558594,36.43430709838867,0.9756727865667526,0.8563089370727539,0.2892116606235504,0.5,0.0,50.51021464640505,35.49006282409422,77824.0001,0.0,0.0412314347922802,0.21896255016326904,0.0,0.24063347280025482,0.25227829813957214,0.2712040841579437,-1.5278120040893555,-1.5059727430343628,-1.4705102443695068,0.0,1.0
78848,77,4,213.18919982036684,227.75,-0.0038663014071062206,0.012564348755404353,-0.2583693742752075,0.0036165569661534393,0.0255615234375,0.49656479991972446,0.11926459334790707,2.3196449279785156,7.460720062255859,35.29546356201172,31.275827407836914,32.97581481933594,31.568716049194336,0.9430958637759492,0.8435290455818176,0.26646989583969116,0.425,0.0,50.31262045839532,35.48038533333285,78848.0001,0.0,0.043628960847854614,0.2187594324350357,0.0,0.24264462292194366,0.25319400429725647,0.27124345302581787,-1.5240156650543213,-1.5042368173599243,-1.4704370498657227,0.0,1.0
79872,78,7,236.76846843742987,238.57142857142858,-0.0031728611851576717,0.016198006551712753,-0.25561775267124176,0.0023728837273665703,0.0207763671875,0.410524270310998,0.16578896343708038,0.5756262540817261,8.505906105041504,42.43137741088867,44.47808074951172,41.855751037597656,46.37141036987305,0.9634279668427971,0.7753445506095886,0.4361511766910553,0.2,0.0,50.21157886798252,35.62116620881202,79872.0001,0.0,0.04581840708851814,0.22111865878105164,0.0,0.24088196456432343,0.2529893219470978,0.2717364430427551,-1.5273427963256836,-1.5046463012695312,-1.4695203304290771,0.0,1.0
80896,79,4,160.76598019940317,182.75,-0.0033047911012545226,0.009206291218288244,-0.25587120577692984,0.006372809421736747,0.0388916015625,0.5034253519028425,0.09752499479800462,0.6513504981994629,6.959261417388916,52.89350128173828,35.10033416748047,52.242149353027344,34.59019470214844,0.9606899340558874,0.8921455144882202,0.2552420198917389,0.6,0.0,50.24552728556088,35.61588301525984,80896.0001,0.0,0.04989049956202507,0.22256866097450256,0.0,0.24129654467105865,0.2536367177963257,0.2704196274280548,-1.5265599489212036,-1.5034180879592896,-1.471969485282898,0.0,1.0
81920,80,4,250.37403773078245,236.5,-0.00436403057537973,0.009604792553000152,-0.25243116468191146,0.004802516926429234,0.0454345703125,0.5712709456682206,0.13341756486333906,1.2914466857910156,7.227116584777832,56.411991119384766,37.03481674194336,55.12054443359375,38.80224609375,0.9619188742520015,1.1449815034866333,0.38698017597198486,0.55,0.0,50.32260811564827,35.64055385398061,81920.0001,0.0,0.058190297335386276,0.2193075269460678,0.0,0.24017144739627838,0.2538299858570099,0.270815908908844,-1.5286846160888672,-1.503030776977539,-1.4712321758270264,0.0,1.0
82944,81,6,225.04534200239746,214.66666666666666,-0.005012062145397067,0.016613034158945085,-0.25253803059458735,0.00517055169766536,0.0481689453125,0.5585972111672163,0.11011206591501832,-1.085834264755249,9.283878326416016,56.88893508911133,36.98457717895508,57.974769592285156,35.715789794921875,0.9369888311115818,1.0174871683120728,0.3114549517631531,0.55,0.0,50.40367390222203,35.66482680925147,82944.0001,0.0,0.05883893370628357,0.22275914251804352,0.0,0.2405727356672287,0.25374215841293335,0.271711140871048,-1.5279266834259033,-1.5032248497009277,-1.4695672988891602,0.0,1.0
83968,82,4,163.86684266729017,179.75,-0.0035085709067061545,0.016366501990705728,-0.25445221960544584,-0.0001770534145180136,0.037890625,0.5397303931415081,0.12700884658843278,-1.351860761642456,9.085756301879883,54.456443786621094,37.548118591308594,55.80830383300781,36.487518310546875,0.9414474502759081,0.9605495929718018,0.2940053939819336,0.55,0.0,50.453097925859176,35.69116432976732,83968.0001,0.0,0.05298002064228058,0.22020018100738525,0.0,0.24089397490024567,0.25303754210472107,0.27160826325416565,-1.5273200273513794,-1.5045183897018433,-1.4697586297988892,0.0,1.0
84992,83,5,190.03320252163834,186.2,-0.0027015429455786943,0.006816688744584099,-0.2575174063444138,0.004128859165939502,0.0203369140625,0.5128369316458702,0.12463253829628229,0.6424825191497803,6.420569896697998,49.921470642089844,39.67045211791992,49.27898406982422,41.26991271972656,0.9738053364756519,0.8938136100769043,0.3414498567581177,0.45,0.0,50.44669274762255,35.74179140982776,84992.0001,0.0,0.053207237273454666,0.22028645873069763,0.0,0.2405596226453781,0.25274524092674255,0.272856742143631,-1.5279514789581299,-1.5051140785217285,-1.467437982559204,0.0,1.0
86016,84,3,327.16359751069075,304.6666666666667,-0.0026807714020833373,0.004862577660242095,-0.25720646381378176,0.0014768957931664771,0.01142578125,0.5084824532270431,0.12203386635519564,3.3438327312469482,4.992011547088623,48.99709701538086,33.8098030090332,45.65326690673828,36.40139389038086,0.9781995281373763,0.8015766143798828,0.45366954803466797,0.5,0.0,50.42943567484777,35.719752132521606,86016.0001,0.0,0.045310307294130325,0.2168807089328766,0.0,0.24198316037654877,0.2532564699649811,0.27256080508232117,-1.5252639055252075,-1.5041255950927734,-1.4679878950119019,0.0,1.0
87040,85,7,232.57699066625273,212.14285714285714,-0.004898777394555509,0.013891984603833406,-0.25457008704543116,0.0024586109779193067,0.0451416015625,0.5034503266215324,0.11533343624323607,-2.4603118896484375,8.083929061889648,62.11128616333008,42.26471710205078,64.57159423828125,42.68383026123047,0.9634161761402723,0.8918304443359375,0.3334014117717743,0.425,0.0,50.56686919620735,35.82585730925881,87040.0001,0.0,0.04778419807553291,0.21951714158058167,0.0,0.23905640840530396,0.25347885489463806,0.2736535370349884,-1.5307914018630981,-1.503738284111023,-1.4659576416015625,0.0,1.0
88064,86,5,165.53211689964326,173.8,-0.00196377620450221,0.016842590924352408,-0.2528658300638199,0.001119137674686499,0.0125244140625,0.48439072258770466,0.11360757425427437,-2.3565075397491455,8.986539840698242,49.69441604614258,36.910221099853516,52.05092239379883,36.413734436035156,0.9407222512286844,0.8790838718414307,0.3044351041316986,0.425,0.0,50.55672439545671,35.83877679444599,88064.0001,0.0,0.042526233941316605,0.21893613040447235,0.0,0.23997843265533447,0.25398895144462585,0.2755591869354248,-1.529049277305603,-1.5027732849121094,-1.4624199867248535,0.0,1.0
89088,87,6,190.6928961885209,194.66666666666666,-0.005296273343265057,0.015011354477610438,-0.25192452371120455,0.00650049633695744,0.0418701171875,0.4849547199904919,0.1253861258737743,-2.300563335418701,8.299552917480469,55.63798522949219,39.063133239746094,57.93854904174805,39.0621337890625,0.9548585773853006,0.876850962638855,0.37872833013534546,0.375,0.0,50.6151296756974,35.88157278234178,89088.0001,0.0,0.050116974860429764,0.22061601281166077,0.0,0.23852865397930145,0.2538500130176544,0.2742288112640381,-1.531788945198059,-1.5030239820480347,-1.4648892879486084,0.0,1.0
90112,88,5,218.04906360493374,200.8,-0.004193063534330577,0.005065485509112478,-0.25316749289631846,0.0063192113142577,0.03125,0.5376055493950844,0.058541315328329804,-0.5714292526245117,4.530631065368652,54.08595657348633,32.47096252441406,54.657386779785156,33.22230911254883,0.980531747803363,0.9734659194946289,0.15581366419792175,0.475,0.0,50.65457090622049,35.84652661830722,90112.0001,0.0,0.05305296182632446,0.21986065804958344,0.0,0.2375088930130005,0.2534726560115814,0.2737181484699249,-1.533717155456543,-1.5037699937820435,-1.4658377170562744,0.0,1.0
91136,89,5,209.76416946457985,192.0,-0.004142405872698873,0.0040773066677502355,-0.2516260422766209,0.006795568550296593,0.051611328125,0.5615058787167072,0.09231461714953185,2.2033369541168213,4.939079284667969,55.8857536315918,34.824466705322266,53.68241882324219,37.951393127441406,0.9798848607292977,1.1001482009887695,0.3448822498321533,0.55,0.0,50.71334824656649,35.83944639850104,91136.0001,0.0,0.053577970713377,0.2202843576669693,0.0,0.2389252781867981,0.2547262907028198,0.27564215660095215,-1.5310392379760742,-1.5013822317123413,-1.462265968322754,0.0,1.0
92160,90,6,208.797793737916,177.33333333333334,-0.003868467337451875,0.010342714248690755,-0.24429294243454933,0.0045046907660434956,0.0369140625,0.5313413612544536,0.11057340810075403,-0.9021222591400146,7.298549175262451,52.58885955810547,35.48565673828125,53.49098587036133,35.949954986572266,0.9576973692104681,0.8788204789161682,0.24091368913650513,0.525,0.0,50.734187274946024,35.83607385947771,92160.0001,0.0,0.049701642245054245,0.22043414413928986,0.0,0.23939168453216553,0.2556915581226349,0.2756364643573761,-1.5301578044891357,-1.4995967149734497,-1.4622764587402344,0.0,1.0
93184,91,5,157.50706495347535,151.0,-0.004181254643481225,0.00945595207158476,-0.24286214411258697,0.004443759372225031,0.031640625,0.5478944897651672,0.1161294189747423,0.3458942770957947,7.4279327392578125,45.81773376464844,33.50756072998047,45.471839904785156,35.80791091918945,0.95085828191737,1.12022066116333,0.35796770453453064,0.6,0.0,50.680160326894935,35.814976219758265,93184.0001,0.0,0.041858892887830734,0.2227681577205658,0.0,0.2391543835401535,0.255132257938385,0.2752302587032318,-1.5306062698364258,-1.5006179809570312,-1.4630303382873535,0.0,1.0
94208,92,4,232.37621267898402,231.0,-0.004448829195462167,0.018648704898077996,-0.24466596618294717,0.004474975421908311,0.035888671875,0.47272968627512457,0.23134085778146982,-0.8059687614440918,11.284119606018066,60.582061767578125,34.98699188232422,61.38802719116211,38.077171325683594,0.8959787170405343,0.9383374452590942,0.7683262825012207,0.3,0.075,50.78778966775773,35.82079655919449,94208.0001,0.0,0.0506318099796772,0.22105932235717773,0.0,0.2397899031639099,0.2555391490459442,0.2760240435600281,-1.5294053554534912,-1.499856948852539,-1.461557388305664,0.0,1.0
95232,93,8,179.7663568596397,184.0,-0.007235501531977206,0.009837126033380628,-0.24068559408187867,0.005028549843700603,0.0470947265625,0.4481659814715385,0.11377883236855268,-2.6718406677246094,6.752665042877197,59.68268966674805,37.45585250854492,62.35453796386719,34.791831970214844,0.9674979253688545,0.7060758471488953,0.3855498731136322,0.4,0.0,50.88343378535294,35.85051405412067,95232.0001,0.0,0.056902866810560226,0.21973754465579987,0.0,0.23989801108837128,0.2564489543437958,0.2765074074268341,-1.5292011499404907,-1.4981623888015747,-1.4606609344482422,0.0,1.0
96256,94,7,160.47842586531675,133.85714285714286,-0.003277137380791828,0.007545775931794197,-0.23517433255910875,0.0048131384581211025,0.0344482421875,0.43463268540799616,0.09443931858986616,-1.7760090827941895,6.458408355712891,59.400001525878906,30.775588989257812,61.1760139465332,28.557373046875,0.9559609161650974,0.8594118356704712,0.280551940202713,0.275,0.0,50.97403560021845,35.81097203563586,96256.0001,0.0,0.05627588555216789,0.22134287655353546,0.0,0.23684866726398468,0.2572177052497864,0.27969345450401306,-1.534965991973877,-1.4967824220657349,-1.4547573328018188,0.0,1.0
97280,95,6,180.15108422674078,178.33333333333334,-0.004949873313307762,0.007460102706681937,-0.23178764805197716,0.004700216821220238,0.034375,0.47541027441620826,0.09115407317876816,-0.7131813168525696,6.394330024719238,47.83597183227539,35.64263916015625,48.54915237426758,35.442779541015625,0.9678152333397216,0.8238984942436218,0.25755515694618225,0.3,0.0,50.94100334268035,35.810636319422116,97280.0001,0.0,0.05373864248394966,0.2210419774055481,0.0,0.23633906245231628,0.25791484117507935,0.28239521384239197,-1.5359302759170532,-1.4954713582992554,-1.4497590065002441,0.0,1.0
98304,96,7,181.1583949050821,166.14285714285714,-0.0038359151571057738,0.011346340202726424,-0.22917799428105354,0.002868546404351946,0.037646484375,0.49832433722913266,0.11459014797583222,1.2675013542175293,7.858435153961182,46.39994812011719,38.5162239074707,45.1324462890625,39.614559173583984,0.9583720764685262,0.873661458492279,0.3705776333808899,0.475,0.0,50.89370070244822,35.84283762001747,98304.0001,0.0,0.06469765305519104,0.22236882150173187,0.0,0.23497840762138367,0.2578189969062805,0.28248825669288635,-1.5385057926177979,-1.4956468343734741,-1.449587106704712,0.0,1.0
99328,97,6,191.4007393426231,175.0,-0.0037660871748812497,0.01105330055579543,-0.23241059333086014,0.00422143197938567,0.0309326171875,0.496820005774498,0.10167973069474101,-1.1648814678192139,7.9969706535339355,51.66140365600586,32.88131332397461,52.82628631591797,32.94569778442383,0.9408502680874901,0.8320327997207642,0.28851714730262756,0.475,0.0,50.90161515652016,35.813639741173354,99328.0001,0.0,0.06118854880332947,0.2220821976661682,0.0,0.23473046720027924,0.25710612535476685,0.2800021171569824,-1.5389753580093384,-1.4969662427902222,-1.454185962677002,0.0,1.0
100352,98,6,178.2874529141308,152.5,-0.004944897611858323,0.004251144413137809,-0.23619776591658592,0.007092083181487396,0.0364990234375,0.5599920574575663,0.08190939417108893,-0.4564207196235657,5.227717399597168,62.23472595214844,28.69461441040039,62.69114685058594,28.424211502075195,0.9668087678758875,1.0100091695785522,0.2699589133262634,0.6,0.0,51.01725915144245,35.76629620330655,100352.0001,0.0,0.07348436862230301,0.22351126372814178,0.0,0.2342275232076645,0.2563687264919281,0.2796667814254761,-1.5399279594421387,-1.4983620643615723,-1.4548066854476929,0.0,1.0
101376,99,4,210.38981707173997,164.75,-0.005326785368379205,0.005515075067523867,-0.2418922856450081,0.0057875197366229255,0.040234375,0.5365520797669887,0.12257597045972943,0.7599155306816101,6.335114479064941,60.587913513183594,32.57588195800781,59.8280029296875,35.39216613769531,0.962180428661171,0.961076021194458,0.41812559962272644,0.45,0.0,51.11393248589717,35.748306292386324,101376.0001,0.0,0.07154591381549835,0.22404518723487854,0.0,0.23432044684886932,0.25498953461647034,0.27758505940437317,-1.5397518873214722,-1.5009232759475708,-1.458662986755371,0.0,1.0
102400,100,7,221.73257473622493,198.57142857142858,-0.003008832148043439,0.005612509691854939,-0.24945176243782044,0.003434662931249477,0.028564453125,0.47655208483338357,0.07042730604298413,-1.3199243545532227,4.758639335632324,51.869407653808594,34.151397705078125,53.1893310546875,35.26190185546875,0.9805844991502707,0.9609513282775879,0.20683960616588593,0.35,0.0,51.121487239246456,35.73276954597185,102400.0001,0.0,0.052492935210466385,0.22125165164470673,0.0,0.23332539200782776,0.25374484062194824,0.2761179208755493,-1.5416370630264282,-1.503261685371399,-1.46138334274292,0.0,1.0
103424,101,8,143.8107731480315,151.375,-0.003548174776369706,0.01803365843370557,-0.25489579811692237,0.001773050261544995,0.0203369140625,0.5021397184580565,0.10996235171332955,-3.1253983974456787,9.283099174499512,51.591644287109375,38.9969482421875,54.717041015625,37.4363899230957,0.9433337153118451,0.8679750561714172,0.38611191511154175,0.525,0.0,51.12614221369284,35.76657860794195,103424.0001,0.0,0.06026683747768402,0.21930807828903198,0.0,0.23332823812961578,0.25308576226234436,0.27327191829681396,-1.5416316986083984,-1.5045151710510254,-1.4666664600372314,0.0,1.0
104448,102,4,216.4743995062782,187.75,-0.004659050889313221,0.007239319424843416,-0.2582806833088398,0.004870789087726734,0.031689453125,0.4986203111708164,0.1303659738507122,2.5534019470214844,5.914059162139893,44.77495193481445,30.87366485595703,42.221553802490234,34.002349853515625,0.9633060151395466,0.8119738698005676,0.4965689480304718,0.45,0.0,51.06387566471297,35.72734275177959,104448.0001,0.0,0.05874862149357796,0.219635009765625,0.0,0.2314615398645401,0.2523801922798157,0.27245545387268066,-1.5451704263687134,-1.505818486213684,-1.4681837558746338,0.0,1.0
105472,103,5,163.51042380713497,164.4,-0.004711842956021428,0.0050093341502361,-0.262153572589159,0.003490908395906445,0.0394775390625,0.5391642704606057,0.07464544237591327,0.2878815531730652,4.6725969314575195,49.69548797607422,36.56093215942383,49.40760803222656,37.637332916259766,0.9836663897459349,1.2167030572891235,0.20331861078739166,0.6,0.0,51.0505903632141,35.735781227425186,105472.0001,0.0,0.06605646759271622,0.2230735719203949,0.0,0.22917088866233826,0.2518448233604431,0.27272161841392517,-1.5495171546936035,-1.5068683624267578,-1.467689037322998,0.0,1.0
106496,104,6,211.0093064740047,189.66666666666666,-0.0038212403771467505,0.003385396342491731,-0.2670557551085949,0.0031936369341565296,0.03525390625,0.5489216253161431,0.0873788770288229,1.4777125120162964,4.743533134460449,52.58268737792969,32.71542739868164,51.10498046875,34.83478927612305,0.9789768044014261,0.88751620054245,0.30987808108329773,0.65,0.0,51.065322100136825,35.70826880253631,106496.0001,0.0,0.06842394918203354,0.2205108255147934,0.0,0.22696706652641296,0.25048956274986267,0.27169957756996155,-1.5537031888961792,-1.509389042854309,-1.4695887565612793,0.0,1.0
107520,105,5,191.81438525845564,164.8,-0.0037274905131198465,0.007479402079479769,-0.2724317044019699,0.0020005322323413564,0.03173828125,0.5280320227146149,0.10063064219430089,2.221010208129883,5.913548469543457,42.627647399902344,31.457857131958008,40.40664291381836,32.81234359741211,0.9646623193096358,0.8716285824775696,0.31188836693763733,0.575,0.0,50.98496333928792,35.679590126957365,107520.0001,0.0,0.05687569081783295,0.2176651507616043,0.0,0.22716709971427917,0.25032681226730347,0.2708949148654938,-1.5533230304718018,-1.509687900543213,-1.4710853099822998,0.0,1.0
108544,106,7,196.4864587098144,196.57142857142858,-0.0036799266992602496,0.014001241931691766,-0.2738691493868828,0.0021329195471480487,0.0388427734375,0.508170260488987,0.09071181444451212,-1.7038768529891968,7.915449142456055,53.197601318359375,35.124141693115234,54.90148162841797,34.098628997802734,0.9492145109719711,0.8988919258117676,0.2071313112974167,0.5,0.0,51.00583729487669,35.675031689858066,108544.0001,0.0,0.06295773386955261,0.2234196960926056,0.0,0.22848129272460938,0.24964772164821625,0.2675963044166565,-1.5508265495300293,-1.5109623670578003,-1.4772264957427979,0.0,1.0
109568,107,7,195.29741064644887,167.71428571428572,-0.0034306733927223832,0.0037576610717223956,-0.27607092559337615,0.003556316783942748,0.0258544921875,0.5306849017739296,0.09961704672314227,1.9573519229888916,4.92041540145874,49.73719024658203,30.78128433227539,47.77983474731445,33.92057418823242,0.9744476972445228,1.0866963863372803,0.3763177990913391,0.525,0.0,50.99398076306288,35.63261629227316,109568.0001,0.0,0.0688481330871582,0.22044014930725098,0.0,0.22837567329406738,0.24967439472675323,0.26627206802368164,-1.5510270595550537,-1.5108915567398071,-1.4796948432922363,0.0,1.0
110592,108,7,169.57574748622508,161.85714285714286,-0.005306537140859291,0.010610660631209612,-0.27718584388494494,0.006123726296937093,0.0397216796875,0.511681392043829,0.09667807072401047,-0.5754337310791016,7.0854878425598145,48.04595184326172,33.358680725097656,48.62138366699219,31.400983810424805,0.9548849190210388,1.0551483631134033,0.3446800708770752,0.475,0.0,50.96668420935258,35.613346682017045,110592.0001,0.0,0.07364220172166824,0.22199557721614838,0.0,0.2280428558588028,0.24932853877544403,0.26612773537635803,-1.5516592264175415,-1.5115419626235962,-1.479964017868042,0.0,1.0
111616,109,5,185.52560789628106,153.4,-0.0029091179894749075,0.007419522199779749,-0.2751957878470421,0.0020025609992444515,0.0294921875,0.4857318181544542,0.08238672558218241,1.5200697183609009,5.739853858947754,52.55050277709961,28.176626205444336,51.030433654785156,29.679492950439453,0.9585023329656117,0.8962020874023438,0.2114919126033783,0.375,0.0,50.981214664437246,35.55251157622049,111616.0001,0.0,0.05971183255314827,0.21694079041481018,0.0,0.22899729013442993,0.25032564997673035,0.26604169607162476,-1.5498466491699219,-1.5096575021743774,-1.4801244735717773,0.0,1.0
112640,110,5,207.32647923178124,162.2,-0.002836442703846842,0.0035547489213058727,-0.2729341760277748,0.003158534469548613,0.0172119140625,0.5148921042680741,0.06405805633403361,1.89760160446167,4.037949085235596,54.05339050292969,29.371826171875,52.15579605102539,30.863981246948242,0.9811000875913234,1.0068588256835938,0.20804418623447418,0.525,0.0,51.00914356763383,35.50236795689009,112640.0001,0.0,0.062094420194625854,0.22106444835662842,0.0,0.2285432070493698,0.24973039329051971,0.26601749658584595,-1.5507090091705322,-1.510792851448059,-1.4801695346832275,0.0,1.0
113664,111,8,183.17222714505863,153.25,-0.004537312220782042,0.004926958808209747,-0.2785251051187515,0.005522812997514848,0.0404541015625,0.6272110909223556,0.045017170859500764,-0.22147774696350098,4.0257344245910645,57.47883605957031,29.92353057861328,57.700313568115234,29.47443199157715,0.9819005842201323,1.2726730108261108,0.07408939301967621,0.75,0.0,51.0674290794114,35.46129623709289,113664.0001,0.0,0.07216501981019974,0.22391054034233093,0.0,0.22624465823173523,0.248757466673851,0.26566389203071594,-1.5550763607025146,-1.512635350227356,-1.4808290004730225,0.0,1.0
114688,112,7,172.27375147960362,148.85714285714286,-0.003099581046262756,0.009212595352437347,-0.2808913066983223,0.0010767287851194852,0.0268798828125,0.5148661077022553,0.07539798044599592,-0.06267690658569336,6.304971694946289,52.54527282714844,31.228443145751953,52.607948303222656,30.28693962097168,0.9592370525942666,1.1022286415100098,0.19084636867046356,0.45,0.0,51.08062411338362,35.42601347188759,114688.0001,0.0,0.06964874267578125,0.22359183430671692,0.0,0.22354061901569366,0.24894249439239502,0.266184538602829,-1.5602197647094727,-1.5122958421707153,-1.4798580408096313,0.0,1.0
115712,113,6,204.97543805665111,173.16666666666666,-0.005904451408423483,0.00567831433727406,-0.2795970916748047,0.004572808786178939,0.0362548828125,0.5645727220922708,0.1024511156603694,2.6368069648742676,5.411416530609131,42.87698745727539,30.35000228881836,40.240177154541016,32.110313415527344,0.9682089816369581,1.1855305433273315,0.4054601788520813,0.6,0.0,51.00802555523966,35.39262697766184,115712.0001,0.0,0.06567788124084473,0.22573913633823395,0.0,0.22177837789058685,0.24908269941806793,0.2662537097930908,-1.5635751485824585,-1.5120753049850464,-1.4797290563583374,0.0,1.0
116736,114,4,207.32915252959646,169.75,-0.0032657705480232833,0.004206935872207396,-0.27963787317276,0.0018294726847670971,0.0180419921875,0.5092230707406997,0.08196465526707471,2.0906028747558594,4.737358093261719,50.438072204589844,29.204055786132812,48.34746551513672,31.194425582885742,0.9736860477570567,0.9926257133483887,0.2833930552005768,0.425,0.0,51.00302594295585,35.34309256331997,116736.0001,0.0,0.04888418689370155,0.2224036008119583,0.0,0.22305472195148468,0.24871878325939178,0.2652584910392761,-1.5611447095870972,-1.5127180814743042,-1.4815852642059326,0.0,1.0
117760,115,8,196.582194060902,192.375,-0.006406443763989955,0.008463806880172342,-0.2835188128054142,0.00496638790355064,0.05498046875,0.5313925512135029,0.09935235111042857,1.511751413345337,6.796629905700684,45.799442291259766,34.35133743286133,44.287689208984375,34.66506576538086,0.9608528686386749,0.7690540552139282,0.2801932990550995,0.525,0.0,50.957777392408104,35.33789123414788,117760.0001,0.0,0.042953651398420334,0.22047142684459686,0.0,0.22330693900585175,0.24813507497310638,0.2652212977409363,-1.5606646537780762,-1.5137931108474731,-1.4816546440124512,0.0,1.0
118784,116,3,204.6380661597415,159.0,-0.0036972832109313457,0.0027593716644332745,-0.28812853768467905,0.00536504051706288,0.0349365234375,0.5734501253813505,0.07839993746019899,3.156303882598877,3.178117036819458,55.750518798828125,29.43243980407715,52.594215393066406,30.838037490844727,0.988340303072254,0.9160169959068298,0.22426676750183105,0.6,0.0,50.99909412472963,35.29398636963951,118784.0001,0.0,0.06678850203752518,0.21985404193401337,0.0,0.2203187793493271,0.2466699630022049,0.263836532831192,-1.5663561820983887,-1.5165691375732422,-1.484239101409912,0.0,1.0
119808,117,6,246.8438391984016,207.0,-0.005673437134828418,0.004267142221215181,-0.2990180693566799,0.004677716256992426,0.05234375,0.5461671106517315,0.12555426438339054,3.140566825866699,4.9562835693359375,55.383750915527344,33.9575309753418,52.243186950683594,36.52738571166992,0.9786970316435908,0.996802806854248,0.4616781175136566,0.55,0.0,51.036569826332105,35.28508677542021,119808.0001,0.0,0.060635726898908615,0.22207745909690857,0.0,0.21724754571914673,0.24427692592144012,0.2601827085018158,-1.572213888168335,-1.5211182832717896,-1.4910671710968018,0.0,1.0
120832,118,4,214.61700144392586,184.75,-0.004906664608279243,0.009392319398466497,-0.3113160736858845,0.003588743710133713,0.02939453125,0.5083451058715582,0.06548488456755877,0.22122010588645935,6.203460216522217,52.9566764831543,31.971755981445312,52.73545837402344,31.683757781982422,0.9623526004239974,0.8673657178878784,0.13465265929698944,0.425,0.0,51.05284192034402,35.25875521228893,120832.0001,0.0,0.04423563554883003,0.21830089390277863,0.0,0.21487250924110413,0.24275551736354828,0.2604905366897583,-1.5767488479614258,-1.5239944458007812,-1.4904913902282715,0.0,1.0
121856,119,6,219.7071063241585,219.16666666666666,-0.006000664387829602,0.007879023929126561,-0.31227139607071874,0.004489236258086749,0.0547607421875,0.45964083410799506,0.07391981915570796,1.0212196111679077,5.638763427734375,55.048824310302734,35.11466979980469,54.02760314941406,34.126564025878906,0.9742136067385926,0.6206848621368408,0.13671910762786865,0.425,0.0,51.08642159200002,35.25943373499913,121856.0001,0.0,0.051169946789741516,0.22071966528892517,0.0,0.21737758815288544,0.24430471658706665,0.2618016004562378,-1.5719656944274902,-1.5210427045822144,-1.4880402088165283,0.0,1.0
122880,120,6,234.68060061122287,198.66666666666666,-0.0031762932776473463,0.005813549604499713,-0.302962239831686,0.0020413253019796684,0.018896484375,0.4769503429532051,0.05884342999197543,0.541313648223877,4.747534275054932,53.39459228515625,33.50654220581055,52.85327911376953,34.046634674072266,0.9799240067544073,0.9813185334205627,0.16309139132499695,0.375,0.0,51.10565633804969,35.245811095275066,122880.0001,0.0,0.04892442002892494,0.22398844361305237,0.0,0.21957384049892426,0.24519900977611542,0.2616975009441376,-1.5677763223648071,-1.519342303276062,-1.4882348775863647,0.0,1.0
123904,121,3,205.46704008622294,191.33333333333334,-0.002767824730835855,0.005149622081080452,-0.30305476784706115,0.0021496258355909958,0.0203369140625,0.5541786886751652,0.05766358277760446,1.4537112712860107,4.748962879180908,53.89249801635742,31.89328384399414,52.43878936767578,32.04384994506836,0.9778282918066915,0.9923160076141357,0.1561773419380188,0.6,0.0,51.128688099453434,35.220315770758376,123904.0001,0.0,0.048823606222867966,0.2200038731098175,0.0,0.21902792155742645,0.244145929813385,0.2591060996055603,-1.5688172578811646,-1.5213141441345215,-1.4930815696716309,0.0,1.0
124928,122,7,221.52145426337984,199.28571428571428,-0.00391415391350165,0.008867976820329204,-0.3075467698276043,0.005824332404881716,0.0376708984375,0.5385140143334866,0.07312246225774288,0.237806499004364,6.605624198913574,57.58685302734375,39.112892150878906,57.34904861450195,38.68910598754883,0.9714774827819759,1.1566922664642334,0.16994014382362366,0.525,0.0,51.18162388917105,35.25877780103225,124928.0001,0.0,0.05557027459144592,0.2223401814699173,0.0,0.21960246562957764,0.24416828155517578,0.2580207586288452,-1.5677217245101929,-1.5212574005126953,-1.4951133728027344,0.0,1.0
125952,123,5,170.61212867613972,165.8,-0.0031173622090136634,0.016927205328829586,-0.3059161551296711,0.0022409095443435946,0.028857421875,0.45755639895796774,0.10211365818977355,-1.8847907781600952,9.584671974182129,63.58541488647461,33.8703498840332,65.47020721435547,32.08238983154297,0.9199216547136031,1.0421984195709229,0.2817693054676056,0.4,0.0,51.28246772157143,35.2653053019731,125952.0001,0.0,0.04410785436630249,0.2216137796640396,0.0,0.22033192217350006,0.24471159279346466,0.2592410743236542,-1.566331148147583,-1.5202444791793823,-1.4928288459777832,0.0,1.0
126976,124,6,183.4898217702828,177.83333333333334,-0.003176173777319491,0.014315325941424817,-0.3035927310585976,0.003957442721002735,0.02548828125,0.5229955591261387,0.11872496604919433,-2.723397731781006,8.421053886413574,54.778045654296875,36.4364128112793,57.501441955566406,34.68498992919922,0.9465851796720197,0.941398024559021,0.31084832549095154,0.55,0.0,51.310657865699504,35.2762906643317,126976.0001,0.0,0.039250556379556656,0.22666262090206146,0.0,0.2204400897026062,0.24481278657913208,0.259807825088501,-1.5661250352859497,-1.5200576782226562,-1.4917683601379395,0.0,1.0
128000,125,7,192.26404876316113,192.28571428571428,-0.0032965575461275875,0.010304229659959674,-0.30760751888155935,0.001002578652696684,0.0216064453125,0.5393053412437439,0.10265518641099333,-1.4402368068695068,7.380378723144531,47.61321258544922,38.558101654052734,49.05345153808594,39.519195556640625,0.963362487872058,0.9202650785446167,0.26689064502716064,0.625,0.0,51.28107830014368,35.305292252905936,128000.0001,0.0,0.04109509289264679,0.226019486784935,0.0,0.21884015202522278,0.24297504127025604,0.2567150890827179,-1.569175362586975,-1.5235342979431152,-1.4975590705871582,0.0,1.0
129024,126,3,200.59134869645933,192.33333333333334,-0.0035723787150345743,0.00398085227352567,-0.31604582741856574,0.003402065549744293,0.0232666015625,0.5124843381345272,0.09953724658116699,1.3119126558303833,5.221302032470703,46.634544372558594,32.06828308105469,45.3226318359375,34.384342193603516,0.9734902118346688,1.0859689712524414,0.3132442533969879,0.45,0.0,51.244201056422725,35.2831799647474,129024.0001,0.0,0.04775364696979523,0.2235458791255951,0.0,0.21888792514801025,0.2424529790878296,0.2556535303592682,-1.5690842866897583,-1.5244954824447632,-1.4995486736297607,0.0,1.0
130048,127,6,205.42700738088286,196.5,-0.0024321059230715037,0.007050094701116905,-0.3167152114212513,0.002528157108463347,0.02001953125,0.49830458089709284,0.08789187227375805,0.9047365188598633,5.82314395904541,50.37528991699219,35.78230285644531,49.47055435180664,36.448604583740234,0.9735163080361212,1.0963518619537354,0.2031208574771881,0.45,0.0,51.23735924067934,35.287221210120215,130048.0001,0.0,0.044169411063194275,0.22449012100696564,0.0,0.21775172650814056,0.24226199090480804,0.2553871273994446,-1.5712517499923706,-1.5248923301696777,-1.5000481605529785,0.0,1.0
131072,128,5,208.62008197747318,201.6,-0.005455070961033925,0.004865141454502009,-0.31681770384311675,0.006173561904870439,0.0599365234375,0.5929225161671638,0.15160822891630232,3.435185670852661,4.969996452331543,41.51118087768555,31.42497444152832,38.07599639892578,33.65520095825195,0.9749872055826742,1.1025222539901733,0.5707326531410217,0.6,0.025,51.16137347249516,35.2690841619279,131072.0001,0.0,0.04257041588425636,0.22772133350372314,0.0,0.21739113330841064,0.24291467666625977,0.2569388449192047,-1.5719398260116577,-1.5236601829528809,-1.4971396923065186,0.0,1.0
132096,129,5,198.42959513775423,174.6,-0.0046800151612842456,0.004498241422697902,-0.3145961709320545,0.005190807815233711,0.046826171875,0.5661100558936596,0.09385688523761929,1.3926098346710205,4.845331192016602,50.01971435546875,34.71067810058594,48.627105712890625,36.24150085449219,0.9805140879118734,1.0231112241744995,0.2977658808231354,0.55,0.0,51.15252341213676,35.264931582612626,132096.0001,0.0,0.045578524470329285,0.22237960994243622,0.0,0.21740464866161346,0.2423519343137741,0.25600430369377136,-1.5719139575958252,-1.5246928930282593,-1.4988911151885986,0.0,1.0
133120,130,5,193.40982235371422,203.6,-0.004201177111826837,0.007132891024230048,-0.3213920213282108,0.0038254753351793626,0.03388671875,0.5644036449491978,0.10071877124719322,-0.9135971665382385,6.694497108459473,55.51743698120117,33.113128662109375,56.43103790283203,32.06270217895508,0.9591270942742195,0.9373860955238342,0.2805909514427185,0.55,0.0,51.186099672376855,35.250943436882025,133120.0001,0.0,0.0471530444920063,0.2241743505001068,0.0,0.21777671575546265,0.24087969958782196,0.25327008962631226,-1.5712040662765503,-1.527481198310852,-1.5040197372436523,0.0,1.0
134144,131,6,203.80100549640338,200.16666666666666,-0.006599431775975972,0.007701893034391105,-0.3251426488161087,0.005838242388563231,0.054345703125,0.5331822834908962,0.09050363469868898,1.421365737915039,5.710383892059326,43.14092254638672,31.52549934387207,41.71955490112305,32.4680290222168,0.967189971134723,0.8955068588256836,0.1872653365135193,0.55,0.0,51.12468609780369,35.23095658936862,134144.0001,0.0,0.05671660229563713,0.22529597580432892,0.0,0.2190798968076706,0.24131999909877777,0.2525850832462311,-1.5687181949615479,-1.5266075134277344,-1.5053057670593262,0.0,1.0
135168,132,7,184.0294785500619,180.28571428571428,-0.003935069043654949,0.006751844982500188,-0.32023562490940094,0.003726862014445942,0.0234130859375,0.49383872039616106,0.11187803898938001,0.7275186777114868,6.380546569824219,53.36891174316406,38.35783004760742,52.64139175415039,38.25916290283203,0.9723300871177898,0.8416566252708435,0.38994359970092773,0.475,0.0,51.141687787193405,35.25622455801371,135168.0001,0.0,0.0615607351064682,0.22486832737922668,0.0,0.2200687825679779,0.2424049973487854,0.25516799092292786,-1.5668327808380127,-1.5245944261550903,-1.50045907497406,0.0,1.0
136192,133,5,191.8007149537058,198.6,-0.004111129092052579,0.009049223223701119,-0.31748473569750785,0.0042674951793742364,0.031787109375,0.5027380827814341,0.09699702486395836,-1.2602250576019287,6.766014575958252,46.232940673828125,34.86174011230469,47.493167877197266,33.56089782714844,0.9623324183878655,0.9074883460998535,0.28029873967170715,0.5,0.0,51.1047799353989,35.25582512114996,136192.0001,0.0,0.05060960724949837,0.22547964751720428,0.0,0.21923287212848663,0.2421007752418518,0.25371241569519043,-1.568426489830017,-1.5251693725585938,-1.5031895637512207,0.0,1.0
137216,134,3,204.99480120329113,189.33333333333334,-0.004071033059153706,0.0036869437666609884,-0.32138618901371957,0.0024133267332217658,0.01923828125,0.5191610377281904,0.09759426936507225,1.7163794040679932,4.753976821899414,45.230018615722656,33.36629104614258,43.513641357421875,35.44013595581055,0.9796998931488258,1.1583887338638306,0.2810816466808319,0.4,0.0,51.06093844884468,35.24572597950508,137216.0001,0.0,0.05957338213920593,0.2221502661705017,0.0,0.21771934628486633,0.2410217672586441,0.2542556822299957,-1.571313500404358,-1.527208924293518,-1.502170205116272,0.0,1.0
138240,135,7,209.27546524440274,209.14285714285714,-0.0050729833310469985,0.00472984423104208,-0.32718288004398344,0.005328514410939534,0.0457275390625,0.5283718504011631,0.18772357220295816,3.902622699737549,5.51942777633667,38.89695358276367,42.433467864990234,34.994327545166016,45.021297454833984,0.9830811426239406,0.9005617499351501,0.6975671052932739,0.5,0.025,50.97083484229341,35.3197527906366,138240.0001,0.0,0.059344321489334106,0.22420893609523773,0.0,0.2159784883260727,0.2400699406862259,0.2531537413597107,-1.574636459350586,-1.5290164947509766,-1.5042381286621094,0.0,1.0
139264,136,4,191.93196711801164,180.75,-0.005189493286889046,0.005974878586130217,-0.3341048739850521,0.00393526593252318,0.0467041015625,0.5454690683633089,0.07230847086757422,-0.17197054624557495,5.845754623413086,55.4904670715332,30.309614181518555,55.66242980957031,29.62783432006836,0.9628019322575216,1.1561626195907593,0.21355262398719788,0.55,0.0,51.00406739332825,35.2876223990103,139264.0001,0.0,0.05649012699723244,0.2283647656440735,0.0,0.21342059969902039,0.23858533799648285,0.25243881344795227,-1.5795235633850098,-1.5318228006362915,-1.5055804252624512,0.0,1.0
140288,137,6,228.66739577854847,204.16666666666666,-0.003843450779095292,0.003589265063055791,-0.34321942627429963,0.004773737692448776,0.03564453125,0.5160110652446747,0.0785876692738384,1.2887461185455322,4.609790325164795,52.685157775878906,33.55010223388672,51.39640808105469,35.3029899597168,0.9811211870140685,0.9722212553024292,0.26357555389404297,0.525,0.0,51.016338100759306,35.27554008169641,140288.0001,0.0,0.05697963014245033,0.22539997100830078,0.0,0.2112286537885666,0.23692496120929718,0.25133103132247925,-1.583715558052063,-1.534952998161316,-1.5076611042022705,0.0,1.0
141312,138,6,160.3893788961044,162.0,-0.003415166796185076,0.0046708806650713084,-0.3502018854022026,0.0018536289338953794,0.02880859375,0.5687647514045239,0.06011139042675495,-0.8627394437789917,4.541313648223877,53.28936004638672,34.70136260986328,54.152099609375,33.241329193115234,0.9828734508490609,1.0608670711517334,0.18654832243919373,0.5,0.0,51.03280926302333,35.27193988895251,141312.0001,0.0,0.060400281101465225,0.22260770201683044,0.0,0.20754402875900269,0.2362252026796341,0.2538617253303528,-1.590770959854126,-1.5363240242004395,-1.5029094219207764,0.0,1.0
142336,139,6,216.49440911110773,200.5,-0.004801442951429635,0.0054791623202618215,-0.3534694291651249,0.003031013408326544,0.039404296875,0.4864630959928036,0.07292560269124806,1.1434898376464844,5.044508934020996,52.910160064697266,38.12098693847656,51.76667022705078,38.12299346923828,0.9824890560890549,0.6945453882217407,0.20300675928592682,0.35,0.0,51.04631536884147,35.293614618924074,142336.0001,0.0,0.06124158576130867,0.22189639508724213,0.0,0.20522068440914154,0.23589785397052765,0.25636395812034607,-1.595225214958191,-1.536988615989685,-1.4982171058654785,0.0,1.0
143360,140,4,220.21134313810825,197.25,-0.005032806179951876,0.0033859842660604045,-0.35413414239883423,0.006135062598332297,0.040771484375,0.5747953057289124,0.06840651012025774,0.3423358201980591,4.143660545349121,46.925811767578125,31.003650665283203,46.583473205566406,29.64154624938965,0.9821374809442981,0.9352176189422607,0.22016584873199463,0.65,0.0,51.01688319558169,35.266529768396914,143360.0001,0.0,0.04638968035578728,0.2271995097398758,0.0,0.20510485768318176,0.23592258989810944,0.2562020719051361,-1.595447301864624,-1.5369218587875366,-1.4985203742980957,0.0,1.0
144384,141,6,170.68563964262833,185.33333333333334,-0.00304872872075066,0.004103638994274661,-0.35514043644070625,0.0015499891829676925,0.015283203125,0.4975057080388069,0.07052682917565108,-2.025984287261963,4.745574951171875,60.916900634765625,43.23918533325195,62.9428825378418,42.712554931640625,0.9879545609590892,0.8930342197418213,0.22183659672737122,0.475,0.0,51.08709607984563,35.33917516621141,144384.0001,0.0,0.058677852153778076,0.22274605929851532,0.0,0.20501863956451416,0.23550723493099213,0.25599396228790283,-1.5956127643585205,-1.537733554840088,-1.4989104270935059,0.0,1.0
145408,142,6,141.52050117044396,162.33333333333334,-0.004171323438640684,0.026969158602878452,-0.35605797469615935,0.004786860711465124,0.0411865234375,0.5208741955459117,0.2052972733974457,-5.332265377044678,12.191225051879883,52.81535339355469,45.539039611816406,58.147621154785156,43.61199188232422,0.9283317345192653,0.9146735072135925,0.5682370662689209,0.525,0.075,51.099266910863186,35.42157073037467,145408.0001,0.0,0.06533030420541763,0.22698211669921875,0.0,0.20655041933059692,0.2358929067850113,0.2569746673107147,-1.5926753282546997,-1.5369873046875,-1.497072696685791,0.0,1.0
146432,143,4,186.61451186371232,189.5,-0.0029240067466162144,0.0059519033937249334,-0.35350012630224226,0.0025265249132644385,0.0123291015625,0.5627028439193964,0.09463338879868388,0.3573492169380188,6.079609394073486,41.79472351074219,38.768798828125,41.43737030029297,41.20759582519531,0.9754084052111501,0.9846559166908264,0.33772537112236023,0.525,0.0,51.0342001504352,35.45455462457035,146432.0001,0.0,0.04365522786974907,0.22877585887908936,0.0,0.2073758840560913,0.2359153777360916,0.255900114774704,-1.5910931825637817,-1.5369349718093872,-1.4990863800048828,0.0,1.0
147456,144,7,193.0545690856464,201.28571428571428,-0.004398804320953786,0.0075319983763620256,-0.35272290334105494,0.003875200245238375,0.0324951171875,0.4979840211570263,0.1003434136044234,-1.6125800609588623,6.562458515167236,48.71928024291992,43.38194274902344,50.33186340332031,43.91952896118164,0.9771168808521754,0.8887901306152344,0.27015283703804016,0.45,0.0,51.018124317311994,35.516227999425176,147456.0001,0.0,0.05048924684524536,0.22928357124328613,0.0,0.20771831274032593,0.23665408790111542,0.2555685043334961,-1.5904369354248047,-1.535513997077942,-1.4997081756591797,0.0,1.0
148480,145,6,206.83419056873996,181.5,-0.005722677626181394,0.0040261159432702694,-0.3520793430507183,0.0028777742016245613,0.0351318359375,0.5619755826890469,0.15584105122834443,1.5306403636932373,6.163674354553223,48.56109619140625,36.699039459228516,47.03045654296875,41.01660919189453,0.9717921482549657,1.2513490915298462,0.5421202182769775,0.6,0.025,51.001179308917955,35.52510213213758,148480.0001,0.0,0.055664047598838806,0.2259732484817505,0.0,0.2057688981294632,0.23541098833084106,0.25430744886398315,-1.594173789024353,-1.5378824472427368,-1.5020731687545776,0.0,1.0
149504,146,4,152.48012143584904,166.25,-0.00435725967399776,0.008451644983142614,-0.35778376534581185,0.004183891994762235,0.0355224609375,0.5014133341610432,0.09322090931236744,-3.1016736030578613,6.275022029876709,56.429134368896484,39.75490951538086,59.53080749511719,38.06839370727539,0.975085684221498,0.9497323036193848,0.27039751410484314,0.425,0.0,51.038357086988235,35.55860313776527,149504.0001,0.0,0.05906715616583824,0.22276966273784637,0.0,0.20595254004001617,0.23540550470352173,0.25519436597824097,-1.59382164478302,-1.5379047393798828,-1.5004096031188965,0.0,1.0
150528,147,8,184.62633901201968,187.125,-0.00404928564094007,0.00862028143601492,-0.356521987169981,0.0029637310799444094,0.0408203125,0.5992268577218056,0.11434511737897993,0.5429834723472595,7.23629093170166,40.42634201049805,37.938114166259766,39.883358001708984,39.68009567260742,0.9636185108966574,1.3892602920532227,0.33903053402900696,0.6,0.0,50.96616650343313,35.586020235382776,150528.0001,0.0,0.0512666292488575,0.2250019758939743,0.0,0.20562493801116943,0.23524712026119232,0.2556266784667969,-1.5944498777389526,-1.538202166557312,-1.4995989799499512,0.0,1.0
151552,148,4,179.65266139176413,201.5,-0.004278947925195098,0.0072372921335045245,-0.3616390697658062,0.0036650021982495675,0.033251953125,0.5987054795026779,0.11779357478953897,1.7426396608352661,5.802046298980713,38.392921447753906,35.1176643371582,36.6502799987793,37.11446762084961,0.9727032357479541,0.9907764196395874,0.32339465618133545,0.625,0.0,50.881212132679394,35.59778117215158,151552.0001,0.0,0.05491209030151367,0.23136666417121887,0.0,0.20387569069862366,0.2338036298751831,0.2541930079460144,-1.5978057384490967,-1.540942668914795,-1.5022878646850586,0.0,1.0
152576,149,6,194.5638947940955,169.66666666666666,-0.005469115567393601,0.0025651698728324846,-0.3662941433489323,0.0031215333510772325,0.0499755859375,0.5544990956783294,0.05325002702884376,0.13229146599769592,3.640944004058838,55.97954177856445,31.35350799560547,55.84724426269531,32.65764236450195,0.9865148523463898,0.8964040279388428,0.15376850962638855,0.55,0.0,50.91542908419098,35.57341973420675,152576.0001,0.0,0.06279405206441879,0.2291594296693802,0.0,0.20129984617233276,0.23380495607852936,0.2553115487098694,-1.602751612663269,-1.5409680604934692,-1.5001899003982544,0.0,1.0
153600,150,6,174.94895941772106,182.83333333333334,-0.004964583378750831,0.007946399005595595,-0.36267945989966394,0.005641166304121726,0.0300048828125,0.5201512537896633,0.1010299077257514,-2.6126527786254883,5.724533557891846,49.38493728637695,38.01427459716797,51.997589111328125,35.311405181884766,0.9773229436327165,0.840886116027832,0.3455193042755127,0.5,0.0,50.90522579590324,35.590464327336946,153600.0001,0.0,0.04384488984942436,0.222080260515213,0.0,0.1989743709564209,0.23524810373783112,0.2579379081726074,-1.6072211265563965,-1.5382894277572632,-1.49526846408844,0.0,1.0
154624,151,6,132.72249858784542,152.83333333333334,-0.004962241026805714,0.0066769737750291824,-0.3542425647377968,0.006721957655099686,0.0476806640625,0.5097871899604798,0.1191867015324533,-1.9163331985473633,6.553110599517822,50.097900390625,34.12234115600586,52.01423263549805,31.743560791015625,0.9631177548063471,1.0046857595443726,0.3295844495296478,0.5,0.0,50.89987927578914,35.581001164874664,154624.0001,0.0,0.05238114669919014,0.22277843952178955,0.0,0.20130842924118042,0.23659956455230713,0.25802311301231384,-1.6027350425720215,-1.5356955528259277,-1.4951088428497314,0.0,1.0
155648,152,6,220.01200140065225,192.83333333333334,-0.005490498966537416,0.009260127821471542,-0.3480833642184734,0.00343702311074594,0.024609375,0.5747059293091297,0.16510716173797846,2.670236110687256,7.38931941986084,43.48922348022461,35.75722122192383,40.818992614746094,39.34379196166992,0.9572947423627537,1.2116752862930298,0.6333009004592896,0.575,0.05,50.85112497907109,35.58720660580177,155648.0001,0.0,0.048489462584257126,0.22431904077529907,0.0,0.20038679242134094,0.237196147441864,0.25889456272125244,-1.604506015777588,-1.5346159934997559,-1.4934773445129395,0.0,1.0
156672,153,3,183.78494771880545,167.0,-0.0042323044210206716,0.004052433656761422,-0.3474473036825657,0.00479972168977838,0.0319091796875,0.4667476825416088,0.12257135305553675,3.0685224533081055,4.95767068862915,40.61228942871094,31.928043365478516,37.543766021728516,34.3735466003418,0.9758892494589462,0.9017858505249023,0.4292222261428833,0.325,0.0,50.78420447926358,35.57408160285193,156672.0001,0.0,0.03833553194999695,0.22580401599407196,0.0,0.2000550776720047,0.236794576048851,0.2565610706806183,-1.6051435470581055,-1.5353622436523438,-1.497847557067871,0.0,1.0
157696,154,6,210.16474735724614,207.83333333333334,-0.004790784098440781,0.008119295188225805,-0.3543364018201828,0.005746351640846114,0.037451171875,0.5179486624896527,0.11587713416665793,2.9182310104370117,6.830290794372559,44.42723846435547,37.83391571044922,41.50900650024414,39.13090133666992,0.9674076448791256,0.9097076654434204,0.369732528924942,0.475,0.0,50.74292548169399,35.59288123137392,157696.0001,0.0,0.042565081268548965,0.22570663690567017,0.0,0.19830304384231567,0.23489035665988922,0.25549447536468506,-1.6085121631622314,-1.5389524698257446,-1.4998469352722168,0.0,1.0
158720,155,4,190.1678234447964,215.75,-0.006028327636886388,0.007386347179999575,-0.36153878942131995,0.006111015533679165,0.05439453125,0.5412823721766472,0.08896420714445412,0.7235181331634521,6.543057441711426,51.18962097167969,38.66181945800781,50.466102600097656,36.553382873535156,0.9713584251623376,1.3805193901062012,0.3320405185222626,0.5,0.0,50.74580737286708,35.613546396791996,158720.0001,0.0,0.04254673793911934,0.22500117123126984,0.0,0.19619536399841309,0.23467205464839935,0.2552505135536194,-1.612567663192749,-1.5394172668457031,-1.5003043413162231,0.0,1.0
159744,156,6,236.2074751594953,203.5,-0.006356512545607984,0.01755274023162201,-0.35844237431883813,0.0030471458812826313,0.0410888671875,0.5155692934989929,0.17251750845462083,1.6055426597595215,10.420862197875977,46.58837127685547,34.18910598754883,44.98283004760742,36.54931640625,0.9070965571554556,0.9657855033874512,0.6416510343551636,0.5,0.025,50.719157151355944,35.606142776313355,159744.0001,0.0,0.024671202525496483,0.22255034744739532,0.0,0.19720284640789032,0.2358124703168869,0.255751371383667,-1.6106287240982056,-1.5372592210769653,-1.4993653297424316,0.0,1.0
160768,157,5,179.43938359640347,195.6,-0.0045770984841510655,0.011811372160445898,-0.35313747376203536,0.006589848570001777,0.044091796875,0.47687520943582057,0.10728703653439879,-0.05401945114135742,8.87006950378418,59.48553466796875,39.760643005371094,59.53955078125,37.89891052246094,0.950232334164069,0.8488080501556396,0.33141881227493286,0.4,0.0,50.774993929046374,35.64096115381064,160768.0001,0.0,0.03786713257431984,0.2214677482843399,0.0,0.19782570004463196,0.23638249933719635,0.2562530040740967,-1.6094303131103516,-1.536177158355713,-1.498425006866455,0.0,1.0
161792,158,6,212.88498154327132,209.5,-0.0031416546436958013,0.012667983653955162,-0.351441765576601,0.0032018810306908563,0.0289794921875,0.5692752666771412,0.1448831418529153,-0.5267881751060486,8.77455997467041,46.06464767456055,41.50021743774414,46.59143829345703,39.76082992553711,0.9552956359471236,0.8471014499664307,0.39229679107666016,0.625,0.0,50.745181626287156,35.68302602895839,161792.0001,0.0,0.033574581146240234,0.2298785001039505,0.0,0.19734780490398407,0.23646800220012665,0.25849804282188416,-1.6103497743606567,-1.5360232591629028,-1.4942196607589722,0.0,1.0
162816,159,2,243.5771253199565,255.5,-0.0033169384114444256,0.015332706714980304,-0.35222903564572333,0.0037750099014374427,0.0359375,0.599281632527709,0.1369531312957406,-1.5191662311553955,9.351887702941895,58.01969909667969,33.181522369384766,59.53886032104492,34.47234344482422,0.9205660813097528,1.196562647819519,0.4947473108768463,0.625,0.0,50.79093328837199,35.6724774353683,162816.0001,0.0,0.03289584815502167,0.22375158965587616,0.0,0.19640551507472992,0.23605702817440033,0.2591882646083832,-1.6121631860733032,-1.5368118286132812,-1.4929277896881104,0.0,1.0
163840,160,7,238.92025736432015,235.28571428571428,-0.004481341282371432,0.012955667625647038,-0.35340120643377304,0.005056403880007565,0.04638671875,0.5337547980248928,0.25182991567999125,3.1440539360046387,9.787820816040039,34.03899383544922,40.086158752441406,30.894939422607422,43.67688751220703,0.9403812120684225,1.1089447736740112,0.8541156649589539,0.575,0.1,50.686233662411695,35.72615913943394,163840.0001,0.0,0.02444266714155674,0.22985878586769104,0.0,0.19607912003993988,0.2362193912267685,0.2593799829483032,-1.6127914190292358,-1.5365195274353027,-1.4925689697265625,0.0,1.0
164864,161,3,165.37684998699805,164.66666666666666,-0.004964264458976686,0.006554001299082302,-0.35071526616811755,0.0031581071016262285,0.0355712890625,0.5377977356314659,0.1057743384502828,1.234545111656189,6.692421913146973,52.023658752441406,37.08570098876953,50.78911590576172,38.46158218383789,0.9674348061787645,0.8542671203613281,0.3006468415260315,0.55,0.0,50.694540637802156,35.73491761855868,164864.0001,0.0,0.03578746318817139,0.2218126803636551,0.0,0.19709007441997528,0.236896350979805,0.2572406828403473,-1.610845685005188,-1.5352250337600708,-1.4965742826461792,0.0,1.0
165888,162,6,233.33399274213218,246.0,-0.0044863095041364435,0.0056379932211712,-0.3482228934764862,0.006121966356295161,0.05263671875,0.6017102263867855,0.0969813155476004,1.8221726417541504,5.142980575561523,36.47418212890625,41.53104782104492,34.652008056640625,42.417781829833984,0.9846649941039181,1.2861541509628296,0.2722674310207367,0.575,0.0,50.60676063821042,35.79091172123395,165888.0001,0.0,0.020225664600729942,0.22680674493312836,0.0,0.19699828326702118,0.23708881437778473,0.2583836317062378,-1.6110223531723022,-1.5348395109176636,-1.494433879852295,0.0,1.0
166912,163,2,242.1241197492066,264.0,-0.00476081530796364,0.004264745136606507,-0.3507412537932396,0.002268320521397982,0.0364501953125,0.520696659386158,0.11165429968386889,2.083362102508545,5.019356727600098,46.74848937988281,34.47665023803711,44.665130615234375,36.31478500366211,0.9788043873997162,0.8707500696182251,0.36953258514404297,0.55,0.0,50.58309027827233,35.784264198284106,166912.0001,0.0,0.0227812472730875,0.22675643861293793,0.0,0.19613316655158997,0.23568427562713623,0.25592952966690063,-1.612687349319458,-1.5374799966812134,-1.4990313053131104,0.0,1.0
167936,164,6,190.45789898895882,214.0,-0.0030381966149434446,0.011486809107009322,-0.3612866126000881,0.00577190072654048,0.0221435546875,0.5611788973212242,0.11789702577516437,-0.7570589184761047,8.524669647216797,48.964820861816406,47.41117477416992,49.72187805175781,47.09941482543945,0.9676708913551844,0.8480737805366516,0.34391775727272034,0.65,0.0,50.573222790719456,35.86680415611208,167936.0001,0.0,0.024163007736206055,0.22459997236728668,0.0,0.19401660561561584,0.2337007373571396,0.2547105848789215,-1.6167633533477783,-1.5412673950195312,-1.5013169050216675,0.0,1.0
168960,165,5,214.223589197374,232.4,-0.0051946484483778475,0.01434701051330194,-0.36708785519003867,0.003304880754149053,0.0307373046875,0.5558473974466324,0.17334799505770207,-1.5648527145385742,9.593033790588379,48.36329650878906,40.3271369934082,49.92815017700195,40.36256408691406,0.9434129364119231,0.833382248878479,0.3872872591018677,0.575,0.0,50.55982931265237,35.89591562321937,168960.0001,0.0,0.024933835491538048,0.23175641894340515,0.0,0.19878540933132172,0.23396222293376923,0.25216910243034363,-1.6075844764709473,-1.5407110452651978,-1.506086826324463,0.0,1.0
169984,166,3,224.29031400790322,238.0,-0.0034849021409172564,0.004978939041029662,-0.3627924382686615,0.0029436159573378974,0.0248046875,0.5939643636345864,0.07956827660091222,-2.123040199279785,5.908742427825928,55.45611572265625,40.233856201171875,57.57915496826172,40.614044189453125,0.9784321543596416,0.9682210087776184,0.25905856490135193,0.75,0.0,50.58932501317566,35.925614042362746,169984.0001,0.0,0.029616856947541237,0.22781060636043549,0.0,0.2002328485250473,0.23486904799938202,0.25464585423469543,-1.604801893234253,-1.5389574766159058,-1.5014383792877197,0.0,1.0
171008,167,7,213.75218620377316,221.42857142857142,-0.006340243603335694,0.02143058410147205,-0.3602804645895958,0.00492492979101371,0.071728515625,0.5507585607469082,0.30542658921331167,1.3321471214294434,12.594313621520996,37.32744598388672,45.99116516113281,35.99530029296875,50.884727478027344,0.9250105380044055,0.9650741815567017,1.0501151084899902,0.45,0.15,50.5099125587125,36.008803738175345,171008.0001,0.0,0.024996032938361168,0.2325185388326645,0.0,0.19954359531402588,0.23462499678134918,0.2553229033946991,-1.6061266660690308,-1.5394243001937866,-1.5001685619354248,0.0,1.0
172032,168,4,187.56607849050374,201.75,-0.004169533884851262,0.004267737851478159,-0.36307730823755263,0.0034922812847071327,0.0363525390625,0.553561195731163,0.08304760754108428,-0.45912599563598633,4.742604732513428,45.48511505126953,37.985992431640625,45.944236755371094,38.76126480102539,0.9844121257834795,0.9183540940284729,0.2096342146396637,0.625,0.0,50.480003044706805,36.02296746566873,172032.0001,0.0,0.03205843269824982,0.22662289440631866,0.0,0.1999235898256302,0.2338935136795044,0.25492677092552185,-1.6053962707519531,-1.5407954454421997,-1.5009114742279053,0.0,1.0
173056,169,5,190.44685364010806,195.2,-0.005395186401437968,0.009624464449007063,-0.36957762241363523,0.0061399811384035274,0.0668701171875,0.6165740646421909,0.10499394861981273,0.710274338722229,8.024287223815918,52.106868743896484,35.212181091308594,51.3965950012207,34.995880126953125,0.948068961003113,1.1352871656417847,0.35488012433052063,0.8,0.0,50.48962947114872,36.018439712859276,173056.0001,0.0,0.0380571074783802,0.22442856431007385,0.0,0.1998187005519867,0.23250152170658112,0.2536967098712921,-1.6055978536605835,-1.5434441566467285,-1.5032191276550293,0.0,1.0
174080,170,5,190.68322687018298,191.4,-0.004924273991491646,0.007216425990918651,-0.3714998170733452,0.0015657481344533153,0.0274169921875,0.5692757561802864,0.12820010017603636,2.7096993923187256,6.7878737449646,41.95160675048828,37.564815521240234,39.241905212402344,39.146724700927734,0.9673483612413185,1.1011210680007935,0.40349075198173523,0.6,0.0,50.43940580561535,36.03364573904691,174080.0001,0.0,0.03529075160622597,0.22507283091545105,0.0,0.20118875801563263,0.23342712223529816,0.25382956862449646,-1.602964997291565,-1.5416545867919922,-1.502969741821289,0.0,1.0
175104,171,6,216.46279701833694,207.83333333333334,-0.004898289951961487,0.009307945193722845,-0.3657877087593079,0.002715695909864735,0.0429931640625,0.5648424156010151,0.08462180951610207,0.4995397627353668,7.207700729370117,46.33763122558594,38.89808654785156,45.83809280395508,38.59843444824219,0.9656650058471924,1.3779361248016357,0.18836654722690582,0.475,0.0,50.41541883682658,36.05241503324469,175104.0001,0.0,0.03330676257610321,0.22615724802017212,0.0,0.2011178731918335,0.2342180460691452,0.2549322843551636,-1.6031012535095215,-1.5401698350906372,-1.5009011030197144,0.0,1.0
176128,172,5,180.9189828958423,184.0,-0.006528034748043865,0.011625297798309476,-0.3643564611673355,0.00557062391017098,0.0496337890625,0.5313142575323582,0.09645874230191112,-1.712965488433838,8.056275367736816,53.58470916748047,38.479637145996094,55.29767608642578,38.23812484741211,0.9561664454766355,1.0337661504745483,0.2567688822746277,0.525,0.0,50.433844927581575,36.06780372200106,176128.0001,0.0,0.041513435542583466,0.2216285616159439,0.0,0.19824206829071045,0.23391024768352509,0.25636088848114014,-1.6086294651031494,-1.5407954454421997,-1.498222827911377,0.0,1.0
177152,173,5,205.31757508042628,207.8,-0.004240278829820454,0.004737428500084207,-0.37197780758142474,0.0022714324077242054,0.0254150390625,0.5610578611493111,0.050094827893190086,0.634145200252533,4.273140907287598,38.11408996582031,39.98097229003906,37.47994613647461,40.40465545654297,0.9885768012937177,0.8970403075218201,0.13151301443576813,0.7,0.0,50.36263248035756,36.103724151522115,177152.0001,0.0,0.03723984584212303,0.2293984293937683,0.0,0.19438239932060242,0.2311735600233078,0.256155401468277,-1.6160587072372437,-1.5460244417190552,-1.498607873916626,0.0,1.0
178176,174,4,204.91636258438803,199.0,-0.0035823523183353247,0.0031734781805425882,-0.38831192553043364,0.002019067309447564,0.0231201171875,0.5859803318977356,0.11898878784850239,1.1118916273117065,5.236025810241699,53.725650787353516,37.62569046020508,52.6137580871582,40.531463623046875,0.9806342393787348,1.0895652770996094,0.41908231377601624,0.575,0.0,50.381960171293876,36.1135491155408,178176.0001,0.0,0.03628385439515114,0.22102348506450653,0.0,0.188757061958313,0.22886478900909424,0.25726357102394104,-1.626906394958496,-1.5504488945007324,-1.4965314865112305,0.0,1.0
179200,175,5,191.8383891465144,195.6,-0.004951707820873707,0.012125322327483446,-0.39697072058916094,0.00783565077726962,0.0786376953125,0.5877550765872002,0.19117324389517307,-1.7411365509033203,9.197209358215332,56.67610168457031,44.656978607177734,58.417236328125,45.7153434753418,0.9575836346316589,1.4056841135025024,0.552746593952179,0.575,0.05,50.41792669005844,36.171213674843045,179200.0001,0.0,0.03383704274892807,0.2254951298236847,0.0,0.18772941827774048,0.22827856242656708,0.25778210163116455,-1.6288905143737793,-1.551559329032898,-1.4955601692199707,0.0,1.0
180224,176,7,188.73354771619367,193.0,-0.005185802816413343,0.008213926281314343,-0.3977335438132286,0.005090593505883589,0.0468505859375,0.6080724760890007,0.08035719646140933,-1.9367783069610596,6.147996425628662,49.184593200683594,43.47502517700195,51.121368408203125,42.74967575073242,0.980001956386045,1.1689597368240356,0.21028371155261993,0.65,0.0,50.410919111563445,36.21699222548884,180224.0001,0.0,0.04201802611351013,0.2282838225364685,0.0,0.18790709972381592,0.22856880724430084,0.25862792134284973,-1.6285474300384521,-1.55104398727417,-1.4939765930175781,0.0,1.0
181248,177,3,206.13302309395638,221.66666666666666,-0.005286903760861605,0.008247737266356126,-0.3966055803000927,0.006065736207528971,0.057763671875,0.577710185199976,0.10605943845584989,-1.430663824081421,7.538844108581543,50.453636169433594,40.0418701171875,51.884300231933594,40.08259582519531,0.9645528915755771,1.096571683883667,0.276750773191452,0.575,0.0,50.411160439642195,36.2397357945848,181248.0001,0.0,0.03749397024512291,0.2359551638364792,0.0,0.18675287067890167,0.22826552391052246,0.25879624485969543,-1.6307767629623413,-1.551638126373291,-1.4936614036560059,0.0,1.0
182272,178,6,200.67357925048736,197.5,-0.002776745043229312,0.003917128458851948,-0.39661845862865447,0.003032928516040556,0.0234130859375,0.6122430175542831,0.09314971175044776,-1.1547653675079346,5.336474418640137,63.00037384033203,37.392459869384766,64.15513610839844,37.42369842529297,0.9796323518675026,1.0351749658584595,0.27281758189201355,0.65,0.0,50.481886365877756,36.25852550588357,182272.0001,0.0,0.057937052100896835,0.2274762988090515,0.0,0.1849132478237152,0.22905753552913666,0.26050060987472534,-1.6343318223953247,-1.5501694679260254,-1.4904725551605225,0.0,1.0
183296,179,8,179.83742707593836,170.125,-0.0036605363304261116,0.011642044270411133,-0.3944778487086296,0.004640821815701202,0.0316162109375,0.5368985049426556,0.10931266853585839,-1.9745781421661377,8.213102340698242,56.42083740234375,42.59312057495117,58.395408630371094,42.15406036376953,0.9628177620727855,1.1114965677261353,0.2604556977748871,0.4,0.0,50.51506483937795,36.29968431334248,183296.0001,0.0,0.05236075446009636,0.22939181327819824,0.0,0.1846812516450882,0.2285969853401184,0.2581387460231781,-1.6347802877426147,-1.5510245561599731,-1.4948923587799072,0.0,1.0
184320,180,6,140.30475561128333,157.33333333333334,-0.005534127214923501,0.009185067267389968,-0.39459716975688935,0.002277937917097006,0.0386962890625,0.5220289774239063,0.16050811037421225,-3.5621254444122314,7.569721698760986,52.17884826660156,43.74880599975586,55.740970611572266,41.77857208251953,0.970061679141392,0.7901275753974915,0.41320160031318665,0.55,0.0,50.52430807329013,36.34549630960976,184320.0001,0.0,0.050051499158144,0.23002076148986816,0.0,0.18793916702270508,0.22946853935718536,0.2586059868335724,-1.6284854412078857,-1.5493394136428833,-1.4940176010131836,0.0,1.0
185344,181,6,165.01636355518414,155.0,-0.005874030746053904,0.02034068697830662,-0.39077257812023164,0.005922940032905899,0.0559326171875,0.49780251272022724,0.17537061935290693,-5.92073917388916,9.774923324584961,56.1750373840332,40.01615524291992,62.09577560424805,39.350196838378906,0.9403300118805784,1.0017668008804321,0.5506572723388672,0.4,0.05,50.555527583146265,36.369206015736296,185344.0001,0.0,0.03694085776805878,0.22492487728595734,0.0,0.18892939388751984,0.2293364405632019,0.25779420137405396,-1.6265738010406494,-1.5495452880859375,-1.495537519454956,0.0,1.0
186368,182,5,175.3059166327545,208.8,-0.003614498325623572,0.006036239996319637,-0.3930921971797943,0.0013503298090654426,0.0219482421875,0.5229993984103203,0.0851466653868556,-2.0577526092529297,6.107773303985596,44.82477951049805,37.90599060058594,46.88253402709961,36.208133697509766,0.9740372808071823,0.8723389506340027,0.29289451241493225,0.425,0.0,50.52403996354032,36.38029373106123,186368.0001,0.0,0.040056005120277405,0.2244812250137329,0.0,0.18670354783535004,0.22892101109027863,0.257074236869812,-1.6308720111846924,-1.5503883361816406,-1.496886134147644,0.0,1.0
187392,183,5,170.17513919654374,174.6,-0.0037232898641377686,0.0031934952625306324,-0.398691076785326,0.0029211114117060786,0.0275634765625,0.5109396550804377,0.12676563085988163,0.30966171622276306,5.344759464263916,52.45338821411133,39.6700325012207,52.14372253417969,42.768089294433594,0.9818477185848943,1.0428467988967896,0.47461920976638794,0.475,0.0,50.53458284293399,36.3993562597646,187392.0001,0.0,0.04669928550720215,0.22115148603916168,0.0,0.18446752429008484,0.2269989252090454,0.2544662654399872,-1.6351934671401978,-1.5540121793746948,-1.5017752647399902,0.0,1.0
188416,184,7,189.43156687734057,180.57142857142858,-0.005534219415858388,0.007961310929385946,-0.41009541377425196,0.005652781015669461,0.04775390625,0.5839417092502117,0.0943559903651476,-0.6397871375083923,7.531731605529785,50.29010772705078,39.84893035888672,50.92989730834961,39.119773864746094,0.9642763152932958,1.2959027290344238,0.25101810693740845,0.7,0.0,50.53325417570953,36.41899146102541,188416.0001,0.0,0.04417380690574646,0.2282218635082245,0.0,0.18227285146713257,0.22561027109622955,0.2543860375881195,-1.639438509941101,-1.5566736459732056,-1.5019257068634033,0.0,1.0
189440,185,6,180.29454797231065,166.16666666666666,-0.0030980946321506053,0.009897751058451832,-0.41349914073944094,0.002761422390176449,0.0291015625,0.5547986999154091,0.15209997352212667,-0.3905911445617676,8.878828048706055,46.98505401611328,37.45722579956055,47.375640869140625,40.46232986450195,0.94381245090986,0.9143573641777039,0.6620938181877136,0.625,0.025,50.5140746922145,36.42561219049625,189440.0001,0.0,0.042881209403276443,0.22558675706386566,0.0,0.18063071370124817,0.2254806011915207,0.25590959191322327,-1.6426169872283936,-1.5569629669189453,-1.4990687370300293,0.0,1.0
190464,186,4,198.00983732864162,180.5,-0.0037433526711538436,0.0028938162926351652,-0.4129124082624912,0.005740406834229361,0.0357177734375,0.6258224442601203,0.10845553521066904,-0.01315838098526001,4.581719398498535,53.06074523925781,40.900760650634766,53.07390213012695,43.69699478149414,0.9874514332023367,1.0356063842773438,0.3791458308696747,0.675,0.0,50.52776646919299,36.451616878413695,190464.0001,0.0,0.04812140762805939,0.22102046012878418,0.0,0.18151703476905823,0.22591887414455414,0.25605130195617676,-1.6409012079238892,-1.5560976266860962,-1.4988030195236206,0.0,1.0
191488,187,6,189.9044488709441,194.5,-0.0035550059517845513,0.007261121727060527,-0.4132270887494087,0.0036260152235627176,0.029541015625,0.5857756629586219,0.09557292582467199,-1.7883718013763428,5.892022132873535,46.28779983520508,39.98482894897461,48.076171875,40.55677032470703,0.9782860809320904,0.9516897201538086,0.25360167026519775,0.6,0.0,50.505092849238835,36.47273227200018,191488.0001,0.0,0.04945577681064606,0.23337706923484802,0.0,0.18157236278057098,0.22523736953735352,0.2551944851875305,-1.6407941579818726,-1.557405948638916,-1.5004093647003174,0.0,1.0
192512,188,7,180.38013948187586,188.71428571428572,-0.005030276416800916,0.013972712983377277,-0.4173433601856232,0.002520270315289963,0.04599609375,0.5763965867459774,0.18586396966129543,1.4996113777160645,9.867772102355957,37.72001266479492,42.24374008178711,36.220401763916016,45.58283615112305,0.9454350866164589,1.1264933347702026,0.5935372710227966,0.525,0.075,50.43708709498882,36.51768587272004,192512.0001,0.0,0.04390782490372658,0.23992156982421875,0.0,0.18023167550563812,0.22452789545059204,0.25554630160331726,-1.6433895826339722,-1.558767318725586,-1.4997496604919434,0.0,1.0
193536,189,3,187.40336423757444,163.0,-0.003712988831102848,0.006123333389405161,-0.41815380975604055,0.002858653222210705,0.0244140625,0.51384162530303,0.09105193736031651,-1.8430830240249634,5.303644180297852,50.37264633178711,31.65614891052246,52.215728759765625,31.99067497253418,0.9719306348925821,0.8587440252304077,0.25523480772972107,0.55,0.0,50.43674614478707,36.493668053970126,193536.0001,0.0,0.04752839729189873,0.22648894786834717,0.0,0.18287239968776703,0.22512061893939972,0.2552243769168854,-1.6382784843444824,-1.5576019287109375,-1.5003533363342285,0.0,1.0
194560,190,7,176.93269252326385,180.14285714285714,-0.0029575923341326415,0.004417125947657041,-0.4174415819346905,8.759366610320286e-05,0.0107421875,0.4880074538290501,0.06022558626718819,-0.12009906768798828,4.976166725158691,57.41704559326172,37.191017150878906,57.53714370727539,37.14774703979492,0.9820974952625249,0.8035248517990112,0.1265101134777069,0.425,0.0,50.47348456161911,36.50086771388642,194560.0001,0.0,0.05482359603047371,0.22401213645935059,0.0,0.18348892033100128,0.22420960664749146,0.2520834505558014,-1.6370859146118164,-1.5592843294143677,-1.5062477588653564,0.0,1.0
195584,191,7,199.91938065073413,178.0,-0.004821214184630662,0.006812523712869734,-0.4215995617210865,0.005552116116450634,0.053271484375,0.6842501305043698,0.10439009671099483,1.116233468055725,6.581635475158691,46.52519989013672,39.94366455078125,45.408966064453125,40.69795227050781,0.9728498751874841,1.2497823238372803,0.29334187507629395,0.65,0.0,50.45281291899146,36.52084961009892,195584.0001,0.0,0.04324595630168915,0.2322341352701187,0.0,0.1829303652048111,0.2241271585226059,0.25173449516296387,-1.6381664276123047,-1.559449553489685,-1.5069031715393066,0.0,1.0
196608,192,4,179.142849424688,194.0,-0.004360419057775289,0.006435417878674343,-0.4227081544697285,0.004182814790692646,0.0395263671875,0.6068933330476284,0.07533100373111665,-0.9440878629684448,6.203065872192383,37.33841323852539,33.06767272949219,38.282501220703125,33.80720520019531,0.9648111176632592,1.1451555490493774,0.17907185852527618,0.7,0.0,50.38450875467194,36.515914193662496,196608.0001,0.0,0.029660724103450775,0.22484834492206573,0.0,0.18281516432762146,0.22364027798175812,0.2513056993484497,-1.638389229774475,-1.5603652000427246,-1.5077086687088013,0.0,1.0
197632,193,5,202.205580546682,197.0,-0.004673217050731182,0.004030001483624801,-0.4276186041533947,0.005780349968699738,0.05048828125,0.5952599100768566,0.11104763969779015,1.009712815284729,5.751201152801514,53.45829391479492,36.25699996948242,52.44858169555664,39.16823959350586,0.9748386856638955,1.1887295246124268,0.4195416569709778,0.675,0.0,50.40043510379226,36.51524425903071,197632.0001,0.0,0.03630923479795456,0.22265708446502686,0.0,0.18097805976867676,0.22219276428222656,0.2487025260925293,-1.6419445276260376,-1.5631295442581177,-1.5126028060913086,0.0,1.0
198656,194,8,173.85499048423628,174.625,-0.00425968716153875,0.009058109106263146,-0.4308662161231041,0.0025208946972270496,0.0379638671875,0.5465767115354538,0.10232072267681361,-1.1823793649673462,6.971836566925049,50.635215759277344,40.95764923095703,51.817596435546875,39.460819244384766,0.9710249407987193,1.0166414976119995,0.3337382674217224,0.575,0.0,50.401645322243475,36.539531982175866,198656.0001,0.0,0.045291680842638016,0.2309105396270752,0.0,0.18030022084712982,0.22328299283981323,0.24913834035396576,-1.6432569026947021,-1.5610963106155396,-1.5117830038070679,0.0,1.0
199680,195,5,152.54543524000871,173.4,-0.005025525693781674,0.02161455755122006,-0.4238955430686474,0.0024589523920440113,0.045849609375,0.5619093254208565,0.21135261412709952,-2.2016491889953613,13.127449035644531,43.60981750488281,38.06431579589844,45.81147003173828,39.13951873779297,0.8810609043364866,0.9967981576919556,0.5693630576133728,0.5,0.075,50.3668154417009,36.550733242313285,199680.0001,0.0,0.03364349529147148,0.23023530840873718,0.0,0.1802642047405243,0.22398249804973602,0.2502076327800751,-1.6433266401290894,-1.559768795967102,-1.5097723007202148,0.0,1.0
200704,196,5,175.0828753017718,173.0,-0.005192777572665364,0.005382948217447847,-0.416896815598011,0.0048730922615504825,0.0444580078125,0.5630037263035774,0.07196910544298589,-0.8072711229324341,5.972718715667725,53.86283874511719,36.227474212646484,54.670108795166016,35.236141204833984,0.9728188339839035,1.0096956491470337,0.21076557040214539,0.625,0.0,50.3846522931361,36.54993992427869,200704.0001,0.0,0.047936949878931046,0.23262031376361847,0.0,0.181568443775177,0.22639232873916626,0.2543388605117798,-1.6408016681671143,-1.555239200592041,-1.50201416015625,0.0,1.0
201728,197,7,187.58207944169558,168.71428571428572,-0.004067817312898114,0.002880346853635274,-0.40931921899318696,0.004162763044587336,0.03486328125,0.6124253377318383,0.05598945892415941,-0.4064621925354004,4.4050116539001465,51.27476119995117,33.8154411315918,51.68122100830078,34.477970123291016,0.9830306956804635,1.049225091934204,0.14576967060565948,0.675,0.0,50.38917061147447,36.53663078874121,201728.0001,0.0,0.04835252836346626,0.23812168836593628,0.0,0.18018227815628052,0.22567342221736908,0.2528071701526642,-1.6434853076934814,-1.5565756559371948,-1.5048887729644775,0.0,1.0
202752,198,6,180.52835667907132,176.33333333333334,-0.005149330355925486,0.0029328310178243556,-0.41378325000405314,0.0029847667552530765,0.03310546875,0.5712918117642403,0.10891579147428274,1.2757229804992676,4.849750518798828,46.62960433959961,36.44404220581055,45.3538818359375,38.803321838378906,0.9822913375131416,0.8980523943901062,0.3420988917350769,0.575,0.0,50.370182906113854,36.537135723713156,202752.0001,0.0,0.04356253147125244,0.23345182836055756,0.0,0.17923596501350403,0.22542917728424072,0.25222259759902954,-1.6453180313110352,-1.5570536851882935,-1.5059864521026611,0.0,1.0
203776,199,5,184.92070130442636,176.8,-0.005363587441388517,0.004893470514798537,-0.4145105257630348,0.00856516814965289,0.060498046875,0.6854953803122044,0.05965368188917637,0.317913293838501,5.040047645568848,47.94451141357422,37.828125,47.6265983581543,38.167503356933594,0.9822483127782148,1.1685166358947754,0.1392759382724762,0.85,0.0,50.357993606211174,36.54413963930151,203776.0001,0.0,0.044290315359830856,0.23975870013237,0.0,0.17873013019561768,0.22545279562473297,0.252684086561203,-1.6462980508804321,-1.5570193529129028,-1.505119800567627,0.0,1.0
204800,200,6,185.8061028653691,183.5,-0.004848338197916746,0.008541678631445393,-0.4143474124372005,0.005492218835570384,0.04951171875,0.5519496746361255,0.11088677244260907,-3.0447723865509033,6.54194450378418,54.109039306640625,37.3825798034668,57.153812408447266,36.66330337524414,0.9693750683210262,0.8587296009063721,0.33823060989379883,0.575,0.0,50.37674883024022,36.549337299729345,204800.0001,0.0,0.05681350827217102,0.22969646751880646,0.0,0.1787099689245224,0.22536446154117584,0.25281065702438354,-1.6463370323181152,-1.5572007894515991,-1.5048822164535522,0.0,1.0
