total_env_steps,update,completed_episodes,completed_episode_return_mean,completed_episode_length_mean,actor_policy_loss,critic_loss,entropy,approx_kl,clip_fraction,actor_grad_norm,critic_grad_norm,advantage_raw_mean,advantage_raw_std,value_target_mean,value_target_std,value_prediction_mean_pre,value_prediction_std_pre,explained_variance_pre,actor_grad_norm_max,critic_grad_norm_max,actor_grad_clip_fraction,critic_grad_clip_fraction,value_normalizer_mean,value_normalizer_std,value_normalizer_count,hard_speed_accel_violations,action_mean,action_std,action_saturation_ratio,raw_log_std_min,raw_log_std_mean,raw_log_std_max,clamped_log_std_min,clamped_log_std_mean,clamped_log_std_max,raw_log_std_gt_max_ratio,finite
1024,1,5,132.97679367983102,111.0,-0.006025777594186365,128.27624492645265,-0.23957702219486238,0.006027921970235184,0.04873046875,0.5414588749408722,59.18306312561035,16.32137107849121,5.841438293457031,16.254735946655273,5.810964584350586,-0.0666363313794136,0.14118117094039917,-0.010515854544633774,1.1028664112091064,77.30360412597656,0.475,1.0,0.0,1.0,0.0,0.0,0.0718463733792305,0.22734187543392181,0.0,0.2551906704902649,0.2566782236099243,0.25865092873573303,-1.5004165172576904,-1.4976168870925903,-1.4939334392547607,0.0,1.0
2048,2,10,131.73615915567547,114.0,-0.004252166912192479,130.8181407928467,-0.2338297188282013,0.0036470745093538427,0.02841796875,0.5018953628838062,44.576249313354495,15.114786148071289,8.097938537597656,15.35185718536377,6.9725236892700195,0.23707102239131927,2.252532720565796,-0.3488664244131727,0.7588182091712952,57.361331939697266,0.5,1.0,0.0,1.0,0.0,0.0,0.07111621648073196,0.22697563469409943,0.0,0.25580525398254395,0.257426917552948,0.2604859471321106,-1.4992642402648926,-1.496213436126709,-1.4904999732971191,0.0,1.0
3072,3,8,122.54690867753347,113.625,-0.0038607513532042505,110.70533924102783,-0.23166581317782403,0.002893147165013943,0.0296875,0.5500582206994296,56.93622264862061,13.898882865905762,8.185639381408691,15.722806930541992,7.507850646972656,1.82392418384552,2.6871798038482666,-0.18870470217084057,1.0881648063659668,67.46853637695312,0.55,1.0,0.0,1.0,0.0,0.0,0.06854218989610672,0.22672517597675323,0.0,0.25637155771255493,0.25724324584007263,0.258775919675827,-1.4982028007507324,-1.4965616464614868,-1.493699550628662,0.0,1.0
4096,4,9,118.92661870645533,98.44444444444444,-0.0055302644497714935,109.0942533493042,-0.23625975996255874,0.00641487465472892,0.041796875,0.5425105441361666,58.136444091796875,14.831758499145508,6.760876178741455,15.100370407104492,7.050745964050293,0.2686121463775635,3.0065157413482666,0.08053364293983012,0.8782604336738586,65.39884185791016,0.475,1.0,0.0,1.0,0.0,0.0,0.06607344001531601,0.22830095887184143,0.0,0.2545526325702667,0.2559622526168823,0.2573086619377136,-1.5016131401062012,-1.4989547729492188,-1.496446967124939,0.0,1.0
5120,5,9,137.98881403177205,121.0,-0.003852575208293274,97.38007965087891,-0.23827649354934693,0.0032417898793937637,0.0302978515625,0.5157568909227848,75.48369960784912,14.462557792663574,6.3983025550842285,15.399971008300781,9.137796401977539,0.9374145269393921,4.610316753387451,0.5097173122479006,0.9111015200614929,81.51924896240234,0.4,1.0,0.0,1.0,0.0,0.0,0.07050032168626785,0.22918717563152313,0.0,0.2552316188812256,0.256973534822464,0.25962698459625244,-1.5003397464752197,-1.4970955848693848,-1.4921067953109741,0.0,1.0
6144,6,8,156.099692401,130.5,-0.003979942679870873,108.66626205444337,-0.23160019367933274,0.003865241087623872,0.0364013671875,0.526627616584301,107.73828659057617,14.714254379272461,7.331604957580566,20.03171157836914,9.947113990783691,5.31745719909668,4.192233085632324,0.4567446491839563,0.9820737838745117,116.34234619140625,0.625,1.0,0.0,1.0,0.0,0.0,0.0699898898601532,0.22680293023586273,0.0,0.25603437423706055,0.2578926086425781,0.2606024742126465,-1.4988347291946411,-1.4953638315200806,-1.4902820587158203,0.0,1.0
7168,7,10,147.48385840824437,120.4,-0.002732880157418549,82.64679641723633,-0.22950511500239373,0.0015142782460316085,0.0192138671875,0.5511848196387291,102.48385162353516,12.879617691040039,8.202838897705078,18.02094268798828,9.485669136047363,5.141324043273926,4.670598983764648,0.25218803767699416,1.0105961561203003,133.232666015625,0.55,1.0,0.0,1.0,0.0,0.0,0.07526584714651108,0.2296520173549652,0.0,0.25529447197914124,0.2574857175350189,0.26078739762306213,-1.5002219676971436,-1.4961261749267578,-1.489936351776123,0.0,1.0
8192,8,7,132.04617289278397,114.71428571428571,-0.002759430039441213,74.46954278945923,-0.2335130624473095,0.000984562368830666,0.0095703125,0.5291931726038456,103.9129680633545,13.050317764282227,6.075541019439697,19.172866821289062,10.856517791748047,6.122550010681152,8.009088516235352,0.6868237721286916,0.9103166460990906,156.4901123046875,0.525,1.0,0.0,1.0,0.0,0.0,0.07146099954843521,0.228763610124588,0.0,0.25287917256355286,0.2567482590675354,0.2615373134613037,-1.504753589630127,-1.4975231885910034,-1.4885342121124268,0.0,1.0
9216,9,7,145.31406159802165,118.28571428571429,-0.00340359746478498,79.53901567459107,-0.2349944867193699,0.005291789206967224,0.0304443359375,0.5606094628572464,118.76671657562255,13.440366744995117,6.370489120483398,23.743568420410156,10.235469818115234,10.303200721740723,6.246817588806152,0.6126264016926575,0.9294962882995605,178.66241455078125,0.625,1.0,0.0,1.0,0.0,0.0,0.07621084898710251,0.2277427613735199,0.0,0.2534424066543579,0.2572441101074219,0.2603299021720886,-1.503696322441101,-1.4965624809265137,-1.4907917976379395,0.0,1.0
10240,10,9,158.51504802624106,130.11111111111111,-0.0030964385834522544,76.905184841156,-0.22941724881529807,0.0022668663266813384,0.018408203125,0.4533343270421028,109.87283096313476,11.728593826293945,7.45819091796875,25.021102905273438,12.732983589172363,13.29250717163086,7.272191047668457,0.6569111369041275,0.8810355067253113,143.1000213623047,0.35,1.0,0.0,1.0,0.0,0.0,0.06544110924005508,0.22886483371257782,0.0,0.2527298033237457,0.25855115056037903,0.2620728611946106,-1.5050339698791504,-1.494109034538269,-1.4875333309173584,0.0,1.0
11264,11,9,160.4250857304863,134.44444444444446,-0.005547009472502395,65.55246877670288,-0.2230033718049526,0.0058971108635887505,0.041943359375,0.543820184469223,102.36648979187012,11.238636016845703,6.039745807647705,24.412029266357422,13.58228874206543,13.173395156860352,9.360568046569824,0.8022614258650937,0.8743990659713745,155.43222045898438,0.6,1.0,0.0,1.0,0.0,0.0,0.06500556319952011,0.2314356118440628,0.0,0.2532702684402466,0.25946497917175293,0.26344960927963257,-1.5040193796157837,-1.492401123046875,-1.4849615097045898,0.0,1.0
12288,12,8,134.9532699795812,116.375,-0.005003213963937015,59.4626748085022,-0.21904586330056192,0.00253781449428061,0.046240234375,0.5761539921164512,101.30841159820557,10.740167617797852,7.122989654541016,24.543956756591797,13.33810806274414,13.803790092468262,10.291815757751465,0.7148087836446704,1.0520458221435547,183.0487518310547,0.7,1.0,0.0,1.0,0.0,0.0,0.07366030663251877,0.22787578403949738,0.0,0.25506871938705444,0.2597644031047821,0.2626851499080658,-1.5006451606750488,-1.4918631315231323,-1.486389398574829,0.0,1.0
13312,13,9,148.04681590299913,125.44444444444444,-0.00495745621738024,64.6928108215332,-0.21748578548431396,0.0031408594251843168,0.0374755859375,0.5081319019198418,99.27365036010742,10.693522453308105,6.636075973510742,28.377347946166992,13.513394355773926,17.683826446533203,9.838951110839844,0.758846373265444,0.9129597544670105,142.34214782714844,0.425,1.0,0.0,1.0,0.0,0.0,0.07065261900424957,0.2267870306968689,0.0,0.2571696639060974,0.26031574606895447,0.26243656873703003,-1.4967074394226074,-1.4908229112625122,-1.486853837966919,0.0,1.0
14336,14,7,153.0788423780584,133.85714285714286,-0.003506324894260615,56.59860038757324,-0.21369366124272346,0.0043759073989349416,0.0243896484375,0.5082610227167607,87.77993907928467,7.893802642822266,9.010550498962402,26.695064544677734,17.6212215423584,18.801259994506836,12.207693099975586,0.7385247463577529,1.299841284751892,114.82660675048828,0.425,1.0,0.0,1.0,0.0,0.0,0.07270383834838867,0.22581890225410461,0.0,0.25793877243995667,0.2612048089504242,0.26594382524490356,-1.4952667951583862,-1.489184021949768,-1.48030686378479,0.0,1.0
15360,15,8,141.57436094384173,124.125,-0.003530421596951783,68.5365364074707,-0.20911880210042,0.002216274473175872,0.0220947265625,0.464087038859725,103.509423828125,9.916692733764648,7.811479568481445,32.519569396972656,16.142642974853516,22.60287857055664,10.790528297424316,0.76583748889932,0.9352471828460693,117.90226745605469,0.35,1.0,0.0,1.0,0.0,0.0,0.07871410995721817,0.23016861081123352,0.0,0.2577516734600067,0.26158058643341064,0.26658764481544495,-1.495617151260376,-1.4884438514709473,-1.4791064262390137,0.0,1.0
16384,16,9,170.34326835198584,138.77777777777777,-0.004006594722159207,66.15941801071168,-0.20523878931999207,0.0032490959609276617,0.0330810546875,0.5260616142302752,100.48182029724121,8.400323867797852,9.734148979187012,31.020334243774414,17.3002872467041,22.620010375976562,13.074142456054688,0.6834157098172591,0.8606782555580139,156.07908630371094,0.5,1.0,0.0,1.0,0.0,0.0,0.07063043862581253,0.22495852410793304,0.0,0.2576908469200134,0.26294460892677307,0.2691132724285126,-1.4957311153411865,-1.4859012365341187,-1.4744009971618652,0.0,1.0
17408,17,8,148.89864954078575,130.375,-0.002722144254948944,57.15340709686279,-0.19871851205825805,0.0015214934377581813,0.025146484375,0.5560422174632549,79.03492336273193,8.855695724487305,8.259193420410156,27.25605010986328,19.786096572875977,18.400352478027344,19.272581100463867,0.8257571229030167,1.0984410047531128,144.45924377441406,0.475,1.0,0.0,1.0,0.0,0.0,0.06886027008295059,0.23147812485694885,0.0,0.2593826651573181,0.26360979676246643,0.2700957655906677,-1.4925639629364014,-1.4846700429916382,-1.4725720882415771,0.0,1.0
18432,18,8,134.31013648184035,127.25,-0.004262806370388716,65.02914657592774,-0.19872249104082584,0.0022106138363596982,0.0238037109375,0.5268667422235012,95.94605693817138,8.902519226074219,10.01879596710205,26.2630558013916,21.487529754638672,17.360538482666016,21.78444480895996,0.7826007107985977,1.1892640590667725,179.46778869628906,0.475,1.0,0.0,1.0,0.0,0.0,0.0763990506529808,0.2252698838710785,0.0,0.25761789083480835,0.26294583082199097,0.2707086503505707,-1.4958677291870117,-1.4858945608139038,-1.4714317321777344,0.0,1.0
19456,19,7,160.4647956940219,130.42857142857142,-0.004219636821653694,47.98365621566772,-0.2010883443057537,0.005405431892722845,0.0305908203125,0.4726831499487162,93.61517181396485,8.96312141418457,7.3201069831848145,29.02821922302246,18.66843032836914,20.06509780883789,17.737850189208984,0.8462485201933257,1.1254583597183228,223.6188507080078,0.3,1.0,0.0,1.0,0.0,0.0,0.06994932144880295,0.22916382551193237,0.0,0.25749149918556213,0.26293912529945374,0.27214837074279785,-1.4961044788360596,-1.4859414100646973,-1.468754529953003,0.0,1.0
20480,20,8,142.02757532963335,132.375,-0.006768978841137141,48.306991004943846,-0.19862511940300465,0.00669863551738672,0.0642822265625,0.5770042598247528,82.1906255722046,6.171468734741211,9.55630874633789,32.412269592285156,20.396921157836914,26.240802764892578,16.129596710205078,0.7804916065375176,1.034345269203186,150.4495849609375,0.65,1.0,0.0,1.0,0.0,0.0,0.07291807234287262,0.2267574816942215,0.0,0.2581673860549927,0.26391562819480896,0.27450326085090637,-1.4948387145996094,-1.4841264486312866,-1.4643797874450684,0.0,1.0
21504,21,8,159.75786735945465,139.0,-0.0037572798784822224,50.451728630065915,-0.19554978422820568,0.005052711427561007,0.03134765625,0.5264235198497772,80.61126604080201,7.872330665588379,8.294376373291016,31.595273971557617,19.3897762298584,23.722942352294922,18.500078201293945,0.8170123201886493,0.9611583948135376,164.544921875,0.45,1.0,0.0,1.0,0.0,0.0,0.06785602867603302,0.22630581259727478,0.0,0.2556268572807312,0.2637532651424408,0.2757507860660553,-1.499598741531372,-1.484430193901062,-1.4620643854141235,0.0,1.0
22528,22,6,157.67308833455527,130.66666666666666,-0.0054659844259731475,35.497130155563354,-0.19765764735639096,0.005473094426270109,0.0489990234375,0.5383968718349934,82.42533330917358,8.004096984863281,6.073349952697754,32.38585662841797,18.786745071411133,24.38176155090332,17.48946189880371,0.8954910306225108,0.9829351305961609,198.68927001953125,0.5,1.0,0.0,1.0,0.0,0.0,0.0716622993350029,0.22738017141819,0.0,0.2532632648944855,0.26328912377357483,0.2757315933704376,-1.5040326118469238,-1.48529052734375,-1.4621000289916992,0.0,1.0
23552,23,7,146.6092745059943,137.71428571428572,-0.00436178466770798,57.87881011962891,-0.2006886750459671,0.0038386170563171618,0.02587890625,0.454525500908494,94.53152580261231,7.85046911239624,9.988748550415039,32.8065299987793,23.269142150878906,24.9560604095459,22.16560935974121,0.8157271098164051,0.8716186285018921,168.57077026367188,0.325,1.0,0.0,1.0,0.0,0.0,0.07355925440788269,0.22949247062206268,0.0,0.2533271014690399,0.2626698911190033,0.27419784665107727,-1.5039126873016357,-1.4864732027053833,-1.4649467468261719,0.0,1.0
24576,24,9,159.03985958775257,139.11111111111111,-0.005636421893723309,57.62918262481689,-0.20060798190534115,0.005506561485526617,0.0545166015625,0.47551523707807064,89.2569787979126,4.717660903930664,11.849132537841797,31.758846282958984,25.274761199951172,27.041187286376953,20.4783992767334,0.7802145349016851,0.8890781402587891,206.14723205566406,0.35,1.0,0.0,1.0,0.0,0.0,0.06765502691268921,0.2271820455789566,0.0,0.2568562924861908,0.2635299265384674,0.27220454812049866,-1.4972944259643555,-1.484817385673523,-1.4686501026153564,0.0,1.0
25600,25,5,128.01867565526325,130.2,-0.004449268715688959,46.01197385787964,-0.2005591917783022,0.004481593922537286,0.028515625,0.4889915086328983,86.50874214172363,7.459150314331055,8.53749942779541,34.43377685546875,22.61944580078125,26.974624633789062,21.504638671875,0.8575385357767099,0.8629807829856873,213.03009033203125,0.45,1.0,0.0,1.0,0.0,0.0,0.07035195082426071,0.22898325324058533,0.0,0.255905419588089,0.26210615038871765,0.2702205777168274,-1.49907648563385,-1.4874939918518066,-1.4723398685455322,0.0,1.0
26624,26,8,154.42232122590366,135.375,-0.005167554237414151,53.59658803939819,-0.2098058983683586,0.006901448813732713,0.0641845703125,0.5465614434331656,80.27722873687745,5.094293594360352,10.913766860961914,34.80097961425781,25.619590759277344,29.706684112548828,21.14628028869629,0.8185299287321883,0.9796813726425171,171.3040008544922,0.55,1.0,0.0,1.0,0.0,0.0,0.06902561336755753,0.2254023551940918,0.0,0.2550618052482605,0.26080283522605896,0.26904967427253723,-1.5006581544876099,-1.4899349212646484,-1.4745192527770996,0.0,1.0
27648,27,7,164.4965267573602,141.0,-0.006348281470127404,40.20958976745605,-0.21136824041604996,0.005400619081046898,0.0536376953125,0.49233303144574164,79.59309511184692,8.889122009277344,5.06191349029541,37.470115661621094,22.50640296936035,28.580995559692383,21.653888702392578,0.9494155231843661,0.8549423217773438,177.3086395263672,0.425,1.0,0.0,1.0,0.0,0.0,0.06719368696212769,0.22740335762500763,0.0,0.25623393058776855,0.26155558228492737,0.26854121685028076,-1.4984607696533203,-1.4885197877883911,-1.475466251373291,0.0,1.0
28672,28,7,182.6753257335949,151.28571428571428,-0.00385530071798712,36.39427289962769,-0.20267488472163678,0.0020996005696360953,0.038818359375,0.476149320974946,75.42764921188355,7.32271671295166,6.076322078704834,44.05280303955078,18.5317325592041,36.73008728027344,14.659316062927246,0.8924898338241416,0.8625132441520691,124.38853454589844,0.475,1.0,0.0,1.0,0.0,0.0,0.06325305253267288,0.22640633583068848,0.0,0.2587297558784485,0.26397809386253357,0.27165889739990234,-1.4937858581542969,-1.4839930534362793,-1.469664454460144,0.0,1.0
29696,29,7,198.86505695234789,163.71428571428572,-0.005768542678561061,38.234929370880124,-0.1923310339450836,0.007109235516691115,0.0466796875,0.5711470328271389,86.37334699630738,6.2801008224487305,8.751523971557617,42.73186492919922,21.278230667114258,36.45176315307617,19.440977096557617,0.8308405252781025,1.146957278251648,186.56175231933594,0.55,1.0,0.0,1.0,0.0,0.0,0.057878702878952026,0.22952519357204437,0.0,0.25863322615623474,0.2648163139820099,0.2739485204219818,-1.4939665794372559,-1.4824150800704956,-1.465409755706787,0.0,1.0
30720,30,6,152.7235900065317,152.83333333333334,-0.005541095550870523,50.66764445304871,-0.19245470985770224,0.0045416303182719275,0.044482421875,0.5467734560370445,76.76048874855042,3.6363346576690674,11.094886779785156,35.0723876953125,30.196950912475586,31.436054229736328,27.33950424194336,0.8650044171829523,1.0309017896652222,188.25990295410156,0.625,1.0,0.0,1.0,0.0,0.0,0.06444674730300903,0.23095086216926575,0.0,0.25777244567871094,0.2638554871082306,0.2726997137069702,-1.4955782890319824,-1.4842077493667603,-1.4677298069000244,0.0,1.0
31744,31,6,164.14583153121438,153.83333333333334,-0.004000160534633324,58.74959163665771,-0.19579102732241155,0.004474836996814701,0.031201171875,0.5322738774120808,127.53582401275635,5.0886077880859375,11.572821617126465,43.16981506347656,26.76860237121582,38.081207275390625,21.533296585083008,0.8130923518996921,0.9898024797439575,262.1428527832031,0.5,1.0,0.0,1.0,0.0,0.0,0.06008973717689514,0.22908982634544373,0.0,0.256129652261734,0.26423999667167664,0.27406513690948486,-1.498656153678894,-1.4835257530212402,-1.465193271636963,0.0,1.0
32768,32,5,187.40134761786757,181.0,-0.00406557010137476,52.98495454788208,-0.19335558004677295,0.005013388606312219,0.0297119140625,0.5539268650114536,88.03854265213013,7.692495346069336,8.727362632751465,41.36732482910156,29.324485778808594,33.674827575683594,29.18050765991211,0.911426212870084,1.2661560773849487,209.88511657714844,0.475,1.0,0.0,1.0,0.0,0.0,0.06496111303567886,0.22456398606300354,0.0,0.25455695390701294,0.26416006684303284,0.2763422727584839,-1.5016050338745117,-1.4836777448654175,-1.4609671831130981,0.0,1.0
33792,33,6,213.51724360415653,208.0,-0.00418694521067664,54.67996673583984,-0.19836819358170033,0.003978791541885585,0.024072265625,0.5313046090304852,104.86229038238525,4.506497383117676,11.215229988098145,34.68764877319336,34.450748443603516,30.18115234375,31.700536727905273,0.8940211837000495,1.0120784044265747,330.9156799316406,0.55,1.0,0.0,1.0,0.0,0.0,0.06079288199543953,0.22830049693584442,0.0,0.24953524768352509,0.2625386118888855,0.2763420045375824,-1.5110365152359009,-1.4867030382156372,-1.460967779159546,0.0,1.0
34816,34,6,177.61352055519546,167.5,-0.005121973785571754,77.13921003341675,-0.20384656079113483,0.004048764603794552,0.044580078125,0.5671366944909095,135.85822839736937,3.4986510276794434,15.034453392028809,32.09617614746094,33.670875549316406,28.59752655029297,33.543514251708984,0.8006269682386631,0.9231880903244019,311.5605773925781,0.6,1.0,0.0,1.0,0.0,0.0,0.0607488751411438,0.23449890315532684,0.0,0.24920696020126343,0.262832373380661,0.2773260474205017,-1.5116539001464844,-1.4862016439437866,-1.459143042564392,0.0,1.0
35840,35,6,185.65795562337792,176.66666666666666,-0.004300009121652693,66.77824506759643,-0.19955172911286354,0.004013693213346414,0.0284912109375,0.5223806265741586,163.441348361969,2.4453821182250977,14.397124290466309,37.070640563964844,30.772523880004883,34.62525939941406,29.151206970214844,0.7811103178869198,0.757140576839447,474.9413146972656,0.55,1.0,0.0,1.0,0.0,0.0,0.05362283065915108,0.23048484325408936,0.0,0.25088053941726685,0.2634216845035553,0.2767444849014282,-1.5085076093673706,-1.4850859642028809,-1.460221290588379,0.0,1.0
36864,36,6,174.3398951613981,158.83333333333334,-0.006570218200795353,51.52789669036865,-0.19883416444063187,0.0058142250694800165,0.0676513671875,0.5803263034671545,151.99465284347534,5.6118268966674805,12.6339693069458,40.78980255126953,31.980323791503906,35.17797088623047,31.817689895629883,0.8439319699147837,1.0866941213607788,365.9342346191406,0.65,1.0,0.0,1.0,0.0,0.0,0.0637189969420433,0.23287862539291382,0.0,0.25023725628852844,0.2632443606853485,0.2765093147754669,-1.5097166299819946,-1.485413670539856,-1.4606573581695557,0.0,1.0
37888,37,6,163.06906070025892,162.83333333333334,-0.005025341780856252,37.14354829788208,-0.19891864694654943,0.002721680366084911,0.0438720703125,0.5541495490819216,71.47204427719116,5.699893951416016,8.407079696655273,42.338584899902344,28.76291275024414,36.63868713378906,27.24394416809082,0.9145672160610772,1.0756819248199463,149.95713806152344,0.575,1.0,0.0,1.0,0.0,0.0,0.0665682926774025,0.2314489185810089,0.0,0.2527766823768616,0.2634473741054535,0.27586689591407776,-1.504945993423462,-1.4850019216537476,-1.4618489742279053,0.0,1.0
38912,38,8,170.87913231571352,156.75,-0.0034519968030508608,40.880530500411986,-0.199161259457469,0.003580792550928891,0.026025390625,0.5120713680982589,74.69121046066284,4.668298721313477,9.898211479187012,43.85344314575195,31.035938262939453,39.185142517089844,27.971349716186523,0.8982852967629921,0.8912178874015808,199.1734161376953,0.525,1.0,0.0,1.0,0.0,0.0,0.0579964704811573,0.229793518781662,0.0,0.2529463469982147,0.2631019055843353,0.27547428011894226,-1.5046274662017822,-1.4856573343276978,-1.46257746219635,0.0,1.0
39936,39,6,165.457438063329,166.0,-0.003933509602211416,32.45129141807556,-0.203571654856205,0.004756063336390071,0.0242919921875,0.48688015900552273,58.592123460769656,5.271860122680664,8.826000213623047,31.808944702148438,35.2214241027832,26.537086486816406,36.44953918457031,0.9372065817541241,0.9548379778862,115.3982925415039,0.475,1.0,0.0,1.0,0.0,0.0,0.05663331225514412,0.23315203189849854,0.0,0.25073105096817017,0.26180532574653625,0.2745511829853058,-1.5087885856628418,-1.4880638122558594,-1.4642908573150635,0.0,1.0
40960,40,6,160.64401640489982,164.83333333333334,-0.0037822230835445224,31.057888412475585,-0.20668226554989816,0.004964737300178967,0.0363525390625,0.5241862736642361,81.619016456604,2.179405450820923,9.460403442382812,35.01374816894531,32.95580291748047,32.83434295654297,31.288436889648438,0.9175946233137504,0.8486878275871277,195.20884704589844,0.5,1.0,0.0,1.0,0.0,0.0,0.06042342260479927,0.23052990436553955,0.0,0.25140586495399475,0.26229479908943176,0.27541181445121765,-1.5075205564498901,-1.4871431589126587,-1.462693452835083,0.0,1.0
41984,41,6,187.32547384762736,171.0,-0.004158464359352365,27.20114665031433,-0.20721945427358152,0.004982517150347121,0.020458984375,0.5511579446494579,70.469322681427,3.9457311630249023,8.108272552490234,44.58015441894531,30.12549591064453,40.634422302246094,27.74207878112793,0.9275583598186738,1.0973658561706543,148.09573364257812,0.575,1.0,0.0,1.0,0.0,0.0,0.0564754493534565,0.2315661460161209,0.0,0.25030815601348877,0.2610737979412079,0.27284640073776245,-1.5095833539962769,-1.4894232749938965,-1.4674571752548218,0.0,1.0
43008,42,4,194.04284578814935,171.0,-0.005073328129947185,22.1904616355896,-0.2154486794024706,0.005268085407442414,0.043701171875,0.5201829239726067,60.904041862487794,6.320370674133301,5.7146711349487305,44.49481201171875,29.286067962646484,38.17444610595703,29.665828704833984,0.9619232100368074,0.844802737236023,148.702880859375,0.55,1.0,0.0,1.0,0.0,0.0,0.05098198726773262,0.23452359437942505,0.0,0.24842283129692078,0.2596227824687958,0.27114108204841614,-1.5131289958953857,-1.4921479225158691,-1.4706274271011353,0.0,1.0
44032,43,5,189.74970962944377,174.0,-0.005360091268084943,29.55472183227539,-0.22073038816452026,0.0032878287180210463,0.0445556640625,0.543030884116888,90.54264340400695,4.5974626541137695,9.833467483520508,40.128334045410156,29.696529388427734,35.53086853027344,31.18048858642578,0.8903516727272553,0.9131428599357605,221.9683380126953,0.5,1.0,0.0,1.0,0.0,0.0,0.06180465593934059,0.2390490174293518,0.0,0.24953889846801758,0.2594658434391022,0.27087247371673584,-1.5110297203063965,-1.4924241304397583,-1.4711270332336426,0.0,1.0
45056,44,7,209.20222849947078,198.57142857142858,-0.00678539234213531,20.3128399848938,-0.2206942167133093,0.005735319937230088,0.064111328125,0.6042519308626652,54.365319061279294,3.040050506591797,7.173769474029541,46.546607971191406,32.757911682128906,43.50655746459961,29.271421432495117,0.9520418425669388,1.2942782640457153,100.92697143554688,0.575,1.0,0.0,1.0,0.0,0.0,0.05661924183368683,0.23293928802013397,0.0,0.24895690381526947,0.2594143748283386,0.27074721455574036,-1.5121243000030518,-1.4925616979599,-1.4713599681854248,0.0,1.0
46080,45,7,146.32917598000017,142.28571428571428,-0.00685744290240109,45.08174614906311,-0.21832541450858117,0.0066458325032726865,0.065869140625,0.5022747121751309,74.5307056427002,1.1190439462661743,11.60001277923584,51.31320571899414,29.712106704711914,50.19416046142578,26.558908462524414,0.8475771668658958,0.8879151344299316,139.41165161132812,0.475,1.0,0.0,1.0,0.0,0.0,0.04476604983210564,0.23562972247600555,0.0,0.2506212890148163,0.2605537474155426,0.26977866888046265,-1.5089948177337646,-1.4904237985610962,-1.4731621742248535,0.0,1.0
47104,46,6,160.5351960868479,174.16666666666666,-0.004142284370027482,37.15243744850159,-0.21220534294843674,0.0031189653833280317,0.0272705078125,0.4365971591323614,90.03598041534424,-0.33344951272010803,11.25360107421875,44.057804107666016,35.75240707397461,44.39125442504883,31.39742088317871,0.900923094634816,0.6949427723884583,168.39064025878906,0.275,1.0,0.0,1.0,0.0,0.0,0.047181446105241776,0.24787001311779022,0.0,0.25053441524505615,0.2613179683685303,0.27075400948524475,-1.5091581344604492,-1.4889582395553589,-1.4713473320007324,0.0,1.0
48128,47,6,167.75562677945018,172.5,-0.002986256155418232,15.030663394927979,-0.2127316404134035,0.0034315721422899514,0.0263671875,0.514213564991951,39.64092106819153,3.3723182678222656,5.38274621963501,42.335784912109375,34.20163345336914,38.963470458984375,32.35628128051758,0.9752306795516511,0.9596213698387146,79.30118560791016,0.45,1.0,0.0,1.0,0.0,0.0,0.06143881753087044,0.24907119572162628,0.0,0.2484644651412964,0.26003554463386536,0.27063876390457153,-1.5130505561828613,-1.4913595914840698,-1.4715617895126343,0.0,1.0
49152,48,6,195.16448258266624,191.83333333333334,-0.004444299777969718,20.701800370216368,-0.22182859890162945,0.005004017404280603,0.0351806640625,0.5853907346725464,104.79490060806275,2.7496371269226074,8.905287742614746,37.99101257324219,36.3709831237793,35.24137496948242,36.03401565551758,0.9400504630720136,1.2929368019104004,339.9206237792969,0.675,1.0,0.0,1.0,0.0,0.0,0.05157145857810974,0.25111788511276245,0.0,0.24678029119968414,0.2586016356945038,0.2683093249797821,-1.5162205696105957,-1.494077205657959,-1.475898027420044,0.0,1.0
50176,49,5,172.85428969181493,180.6,-0.004458970593987033,21.176563382148743,-0.22674994096159934,0.004080339879146777,0.04228515625,0.5309141874313354,59.75132646560669,2.162144899368286,8.178353309631348,42.708351135253906,33.501800537109375,40.54620361328125,31.687984466552734,0.9404069723492458,1.0636794567108154,161.21536254882812,0.45,1.0,0.0,1.0,0.0,0.0,0.04456281661987305,0.24121256172657013,0.0,0.24664363265037537,0.258244127035141,0.26693880558013916,-1.5164779424667358,-1.4947142601013184,-1.4784517288208008,0.0,1.0
51200,50,5,200.68722512649305,208.6,-0.0029568236554041506,22.168464851379394,-0.22781517803668977,0.002951414178824052,0.026953125,0.4980574309825897,72.06872272491455,2.852189064025879,8.585099220275879,43.53716278076172,36.2740478515625,40.684974670410156,34.260414123535156,0.9439857367370047,0.9827699065208435,173.9534912109375,0.5,1.0,0.0,1.0,0.0,0.0,0.0502193458378315,0.24295948445796967,0.0,0.24706736207008362,0.25805696845054626,0.265150249004364,-1.5156800746917725,-1.4950681924819946,-1.4817872047424316,0.0,1.0
52224,51,5,190.46037005865128,186.6,-0.004269079363439232,15.038165402412414,-0.23136166259646415,0.004806953077786602,0.042919921875,0.5874804735183716,53.67839798927307,4.118215560913086,6.186345100402832,41.50581359863281,33.36271286010742,37.38759994506836,32.68538284301758,0.9656168572290683,1.2133296728134155,138.1722869873047,0.575,1.0,0.0,1.0,0.0,0.0,0.05294220522046089,0.24609771370887756,0.0,0.24583615362644196,0.2568107843399048,0.26386120915412903,-1.5179988145828247,-1.4974265098571777,-1.4841930866241455,0.0,1.0
53248,52,5,183.22564851874847,195.2,-0.006063990667462349,30.8685022354126,-0.23241757974028587,0.007221615566231776,0.06435546875,0.5517178609967232,112.89949522018432,2.0183935165405273,10.62701416015625,48.44306945800781,36.41127395629883,46.42467498779297,33.6962776184082,0.914817423618782,1.040725827217102,253.58163452148438,0.625,1.0,0.0,1.0,0.0,0.0,0.039237771183252335,0.24051782488822937,0.0,0.24766835570335388,0.25832077860832214,0.26680657267570496,-1.5145487785339355,-1.4945753812789917,-1.4786982536315918,0.0,1.0
54272,53,4,207.7604336315894,205.5,-0.006440629053395241,57.16814160346985,-0.22595370188355446,0.004801390531065408,0.0735107421875,0.5134610272943974,116.89410181045533,1.5293431282043457,13.43027114868164,50.81160354614258,36.00975036621094,49.28226089477539,33.75146484375,0.8608992856221077,0.7885376214981079,200.0820770263672,0.475,1.0,0.0,1.0,0.0,0.0,0.021506212651729584,0.24609586596488953,0.0,0.24844814836978912,0.2583821713924408,0.2664264142513275,-1.5130813121795654,-1.494462490081787,-1.4794070720672607,0.0,1.0
55296,54,6,206.49095332607695,220.66666666666666,-0.004630135174375027,42.60182189941406,-0.22694715037941932,0.005581350438296795,0.0480712890625,0.5312355682253838,120.63726711273193,-1.5377092361450195,12.61903190612793,48.261192321777344,37.430294036865234,49.79890441894531,34.012874603271484,0.8863405346792756,0.9102560877799988,246.13531494140625,0.475,1.0,0.0,1.0,0.0,0.0,0.01791626401245594,0.24649034440517426,0.0,0.2479497343301773,0.2582452595233917,0.26907074451446533,-1.5140191316604614,-1.4947079420089722,-1.474480152130127,0.0,1.0
56320,55,5,191.25159366271492,187.2,-0.0036700417171232403,32.029394316673276,-0.23239985927939416,0.002849130534741562,0.0260009765625,0.5337717585265637,123.65322093963623,1.286444902420044,11.676608085632324,50.12602615356445,33.90525817871094,48.83958053588867,34.2651252746582,0.8813960382648744,1.0511016845703125,319.19671630859375,0.55,1.0,0.0,1.0,0.0,0.0,0.036950383335351944,0.2400159388780594,0.0,0.24371306598186493,0.25608354806900024,0.2683025300502777,-1.5220003128051758,-1.498794674873352,-1.4759106636047363,0.0,1.0
57344,56,5,143.18392661602806,175.4,-0.003914957912638783,12.06696376800537,-0.24000234082341193,0.004206697989138775,0.0328369140625,0.5170282464474439,42.12555713653565,1.408931851387024,6.345974922180176,45.680908203125,37.00129699707031,44.271976470947266,34.36444854736328,0.9705854103077396,1.12043035030365,89.68756103515625,0.475,1.0,0.0,1.0,0.0,0.0,0.018849335610866547,0.2382606416940689,0.0,0.24162301421165466,0.2564501166343689,0.2692234516143799,-1.525943636894226,-1.4981073141098022,-1.4741957187652588,0.0,1.0
58368,57,5,209.5359946751008,218.2,-0.005421944009140134,16.544960069656373,-0.24029963687062264,0.002131174234091304,0.0405029296875,0.5058221682906151,60.816928911209104,1.2795863151550293,7.5480546951293945,47.40478515625,36.49424743652344,46.12519836425781,33.547142028808594,0.957221917770638,0.9228290319442749,176.9711151123047,0.425,1.0,0.0,1.0,0.0,0.0,0.024760842323303223,0.23690767586231232,0.0,0.2401561290025711,0.2551057040691376,0.2686671316623688,-1.528713583946228,-1.5006499290466309,-1.475231647491455,0.0,1.0
59392,58,6,192.45418797768232,208.0,-0.004608739493414759,35.91041750907898,-0.24546632841229438,0.0051742230440140705,0.0459716796875,0.4775762841105461,99.20087671279907,2.232085943222046,11.461573600769043,34.199554443359375,39.08546447753906,31.96746826171875,37.77734375,0.9140080327256968,1.2165319919586182,212.64303588867188,0.3,1.0,0.0,1.0,0.0,0.0,0.017267199233174324,0.2449280172586441,0.0,0.23870481550693512,0.2553146183490753,0.2722180187702179,-1.5314559936523438,-1.500259518623352,-1.4686250686645508,0.0,1.0
60416,59,2,271.10788651097516,259.0,-0.004292449296917767,13.375464630126952,-0.24290823116898536,0.0045990215236088264,0.0449462890625,0.5979876406490803,53.98503303527832,4.05364990234375,4.568871974945068,61.456947326660156,30.83670425415039,57.403297424316406,29.512786865234375,0.9780475969216704,1.258569598197937,152.6759490966797,0.6,1.0,0.0,1.0,0.0,0.0,0.01813189499080181,0.24084503948688507,0.0,0.23875662684440613,0.25553396344184875,0.2728237211704254,-1.531358003616333,-1.499860167503357,-1.4674992561340332,0.0,1.0
61440,60,5,255.98261927031734,241.6,-0.00478642808739096,34.25032866001129,-0.24162735790014267,0.005854462512070313,0.0600341796875,0.6086640737950801,186.23557815551757,3.5936758518218994,11.777114868164062,32.716041564941406,36.758522033691406,29.122364044189453,39.130889892578125,0.8973493361983977,1.0807127952575684,605.8056030273438,0.6,1.0,0.0,1.0,0.0,0.0,0.024520887061953545,0.24680787324905396,0.0,0.23920384049415588,0.2560420334339142,0.2724168598651886,-1.530512809753418,-1.4989045858383179,-1.4682554006576538,0.0,1.0
62464,61,4,264.1258946370755,256.25,-0.0033797351410612465,28.415101528167725,-0.2383792757987976,0.004595732461893931,0.031396484375,0.48699864745140076,85.90377950668335,1.468003511428833,10.218070983886719,56.654693603515625,35.595619201660156,55.18669128417969,31.59784698486328,0.9175966786061494,0.9810561537742615,197.4945831298828,0.4,1.0,0.0,1.0,0.0,0.0,0.01922043226659298,0.24199172854423523,0.0,0.23851971328258514,0.25661665201187134,0.27345040440559387,-1.5318058729171753,-1.4978251457214355,-1.4663350582122803,0.0,1.0
63488,62,6,207.46261621950507,213.16666666666666,-0.005274422047659755,28.53262069225311,-0.23818079084157945,0.004879331654228736,0.0485595703125,0.48729243576526643,118.55579299926758,0.9770135879516602,11.060938835144043,46.89931869506836,39.06924057006836,45.92230224609375,38.72483825683594,0.9198480636064653,1.1790807247161865,289.697021484375,0.25,1.0,0.0,1.0,0.0,0.0,0.013545040972530842,0.24447986483573914,0.0,0.23856422305107117,0.2560010254383087,0.273379385471344,-1.5317217111587524,-1.4990004301071167,-1.4664669036865234,0.0,1.0
64512,63,2,226.6506812174718,238.5,-0.004730140778701752,22.691078352928162,-0.24118291735649108,0.0040860432694898915,0.0544189453125,0.6139521684497595,107.56557235717773,0.49485355615615845,9.695024490356445,50.765140533447266,37.28449249267578,50.270286560058594,36.932247161865234,0.9323852711743439,1.2768332958221436,331.8425598144531,0.55,1.0,0.0,1.0,0.0,0.0,0.014418269507586956,0.24045410752296448,0.0,0.23844879865646362,0.25570160150527954,0.27460962533950806,-1.53193998336792,-1.499551773071289,-1.4641822576522827,0.0,1.0
65536,64,5,189.94212511920915,211.8,-0.006062802625820041,19.24342099428177,-0.2422235392034054,0.004083525031455792,0.0485107421875,0.555731862783432,133.38179025650024,5.665187835693359,9.077336311340332,27.3388671875,44.561492919921875,21.67367935180664,47.89744186401367,0.9585048492294315,1.0500274896621704,547.5491943359375,0.5,1.0,0.0,1.0,0.0,0.0,0.02512650191783905,0.24512621760368347,0.0,0.2386532723903656,0.2553096413612366,0.2738274335861206,-1.5315533876419067,-1.500289797782898,-1.4656347036361694,0.0,1.0
66560,65,5,256.970410895909,274.8,-0.004101166850887239,22.499759244918824,-0.24481953158974648,0.0041235291340854015,0.0239013671875,0.4922271158546209,105.5762725830078,1.4860787391662598,9.85158634185791,44.61711883544922,39.519432067871094,43.13103485107422,39.54340362548828,0.9378571805561341,0.8564513921737671,278.2333679199219,0.5,1.0,0.0,1.0,0.0,0.0,0.021353984251618385,0.24064777791500092,0.0,0.2373969405889511,0.25513359904289246,0.27303871512413025,-1.5339288711547852,-1.5005978345870972,-1.4670997858047485,0.0,1.0
67584,66,5,192.53754480265076,205.0,-0.004527781344950199,17.238236379623412,-0.247117368131876,0.005091825245472137,0.045556640625,0.5394479539245367,85.59440488815308,1.096625804901123,7.792889595031738,53.454681396484375,40.87216567993164,52.358055114746094,38.62303924560547,0.9636468757570166,1.1272648572921753,234.37551879882812,0.525,1.0,0.0,1.0,0.0,0.0,0.0032967545557767153,0.2342676818370819,0.0,0.23651403188705444,0.25417664647102356,0.27112653851509094,-1.5355992317199707,-1.5023936033248901,-1.4706544876098633,0.0,1.0
68608,67,7,188.6044310486709,204.42857142857142,-0.0035943355062045155,44.93922781944275,-0.2541261538863182,0.0010569186531938612,0.0324462890625,0.5558256484568119,216.93871040344237,-3.120152473449707,13.564423561096191,44.31696319580078,42.517574310302734,47.437110900878906,41.58222579956055,0.8982192357217059,1.0392911434173584,563.7322387695312,0.625,1.0,0.0,1.0,0.0,0.0,0.011622096411883831,0.23855827748775482,0.0,0.23356224596500397,0.2528549134731293,0.2717512249946594,-1.5411882400512695,-1.5048896074295044,-1.469492793083191,0.0,1.0
69632,68,3,161.75251722693872,196.66666666666666,-0.0037714605743531136,20.31103892326355,-0.2632728353142738,0.0017361718040774577,0.034423828125,0.5440223008394242,117.03075966835021,1.082230567932129,9.917019844055176,41.265037536621094,38.50237274169922,40.18280792236328,38.05651092529297,0.9336581715863739,0.963762640953064,348.3433837890625,0.6,1.0,0.0,1.0,0.0,0.0,0.010764210484921932,0.23076382279396057,0.0,0.23158839344978333,0.2507935166358948,0.2688840329647064,-1.5449298620224,-1.5087782144546509,-1.474827766418457,0.0,1.0
70656,69,5,212.4062066576435,211.6,-0.004708362999372185,6.81549551486969,-0.27297655791044234,0.0034946800311445258,0.04384765625,0.5370541267096997,56.678506565094,0.9548274278640747,5.73776912689209,45.042823791503906,38.343238830566406,44.08799362182617,39.537960052490234,0.977607191632365,0.9235731363296509,177.51409912109375,0.5,1.0,0.0,1.0,0.0,0.0,0.016700472682714462,0.2368524819612503,0.0,0.2304994910955429,0.24945591390132904,0.2666671872138977,-1.5469954013824463,-1.5112738609313965,-1.4789581298828125,0.0,1.0
71680,70,4,167.90328235033223,191.0,-0.004682959616184234,20.577904796600343,-0.278713221848011,0.005531739344587549,0.04697265625,0.5492071151733399,106.98192043304444,4.445675849914551,9.112360000610352,41.8663330078125,49.539344787597656,37.42066192626953,52.52779006958008,0.9661653851069488,1.0480499267578125,337.87591552734375,0.55,1.0,0.0,1.0,0.0,0.0,0.014420069754123688,0.24279558658599854,0.0,0.2304929792881012,0.24880142509937286,0.26513755321502686,-1.5470077991485596,-1.5124932527542114,-1.4818109273910522,0.0,1.0
72704,71,7,209.67349629825966,227.71428571428572,-0.0036107508349232376,18.245007967948915,-0.28151255995035174,0.0018617206704220734,0.0355224609375,0.5274369738996029,99.78617177009582,-1.9913995265960693,8.607283592224121,45.30536651611328,40.55107879638672,47.29676818847656,37.79286575317383,0.954946627520761,0.8625056147575378,252.37054443359375,0.575,1.0,0.0,1.0,0.0,0.0,0.005646985489875078,0.23961728811264038,0.0,0.2331165075302124,0.24863742291927338,0.2627685070037842,-1.5420329570770264,-1.5127843618392944,-1.4862337112426758,0.0,1.0
73728,72,4,181.7944106381347,191.75,-0.0049648049171082675,16.9533634185791,-0.28093747049570084,0.005384730195510201,0.0397705078125,0.4697145435959101,87.01273155212402,0.36597299575805664,8.891963005065918,46.35807800292969,38.372798919677734,45.99210739135742,38.76118087768555,0.9463032116700175,0.8191647529602051,315.4057922363281,0.325,1.0,0.0,1.0,0.0,0.0,0.016718007624149323,0.23928813636302948,0.0,0.2344444990158081,0.2488398402929306,0.2605122923851013,-1.5395169258117676,-1.5124040842056274,-1.4904507398605347,0.0,1.0
74752,73,5,191.45027436871285,204.6,-0.0031307899684179575,15.955436086654663,-0.2794469229876995,0.0027235130008193666,0.0196044921875,0.5262298993766308,112.56844263076782,1.8481898307800293,8.35001277923584,35.968833923339844,46.72439956665039,34.120643615722656,47.99601745605469,0.9680635383705758,0.9250490069389343,333.4255676269531,0.475,1.0,0.0,1.0,0.0,0.0,0.017596043646335602,0.24209149181842804,0.0,0.23464009165763855,0.24910517036914825,0.26225027441978455,-1.5391465425491333,-1.5118974447250366,-1.4872018098831177,0.0,1.0
75776,74,3,242.18744730678443,259.0,-0.005449226556811482,7.444815668463707,-0.28421216607093813,0.002208316286851186,0.043701171875,0.5644271291792393,91.48186099529266,4.4054036140441895,6.251875400543213,41.58915710449219,39.93407440185547,37.183753967285156,43.712867736816406,0.975490557845934,1.1484792232513428,370.66986083984375,0.6,1.0,0.0,1.0,0.0,0.0,0.01809823326766491,0.23470737040042877,0.0,0.23177018761634827,0.24666471779346466,0.26199638843536377,-1.544585108757019,-1.516499638557434,-1.4876762628555298,0.0,1.0
76800,75,5,219.88583018779553,229.6,-0.004089544992893934,24.14706144332886,-0.298248702287674,0.0038241312257014217,0.03896484375,0.5592164225876332,116.5471571445465,2.187861680984497,10.566454887390137,35.33681106567383,42.15971374511719,33.148948669433594,43.7397346496582,0.9371850205808242,1.0040862560272217,351.6802062988281,0.625,1.0,0.0,1.0,0.0,0.0,0.018801169469952583,0.2407502979040146,0.0,0.2289976179599762,0.24492676556110382,0.2596519887447357,-1.5498460531234741,-1.519805908203125,-1.4920599460601807,0.0,1.0
77824,76,6,196.08104307289648,212.16666666666666,-0.0055946768028661605,10.451012456417084,-0.30471752732992174,0.005079767890856601,0.0540771484375,0.5926923461258411,83.95628161430359,-1.3490219116210938,7.246235370635986,49.457603454589844,39.40963363647461,50.80663299560547,36.511810302734375,0.9661919556826176,1.1043457984924316,260.0584411621094,0.675,1.0,0.0,1.0,0.0,0.0,0.019896039739251137,0.23835617303848267,0.0,0.2281707227230072,0.24428212642669678,0.2586383819580078,-1.5514163970947266,-1.5210050344467163,-1.4939569234848022,0.0,1.0
78848,77,3,209.9920558760737,227.66666666666666,-0.004752331163035706,9.314321726560593,-0.30459088161587716,0.005737004560069181,0.040283203125,0.5619663268327713,74.72622723579407,1.3992924690246582,6.9225077629089355,33.54231262207031,40.13931655883789,32.14302062988281,42.60608673095703,0.9702568533430679,1.0466481447219849,256.1913146972656,0.575,1.0,0.0,1.0,0.0,0.0,0.015989290550351143,0.23386426270008087,0.0,0.23028156161308289,0.24506209790706635,0.2587091326713562,-1.547408938407898,-1.5195039510726929,-1.4938244819641113,0.0,1.0
79872,78,6,176.9515328727832,202.33333333333334,-0.004985892586410046,11.805619472265244,-0.29965650141239164,0.0023930239796754902,0.0353759765625,0.45046602338552477,62.61995425224304,1.1015913486480713,7.233343124389648,55.52763366699219,38.752174377441406,54.42604064941406,37.62628173828125,0.965159369848396,0.9441117644309998,223.5354461669922,0.225,1.0,0.0,1.0,0.0,0.0,0.03146021068096161,0.24081376194953918,0.0,0.2331613153219223,0.24576832354068756,0.2592323124408722,-1.5419479608535767,-1.5181751251220703,-1.4928452968597412,0.0,1.0
80896,79,7,179.43858322989635,192.28571428571428,-0.0037070242047775536,24.96756229400635,-0.2980924487113953,0.0029313471430214124,0.052197265625,0.5800132706761361,103.288991689682,-2.2373340129852295,9.926660537719727,41.302947998046875,43.696102142333984,43.540283203125,40.8333854675293,0.9483915316805986,1.0410497188568115,235.58938598632812,0.625,1.0,0.0,1.0,0.0,0.0,0.026094786822795868,0.23483382165431976,0.0,0.23300662636756897,0.24538886547088623,0.25779739022254944,-1.542241096496582,-1.5188655853271484,-1.4955315589904785,0.0,1.0
81920,80,4,148.15921300395277,169.5,-0.003790655528428033,41.05222421884537,-0.29948568269610404,0.0016765345833846367,0.0278564453125,0.5466198615729809,194.48244953155518,-3.3204751014709473,13.424897193908691,43.845611572265625,38.21830749511719,47.16608428955078,39.517704010009766,0.8766102668828649,1.025437355041504,459.31884765625,0.55,1.0,0.0,1.0,0.0,0.0,0.03131185844540596,0.23224429786205292,0.0,0.23299573361873627,0.24562658369541168,0.25635674595832825,-1.5422618389129639,-1.5184286832809448,-1.4982304573059082,0.0,1.0
82944,81,6,153.8003056405726,182.5,-0.003801388433203101,24.511292624473572,-0.2971391685307026,0.003462915729323868,0.0305419921875,0.4799076981842518,159.1289366722107,1.1475770473480225,11.592961311340332,32.42710876464844,42.84059143066406,31.2795352935791,46.87446212768555,0.9267718850072921,0.893841028213501,475.8699951171875,0.35,1.0,0.0,1.0,0.0,0.0,0.019783828407526016,0.23085029423236847,0.0,0.23052643239498138,0.24612128734588623,0.2579159736633301,-1.5469443798065186,-1.5174980163574219,-1.495309591293335,0.0,1.0
83968,82,4,202.34273208001702,203.25,-0.005041140224784612,4.776480954885483,-0.29887173920869825,0.0035786795226158572,0.0375,0.5194237977266312,36.698934841156,-0.7053292989730835,4.778110504150391,51.56932067871094,32.05650329589844,52.27465057373047,34.37485885620117,0.9777832723744725,0.8590570092201233,100.9447250366211,0.475,1.0,0.0,1.0,0.0,0.0,0.013999012298882008,0.22633637487888336,0.0,0.2274731695652008,0.24462758004665375,0.25676754117012024,-1.552741527557373,-1.5203551054000854,-1.4974607229232788,0.0,1.0
84992,83,6,196.89644966732234,213.16666666666666,-0.005213358008768409,20.595456659793854,-0.3054221086204052,0.0055524748357129285,0.06328125,0.5659449264407158,127.29985232353211,6.641886234283447,8.075828552246094,26.123802185058594,43.33956527709961,19.481914520263672,45.5192756652832,0.9652779806497577,1.0897800922393799,394.1858825683594,0.65,1.0,0.0,1.0,0.0,0.0,0.01888711005449295,0.22777804732322693,0.0,0.22786076366901398,0.24443881213665009,0.2572232484817505,-1.5520051717758179,-1.5207176208496094,-1.4966069459915161,0.0,1.0
86016,84,4,251.38601987224897,243.5,-0.00422234273282811,9.433270317316055,-0.3061895430088043,0.004472615748818498,0.0317138671875,0.5262251831591129,61.874190831184386,1.9414749145507812,7.169434070587158,40.48149108886719,34.373687744140625,38.540016174316406,35.71284866333008,0.9564971693702662,1.0423259735107422,201.93069458007812,0.425,1.0,0.0,1.0,0.0,0.0,0.008429511450231075,0.22570444643497467,0.0,0.22656400501728058,0.2440004199743271,0.25805866718292236,-1.5544692277908325,-1.5215216875076294,-1.495042324066162,0.0,1.0
87040,85,5,170.92950077827143,203.2,-0.005146346826222725,11.16315233707428,-0.30806677117943765,0.00431797285709763,0.03759765625,0.48178988993167876,61.8889285326004,1.9812217950820923,7.108860015869141,43.74652862548828,40.0671272277832,41.76530456542969,39.28800964355469,0.968520809058821,0.6463490724563599,167.08583068847656,0.45,1.0,0.0,1.0,0.0,0.0,0.00863876473158598,0.2310725599527359,0.0,0.22494672238826752,0.24395699799060822,0.2588013708591461,-1.557544469833374,-1.5216293334960938,-1.4936518669128418,0.0,1.0
88064,86,5,234.76389555893394,224.0,-0.0062957632762845606,18.242720353603364,-0.30687559545040133,0.006719489619717934,0.048974609375,0.5187642827630043,129.75986824035644,3.899678945541382,9.18160629272461,30.770008087158203,35.83354568481445,26.87032699584961,39.39420700073242,0.9343465123019981,1.1459386348724365,410.0140686035156,0.45,1.0,0.0,1.0,0.0,0.0,0.009246201254427433,0.23157453536987305,0.0,0.22519239783287048,0.2444385141134262,0.25985410809516907,-1.557077169418335,-1.5207468271255493,-1.4916818141937256,0.0,1.0
89088,87,4,226.91862258324272,209.25,-0.003947631898336112,7.099742007255554,-0.3088770754635334,0.00424170197075,0.0338134765625,0.5424641229212284,41.735316491127016,2.702648639678955,4.931860446929932,59.08525085449219,35.562156677246094,56.382606506347656,36.069419860839844,0.9807670784579317,0.8556801676750183,122.76255798339844,0.5,1.0,0.0,1.0,0.0,0.0,0.0163189098238945,0.22750255465507507,0.0,0.22059041261672974,0.24283842742443085,0.2593933939933777,-1.5658385753631592,-1.523772120475769,-1.4925439357757568,0.0,1.0
90112,88,6,245.65149187834024,236.16666666666666,-0.0046702880878001455,17.54449826478958,-0.31526139229536054,0.0035078878529020583,0.034033203125,0.5225542061030864,70.02851710319518,2.6671054363250732,7.973484992980957,30.24066162109375,35.99809265136719,27.573556900024414,37.21979904174805,0.9509388929551659,1.227326512336731,182.4977264404297,0.45,1.0,0.0,1.0,0.0,0.0,0.010559040121734142,0.2281433492898941,0.0,0.220560684800148,0.24291853606700897,0.2580917477607727,-1.5658951997756958,-1.5236244201660156,-1.4949803352355957,0.0,1.0
91136,89,3,195.58253196286043,219.33333333333334,-0.004249179377802647,5.125978562235832,-0.31643672063946726,0.002477271531824954,0.0416259765625,0.5754828896373511,44.6459304690361,1.232498288154602,5.326986312866211,52.06256866455078,34.68232345581055,50.83007049560547,33.840118408203125,0.9764089717550328,0.9705721139907837,137.07723999023438,0.6,1.0,0.0,1.0,0.0,0.0,0.015938539057970047,0.2236604392528534,0.0,0.21839989721775055,0.2417062371969223,0.2578482925891876,-1.5700150728225708,-1.5258885622024536,-1.495436191558838,0.0,1.0
92160,90,6,167.44481833514195,176.16666666666666,-0.007241935259662569,23.157162523269655,-0.3228316426277161,0.00599303108319873,0.0719482421875,0.6177180945873261,87.03416118621826,1.1292651891708374,9.399678230285645,40.30421829223633,41.10231399536133,39.174957275390625,41.5665168762207,0.9477009938007497,1.49863862991333,254.2000274658203,0.65,1.0,0.0,1.0,0.0,0.0,0.008833971805870533,0.2288333922624588,0.0,0.21773219108581543,0.2412123680114746,0.2566675841808319,-1.5712889432907104,-1.526833176612854,-1.497648000717163,0.0,1.0
93184,91,5,181.9351948431811,197.6,-0.005156070162774995,15.679271149635316,-0.32307622730731966,0.007260353941819631,0.0568115234375,0.5188712388277054,74.65925354957581,0.12411302328109741,8.514366149902344,47.11253356933594,37.575347900390625,46.98841857910156,36.383785247802734,0.9486549440671365,0.9532703161239624,211.2072296142578,0.525,1.0,0.0,1.0,0.0,0.0,0.01573159545660019,0.22354532778263092,0.0,0.2167622596025467,0.24154336750507355,0.25898537039756775,-1.5731401443481445,-1.526215672492981,-1.4933074712753296,0.0,1.0
94208,92,5,195.62800303937667,194.2,-0.0037374929175712167,15.600900107622147,-0.31965050250291827,0.0023913156444905328,0.0299072265625,0.5004796110093593,95.27389221191406,1.9676768779754639,9.221708297729492,46.7298698425293,42.72868347167969,44.76219177246094,44.5466423034668,0.9534216888760212,0.9548490047454834,285.744873046875,0.45,1.0,0.0,1.0,0.0,0.0,0.0086513077840209,0.22884003818035126,0.0,0.21829572319984436,0.24234366416931152,0.2604109048843384,-1.570213794708252,-1.5247408151626587,-1.49064040184021,0.0,1.0
95232,93,7,198.44595322722407,206.0,-0.0043115273700095715,23.761173272132872,-0.3195581793785095,0.004682639920793008,0.035498046875,0.44669636376202104,95.95499572753906,-3.3138558864593506,9.222527503967285,47.78755187988281,40.51356887817383,51.101409912109375,36.86396408081055,0.9481798230823977,0.6550489664077759,253.43174743652344,0.375,1.0,0.0,1.0,0.0,0.0,0.011491850949823856,0.22429907321929932,0.0,0.21607793867588043,0.2413722723722458,0.25977346301078796,-1.5744465589523315,-1.52657949924469,-1.4918327331542969,0.0,1.0
96256,94,5,159.06334540191997,182.2,-0.004140742809977382,10.642474973201752,-0.3253178857266903,0.00444302487449022,0.0481201171875,0.5634638532996178,87.66671404838561,-3.2575485706329346,6.769679546356201,45.61125183105469,37.815696716308594,48.868804931640625,36.07822036743164,0.967952661304432,0.9492228031158447,300.1441650390625,0.625,1.0,0.0,1.0,0.0,0.0,0.015845848247408867,0.22849932312965393,0.0,0.21401646733283997,0.24064666032791138,0.2598229646682739,-1.5783846378326416,-1.5279407501220703,-1.491740107536316,0.0,1.0
97280,95,4,164.81360630331935,195.75,-0.006285814690636471,10.68223140835762,-0.32857381701469424,0.004965271925902926,0.0731689453125,0.5854788981378078,100.55716280937195,0.9827731251716614,7.932296276092529,48.39335632324219,42.011573791503906,47.410579681396484,43.89535903930664,0.9643499661287502,1.1635106801986694,297.01904296875,0.55,1.0,0.0,1.0,0.0,0.0,0.012992615811526775,0.22275646030902863,0.0,0.2108125537633896,0.24007157981395721,0.2593104839324951,-1.5845117568969727,-1.5290684700012207,-1.4926990270614624,0.0,1.0
98304,96,4,209.53219972132115,227.0,-0.004042081790976227,6.75840148627758,-0.3343737289309502,0.003098275039519649,0.0291748046875,0.5192663446068764,82.7458340883255,1.5228252410888672,6.8396897315979,26.552852630615234,46.53925704956055,25.030029296875,49.06968307495117,0.9784009881866319,0.7815155982971191,400.1241149902344,0.55,1.0,0.0,1.0,0.0,0.0,0.004376791417598724,0.22498247027397156,0.0,0.20796802639961243,0.23828160762786865,0.25858214497566223,-1.5899584293365479,-1.532457947731018,-1.4940621852874756,0.0,1.0
99328,97,5,187.00591493369953,212.6,-0.0035234522307291626,22.143826323747636,-0.3427868351340294,0.004081251939351205,0.030615234375,0.5621592395007611,135.1643365383148,0.23482263088226318,11.607136726379395,52.910118103027344,45.15452194213867,52.675296783447266,49.27506637573242,0.9339233895756716,0.8150392174720764,416.12054443359375,0.575,1.0,0.0,1.0,0.0,0.0,0.023544063791632652,0.22870990633964539,0.0,0.21031181514263153,0.237948939204216,0.25848814845085144,-1.5854700803756714,-1.533084750175476,-1.4942381381988525,0.0,1.0
100352,98,6,193.70940473377058,202.16666666666666,-0.005434064514702186,9.81612948179245,-0.3433552712202072,0.004078401980223134,0.031591796875,0.47454373985528947,53.2853845834732,1.7120311260223389,6.86429500579834,38.23078536987305,43.92832565307617,36.51875305175781,45.3916130065918,0.9755824197273341,0.7779093384742737,156.9475860595703,0.35,1.0,0.0,1.0,0.0,0.0,0.01879669725894928,0.226629376411438,0.0,0.21116481721401215,0.2373591661453247,0.2561906576156616,-1.5838377475738525,-1.5341706275939941,-1.4985418319702148,0.0,1.0
101376,99,4,227.14190314127757,227.0,-0.003768361551919952,6.839244318008423,-0.34547519534826276,0.0016532150577404537,0.0240966796875,0.5644755840301514,50.07406952381134,2.8260059356689453,5.873452186584473,38.63555145263672,39.805171966552734,35.809547424316406,42.13490295410156,0.9782275242021822,1.0112468004226685,156.6269989013672,0.625,1.0,0.0,1.0,0.0,0.0,0.015238138847053051,0.22411112487316132,0.0,0.21363097429275513,0.2374732494354248,0.2551906704902649,-1.5791213512420654,-1.5339003801345825,-1.5004165172576904,0.0,1.0
102400,100,4,200.22392915706283,223.5,-0.0039986336720176045,8.270228207111359,-0.34493520855903625,0.0044563078612554815,0.0511962890625,0.5256667688488961,58.832025814056394,1.7760976552963257,6.483349323272705,42.35669708251953,40.581687927246094,40.580596923828125,43.303462982177734,0.9744765950234417,1.0287201404571533,230.98020935058594,0.5,1.0,0.0,1.0,0.0,0.0,0.017046159133315086,0.22346024215221405,0.0,0.21403799951076508,0.237384632229805,0.25373464822769165,-1.578343391418457,-1.534087061882019,-1.503147840499878,0.0,1.0
103424,101,6,210.00045978465872,214.66666666666666,-0.0037171703996136786,14.435621178150177,-0.34682844281196595,0.0028590935457032175,0.018798828125,0.5275071047246456,84.72401895523072,-0.4248689115047455,7.5430121421813965,44.50517272949219,44.42887878417969,44.93003845214844,44.473873138427734,0.9711756919387536,0.8461376428604126,231.4784393310547,0.55,1.0,0.0,1.0,0.0,0.0,0.007286394480615854,0.218723326921463,0.0,0.21423260867595673,0.23674042522907257,0.2513386905193329,-1.5779714584350586,-1.5352730751037598,-1.5076466798782349,0.0,1.0
104448,102,2,194.5328399527115,226.0,-0.0033403174486011265,6.435681414604187,-0.3506965883076191,0.005059978969802615,0.0258056640625,0.5171451218426227,54.59762878417969,2.580050468444824,5.569980621337891,41.72639465332031,39.700904846191406,39.14634323120117,40.96017074584961,0.9803163080030944,0.7724266052246094,212.07131958007812,0.6,1.0,0.0,1.0,0.0,0.0,0.011888851411640644,0.21761400997638702,0.0,0.21520334482192993,0.23602987825870514,0.24780391156673431,-1.576116919517517,-1.5365982055664062,-1.5142936706542969,0.0,1.0
105472,103,6,225.43728288759655,241.83333333333334,-0.004304281703662127,41.223104429245,-0.3528774932026863,0.0005261447047814726,0.0275634765625,0.5337796851992607,130.70819511413575,2.955901861190796,12.538834571838379,36.20182800292969,42.99827575683594,33.24592590332031,46.881107330322266,0.9149621464021165,1.1417850255966187,322.7345275878906,0.55,1.0,0.0,1.0,0.0,0.0,0.018641158938407898,0.22088702023029327,0.0,0.21463516354560852,0.23592664301395416,0.2471550852060318,-1.577202320098877,-1.5367985963821411,-1.515514850616455,0.0,1.0
106496,104,4,254.05244284812122,239.25,-0.004651368269696832,13.018711888790131,-0.35807641595602036,0.004460438105161302,0.0373291015625,0.5536295890808105,72.98899879455567,1.4233016967773438,7.227946758270264,47.04130554199219,39.173431396484375,45.618003845214844,40.69831085205078,0.965955521908772,0.8678512573242188,210.9930419921875,0.625,1.0,0.0,1.0,0.0,0.0,0.01745476759970188,0.21901389956474304,0.0,0.2113962173461914,0.2341073602437973,0.24681927263736725,-1.583395004272461,-1.5402780771255493,-1.5161471366882324,0.0,1.0
107520,105,4,212.0151643627356,218.5,-0.0049882260267622765,19.346668219566347,-0.3678969644010067,0.005619889301306103,0.0400146484375,0.5757365733385086,83.6656596660614,0.564460277557373,9.148679733276367,48.300270080566406,46.9849853515625,47.735809326171875,48.92728805541992,0.9620860908152978,1.1479637622833252,292.6443786621094,0.625,1.0,0.0,1.0,0.0,0.0,0.02499937079846859,0.21939632296562195,0.0,0.20997408032417297,0.23288273811340332,0.24645161628723145,-1.5861165523529053,-1.542600154876709,-1.5168395042419434,0.0,1.0
108544,106,5,213.40691241466538,232.6,-0.004207265464356169,10.206070983409882,-0.3723272800445557,0.0034663504600757735,0.036474609375,0.5446384370326995,55.50949668884277,-0.22089993953704834,6.7324442863464355,45.26844024658203,44.338706970214844,45.489341735839844,44.46769332885742,0.9769442399369456,1.301874041557312,212.9238739013672,0.575,1.0,0.0,1.0,0.0,0.0,0.01335777435451746,0.22191131114959717,0.0,0.20837633311748505,0.2325829118490219,0.24622532725334167,-1.5891762971878052,-1.5431822538375854,-1.5172656774520874,0.0,1.0
109568,107,5,204.43473322775003,228.4,-0.0033770561683923008,15.921862137317657,-0.3716805577278137,0.0035925376650993712,0.0361572265625,0.5637811437249184,74.43186764717102,-0.7835819721221924,8.331279754638672,41.71424102783203,38.48175811767578,42.49782943725586,39.59953308105469,0.9531279805904392,1.076347827911377,221.28424072265625,0.575,1.0,0.0,1.0,0.0,0.0,0.02000591531395912,0.225010484457016,0.0,0.2085684835910797,0.23291563987731934,0.24513180553913116,-1.5888081789016724,-1.5425299406051636,-1.519325852394104,0.0,1.0
110592,108,3,220.40760239452297,217.66666666666666,-0.0038229227997362615,15.375229412317276,-0.3722264237701893,0.0034120897558750584,0.0354736328125,0.529850859194994,105.04462118148804,6.816676616668701,6.983428001403809,34.964599609375,34.01048278808594,28.147924423217773,38.73875045776367,0.9578389198459677,0.9205144047737122,272.05889892578125,0.5,1.0,0.0,1.0,0.0,0.0,0.01117814239114523,0.2185925543308258,0.0,0.20795583724975586,0.23223166167736053,0.2446797639131546,-1.5899817943572998,-1.5438437461853027,-1.5201778411865234,0.0,1.0
111616,109,3,269.0754454715605,287.0,-0.004732900741510093,27.412306571006773,-0.37631495073437693,0.0037441622334881686,0.043212890625,0.6069576159119606,146.97639775276184,6.121885299682617,9.889199256896973,26.091129302978516,39.814571380615234,19.96924591064453,42.98329162597656,0.9383066727459032,1.3330202102661133,437.44561767578125,0.6,1.0,0.0,1.0,0.0,0.0,0.015600505284965038,0.2167275995016098,0.0,0.20795342326164246,0.23160772025585175,0.24359869956970215,-1.5899864435195923,-1.545017123222351,-1.5222160816192627,0.0,1.0
112640,110,5,295.43833256110736,285.8,-0.003257830161601305,7.332702648639679,-0.3779895730316639,0.005063377393526025,0.032666015625,0.49286319836974146,37.63692622184753,0.932685911655426,5.926447868347168,58.66984558105469,39.427337646484375,57.73715591430664,41.24090576171875,0.9774059496514435,1.0324153900146484,97.62582397460938,0.325,1.0,0.0,1.0,0.0,0.0,0.01943637989461422,0.21880944073200226,0.0,0.20918352901935577,0.23177804052829742,0.244045227766037,-1.587630271911621,-1.5446586608886719,-1.521373987197876,0.0,1.0
113664,111,5,219.72357180609734,241.8,-0.0036974127404391767,20.181228315830232,-0.37504165768623354,0.0036540920642437412,0.03125,0.6102984353899956,124.81331467628479,4.586713790893555,8.79654598236084,22.729572296142578,32.2140998840332,18.142858505249023,34.33029556274414,0.925435448724307,0.9704062938690186,352.5380859375,0.7,1.0,0.0,1.0,0.0,0.0,0.01632666029036045,0.22239774465560913,0.0,0.21037574112415314,0.2325555831193924,0.24571752548217773,-1.5853477716445923,-1.5432209968566895,-1.5182223320007324,0.0,1.0
114688,112,3,324.3788250079642,303.6666666666667,-0.0040800852351821956,11.697523659467697,-0.37697065323591233,0.004124445441993885,0.0334228515625,0.5730458818376064,64.50280628204345,3.6423258781433105,6.408150672912598,58.05436706542969,35.46372985839844,54.41204071044922,36.92799758911133,0.9673489952064835,1.031359076499939,162.3527069091797,0.75,1.0,0.0,1.0,0.0,0.0,0.02152189053595066,0.22660715878009796,0.0,0.20940230786800385,0.23054976761341095,0.2428961992263794,-1.5872113704681396,-1.547000765800476,-1.5235410928726196,0.0,1.0
115712,113,3,249.7622466704964,233.0,-0.006038029573392123,11.034922635555267,-0.38748684898018837,0.0028204135422129186,0.0533935546875,0.5268103197216988,54.27491707801819,1.447433590888977,6.620999336242676,43.49972915649414,32.95998764038086,42.05229568481445,30.73763084411621,0.9596472585797174,1.0213690996170044,135.1411590576172,0.45,1.0,0.0,1.0,0.0,0.0,0.02358495257794857,0.226779043674469,0.0,0.20857460796833038,0.22960306704044342,0.24195799231529236,-1.5887964963912964,-1.5487712621688843,-1.5253114700317383,0.0,1.0
116736,114,5,246.10187974957006,248.4,-0.004173362639266998,30.259448719024657,-0.3904086321592331,0.002624008257407695,0.02900390625,0.4583373799920082,96.50224018096924,0.49157142639160156,10.640262603759766,47.986846923828125,43.895713806152344,47.495277404785156,44.67227554321289,0.9412428930694432,0.9108193516731262,257.01397705078125,0.35,1.0,0.0,1.0,0.0,0.0,0.025703541934490204,0.22764912247657776,0.0,0.21011102199554443,0.22924666106700897,0.23936045169830322,-1.5858545303344727,-1.5494581460952759,-1.5302168130874634,0.0,1.0
117760,115,4,216.3212256354654,232.75,-0.0038761046598665416,7.333779364824295,-0.3951778933405876,0.004930210862949025,0.0303466796875,0.5535074412822724,37.09090917110443,0.6468465924263,5.79392671585083,61.30717468261719,35.40045166015625,60.66032409667969,34.9035530090332,0.9732127327708382,1.0563875436782837,102.71237182617188,0.475,1.0,0.0,1.0,0.0,0.0,0.01967412419617176,0.219041109085083,0.0,0.2081841081380844,0.22779063880443573,0.2381426990032196,-1.5895445346832275,-1.5521963834762573,-1.5325186252593994,0.0,1.0
118784,116,6,205.73443265465428,218.16666666666666,-0.005520340858493,26.541120302677154,-0.40454030260443685,0.001424953191599343,0.025830078125,0.523516845703125,160.73524808883667,-2.0015006065368652,10.935139656066895,52.96079635620117,46.9654426574707,54.9622917175293,44.65639114379883,0.9457884546974625,1.0362772941589355,424.6424865722656,0.45,1.0,0.0,1.0,0.0,0.0,0.029418816789984703,0.2238558530807495,0.0,0.20825855433940887,0.22607409954071045,0.23640954494476318,-1.5894019603729248,-1.555471420288086,-1.535796880722046,0.0,1.0
119808,117,5,239.55282158796635,232.0,-0.005062298150733113,13.55221483707428,-0.41130935251712797,0.005741259995556902,0.05771484375,0.5549181807786226,74.53950314521789,-0.12048512697219849,7.471767902374268,49.057594299316406,38.192623138427734,49.17808151245117,37.87480163574219,0.961727419209553,1.060956358909607,218.1746063232422,0.625,1.0,0.0,1.0,0.0,0.0,0.0242611113935709,0.2246549129486084,0.0,0.20843178033828735,0.22580605745315552,0.23537689447402954,-1.5890700817108154,-1.5559786558151245,-1.5377514362335205,0.0,1.0
120832,118,3,256.7908573280945,262.0,-0.004354654473718256,5.724991312623024,-0.4124977193772793,0.0021135615184903144,0.027685546875,0.5121615163981914,58.114396119117735,1.1625685691833496,5.403267860412598,54.73955154418945,40.6837043762207,53.57698440551758,42.934452056884766,0.9823610810711398,1.094812035560608,186.25137329101562,0.5,1.0,0.0,1.0,0.0,0.0,0.020571120083332062,0.22293022274971008,0.0,0.2062963843345642,0.22491182386875153,0.23443371057510376,-1.5931622982025146,-1.5576858520507812,-1.5395374298095703,0.0,1.0
121856,119,4,199.18183213534144,217.75,-0.006530907086562366,20.756186616420745,-0.4170846201479435,0.0041954876956879165,0.0499755859375,0.5393273286521435,110.08181252479554,2.4324264526367188,9.1666898727417,44.16115951538086,43.4793701171875,41.728729248046875,43.43878936767578,0.9555513474578462,1.086645483970642,272.1617126464844,0.525,1.0,0.0,1.0,0.0,0.0,0.01720225252211094,0.2224552035331726,0.0,0.2075164020061493,0.2247951179742813,0.2334776371717453,-1.5908238887786865,-1.5578945875167847,-1.5413485765457153,0.0,1.0
122880,120,5,234.6559996735807,237.0,-0.0051632244954817,19.02727484703064,-0.4145183332264423,0.002266604882606771,0.0468017578125,0.5883502908051014,109.12421460151673,2.792693614959717,9.047209739685059,37.5574951171875,43.69115447998047,34.764801025390625,46.556640625,0.9571212345096726,1.0234582424163818,342.6661376953125,0.75,1.0,0.0,1.0,0.0,0.0,0.022342810407280922,0.22210685908794403,0.0,0.20807184278964996,0.22572475671768188,0.23460716009140015,-1.5897595882415771,-1.55613374710083,-1.5392088890075684,0.0,1.0
123904,121,4,274.75387077595735,265.5,-0.0044376580888638275,19.967070293426513,-0.4098639599978924,0.0048551702639088035,0.0412109375,0.519477017596364,79.62675299644471,-1.236760139465332,8.606230735778809,58.92336654663086,40.78822708129883,60.160125732421875,38.80615234375,0.9554798903473203,0.9909934997558594,261.607421875,0.475,1.0,0.0,1.0,0.0,0.0,0.016156548634171486,0.21819323301315308,0.0,0.20863908529281616,0.22631122171878815,0.23702476918697357,-1.5886729955673218,-1.5550352334976196,-1.534632921218872,0.0,1.0
124928,122,4,151.21483882901458,182.25,-0.004288637032732368,32.654044890403746,-0.40825623869895933,0.0046474809205392376,0.0412353515625,0.6121615834534169,203.61224708557128,2.0135128498077393,12.695108413696289,30.0335750579834,42.73136520385742,28.020061492919922,47.6702880859375,0.9117368794150672,0.9737556576728821,543.8321533203125,0.75,1.0,0.0,1.0,0.0,0.0,0.005958335939794779,0.2273726463317871,0.0,0.20932821929454803,0.2262295037508011,0.2384304255247116,-1.587353229522705,-1.5551910400390625,-1.5319746732711792,0.0,1.0
125952,123,5,226.15931788787697,227.4,-0.007034894148819149,35.657302951812746,-0.4094688110053539,0.005799218658648897,0.078759765625,0.6056556388735771,195.67217292785645,-0.5858078002929688,12.958856582641602,44.908721923828125,47.487548828125,45.494529724121094,51.58793258666992,0.9255312899630084,1.000503420829773,542.0958251953125,0.6,1.0,0.0,1.0,0.0,0.0,0.013743150047957897,0.2231696993112564,0.0,0.2092064619064331,0.22607386112213135,0.23855353891849518,-1.5875864028930664,-1.5554693937301636,-1.5317418575286865,0.0,1.0
126976,124,5,231.56061571215068,249.4,-0.004490308027015999,11.495881247520447,-0.4115343041718006,0.0028163132927147673,0.0260986328125,0.5105612486600876,68.7482898235321,-0.8492327928543091,7.331024646759033,55.78828048706055,44.313873291015625,56.63751220703125,44.154151916503906,0.9726315676882027,0.8790222406387329,240.56045532226562,0.45,1.0,0.0,1.0,0.0,0.0,0.02210022509098053,0.2211260050535202,0.0,0.20724722743034363,0.22520339488983154,0.23903313279151917,-1.5913397073745728,-1.5571227073669434,-1.5308353900909424,0.0,1.0
128000,125,5,198.49255182245352,205.0,-0.003951673346455209,33.64040749073028,-0.41955932304263116,0.006618273802450858,0.0458740234375,0.5650072224438191,85.55248093605042,0.27633023262023926,10.951181411743164,40.9561767578125,41.84870910644531,40.679847717285156,44.590736389160156,0.9315209364133242,1.0806174278259277,184.66709899902344,0.55,1.0,0.0,1.0,0.0,0.0,0.02197371982038021,0.2307249754667282,0.0,0.2044614851474762,0.22322769463062286,0.23720569908618927,-1.5966815948486328,-1.5608824491500854,-1.5342906713485718,0.0,1.0
129024,126,5,205.3463593759529,219.0,-0.003122131258714944,15.644174659252167,-0.4264210544526577,0.002899796373094432,0.0347900390625,0.6590507313609123,69.35767602920532,-1.4543468952178955,7.935359001159668,55.19496154785156,46.18497848510742,56.64930725097656,46.18791198730469,0.9704789596383033,1.0289162397384644,193.62159729003906,0.7,1.0,0.0,1.0,0.0,0.0,0.020895889028906822,0.2289867103099823,0.0,0.20439128577709198,0.22333186864852905,0.23735234141349792,-1.5968163013458252,-1.560689091682434,-1.534013271331787,0.0,1.0
130048,127,4,165.75316627281728,189.25,-0.0035438578459434213,22.938807451725005,-0.42682489678263663,0.0033265563368331643,0.0281005859375,0.5770181350409984,103.31322145462036,-2.1181092262268066,9.559205055236816,42.10982131958008,39.9256706237793,44.227928161621094,40.53572082519531,0.9426756550353764,0.8795220255851746,276.07080078125,0.625,1.0,0.0,1.0,0.0,0.0,0.008679036982357502,0.22486050426959991,0.0,0.2022915482521057,0.22264908254146576,0.23760518431663513,-1.600846767425537,-1.562026858329773,-1.5335350036621094,0.0,1.0
131072,128,6,190.82483743090657,209.5,-0.005889469472458586,9.822585391998292,-0.43015998750925066,0.00392299616796663,0.0429443359375,0.5574239425361156,40.30127131938934,-0.030714936554431915,6.091684341430664,51.274017333984375,45.2808723449707,51.30473327636719,45.60490036010742,0.9819013894391255,0.9549558162689209,96.52342224121094,0.525,1.0,0.0,1.0,0.0,0.0,0.009334810078144073,0.22010394930839539,0.0,0.20094771683216095,0.22240592539310455,0.23745842278003693,-1.6034281253814697,-1.5624960660934448,-1.5338126420974731,0.0,1.0
132096,129,3,190.70116307811304,212.33333333333334,-0.0045566678396426145,9.683118027448653,-0.4333855383098125,0.002271930585266091,0.0310791015625,0.5295341212302447,59.160841417312625,-0.5140618085861206,6.676911354064941,46.45882034301758,40.74349594116211,46.97288131713867,41.01776123046875,0.9731444168077934,1.1302448511123657,170.6915283203125,0.55,1.0,0.0,1.0,0.0,0.0,0.011999576352536678,0.22313447296619415,0.0,0.20127904415130615,0.22132499516010284,0.23641036450862885,-1.6027915477752686,-1.5645383596420288,-1.5357953310012817,0.0,1.0
133120,130,5,163.7295707530391,189.4,-0.0033674514386802913,26.962811744213106,-0.4398287497460842,0.0031792060675797985,0.017529296875,0.5311278875917196,123.51634755134583,3.4529099464416504,11.019450187683105,49.47438049316406,48.06070327758789,46.02146911621094,51.06664276123047,0.9474298090468651,0.987561047077179,324.1976318359375,0.55,1.0,0.0,1.0,0.0,0.0,0.016602694988250732,0.2283022552728653,0.0,0.20155927538871765,0.22027264535427094,0.23584921658039093,-1.6022531986236572,-1.5665297508239746,-1.5368573665618896,0.0,1.0
134144,131,4,317.33373236502894,302.0,-0.005944099824409932,31.907359457015993,-0.4466050028800964,0.0022615143287112007,0.0488037109375,0.5486911438405514,88.06878037452698,0.43065518140792847,10.665473937988281,47.31005859375,40.89027786254883,46.87940216064453,41.57857894897461,0.9319669142571806,1.0030544996261597,206.04014587402344,0.525,1.0,0.0,1.0,0.0,0.0,0.02794111706316471,0.22508183121681213,0.0,0.2005959004163742,0.21896465122699738,0.23436157405376434,-1.6041041612625122,-1.5690275430679321,-1.5396740436553955,0.0,1.0
135168,132,4,255.71500169539334,244.5,-0.004457286361139267,8.63048796057701,-0.45100940093398095,0.0026144357514567675,0.0322509765625,0.5317208573222161,89.95340776443481,2.6035213470458984,6.229284286499023,46.31609344482422,43.44100570678711,43.71257019042969,44.85643005371094,0.9794374681696277,0.9874894022941589,313.35723876953125,0.525,1.0,0.0,1.0,0.0,0.0,0.008551604114472866,0.2253180295228958,0.0,0.20065978169441223,0.2187480926513672,0.23360751569271088,-1.603981375694275,-1.5694403648376465,-1.541102409362793,0.0,1.0
136192,133,5,233.0309480405395,229.0,-0.004570495878579095,13.499580496549607,-0.4522420451045036,0.0050218981763464395,0.0393310546875,0.5304613232612609,91.21137046813965,1.9711064100265503,8.295722007751465,37.080322265625,39.528541564941406,35.109214782714844,42.19823455810547,0.9559559941941849,0.8404208421707153,336.7914123535156,0.525,1.0,0.0,1.0,0.0,0.0,-0.0012688736896961927,0.21630103886127472,0.0,0.20114287734031677,0.21843212842941284,0.23349109292030334,-1.603053092956543,-1.5700055360794067,-1.5413230657577515,0.0,1.0
137216,134,6,197.10992796139237,212.0,-0.006293141760397703,13.28733296394348,-0.4533598616719246,0.0042922354637994434,0.0572998046875,0.5022573042660952,60.24760184288025,-2.68996000289917,6.5636467933654785,52.0389518737793,42.495338439941406,54.728912353515625,41.443565368652344,0.9761434392221247,0.9676910042762756,128.995361328125,0.375,1.0,0.0,1.0,0.0,0.0,0.0039840382523834705,0.22337569296360016,0.0,0.20106643438339233,0.2183934599161148,0.23257555067539215,-1.6031999588012695,-1.570114016532898,-1.543058156967163,0.0,1.0
138240,135,5,147.40053762673355,177.8,-0.0027690172544680538,14.14271900653839,-0.4539757162332535,0.002530879765981808,0.025244140625,0.5573349811136723,95.82351050376892,-0.7416033744812012,8.086139678955078,44.137290954589844,43.72902297973633,44.8788948059082,45.02682113647461,0.9658065427026182,1.151504635810852,280.4506530761719,0.55,1.0,0.0,1.0,0.0,0.0,0.021343229338526726,0.2321866750717163,0.0,0.20064662396907806,0.218267560005188,0.2334001213312149,-1.6040066480636597,-1.5703328847885132,-1.541495442390442,0.0,1.0
139264,136,6,198.82255492048554,199.33333333333334,-0.004510853270767256,8.07381631731987,-0.4537379935383797,0.003881271433783695,0.041162109375,0.5571987986564636,57.963395309448245,0.3804255425930023,6.101809024810791,42.87455749511719,37.27901840209961,42.49413299560547,38.6025505065918,0.9732090401022482,0.9914205074310303,213.31271362304688,0.65,1.0,0.0,1.0,0.0,0.0,0.025256512686610222,0.23952466249465942,0.0,0.1990468055009842,0.21837370097637177,0.2359703779220581,-1.6070818901062012,-1.5701473951339722,-1.536628007888794,0.0,1.0
140288,137,5,179.9940051423136,196.0,-0.0043714031751733275,8.887253564596175,-0.4523535527288914,0.0038155031172209418,0.03115234375,0.4864433344453573,84.45205020904541,1.6291810274124146,6.841980934143066,34.82074737548828,38.63508987426758,33.191566467285156,40.820411682128906,0.9686382810142032,0.8688418865203857,251.9115447998047,0.375,1.0,0.0,1.0,0.0,0.0,0.02348475717008114,0.22424009442329407,0.0,0.19993562996387482,0.21880631148815155,0.23749560117721558,-1.6053731441497803,-1.5693429708480835,-1.5337423086166382,0.0,1.0
141312,138,3,213.5107461350617,241.0,-0.003926283656619489,18.655890226364136,-0.45064024329185487,0.003372139311977662,0.0342529296875,0.5960606306791305,178.25580072402954,3.943211555480957,9.36105728149414,27.559123992919922,47.311458587646484,23.61591339111328,52.23628616333008,0.9608513186390837,0.9511570334434509,579.822998046875,0.6,1.0,0.0,1.0,0.0,0.0,0.027426863089203835,0.22881323099136353,0.0,0.20244069397449493,0.21883149445056915,0.2360086292028427,-1.6005604267120361,-1.5692658424377441,-1.536555528640747,0.0,1.0
142336,139,5,251.2510650139356,240.4,-0.003606621059589088,27.363752633333206,-0.4527338892221451,0.0035503217979567124,0.0243896484375,0.5461260318756104,223.18411927223207,4.3612213134765625,12.49757194519043,35.907440185546875,42.5905647277832,31.546218872070312,49.408748626708984,0.9138957675338178,0.8848763108253479,799.0919189453125,0.55,1.0,0.0,1.0,0.0,0.0,0.025872839614748955,0.22682708501815796,0.0,0.2018917053937912,0.21796108782291412,0.23363228142261505,-1.6016147136688232,-1.5709165334701538,-1.5410555601119995,0.0,1.0
143360,140,6,171.48832420242593,193.66666666666666,-0.0049061298195738345,34.34470672607422,-0.4595376327633858,0.003290449036285281,0.057470703125,0.6479872606694699,164.0758113861084,-1.6808383464813232,12.387548446655273,34.396400451660156,42.49646759033203,36.07723617553711,45.3941650390625,0.9150301151053165,1.215256929397583,440.1111755371094,0.7,1.0,0.0,1.0,0.0,0.0,0.0383838526904583,0.24306927621364594,0.0,0.20039555430412292,0.21657812595367432,0.23091647028923035,-1.6044890880584717,-1.5735474824905396,-1.5462043285369873,0.0,1.0
144384,141,4,163.31123968892186,193.25,-0.005132291896734387,1.882215779274702,-0.46465091183781626,0.006631846768141258,0.0465087890625,0.5776216864585877,39.152660965919495,2.1500587463378906,2.7183148860931396,51.45611572265625,33.209800720214844,49.306060791015625,33.10064697265625,0.9933001211970421,1.0358725786209106,136.14881896972656,0.65,1.0,0.0,1.0,0.0,0.0,0.02061544544994831,0.22656258940696716,0.0,0.19961364567279816,0.2167462855577469,0.23184598982334137,-1.605992078781128,-1.5732312202453613,-1.5444414615631104,0.0,1.0
145408,142,6,205.4969705180738,218.16666666666666,-0.004631163628073409,15.023743236064911,-0.4647288151085377,0.004763014327909332,0.03310546875,0.5883639588952064,113.56671576499939,2.374448776245117,8.420151710510254,31.610593795776367,43.12987518310547,29.23614501953125,44.44444274902344,0.9618861026630682,1.168494462966919,367.1883544921875,0.65,1.0,0.0,1.0,0.0,0.0,0.04139883071184158,0.22665055096149445,0.0,0.19733883440494537,0.21582777798175812,0.23226398229599,-1.6103670597076416,-1.5749893188476562,-1.5436488389968872,0.0,1.0
146432,143,4,178.70397010321898,191.5,-0.004806959256529808,7.561922004818916,-0.4688371829688549,0.0024469836091157047,0.026416015625,0.6038219511508942,40.90128307342529,0.1421305537223816,5.967410087585449,49.21085739135742,39.28145980834961,49.0687255859375,39.72480773925781,0.9769220837183746,1.2220770120620728,99.91655731201172,0.7,1.0,0.0,1.0,0.0,0.0,0.027856776490807533,0.2360146939754486,0.0,0.19674170017242432,0.21573300659656525,0.23099152743816376,-1.6115161180496216,-1.5751972198486328,-1.5460619926452637,0.0,1.0
147456,144,6,225.9993390672344,222.33333333333334,-0.0036954273760784417,36.913810181617734,-0.46954171657562255,0.0029502203513402494,0.0265869140625,0.5713274337351322,184.42049255371094,4.2787580490112305,12.81508731842041,25.65947723388672,43.54680633544922,21.380718231201172,50.183753967285156,0.9133974746256732,0.9282096028327942,471.73883056640625,0.625,1.0,0.0,1.0,0.0,0.0,0.026872122660279274,0.23683370649814606,0.0,0.19772320985794067,0.21547116339206696,0.23040223121643066,-1.6096274852752686,-1.57567298412323,-1.547179937362671,0.0,1.0
148480,145,3,178.64180955543202,186.66666666666666,-0.0034980517695657907,16.265162950754167,-0.4739853248000145,0.0011687697930028661,0.024365234375,0.553409642726183,102.61992654800414,3.5404257774353027,9.330513954162598,40.569305419921875,44.1799201965332,37.02887725830078,49.52289581298828,0.9553972945085492,0.9980677962303162,328.7336730957031,0.575,1.0,0.0,1.0,0.0,0.0,0.028598248958587646,0.22949816286563873,0.0,0.19536754488945007,0.21362493932247162,0.2310248613357544,-1.614161491394043,-1.5792056322097778,-1.5459988117218018,0.0,1.0
149504,146,6,239.14135144863158,243.16666666666666,-0.004650674946606159,22.128407144546507,-0.4827019363641739,0.005163005356735084,0.034521484375,0.560204128921032,76.32181715965271,0.11387127637863159,9.194852828979492,44.10305404663086,41.86667251586914,43.98918151855469,42.77690124511719,0.951766072160385,0.9870938062667847,208.49618530273438,0.575,1.0,0.0,1.0,0.0,0.0,0.02582426927983761,0.2348003387451172,0.0,0.19422592222690582,0.21337293088436127,0.23156847059726715,-1.6163601875305176,-1.5797176361083984,-1.5449676513671875,0.0,1.0
150528,147,5,156.05153560103213,175.6,-0.0037274761125445366,37.73683059215546,-0.4848186105489731,0.0034062947845086454,0.0371826171875,0.5556538686156273,127.30053482055663,-4.0265302658081055,11.306156158447266,45.735103607177734,38.89447784423828,49.761627197265625,36.42756652832031,0.9155005081191696,1.024045467376709,281.5471496582031,0.65,1.0,0.0,1.0,0.0,0.0,0.016407422721385956,0.22974073886871338,0.0,0.1923990547657013,0.2123228758573532,0.23136165738105774,-1.6198806762695312,-1.5817108154296875,-1.5453598499298096,0.0,1.0
151552,148,5,167.48785093620162,186.2,-0.005056296987459063,9.556090703606605,-0.4879918321967125,0.005058224409003742,0.071044921875,0.6162194013595581,75.72684466838837,0.9788715839385986,7.05053186416626,50.419281005859375,38.84946060180664,49.44040298461914,40.312015533447266,0.9670637738394067,1.087253451347351,238.20455932617188,0.65,1.0,0.0,1.0,0.0,0.0,0.013766595162451267,0.2305152714252472,0.0,0.1914183795452118,0.212596595287323,0.2335885614156723,-1.6217715740203857,-1.5812066793441772,-1.5411384105682373,0.0,1.0
152576,149,6,166.10045284826978,187.5,-0.005046454607509077,26.260835003852844,-0.4876529581844807,0.0031549301362247205,0.0450927734375,0.5308133747428656,131.53350481987,-0.7513724565505981,10.885613441467285,44.434112548828125,47.81664276123047,45.18548583984375,48.780189514160156,0.9481740008293139,0.8173457384109497,338.48358154296875,0.475,1.0,0.0,1.0,0.0,0.0,0.03642148897051811,0.22919005155563354,0.0,0.19180551171302795,0.21201984584331512,0.23404644429683685,-1.6210250854492188,-1.5823224782943726,-1.5402709245681763,0.0,1.0
153600,150,4,214.53378218964937,196.25,-0.003390376758761704,8.442969930171966,-0.4950452230870724,0.002511484416027088,0.0146484375,0.5449672870337963,67.28412644863128,3.8461813926696777,6.4604644775390625,34.41441345214844,32.233097076416016,30.56822967529297,35.80031204223633,0.9598280125818813,0.9317659139633179,216.791748046875,0.55,1.0,0.0,1.0,0.0,0.0,0.06136862561106682,0.2374388575553894,0.0,0.19165201485157013,0.21014951169490814,0.23279982805252075,-1.6213209629058838,-1.5858951807022095,-1.542633056640625,0.0,1.0
154624,151,7,227.64090795319834,207.28571428571428,-0.004231283644912764,17.470258951187134,-0.5063426569104195,0.002245284919627011,0.033251953125,0.6013153411448002,113.41592020988465,2.4269652366638184,8.838981628417969,37.95439910888672,42.91071319580078,35.527435302734375,45.91936111450195,0.957570008849962,1.2034562826156616,334.4355773925781,0.725,1.0,0.0,1.0,0.0,0.0,0.058818284422159195,0.24137206375598907,0.0,0.1887400895357132,0.2083316594362259,0.23160132765769958,-1.6269391775131226,-1.5893973112106323,-1.544905424118042,0.0,1.0
155648,152,2,163.99185653019634,197.5,-0.00387733360985294,16.603217339515687,-0.5145436123013496,0.0030934336769860237,0.01923828125,0.5648793660104274,99.85340542793274,3.9329185485839844,8.167886734008789,40.86055374145508,32.22515869140625,36.927635192871094,33.912132263183594,0.9357564856651011,1.0055242776870728,307.1258544921875,0.625,1.0,0.0,1.0,0.0,0.0,0.0501830093562603,0.23243866860866547,0.0,0.1871260702610016,0.20720027387142181,0.23106908798217773,-1.6300557851791382,-1.5915478467941284,-1.545914888381958,0.0,1.0
156672,153,6,199.67276026813397,201.83333333333334,-0.0027650229982100426,11.904200106859207,-0.5165819138288498,0.004837284667883068,0.0201904296875,0.5488030433654785,94.87231216430663,3.4616479873657227,7.665285110473633,37.50282287597656,33.584938049316406,34.041175842285156,35.25666046142578,0.9479084125851408,1.0181747674942017,291.7794494628906,0.575,1.0,0.0,1.0,0.0,0.0,0.03422825410962105,0.2345574051141739,0.0,0.19075006246566772,0.20801584422588348,0.23011770844459534,-1.6230605840682983,-1.5899543762207031,-1.547719955444336,0.0,1.0
157696,154,6,218.21868400149887,227.83333333333334,-0.00419856581138447,18.586557626724243,-0.5145044326782227,0.00398558410233818,0.03955078125,0.6489135697484016,89.15928392410278,2.97554087638855,8.618317604064941,41.058807373046875,38.7364387512207,38.08326721191406,39.24380874633789,0.9504999543139607,1.1546151638031006,226.65420532226562,0.775,1.0,0.0,1.0,0.0,0.0,0.04153760150074959,0.2374146282672882,0.0,0.19164881110191345,0.2071690410375595,0.22705580294132233,-1.6213271617889404,-1.591573715209961,-1.5535345077514648,0.0,1.0
158720,155,2,331.9283875079483,309.0,-0.005155106098391116,12.446125185489654,-0.5194041311740876,0.004498825050541199,0.0463623046875,0.6417741648852825,93.75410981178284,3.4634482860565186,6.787388801574707,38.02293395996094,30.73076057434082,34.559486389160156,31.067487716674805,0.9512180792490386,1.217671275138855,276.8648681640625,0.7,1.0,0.0,1.0,0.0,0.0,0.027338782325387,0.2146328240633011,0.0,0.19270479679107666,0.2068750411272049,0.2262345254421234,-1.6192913055419922,-1.5921192169189453,-1.5550955533981323,0.0,1.0
159744,156,4,215.5336761823619,239.5,-0.003480776131618768,14.363523638248443,-0.5209573835134507,0.006185162598558236,0.0451171875,0.5623426157981157,124.93219308853149,4.224582672119141,7.472465515136719,35.221214294433594,34.381690979003906,30.996631622314453,35.66189956665039,0.9527639683731943,1.041259765625,442.5205078125,0.6,1.0,0.0,1.0,0.0,0.0,0.041712235659360886,0.22621631622314453,0.0,0.1936396062374115,0.2063785344362259,0.22589199244976044,-1.6174898147583008,-1.5930925607681274,-1.5557467937469482,0.0,1.0
160768,157,6,229.18035513562177,225.16666666666666,-0.004935574845876545,11.378111815452575,-0.5194978296756745,0.0056541668935096824,0.06787109375,0.638501764088869,100.17312912940979,2.3921737670898438,6.451852798461914,43.65547180175781,42.93867874145508,41.26329803466797,44.17898178100586,0.977422722368172,1.2738858461380005,354.14105224609375,0.7,1.0,0.0,1.0,0.0,0.0,0.04859190061688423,0.23170976340770721,0.0,0.19452975690364838,0.2077372670173645,0.2265235334634781,-1.6157748699188232,-1.5904783010482788,-1.5545461177825928,0.0,1.0
161792,158,4,204.64121190797894,201.75,-0.0041698326356709005,9.741452303528785,-0.5138811960816383,0.003152772480098065,0.0409423828125,0.5505076888948679,66.64836306571961,2.413666248321533,6.847904205322266,57.43634033203125,35.347320556640625,55.022666931152344,35.449668884277344,0.9624679394790282,0.9999790191650391,185.40130615234375,0.55,1.0,0.0,1.0,0.0,0.0,0.04121686518192291,0.22448909282684326,0.0,0.1945420801639557,0.2079269289970398,0.22779659926891327,-1.6157511472702026,-1.5901120901107788,-1.5521270036697388,0.0,1.0
162816,159,6,244.6228756717097,229.66666666666666,-0.004866446874802932,30.596727347373964,-0.5125144869089127,0.006653562374413014,0.0544921875,0.5986839067190886,123.82628955841065,0.6206286549568176,11.115789413452148,45.114925384521484,37.32803726196289,44.494293212890625,37.02772521972656,0.9113231424034566,1.2154676914215088,323.38250732421875,0.65,1.0,0.0,1.0,0.0,0.0,0.054635241627693176,0.23132941126823425,0.0,0.19471056759357452,0.20833487808704376,0.2278195470571518,-1.6154266595840454,-1.5893274545669556,-1.5520834922790527,0.0,1.0
163840,160,6,213.77185552225862,222.66666666666666,-0.003985251300036907,26.67118856906891,-0.5129030361771584,0.0032760182235506362,0.0401123046875,0.6662874467670917,115.94129056930542,-2.1178247928619385,10.11099624633789,47.914085388183594,41.46113586425781,50.03191375732422,39.43813705444336,0.9405289566655414,1.1256952285766602,305.9668884277344,0.825,1.0,0.0,1.0,0.0,0.0,0.05627542734146118,0.23622438311576843,0.0,0.1927461475133896,0.20760296285152435,0.22837360203266144,-1.6192116737365723,-1.5907336473464966,-1.5510311126708984,0.0,1.0
164864,161,2,227.62961201896067,219.0,-0.004380056285299361,4.90674972385168,-0.5147089913487435,0.0024526618202799,0.041455078125,0.6479515321552753,41.570964217185974,0.6942254900932312,4.773562431335449,59.411590576171875,32.39004898071289,58.71736526489258,32.85639190673828,0.9782798899752184,1.2000627517700195,100.96964263916016,0.65,1.0,0.0,1.0,0.0,0.0,0.04083791747689247,0.23354609310626984,0.0,0.19412896037101746,0.20808297395706177,0.22725440561771393,-1.6165469884872437,-1.5898265838623047,-1.5531572103500366,0.0,1.0
165888,162,6,211.65895307434906,214.0,-0.0056705627590417865,15.886906605958938,-0.5135991036891937,0.006080551524064504,0.07509765625,0.6652085438370705,98.8216462135315,1.194990634918213,8.584427833557129,41.991477966308594,45.63205337524414,40.796485900878906,46.86016845703125,0.9646098254870941,1.1254565715789795,269.88946533203125,0.725,1.0,0.0,1.0,0.0,0.0,0.05014800652861595,0.2294609546661377,0.0,0.19358982145786285,0.20744584500789642,0.22615182399749756,-1.6175856590270996,-1.5910167694091797,-1.5552527904510498,0.0,1.0
166912,163,5,183.66233908907492,200.2,-0.005595098901540041,13.02200425863266,-0.5170039072632789,0.0071751412644516675,0.05712890625,0.5819665849208832,83.8259047985077,0.7935681343078613,7.4255523681640625,39.986026763916016,39.711971282958984,39.19245529174805,39.783180236816406,0.965036519747638,1.1094212532043457,279.04010009765625,0.55,1.0,0.0,1.0,0.0,0.0,0.05827627703547478,0.2419949620962143,0.0,0.1927577406167984,0.2074642926454544,0.22657229006290436,-1.6191892623901367,-1.591001033782959,-1.5544534921646118,0.0,1.0
167936,164,5,226.4864791698987,219.2,-0.0034456731751561164,13.089609640836716,-0.5167968720197678,0.0030181086433003655,0.0278564453125,0.5602026790380478,94.1927565574646,1.293635606765747,8.185290336608887,51.88219451904297,39.78913879394531,50.588558197021484,40.76921081542969,0.9576806408760182,0.9687620997428894,352.1802673339844,0.525,1.0,0.0,1.0,0.0,0.0,0.06464775651693344,0.23690517246723175,0.0,0.19313818216323853,0.20720015466213226,0.225228950381279,-1.6184560060501099,-1.591492772102356,-1.5570075511932373,0.0,1.0
168960,165,5,231.29985042281493,197.6,-0.004267586395144463,21.65800870656967,-0.5197934925556182,0.0010949566334602424,0.0283447265625,0.6774541132152081,158.57752294540404,2.334678888320923,9.848583221435547,50.22681427001953,43.227577209472656,47.89213562011719,46.69937515258789,0.94809301539067,1.2638633251190186,634.7997436523438,0.8,1.0,0.0,1.0,0.0,0.0,0.0705062747001648,0.2491130530834198,0.0,0.18984559178352356,0.20633001625537872,0.22661879658699036,-1.6248055696487427,-1.5931849479675293,-1.5543651580810547,0.0,1.0
169984,166,5,175.13053830186888,185.6,-0.0044032078702002765,19.533208346366884,-0.5219504237174988,0.004531922303431202,0.0443603515625,0.6317427143454551,126.05158233642578,-2.5337328910827637,10.371442794799805,40.813758850097656,43.032981872558594,43.34749221801758,45.208221435546875,0.9419134706365453,1.093521237373352,358.12091064453125,0.65,1.0,0.0,1.0,0.0,0.0,0.06032055988907814,0.23927727341651917,0.0,0.19141308963298798,0.20697645843029022,0.22748316824436188,-1.621781826019287,-1.5919437408447266,-1.552722454071045,0.0,1.0
171008,167,5,166.90006468376427,191.6,-0.005425344093237072,5.620499458909035,-0.515265268087387,0.007223752500431146,0.0583740234375,0.6687125965952874,59.54875040054321,-1.3629226684570312,5.310371398925781,48.469078063964844,39.342384338378906,49.832000732421875,40.00502395629883,0.9817808382323967,1.281930923461914,206.28182983398438,0.85,1.0,0.0,1.0,0.0,0.0,0.04559941217303276,0.25056466460227966,0.0,0.19278983771800995,0.2084965705871582,0.23039183020591736,-1.6191273927688599,-1.589040756225586,-1.5471997261047363,0.0,1.0
172032,168,5,181.43846234816556,189.2,-0.005246340692974627,5.809003117680549,-0.5085829332470894,0.0032962995130219495,0.045849609375,0.6088964886963367,78.96415853500366,1.091566562652588,5.4058518409729,40.70008850097656,36.932518005371094,39.6085205078125,38.622947692871094,0.9785755164623117,1.0443081855773926,269.49658203125,0.65,1.0,0.0,1.0,0.0,0.0,0.051310840994119644,0.2301872819662094,0.0,0.19189324975013733,0.208742156624794,0.23267823457717896,-1.6208558082580566,-1.5885835886001587,-1.5428636074066162,0.0,1.0
173056,169,8,215.02007466197946,212.0,-0.004682723141741008,21.940412497520448,-0.5113505393266677,0.002679932849423494,0.0376708984375,0.6800437524914742,163.87750525474547,4.911212921142578,9.910782814025879,30.359241485595703,46.707427978515625,25.44802474975586,52.278709411621094,0.9549760031652411,1.4470914602279663,528.2442016601562,0.7,1.0,0.0,1.0,0.0,0.0,0.06216277554631233,0.24236153066158295,0.0,0.18968342244625092,0.20759467780590057,0.23340202867984772,-1.6251184940338135,-1.590824007987976,-1.5414918661117554,0.0,1.0
174080,170,2,123.33468539248967,147.0,-0.003212784306379035,5.761548322439194,-0.5196926474571228,0.0040960214450024065,0.0416748046875,0.5969787284731864,40.28580536842346,-1.304992914199829,5.3384904861450195,58.91544723510742,33.18170928955078,60.22043991088867,32.272239685058594,0.9741155235107636,1.2792681455612183,110.99909210205078,0.675,1.0,0.0,1.0,0.0,0.0,0.05282464623451233,0.22534407675266266,0.0,0.18777446448802948,0.20614266395568848,0.23177966475486755,-1.6288034915924072,-1.5935810804367065,-1.5445671081542969,0.0,1.0
175104,171,5,219.1430899761786,225.4,-0.004020627890713513,9.085429376363754,-0.5216808184981346,0.0041304765996756036,0.033837890625,0.6052508354187012,67.84851195812226,2.762385845184326,5.928006172180176,30.37140655517578,39.37936782836914,27.609018325805664,40.349815368652344,0.9773389625473045,1.0375515222549438,197.82748413085938,0.65,1.0,0.0,1.0,0.0,0.0,0.06350304186344147,0.23117274045944214,0.0,0.18846596777439117,0.207521453499794,0.23398663103580475,-1.6274683475494385,-1.5909510850906372,-1.540384292602539,0.0,1.0
176128,172,5,220.79268085901376,230.6,-0.005976071651093662,8.518119704723357,-0.5136225938796997,0.005734988952463027,0.0668701171875,0.5816626802086831,68.75105023384094,1.512862205505371,6.452949523925781,42.34410095214844,39.7403450012207,40.83123779296875,41.21866226196289,0.9736334565605679,1.0609930753707886,217.64515686035156,0.55,1.0,0.0,1.0,0.0,0.0,0.0619036890566349,0.22702455520629883,0.0,0.1886516958475113,0.20813840627670288,0.2359544336795807,-1.6271097660064697,-1.5898038148880005,-1.5366581678390503,0.0,1.0
177152,173,6,211.99336526487002,209.66666666666666,-0.004926518996944651,8.624662575125694,-0.5141848742961883,0.005141162486688699,0.069189453125,0.6135207399725914,71.02427928447723,1.9571130275726318,6.998923301696777,49.11289978027344,43.515811920166016,47.155784606933594,45.08872604370117,0.9741316747343779,1.1770082712173462,225.34645080566406,0.65,1.0,0.0,1.0,0.0,0.0,0.05594460293650627,0.22068317234516144,0.0,0.18877184391021729,0.20730768144130707,0.2354181557893753,-1.6268779039382935,-1.5913773775100708,-1.5376732349395752,0.0,1.0
178176,174,5,177.41959716856417,177.6,-0.005104265612317249,17.37100864648819,-0.5154413849115371,0.0031718074111267923,0.0452392578125,0.582034108415246,73.00843152999877,-2.5266003608703613,8.641290664672852,50.6149787902832,37.92177200317383,53.141578674316406,36.255924224853516,0.9480745908666763,1.5288476943969727,204.60211181640625,0.6,1.0,0.0,1.0,0.0,0.0,0.05841831490397453,0.22315163910388947,0.0,0.1911049336194992,0.20846976339817047,0.2358056753873825,-1.6223760843276978,-1.5891553163528442,-1.5369397401809692,0.0,1.0
179200,175,4,175.0566993364464,178.25,-0.004592106968630105,13.097852766513824,-0.5110273614525795,0.004254319767642301,0.036865234375,0.6736822098493576,91.96385798454284,2.4366140365600586,8.315917015075684,32.55122375488281,42.65454864501953,30.114608764648438,45.76321029663086,0.9619907196692583,1.388535976409912,271.9797668457031,0.7,1.0,0.0,1.0,0.0,0.0,0.06260699778795242,0.22431382536888123,0.0,0.19270853698253632,0.20785270631313324,0.2331465631723404,-1.6192841529846191,-1.5902940034866333,-1.541975975036621,0.0,1.0
180224,176,6,185.84802660529124,209.33333333333334,-0.004051092331064865,10.543258118629456,-0.5137701749801635,0.005155105596350041,0.0264892578125,0.5474094197154045,85.65019707679748,-2.019129991531372,7.533504962921143,50.06245803833008,39.230350494384766,52.08158874511719,38.168724060058594,0.9631234895911643,1.2389384508132935,241.04884338378906,0.475,1.0,0.0,1.0,0.0,0.0,0.07525647431612015,0.2309361845254898,0.0,0.1951495260000229,0.20838876068592072,0.23225730657577515,-1.6145812273025513,-1.5892671346664429,-1.5436615943908691,0.0,1.0
181248,177,5,195.7664214628585,183.4,-0.004224045120645314,10.243827348947525,-0.5088276907801628,0.005269253438746091,0.042822265625,0.6003010235726833,71.99382147789001,2.78897762298584,7.27720308303833,40.93010330200195,37.156593322753906,38.14112091064453,40.25876998901367,0.9616418922990873,1.3972798585891724,238.622314453125,0.625,1.0,0.0,1.0,0.0,0.0,0.07743033021688461,0.2549338638782501,0.0,0.19826576113700867,0.20897674560546875,0.23035292327404022,-1.608583927154541,-1.588133454322815,-1.5472736358642578,0.0,1.0
182272,178,5,214.06055565430006,194.8,-0.005914865026716143,10.76839446425438,-0.5046422511339188,0.003120009956182912,0.0293212890625,0.5818947814404964,103.6164855003357,3.232656478881836,6.812186241149902,47.07624816894531,39.67334747314453,43.843589782714844,42.59864044189453,0.9705167487724508,0.9411795735359192,377.721923828125,0.625,1.0,0.0,1.0,0.0,0.0,0.07127822935581207,0.23056475818157196,0.0,0.19835861027240753,0.2100161761045456,0.23288823664188385,-1.6084052324295044,-1.5861471891403198,-1.5424655675888062,0.0,1.0
183296,179,6,278.7809665406331,241.16666666666666,-0.004210967005928978,13.907572996616363,-0.5046513319015503,0.002477225658367388,0.033154296875,0.5826701164245606,94.96576652526855,4.457712173461914,7.647282600402832,32.892364501953125,39.553565979003906,28.43465232849121,43.12874984741211,0.9626196809863979,1.122135043144226,265.7371520996094,0.625,1.0,0.0,1.0,0.0,0.0,0.08492770791053772,0.25234541296958923,0.0,0.19717365503311157,0.20841318368911743,0.23077857494354248,-1.610684871673584,-1.589213252067566,-1.5464659929275513,0.0,1.0
184320,180,4,143.2658598366678,167.5,-0.005331516149453819,9.82039001584053,-0.5128701344132424,0.007892648231063504,0.05693359375,0.6420856222510338,68.39209394454956,-0.9419314861297607,6.652606010437012,48.5880126953125,34.09505844116211,49.52994155883789,33.007564544677734,0.9619284329609084,1.2907030582427979,272.42620849609375,0.775,1.0,0.0,1.0,0.0,0.0,0.06620415300130844,0.24547414481639862,0.0,0.19750116765499115,0.20799966156482697,0.2280520796775818,-1.6100547313690186,-1.5900012254714966,-1.5516417026519775,0.0,1.0
185344,181,5,166.49940383346336,164.6,-0.004544832569081336,4.215953767299652,-0.5105400934815407,0.004089134265086614,0.0513671875,0.6490857221186161,40.77024142742157,0.7065281867980957,4.160126209259033,42.9864501953125,39.74200439453125,42.27992630004883,40.343963623046875,0.9890424504451772,0.9846299290657043,116.432861328125,0.725,1.0,0.0,1.0,0.0,0.0,0.07125041633844376,0.23744378983974457,0.0,0.19851873815059662,0.2090102583169937,0.22900094091892242,-1.6080973148345947,-1.588040828704834,-1.549839735031128,0.0,1.0
186368,182,7,175.72054549687695,183.57142857142858,-0.004932899249251932,12.20285918712616,-0.5049095526337624,0.0067539413677877745,0.0466552734375,0.5060097105801106,91.41741938591004,-1.1139546632766724,7.759097099304199,61.88935852050781,36.85051345825195,63.00331497192383,35.924381256103516,0.9556661703748768,0.8067177534103394,263.55084228515625,0.45,1.0,0.0,1.0,0.0,0.0,0.05142981931567192,0.22516880929470062,0.0,0.19800123572349548,0.20977193117141724,0.2323986291885376,-1.6090927124023438,-1.5866132974624634,-1.543393611907959,0.0,1.0
187392,183,4,179.13154671476195,195.5,-0.005531264271121472,10.405555945634841,-0.5062218889594078,0.004468383343191817,0.0605224609375,0.6287967137992382,98.78028898239135,1.2684204578399658,7.472564220428467,48.005218505859375,44.35728454589844,46.73679733276367,44.766090393066406,0.9716201910433987,0.9857285618782043,314.0769958496094,0.775,1.0,0.0,1.0,0.0,0.0,0.060184162110090256,0.22457629442214966,0.0,0.19539429247379303,0.20833490788936615,0.23158271610736847,-1.6141098737716675,-1.5893553495407104,-1.544940710067749,0.0,1.0
188416,184,6,225.2522727810325,212.83333333333334,-0.005257729324512184,12.341580766439439,-0.512105368077755,0.005144651373848319,0.0373291015625,0.5665007568895817,92.82617888450622,-1.2282201051712036,7.319963455200195,45.73786926269531,40.92496109008789,46.966087341308594,40.65727996826172,0.9680080088500624,0.9422613382339478,252.66505432128906,0.55,1.0,0.0,1.0,0.0,0.0,0.0539436936378479,0.2339632660150528,0.0,0.1956593245267868,0.20822711288928986,0.23040886223316193,-1.6135995388031006,-1.5895582437515259,-1.547167420387268,0.0,1.0
189440,185,6,210.9536817183014,222.0,-0.004956902511185035,30.670078694820404,-0.512057863175869,0.004940675033139996,0.040087890625,0.6471208140254021,135.25217266082763,-1.1196346282958984,11.9613676071167,36.61840057373047,42.54003143310547,37.738037109375,45.77552795410156,0.9209383324754091,1.34330153465271,290.934326171875,0.725,1.0,0.0,1.0,0.0,0.0,0.05147901549935341,0.23390573263168335,0.0,0.19487103819847107,0.20814448595046997,0.22981086373329163,-1.6151175498962402,-1.589717984199524,-1.5483022928237915,0.0,1.0
190464,186,3,141.74709890205597,164.66666666666666,-0.002539822435937822,4.941193309426308,-0.5122240245342254,0.0023285082148504443,0.01875,0.587650989741087,68.83021910190583,-1.9730019569396973,5.16869592666626,63.06859588623047,36.406185150146484,65.04159545898438,35.0684928894043,0.9798436639784205,0.9018318057060242,259.4945373535156,0.625,1.0,0.0,1.0,0.0,0.0,0.06804952770471573,0.22999195754528046,0.0,0.19616514444351196,0.20812177658081055,0.23003484308719635,-1.6126258373260498,-1.5897446870803833,-1.5478771924972534,0.0,1.0
191488,187,6,186.97336362901046,183.16666666666666,-0.004119293577969074,12.790466326475144,-0.5162677690386772,0.0028286445362027735,0.039599609375,0.6410147696733475,181.67512764930726,4.4754228591918945,8.53118896484375,30.735820770263672,40.355857849121094,26.260398864746094,45.48988342285156,0.9553104441590785,1.1264594793319702,722.1040649414062,0.75,1.0,0.0,1.0,0.0,0.0,0.07092169672250748,0.24089641869068146,0.0,0.19464990496635437,0.2064048796892166,0.22926515340805054,-1.6155434846878052,-1.5930646657943726,-1.5493381023406982,0.0,1.0
192512,188,5,229.44518219415468,235.2,-0.003895364236086607,7.007263803482056,-0.5265786781907081,0.002755113466992043,0.02158203125,0.55749376937747,85.06888151168823,3.502819299697876,5.641592979431152,27.952041625976562,40.84791946411133,24.449220657348633,44.03354263305664,0.9809250420634847,0.9875855445861816,294.11474609375,0.575,1.0,0.0,1.0,0.0,0.0,0.07341882586479187,0.23563152551651,0.0,0.1921231895685196,0.20508484542369843,0.22943000495433807,-1.6204125881195068,-1.5955866575241089,-1.5490251779556274,0.0,1.0
193536,189,4,202.0520293954555,191.0,-0.00364514144603163,4.1853763431310655,-0.5337744563817978,0.005519741144962609,0.0369873046875,0.6426698409020901,99.04575304985046,2.3099498748779297,4.9700026512146,49.35905075073242,36.406890869140625,47.04909896850586,39.50728988647461,0.9813642836131499,0.9448570609092712,351.8680725097656,0.85,1.0,0.0,1.0,0.0,0.0,0.067788265645504,0.23898330330848694,0.0,0.18850071728229523,0.20366136729717255,0.22810618579387665,-1.6274012327194214,-1.5983505249023438,-1.5515389442443848,0.0,1.0
194560,190,7,211.78721566711732,206.71428571428572,-0.005400326510425657,10.311087816953659,-0.5393055438995361,0.004749762864958029,0.03916015625,0.6581493750214576,116.93212151527405,2.72324800491333,7.093225479125977,41.77232360839844,42.88315963745117,39.049076080322266,44.96519470214844,0.9726401337311905,1.3248001337051392,419.18939208984375,0.725,1.0,0.0,1.0,0.0,0.0,0.07601144164800644,0.2415851652622223,0.0,0.1860397458076477,0.2035631388425827,0.22823885083198547,-1.6321545839309692,-1.5985323190689087,-1.5512869358062744,0.0,1.0
195584,191,4,189.7708793001368,197.0,-0.0048302086885087196,8.299954736232758,-0.5415657415986062,0.0035418443207163365,0.0413818359375,0.5636844143271447,51.4189462184906,-0.17335686087608337,5.48588752746582,32.49650192260742,35.62562561035156,32.66986083984375,37.00779724121094,0.9762879634240796,0.9718482494354248,127.84610748291016,0.55,1.0,0.0,1.0,0.0,0.0,0.06040443107485771,0.2314399927854538,0.0,0.18353956937789917,0.20226331055164337,0.2261965274810791,-1.6369879245758057,-1.601012110710144,-1.5551677942276,0.0,1.0
196608,192,5,175.48701724662092,191.8,-0.004317268263548613,4.488879996538162,-0.5463715985417366,0.004730536074202973,0.0671875,0.6323937963694334,37.995849776268,-1.2007811069488525,4.355807304382324,54.35102844238281,31.614437103271484,55.55180740356445,30.465435028076172,0.9810169297088461,1.7544618844985962,138.97830200195312,0.65,1.0,0.0,1.0,0.0,0.0,0.07463809847831726,0.22951948642730713,0.0,0.183038130402565,0.20248229801654816,0.22680845856666565,-1.6379579305648804,-1.6005878448486328,-1.5540046691894531,0.0,1.0
197632,193,8,172.58621084182798,173.625,-0.004090637527406215,7.1907478928565975,-0.5418996185064315,0.0032680932781659067,0.0284912109375,0.6703096427023411,68.18490643501282,1.95771324634552,6.432790756225586,45.353309631347656,40.63289260864258,43.39559555053711,42.339454650878906,0.9749364084690428,1.3892673254013062,214.43853759765625,0.725,1.0,0.0,1.0,0.0,0.0,0.07390370965003967,0.23296305537223816,0.0,0.18510158360004425,0.2035631537437439,0.2284540981054306,-1.6339677572250366,-1.5985350608825684,-1.5508781671524048,0.0,1.0
198656,194,6,180.91994198441157,167.0,-0.004220015415921807,7.999878358840943,-0.5406075820326806,0.004346747523231898,0.029638671875,0.5922201775014401,81.4678671836853,1.3684593439102173,6.421688079833984,41.812835693359375,39.80454635620117,40.44437789916992,41.42539596557617,0.9739724644717125,1.1514058113098145,354.4898681640625,0.625,1.0,0.0,1.0,0.0,0.0,0.06369490176439285,0.23929139971733093,0.0,0.1833861619234085,0.2023654729127884,0.22696802020072937,-1.637284755706787,-1.6008356809616089,-1.553701400756836,0.0,1.0
199680,195,4,178.85719026490236,183.0,-0.003795088327024132,7.46018278002739,-0.5453425660729408,0.004118327640753705,0.041357421875,0.6438086397945881,51.66415240764618,-0.1081538051366806,6.21376371383667,43.97147750854492,32.51255798339844,44.079627990722656,33.26805877685547,0.9634735767663452,1.0354090929031372,151.20228576660156,0.75,1.0,0.0,1.0,0.0,0.0,0.06113661453127861,0.2375296950340271,0.0,0.18203511834144592,0.202853724360466,0.22749808430671692,-1.6398985385894775,-1.5999082326889038,-1.5526942014694214,0.0,1.0
200704,196,6,199.9200378609331,192.66666666666666,-0.0041977634187787775,15.698810333013535,-0.5430880516767502,0.004548889693978708,0.0405517578125,0.6487270630896091,92.37744402885437,0.21507537364959717,8.787962913513184,51.503929138183594,40.83432388305664,51.28885269165039,41.66184616088867,0.9536845739540961,1.1475000381469727,244.38111877441406,0.725,1.0,0.0,1.0,0.0,0.0,0.07847856730222702,0.22997821867465973,0.0,0.17982760071754456,0.2025054544210434,0.22698013484477997,-1.644172191619873,-1.6005783081054688,-1.5536783933639526,0.0,1.0
201728,197,7,188.03700847699744,179.0,-0.004267732735024765,7.26656077504158,-0.5468887954950332,0.005403812989243306,0.03447265625,0.6276837006211281,51.664242482185365,0.052808135747909546,6.175741195678711,46.876258850097656,36.20008850097656,46.823448181152344,37.519100189208984,0.9708955860439091,1.0422552824020386,166.56454467773438,0.675,1.0,0.0,1.0,0.0,0.0,0.07106757164001465,0.22410164773464203,0.0,0.17777329683303833,0.2019122689962387,0.22723570466041565,-1.6481521129608154,-1.601715087890625,-1.5531927347183228,0.0,1.0
202752,198,6,166.02426204992696,161.83333333333334,-0.004601341288071126,4.865324372053147,-0.5477326139807701,0.005215717866667547,0.0362548828125,0.5502472408115864,36.481144070625305,-1.6782870292663574,4.633235931396484,51.74369812011719,36.74655532836914,53.42198181152344,36.14221954345703,0.9841022502126979,1.0154582262039185,133.9891357421875,0.475,1.0,0.0,1.0,0.0,0.0,0.08196578174829483,0.22953903675079346,0.0,0.17964859306812286,0.2022554725408554,0.2259678691625595,-1.6445188522338867,-1.6010562181472778,-1.5556025505065918,0.0,1.0
203776,199,7,148.8555034773726,151.0,-0.007255488785449416,3.0447233468294144,-0.548788246512413,0.005386543330678251,0.0534912109375,0.6402787886559963,35.40602359771729,-1.3151878118515015,4.059396266937256,50.188541412353516,35.805259704589844,51.50373077392578,35.725223541259766,0.9871462669208366,1.1065484285354614,119.82035827636719,0.7,1.0,0.0,1.0,0.0,0.0,0.07864245027303696,0.23241440951824188,0.0,0.1787213683128357,0.20100955665111542,0.22519215941429138,-1.6463149785995483,-1.603441834449768,-1.5570776462554932,0.0,1.0
204800,200,4,177.6214518669629,170.0,-0.0051108407555148,2.133618874847889,-0.5551646679639817,0.0028450214100303127,0.0560546875,0.703919830173254,33.994894123077394,-0.15825292468070984,3.708714723587036,49.465885162353516,35.455509185791016,49.624141693115234,36.32533264160156,0.989058436081252,1.4297728538513184,113.3636474609375,0.9,1.0,0.0,1.0,0.0,0.0,0.06698337197303772,0.23238225281238556,0.0,0.17785868048667908,0.2005937695503235,0.22568736970424652,-1.647986650466919,-1.6042771339416504,-1.556135892868042,0.0,1.0
