total_env_steps,update,completed_episodes,completed_episode_return_mean,completed_episode_length_mean,actor_policy_loss,critic_loss,entropy,approx_kl,clip_fraction,actor_grad_norm,critic_grad_norm,advantage_raw_mean,advantage_raw_std,value_target_mean,value_target_std,value_prediction_mean_pre,value_prediction_std_pre,explained_variance_pre,actor_grad_norm_max,critic_grad_norm_max,actor_grad_clip_fraction,critic_grad_clip_fraction,value_normalizer_mean,value_normalizer_std,value_normalizer_count,hard_speed_accel_violations,action_mean,action_std,action_saturation_ratio,raw_log_std_min,raw_log_std_mean,raw_log_std_max,clamped_log_std_min,clamped_log_std_mean,clamped_log_std_max,raw_log_std_gt_max_ratio,finite
1024,1,5,124.65272024242786,109.0,-0.004695934779010713,0.3677860923111439,-0.24507227912545204,0.002794318541418761,0.0326416015625,0.4826448731124401,0.45068534910678865,15.27627944946289,7.200833320617676,15.145011901855469,7.194711208343506,-0.13126736879348755,0.12368156015872955,-0.0017025344843990542,0.8480654358863831,0.709014892578125,0.35,0.225,15.14501057616951,7.194712377029101,1024.0001,0.0,-0.05921660736203194,0.2256142795085907,0.0,0.25424015522003174,0.2548615038394928,0.2557764947414398,-1.502199411392212,-1.5010462999343872,-1.4993181228637695,0.0,1.0
2048,2,5,143.25702707355157,141.0,-0.005242250103037804,0.21677386220544576,-0.24595897048711776,0.004861817012715619,0.0362060546875,0.54635044708848,0.8216535486280918,11.995336532592773,8.685928344726562,26.501285552978516,10.348581314086914,14.505949020385742,3.5963635444641113,0.29551646909545337,1.0512053966522217,2.223656177520752,0.5,0.475,20.823147978300543,10.567391489352946,2048.0001,0.0,-0.05857301875948906,0.23036561906337738,0.0,0.2533488869667053,0.25528982281684875,0.25726982951164246,-1.5038719177246094,-1.5002278089523315,-1.496519684791565,0.0,1.0
3072,3,6,161.37622400936877,151.33333333333334,-0.005101473472313956,0.11515191365033388,-0.2418436087667942,0.005374401200970169,0.0460205078125,0.4965177536010742,0.5540235858410597,9.556307792663574,9.823827743530273,33.00358581542969,15.12476921081543,23.44727897644043,7.475909233093262,0.5781248733335568,0.9440900683403015,1.629036545753479,0.475,0.325,24.883294071085594,13.552452294850152,3072.0001,0.0,-0.05516362190246582,0.22326530516147614,0.0,0.25340521335601807,0.2560271918773651,0.2581492066383362,-1.5037660598754883,-1.4988375902175903,-1.494872808456421,0.0,1.0
4096,4,8,173.25337949082234,146.875,-0.0035062046139501036,0.025913026044145228,-0.2417798399925232,0.0040237104898551476,0.027880859375,0.5771262425929308,0.19437638465315105,7.7852630615234375,5.3452677726745605,41.83866882324219,19.650033950805664,34.05340576171875,16.906389236450195,0.9260033057086754,1.2182344198226929,0.5081104040145874,0.575,0.025,29.12213737194777,16.976043850892765,4096.0001,0.0,-0.049983397126197815,0.22409243881702423,0.0,0.25319889187812805,0.25512707233428955,0.2567845284938812,-1.5041533708572388,-1.5005327463150024,-1.4974288940429688,0.0,1.0
5120,5,8,171.72701997667173,146.25,-0.0032288610935211183,0.03480565720237792,-0.24494220092892646,0.003758926621230785,0.0301513671875,0.49719479531049726,0.1887312287464738,4.132125377655029,6.910017490386963,44.12454605102539,22.116195678710938,39.99241638183594,19.268320083618164,0.9023803009321796,0.9941998720169067,0.46694645285606384,0.475,0.0,32.1226188078108,19.088887629492792,5120.0001,0.0,-0.054537948220968246,0.22389398515224457,0.0,0.2522335946559906,0.25518175959587097,0.2581656575202942,-1.5059657096862793,-1.5004615783691406,-1.4948420524597168,0.0,1.0
6144,6,8,162.75600621244007,152.0,-0.0039292913250392305,0.034771530563011764,-0.24490372836589813,0.0029420828053844162,0.0289306640625,0.5023266661912202,0.2081217029131949,3.056612014770508,8.179569244384766,41.6617431640625,30.551267623901367,38.605133056640625,27.578081130981445,0.928319270426975,0.922626256942749,0.5395874977111816,0.4,0.075,33.71247320969977,21.722251196283327,6144.0001,0.0,-0.05380019545555115,0.22231018543243408,0.0,0.25127145648002625,0.2549903690814972,0.26072806119918823,-1.5077730417251587,-1.5007814168930054,-1.4900472164154053,0.0,1.0
7168,7,7,184.98812807898312,142.71428571428572,-0.004787251341622323,0.009793613792862744,-0.24431920498609544,0.004944983072346076,0.0443115234375,0.45999064184725286,0.08877498926594854,3.277388095855713,4.199535369873047,51.348690032958984,25.85184669494629,48.07130432128906,24.892444610595703,0.9736112142629175,0.7876586318016052,0.24157489836215973,0.4,0.0,36.231932746641675,23.195003980696118,7168.0001,0.0,-0.04904097318649292,0.22257791459560394,0.0,0.2516937255859375,0.25553345680236816,0.2626104950904846,-1.5069797039031982,-1.4997929334640503,-1.4865288734436035,0.0,1.0
8192,8,5,141.9197462302971,159.0,-0.004110279260203242,0.03215894587337971,-0.24114530012011529,0.003075203527987469,0.0406982421875,0.490373595058918,0.18096177335828542,-0.5975059270858765,8.682905197143555,50.9264030456543,30.21232032775879,51.52391052246094,26.145795822143555,0.9174034376703566,0.8900054693222046,0.44588503241539,0.5,0.0,38.068741396505175,24.667230994941193,8192.000100000001,0.0,-0.0350513719022274,0.22579191625118256,0.0,0.25111454725265503,0.255940705537796,0.26433461904525757,-1.5080678462982178,-1.4990291595458984,-1.483309268951416,0.0,1.0
9216,9,6,197.18014818107667,166.66666666666666,-0.0059798705158755185,0.024377227295190096,-0.24141677096486092,0.008114552168990485,0.0500244140625,0.562167851626873,0.15602369261905552,0.192402184009552,7.548318862915039,60.75690841674805,25.29064178466797,60.564510345458984,20.540319442749023,0.9109198784753103,0.9523923397064209,0.5319302082061768,0.575,0.025,40.589648909546625,25.744369440800483,9216.000100000001,0.0,-0.027687376365065575,0.2267894148826599,0.0,0.2504107654094696,0.2555404007434845,0.2646290063858032,-1.5093904733657837,-1.499758243560791,-1.4827598333358765,0.0,1.0
10240,10,6,161.0352505551601,150.66666666666666,-0.005235300993081182,0.024259813781827688,-0.24388695731759072,0.005143314425367862,0.075439453125,0.6264621406793595,0.15162419732660054,0.03512907028198242,8.377166748046875,57.92369079589844,32.082340240478516,57.8885612487793,28.000879287719727,0.9318191680742108,1.1809046268463135,0.3475434482097626,0.625,0.0,42.323053143262655,26.95301765747769,10240.000100000001,0.0,-0.022145098075270653,0.22492703795433044,0.0,0.24943119287490845,0.2549439072608948,0.2650332748889923,-1.5112321376800537,-1.5009106397628784,-1.4820054769515991,0.0,1.0
11264,11,6,193.2261773073219,171.33333333333334,-0.005185199232073501,0.01971658691763878,-0.2473282366991043,0.0054778346573584715,0.0521728515625,0.5716804087162017,0.12445692466571927,0.03731253743171692,6.8578033447265625,60.381744384765625,27.52151870727539,60.34442901611328,25.013124465942383,0.9379094898122087,1.0469697713851929,0.3696031868457794,0.525,0.0,43.96475220140371,27.49967764693393,11264.000100000001,0.0,-0.019808391109108925,0.2247675508260727,0.0,0.2495257556438446,0.2546183168888092,0.2632635533809662,-1.5110543966293335,-1.501515507698059,-1.4853090047836304,0.0,1.0
12288,12,7,188.13578710173968,181.85714285714286,-0.0065389899769797925,0.01653445886913687,-0.24836693927645684,0.006499443501525093,0.056640625,0.6354891672730446,0.11770356232300401,-1.097853660583496,6.828458309173584,52.56243896484375,35.93715286254883,53.66029357910156,33.59000778198242,0.9638957779971616,1.2447609901428223,0.2601880431175232,0.7,0.0,44.6812260387813,28.398641549113872,12288.000100000001,0.0,-0.024099625647068024,0.22401729226112366,0.0,0.25014206767082214,0.2543118894100189,0.2618193030357361,-1.5098955631256104,-1.5020867586135864,-1.4880071878433228,0.0,1.0
13312,13,6,158.02262580606265,140.16666666666666,-0.004031538442359306,0.031012536911293864,-0.25105822533369065,0.003764994906669017,0.0283447265625,0.5521200224757195,0.2463213887065649,-3.1258792877197266,10.057458877563477,58.41929626464844,39.448333740234375,61.54517364501953,38.013145446777344,0.9349991232150117,0.9814062118530273,0.7616735696792603,0.575,0.075,45.73800084008742,29.623511474412805,13312.000100000001,0.0,-0.007456899154931307,0.2223736047744751,0.0,0.24769946932792664,0.2537451684474945,0.2623116970062256,-1.5144901275634766,-1.5031307935714722,-1.4870870113372803,0.0,1.0
14336,14,7,156.5133891649641,155.14285714285714,-0.006095496827038005,0.038710206374526025,-0.2495246984064579,0.005139564283308573,0.06748046875,0.5262486651539803,0.2979206910356879,-4.023871421813965,11.584486961364746,62.16608428955078,33.19574737548828,66.18995666503906,31.2479190826416,0.878216417202234,0.9623837471008301,1.0276546478271484,0.425,0.125,46.91143535988229,30.19075524128425,14336.000100000001,0.0,-0.00552401365712285,0.22391459345817566,0.0,0.2482372671365738,0.255187064409256,0.2637326717376709,-1.5134780406951904,-1.5004550218582153,-1.4844329357147217,0.0,1.0
15360,15,6,174.0064182467829,160.0,-0.005392132652923464,0.0142142744618468,-0.24082500413060187,0.0025748810498043896,0.03095703125,0.48679690808057785,0.206190877687186,-2.0232696533203125,7.297057628631592,71.35263061523438,34.94140625,73.37591552734375,33.94572067260742,0.9563871164943886,0.8230874538421631,0.7121354937553406,0.425,0.075,48.540848855241954,31.133254655830452,15360.000100000001,0.0,-0.007110998034477234,0.22467157244682312,0.0,0.24905143678188324,0.2564554512500763,0.26555755734443665,-1.511946439743042,-1.4980425834655762,-1.481027364730835,0.0,1.0
16384,16,8,168.81971218467882,152.75,-0.0037044223223347216,0.04263205300085247,-0.23721438720822335,0.0039165780894109044,0.025390625,0.5648906603455544,0.2941464088857174,-3.8985610008239746,13.974571228027344,54.84837341308594,39.23375701904297,58.74693298339844,40.652137756347656,0.8731305049745299,0.9306901693344116,0.9807984232902527,0.675,0.15,48.93506918015628,31.73698470434512,16384.0001,0.0,-0.018375135958194733,0.22308215498924255,0.0,0.24948036670684814,0.25620517134666443,0.2651451826095581,-1.5111397504806519,-1.4985260963439941,-1.4817967414855957,0.0,1.0
17408,17,6,163.99720519362668,144.5,-0.0056162697961553935,0.012097231391817332,-0.2412436306476593,0.005054843833204359,0.06533203125,0.5990992426872254,0.12915750234387816,-2.106480121612549,6.918352127075195,58.65937805175781,30.84895896911621,60.76586151123047,31.539222717285156,0.949705062855809,1.1326203346252441,0.36760008335113525,0.65,0.0,49.507087342350395,31.76794280444696,17408.0001,0.0,-0.0019645849242806435,0.22416746616363525,0.0,0.24847307801246643,0.25514814257621765,0.2634395956993103,-1.5130343437194824,-1.5005046129226685,-1.4849802255630493,0.0,1.0
18432,18,6,171.9725050275397,168.5,-0.0036466735356952993,0.017023359402082862,-0.24325499087572097,0.004170684963173699,0.025927734375,0.5509576432406902,0.12728379489853978,-0.14186596870422363,8.482745170593262,44.657615661621094,35.679080963134766,44.799476623535156,35.640926361083984,0.9434743498767076,0.8931156396865845,0.3302696943283081,0.6,0.0,49.237672116696416,32.0170482969552,18432.0001,0.0,-0.012357950210571289,0.22428297996520996,0.0,0.24967309832572937,0.25611013174057007,0.2653729319572449,-1.510777235031128,-1.4986891746520996,-1.4813717603683472,0.0,1.0
19456,19,7,198.23400277111452,173.57142857142858,-0.004753225005697459,0.008781535446178167,-0.2391133725643158,0.0020996240855311044,0.0539306640625,0.555027787387371,0.10315691102296114,1.778278112411499,5.978608131408691,56.530513763427734,36.39270782470703,54.752235412597656,37.75356674194336,0.973011953972733,1.0579426288604736,0.28765931725502014,0.625,0.0,49.621505950974445,32.303218232784964,19456.0001,0.0,-0.006231493782252073,0.2239016592502594,0.0,0.24884475767612457,0.25561389327049255,0.2648512125015259,-1.512335181236267,-1.4996553659439087,-1.4823451042175293,0.0,1.0
20480,20,5,180.12060356644815,156.4,-0.004392969526816159,0.014701402222272009,-0.246826408803463,0.006541945693606976,0.044677734375,0.5596471756696701,0.13490467015653848,-1.157501220703125,8.706551551818848,55.948883056640625,28.649547576904297,57.106380462646484,27.99087905883789,0.9076457702530566,0.9612112641334534,0.3975875675678253,0.575,0.0,49.9378745594521,32.1599834848927,20480.0001,0.0,-0.013813666999340057,0.22192513942718506,0.0,0.2474951595067978,0.25404396653175354,0.2645372152328491,-1.5148746967315674,-1.5026048421859741,-1.482931137084961,0.0,1.0
21504,21,7,166.34920742135913,143.85714285714286,-0.003949026833288372,0.0192662209039554,-0.24897682294249535,0.0062634200934553515,0.0379638671875,0.5319572813808918,0.14425378143787385,-2.2980475425720215,8.878700256347656,68.10994720458984,28.708898544311523,70.40798950195312,26.023347854614258,0.904354248991728,0.9751614928245544,0.3692706525325775,0.525,0.0,50.80321142362381,32.237209333179955,21504.0001,0.0,-0.02063305303454399,0.22166815400123596,0.0,0.24893531203269958,0.25520798563957214,0.265652596950531,-1.512164831161499,-1.5004163980484009,-1.480850100517273,0.0,1.0
22528,22,8,200.9010609112439,164.75,-0.005143383241374977,0.005669782124459744,-0.24144749343395233,0.0027241779418545773,0.031689453125,0.5350050956010819,0.11084126993082463,-0.2398877739906311,5.535787582397461,56.11882781982422,34.36685562133789,56.35871124267578,35.83061218261719,0.9740534713762734,1.0293759107589722,0.31327351927757263,0.55,0.0,51.04483019517346,32.35600482388907,22528.0001,0.0,-0.024921953678131104,0.2229294627904892,0.0,0.24896776676177979,0.25594738125801086,0.26489153504371643,-1.512103796005249,-1.498992919921875,-1.4822700023651123,0.0,1.0
23552,23,8,157.37111301827355,137.125,-0.003419616387691349,0.011813520034775139,-0.23983146846294404,0.005220891001226846,0.0264892578125,0.5434328146278858,0.17978057730942965,-3.3698642253875732,7.011822700500488,62.34658432006836,29.16381072998047,65.71644592285156,24.788028717041016,0.9421939471410506,0.9507496356964111,0.44677820801734924,0.55,0.0,51.53621074600887,32.306108656490615,23552.0001,0.0,-0.030842004343867302,0.22379028797149658,0.0,0.24786929786205292,0.25619110465049744,0.26457124948501587,-1.514170527458191,-1.4985452890396118,-1.48286771774292,0.0,1.0
24576,24,7,170.0794657937606,149.42857142857142,-0.003625472658313811,0.011333321582060307,-0.23678141236305236,0.0025230118437320924,0.0184814453125,0.524840383976698,0.11059605544432997,-0.734200119972229,7.2214555740356445,48.90856170654297,33.083560943603516,49.64276123046875,34.308837890625,0.9523541603104004,0.8665899038314819,0.37756696343421936,0.55,0.0,51.426725324535305,32.34313810913686,24576.0001,0.0,-0.03980473801493645,0.22368668019771576,0.0,0.24972432851791382,0.25689712166786194,0.26503297686576843,-1.510680913925171,-1.497245192527771,-1.4820060729980469,0.0,1.0
25600,25,5,141.9760721101893,126.6,-0.0021290365082677455,0.011451374518219381,-0.2327811412513256,0.0009070514584891498,0.0138916015625,0.5338602542877198,0.1431533070281148,-2.7455451488494873,6.943526744842529,53.20854568481445,30.899702072143555,55.95408630371094,29.50510597229004,0.9495046198969831,1.0312858819961548,0.4777025878429413,0.575,0.0,51.49799806195502,32.28852764971062,25600.0001,0.0,-0.04445137083530426,0.2233770340681076,0.0,0.2510494589805603,0.2576234042644501,0.266161173582077,-1.5081901550292969,-1.495902419090271,-1.4799015522003174,0.0,1.0
26624,26,8,152.15311385612165,141.25,-0.004060041112825275,0.012219677038956434,-0.230433189868927,0.0037105765120941216,0.03076171875,0.5742387369275093,0.1277669164352119,-2.1839470863342285,7.570244789123535,50.713172912597656,31.203683853149414,52.897117614746094,31.797412872314453,0.9411416466346416,0.9841645956039429,0.37098291516304016,0.7,0.0,51.467812510895634,32.247830956099314,26624.0001,0.0,-0.043117862194776535,0.22382190823554993,0.0,0.2522987425327301,0.25775086879730225,0.2660544514656067,-1.5058434009552002,-1.4956327676773071,-1.4801006317138672,0.0,1.0
27648,27,8,144.61187817879704,127.0,-0.004050396149978042,0.006087531120283529,-0.23249445110559464,0.0035997772458358666,0.030615234375,0.5603296823799611,0.10897929072380066,0.7707858085632324,5.3967204093933105,53.39812469482422,37.9918327331543,52.627342224121094,40.35070037841797,0.9798219396324915,1.0358386039733887,0.31914207339286804,0.6,0.0,51.53930562233699,32.48073783926549,27648.0001,0.0,-0.04913083836436272,0.2238888293504715,0.0,0.25184884667396545,0.25651073455810547,0.26482635736465454,-1.5066883563995361,-1.4979535341262817,-1.482391595840454,0.0,1.0
28672,28,8,187.1427850663094,163.625,-0.003777114814147353,0.012753467063885183,-0.2377261646091938,0.005795723380288109,0.036962890625,0.5739829637110233,0.12560150297358633,-0.9114280343055725,7.905821800231934,50.80013656616211,33.57233810424805,51.71156311035156,34.07856369018555,0.9445462628685309,0.9850090146064758,0.4492524564266205,0.575,0.0,51.5129066818685,32.52064385898659,28672.0001,0.0,-0.0524245984852314,0.22480374574661255,0.0,0.25141867995262146,0.25659021735191345,0.2659674286842346,-1.5074964761734009,-1.4978262186050415,-1.4802629947662354,0.0,1.0
29696,29,7,161.05295610638106,131.85714285714286,-0.004424290463794023,0.006949988106498495,-0.2326477997004986,0.005532246132497675,0.0341796875,0.5246492527425289,0.07788861375302077,-0.5827996134757996,5.487003803253174,50.77806091308594,31.581979751586914,51.36085891723633,31.982471466064453,0.9698149503102511,1.1299241781234741,0.19184912741184235,0.475,0.0,51.487567162352605,32.48900423576096,29696.0001,0.0,-0.05798852816224098,0.2297305166721344,0.0,0.25183558464050293,0.25822073221206665,0.27016860246658325,-1.5067132711410522,-1.4947624206542969,-1.472436547279358,0.0,1.0
30720,30,6,136.01304424367197,118.16666666666667,-0.002952030603773892,0.0069987754221074285,-0.22380334958434106,0.00269378950324608,0.0185302734375,0.5321771502494812,0.09342606826685369,-2.339853286743164,4.923851013183594,60.874595642089844,29.91562843322754,63.214447021484375,30.34587860107422,0.9729097147662985,0.8005131483078003,0.3082490861415863,0.55,0.0,51.80046810088749,32.450295493807445,30720.0001,0.0,-0.0626663863658905,0.22664770483970642,0.0,0.2515040934085846,0.25933870673179626,0.2716602087020874,-1.5073360204696655,-1.4926929473876953,-1.4696619510650635,0.0,1.0
31744,31,10,160.23508325411825,133.3,-0.0038251721998676658,0.006373735424131155,-0.2190797209739685,0.0009045344777405262,0.028662109375,0.577320871502161,0.09234990123659373,-2.1040806770324707,4.90835428237915,54.085506439208984,31.987722396850586,56.18958282470703,33.09333419799805,0.9764546500243803,1.0283825397491455,0.3065813481807709,0.65,0.0,51.874179017522,32.43798927733783,31744.0001,0.0,-0.06430677324533463,0.22973047196865082,0.0,0.25159183144569397,0.2600712776184082,0.27178239822387695,-1.5071711540222168,-1.4913164377212524,-1.4694348573684692,0.0,1.0
32768,32,8,134.07129354861843,121.375,-0.0036672095768153666,0.013032957597170025,-0.21647212021052836,0.0034293975055334157,0.0400146484375,0.5654522582888604,0.10596320563927293,-2.5222878456115723,7.745100975036621,53.61394500732422,30.144027709960938,56.136234283447266,29.773822784423828,0.9339836294432284,1.0329692363739014,0.3329448401927948,0.7,0.0,51.928546667742886,32.370179237330284,32768.000100000005,0.0,-0.05906562879681587,0.23106925189495087,0.0,0.25074368715286255,0.26031413674354553,0.271543949842453,-1.5087647438049316,-1.490871548652649,-1.4698781967163086,0.0,1.0
33792,33,9,143.02977498850564,125.33333333333333,-0.004074480792041868,0.0050786885840352625,-0.2162061408162117,0.004569319148140493,0.0345703125,0.5798767670989037,0.0578849664889276,-1.233689785003662,4.135015487670898,47.18833923339844,27.698579788208008,48.422027587890625,27.397254943847656,0.9777136291849414,0.9480264782905579,0.14258882403373718,0.6,0.0,51.78490394250675,32.248801740391166,33792.000100000005,0.0,-0.06214560195803642,0.23206442594528198,0.0,0.2515355050563812,0.26009735465049744,0.2714989185333252,-1.507277011871338,-1.491239070892334,-1.4699618816375732,0.0,1.0
34816,34,8,149.37712701213462,127.5,-0.0063143398379907015,0.004195666895247996,-0.21709462776780128,0.006611560384044424,0.0635009765625,0.6039762418717146,0.060092385346069935,-0.2992730736732483,3.9571316242218018,48.133583068847656,28.289812088012695,48.432857513427734,29.70635223388672,0.9804340541995324,1.4398088455200195,0.18428578972816467,0.625,0.0,51.677512151194534,32.14524278018569,34816.000100000005,0.0,-0.06902893632650375,0.22971954941749573,0.0,0.25089892745018005,0.2600293457508087,0.27279505133628845,-1.5084730386734009,-1.4913926124572754,-1.4675525426864624,0.0,1.0
35840,35,9,129.78079282494463,109.55555555555556,-0.0052639740286394955,0.006158591236453503,-0.21606616154313088,0.0010596544307190925,0.0267333984375,0.517528086528182,0.07072804383933544,-0.3884159326553345,4.738485813140869,49.83165740966797,27.364337921142578,50.22007751464844,26.6923770904541,0.9700146368515618,0.898471474647522,0.19204793870449066,0.525,0.0,51.62477346054449,32.02003050288995,35840.000100000005,0.0,-0.07548948377370834,0.23403330147266388,0.0,0.2500452399253845,0.2604735493659973,0.275451123714447,-1.5100775957107544,-1.4905940294265747,-1.462620496749878,0.0,1.0
36864,36,8,141.52568081539647,110.25,-0.003941972134634852,0.00776330332737416,-0.21741748005151748,0.0037328106132918037,0.031103515625,0.522892101854086,0.07174721197225153,-0.9640657305717468,5.17369270324707,54.583702087402344,26.485593795776367,55.547767639160156,25.790010452270508,0.9618423328883419,0.9294730424880981,0.14503014087677002,0.525,0.0,51.706965930405374,31.88298098473588,36864.000100000005,0.0,-0.07779649645090103,0.23242349922657013,0.0,0.25037339329719543,0.25941428542137146,0.2738139033317566,-1.509460687637329,-1.4925779104232788,-1.4656598567962646,0.0,1.0
37888,37,9,151.96103357820127,121.33333333333333,-0.0028690444538369774,0.005387727485504002,-0.22162176482379436,0.0025297230953583495,0.0187255859375,0.5309636324644089,0.06165615040808916,0.30433189868927,4.639139175415039,51.2874641418457,30.093412399291992,50.98313522338867,30.96913719177246,0.9762353200057505,0.9754056930541992,0.16325156390666962,0.475,0.0,51.695628077722695,31.836009615632836,37888.000100000005,0.0,-0.08045901358127594,0.22977936267852783,0.0,0.25062131881713867,0.2593590319156647,0.2734629809856415,-1.5089948177337646,-1.4926522970199585,-1.4663116931915283,0.0,1.0
38912,38,8,173.35871358845614,137.375,-0.0023310001008212565,0.004474210896296427,-0.2226673685014248,0.0033794673770898955,0.0163330078125,0.4723213776946068,0.1501009755767882,2.064248561859131,4.983237266540527,49.20380401611328,30.7218074798584,47.13956069946289,34.15443801879883,0.9736894724980447,1.1293846368789673,0.51002436876297,0.375,0.025,51.63005385777684,31.809689464585627,38912.000100000005,0.0,-0.07866713404655457,0.22967767715454102,0.0,0.24983161687850952,0.2586863934993744,0.27331796288490295,-1.510479211807251,-1.4939340353012085,-1.4665809869766235,0.0,1.0
39936,39,8,129.12902604180064,122.25,-0.003355133964214474,0.009799086372368038,-0.22414050213992595,0.003952349463361315,0.037353515625,0.5932513333857059,0.13119373125955464,-2.6573069095611572,6.4366607666015625,53.11650085449219,32.368125915527344,55.773807525634766,29.570556640625,0.9604555002586763,1.0360935926437378,0.36689838767051697,0.65,0.0,51.66816794181004,31.82499806706571,39936.000100000005,0.0,-0.08608559519052505,0.23604263365268707,0.0,0.2511650025844574,0.2592158913612366,0.2727729380130768,-1.507973074913025,-1.4929141998291016,-1.4675936698913574,0.0,1.0
40960,40,7,161.95562757861947,125.85714285714286,-0.003471282744430937,0.0032658847747370602,-0.22014461681246758,0.004792638693470508,0.02626953125,0.5459549687802792,0.055891220923513174,-1.4177534580230713,2.9328503608703613,53.31558609008789,27.175230026245117,54.733341217041016,26.81317138671875,0.9883524850624029,1.1576495170593262,0.15657298266887665,0.55,0.0,51.709353466976935,31.718105590699334,40960.000100000005,0.0,-0.09418585896492004,0.2283574789762497,0.0,0.24835489690303802,0.2597603499889374,0.27508482336997986,-1.5132567882537842,-1.491935133934021,-1.4633002281188965,0.0,1.0
41984,41,10,131.82216244882494,115.5,-0.005144935729913413,0.006505908881081268,-0.2227463811635971,0.004928417819610331,0.0513671875,0.5514583650976419,0.06382273654453456,-1.1019370555877686,4.685696601867676,46.723365783691406,28.652631759643555,47.82530212402344,28.575679779052734,0.9732564345450121,1.0015904903411865,0.15596802532672882,0.6,0.0,51.587743980556276,31.65621579054853,41984.000100000005,0.0,-0.0822005346417427,0.23165389895439148,0.0,0.24645459651947021,0.2581627070903778,0.2738381028175354,-1.5168339014053345,-1.4948970079421997,-1.4656147956848145,0.0,1.0
43008,42,8,134.45996469744222,112.875,-0.002910779946250841,0.00553988465690054,-0.2250898115336895,0.002072657509415876,0.020947265625,0.5184661138802766,0.08191339964978397,-0.015583068132400513,5.955970287322998,54.498226165771484,30.27263832092285,54.51380920410156,30.499723434448242,0.9612916625787721,1.011385440826416,0.24217408895492554,0.6,0.0,51.65704116336321,31.627089733175698,43008.000100000005,0.0,-0.08066157251596451,0.23324014246463776,0.0,0.24983318150043488,0.25962409377098083,0.2750234305858612,-1.5104763507843018,-1.4921542406082153,-1.463414192199707,0.0,1.0
44032,43,10,137.30290476764603,121.0,-0.006065390072762966,0.010985941532999277,-0.21813008934259415,0.0041907097023795355,0.07626953125,0.5776198379695415,0.10481888167560101,-2.458465099334717,6.949958324432373,49.66413116455078,31.16144371032715,52.122596740722656,29.31930160522461,0.9502573117356918,1.0334309339523315,0.2861160933971405,0.55,0.0,51.61069441020528,31.6177653548926,44032.000100000005,0.0,-0.07072810083627701,0.2322217971086502,0.0,0.24959731101989746,0.25976696610450745,0.27569231390953064,-1.5109198093414307,-1.4918962717056274,-1.4621729850769043,0.0,1.0
45056,44,9,125.62693916736892,115.33333333333333,-0.003716121381148696,0.006768307788297534,-0.21800673939287663,0.0034799324930645525,0.0375,0.5345696602016687,0.07896327236667275,-2.5671188831329346,4.270210266113281,49.71474075317383,29.475679397583008,52.2818603515625,28.466657638549805,0.9790120102838508,1.0120351314544678,0.24126482009887695,0.525,0.0,51.567604521669196,31.571960118154678,45056.000100000005,0.0,-0.08260040730237961,0.23637278378009796,0.0,0.24924930930137634,0.2600858509540558,0.2755073010921478,-1.5115742683410645,-1.4913264513015747,-1.462516188621521,0.0,1.0
46080,45,9,108.43438263763079,104.66666666666667,-0.004729792301077396,0.012469379091635346,-0.21513908579945565,0.004398882717941888,0.028173828125,0.5410080917179585,0.16580971861258148,-5.580077171325684,6.495414733886719,51.63712692260742,33.376548767089844,57.217201232910156,29.962528228759766,0.9621268869133472,0.9831938743591309,0.47513794898986816,0.575,0.0,51.56914942816165,31.613182864283644,46080.000100000005,0.0,-0.07793471962213516,0.23592546582221985,0.0,0.2485462874174118,0.2609604299068451,0.27660202980041504,-1.5128966569900513,-1.4897013902664185,-1.4604854583740234,0.0,1.0
47104,46,7,130.4593313965389,128.0,-0.004706009349320084,0.006089665211038664,-0.21189856603741647,0.002961041605158243,0.0364501953125,0.6311511613428593,0.07957186829298735,-1.6522881984710693,5.033012866973877,46.10059356689453,31.374250411987305,47.75288009643555,32.41166687011719,0.9742658803180978,1.0539833307266235,0.20972244441509247,0.725,0.0,51.45026777472345,31.61806668335324,47104.000100000005,0.0,-0.07656710594892502,0.24329499900341034,0.0,0.24724873900413513,0.26088017225265503,0.2757139503955841,-1.515338659286499,-1.4898476600646973,-1.4621326923370361,0.0,1.0
48128,47,11,137.03554196856612,118.45454545454545,-0.004602313530631364,0.005754309502663091,-0.21055182479321957,0.002216380639583804,0.0305908203125,0.5384232737123966,0.07431736551225185,-0.888927698135376,4.908956050872803,45.54801940917969,31.47241973876953,46.43695068359375,32.42536544799805,0.9756713491445,0.8519318103790283,0.20662608742713928,0.575,0.0,51.3246880194026,31.626445642479496,48128.000100000005,0.0,-0.07302181422710419,0.24102047085762024,0.0,0.24674910306930542,0.2618608772754669,0.2786840796470642,-1.5162793397903442,-1.488021731376648,-1.456626534461975,0.0,1.0
49152,48,8,152.10940697154257,122.75,-0.0035614916414488107,0.0045423066650982944,-0.20791038535535336,0.0023323171262745745,0.0275146484375,0.5626510288566351,0.05380588998086751,0.19029533863067627,4.21457052230835,53.12886047363281,26.971622467041016,52.938560485839844,27.317306518554688,0.9755829889095207,0.9900972247123718,0.12430018931627274,0.625,0.0,51.36227493017763,31.537531447089965,49152.000100000005,0.0,-0.06322458386421204,0.2403957098722458,0.0,0.24603694677352905,0.2612321078777313,0.2776109278202057,-1.51762056350708,-1.489169955253601,-1.4586150646209717,0.0,1.0
50176,49,7,145.1902767597509,129.28571428571428,-0.003968264302238822,0.0095751651620958,-0.21322448328137397,0.0017448058220907114,0.037451171875,0.5109664473682642,0.09361803568899632,-2.105895519256592,6.445606231689453,51.66960525512695,27.543542861938477,53.77549743652344,27.280284881591797,0.9452369104986187,1.078249454498291,0.2641707956790924,0.45,0.0,51.36854693692354,31.46112014817243,50176.000100000005,0.0,-0.0524839349091053,0.24214771389961243,0.0,0.24515408277511597,0.26041796803474426,0.27715742588043213,-1.5192838907241821,-1.4906986951828003,-1.4594557285308838,0.0,1.0
51200,50,8,136.95095463740154,125.25,-0.0038368670386262236,0.014309428236447274,-0.21891860626637935,0.001805256625812035,0.034765625,0.5960353076457977,0.11283172518014908,-1.9754102230072021,7.6646623611450195,42.94953155517578,29.932701110839844,44.92494201660156,29.257856369018555,0.93443164306168,0.9180646538734436,0.2767251431941986,0.75,0.0,51.20016658995825,31.4533720684928,51200.000100000005,0.0,-0.06818806380033493,0.24233877658843994,0.0,0.24307408928871155,0.2589583694934845,0.27509164810180664,-1.5232055187225342,-1.4934144020080566,-1.463287591934204,0.0,1.0
52224,51,10,124.75273199515104,112.6,-0.0063427837449125946,0.004550965636735782,-0.22722098976373672,0.007223507945309393,0.0619384765625,0.6244862392544747,0.05507005574181676,0.005444124341011047,3.996004819869995,51.79170227050781,31.17402458190918,51.786258697509766,31.8798770904541,0.9835689144189037,1.2234187126159668,0.1469893604516983,0.725,0.0,51.21176531871298,31.448025472133022,52224.000100000005,0.0,-0.05566230043768883,0.24884416162967682,0.0,0.23930670320987701,0.2577311098575592,0.2760050296783447,-1.5303183794021606,-1.4957629442214966,-1.461592674255371,0.0,1.0
53248,52,9,150.66784203500643,117.44444444444444,-0.002145047567319125,0.010951558139640837,-0.2275722563266754,0.001970911826356314,0.0105224609375,0.5472749046981334,0.09886856037192046,-0.8451232314109802,7.353892803192139,49.03989791870117,28.654600143432617,49.88501739501953,30.08146858215332,0.9341363260202445,1.0711228847503662,0.33400702476501465,0.475,0.0,51.16999860514582,31.39806644258336,53248.000100000005,0.0,-0.06832558661699295,0.24170547723770142,0.0,0.24085365235805511,0.25909456610679626,0.27887222170829773,-1.5273962020874023,-1.4932276010513306,-1.4562780857086182,0.0,1.0
54272,53,6,153.98877614747016,144.83333333333334,-0.0031186978449113667,0.009462514077313244,-0.22203258909285067,0.004132627068611327,0.0293701171875,0.6233673878014088,0.10167926540598274,-0.05409388244152069,6.438119411468506,42.16162109375,30.443065643310547,42.2157096862793,31.319307327270508,0.9552759347752326,1.128362774848938,0.3019123375415802,0.8,0.0,51.0000291379141,31.404243797108396,54272.000100000005,0.0,-0.06167250871658325,0.24632728099822998,0.0,0.24135012924671173,0.2590937316417694,0.28013840317726135,-1.526458740234375,-1.493235468864441,-1.4539337158203125,0.0,1.0
55296,54,7,148.61799496784707,127.57142857142857,-0.0042627048678696156,0.003028197755338624,-0.2224804177880287,0.005462820826505776,0.0466552734375,0.5791677325963974,0.08416904425248503,1.5337624549865723,3.5799949169158936,49.52362823486328,28.348283767700195,47.9898681640625,30.030664443969727,0.9840518131463631,1.0466067790985107,0.31581270694732666,0.625,0.0,50.972688420831076,31.350991065386758,55296.000100000005,0.0,-0.05355570837855339,0.24313773214817047,0.0,0.24128107726573944,0.25933417677879333,0.2814602553844452,-1.5265891551971436,-1.4927997589111328,-1.4514878988265991,0.0,1.0
56320,55,9,157.00631324823124,142.33333333333334,-0.004535565472906455,0.00801978015806526,-0.2194862425327301,0.003025020741915796,0.04189453125,0.5258195091038942,0.06388520002365113,-0.0788613110780716,5.220433235168457,38.998653411865234,29.301233291625977,39.077518463134766,28.00579071044922,0.968257489508857,0.955373227596283,0.15791979432106018,0.425,0.0,50.75497872112891,31.35576024180099,56320.000100000005,0.0,-0.06564044952392578,0.24248483777046204,0.0,0.24086926877498627,0.26009270548820496,0.2828544080257416,-1.5273667573928833,-1.4913654327392578,-1.4489103555679321,0.0,1.0
57344,56,8,134.21767087992504,113.375,-0.004943080060184002,0.007100347598316148,-0.21771205291152002,0.005668865887855645,0.0315673828125,0.5301239728927613,0.05850444468669593,0.744367241859436,4.857982635498047,46.95758056640625,27.467981338500977,46.21321105957031,27.62809944152832,0.9687206011544165,0.9417727589607239,0.1432250291109085,0.45,0.0,50.687167984464836,31.294612815801692,57344.000100000005,0.0,-0.0686492994427681,0.24489207565784454,0.0,0.23879849910736084,0.2597905099391937,0.283947616815567,-1.5312788486480713,-1.4919458627700806,-1.4468905925750732,0.0,1.0
58368,57,9,154.14915336361818,129.77777777777777,-0.00443862106767483,0.006321177131030709,-0.2218696653842926,0.004140292936062906,0.0400634765625,0.618704154342413,0.1141312625259161,0.7327534556388855,5.2857747077941895,45.21238708496094,29.49283218383789,44.479637145996094,31.356521606445312,0.967879344680548,1.0122077465057373,0.3312603533267975,0.7,0.0,50.591119204828914,31.272158680149765,58368.000100000005,0.0,-0.0688013806939125,0.24192720651626587,0.0,0.23870055377483368,0.25862786173820496,0.28166452050209045,-1.5314639806747437,-1.494113802909851,-1.4511101245880127,0.0,1.0
59392,58,8,150.99252934175843,133.0,-0.005274291231762618,0.009506548882927745,-0.22716490402817727,0.0032887322420720013,0.0351318359375,0.6028154451400042,0.07994254822842776,-0.007135331630706787,6.261679172515869,45.208248138427734,28.143457412719727,45.21538543701172,28.28229331970215,0.950497544367353,1.1322346925735474,0.209100604057312,0.65,0.0,50.498311073351715,31.228733642564357,59392.000100000005,0.0,-0.06415005773305893,0.24265548586845398,0.0,0.23910902440547943,0.25828102231025696,0.28031620383262634,-1.5306919813156128,-1.494766116142273,-1.4536045789718628,0.0,1.0
60416,59,10,126.13532557392145,114.3,-0.0033028173609636726,0.009935116162523627,-0.22644739151000975,0.004103874471911695,0.0239501953125,0.458512619137764,0.09725536699406803,-0.7753386497497559,6.7392120361328125,45.287845611572266,27.403287887573242,46.06318664550781,26.333797454833984,0.9395198435366108,0.7576281428337097,0.217119038105011,0.3,0.0,50.40999809870864,31.175063282390816,60416.000100000005,0.0,-0.0624324195086956,0.24123772978782654,0.0,0.23775847256183624,0.25871384143829346,0.2817458510398865,-1.5332452058792114,-1.4939526319503784,-1.4509596824645996,0.0,1.0
61440,60,8,152.72816172639511,130.875,-0.0054044287535361946,0.006888448994141072,-0.22387392595410346,0.004741658766579349,0.0558837890625,0.5866912998259067,0.12115006735548377,2.44510555267334,5.3162455558776855,40.76068878173828,28.066015243530273,38.315582275390625,30.075054168701172,0.9641203156557488,1.14182448387146,0.3452184498310089,0.6,0.0,50.24917621439138,31.1502938049705,61440.000100000005,0.0,-0.05777588114142418,0.2519708275794983,0.0,0.23994234204292297,0.2590319514274597,0.28146103024482727,-1.529117465019226,-1.4933687448501587,-1.4514864683151245,0.0,1.0
62464,61,8,152.11602776581844,132.875,-0.004931935283821076,0.010958927962929011,-0.22287734746932983,0.0027978250189335087,0.0350830078125,0.506178955361247,0.11293029822409154,0.5971428155899048,6.834549427032471,45.788917541503906,26.165550231933594,45.191776275634766,26.51152992248535,0.9317724130030037,0.9228329658508301,0.34588560461997986,0.525,0.0,50.17605726898294,31.080185050641923,62464.000100000005,0.0,-0.058200810104608536,0.2516114115715027,0.0,0.24012044072151184,0.25935256481170654,0.2798713147640228,-1.5287809371948242,-1.4927648305892944,-1.4544280767440796,0.0,1.0
63488,62,8,131.3944304299091,116.0,-0.003977080102777109,0.008637713687494396,-0.22118999548256396,0.005021096370182931,0.0327880859375,0.6108748555183411,0.08279457190074027,-0.536226749420166,6.254300117492676,46.276451110839844,26.71885108947754,46.81267547607422,27.337982177734375,0.9452074007763994,0.9651235342025757,0.23997057974338531,0.7,0.0,50.113160393224,31.018597637710776,63488.000100000005,0.0,-0.04286010190844536,0.2544059455394745,0.0,0.2386671006679535,0.25942012667655945,0.2814888656139374,-1.5315272808074951,-1.4926484823226929,-1.4514350891113281,0.0,1.0
64512,63,8,126.81910376190265,123.75,-0.00536639635101892,0.008941950008738786,-0.22002380341291428,0.0053326096502132716,0.051953125,0.5578039295971393,0.09707369422540069,-0.29724937677383423,5.981865882873535,43.801177978515625,28.871150970458984,44.098426818847656,27.241424560546875,0.9570715579209644,0.9233866930007935,0.2448083758354187,0.575,0.0,50.01297018650321,30.995714724772082,64512.000100000005,0.0,-0.035404421389102936,0.2601059675216675,0.0,0.23874755203723907,0.2599222660064697,0.2818143367767334,-1.5313751697540283,-1.4917196035385132,-1.4508330821990967,0.0,1.0
65536,64,10,117.75488616220564,111.5,-0.003509541065432131,0.012666004337370395,-0.22412945181131363,0.0020282565499655904,0.0333251953125,0.6187692761421204,0.12256159484386445,-3.2590951919555664,7.259441375732422,44.9229736328125,29.97534942626953,48.18206787109375,28.320261001586914,0.9413486685010698,0.9632529616355896,0.39861100912094116,0.775,0.0,49.9334390222036,30.986460679483244,65536.0001,0.0,-0.03745470568537712,0.26346078515052795,0.0,0.23656119406223297,0.2574656903743744,0.2795889973640442,-1.5355099439620972,-1.4963126182556152,-1.4549506902694702,0.0,1.0
66560,65,7,144.1265120066223,129.0,-0.004859811346977949,0.005857018241658807,-0.23574732318520547,0.00450519573641941,0.0339599609375,0.6118163436651229,0.1168083288706839,1.0047024488449097,5.159088134765625,41.57539367675781,31.522655487060547,40.57068634033203,33.54098892211914,0.9732144634142597,0.924390971660614,0.4023715555667877,0.75,0.0,49.804853680887874,31.011845823320144,66560.0001,0.0,-0.05480635538697243,0.2642119526863098,0.0,0.23742280900478363,0.2565087676048279,0.2778478264808655,-1.5338799953460693,-1.4980906248092651,-1.4581758975982666,0.0,1.0
67584,66,9,130.03798527088503,111.44444444444444,-0.004324986867140978,0.0064840208739042286,-0.23519010692834855,0.0031276197056286036,0.023828125,0.6354385405778885,0.09693273948505521,-1.4162269830703735,5.428194046020508,46.861846923828125,23.377422332763672,48.27806854248047,23.25450897216797,0.9460840265253648,1.2241767644882202,0.27646350860595703,0.775,0.0,49.760262608285835,30.912334943272683,67584.0001,0.0,-0.03010580502450466,0.26363933086395264,0.0,0.2410254180431366,0.2575485110282898,0.2774416208267212,-1.5270718336105347,-1.4961100816726685,-1.4589288234710693,0.0,1.0
68608,67,8,131.2797326557946,108.875,-0.0038963721046457065,0.006476397323422134,-0.22989398166537284,0.003521296453254763,0.02880859375,0.5783145140856505,0.10536956530995667,0.6568668484687805,5.530645847320557,45.61425018310547,26.757038116455078,44.95738220214844,28.543394088745117,0.9572756378422702,0.9570749998092651,0.274341344833374,0.7,0.0,49.698381811989464,30.858524974879593,68608.0001,0.0,-0.05259096622467041,0.25899699330329895,0.0,0.24143055081367493,0.2580307722091675,0.2789464592933655,-1.5263069868087769,-1.495229721069336,-1.4561405181884766,0.0,1.0
69632,68,9,127.6799064682669,113.44444444444444,-0.006196695438120514,0.005691431852756068,-0.23221482932567597,0.006288826261879876,0.0470947265625,0.5718320198357105,0.06094189235009253,-0.93501877784729,4.673064231872559,45.73248291015625,28.86239242553711,46.66749954223633,28.63816261291504,0.9737856627192949,0.9757953882217407,0.14371737837791443,0.6,0.0,49.64005974489035,30.833802229495852,69632.0001,0.0,-0.06123045086860657,0.2670924663543701,0.0,0.24111682176589966,0.256516695022583,0.27727210521698,-1.5268993377685547,-1.4980212450027466,-1.4592430591583252,0.0,1.0
70656,69,8,144.70842841143758,123.125,-0.005407322465907782,0.0033877146110171453,-0.24256930947303773,0.003071977790386882,0.0358154296875,0.5797267854213715,0.0725491230841726,0.42927971482276917,3.700413465499878,44.734153747558594,29.437875747680664,44.304874420166016,30.984683990478516,0.9841988929690311,1.027425765991211,0.22948941588401794,0.7,0.0,49.56895966004375,30.81960042158836,70656.0001,0.0,-0.05439188703894615,0.2673458456993103,0.0,0.23832730948925018,0.2544543445110321,0.2751413881778717,-1.5321695804595947,-1.5019227266311646,-1.4631952047348022,0.0,1.0
71680,70,12,138.36009837348763,115.66666666666667,-0.004303846880793572,0.008620564581360669,-0.2523002624511719,0.004525418790581171,0.0322509765625,0.632745212316513,0.07543212408199906,-0.1212310791015625,5.89137077331543,45.134849548339844,28.064836502075195,45.256080627441406,28.04384422302246,0.955933588107309,1.0621097087860107,0.18071584403514862,0.7,0.0,49.50561526180285,30.786479318810795,71680.0001,0.0,-0.06752730160951614,0.26744797825813293,0.0,0.23844461143016815,0.2534976899623871,0.2724456787109375,-1.5319478511810303,-1.5037016868591309,-1.4682018756866455,0.0,1.0
72704,71,8,142.6388867720189,120.75,-0.0031223913247231394,0.004239711089758203,-0.25516181737184523,0.0038443503974121994,0.0255859375,0.5297269739210606,0.07531691188924014,0.5748103857040405,3.788118600845337,48.29133605957031,29.49696922302246,47.716522216796875,30.06955909729004,0.9835072778562105,0.9640608429908752,0.16272924840450287,0.45,0.0,49.4885127090188,30.769025167044223,72704.0001,0.0,-0.07696051150560379,0.2509025037288666,0.0,0.23669520020484924,0.253336638212204,0.2734387516975403,-1.5352563858032227,-1.504001498222351,-1.466356635093689,0.0,1.0
73728,72,8,121.54122260807138,104.125,-0.004417739843484014,0.011537030001636594,-0.25568860173225405,0.003812589423614554,0.0262451171875,0.5352935142815113,0.09570619352161884,-0.3473368287086487,6.635585308074951,44.86772918701172,28.69110107421875,45.215065002441406,28.962398529052734,0.9465110508021302,1.0628483295440674,0.23948465287685394,0.375,0.0,49.42433514939479,30.74588296240974,73728.0001,0.0,-0.058161258697509766,0.25609469413757324,0.0,0.23772530257701874,0.25306567549705505,0.27289140224456787,-1.5333079099655151,-1.5045299530029297,-1.4673736095428467,0.0,1.0
74752,73,10,127.04638649874349,108.5,-0.003956343047320843,0.015292157838121056,-0.25885563939809797,0.004329051442618947,0.037646484375,0.6105099335312844,0.10881079277023673,-4.089720726013184,7.075430870056152,49.26253890991211,30.01342010498047,53.352256774902344,28.967287063598633,0.9444255998709938,1.3995001316070557,0.3294025659561157,0.6,0.0,49.42211873947978,30.73597291641193,74752.0001,0.0,-0.06882666796445847,0.2542988061904907,0.0,0.23737281560897827,0.25235363841056824,0.2732924520969391,-1.533974528312683,-1.5058693885803223,-1.4666283130645752,0.0,1.0
75776,74,10,119.31707382741008,110.0,-0.004931302578188479,0.012697150628082455,-0.2621244803071022,0.004279778998170514,0.0370361328125,0.5782977752387524,0.10625183116644621,-2.637660503387451,6.381899356842041,44.92273712158203,29.828235626220703,47.56039810180664,28.435379028320312,0.9542232682766609,0.9071829319000244,0.31191709637641907,0.725,0.0,49.361316293000215,30.72827660651954,75776.0001,0.0,-0.051498234272003174,0.26231053471565247,0.0,0.23816189169883728,0.25187721848487854,0.2717549204826355,-1.532482385635376,-1.506714940071106,-1.4694859981536865,0.0,1.0
76800,75,10,123.11722947738174,114.7,-0.004387113451957703,0.0073916208231821654,-0.26782105267047884,0.004594044761324767,0.036328125,0.5494212601333857,0.09220506162382662,-1.0923311710357666,5.9006571769714355,45.94405746459961,31.016176223754883,47.0363883972168,32.54373550415039,0.9638070286689838,0.906532883644104,0.3056350648403168,0.525,0.0,49.31575284331184,30.734632336550725,76800.0001,0.0,-0.056335628032684326,0.26549646258354187,0.0,0.23897482454776764,0.24992497265338898,0.2684079706668854,-1.5309455394744873,-1.5103669166564941,-1.4757143259048462,0.0,1.0
77824,76,7,146.73755746265815,124.14285714285714,-0.00390308671630919,0.0031324233015766366,-0.2796450309455395,0.002217055595247075,0.01923828125,0.5697733081877232,0.10115877040661872,1.388802409172058,4.148599147796631,45.254852294921875,27.16567039489746,43.866050720214844,30.067590713500977,0.9766781958716794,0.8873693346977234,0.4054845869541168,0.7,0.0,49.26231997386115,30.69385534429651,77824.0001,0.0,-0.062147367745637894,0.2700107991695404,0.0,0.2373218834400177,0.24796034395694733,0.2664582431316376,-1.5340708494186401,-1.5140889883041382,-1.4793477058410645,0.0,1.0
78848,77,8,129.70778969680208,104.5,-0.0060190121293999255,0.010587741585914046,-0.29038713201880456,0.005209405322966631,0.058740234375,0.5026962038129568,0.10214680563658476,-1.2620224952697754,6.6875691413879395,48.59754180908203,26.504016876220703,49.85956573486328,27.367446899414062,0.9363331728049488,0.9395525455474854,0.31799402832984924,0.45,0.0,49.25368650993055,30.643206180868958,78848.0001,0.0,-0.04872037097811699,0.2694220244884491,0.0,0.23635010421276093,0.2463444471359253,0.2646257281303406,-1.5359094142913818,-1.5170975923538208,-1.4827659130096436,0.0,1.0
79872,78,8,146.07908482492508,140.5,-0.004425791290123016,0.0077974124753382055,-0.2925841398537159,0.004385954477766063,0.0337890625,0.6158075004816055,0.10920021953061224,1.9098480939865112,6.015948295593262,35.90534973144531,28.00978660583496,33.99549865722656,29.37876319885254,0.9538694588125789,1.0300425291061401,0.42185840010643005,0.8,0.0,49.08255395917121,30.64769002871329,79872.0001,0.0,-0.046685706824064255,0.26963114738464355,0.0,0.23689301311969757,0.24739713966846466,0.2653086185455322,-1.5348820686340332,-1.5151253938674927,-1.4814918041229248,0.0,1.0
80896,79,8,135.6554796108755,124.375,-0.00516947025898844,0.013742513454053551,-0.28503064140677453,0.006589466381410602,0.042626953125,0.5681030504405499,0.103095362521708,-0.6462910771369934,7.439632892608643,46.723819732666016,30.15766143798828,47.37010955810547,28.5501708984375,0.93914339386616,0.9139491319656372,0.2940424680709839,0.625,0.0,49.052696565589294,30.642670718598318,80896.0001,0.0,-0.030701199546456337,0.2766183316707611,0.0,0.23716673254966736,0.24859565496444702,0.26670652627944946,-1.5343643426895142,-1.5128899812698364,-1.4788848161697388,0.0,1.0
81920,80,10,124.41632093742801,114.5,-0.004978959646541626,0.013461867335718126,-0.28153619542717934,0.0031568237929604946,0.035107421875,0.5899841107428074,0.09889364270493388,-1.471318244934082,7.14096212387085,42.12799072265625,30.017976760864258,43.59931182861328,30.24540901184082,0.9434085804108587,1.2645740509033203,0.2441401332616806,0.7,0.0,48.96613776066774,30.644599712643213,81920.0001,0.0,-0.04636916518211365,0.27184048295021057,0.0,0.23665644228458405,0.24845238029956818,0.26634061336517334,-1.5353296995162964,-1.5131607055664062,-1.479567050933838,0.0,1.0
82944,81,8,130.61292807832152,113.375,-0.006902403745334596,0.006959859159542248,-0.2864581234753132,0.005390342508326285,0.0710205078125,0.7377182587981224,0.05673742415383458,-0.8597170114517212,4.680800437927246,39.19420623779297,26.70702362060547,40.053924560546875,26.22627830505371,0.969282259496637,1.4841870069503784,0.1287340670824051,0.875,0.0,48.84549661533959,30.618096852499967,82944.0001,0.0,-0.047301530838012695,0.2701074182987213,0.0,0.23546120524406433,0.24691271781921387,0.2654183506965637,-1.537591814994812,-1.5160421133041382,-1.4812870025634766,0.0,1.0
83968,82,11,117.88028753597924,108.54545454545455,-0.005327130784280598,0.005303887062473223,-0.2934179626405239,0.003450600543874316,0.0434814453125,0.5689274594187737,0.0631887037307024,0.47296226024627686,4.379140853881836,43.496971130371094,27.397045135498047,43.024009704589844,28.46832275390625,0.9744512048147344,0.9773581027984619,0.21272684633731842,0.55,0.0,48.78027068826585,30.58649315205756,83968.0001,0.0,-0.06014557555317879,0.26712650060653687,0.0,0.23554641008377075,0.2462022453546524,0.2620294988155365,-1.5374305248260498,-1.5173519849777222,-1.487614393234253,0.0,1.0
84992,83,8,140.17628786542662,113.125,-0.005219652876257896,0.005198153096716851,-0.2987304575741291,0.0031487906599068083,0.038037109375,0.6134940445423126,0.07774974536150694,0.7454491853713989,4.556211948394775,46.476261138916016,24.79738426208496,45.730812072753906,24.98859405517578,0.9662404947531937,0.8795214891433716,0.20421268045902252,0.85,0.0,48.75251155440954,30.52431520594844,84992.0001,0.0,-0.05256542190909386,0.2734362483024597,0.0,0.23522911965847015,0.24481405317783356,0.2590734362602234,-1.5380311012268066,-1.519962191581726,-1.4931426048278809,0.0,1.0
86016,84,10,133.4232570454143,110.5,-0.0030387491860892624,0.00380469570227433,-0.3051796041429043,0.004002189519815147,0.0343994140625,0.6459888398647309,0.05867500095628202,-0.7360824346542358,3.887570858001709,51.488521575927734,26.9205379486084,52.22460174560547,26.280414581298828,0.9791460095004294,1.1414146423339844,0.15446874499320984,0.8,0.0,48.78508309240009,30.48536318419139,86016.0001,0.0,-0.046066105365753174,0.2842771112918854,0.0,0.23517313599586487,0.2442219853401184,0.25815755128860474,-1.5381371974945068,-1.5210872888565063,-1.4948570728302002,0.0,1.0
87040,85,6,134.9735915974966,131.0,-0.0028020682162605225,0.007139260874828324,-0.3041509509086609,0.0030018039848073385,0.020947265625,0.6200375698506833,0.10156806325539947,0.8258422613143921,6.036725044250488,35.297767639160156,27.420635223388672,34.471927642822266,29.33540153503418,0.951532817108237,0.9769139885902405,0.3172864615917206,0.85,0.0,48.62640880904067,30.485807253611945,87040.0001,0.0,-0.03924082592129707,0.28114038705825806,0.0,0.2349439561367035,0.24519716203212738,0.2606818675994873,-1.5385711193084717,-1.5192699432373047,-1.49013352394104,0.0,1.0
88064,86,10,135.48170904789214,126.4,-0.0033603880379814654,0.005646476411493495,-0.30115443021059035,0.002487781154923141,0.0249755859375,0.6943457312881947,0.08334878762252629,-1.100649118423462,4.615104675292969,40.766395568847656,28.25641441345215,41.86704635620117,28.11655616760254,0.9733234922658063,1.0029751062393188,0.17477315664291382,0.85,0.0,48.53501332681759,30.472474067935078,88064.0001,0.0,-0.04238516464829445,0.2939123213291168,0.0,0.23358233273029327,0.24503052234649658,0.26090824604034424,-1.5411502122879028,-1.519589900970459,-1.4897103309631348,0.0,1.0
89088,87,7,112.18163411061703,126.14285714285714,-0.004841738688992336,0.00816127344733104,-0.3014864221215248,0.003982727209222503,0.03583984375,0.6166421256959438,0.08833877644501627,0.8718624114990234,5.674991607666016,35.49884796142578,29.984111785888672,34.626983642578125,29.24267578125,0.9641781476981011,0.8560873866081238,0.26251542568206787,0.775,0.0,48.38517232583659,30.498577203843592,89088.0001,0.0,-0.05390346050262451,0.2834005057811737,0.0,0.23306630551815033,0.24525360763072968,0.26161786913871765,-1.542128086090088,-1.5191789865493774,-1.4883837699890137,0.0,1.0
90112,88,9,131.83573174636356,115.77777777777777,-0.003821052046259865,0.00790143963531591,-0.30115967318415643,0.0044559550733538345,0.041748046875,0.6557350002229214,0.07635516324080527,-0.6003609895706177,5.627630710601807,48.37963104248047,26.821401596069336,48.9799919128418,26.038515090942383,0.9559761332932953,1.0169851779937744,0.22694838047027588,0.825,0.0,48.385109353606076,30.459284868181665,90112.0001,0.0,-0.045520488172769547,0.28016501665115356,0.0,0.23205184936523438,0.24511058628559113,0.2635108530521393,-1.5440510511398315,-1.5194684267044067,-1.4848471879959106,0.0,1.0
91136,89,9,140.7172274545961,125.22222222222223,-0.005846812023082748,0.004720190248917788,-0.3011748917400837,0.004933541316131595,0.0411376953125,0.6511594325304031,0.07662991997785866,0.033009111881256104,4.4212470054626465,43.22265625,27.665666580200195,43.18964385986328,28.516935348510742,0.9744607977285389,1.0858042240142822,0.20448242127895355,0.85,0.0,48.327104217560006,30.434185335201708,91136.0001,0.0,-0.046770814806222916,0.27532461285591125,0.0,0.2315574735403061,0.2451392561197281,0.26479843258857727,-1.5449885129928589,-1.519395351409912,-1.4824436902999878,0.0,1.0
92160,90,7,137.67430671880695,136.0,-0.004501050570979714,0.0063398588157724586,-0.3027127251029015,0.004483839578460902,0.0369384765625,0.6088026225566864,0.10303932670503854,0.8468004465103149,5.572845458984375,39.09610366821289,32.201515197753906,38.24930191040039,33.09932327270508,0.9700496823930519,0.9645536541938782,0.26613539457321167,0.675,0.0,48.22453753951592,30.469753624497073,92160.0001,0.0,-0.04424941912293434,0.27674323320388794,0.0,0.23015573620796204,0.2444596290588379,0.26436230540275574,-1.5476477146148682,-1.5207061767578125,-1.483257532119751,0.0,1.0
93184,91,7,151.28600960469586,132.14285714285714,-0.0045227511145640165,0.004718725624843501,-0.3068924814462662,0.002882256344310008,0.033154296875,0.6421261042356491,0.0913953376468271,1.158151388168335,4.3892035484313965,41.08869934082031,25.578868865966797,39.93054962158203,26.88445281982422,0.9705551871294856,1.0279836654663086,0.2800014615058899,0.725,0.0,48.14612174255745,30.429375776283248,93184.0001,0.0,-0.06312846392393112,0.28625351190567017,0.0,0.2295462191104889,0.24400393664836884,0.2639233469963074,-1.548804521560669,-1.5215392112731934,-1.484076976776123,0.0,1.0
94208,92,9,131.426913374896,119.55555555555556,-0.0064452848164364696,0.00396530547295697,-0.3077340587973595,0.005016085896932055,0.0509521484375,0.6069568425416947,0.054635369963943956,-0.09545567631721497,3.527003049850464,45.01606750488281,26.935428619384766,45.11152648925781,26.89038848876953,0.9828539585228154,1.125813364982605,0.12514983117580414,0.725,0.0,48.112099444343016,30.395290125747984,94208.0001,0.0,-0.04172767326235771,0.2714885473251343,0.0,0.23025399446487427,0.244059219956398,0.2664606273174286,-1.5474612712860107,-1.5214653015136719,-1.4793431758880615,0.0,1.0
95232,93,8,110.58383021904672,105.625,-0.005401307943975553,0.006552254210691899,-0.3057109847664833,0.00499519620789215,0.0507568359375,0.6219163440167904,0.07928521926514805,-1.0621836185455322,5.29737663269043,47.313209533691406,28.909475326538086,48.375396728515625,27.079824447631836,0.9664230518682925,1.0430567264556885,0.28652894496917725,0.725,0.0,48.103509254707475,30.379811861971074,95232.0001,0.0,-0.06451310962438583,0.27078676223754883,0.0,0.2295254021883011,0.24496132135391235,0.27109310030937195,-1.5488440990447998,-1.5197819471359253,-1.4707167148590088,0.0,1.0
96256,94,11,145.1916280293078,127.18181818181819,-0.0048730549053288994,0.006846535863587633,-0.301489919424057,0.0004494487962801941,0.034521484375,0.6739857435226441,0.07902592103928327,0.3815556764602661,5.260998249053955,40.38679504394531,29.243478775024414,40.0052375793457,30.3560733795166,0.9676348063426424,1.1131834983825684,0.26214799284935,0.8,0.0,48.021416559004244,30.378264438748463,96256.0001,0.0,-0.0337674580514431,0.28397467732429504,0.0,0.22975485026836395,0.24511729180812836,0.2732383608818054,-1.5484085083007812,-1.5195331573486328,-1.466728925704956,0.0,1.0
97280,95,7,140.24563841283364,116.71428571428571,-0.0037144248257391156,0.0038004247267963364,-0.305599295347929,0.005388623547332827,0.02802734375,0.6050210252404213,0.10223221494816244,2.5070104598999023,3.7795307636260986,40.254981994628906,25.643573760986328,37.74797439575195,27.131160736083984,0.9782770556330149,1.0688356161117554,0.30891963839530945,0.65,0.0,47.93966463386449,30.342628824010614,97280.0001,0.0,-0.05647389963269234,0.2895831763744354,0.0,0.22858305275440216,0.24356921017169952,0.27116474509239197,-1.5506333112716675,-1.5224609375,-1.470583438873291,0.0,1.0
98304,96,11,125.43019515335469,117.18181818181819,-0.005051010893657804,0.010291390691418201,-0.3132692940533161,0.006056471751071513,0.0360107421875,0.598616499453783,0.10169196967035532,-2.235696792602539,6.565797805786133,44.32102584838867,28.74281883239746,46.556724548339844,27.493005752563477,0.9478185238750557,0.9457605481147766,0.29157793521881104,0.725,0.0,47.90197048310374,30.32862449925769,98304.0001,0.0,-0.046621114015579224,0.2730472981929779,0.0,0.2280394434928894,0.24284511804580688,0.27156585454940796,-1.5516657829284668,-1.5238075256347656,-1.4698374271392822,0.0,1.0
99328,97,8,140.92904265834312,126.0,-0.004930966685060411,0.005449149428750388,-0.3130574136972427,0.0031143503030762075,0.045947265625,0.6539478145539761,0.09058884461410344,1.2135696411132812,4.91874361038208,38.65198516845703,28.617502212524414,37.43841552734375,29.31929588317871,0.9704576562982695,1.070372462272644,0.27627992630004883,0.775,0.0,47.80660979094378,30.325873770515837,99328.0001,0.0,-0.07077217847108841,0.2782343029975891,0.0,0.22806550562381744,0.243673637509346,0.2740398049354553,-1.5516161918640137,-1.5222797393798828,-1.465240240097046,0.0,1.0
100352,98,6,110.03856037825771,114.5,-0.0027655196376144887,0.008183427440235392,-0.3063186056911945,0.005893304612254724,0.0291748046875,0.5360158659517765,0.0874417464248836,-0.33276090025901794,5.51677131652832,39.087677001953125,30.15102767944336,39.42043685913086,31.108047485351562,0.9665215176019402,0.9210230708122253,0.21633003652095795,0.55,0.0,47.717641080808185,30.336751921886275,100352.0001,0.0,-0.07140789926052094,0.2759911119937897,0.0,0.22867220640182495,0.2448786497116089,0.27476415038108826,-1.5504639148712158,-1.519992709159851,-1.4638954401016235,0.0,1.0
101376,99,10,144.68042910941554,126.2,-0.0061267191893421115,0.0060645931400358675,-0.3002420887351036,0.00505422888963949,0.0457275390625,0.6354869037866593,0.10915475590154529,1.199977159500122,5.097771644592285,42.01102828979492,26.642059326171875,40.81105041503906,28.63434600830078,0.9633878608606363,1.262243390083313,0.326323539018631,0.8,0.0,47.65999852165791,30.307056634691268,101376.0001,0.0,-0.05058868229389191,0.27177441120147705,0.0,0.2276429384946823,0.2458273023366928,0.27617889642715454,-1.5524189472198486,-1.5182418823242188,-1.4612702131271362,0.0,1.0
102400,100,9,126.72757629993902,111.22222222222223,-0.002711782092228532,0.005319604853866622,-0.29420199021697047,0.002578329705283977,0.019873046875,0.6750649623572826,0.06017112713307142,0.7914243936538696,4.26176643371582,46.797142028808594,26.149024963378906,46.00572204589844,25.904415130615234,0.9734375435802437,1.0299948453903198,0.16083630919456482,0.9,0.0,47.651369985159334,30.26842564000382,102400.0001,0.0,-0.07745105773210526,0.277643084526062,0.0,0.22804008424282074,0.24725918471813202,0.27858948707580566,-1.5516644716262817,-1.5155335664749146,-1.4568017721176147,0.0,1.0
103424,101,8,151.31627737228646,120.5,-0.0037542083067819477,0.004489505462697707,-0.2846218131482601,0.0002703894177102484,0.0294677734375,0.5781723916530609,0.09083110140636563,0.855411171913147,4.548859596252441,46.50750732421875,24.324527740478516,45.652099609375,25.98591423034668,0.9650283408992594,1.0701122283935547,0.2855986952781677,0.725,0.0,47.6400446220922,30.2155191118593,103424.0001,0.0,-0.06291410326957703,0.2735497057437897,0.0,0.22933396697044373,0.24910445511341095,0.2820836901664734,-1.5492074489593506,-1.5121103525161743,-1.4503350257873535,0.0,1.0
104448,102,8,135.27788546509203,123.625,-0.004262839118018747,0.009223393822321669,-0.28029942959547044,0.0038016101054381577,0.0297119140625,0.6550086155533791,0.1207843798212707,0.8695204854011536,6.85940408706665,43.94860076904297,29.143705368041992,43.07908248901367,30.52064323425293,0.9446033861905145,0.9564979076385498,0.3545899987220764,0.825,0.0,47.6038540032704,30.207385443065778,104448.0001,0.0,-0.06928297877311707,0.29759490489959717,0.0,0.22715818881988525,0.24829065799713135,0.2823891341686249,-1.553339958190918,-1.5136593580245972,-1.4497703313827515,0.0,1.0
105472,103,8,161.27777041921905,131.375,-0.005374158266931772,0.0026902763929683715,-0.28754149228334425,0.0035852995599270797,0.038232421875,0.6379284784197807,0.07957940667402,1.57063889503479,3.0531249046325684,45.805606842041016,25.47895050048828,44.23497009277344,26.658843994140625,0.9856409335430113,1.0655953884124756,0.24398989975452423,0.675,0.0,47.58639529627616,30.16555692355101,105472.0001,0.0,-0.07433898001909256,0.27953067421913147,0.0,0.22528666257858276,0.24698849022388458,0.28164368867874146,-1.5568978786468506,-1.5161219835281372,-1.4511487483978271,0.0,1.0
106496,104,8,130.44964013608492,122.5,-0.0030828169430606065,0.007314515614416451,-0.2958531744778156,0.002556233407813124,0.0356201171875,0.6443277776241303,0.06832692609168589,-0.13433900475502014,5.247262001037598,43.26250076293945,28.805456161499023,43.39683532714844,28.664854049682617,0.9668169790510094,1.065633773803711,0.1550922840833664,0.8,0.0,47.54481938322793,30.155723335681074,106496.0001,0.0,-0.04894459247589111,0.2748086750507355,0.0,0.22211357951164246,0.2452744096517563,0.2799849212169647,-1.562936782836914,-1.5193597078323364,-1.4542176723480225,0.0,1.0
107520,105,8,146.2036897325924,127.0,-0.003861360135488212,0.008368521492229775,-0.3067496791481972,0.003816182509763166,0.0337646484375,0.6264897465705872,0.0822867498267442,0.7255008816719055,5.747995376586914,45.28276824951172,27.015796661376953,44.55726623535156,27.583114624023438,0.9547313751173847,1.469937801361084,0.2140173316001892,0.675,0.0,47.52327605534231,30.128163843175333,107520.0001,0.0,-0.07035097479820251,0.26913583278656006,0.0,0.21999751031398773,0.24342912435531616,0.27722346782684326,-1.5669686794281006,-1.522809386253357,-1.4593331813812256,0.0,1.0
108544,106,9,122.48026428618876,111.55555555555556,-0.00604766437318176,0.007348585047293454,-0.3131036810576916,0.005458242350141518,0.04638671875,0.5336698725819587,0.09140843460336327,-1.570363163948059,5.217962741851807,43.72003936767578,26.525678634643555,45.290401458740234,23.971508026123047,0.9613037444211268,1.16513192653656,0.3806869685649872,0.55,0.0,47.48739645904452,30.098438613142232,108544.0001,0.0,-0.07126904278993607,0.2693590521812439,0.0,0.2203068733215332,0.2432519942522049,0.2773391902446747,-1.5663789510726929,-1.5231280326843262,-1.4591186046600342,0.0,1.0
109568,107,10,134.66886937451414,110.5,-0.004536786896642298,0.0055152327753603455,-0.31458104625344274,0.0030575886776205152,0.0303955078125,0.5875964537262917,0.09849185203202068,1.5903511047363281,4.5105299949646,44.11461639404297,27.98210906982422,42.524261474609375,30.26158905029297,0.9740167042742638,0.9570780396461487,0.3552805483341217,0.725,0.0,47.45587513293418,30.081099808017843,109568.0001,0.0,-0.06935638934373856,0.2776623070240021,0.0,0.21959690749645233,0.24203139543533325,0.2754201591014862,-1.567732334136963,-1.5254173278808594,-1.4626779556274414,0.0,1.0
110592,108,6,154.1827014686589,131.5,-0.004739537439309061,0.005270362348528579,-0.32361489310860636,0.0016535011702217162,0.033642578125,0.6412847243249417,0.08634055969305336,1.4557232856750488,4.284891605377197,41.58106231689453,27.191015243530273,40.12533950805664,28.68193817138672,0.9751670193069557,1.0014636516571045,0.30660301446914673,0.8,0.0,47.40147871988268,30.060881076302362,110592.0001,0.0,-0.059187550097703934,0.2633533179759979,0.0,0.21655738353729248,0.24056518077850342,0.2747470736503601,-1.573531150817871,-1.5282098054885864,-1.4639270305633545,0.0,1.0
111616,109,10,149.68732220958486,124.1,-0.003815530345309526,0.007013093761634082,-0.3301870435476303,0.0042158459240454246,0.0267333984375,0.5857559204101562,0.08285354380495846,1.0814151763916016,5.029991149902344,44.445404052734375,29.29360008239746,43.363990783691406,30.275306701660156,0.9705158260979557,1.0676649808883667,0.26930227875709534,0.675,0.0,47.37435877352622,30.055252314045205,111616.0001,0.0,-0.06282016634941101,0.27044403553009033,0.0,0.21595554053783417,0.2398258000612259,0.27682992815971375,-1.5746803283691406,-1.5296686887741089,-1.460062861442566,0.0,1.0
112640,110,7,145.762036208081,135.57142857142858,-0.005071738897822797,0.005197104869876057,-0.33302986472845075,0.003443295432953164,0.0517578125,0.675358559191227,0.07507603382691741,1.4579262733459473,4.561140537261963,43.815452575683594,29.125926971435547,42.35752487182617,29.484832763671875,0.9754762174635258,1.2759499549865723,0.20130455493927002,0.85,0.0,47.34200506067039,30.048831943340954,112640.0001,0.0,-0.07249404489994049,0.27905893325805664,0.0,0.2154652327299118,0.23966461420059204,0.27653637528419495,-1.5756165981292725,-1.5299620628356934,-1.4606072902679443,0.0,1.0
113664,111,8,156.54825483114547,129.625,-0.004102067509666085,0.0049985295307124035,-0.3360589250922203,0.004024967913574073,0.040869140625,0.6039246276021004,0.06513729025609791,0.8242143988609314,4.510211944580078,50.11942672729492,27.06759262084961,49.29521179199219,27.913414001464844,0.9722351962258858,1.1708577871322632,0.18225757777690887,0.625,0.0,47.367026868636124,30.024442339423953,113664.0001,0.0,-0.05488118901848793,0.26802635192871094,0.0,0.21283304691314697,0.23834125697612762,0.275184690952301,-1.5806467533111572,-1.5324641466140747,-1.463114857673645,0.0,1.0
114688,112,8,137.13067658783564,118.875,-0.004379114502808079,0.011890470539219678,-0.34324478432536126,0.004082148932502605,0.0489501953125,0.5560213461518287,0.07686777403578163,-1.2442889213562012,6.2712507247924805,48.45591735839844,28.604690551757812,49.7002067565918,27.66983985900879,0.9519344551293831,1.0369518995285034,0.19195032119750977,0.55,0.0,47.37674911614255,30.0122379238997,114688.0001,0.0,-0.06879741698503494,0.2847455143928528,0.0,0.21255400776863098,0.2375217229127884,0.27570217847824097,-1.5811803340911865,-1.5340423583984375,-1.4621546268463135,0.0,1.0
115712,113,11,131.32113375675894,111.81818181818181,-0.004482498217839748,0.004956785042304545,-0.3477184891700745,0.00301258968829643,0.0410400390625,0.6143039867281914,0.07666945727542043,-1.967090129852295,4.065892696380615,48.17513656616211,27.34162139892578,50.1422233581543,26.64559555053711,0.97788620277299,1.126119613647461,0.21347492933273315,0.725,0.0,47.38381446873362,29.98974037912851,115712.0001,0.0,-0.06387921422719955,0.26618871092796326,0.0,0.21424002945423126,0.23657798767089844,0.2740316092967987,-1.5779573917388916,-1.5357831716537476,-1.4652554988861084,0.0,1.0
116736,114,9,129.95669384318512,120.11111111111111,-0.004263718728907406,0.010372934985207393,-0.35709163919091225,0.004105018700647634,0.033984375,0.6277291364967823,0.1036183936521411,-1.4844743013381958,6.822487831115723,44.190189361572266,30.87934112548828,45.67466354370117,30.65650177001953,0.9511854308392658,1.1533148288726807,0.36529386043548584,0.65,0.0,47.35580022053604,29.999136695311424,116736.0001,0.0,-0.07205257564783096,0.2804507613182068,0.0,0.21179188787937164,0.23389387130737305,0.2720986306667328,-1.5826380252838135,-1.5408655405044556,-1.4688469171524048,0.0,1.0
117760,115,10,120.7174228619843,117.2,-0.004316149256192147,0.007856743695447222,-0.3683001235127449,0.005537624853604939,0.05576171875,0.6753511220216751,0.07633413970470429,-0.32614731788635254,5.796591758728027,39.673702239990234,29.772584915161133,39.999847412109375,29.85683250427246,0.9620936195138625,1.1138873100280762,0.19650547206401825,0.725,0.0,47.28899936266083,30.005652136025173,117760.0001,0.0,-0.06527525186538696,0.27455419301986694,0.0,0.21165496110916138,0.23337484896183014,0.2704577147960663,-1.5828999280929565,-1.5418626070022583,-1.4718985557556152,0.0,1.0
118784,116,7,139.87782227924257,125.85714285714286,-0.003588670038152486,0.009244375710841269,-0.37025436833500863,0.003999263109290041,0.0441650390625,0.5720357701182366,0.13314615543931724,-0.014323681592941284,7.109298229217529,44.35404968261719,28.41387367248535,44.36837387084961,30.644243240356445,0.9373973747943546,1.052809238433838,0.45525074005126953,0.525,0.0,47.26369806383061,29.99351817696972,118784.0001,0.0,-0.07994350045919418,0.27154216170310974,0.0,0.21129319071769714,0.23275329172611237,0.2716735303401947,-1.5835920572280884,-1.5430418252944946,-1.4696372747421265,0.0,1.0
119808,117,8,142.27312799954467,121.5,-0.00436632314522285,0.005296559256385081,-0.37444655075669286,0.005468222766648978,0.04013671875,0.5943750768899918,0.10812363978475333,0.886726975440979,5.469222068786621,43.268707275390625,26.231048583984375,42.381980895996094,29.03563690185547,0.9565269739028934,1.066628098487854,0.38774922490119934,0.7,0.0,47.22955282783748,29.965618880479454,119808.0001,0.0,-0.06374375522136688,0.26098620891571045,0.0,0.2098342329263687,0.23199260234832764,0.27089160680770874,-1.5863842964172363,-1.5445054769515991,-1.4710915088653564,0.0,1.0
120832,118,8,152.40778119666763,128.875,-0.005075430392753333,0.00446994710364379,-0.3793051943182945,0.006714798352913931,0.0489501953125,0.5959397837519645,0.11058704433962703,2.086702346801758,4.580894470214844,41.39961242675781,23.956260681152344,39.31290817260742,26.683923721313477,0.9634352569188211,0.9967934489250183,0.3789050579071045,0.775,0.0,47.18014654305432,29.92453580239458,120832.0001,0.0,-0.0671829804778099,0.2573467195034027,0.0,0.20829452574253082,0.23085325956344604,0.27070361375808716,-1.5893330574035645,-1.5466771125793457,-1.4714411497116089,0.0,1.0
121856,119,8,145.0272362282928,127.375,-0.004415002831956371,0.007905786042101681,-0.3855378270149231,0.0016896275759791025,0.041162109375,0.6080515466630458,0.1128285254817456,3.2787771224975586,5.233346939086914,41.05651092529297,25.616104125976562,37.77773666381836,26.94391632080078,0.9582618791763103,1.2460228204727173,0.3491421937942505,0.725,0.0,47.12868743766329,29.896144321504497,121856.0001,0.0,-0.03910379856824875,0.2736465334892273,0.0,0.20688390731811523,0.23013631999492645,0.2698843777179718,-1.5920360088348389,-1.548051357269287,-1.4729654788970947,0.0,1.0
122880,120,8,149.82970579501247,124.0,-0.0055170002218801525,0.007777131872717291,-0.3872872181236744,0.007883585363742895,0.056982421875,0.60538130402565,0.07246267488226295,1.6452668905258179,4.55643367767334,47.33477783203125,26.265104293823242,45.68951416015625,25.09275245666504,0.9699051761387312,0.98698890209198,0.18893742561340332,0.6,0.0,47.13040487702915,29.867715550816886,122880.0001,0.0,-0.055694520473480225,0.2657966911792755,0.0,0.2054566591978073,0.23029862344264984,0.2715146243572235,-1.5947725772857666,-1.5477796792984009,-1.4699327945709229,0.0,1.0
123904,121,8,154.8906223433924,123.125,-0.00440272546838969,0.006626888242317363,-0.3864248365163803,0.003182245216157753,0.043310546875,0.708009172976017,0.08758988426998257,2.6366238594055176,4.6931047439575195,48.138999938964844,24.60372543334961,45.50238037109375,24.597076416015625,0.9636153065350493,1.1787890195846558,0.19360464811325073,0.925,0.0,47.1387404050663,29.828158534201066,123904.0001,0.0,-0.050206106156110764,0.28302592039108276,0.0,0.20261195302009583,0.2302318662405014,0.27365782856941223,-1.6002315282821655,-1.5479069948196411,-1.4659496545791626,0.0,1.0
124928,122,8,145.02015967533688,128.75,-0.004226532985921949,0.012862222595140338,-0.3867047630250454,0.004898797700298019,0.0392822265625,0.620467210561037,0.09190372922457754,-0.7081962823867798,6.7604899406433105,42.808956146240234,28.950443267822266,43.51715087890625,27.670305252075195,0.9454686872431523,1.0875457525253296,0.2427065521478653,0.75,0.0,47.10325036702174,29.823624362034632,124928.0001,0.0,-0.05673767626285553,0.2808103859424591,0.0,0.20281200110912323,0.23046870529651642,0.2728652060031891,-1.599847435951233,-1.5474623441696167,-1.4674222469329834,0.0,1.0
125952,123,7,139.01617208515134,114.57142857142857,-0.004384177131578326,0.0054068636614829305,-0.38791764751076696,0.004010807331360411,0.048779296875,0.6051821239292622,0.06082065319642425,-0.8626360297203064,4.120263576507568,52.96925735473633,27.457555770874023,53.8318977355957,27.782676696777344,0.9774821839738423,1.3947949409484863,0.17199160158634186,0.725,0.0,47.150941497503005,29.8097999406747,125952.0001,0.0,-0.06643121689558029,0.2670101821422577,0.0,0.20068980753421783,0.2293224185705185,0.2708914875984192,-1.6039236783981323,-1.5496431589126587,-1.471091628074646,0.0,1.0
126976,124,10,145.74939669573178,129.9,-0.004398452071473003,0.0038280912616755814,-0.3934036768972874,0.0018775367017951794,0.028369140625,0.6617734067142009,0.058872586814686656,0.3657611608505249,3.9985287189483643,44.383689880371094,28.732376098632812,44.01792907714844,28.996618270874023,0.9806332223119613,1.3034896850585938,0.15581277012825012,0.775,0.0,47.12862494487758,29.80229459806224,126976.0001,0.0,-0.04827125370502472,0.2682654559612274,0.0,0.20166292786598206,0.22889429330825806,0.2696211338043213,-1.6020541191101074,-1.5504316091537476,-1.4734554290771484,0.0,1.0
128000,125,8,143.7127406234699,128.75,-0.004133922781329602,0.003434834923245944,-0.3964592434465885,0.003901278245029971,0.0483642578125,0.5988954909145832,0.05695363422855735,-0.4909314215183258,3.780465602874756,45.550254821777344,28.27063751220703,46.04118728637695,28.541305541992188,0.9821178643201532,1.1592130661010742,0.14957492053508759,0.625,0.0,47.11599798865611,29.790685649753875,128000.0001,0.0,-0.05693984404206276,0.2634819746017456,0.0,0.2012920379638672,0.22816188633441925,0.2695554792881012,-1.602766513824463,-1.5518275499343872,-1.4735777378082275,0.0,1.0
129024,126,9,131.63452330905886,116.55555555555556,-0.005464988190215081,0.006609354104148224,-0.4033490888774395,0.004188384498411324,0.037060546875,0.5980455320328474,0.08138293260708451,0.19343960285186768,4.985962390899658,42.8304443359375,27.954998016357422,42.637001037597656,28.77392578125,0.9681888747558073,1.0220649242401123,0.2221827507019043,0.725,0.0,47.081985638146236,29.778990294630574,129024.0001,0.0,-0.048517823219299316,0.2615508437156677,0.0,0.20235101878643036,0.2262129783630371,0.2642243802547455,-1.6007325649261475,-1.5554618835449219,-1.4835150241851807,0.0,1.0
130048,127,8,126.62312570232483,120.125,-0.005365793243981898,0.008445133827626706,-0.40785696133971217,0.006162070616846904,0.0620361328125,0.6553889751434326,0.11107618492096663,-2.296546697616577,6.135369300842285,46.28570556640625,30.8738956451416,48.582252502441406,28.88306999206543,0.9605089616961155,1.0825231075286865,0.3261648416519165,0.7,0.0,47.07571573332664,29.787851934000425,130048.0001,0.0,-0.058753952383995056,0.2639766335487366,0.0,0.20344579219818115,0.22735218703746796,0.2647029757499695,-1.5986307859420776,-1.5532894134521484,-1.4826217889785767,0.0,1.0
131072,128,9,129.35510327536937,121.33333333333333,-0.007036791392602026,0.003406967397313565,-0.40268498584628104,0.006910811962734442,0.0696044921875,0.7299653969705104,0.05586547316052019,0.5944966673851013,3.504796028137207,44.41357421875,30.4832820892334,43.8190803527832,30.839815139770508,0.986780893901819,1.3104249238967896,0.16798214614391327,0.875,0.0,47.05491777170374,29.794269813485,131072.0001,0.0,-0.05092574283480644,0.2686539888381958,0.0,0.20265793800354004,0.2269698530435562,0.2633920907974243,-1.6001431941986084,-1.5539883375167847,-1.4850690364837646,0.0,1.0
132096,129,9,144.53920698290648,126.11111111111111,-0.004534319997765124,0.005624342977534979,-0.4035759881138802,0.006461784832936246,0.03955078125,0.5654795855283737,0.0867194872815162,0.3902003765106201,5.317476272583008,43.98516845703125,29.372085571289062,43.594970703125,29.904966354370117,0.9672250820488059,1.0913962125778198,0.24006034433841705,0.6,0.0,47.03112128560588,29.792236572543295,132096.0001,0.0,-0.052063580602407455,0.2786462903022766,0.0,0.20288653671741486,0.22772984206676483,0.26400673389434814,-1.599704384803772,-1.5525436401367188,-1.4839212894439697,0.0,1.0
133120,130,7,154.8639451250235,129.28571428571428,-0.005582891660742462,0.0038740098709240554,-0.3989347547292709,0.004236747974937316,0.037939453125,0.6904697254300117,0.05455600931309164,0.23509544134140015,3.8904483318328857,49.071937561035156,27.49437713623047,48.83684539794922,28.336685180664062,0.9799778115763341,1.1814825534820557,0.18566709756851196,0.75,0.0,47.046819880875276,29.775771400763666,133120.0001,0.0,-0.053109344094991684,0.27967414259910583,0.0,0.20398849248886108,0.22821979224681854,0.26326078176498413,-1.5975892543792725,-1.5515824556350708,-1.485314130783081,0.0,1.0
134144,131,8,130.35593730333605,124.5,-0.004292357852682472,0.010625872068339958,-0.3971463918685913,0.004426574167155195,0.034912109375,0.6133678041398525,0.11794814034365117,-1.8569695949554443,7.344781398773193,45.80424499511719,30.59552764892578,47.661216735839844,30.53460121154785,0.9423709017176871,1.1298803091049194,0.35418352484703064,0.725,0.0,47.03733458317011,29.782310917003446,134144.0001,0.0,-0.0596947968006134,0.2852000594139099,0.0,0.20472797751426697,0.2286543846130371,0.2641926407814026,-1.5961703062057495,-1.5507925748825073,-1.4835742712020874,0.0,1.0
135168,132,8,130.85876253950113,124.625,-0.004838760395068675,0.007843502605101093,-0.39414117112755775,0.0036758029847987926,0.0398193359375,0.6229960963129997,0.07763630198314786,-1.6622178554534912,5.27775764465332,42.34000015258789,27.912797927856445,44.002220153808594,27.52298927307129,0.9642486726599911,1.0441340208053589,0.23116743564605713,0.675,0.0,47.001748738078334,29.771375531337824,135168.0001,0.0,-0.05612225458025932,0.2821443974971771,0.0,0.2063695192337036,0.22895176708698273,0.26297512650489807,-1.593022108078003,-1.5501786470413208,-1.4858477115631104,0.0,1.0
136192,133,9,118.52132955888987,116.77777777777777,-0.004050652729347348,0.0066029049339704216,-0.39397170692682265,0.003615024760074448,0.0375,0.6795424774289132,0.0759889782872051,-1.0956552028656006,5.343186855316162,40.3349494934082,28.83832550048828,41.43060302734375,28.71822166442871,0.9656710443017136,1.3672410249710083,0.25949662923812866,0.775,0.0,46.95162241986627,29.77004029981024,136192.0001,0.0,-0.052472393959760666,0.2907317876815796,0.0,0.2068350911140442,0.2288929969072342,0.26357388496398926,-1.5921295881271362,-1.5503311157226562,-1.484729528427124,0.0,1.0
137216,134,9,123.24983091211377,116.88888888888889,-0.003720680659171194,0.008536317810649053,-0.39267039075493815,0.0031907737502478994,0.0291259765625,0.5608392149209976,0.0931358647532761,-1.1696102619171143,6.0524468421936035,44.21662139892578,27.635265350341797,45.38623046875,27.25845718383789,0.9520338675516593,1.0372073650360107,0.302616685628891,0.6,0.0,46.931211962872915,29.755607411839026,137216.0001,0.0,-0.07709295302629471,0.2878670394420624,0.0,0.20804893970489502,0.229381263256073,0.2642826437950134,-1.5898034572601318,-1.5494073629379272,-1.4834063053131104,0.0,1.0
138240,135,7,134.93248662054668,118.57142857142857,-0.004684926546178758,0.007197601976804436,-0.39046840742230415,0.0033453670708695426,0.0396484375,0.6062651589512825,0.10767380399629474,-0.6079482436180115,5.691673755645752,46.395599365234375,30.495864868164062,47.0035514831543,31.699262619018555,0.9651664246981132,1.082156777381897,0.28390657901763916,0.675,0.0,46.927244482793405,29.76119392819782,138240.0001,0.0,-0.0800357386469841,0.27592530846595764,0.0,0.20951169729232788,0.22941820323467255,0.26318806409835815,-1.5870018005371094,-1.549275279045105,-1.485450029373169,0.0,1.0
139264,136,9,116.25055634653638,116.44444444444444,-0.004464254836784675,0.01249871056061238,-0.39246551543474195,0.005327805479464587,0.0441650390625,0.5826826862990856,0.12907952507957815,-2.8475611209869385,7.717027187347412,39.16307067871094,29.912155151367188,42.01062774658203,30.303314208984375,0.9334413363827543,1.0757108926773071,0.44089049100875854,0.65,0.0,46.870154947304655,29.769697619452288,139264.0001,0.0,-0.05892958119511604,0.2822152376174927,0.0,0.21039626002311707,0.22898167371749878,0.2620428204536438,-1.58530855178833,-1.5501130819320679,-1.4875894784927368,0.0,1.0
140288,137,8,114.59679373745384,120.0,-0.003328573249746114,0.006245759141165763,-0.39421317502856257,0.0032642018442857077,0.02216796875,0.5681089058518409,0.07802003948017955,-1.684492588043213,4.562986850738525,41.092491149902344,29.763845443725586,42.77698516845703,30.05375099182129,0.9764971593382809,0.8274633288383484,0.1887020468711853,0.575,0.0,46.82798222728202,29.773717170441127,140288.0001,0.0,-0.07027412205934525,0.2873663902282715,0.0,0.2105979323387146,0.22867989540100098,0.260856568813324,-1.5849225521087646,-1.5506653785705566,-1.489806890487671,0.0,1.0
141312,138,9,136.0331661288241,127.11111111111111,-0.00393847260857001,0.007892619556514546,-0.3962334290146828,0.004477317281998694,0.0409912109375,0.6964465886354446,0.11034247325733304,-0.14766287803649902,6.120851993560791,37.46660614013672,28.29277801513672,37.6142692565918,29.923442840576172,0.9531971305216149,1.2639219760894775,0.29866281151771545,0.8,0.0,46.760146170461944,29.773839766516854,141312.0001,0.0,-0.06769632548093796,0.2810392379760742,0.0,0.21023282408714294,0.22821831703186035,0.25968465209007263,-1.5856213569641113,-1.5515326261520386,-1.4919989109039307,0.0,1.0
142336,139,10,131.16475986473765,118.9,-0.00478508083615452,0.007520065404241905,-0.4001383751630783,0.00429844296304509,0.06103515625,0.7128349348902703,0.159229888767004,1.2845172882080078,6.151142120361328,36.373992919921875,31.07589340209961,35.0894775390625,34.20564651489258,0.9608200174065383,1.6138966083526611,0.7065829038619995,0.8,0.05,46.685425656066464,29.7963421798727,142336.0001,0.0,-0.08341890573501587,0.278926819562912,0.0,0.2093856930732727,0.2273191660642624,0.2561427354812622,-1.5872430801391602,-1.5532050132751465,-1.4986317157745361,0.0,1.0
143360,140,7,110.08619991814753,118.0,-0.004914706980343908,0.0074007661081850525,-0.4003951534628868,0.005379574836115353,0.0484375,0.620750866830349,0.07524824854917825,-1.4868077039718628,5.229158878326416,38.60308074951172,27.47977638244629,40.08988952636719,25.867380142211914,0.9637892672134099,1.0010370016098022,0.2130146473646164,0.75,0.0,46.62769463781,29.788211320902448,143360.0001,0.0,-0.07557177543640137,0.2804759442806244,0.0,0.21187099814414978,0.22849299013614655,0.2559601366519928,-1.582486629486084,-1.55097234249115,-1.4989738464355469,0.0,1.0
144384,141,9,127.11900431369908,120.22222222222223,-0.006681579747237265,0.0033219178731087595,-0.3958915755152702,0.00459901161812013,0.0623779296875,0.6913904383778572,0.07991060405038297,1.431357979774475,3.722447633743286,37.14143753051758,26.58655548095703,35.710079193115234,26.48312759399414,0.9803965265029231,1.224521517753601,0.2302548885345459,0.775,0.0,46.56041621277181,29.77735949115292,144384.0001,0.0,-0.09462948888540268,0.29446229338645935,0.0,0.21048328280448914,0.2283528447151184,0.2566058039665222,-1.585141897201538,-1.551248550415039,-1.4977638721466064,0.0,1.0
145408,142,7,130.64873231496384,122.0,-0.004605163063388318,0.005205480451695621,-0.3977538734674454,0.005112068136804737,0.0342529296875,0.587961632013321,0.08285937593318522,1.756483554840088,4.803189754486084,42.50382614135742,27.300460815429688,40.747344970703125,27.16632843017578,0.9690458076642334,0.9487239718437195,0.24008072912693024,0.7,0.0,46.53184867464485,29.762570521021697,145408.0001,0.0,-0.09978745132684708,0.2682552933692932,0.0,0.2110636979341507,0.22808049619197845,0.2541578412055969,-1.5840312242507935,-1.5517491102218628,-1.5023537874221802,0.0,1.0
146432,143,9,131.40257702688268,119.66666666666667,-0.0041757153114303945,0.003662832421832718,-0.39948890954256056,0.003967078546702396,0.0298828125,0.6404125891625881,0.06544361328706146,1.139590859413147,3.999577283859253,36.79493713378906,26.93963623046875,35.65534591674805,27.146961212158203,0.9779583211855049,1.1995512247085571,0.20846490561962128,0.7,0.0,46.463758382852596,29.754824993086086,146432.0001,0.0,-0.0799974799156189,0.28632766008377075,0.0,0.2100295126438141,0.22754055261611938,0.2535814642906189,-1.586010456085205,-1.5527558326721191,-1.5034353733062744,0.0,1.0
147456,144,11,134.208372399109,119.27272727272727,-0.0036829549411777408,0.006336373620433733,-0.4009810328483582,0.003259470014018007,0.0285400390625,0.7033160381019116,0.06824082471430301,0.6403396129608154,4.550897598266602,36.01090621948242,28.98726463317871,35.370567321777344,29.414859771728516,0.9753521146522812,1.0504710674285889,0.1894739717245102,0.875,0.0,46.391169129752676,29.76222427139546,147456.0001,0.0,-0.0577949583530426,0.2866978347301483,0.0,0.21022692322731018,0.22780728340148926,0.2549779713153839,-1.585632562637329,-1.5522624254226685,-1.5008153915405273,0.0,1.0
148480,145,8,132.0200529332942,112.75,-0.004398192383814603,0.0037378820328740404,-0.3987423151731491,0.0037701473236666063,0.035693359375,0.6953787002712488,0.09930013776756823,0.7398544549942017,4.453827381134033,43.54552459716797,26.040803909301758,42.805667877197266,28.46639633178711,0.9707478393244935,1.126194953918457,0.33188170194625854,0.85,0.0,46.37154399339408,29.73908659853505,148480.0001,0.0,-0.08900392800569534,0.27619701623916626,0.0,0.21231314539909363,0.2281314581632614,0.2555670738220215,-1.5816409587860107,-1.551651120185852,-1.4997107982635498,0.0,1.0
149504,146,8,125.01353306629306,123.0,-0.004823881562333554,0.0083383965480607,-0.4004891313612461,0.0053404570324346425,0.0516845703125,0.6208195574581623,0.09799560103565455,0.7389891147613525,6.519148349761963,37.5034065246582,27.482263565063477,36.7644157409668,27.685134887695312,0.9437300231872616,0.9540647268295288,0.2591955065727234,0.775,0.0,46.31080332015222,29.733209185182954,149504.0001,0.0,-0.11065104603767395,0.26678889989852905,0.0,0.21278263628482819,0.2270732969045639,0.2542875409126282,-1.5807431936264038,-1.5536614656448364,-1.502110481262207,0.0,1.0
150528,147,8,134.2052567493838,112.0,-0.005382853606715798,0.004229169816244394,-0.4061915762722492,0.0055587324211956,0.0533203125,0.5785906612873077,0.08755229841917753,2.1314048767089844,3.8978233337402344,38.64124298095703,24.660037994384766,36.50984191894531,26.128448486328125,0.9750162953246326,1.1815468072891235,0.31773099303245544,0.6,0.0,46.25862946166607,29.708314841748038,150528.0001,0.0,-0.09183824062347412,0.2756263315677643,0.0,0.2138793170452118,0.22639788687229156,0.2508489489555359,-1.5786466598510742,-1.554927945137024,-1.508566975593567,0.0,1.0
151552,148,9,143.91282489846566,125.11111111111111,-0.005791902192868292,0.004535389924421906,-0.4084392420947552,0.002911023968772497,0.0380126953125,0.6579084858298302,0.13586722761392594,2.1056830883026123,4.615604400634766,37.306190490722656,25.536020278930664,35.20050811767578,28.221296310424805,0.9673298856815676,1.235173225402832,0.42799416184425354,0.825,0.0,46.198140021506596,29.691150820278423,151552.0001,0.0,-0.08151191473007202,0.2725917398929596,0.0,0.21413573622703552,0.226074680685997,0.24811817705631256,-1.5781567096710205,-1.5554968118667603,-1.513702154159546,0.0,1.0
152576,149,8,127.92821503417989,122.5,-0.00442749944049865,0.004720690898830071,-0.40811458602547646,0.0026667648155125788,0.02353515625,0.604864401370287,0.10189393288455903,1.4483026266098022,4.542314529418945,38.13763427734375,27.095964431762695,36.689334869384766,26.26831817626953,0.9718974800223251,1.1357917785644531,0.2663404047489166,0.725,0.0,46.14404268770776,29.68178701742703,152576.0001,0.0,-0.08519477397203445,0.27498137950897217,0.0,0.2155015766620636,0.22685860097408295,0.24893967807292938,-1.575547218322754,-1.5540269613265991,-1.51215660572052,0.0,1.0
153600,150,8,134.29229413304955,119.125,-0.005629675113596022,0.009490762901259586,-0.40618006959557534,0.003896819545479957,0.04599609375,0.6504486739635468,0.07660026005469263,0.4811394512653351,6.106429100036621,45.05035400390625,26.497772216796875,44.569217681884766,26.11944007873535,0.9468924923290897,1.1633533239364624,0.17230919003486633,0.725,0.0,46.13675144689319,29.661825490144967,153600.0001,0.0,-0.07615228742361069,0.275425523519516,0.0,0.2144089788198471,0.22637683153152466,0.24759969115257263,-1.577634572982788,-1.5549254417419434,-1.5146780014038086,0.0,1.0
154624,151,9,145.4825524133658,126.11111111111111,-0.003689156356267631,0.0025959843333112076,-0.40816309452056887,0.002819538832409307,0.0315673828125,0.6669577240943909,0.05235421522520482,1.0789748430252075,2.89615797996521,43.31299591064453,26.723615646362305,42.2340202331543,26.661090850830078,0.9882549689681422,1.0231008529663086,0.14237245917320251,0.725,0.0,46.11805106408984,29.644209878540345,154624.0001,0.0,-0.08005135506391525,0.2684541642665863,0.0,0.2137073278427124,0.226185142993927,0.24741822481155396,-1.5789754390716553,-1.5552738904953003,-1.5150195360183716,0.0,1.0
155648,152,9,131.31089182405012,112.77777777777777,-0.005475027882494032,0.002540494504501112,-0.4135703265666962,0.004342779361468274,0.051904296875,0.6661675706505775,0.048770373594015835,0.3439781069755554,2.93146014213562,43.97779846191406,26.47849464416504,43.633819580078125,26.1689453125,0.9877430789138425,1.259812831878662,0.12905199825763702,0.8,0.0,46.10397043802523,29.624993596074187,155648.0001,0.0,-0.07935898751020432,0.2809114456176758,0.0,0.2106870412826538,0.2242899090051651,0.24583768844604492,-1.5847519636154175,-1.5588804483413696,-1.517995834350586,0.0,1.0
156672,153,8,139.9637920477673,130.625,-0.0033400921267457305,0.007306448207236827,-0.42160314992070197,0.0016726129586459137,0.028662109375,0.5971905890852213,0.07875912548042834,0.795470118522644,5.342855930328369,39.21073913574219,28.049821853637695,38.41526794433594,27.653804779052734,0.9637183698167415,1.1134840250015259,0.17820878326892853,0.575,0.0,46.05891662461934,29.620179026691385,156672.0001,0.0,-0.0904189944267273,0.281682550907135,0.0,0.2120596021413803,0.22387683391571045,0.243582621216774,-1.5821259021759033,-1.5596680641174316,-1.5222463607788086,0.0,1.0
157696,154,9,136.81528694571398,113.11111111111111,-0.004676196968648583,0.003457102642278187,-0.42398525699973105,0.005475178375490941,0.0471435546875,0.6242965541779995,0.06895762798376381,1.265225887298584,3.7787070274353027,44.031883239746094,26.646974563598633,42.76665496826172,27.086549758911133,0.9798909954672054,1.0443652868270874,0.2216992974281311,0.7,0.0,46.04575406711378,29.6022835323985,157696.0001,0.0,-0.09623084217309952,0.2715243995189667,0.0,0.21006162464618683,0.22325485944747925,0.2440197616815567,-1.5859490633010864,-1.5608454942703247,-1.521422028541565,0.0,1.0
158720,155,9,135.9931598452705,116.22222222222223,-0.004351362376473844,0.004381128336535767,-0.42884595319628716,0.0007391282721073367,0.0403076171875,0.6587190523743629,0.047091263346374035,0.0016372501850128174,3.6415045261383057,46.51587677001953,29.40671157836914,46.51424026489258,28.806711196899414,0.9846655296619077,1.0278904438018799,0.11673365533351898,0.75,0.0,46.04878712487759,29.601049842337755,158720.0001,0.0,-0.0801711454987526,0.27614957094192505,0.0,0.20591185986995697,0.22194862365722656,0.243846595287323,-1.5938996076583862,-1.5633492469787598,-1.5217485427856445,0.0,1.0
159744,156,8,138.88829943956375,121.5,-0.005013499851338565,0.0038978411466814578,-0.43720963299274446,0.004928246143390424,0.0449462890625,0.705212327092886,0.059296363452449444,-0.6493846774101257,4.0007452964782715,45.85280227661133,28.745351791381836,46.50218963623047,27.701725006103516,0.9806292450901032,1.2778633832931519,0.14715607464313507,0.8,0.0,46.047530817512516,29.595647522137646,159744.0001,0.0,-0.08474201709032059,0.26644933223724365,0.0,0.2016768753528595,0.22061558067798615,0.24407510459423065,-1.6020272970199585,-1.5659343004226685,-1.521317720413208,0.0,1.0
160768,157,9,133.357934476085,119.77777777777777,-0.0043609736778307704,0.007304189371643588,-0.4429285429418087,0.0028099231320084074,0.0359130859375,0.6547128193080425,0.07283914154395461,-0.3851335942745209,5.2696428298950195,45.91645050048828,29.20391273498535,46.30158233642578,29.855783462524414,0.9674403145780103,1.1041332483291626,0.1974021941423416,0.8,0.0,46.04669590912359,29.59317064443088,160768.0001,0.0,-0.08920430392026901,0.27444297075271606,0.0,0.1975184977054596,0.21994131803512573,0.24509108066558838,-1.6100213527679443,-1.5672448873519897,-1.5194026231765747,0.0,1.0
161792,158,8,128.41160699971147,122.875,-0.005597045691683888,0.008856793673476204,-0.44582311287522314,0.005406459754158277,0.05556640625,0.7140372850000858,0.06690309047698975,-0.4636799395084381,5.492693901062012,39.60293960571289,29.214954376220703,40.066619873046875,28.74502944946289,0.9646523676876686,1.2380051612854004,0.14045070111751556,0.825,0.0,46.00591264079009,29.59520416595594,161792.0001,0.0,-0.08478745073080063,0.289509654045105,0.0,0.19748787581920624,0.2195696234703064,0.24335207045078278,-1.6100802421569824,-1.5679200887680054,-1.5226812362670898,0.0,1.0
162816,159,9,124.87908755821988,111.88888888888889,-0.0036589868133887647,0.005991195354727097,-0.4473012939095497,0.003591836952546146,0.043408203125,0.5445185698568821,0.06734346775338054,-0.043163806200027466,4.973602771759033,44.066627502441406,27.655174255371094,44.10978698730469,27.662864685058594,0.9676563278243319,0.9916181564331055,0.1549922078847885,0.6,0.0,45.993715858441234,29.583797536002006,162816.0001,0.0,-0.08334338665008545,0.2689347267150879,0.0,0.19900807738304138,0.2193947583436966,0.24232707917690277,-1.6071562767028809,-1.5682653188705444,-1.5246148109436035,0.0,1.0
163840,160,8,139.48487091136406,118.25,-0.004723907739389688,0.0025518734648358075,-0.45114648565649984,0.0024567085711169057,0.0279541015625,0.686906635761261,0.057412340911105274,0.5704636573791504,2.845839262008667,43.76885986328125,26.168996810913086,43.19839859008789,27.098501205444336,0.9881737613023668,1.2079112529754639,0.16852527856826782,0.775,0.0,45.97981050825478,29.564199917635445,163840.0001,0.0,-0.1042538657784462,0.2791370749473572,0.0,0.1988714635372162,0.2179366946220398,0.24073803424835205,-1.6074190139770508,-1.571014404296875,-1.5276145935058594,0.0,1.0
164864,161,8,136.75093457397904,130.875,-0.0045598388183861974,0.007030304719228298,-0.4589103266596794,0.004900538492074702,0.0470947265625,0.7384303577244282,0.06654832717031241,-0.12771829962730408,5.055815696716309,39.28514099121094,29.478378295898438,39.412864685058594,29.51856803894043,0.9705845619128962,1.4797724485397339,0.1396278738975525,0.825,0.0,45.93822872636384,29.56834609503876,164864.0001,0.0,-0.07586484402418137,0.2745087146759033,0.0,0.1974158138036728,0.21720363199710846,0.2401922345161438,-1.61021888256073,-1.5724290609359741,-1.528645396232605,0.0,1.0
165888,162,9,129.56189557135497,119.0,-0.0026444546587299556,0.008577707392396406,-0.46208238378167155,0.004052013720502146,0.0374267578125,0.6833349138498306,0.13159590531140566,0.027552127838134766,6.884597301483154,45.18121337890625,28.47236442565918,45.15365982055664,29.470481872558594,0.9415331068227611,1.3513414859771729,0.397201269865036,0.75,0.0,45.93355578162128,29.561764871556097,165888.0001,0.0,-0.06077830493450165,0.27623623609542847,0.0,0.19583094120025635,0.21668612957000732,0.23947088420391083,-1.6132692098617554,-1.5734204053878784,-1.5300081968307495,0.0,1.0
166912,163,8,144.48631480263433,126.0,-0.002949123166035861,0.005711063044145703,-0.4651624009013176,0.002875803214556072,0.0269287109375,0.6941862314939499,0.06358798411674797,0.19267618656158447,4.711070537567139,44.27110290527344,28.366085052490234,44.07842254638672,28.216388702392578,0.9724170679308942,1.2085222005844116,0.144973486661911,0.825,0.0,45.92335667658735,29.554861977292,166912.0001,0.0,-0.07149198651313782,0.27608901262283325,0.0,0.19321244955062866,0.21605706214904785,0.2398090660572052,-1.618312954902649,-1.5746512413024902,-1.5293692350387573,0.0,1.0
167936,164,9,134.03664043306077,124.44444444444444,-0.003300673677586019,0.002802264821366407,-0.4689380258321762,0.0038368237408576535,0.0341064453125,0.6859608255326748,0.038314434327185155,-0.18617023527622223,2.8845603466033936,42.208984375,25.328479766845703,42.39515686035156,25.446502685546875,0.9870299715570313,1.1435168981552124,0.11762235313653946,0.875,0.0,45.900708075151144,29.532339919182014,167936.0001,0.0,-0.07863298803567886,0.28591403365135193,0.0,0.19171014428138733,0.21536339819431305,0.24030427634716034,-1.621208906173706,-1.57595694065094,-1.5284337997436523,0.0,1.0
168960,165,8,138.97274646603145,129.625,-0.00600337398936972,0.005862036801408977,-0.4746693275868893,0.0032762951363110916,0.045947265625,0.6884365878999233,0.10439467174001038,1.2735422849655151,4.938722133636475,39.06562805175781,30.699665069580078,37.79208755493164,32.005252838134766,0.9741201437930841,1.3996158838272095,0.35768526792526245,0.85,0.0,45.859283359670094,29.5443167158429,168960.0001,0.0,-0.07458397001028061,0.27439799904823303,0.0,0.19091811776161194,0.21387314796447754,0.23875555396080017,-1.6227364540100098,-1.5788050889968872,-1.5313600301742554,0.0,1.0
169984,166,8,136.07148754924012,125.75,-0.0038151379907503725,0.0037029402010375634,-0.47992914766073225,0.006262027923366986,0.040478515625,0.7686112351715565,0.062346630915999415,1.4732353687286377,3.666982650756836,41.625999450683594,25.392881393432617,40.15276336669922,26.242584228515625,0.9791457883424258,1.5040920972824097,0.1795218586921692,0.7,0.0,45.83378164548693,29.522873349207917,169984.0001,0.0,-0.07069902867078781,0.2796231508255005,0.0,0.1913427710533142,0.21394212543964386,0.23728327453136444,-1.6219173669815063,-1.5786851644515991,-1.5341439247131348,0.0,1.0
171008,167,8,141.93785561426688,116.25,-0.0058305480284616355,0.005038677353877574,-0.47920634523034095,0.005977239985077177,0.0566162109375,0.6948632635176182,0.10542187546379864,1.8607738018035889,4.6764235496521,43.87125778198242,25.764564514160156,42.0104866027832,26.463577270507812,0.9670555604391315,1.5778303146362305,0.38705432415008545,0.75,0.0,45.82203002129566,29.502181959022433,171008.0001,0.0,-0.10969499498605728,0.2756984531879425,0.0,0.18919728696346283,0.21389693021774292,0.23743459582328796,-1.6260566711425781,-1.5787657499313354,-1.5338577032089233,0.0,1.0
172032,168,9,132.74759899814464,118.77777777777777,-0.00441532155382447,0.005186588055221364,-0.47895357087254525,0.004075024090707302,0.04228515625,0.6342762008309364,0.05902375616133213,0.14415162801742554,4.46469783782959,42.101219177246094,25.36528778076172,41.957069396972656,24.432249069213867,0.969018344470446,1.3115086555480957,0.14791548252105713,0.625,0.0,45.79988233703287,29.48066451319674,172032.0001,0.0,-0.08336999267339706,0.28326261043548584,0.0,0.1890392303466797,0.21403639018535614,0.23696601390838623,-1.6263617277145386,-1.5784846544265747,-1.5347440242767334,0.0,1.0
173056,169,9,133.3429807767637,119.66666666666667,-0.0042569916578941045,0.003989057455328293,-0.478370750695467,0.003556680947076529,0.045849609375,0.7263625204563141,0.08824498318135739,0.791812002658844,4.759686470031738,38.52478790283203,28.756425857543945,37.73297882080078,29.82509422302246,0.972604017518089,1.7809962034225464,0.25255444645881653,0.725,0.0,45.756834460219004,29.48171183689817,173056.0001,0.0,-0.08801272511482239,0.28491270542144775,0.0,0.1895315945148468,0.2141108512878418,0.2367277294397354,-1.6254115104675293,-1.578360915184021,-1.5351948738098145,0.0,1.0
174080,170,8,125.37281131821035,120.0,-0.005099341820459813,0.005553966411389411,-0.48079988807439805,0.0038684500119416042,0.037109375,0.6961610920727253,0.06932451664470136,0.6474859118461609,4.758114337921143,40.81208419799805,29.599538803100586,40.16459655761719,29.762304306030273,0.9741595601616738,1.150715708732605,0.1637008935213089,0.875,0.0,45.72774769346554,29.484831061887032,174080.0001,0.0,-0.07929455488920212,0.2809322774410248,0.0,0.19058585166931152,0.21291612088680267,0.23413045704364777,-1.6233773231506348,-1.5806108713150024,-1.540111780166626,0.0,1.0
175104,171,8,149.16107921504778,127.75,-0.003896164265461266,0.0037864689162233844,-0.49042771086096765,0.003213348264398519,0.036328125,0.6842340961098671,0.07362717306241393,0.9328699111938477,4.449242115020752,47.521663665771484,26.863462448120117,46.58879470825195,28.284130096435547,0.9725685887223482,1.0231293439865112,0.2732909619808197,0.925,0.0,45.73823842663771,29.470496654115852,175104.0001,0.0,-0.0843002200126648,0.28495004773139954,0.0,0.187952920794487,0.21093912422657013,0.2326781302690506,-1.6284589767456055,-1.5843912363052368,-1.5428637266159058,0.0,1.0
176128,172,8,154.85305627147287,131.875,-0.006074455915950239,0.003589727939106524,-0.5016209132969379,0.006374255786067806,0.070947265625,0.648979464173317,0.06342080854810775,1.7912304401397705,3.8818163871765137,43.07683563232422,25.972436904907227,41.28560256958008,26.1889705657959,0.97766198408258,1.0405668020248413,0.18367207050323486,0.825,0.0,45.722765138140836,29.452054942974062,176128.0001,0.0,-0.07228275388479233,0.25969862937927246,0.0,0.18379640579223633,0.209065243601799,0.2295912355184555,-1.636491298675537,-1.5880063772201538,-1.5487191677093506,0.0,1.0
177152,173,8,162.34159441444305,130.5,-0.005235205986537039,0.00437000417150557,-0.5103644952178001,0.00299614682153333,0.03896484375,0.7358758270740509,0.12287452593445777,2.9471757411956787,4.459108352661133,41.69184112548828,26.32706069946289,38.744667053222656,29.034299850463867,0.9713125924096921,1.2203006744384766,0.4835561513900757,0.8,0.0,45.69946501577853,29.4365308645402,177152.0001,0.0,-0.0528954416513443,0.2710396647453308,0.0,0.18345004320144653,0.2080013006925583,0.22815059125423431,-1.637161135673523,-1.5900408029556274,-1.5514545440673828,0.0,1.0
178176,174,8,119.43990512112273,135.875,-0.006098671432118863,0.011025979358237237,-0.5120312377810479,0.0061552780593046915,0.055029296875,0.7033136256039143,0.14241487234830857,-2.6705095767974854,6.497929573059082,36.698402404785156,30.86388397216797,39.36891174316406,28.262596130371094,0.9556749929600072,1.008831262588501,0.5530934929847717,0.825,0.025,45.64773477666162,29.452791981857807,178176.0001,0.0,-0.08346284180879593,0.3035467267036438,0.0,0.1851305067539215,0.20868372917175293,0.22834523022174835,-1.6339118480682373,-1.5887118577957153,-1.5510849952697754,0.0,1.0
179200,175,8,125.52086392128125,131.875,-0.006515952898189426,0.004547068238025531,-0.509823614358902,0.0039899618306662886,0.04609375,0.6370005793869495,0.06758726574480534,-0.024109497666358948,4.025580883026123,37.709129333496094,31.440200805664062,37.73324203491211,31.26685905456543,0.9836059415970703,1.0855934619903564,0.15467028319835663,0.7,0.0,45.60237132604637,29.47060500092492,179200.0001,0.0,-0.07271876931190491,0.282257616519928,0.0,0.18633711338043213,0.20816408097743988,0.22921480238437653,-1.6315799951553345,-1.5897154808044434,-1.549433708190918,0.0,1.0
180224,176,7,126.39689005713659,121.28571428571429,-0.00521457006689161,0.006414770809351466,-0.5125162154436111,0.00510884291579714,0.069970703125,0.5879776254296303,0.07922741780057549,-0.5819953680038452,5.279155254364014,44.60102081298828,30.25309944152832,45.183013916015625,29.160404205322266,0.9695498756312402,1.1868165731430054,0.236437126994133,0.725,0.0,45.596681836462565,29.47520576510033,180224.0001,0.0,-0.09156761318445206,0.27914440631866455,0.0,0.1878511905670166,0.20828287303447723,0.22941814363002777,-1.6286554336547852,-1.589463710784912,-1.5490477085113525,0.0,1.0
181248,177,8,129.66472220097762,130.375,-0.006353070010663942,0.012253189791226759,-0.5102066531777382,0.0038034463359508663,0.0434326171875,0.6011274687945842,0.11020994521677493,-2.575206756591797,7.822635650634766,44.92921447753906,34.58544921875,47.50442123413086,32.99674987792969,0.9488413171646024,1.1169145107269287,0.3729195296764374,0.7,0.0,45.592910832714935,29.506605710880798,181248.0001,0.0,-0.09599775075912476,0.28178226947784424,0.0,0.18738187849521637,0.2089349627494812,0.23181238770484924,-1.6295616626739502,-1.5882282257080078,-1.5445051193237305,0.0,1.0
182272,178,6,146.71507033371984,133.66666666666666,-0.0041614368092268705,0.005185440881177783,-0.509234668314457,0.003271934406075161,0.026416015625,0.6394053570926189,0.09958786997012795,-0.45438700914382935,4.73819637298584,46.37965393066406,32.12144088745117,46.83403778076172,33.9462890625,0.9782411432232822,1.1936050653457642,0.326474130153656,0.8,0.0,45.59733072368596,29.522001279898397,182272.0001,0.0,-0.08427689224481583,0.2799384891986847,0.0,0.18471024930477142,0.2081461399793625,0.23268985748291016,-1.6347242593765259,-1.5897608995437622,-1.5428415536880493,0.0,1.0
183296,179,9,127.95248729096225,135.44444444444446,-0.0045179717417340726,0.006946814677212388,-0.520183989405632,0.003123586284345947,0.0418701171875,0.7018124312162399,0.12036444507539272,-1.68263840675354,5.56138277053833,43.97365188598633,34.86650848388672,45.656288146972656,33.35731506347656,0.9745581511537899,1.2288142442703247,0.36582064628601074,0.85,0.0,45.58825988660354,29.554791331038334,183296.0001,0.0,-0.09462812542915344,0.27093443274497986,0.0,0.1821947693824768,0.2052326202392578,0.22897182404994965,-1.639589548110962,-1.5953669548034668,-1.5498950481414795,0.0,1.0
184320,180,7,146.64593759690587,122.28571428571429,-0.00420055075082928,0.007191814784891904,-0.5311413645744324,0.003245268556929659,0.0351806640625,0.6215551897883416,0.11317851478233934,-0.3824629485607147,6.181019306182861,51.18520736694336,31.292022705078125,51.56766891479492,32.3426513671875,0.9609830819165295,1.1086586713790894,0.28558507561683655,0.75,0.0,45.619354033889124,29.567651341608823,184320.0001,0.0,-0.10362833738327026,0.2797969877719879,0.0,0.18249571323394775,0.20498888194561005,0.23017044365406036,-1.639007329940796,-1.5958365201950073,-1.5476198196411133,0.0,1.0
185344,181,9,157.61610506134394,131.88888888888889,-0.005506890447577462,0.00402353870740626,-0.533206832408905,0.0008147750806529075,0.0311767578125,0.6914223916828632,0.1416892628185451,0.564743161201477,5.1487135887146,44.302955627441406,29.103343963623047,43.73821258544922,31.823448181152344,0.9687023499764462,1.0867060422897339,0.5128102898597717,0.85,0.025,45.612081120181664,29.565267156244833,185344.0001,0.0,-0.0677250474691391,0.27721676230430603,0.0,0.18200422823429108,0.203749418258667,0.22850371897220612,-1.639958381652832,-1.5981907844543457,-1.5507838726043701,0.0,1.0
186368,182,7,153.78973178945483,132.57142857142858,-0.003697254590224475,0.0032469707206473687,-0.5410039857029915,0.003209140303079039,0.0285888671875,0.6420934908092022,0.07429629075340927,0.8347223997116089,3.6560091972351074,46.590065002441406,31.181058883666992,45.755340576171875,31.756290435791016,0.9862522108483384,1.1316550970077515,0.18582792580127716,0.75,0.0,45.617454632233304,29.57447467579794,186368.0001,0.0,-0.07889372855424881,0.27951580286026,0.0,0.18193461000919342,0.20260363817214966,0.227632075548172,-1.6400930881500244,-1.6003953218460083,-1.552439570426941,0.0,1.0
187392,183,7,149.77865147940403,130.57142857142858,-0.005753038200782612,0.00612992454553023,-0.5436768844723702,0.006145634966378566,0.0433837890625,0.6629038125276565,0.09904239238239824,-0.828542172908783,5.494472503662109,49.491981506347656,28.932228088378906,50.320526123046875,27.318700790405273,0.9639348074167793,1.082870364189148,0.3762802183628082,0.85,0.0,45.638626924824166,29.572382469309,187392.0001,0.0,-0.0720994621515274,0.27161887288093567,0.0,0.1824958622455597,0.20329402387142181,0.22840897738933563,-1.6390069723129272,-1.5990538597106934,-1.5509638786315918,0.0,1.0
188416,184,9,156.89956265691941,132.11111111111111,-0.0031687316193711014,0.005296438714140095,-0.539875565469265,0.0025568177865352482,0.023779296875,0.653230682015419,0.1211437621153891,0.6443189978599548,5.210809707641602,47.10359573364258,31.055355072021484,46.45927429199219,33.850303649902344,0.9718461736780474,1.1293190717697144,0.4667496383190155,0.85,0.0,45.646588714238106,29.580839113621575,188416.0001,0.0,-0.07313170284032822,0.2662217319011688,0.0,0.18036983907222748,0.2029874324798584,0.22975270450115204,-1.6431220769882202,-1.5996769666671753,-1.5484126806259155,0.0,1.0
189440,185,9,129.87021205318212,121.44444444444444,-0.004975977074354887,0.018195669201668353,-0.54393679946661,0.004826105601387099,0.05029296875,0.6880644060671329,0.15868029929697514,-2.7669074535369873,8.280025482177734,40.10398864746094,29.358978271484375,42.87089920043945,28.79722023010254,0.920460760138177,1.3568921089172363,0.4216035306453705,0.75,0.0,45.616628730038826,29.58243596949702,189440.0001,0.0,-0.09820371866226196,0.28696271777153015,0.0,0.18064458668231964,0.20258842408657074,0.22761619091033936,-1.642590045928955,-1.6004104614257812,-1.5524697303771973,0.0,1.0
190464,186,7,124.24819218546847,122.85714285714286,-0.004336439241888002,0.004014314449159428,-0.5486955091357231,0.00169048920070054,0.031787109375,0.7427160404622555,0.09957355591468513,0.3028636574745178,3.952019214630127,43.03137969970703,30.36628532409668,42.728515625,32.14629364013672,0.983062287451042,1.1797057390213013,0.30109503865242004,0.9,0.0,45.60272954564785,29.58730971616566,190464.0001,0.0,-0.06147171929478645,0.29348668456077576,0.0,0.17921161651611328,0.20073290169239044,0.22560717165470123,-1.6453652381896973,-1.6039824485778809,-1.5562883615493774,0.0,1.0
191488,187,11,133.74810937764485,119.72727272727273,-0.004038159898482263,0.008236644364660605,-0.5562255188822747,0.005373087675252464,0.050537109375,0.7010896980762482,0.07007990996353328,-0.3965892791748047,5.29371452331543,38.753536224365234,31.053936004638672,39.150123596191406,30.9506893157959,0.9709405282494494,1.3305723667144775,0.16066716611385345,0.75,0.0,45.566102828634165,29.599561190640056,191488.0001,0.0,-0.058915019035339355,0.28130561113357544,0.0,0.17847314476966858,0.20076541602611542,0.22787262499332428,-1.6467959880828857,-1.6039338111877441,-1.5519826412200928,0.0,1.0
192512,188,8,126.15536139169197,116.125,-0.0044374181306920946,0.006877429777523503,-0.5557272300124169,0.002700386897777207,0.044384765625,0.709480807930231,0.07492208643816411,-0.6536251902580261,5.3719282150268555,45.79693603515625,29.300722122192383,46.4505615234375,28.830015182495117,0.966387272747524,1.1620590686798096,0.16154587268829346,0.7,0.0,45.56733067217631,29.597984367377254,192512.0001,0.0,-0.10254979133605957,0.2843819558620453,0.0,0.17903341352939606,0.20014770328998566,0.22685618698596954,-1.6457104682922363,-1.6051074266433716,-1.553913950920105,0.0,1.0
193536,189,9,140.25579466522933,127.0,-0.004189356241840869,0.005561538913752884,-0.5569194704294205,0.005457654791825917,0.0462646484375,0.701675345748663,0.0946774716489017,0.31358832120895386,4.762173652648926,41.032291412353516,31.020843505859375,40.71870422363281,32.57036590576172,0.9764330592963936,1.5926892757415771,0.3067930042743683,0.8,0.0,45.54333575283879,29.60752069252583,193536.0001,0.0,-0.06792522221803665,0.27395766973495483,0.0,0.17938721179962158,0.20087842643260956,0.22645826637744904,-1.6450251340866089,-1.6037031412124634,-1.5546702146530151,0.0,1.0
194560,190,8,128.53328838216356,126.5,-0.0030059933109441773,0.011429539555683732,-0.5541867300868034,0.0044869291232316755,0.029833984375,0.6214382492005825,0.12183303469792009,-1.3926727771759033,7.4901885986328125,43.71056365966797,31.13115882873535,45.103233337402344,31.279502868652344,0.9421111426645608,1.0666790008544922,0.38002341985702515,0.7,0.0,45.533689584958005,29.616041938337705,194560.0001,0.0,-0.11142215877771378,0.2829611897468567,0.0,0.17923875153064728,0.20071053504943848,0.22725659608840942,-1.6453126668930054,-1.6040383577346802,-1.5531530380249023,0.0,1.0
195584,191,8,149.52973557980894,132.0,-0.003482298238668591,0.0053557846928015355,-0.5573902025818824,0.0026570310918032193,0.03515625,0.6515342608094216,0.13048096811398863,1.5947909355163574,5.300551891326904,37.72059631347656,28.2324161529541,36.12580490112305,30.282201766967773,0.9647510562695266,1.2578026056289673,0.4603250324726105,0.8,0.0,45.492783326199586,29.614334542555927,195584.0001,0.0,-0.0896807387471199,0.290589839220047,0.0,0.17769235372543335,0.19976244866847992,0.22702299058437347,-1.6483089923858643,-1.6058640480041504,-1.5535969734191895,0.0,1.0
196608,192,7,119.56987955453735,119.85714285714286,-0.0042959192069247365,0.01229804014437832,-0.5623313397169113,0.00536079715093365,0.047607421875,0.7702474683523178,0.1448669036384672,0.3141683340072632,7.625119686126709,39.20689392089844,30.449247360229492,38.89272689819336,32.14906692504883,0.9372895086714135,1.4466923475265503,0.4595903754234314,0.9,0.0,45.46004433520299,29.62219975706247,196608.0001,0.0,-0.07519179582595825,0.2864528298377991,0.0,0.17605505883693695,0.19938962161540985,0.22856976091861725,-1.6514832973480225,-1.606587529182434,-1.5506584644317627,0.0,1.0
197632,193,8,140.08822639427729,124.375,-0.004545649664942175,0.006596366624580696,-0.5647440299391746,0.003407748720201198,0.0453857421875,0.7171245768666268,0.09497257145121693,-0.4739232063293457,5.5478129386901855,39.21758270263672,24.20234489440918,39.69150924682617,23.323150634765625,0.9474553284297295,1.0730242729187012,0.24549831449985504,0.95,0.0,45.42769998849279,29.600068782777118,197632.0001,0.0,-0.06255928426980972,0.2929476499557495,0.0,0.17382916808128357,0.198411762714386,0.2287634164094925,-1.65580153465271,-1.608489990234375,-1.550290822982788,0.0,1.0
198656,194,9,117.38644332690312,119.55555555555556,-0.005422031809575856,0.007646608183858916,-0.5683892324566842,0.003504640868050046,0.055126953125,0.7206138148903847,0.09132052473723888,-1.1970717906951904,5.784248352050781,35.937255859375,31.354949951171875,37.13433074951172,30.806995391845703,0.9659684592349733,1.1721469163894653,0.2505907118320465,0.875,0.0,45.37878017803528,29.61717973707291,198656.0001,0.0,-0.10256166011095047,0.2800123691558838,0.0,0.17348401248455048,0.19897250831127167,0.2298842966556549,-1.6564714908599854,-1.6074460744857788,-1.5481629371643066,0.0,1.0
199680,195,9,126.95298490552113,120.66666666666667,-0.004547683359123767,0.004148576623992995,-0.5645760059356689,0.0049578924517845735,0.0515625,0.7072363860905171,0.07390992408618331,0.5224305391311646,4.155822277069092,41.62759780883789,29.220867156982422,41.105167388916016,29.734180450439453,0.9797731730877075,1.4383440017700195,0.20260827243328094,0.875,0.0,45.359543343201516,29.61637293722721,199680.0001,0.0,-0.10263291001319885,0.2811845541000366,0.0,0.17244337499141693,0.19919270277023315,0.23175004124641418,-1.658491611480713,-1.6070289611816406,-1.5446233749389648,0.0,1.0
200704,196,8,137.85732063070606,131.625,-0.0054555800277739765,0.01010583461029455,-0.5640080228447915,0.004040847436408512,0.0404052734375,0.639695656299591,0.12433797186240554,-0.2509605586528778,6.771427631378174,38.40764236450195,28.88986587524414,38.658599853515625,30.188594818115234,0.9450624361105823,1.4357401132583618,0.4458894729614258,0.775,0.0,45.32407445461645,29.61685333137793,200704.0001,0.0,-0.07071053981781006,0.2962473928928375,0.0,0.1696195900440216,0.19913525879383087,0.23316839337348938,-1.6639771461486816,-1.607185959815979,-1.541934609413147,0.0,1.0
201728,197,8,108.98043136040727,115.25,-0.0029014244442805647,0.01664943838259205,-0.5666103690862656,0.005220241632196121,0.0474365234375,0.7588821955025196,0.19505976513028145,-2.6201236248016357,9.1451997756958,38.33080291748047,30.505924224853516,40.950923919677734,29.83148956298828,0.9101293211994833,1.4930074214935303,0.5444413423538208,0.875,0.025,45.28857560489842,29.62560263136745,201728.0001,0.0,-0.10529748350381851,0.29373684525489807,0.0,0.17004214227199554,0.19845224916934967,0.232584148645401,-1.6631560325622559,-1.608489990234375,-1.5430419445037842,0.0,1.0
202752,198,7,117.52544432534967,123.0,-0.00288762035779655,0.009266126528382301,-0.5685882538557052,0.003072552164667286,0.0264892578125,0.7671700514853,0.1813536482863128,2.1099369525909424,7.21528434753418,32.82262420654297,28.6784610748291,30.712688446044922,31.53376579284668,0.936701231656999,1.4834611415863037,0.760114848613739,0.875,0.05,45.22561626179541,29.634073547723368,202752.0001,0.0,-0.08669853955507278,0.28526899218559265,0.0,0.17035239934921265,0.19843070209026337,0.23168282210826874,-1.662553071975708,-1.6085172891616821,-1.5447508096694946,0.0,1.0
203776,199,11,132.81453623949048,126.27272727272727,-0.005410466808825731,0.006494090735213831,-0.5664775878190994,0.004895732170552947,0.0513427734375,0.7422572657465935,0.07549499399028718,-1.437767505645752,4.793464660644531,36.219295501708984,32.456478118896484,37.65706253051758,32.06229782104492,0.9781879573172746,1.4559459686279297,0.1749626100063324,0.85,0.0,45.18035836909373,29.655766722658658,203776.0001,0.0,-0.08597969263792038,0.28431791067123413,0.0,0.17279432713985443,0.19930662214756012,0.23075683414936066,-1.6578102111816406,-1.6067906618118286,-1.5465072393417358,0.0,1.0
204800,200,8,115.73003544716165,112.25,-0.00404850367049221,0.010852802463341504,-0.5610488787293434,0.004254582479188684,0.043896484375,0.6681944124400616,0.12175541231408715,0.7729283571243286,7.325627326965332,42.93130111694336,31.20931053161621,42.15837097167969,31.15142250061035,0.9449038495432011,1.2848373651504517,0.32312455773353577,0.8,0.0,45.16911307432385,29.66416100079081,204800.0001,0.0,-0.10280418395996094,0.2836734354496002,0.0,0.1739916205406189,0.20018725097179413,0.23281389474868774,-1.6554862260818481,-1.6051368713378906,-1.5426064729690552,0.0,1.0
