total_env_steps,update,completed_episodes,completed_episode_return_mean,completed_episode_length_mean,actor_policy_loss,critic_loss,entropy,approx_kl,clip_fraction,actor_grad_norm,critic_grad_norm,advantage_raw_mean,advantage_raw_std,value_target_mean,value_target_std,value_prediction_mean_pre,value_prediction_std_pre,explained_variance_pre,actor_grad_norm_max,critic_grad_norm_max,actor_grad_clip_fraction,critic_grad_clip_fraction,value_normalizer_mean,value_normalizer_std,value_normalizer_count,hard_speed_accel_violations,action_mean,action_std,action_saturation_ratio,raw_log_std_min,raw_log_std_mean,raw_log_std_max,clamped_log_std_min,clamped_log_std_mean,clamped_log_std_max,raw_log_std_gt_max_ratio,finite
1024,1,0,,,-0.0031259325915016234,166.15307655334473,-0.2455015189945698,0.0038974614275502973,0.0354736328125,0.496318743377924,59.963184452056886,18.67906951904297,4.857887268066406,18.627756118774414,4.9060211181640625,-0.05131383612751961,0.1292521357536316,0.01952605913932104,1.104976773262024,83.52266693115234,0.35,1.0,0.0,1.0,0.0,0.0,0.023381397128105164,0.21900270879268646,0.0,0.2523445188999176,0.25457730889320374,0.25689759850502014,-1.505757451057434,-1.5015654563903809,-1.497217059135437,0.0,1.0
2048,2,5,209.3334980282504,204.8,-0.0036018184502609072,114.21080570220947,-0.25189873948693275,0.0046420599624980245,0.0332763671875,0.5140181299299001,56.87036418914795,12.236614227294922,10.749807357788086,14.124582290649414,10.617718696594238,1.8879679441452026,1.9790712594985962,-0.025035494603902197,0.8844753503799438,72.98436737060547,0.425,1.0,0.0,1.0,0.0,0.0,0.023583650588989258,0.21856637299060822,0.0,0.25180137157440186,0.2531487047672272,0.25483331084251404,-1.5067775249481201,-1.504259705543518,-1.501086711883545,0.0,1.0
3072,3,3,319.53846046838817,278.0,-0.005541753716534004,118.28601722717285,-0.2535663768649101,0.006595237203873694,0.051416015625,0.4778920948505402,97.18826656341552,15.964601516723633,8.333664894104004,18.349729537963867,6.889921188354492,2.3851284980773926,3.456747531890869,-0.46299735472972325,1.0679757595062256,104.64432525634766,0.35,1.0,0.0,1.0,0.0,0.0,0.013278688304126263,0.22012685239315033,0.0,0.25303664803504944,0.2544775605201721,0.2569715082645416,-1.504457950592041,-1.501741886138916,-1.4970786571502686,0.0,1.0
4096,4,8,196.74583338607448,205.0,-0.004011428967351094,110.67414989471436,-0.24707646295428276,0.002657535544130951,0.0275146484375,0.5140471041202546,68.9956488609314,10.686206817626953,13.06168270111084,13.125617027282715,10.75178337097168,2.4394102096557617,5.6954345703125,-0.475832857271828,0.9541012048721313,81.69688415527344,0.525,1.0,0.0,1.0,0.0,0.0,0.006034984719008207,0.21848934888839722,0.0,0.2517572045326233,0.2546437084674835,0.2575407326221466,-1.5068604946136475,-1.5014337301254272,-1.4960122108459473,0.0,1.0
5120,5,6,181.8092628850311,173.33333333333334,-0.003325107105774805,96.62213954925537,-0.24680249020457268,0.004130207034177147,0.0306640625,0.4916249766945839,90.22110366821289,13.03990364074707,9.323098182678223,16.967973709106445,9.597057342529297,3.9280710220336914,4.591231346130371,0.05627736769347802,0.7969871163368225,99.69116973876953,0.5,1.0,0.0,1.0,0.0,0.0,0.0037297967355698347,0.21942593157291412,0.0,0.2519937753677368,0.25504398345947266,0.25899049639701843,-1.5064160823822021,-1.5007082223892212,-1.493297815322876,0.0,1.0
6144,6,5,167.59835229795203,178.6,-0.00210863146930933,105.99302654266357,-0.24960541725158691,0.0027750833411118946,0.0117919921875,0.5262077808380127,111.74675960540772,12.626580238342285,11.297972679138184,18.328548431396484,11.90726089477539,5.701967716217041,3.8844833374023438,0.09972052548052113,0.8978530168533325,141.89984130859375,0.6,1.0,0.0,1.0,0.0,0.0,-0.0034816942643374205,0.21808329224586487,0.0,0.25027546286582947,0.2530047595500946,0.2560831606388092,-1.509644865989685,-1.504538893699646,-1.4987432956695557,0.0,1.0
7168,7,5,222.43583904217545,178.2,-0.004884684854187071,85.71718101501465,-0.2607433073222637,0.004818681383039802,0.0478271484375,0.5338295258581638,115.44477729797363,13.670974731445312,6.8980607986450195,22.229637145996094,7.795571327209473,8.558663368225098,3.182743787765503,0.21700656481685343,1.183252215385437,150.97918701171875,0.475,1.0,0.0,1.0,0.0,0.0,-0.005243240389972925,0.21884672343730927,0.0,0.24991375207901,0.25184619426727295,0.25374385714530945,-1.5103248357772827,-1.5067087411880493,-1.503130555152893,0.0,1.0
8192,8,6,195.00547274940106,190.16666666666666,-0.0031035272462759168,94.06411933898926,-0.2650449961423874,0.0024559446508646944,0.013671875,0.44513273909687995,118.12445278167725,11.722492218017578,9.98223876953125,23.645641326904297,12.427133560180664,11.923150062561035,4.8068037033081055,0.35477080291606333,0.8594096302986145,150.7450714111328,0.275,1.0,0.0,1.0,0.0,0.0,-0.010131715796887875,0.22165879607200623,0.0,0.24916507303714752,0.2513071596622467,0.25372838973999023,-1.5117326974868774,-1.5076980590820312,-1.5031596422195435,0.0,1.0
9216,9,6,206.98254999032693,186.83333333333334,-0.003074258926790208,79.18034553527832,-0.2640579015016556,0.003802423940214794,0.0322021484375,0.49824598617851734,99.67910118103028,10.579011917114258,8.986418724060059,23.5380859375,12.488175392150879,12.959073066711426,6.724440574645996,0.4821841418149839,0.9508708715438843,133.91943359375,0.475,1.0,0.0,1.0,0.0,0.0,-0.010222855024039745,0.2193620800971985,0.0,0.25113052129745483,0.25236132740974426,0.25348708033561707,-1.508037805557251,-1.5057176351547241,-1.5036125183105469,0.0,1.0
10240,10,5,190.4276861085065,178.6,-0.0029365886526647954,79.39126501083373,-0.25792151764035226,0.0026918814604869113,0.019384765625,0.43600033037364483,111.8899621963501,11.866874694824219,7.841574668884277,24.901514053344727,14.18646240234375,13.034640312194824,8.761787414550781,0.6944668428286829,0.7103071808815002,145.04733276367188,0.35,1.0,0.0,1.0,0.0,0.0,-0.001939615118317306,0.2201823741197586,0.0,0.2517545223236084,0.25290319323539734,0.25357958674430847,-1.5068655014038086,-1.5047296285629272,-1.5034388303756714,0.0,1.0
11264,11,6,193.39870699704144,168.5,-0.002559573930921033,69.09786319732666,-0.2580621652305126,0.0025293374361353925,0.01630859375,0.40901296101510526,101.74435081481934,11.295263290405273,7.071744918823242,23.986042022705078,16.001983642578125,12.690778732299805,11.229607582092285,0.8046985259311822,0.755116879940033,151.94314575195312,0.25,1.0,0.0,1.0,0.0,0.0,-0.00012413552030920982,0.22107666730880737,0.0,0.25079137086868286,0.25276023149490356,0.2540896236896515,-1.5086750984191895,-1.5050023794174194,-1.5024818181991577,0.0,1.0
12288,12,7,156.07749232143811,155.42857142857142,-0.0018241070618387311,66.14428949356079,-0.2578324042260647,0.002614023112982977,0.0141357421875,0.38663564473390577,79.01176099777221,9.948139190673828,9.011112213134766,20.999414443969727,18.56657600402832,11.051277160644531,15.429150581359863,0.7644445135458869,0.7801561951637268,118.1555404663086,0.2,1.0,0.0,1.0,0.0,0.0,0.0015765739372000098,0.21889027953147888,0.0,0.25004979968070984,0.25277361273765564,0.25429248809814453,-1.5100690126419067,-1.504928708076477,-1.502101182937622,0.0,1.0
13312,13,6,190.7821508304221,175.0,-0.00270645396085456,56.57830209732056,-0.26003712937235834,0.002966183207172435,0.0210205078125,0.4605569772422314,77.58817701339721,9.985567092895508,7.622979640960693,20.28458023071289,18.09765625,10.299013137817383,16.8513126373291,0.8225790610162954,0.8558834791183472,152.95420837402344,0.4,1.0,0.0,1.0,0.0,0.0,0.003010823391377926,0.22053706645965576,0.0,0.24873042106628418,0.25186628103256226,0.25469082593917847,-1.5125502347946167,-1.506675124168396,-1.5013539791107178,0.0,1.0
14336,14,6,166.61053363814267,165.5,-0.004261192167177796,70.83264169692993,-0.26552639827132224,0.003959522084915079,0.0469482421875,0.4915248677134514,89.9248836517334,8.242945671081543,10.491878509521484,23.823190689086914,21.425703048706055,15.580244064331055,16.55818748474121,0.7602071020871648,0.8890052437782288,107.6887435913086,0.45,1.0,0.0,1.0,0.0,0.0,-0.0031513043213635683,0.22162778675556183,0.0,0.2500714361667633,0.25099682807922363,0.25189441442489624,-1.51002836227417,-1.508288025856018,-1.5066027641296387,0.0,1.0
15360,15,6,173.03589934731255,163.0,-0.0030374508816748856,73.42050476074219,-0.2684125952422619,0.006221748783718795,0.03369140625,0.4832918256521225,90.00025577545166,9.985358238220215,8.90125560760498,27.10609245300293,17.85972785949707,17.1207332611084,14.300148010253906,0.7515992841264202,0.8426409363746643,156.3986053466797,0.375,1.0,0.0,1.0,0.0,0.0,-0.004414064809679985,0.22297880053520203,0.0,0.24930721521377563,0.2509218752384186,0.2520520091056824,-1.511465311050415,-1.5084095001220703,-1.506306767463684,0.0,1.0
16384,16,7,172.81161775560616,158.85714285714286,-0.002631592773832381,79.61455459594727,-0.26874376758933066,0.001830925549438689,0.012548828125,0.47804480977356434,103.44126758575439,10.652300834655762,9.64945125579834,30.530437469482422,19.14387321472168,19.878137588500977,16.498497009277344,0.7459345625399112,0.7987401485443115,145.24220275878906,0.325,1.0,0.0,1.0,0.0,0.0,-0.017510397359728813,0.22521883249282837,0.0,0.24695131182670593,0.2507307529449463,0.25276052951812744,-1.515898585319519,-1.508805751800537,-1.5049762725830078,0.0,1.0
17408,17,7,185.05770683512532,152.14285714285714,-0.004169242107309401,49.59730005264282,-0.2710415691137314,0.0018887845901190304,0.0192626953125,0.4726812198758125,90.21925010681153,9.469072341918945,5.569547653198242,31.8210391998291,15.66909122467041,22.351966857910156,12.603328704833984,0.8736566920359693,0.8841243982315063,143.66661071777344,0.4,1.0,0.0,1.0,0.0,0.0,-0.011610589921474457,0.22258566319942474,0.0,0.2451738566160202,0.25016114115715027,0.25383323431015015,-1.5192465782165527,-1.5098786354064941,-1.5029628276824951,0.0,1.0
18432,18,8,178.8327041964673,157.25,-0.0032258010120131075,57.507705783843996,-0.27430498152971267,0.004368849559978116,0.0210693359375,0.4535172551870346,85.42044830322266,7.813488006591797,9.25814151763916,32.461326599121094,17.028146743774414,24.647842407226562,14.381879806518555,0.7043942604232105,0.7749803066253662,124.86974334716797,0.375,1.0,0.0,1.0,0.0,0.0,-0.009133622981607914,0.22487622499465942,0.0,0.24666981399059296,0.24974937736988068,0.25261953473091125,-1.5164285898208618,-1.5106569528579712,-1.5052410364151,0.0,1.0
19456,19,5,162.27413660089385,148.6,-0.0026485999347642063,63.769717407226565,-0.27705788537859916,0.0024118694636854343,0.0213134765625,0.4884694624692202,100.67371692657471,8.751049041748047,9.787752151489258,32.47859573364258,20.143009185791016,23.72754669189453,17.463762283325195,0.7638884808063571,1.135238528251648,162.80747985839844,0.375,1.0,0.0,1.0,0.0,0.0,-0.01563177816569805,0.2225470393896103,0.0,0.2455821931362152,0.24884022772312164,0.25209715962409973,-1.518477201461792,-1.51234769821167,-1.5062220096588135,0.0,1.0
20480,20,6,197.33504711939918,167.0,-0.002121699467534199,67.57637948989868,-0.27985913008451463,0.0017784448500606231,0.0125244140625,0.4365579418838024,99.54186363220215,8.822257041931152,9.120928764343262,36.801536560058594,19.40916633605957,27.97928237915039,14.657057762145996,0.7791668112944132,0.925051748752594,131.78866577148438,0.175,1.0,0.0,1.0,0.0,0.0,-0.019469445571303368,0.22343023121356964,0.0,0.2452264279127121,0.24940825998783112,0.25182756781578064,-1.5191476345062256,-1.5112929344177246,-1.5067282915115356,0.0,1.0
21504,21,7,184.20487534549102,165.42857142857142,-0.003218355937860906,50.33427362442016,-0.2755271434783936,0.003346137273183558,0.0280029296875,0.44786200635135176,85.63144454956054,9.160786628723145,7.342755317687988,32.7158203125,20.40349769592285,23.555034637451172,20.009552001953125,0.8704883411721113,1.0361475944519043,204.13671875,0.375,1.0,0.0,1.0,0.0,0.0,-0.018513424322009087,0.224341481924057,0.0,0.24493853747844696,0.24984371662139893,0.2532081604003906,-1.5196900367736816,-1.5104408264160156,-1.5041359663009644,0.0,1.0
22528,22,6,191.66437131550558,166.66666666666666,-0.005818115337751806,53.41875047683716,-0.2750624820590019,0.004594124661525712,0.035205078125,0.43392572849988936,75.75143451690674,7.907375335693359,8.4497709274292,34.04829025268555,21.907032012939453,26.14091682434082,18.008541107177734,0.851227450936887,0.7572869658470154,106.89399719238281,0.25,1.0,0.0,1.0,0.0,0.0,-0.016844995319843292,0.2255258858203888,0.0,0.24559827148914337,0.24958671629428864,0.2522736191749573,-1.518446922302246,-1.5109601020812988,-1.5058906078338623,0.0,1.0
23552,23,5,161.46451006362304,154.0,-0.002014893211890012,59.601071739196776,-0.2760835111141205,0.0025446711530094034,0.012451171875,0.39773973599076273,63.228689956665036,6.241104602813721,10.081990242004395,33.79081726074219,23.452030181884766,27.549713134765625,19.832414627075195,0.8151873567294716,0.6115227937698364,91.00462341308594,0.15,1.0,0.0,1.0,0.0,0.0,-0.007106069941073656,0.2283947914838791,0.0,0.2469014972448349,0.24966800212860107,0.25314101576805115,-1.5159924030303955,-1.5108109712600708,-1.5042619705200195,0.0,1.0
24576,24,7,183.97563205795035,169.14285714285714,-0.003721095062792301,47.115172386169434,-0.2746496044099331,0.003972766955848783,0.0355224609375,0.49318516030907633,71.87067565917968,6.370469093322754,9.055477142333984,31.562091827392578,26.059511184692383,25.19162368774414,23.006134033203125,0.8792491455351776,0.9159469604492188,129.60354614257812,0.475,1.0,0.0,1.0,0.0,0.0,-0.012831255793571472,0.2262507975101471,0.0,0.2477477788925171,0.25000011920928955,0.25348255038261414,-1.5143992900848389,-1.510161280632019,-1.503620982170105,0.0,1.0
25600,25,8,137.59610071463774,145.25,-0.0038537680520676076,72.15152978897095,-0.27388510555028917,0.002180076095100958,0.0302001953125,0.45832569859921934,78.70882358551026,6.936714172363281,11.797225952148438,34.691062927246094,28.49689483642578,27.75434684753418,26.35321807861328,0.8286181920700282,0.9947476983070374,181.11965942382812,0.45,1.0,0.0,1.0,0.0,0.0,-0.015228244476020336,0.22249923646450043,0.0,0.24836862087249756,0.24973388016223907,0.25153079628944397,-1.5132309198379517,-1.5106772184371948,-1.5072858333587646,0.0,1.0
26624,26,7,180.56333195040574,155.85714285714286,-0.004933472734410316,52.50387926101685,-0.2726163923740387,0.002579116633569356,0.0293212890625,0.5000620171427727,73.4320912361145,7.922211647033691,8.657090187072754,29.3812255859375,28.74906349182129,21.459012985229492,29.20026397705078,0.9093231369923038,1.1185327768325806,216.6348114013672,0.425,1.0,0.0,1.0,0.0,0.0,-0.02040598727762699,0.22553329169750214,0.0,0.2504599690437317,0.2509562075138092,0.2512493133544922,-1.5092980861663818,-1.5083693265914917,-1.507814645767212,0.0,1.0
27648,27,6,219.4739832642656,166.0,-0.003355298610404134,35.63731260299683,-0.2648848660290241,0.0031877247500233354,0.026220703125,0.529142751544714,82.01274700164795,7.385123252868652,7.080865859985352,36.071022033691406,22.744882583618164,28.68589973449707,20.337764739990234,0.9030818012903475,0.849052906036377,188.33544921875,0.475,1.0,0.0,1.0,0.0,0.0,-0.02036874182522297,0.22741448879241943,0.0,0.25046005845069885,0.2520139217376709,0.2537708878517151,-1.5092978477478027,-1.5063871145248413,-1.503079891204834,0.0,1.0
28672,28,5,191.78569778899345,170.4,-0.004191676151822321,54.49367351531983,-0.2614725768566132,0.005073551779787522,0.028759765625,0.4669756140559912,127.35460395812989,8.213001251220703,10.417951583862305,30.63922119140625,29.64236831665039,22.426218032836914,30.039833068847656,0.8764795316173144,0.8887355327606201,266.52587890625,0.325,1.0,0.0,1.0,0.0,0.0,-0.032225679606199265,0.22578983008861542,0.0,0.2494846135377884,0.25217196345329285,0.25496983528137207,-1.511131763458252,-1.5060969591140747,-1.5008306503295898,0.0,1.0
29696,29,8,159.97364287024203,140.375,-0.002878579229582101,54.17182292938232,-0.2623290576040745,0.0020444632289581934,0.0186767578125,0.5277544546872377,77.45786466598511,8.107828140258789,7.803726673126221,44.02360916137695,22.991390228271484,35.91577911376953,19.39292335510254,0.8847943704153658,0.8898488879203796,103.81536102294922,0.5,1.0,0.0,1.0,0.0,0.0,-0.033617597073316574,0.22384193539619446,0.0,0.25108999013900757,0.25179171562194824,0.25301796197891235,-1.508113980293274,-1.5067863464355469,-1.504492998123169,0.0,1.0
30720,30,5,208.56698719569127,161.0,-0.0025221082381904126,35.0048996925354,-0.26282063871622086,0.0020637587818782776,0.0204833984375,0.4442883402109146,78.55141334533691,7.43834114074707,6.398697376251221,43.40113830566406,20.13982391357422,35.962799072265625,18.054664611816406,0.8990580142613916,0.9034241437911987,180.34544372558594,0.25,1.0,0.0,1.0,0.0,0.0,-0.03441072627902031,0.22572161257266998,0.0,0.250821053981781,0.25219738483428955,0.2546112537384033,-1.5086193084716797,-1.5060311555862427,-1.5015032291412354,0.0,1.0
31744,31,7,176.59176909646516,154.85714285714286,-0.003433423093520105,68.29811449050904,-0.2625605396926403,0.004661864208173938,0.01669921875,0.47292324583977463,97.27891750335694,8.518707275390625,10.356663703918457,44.265628814697266,28.596210479736328,35.74692153930664,27.050426483154297,0.8688335391994331,0.9109886884689331,165.20912170410156,0.4,1.0,0.0,1.0,0.0,0.0,-0.03451589494943619,0.22803834080696106,0.0,0.2491220086812973,0.2516060471534729,0.25465571880340576,-1.5118136405944824,-1.507156491279602,-1.5014197826385498,0.0,1.0
32768,32,7,204.17735252551321,156.71428571428572,-0.003990318288560957,29.92471103668213,-0.26566462963819504,0.005543853415292688,0.0297119140625,0.410165149718523,65.82467527389527,5.755549430847168,7.138399124145508,43.46669387817383,20.908233642578125,37.711143493652344,17.94989585876465,0.8834353245713085,0.9805667996406555,125.45925903320312,0.175,1.0,0.0,1.0,0.0,0.0,-0.03556140884757042,0.22345316410064697,0.0,0.24738585948944092,0.2513888478279114,0.25370609760284424,-1.515080451965332,-1.5075417757034302,-1.5032014846801758,0.0,1.0
33792,33,7,178.42068168979492,160.0,-0.00392060421872884,42.779424619674685,-0.26856245175004007,0.00206478391046403,0.0424560546875,0.5381638433784246,85.78129053115845,8.032821655273438,8.200960159301758,33.43052673339844,29.99843406677246,25.397706985473633,31.064668655395508,0.9252635937337979,1.0545742511749268,261.6352844238281,0.425,1.0,0.0,1.0,0.0,0.0,-0.03651044890284538,0.22508807480335236,0.0,0.24461664259433746,0.25002574920654297,0.2538226544857025,-1.5202968120574951,-1.5101064443588257,-1.50298273563385,0.0,1.0
34816,34,8,174.61609221178918,152.0,-0.003393290500389412,48.43640270233154,-0.27490399703383445,0.0028654340392677115,0.0303955078125,0.4611681383103132,71.9817123413086,4.5974907875061035,10.528044700622559,43.01456069946289,29.07865333557129,38.41706848144531,27.052717208862305,0.8689168618284319,0.9309539794921875,152.04025268554688,0.375,1.0,0.0,1.0,0.0,0.0,-0.04193209484219551,0.2301235795021057,0.0,0.24499864876270294,0.24985921382904053,0.2547447979450226,-1.5195767879486084,-1.5104217529296875,-1.5012527704238892,0.0,1.0
35840,35,4,232.30372714357563,179.0,-0.001971810759278014,46.14862761497498,-0.27485471367836,0.0029766581181320364,0.0135009765625,0.4646109603345394,157.31550760269164,6.1634955406188965,12.115200996398926,32.12964630126953,32.02391815185547,25.966148376464844,32.48801803588867,0.8568759982174693,0.857029378414154,514.2810668945312,0.4,1.0,0.0,1.0,0.0,0.0,-0.04882745072245598,0.22946029901504517,0.0,0.24456623196601868,0.24951179325580597,0.2544344663619995,-1.520391821861267,-1.5110856294631958,-1.5018348693847656,0.0,1.0
36864,36,4,184.5473620438754,173.5,-0.003653296153061092,51.99507360458374,-0.27736649066209795,0.0033419169645640067,0.03212890625,0.48237173855304716,75.60603055953979,8.648618698120117,6.850766658782959,54.04651641845703,22.008071899414062,45.39789581298828,21.805055618286133,0.9031021043720435,1.144158959388733,130.5167999267578,0.375,1.0,0.0,1.0,0.0,0.0,-0.03309844061732292,0.22716641426086426,0.0,0.24523547291755676,0.24917979538440704,0.25253093242645264,-1.5191304683685303,-1.511726975440979,-1.5054073333740234,0.0,1.0
37888,37,8,229.26899094030927,177.375,-0.0023700971680227665,48.957321643829346,-0.27659938856959343,0.004014689188625198,0.0316162109375,0.44816567935049534,104.38804206848144,8.414252281188965,8.865447998046875,45.75750732421875,28.125709533691406,37.34325408935547,27.84128189086914,0.900643941745184,0.782440721988678,278.9291687011719,0.35,1.0,0.0,1.0,0.0,0.0,-0.04281910881400108,0.22605283558368683,0.0,0.24500815570354462,0.2499779462814331,0.2549058198928833,-1.5195589065551758,-1.510227084159851,-1.5009506940841675,0.0,1.0
38912,38,8,184.8022695975298,163.75,-0.0037586652324534953,49.83940596580506,-0.272931894659996,0.003681966339354403,0.0348388671875,0.46435797214508057,109.57765121459961,2.7727818489074707,12.270429611206055,42.03291702270508,27.2112979888916,39.260135650634766,25.055042266845703,0.796660810050632,1.0882784128189087,306.84808349609375,0.35,1.0,0.0,1.0,0.0,0.0,-0.044948697090148926,0.22735358774662018,0.0,0.24427644908428192,0.2501843571662903,0.25611069798469543,-1.5209381580352783,-1.5098185539245605,-1.4986916780471802,0.0,1.0
39936,39,5,126.28386879232127,151.8,-0.0030993619526270776,78.00763673782349,-0.2735589250922203,0.003914855445327703,0.01435546875,0.43167698532342913,104.6627652168274,0.42378270626068115,15.100975036621094,39.490718841552734,32.46620559692383,39.06693649291992,30.056486129760742,0.7836549653780704,0.7029679417610168,208.05320739746094,0.25,1.0,0.0,1.0,0.0,0.0,-0.03844601288437843,0.22595076262950897,0.0,0.24277400970458984,0.24972911179065704,0.2552745044231415,-1.5237716436386108,-1.5107016563415527,-1.5002593994140625,0.0,1.0
40960,40,6,193.51654393587,171.66666666666666,-0.005409373831935227,28.013201999664307,-0.274599964171648,0.006720300638698972,0.0597900390625,0.5779119811952114,60.243552160263064,4.432404518127441,8.14666748046875,34.88561248779297,32.34257507324219,30.453208923339844,32.93910217285156,0.9365530450449454,1.150774598121643,172.11270141601562,0.6,1.0,0.0,1.0,0.0,0.0,-0.042989253997802734,0.22848127782344818,0.0,0.2428736835718155,0.2500818073749542,0.25559142231941223,-1.5235835313796997,-1.5100135803222656,-1.4996651411056519,0.0,1.0
41984,41,5,189.36650618879614,181.0,-0.0029344807553570718,41.45540156364441,-0.2738764859735966,0.0022134485887363555,0.0235107421875,0.49009832702577116,90.79748659133911,7.017063140869141,9.932246208190918,36.94886779785156,35.27592086791992,29.931804656982422,36.291282653808594,0.9207246319122312,0.8324653506278992,219.62777709960938,0.4,1.0,0.0,1.0,0.0,0.0,-0.03823927789926529,0.22774828970432281,0.0,0.24315401911735535,0.24967412650585175,0.2552749514579773,-1.5230547189712524,-1.5107923746109009,-1.500258445739746,0.0,1.0
43008,42,6,217.29888119563103,178.5,-0.0028853587340563537,28.474002885818482,-0.27960651069879533,0.003167518427653704,0.0208251953125,0.46289835684001446,104.33943748474121,6.9126362800598145,7.99682092666626,36.86327362060547,30.14876937866211,29.950637817382812,32.102874755859375,0.9296449068302581,0.8207602500915527,314.2276611328125,0.375,1.0,0.0,1.0,0.0,0.0,-0.038291770964860916,0.22645686566829681,0.0,0.24100910127162933,0.2480260282754898,0.2543278932571411,-1.5271027088165283,-1.5138945579528809,-1.5020347833633423,0.0,1.0
44032,43,3,183.87162991099407,180.66666666666666,-0.0026577940792776645,41.05245509147644,-0.28759177699685096,0.004317390655342024,0.0201171875,0.437364661693573,103.66210479736328,3.8924877643585205,11.60146713256836,35.50032043457031,33.86635208129883,31.607830047607422,31.536462783813477,0.8826483893829722,0.8736998438835144,287.2586669921875,0.35,1.0,0.0,1.0,0.0,0.0,-0.031557515263557434,0.22646856307983398,0.0,0.2399752140045166,0.24709613621234894,0.2545936703681946,-1.5290553569793701,-1.515628695487976,-1.5015361309051514,0.0,1.0
45056,44,8,216.92294147797455,195.875,-0.0027511689462698997,24.448713397979738,-0.2940402738749981,0.0010910915676504373,0.01826171875,0.4038822416216135,114.14699249267578,6.786312580108643,7.2066545486450195,37.808074951171875,29.10835838317871,31.02176284790039,30.793851852416992,0.9387040198276347,0.7649465203285217,365.2396240234375,0.275,1.0,0.0,1.0,0.0,0.0,-0.0377042256295681,0.22636494040489197,0.0,0.23842419683933258,0.24549688398838043,0.25305256247520447,-1.5319864749908447,-1.5186710357666016,-1.5044280290603638,0.0,1.0
46080,45,6,173.44274970251294,163.5,-0.002434204879682511,33.84463562965393,-0.29892937242984774,0.004844363483425695,0.0218017578125,0.5232132077217102,73.58406219482421,5.215366840362549,9.116625785827637,41.489463806152344,32.427642822265625,36.27409744262695,30.90870475769043,0.9209617241203697,0.9853396415710449,155.5487518310547,0.475,1.0,0.0,1.0,0.0,0.0,-0.04446679353713989,0.2242477834224701,0.0,0.2394852340221405,0.24603961408138275,0.2535940706729889,-1.529981017112732,-1.517611026763916,-1.5034116506576538,0.0,1.0
47104,46,6,186.15617388280046,167.83333333333334,-0.0035215842653997242,35.187018632888794,-0.29572124406695366,0.0028275696400669403,0.03740234375,0.5286995459347963,83.4184208869934,1.7584089040756226,10.881406784057617,50.35137176513672,30.274099349975586,48.59296417236328,23.992502212524414,0.8708103536731612,1.0465036630630493,184.82553100585938,0.5,1.0,0.0,1.0,0.0,0.0,-0.04804736375808716,0.22485391795635223,0.0,0.23844334483146667,0.2459089159965515,0.25606992840766907,-1.5319502353668213,-1.5178966522216797,-1.4987680912017822,0.0,1.0
48128,47,5,198.3671002133261,174.6,-0.0025613877922296526,24.93350806236267,-0.29565691724419596,0.004857613919011783,0.013623046875,0.4525776099413633,68.43457431793213,4.99818229675293,7.625858783721924,54.75576400756836,25.624948501586914,49.75758361816406,24.792678833007812,0.9114371753624458,0.700167715549469,149.37318420410156,0.35,1.0,0.0,1.0,0.0,0.0,-0.05319153890013695,0.21844105422496796,0.0,0.23899060487747192,0.24641366302967072,0.25654181838035583,-1.5309157371520996,-1.5169538259506226,-1.4978837966918945,0.0,1.0
49152,48,6,230.6045631137439,199.33333333333334,-0.0034624104388058185,25.50119285583496,-0.29213312417268755,0.0013318943267222494,0.0223876953125,0.4793954685330391,79.9041591644287,3.6104822158813477,8.953718185424805,46.393741607666016,33.24724578857422,42.78325653076172,31.969600677490234,0.9274737020810356,0.9551993608474731,217.68893432617188,0.35,1.0,0.0,1.0,0.0,0.0,-0.051678966730833054,0.22258122265338898,0.0,0.24047806859016418,0.24698849022388458,0.2585362493991852,-1.5281054973602295,-1.5158672332763672,-1.4941481351852417,0.0,1.0
50176,49,6,143.6227817168311,162.83333333333334,-0.0041229414055123925,62.76499633789062,-0.29231631234288213,0.006041189545067027,0.043505859375,0.5286708328872919,113.08685789108276,-1.1962612867355347,14.111351013183594,46.22038269042969,33.8961067199707,47.41664505004883,30.04522132873535,0.8266844280315421,1.1443610191345215,268.5746154785156,0.425,1.0,0.0,1.0,0.0,0.0,-0.03641432896256447,0.22005479037761688,0.0,0.2389276921749115,0.24631553888320923,0.25864851474761963,-1.5310347080230713,-1.5171445608139038,-1.4939379692077637,0.0,1.0
51200,50,5,195.72149012160904,184.2,-0.00418621672433801,22.059487676620485,-0.29455492421984675,0.004435264854691923,0.0258544921875,0.46270637921988966,81.55706787109375,1.0241475105285645,8.866300582885742,47.01752853393555,36.38322448730469,45.99338150024414,33.01504898071289,0.9406142116305664,0.9665907621383667,233.7512664794922,0.3,1.0,0.0,1.0,0.0,0.0,-0.0302224550396204,0.223220556974411,0.0,0.239962637424469,0.24644547700881958,0.25787314772605896,-1.5290790796279907,-1.5168646574020386,-1.495389699935913,0.0,1.0
52224,51,6,176.9529036437697,162.66666666666666,-0.0026263675070367755,24.233201718330385,-0.2910368166863918,0.00475230024458142,0.0383544921875,0.5541705191135406,85.15612487792968,1.5567774772644043,9.681196212768555,49.62495803833008,33.10594177246094,48.068180084228516,31.970497131347656,0.9144842369134792,1.0420632362365723,229.21778869628906,0.65,1.0,0.0,1.0,0.0,0.0,-0.03820457682013512,0.22212199866771698,0.0,0.24095870554447174,0.2474498152732849,0.25837045907974243,-1.5271978378295898,-1.5150126218795776,-1.4944584369659424,0.0,1.0
53248,52,7,162.222334642118,166.14285714285714,-0.004448667215183377,47.64129252433777,-0.2889159135520458,0.005399363551987335,0.0484619140625,0.4602812498807907,88.38102293014526,3.9104583263397217,11.747143745422363,54.39252853393555,36.036075592041016,50.48207092285156,34.966854095458984,0.8937351755747355,1.0727455615997314,260.81414794921875,0.275,1.0,0.0,1.0,0.0,0.0,-0.04603619500994682,0.22290560603141785,0.0,0.24082571268081665,0.24704326689243317,0.25806155800819397,-1.5274488925933838,-1.5157712697982788,-1.4950368404388428,0.0,1.0
54272,53,7,216.28769246793885,187.71428571428572,-0.00241631610551849,22.865758895874023,-0.29147802367806436,0.004117181549372617,0.0212646484375,0.496448840200901,48.16149306297302,1.7569377422332764,8.506391525268555,51.17410659790039,28.10802459716797,49.417171478271484,25.607505798339844,0.9084137859537647,0.9196324944496155,82.48076629638672,0.425,1.0,0.0,1.0,0.0,0.0,-0.0546414740383625,0.22038257122039795,0.0,0.23871038854122162,0.24677087366580963,0.25692370533943176,-1.5314453840255737,-1.5162500143051147,-1.4971680641174316,0.0,1.0
55296,54,5,161.3719856848323,165.8,-0.0035731086623854934,25.211015582084656,-0.2924666225910187,0.002636354997230228,0.020361328125,0.4613176640123129,91.57268543243408,-1.0472807884216309,10.087519645690918,49.0543212890625,34.52144241333008,50.10160446166992,31.19092559814453,0.914613171546345,0.7813069224357605,213.3780517578125,0.45,1.0,0.0,1.0,0.0,0.0,-0.03875862807035446,0.22049923241138458,0.0,0.23973262310028076,0.24652163684368134,0.25743457674980164,-1.5295135974884033,-1.5167298316955566,-1.496211051940918,0.0,1.0
56320,55,4,187.32296091184804,173.75,-0.0022859051590785385,16.574770402908324,-0.2938916139304638,0.0016696184538886882,0.0182373046875,0.4535784348845482,63.94615836143494,1.6631710529327393,7.52360200881958,53.15222930908203,34.558799743652344,51.48906326293945,33.47859573364258,0.9526048005159927,0.786622166633606,190.43942260742188,0.4,1.0,0.0,1.0,0.0,0.0,-0.02992835082113743,0.2217644304037094,0.0,0.23967160284519196,0.24633143842220306,0.25690996646881104,-1.5296289920806885,-1.5171087980270386,-1.4971938133239746,0.0,1.0
57344,56,6,207.11225997410202,196.16666666666666,-0.002883269893936813,30.915033054351806,-0.2967725060880184,0.001410842570476234,0.0242431640625,0.5201127734035254,108.93548526763917,3.987946033477783,11.181318283081055,42.17988967895508,35.35997009277344,38.19194030761719,38.31672668457031,0.9000086849344581,0.9783055186271667,282.466796875,0.45,1.0,0.0,1.0,0.0,0.0,-0.039972323924303055,0.22036395967006683,0.0,0.23834773898124695,0.24546480178833008,0.2553239166736603,-1.5321309566497803,-1.5187125205993652,-1.500166654586792,0.0,1.0
58368,57,8,195.6923450963099,193.375,-0.0031526591861620545,26.929774737358095,-0.3027592532336712,0.0024522728112060578,0.025,0.47794323563575747,114.47427816390991,3.451645851135254,10.86157512664795,35.172054290771484,41.45985412597656,31.720407485961914,43.02534866333008,0.9313674524620332,0.8508260846138,444.0454406738281,0.475,1.0,0.0,1.0,0.0,0.0,-0.04687473177909851,0.22115114331245422,0.0,0.23710426688194275,0.2440040111541748,0.2531972825527191,-1.534482479095459,-1.5214604139328003,-1.5041563510894775,0.0,1.0
59392,58,2,146.96604880712158,140.0,-0.003629387717228383,40.32590842247009,-0.31117036640644075,0.0021615903009660543,0.027880859375,0.48096711598336694,105.14576597213745,-0.8351955413818359,12.354453086853027,55.32582092285156,31.341184616088867,56.16101837158203,28.054433822631836,0.8446124628272896,0.9131244421005249,207.44937133789062,0.35,1.0,0.0,1.0,0.0,0.0,-0.03496529534459114,0.21862711012363434,0.0,0.23500069975852966,0.24289236962795258,0.2520500421524048,-1.5384635925292969,-1.5235886573791504,-1.5063104629516602,0.0,1.0
60416,59,6,225.70213401649843,199.5,-0.0028441682807169855,23.722732853889465,-0.3166598118841648,0.004539887236023788,0.0279052734375,0.5060571223497391,73.50313892364503,3.93312406539917,8.32695198059082,57.70426940917969,34.771385192871094,53.771141052246094,35.00168991088867,0.9426506962280625,0.8752714395523071,201.02320861816406,0.55,1.0,0.0,1.0,0.0,0.0,-0.044079702347517014,0.2209891378879547,0.0,0.23423458635807037,0.24188309907913208,0.25056302547454834,-1.539914608001709,-1.5254708528518677,-1.5091042518615723,0.0,1.0
61440,60,4,200.0662466159008,194.0,-0.0033998144121142105,22.449952602386475,-0.3199772395193577,0.0035823137426632457,0.024462890625,0.4946859862655401,114.23161344528198,6.582746505737305,8.338483810424805,32.45535659790039,32.33845138549805,25.872608184814453,35.47852325439453,0.933513149939069,0.8781485557556152,392.13726806640625,0.425,1.0,0.0,1.0,0.0,0.0,-0.060966622084379196,0.21746103465557098,0.0,0.2320418804883957,0.24180692434310913,0.2507554590702057,-1.5440700054168701,-1.525612473487854,-1.5087426900863647,0.0,1.0
62464,61,4,313.1928044699629,274.0,-0.004241770715452731,19.873193526268004,-0.3205509550869465,0.004913024909910746,0.0375732421875,0.47016587741672994,63.819575500488284,1.9746476411819458,7.94913911819458,57.23884582519531,33.77330780029297,55.26419448852539,32.6269416809082,0.9446021348923209,1.0193883180618286,155.63026428222656,0.425,1.0,0.0,1.0,0.0,0.0,-0.04074322432279587,0.2137104868888855,0.0,0.2312658429145813,0.24155785143375397,0.2497072070837021,-1.5455416440963745,-1.5260885953903198,-1.5107131004333496,0.0,1.0
63488,62,7,174.6270381531695,184.71428571428572,-0.0031113994191400707,19.411896061897277,-0.32248450294137,0.0032280938045005313,0.0131103515625,0.4472188975661993,67.61963129043579,2.4405412673950195,8.205414772033691,47.4755859375,38.51262283325195,45.03504180908203,37.034175872802734,0.9546063773945541,0.9812290072441101,211.5143585205078,0.35,1.0,0.0,1.0,0.0,0.0,-0.04023208096623421,0.2160889208316803,0.0,0.23251037299633026,0.24120531976222992,0.25007691979408264,-1.5431817770004272,-1.5267696380615234,-1.5100181102752686,0.0,1.0
64512,63,4,225.3194041232493,202.25,-0.0038734552450478076,25.816471695899963,-0.32133817225694655,0.0055810378515161576,0.0373291015625,0.42396582998335364,97.75242156982422,1.131514072418213,9.863150596618652,50.148494720458984,34.26148986816406,49.0169792175293,34.43041229248047,0.91712588709243,0.9701287150382996,304.62933349609375,0.275,1.0,0.0,1.0,0.0,0.0,-0.033136386424303055,0.21534739434719086,0.0,0.23526637256145477,0.24212844669818878,0.24931080639362335,-1.5379606485366821,-1.5249977111816406,-1.5114586353302002,0.0,1.0
65536,64,6,236.715613203245,210.83333333333334,-0.004580909875221551,17.42330071926117,-0.3191366851329803,0.005908157948579173,0.0333984375,0.4672574423253536,63.55305738449097,2.7202610969543457,7.728457450866699,56.53894805908203,36.79718017578125,53.818687438964844,36.84638214111328,0.9558880239894433,1.0590368509292603,144.80233764648438,0.425,1.0,0.0,1.0,0.0,0.0,-0.052524734288454056,0.21323783695697784,0.0,0.2362482100725174,0.24150872230529785,0.24763190746307373,-1.5361021757125854,-1.5261883735656738,-1.5146173238754272,0.0,1.0
66560,65,6,198.62498622333695,181.0,-0.0038405748433433472,38.677572059631345,-0.3225196018815041,0.005356091209978331,0.0390869140625,0.5023823920637369,88.15367579460144,0.01845914125442505,11.783413887023926,59.36669921875,33.066184997558594,59.34823989868164,29.084062576293945,0.8730086479934898,0.8646305203437805,203.5458984375,0.55,1.0,0.0,1.0,0.0,0.0,-0.04642575979232788,0.21450494229793549,0.0,0.23539389669895172,0.24154184758663177,0.24892465770244598,-1.5377192497253418,-1.5260974168777466,-1.5121848583221436,0.0,1.0
67584,66,5,218.9965846719023,182.2,-0.003826839197427034,21.523811054229736,-0.3213142342865467,0.005422579476726241,0.0315673828125,0.43067145608365537,75.73410367965698,2.0987966060638428,9.674175262451172,62.29163360595703,33.67369842529297,60.19283676147461,33.70685577392578,0.9174634542283613,0.7374845147132874,211.9866180419922,0.35,1.0,0.0,1.0,0.0,0.0,-0.03346981480717659,0.2093273550271988,0.0,0.234431192278862,0.24145551025867462,0.24990808963775635,-1.5395421981811523,-1.5262703895568848,-1.5103354454040527,0.0,1.0
68608,67,5,226.2204555458418,193.8,-0.0027841814327985047,15.166859674453736,-0.32138027548789977,0.0017177144385641442,0.02822265625,0.4822352048009634,66.40683765411377,0.27722224593162537,7.677513599395752,51.651695251464844,36.39211654663086,51.374473571777344,35.823978424072266,0.9554931827498403,1.0921810865402222,166.3477020263672,0.3,1.0,0.0,1.0,0.0,0.0,-0.029555201530456543,0.21358878910541534,0.0,0.23357948660850525,0.24169933795928955,0.25161436200141907,-1.5411555767059326,-1.5258203744888306,-1.5071288347244263,0.0,1.0
69632,68,7,194.26162424975334,176.71428571428572,-0.0030287937726825474,20.114827597141264,-0.32033851072192193,0.004199692631664221,0.0359375,0.46312498636543753,50.60774216651917,1.477459192276001,8.475515365600586,52.963260650634766,36.993072509765625,51.485801696777344,36.71303176879883,0.9475082137752033,0.9811320304870605,108.93900299072266,0.35,1.0,0.0,1.0,0.0,0.0,-0.03322625532746315,0.2121916264295578,0.0,0.23341487348079681,0.241753950715065,0.25412461161613464,-1.5414674282073975,-1.5257459878921509,-1.5024161338806152,0.0,1.0
70656,69,3,195.16655551894667,207.66666666666666,-0.004296797624556347,15.179082798957825,-0.31985459178686143,0.002713899433729239,0.0364990234375,0.5052175343036651,99.82367401123047,0.9563173651695251,8.938225746154785,45.62834167480469,36.1821403503418,44.672027587890625,36.9555778503418,0.9389741213086505,0.7237880825996399,345.3355712890625,0.6,1.0,0.0,1.0,0.0,0.0,-0.02122105471789837,0.21403677761554718,0.0,0.23363232612609863,0.24199843406677246,0.2535940110683441,-1.54105544090271,-1.5252772569656372,-1.5034117698669434,0.0,1.0
71680,70,6,217.8300515846109,215.83333333333334,-0.0019585279806051403,21.904326391220092,-0.3219234623014927,0.0011818832921562717,0.0215087890625,0.4859949178993702,83.13161444664001,0.5835428237915039,9.673564910888672,47.780574798583984,44.54622268676758,47.19702911376953,45.622745513916016,0.9528424420675036,0.9204826951026917,191.87200927734375,0.425,1.0,0.0,1.0,0.0,0.0,-0.017311707139015198,0.21390557289123535,0.0,0.22975344955921173,0.24072308838367462,0.2524093687534332,-1.548411250114441,-1.5276731252670288,-1.5056357383728027,0.0,1.0
72704,71,6,179.37886489148255,204.16666666666666,-0.0033037025306839494,21.775576639175416,-0.330255962908268,0.0041434728875174185,0.0300048828125,0.4909960675984621,101.8662344455719,2.1994593143463135,10.241659164428711,29.891189575195312,46.405948638916016,27.691730499267578,49.862545013427734,0.9512927895960464,0.9332848191261292,384.23681640625,0.475,1.0,0.0,1.0,0.0,0.0,-0.02683412842452526,0.2130516767501831,0.0,0.22739604115486145,0.23920445144176483,0.25197067856788635,-1.552888035774231,-1.5305380821228027,-1.5064594745635986,0.0,1.0
73728,72,1,233.45628787620365,229.0,-0.0032385771977715195,23.159595727920532,-0.3389056116342545,0.003567397833103314,0.03974609375,0.5316216543316841,62.37100338935852,1.5454033613204956,8.405309677124023,56.09590148925781,39.95853042602539,54.550498962402344,39.18777847290039,0.9557525242490804,0.8582931160926819,141.22132873535156,0.575,1.0,0.0,1.0,0.0,0.0,-0.02415548823773861,0.211648628115654,0.0,0.2237778902053833,0.2377396672964096,0.25263217091560364,-1.5597681999206543,-1.533327579498291,-1.5052173137664795,0.0,1.0
74752,73,5,207.61206999415043,210.8,-0.0034692490473389624,41.47434318065643,-0.34271733462810516,0.00381458600750193,0.0303955078125,0.48708677254617216,191.41335906982422,5.140237808227539,12.975327491760254,54.87073516845703,41.59942626953125,49.730499267578125,46.425262451171875,0.9027113965509432,0.8598620891571045,518.6672973632812,0.45,1.0,0.0,1.0,0.0,0.0,-0.0030078820418566465,0.21370626986026764,0.0,0.22566688060760498,0.23817183077335358,0.2505093216896057,-1.5561747550964355,-1.5325241088867188,-1.5092052221298218,0.0,1.0
75776,74,5,268.61313669600145,242.4,-0.0036588416900485755,28.10885343551636,-0.34215026050806047,0.003209376966697164,0.045166015625,0.5286498833447695,220.47889375686646,4.010842800140381,11.301918983459473,33.33222198486328,50.625980377197266,29.321378707885742,54.408363342285156,0.9501623541054213,1.0715793371200562,798.8163452148438,0.5,1.0,0.0,1.0,0.0,0.0,-0.0034218188375234604,0.2111893743276596,0.0,0.22628386318683624,0.23732656240463257,0.25012457370758057,-1.5550017356872559,-1.534098505973816,-1.5099284648895264,0.0,1.0
76800,75,2,531.8190777658134,418.0,-0.007198654860258102,59.36522092819214,-0.34856121614575386,0.00617365440557478,0.0807373046875,0.5766658566892147,233.09208450317382,8.921483993530273,13.294002532958984,28.259098052978516,50.25088119506836,19.337615966796875,58.45404052734375,0.930011909043256,1.0159178972244263,571.9015502929688,0.6,1.0,0.0,1.0,0.0,0.0,-9.776768274605274e-05,0.21206629276275635,0.0,0.22457635402679443,0.23624639213085175,0.2513340711593628,-1.5582489967346191,-1.5361665487289429,-1.507655382156372,0.0,1.0
77824,76,6,236.5356094475875,224.33333333333334,-0.0033063542272429914,58.29696221351624,-0.35161980167031287,0.006287179799983278,0.0540771484375,0.439610394090414,155.54476766586305,4.35532808303833,13.58373737335205,51.6239013671875,47.88352966308594,47.26857376098633,49.80963897705078,0.9195240132504195,0.7322707176208496,349.7516174316406,0.325,1.0,0.0,1.0,0.0,0.0,-0.004610860720276833,0.20817603170871735,0.0,0.22546538710594177,0.23651249706745148,0.2524452805519104,-1.5565578937530518,-1.5356591939926147,-1.505568265914917,0.0,1.0
78848,77,2,384.43889532173733,328.5,-0.003727419488132,21.125672101974487,-0.34770418927073476,0.00472702500410378,0.031787109375,0.5004581294953823,116.96703143119812,-0.07199740409851074,9.659626007080078,63.61827087402344,36.205810546875,63.69027328491211,36.081520080566406,0.9288189983523705,1.3690695762634277,284.02545166015625,0.4,1.0,0.0,1.0,0.0,0.0,0.011516119353473186,0.21200332045555115,0.0,0.2274038940668106,0.23744432628154755,0.2551054358482361,-1.552873134613037,-1.5339202880859375,-1.500576376914978,0.0,1.0
79872,78,6,287.35958936422094,269.1666666666667,-0.003196684701833874,42.77333779335022,-0.34441748932003974,0.0010307637523510494,0.014892578125,0.4359432701021433,214.43301134109498,7.895716667175293,11.788527488708496,17.745058059692383,45.16358184814453,9.84934139251709,51.15842056274414,0.9318693601387205,0.6413887143135071,625.2948608398438,0.3,1.0,0.0,1.0,0.0,0.0,-0.0004855901061091572,0.21121586859226227,0.0,0.22843937575817108,0.2373332381248474,0.2549758553504944,-1.5509061813354492,-1.534097671508789,-1.500819444656372,0.0,1.0
80896,79,3,273.40330958098303,280.0,-0.0031738756224513054,22.756450724601745,-0.34582003206014633,0.001461951773671899,0.035595703125,0.45609337761998175,101.63708086013794,2.42275071144104,9.886576652526855,65.95834350585938,39.29713439941406,63.53559875488281,40.91143035888672,0.9367048969999292,0.6855596303939819,238.08837890625,0.35,1.0,0.0,1.0,0.0,0.0,-0.001768084242939949,0.2129177749156952,0.0,0.22746619582176208,0.2373315840959549,0.255442351102829,-1.5527547597885132,-1.5341148376464844,-1.4999446868896484,0.0,1.0
81920,80,6,219.13794340105633,220.66666666666666,-0.00314150174963288,57.04638781547546,-0.342903858423233,0.0011045550592825748,0.02666015625,0.4825347654521465,152.8541301727295,-0.8135957717895508,14.301270484924316,63.101016998291016,44.02372360229492,63.914608001708984,37.8150520324707,0.8944700668576211,0.9097523093223572,390.6665954589844,0.35,1.0,0.0,1.0,0.0,0.0,0.006176948081701994,0.21315133571624756,0.0,0.22662252187728882,0.2384493499994278,0.25656870007514954,-1.5543580055236816,-1.532004475593567,-1.497833251953125,0.0,1.0
82944,81,1,156.03794589235252,180.0,-0.0032985168159939348,11.563650417327882,-0.33839168921113016,0.0032783395479782486,0.022607421875,0.5145408190786839,43.490033864974976,2.384681224822998,5.9976701736450195,80.58114624023438,26.828128814697266,78.19646453857422,23.93065643310547,0.9500213770525987,1.1214770078659058,99.81851959228516,0.45,1.0,0.0,1.0,0.0,0.0,0.00687817158177495,0.21030306816101074,0.0,0.2262442708015442,0.23847077786922455,0.2571047842502594,-1.555077075958252,-1.531967043876648,-1.4968289136886597,0.0,1.0
83968,82,7,321.9554313893424,267.7142857142857,-0.004283346235752106,35.826198530197146,-0.3386361196637154,0.0037212988361716272,0.0272216796875,0.42460454888641835,148.34250164031982,0.9255598783493042,12.498953819274902,52.63590621948242,47.15867614746094,51.71034622192383,48.67656326293945,0.9297535796344695,0.8608014583587646,353.7410888671875,0.2,1.0,0.0,1.0,0.0,0.0,0.005019513890147209,0.2138102948665619,0.0,0.22734346985816956,0.23882251977920532,0.2562464475631714,-1.5529879331588745,-1.5313262939453125,-1.4984372854232788,0.0,1.0
84992,83,4,225.10051394748305,221.25,-0.0050168329093139615,18.00953335762024,-0.3365280024707317,0.0053280815132893625,0.0345458984375,0.4749945029616356,100.06831302642823,-0.29804253578186035,9.170207977294922,52.39766311645508,38.341583251953125,52.69570541381836,38.868492126464844,0.9427970706801742,0.8104285001754761,285.77734375,0.35,1.0,0.0,1.0,0.0,0.0,0.0106820585206151,0.2121249884366989,0.0,0.22597676515579224,0.2389339804649353,0.25792038440704346,-1.5555856227874756,-1.5310946702957153,-1.4953012466430664,0.0,1.0
86016,84,5,255.42856659954887,234.4,-0.0036821096553467216,74.73061847686768,-0.33762166276574135,0.0024420299479970707,0.0197021484375,0.5017717346549034,130.3461735725403,0.8688620328903198,15.109186172485352,53.30956268310547,47.321266174316406,52.440696716308594,49.16758346557617,0.8980541630342521,0.8412548899650574,368.7037658691406,0.575,1.0,0.0,1.0,0.0,0.0,0.012500000186264515,0.21407638490200043,0.0,0.22394905984401703,0.23844265937805176,0.2588098645210266,-1.5594425201416016,-1.5320568084716797,-1.493635892868042,0.0,1.0
87040,85,4,189.74603242069492,176.75,-0.005447472562082112,18.344059574604035,-0.34332400038838384,0.003643466356152203,0.0518310546875,0.5912926487624646,92.93053369522094,1.4234590530395508,9.113651275634766,53.13751220703125,35.795230865478516,51.714054107666016,38.8115234375,0.9351761926718695,1.0756199359893799,289.0193176269531,0.625,1.0,0.0,1.0,0.0,0.0,0.03235285356640816,0.21425597369670868,0.0,0.22190311551094055,0.23681068420410156,0.2556586265563965,-1.5633375644683838,-1.535138726234436,-1.4995391368865967,0.0,1.0
88064,86,6,240.59930301282122,197.16666666666666,-0.004955001245252788,14.523619294166565,-0.3533853977918625,0.0018826479397830553,0.044189453125,0.5312966629862785,75.67718868255615,2.5009446144104004,7.708705425262451,63.33251953125,38.0428466796875,60.83156967163086,38.886478424072266,0.9589401948081018,1.022626519203186,251.23672485351562,0.6,1.0,0.0,1.0,0.0,0.0,0.026494374498724937,0.21135972440242767,0.0,0.22074878215789795,0.23502743244171143,0.25260668992996216,-1.5655367374420166,-1.5384812355041504,-1.5052651166915894,0.0,1.0
89088,87,6,188.01855487610956,163.0,-0.0030230421805754306,67.66716279983521,-0.3614695116877556,0.001879074085445609,0.027783203125,0.4478799942880869,107.4407156944275,2.188000202178955,14.243252754211426,49.86420440673828,43.374149322509766,47.676204681396484,46.8582763671875,0.8921658363325842,0.8649336099624634,316.5504455566406,0.275,1.0,0.0,1.0,0.0,0.0,0.013046945445239544,0.20790018141269684,0.0,0.21952760219573975,0.23399706184864044,0.25096720457077026,-1.5678644180297852,-1.540415644645691,-1.5083447694778442,0.0,1.0
90112,88,4,280.8463615092825,237.5,-0.002788948907982558,27.076955366134644,-0.3641026109457016,0.0031740474645630457,0.0327880859375,0.4859599985182285,134.8875741004944,-2.4230430126190186,10.68616008758545,69.02749633789062,36.543739318847656,71.45054626464844,33.62900924682617,0.914489896035017,1.004233479499817,361.5732116699219,0.375,1.0,0.0,1.0,0.0,0.0,0.015154900960624218,0.21198320388793945,0.0,0.21998299658298492,0.23432211577892303,0.2501072883605957,-1.5669963359832764,-1.5398006439208984,-1.5099610090255737,0.0,1.0
91136,89,6,168.0746935685029,171.16666666666666,-0.00443607228808105,16.017977201938628,-0.3636567085981369,0.003495682716311421,0.034375,0.5131203170865775,115.50630145072937,-1.1819486618041992,8.563271522521973,61.54022979736328,35.93104934692383,62.72217559814453,34.122249603271484,0.9432011437591401,0.9533239603042603,433.8922119140625,0.525,1.0,0.0,1.0,0.0,0.0,0.017778931185603142,0.21204258501529694,0.0,0.22151969373226166,0.23381121456623077,0.24903817474842072,-1.5640679597854614,-1.540756344795227,-1.511971354484558,0.0,1.0
92160,90,6,243.05515092496924,216.5,-0.005107546312501654,23.745994400978088,-0.36486806422472,0.0033628320481511762,0.0355224609375,0.5019190039485693,98.64390435218812,1.7475217580795288,9.484527587890625,63.06452178955078,42.779117584228516,61.316993713378906,42.573402404785156,0.9508449914409058,0.8369982242584229,284.4231872558594,0.5,1.0,0.0,1.0,0.0,0.0,0.021810932084918022,0.21250157058238983,0.0,0.22385558485984802,0.23423407971858978,0.24622730910778046,-1.5596203804016113,-1.5399507284164429,-1.5172619819641113,0.0,1.0
93184,91,4,192.68487969441034,182.25,-0.003925933560822159,16.518664598464966,-0.3639105558395386,0.0020643393698264846,0.043701171875,0.4786385718733072,73.61459903717041,-0.20239675045013428,8.095166206359863,64.11575317382812,41.242271423339844,64.31814575195312,39.280242919921875,0.9614728966584901,1.0710855722427368,266.9072265625,0.375,1.0,0.0,1.0,0.0,0.0,0.017933253198862076,0.2089807093143463,0.0,0.22478492558002472,0.23379844427108765,0.24447619915008545,-1.5578521490097046,-1.5407886505126953,-1.5205615758895874,0.0,1.0
94208,92,6,264.76554594960186,219.83333333333334,-0.006461449165362865,30.024902868270875,-0.36522586569190024,0.00943189746758435,0.050927734375,0.5480789024382829,197.07022905349731,-0.2542884051799774,11.9835844039917,62.980125427246094,41.02028274536133,63.234413146972656,42.52326202392578,0.9146553802010625,0.8964313268661499,649.9853515625,0.625,1.0,0.0,1.0,0.0,0.0,0.013554147444665432,0.2098187655210495,0.0,0.22672735154628754,0.2341887354850769,0.24220676720142365,-1.5541588068008423,-1.540030837059021,-1.5248419046401978,0.0,1.0
95232,93,3,248.94759198534885,231.66666666666666,-0.0035387848038226366,32.614055442810056,-0.3628818720579147,0.0036602086474886164,0.0306396484375,0.49553065560758114,139.47461700439453,-2.0283589363098145,11.50510025024414,58.8148078918457,34.89698791503906,60.84316635131836,34.73202896118164,0.8913061685564698,1.114076018333435,346.0454406738281,0.35,1.0,0.0,1.0,0.0,0.0,0.01565268449485302,0.21099145710468292,0.0,0.22643765807151794,0.23412947356700897,0.24311763048171997,-1.5547094345092773,-1.5401426553726196,-1.5231233835220337,0.0,1.0
96256,94,6,213.03689902755272,197.0,-0.0036744258890394122,9.424073553085327,-0.3682309933006763,0.002725804840156343,0.02958984375,0.5540808416903019,77.08516283035279,0.9817562103271484,6.827229022979736,74.80860900878906,36.49769973754883,73.82685852050781,35.915164947509766,0.9650088718539255,1.1631819009780884,234.2932891845703,0.525,1.0,0.0,1.0,0.0,0.0,0.022193798795342445,0.21196773648262024,0.0,0.22349078953266144,0.23241595923900604,0.24103422462940216,-1.560314655303955,-1.5434004068374634,-1.527055263519287,0.0,1.0
97280,95,5,225.00324043236796,216.6,-0.003556447010487318,43.55430607795715,-0.375527236610651,0.005155255598947406,0.03369140625,0.45350657030940056,206.4492819786072,-3.0901317596435547,12.849946975708008,53.24660873413086,41.87548065185547,56.33674240112305,40.971580505371094,0.9058363963582076,0.7421355843544006,691.9401245117188,0.25,1.0,0.0,1.0,0.0,0.0,0.019595526158809662,0.2156621664762497,0.0,0.2222146838903427,0.2317945808172226,0.2414163053035736,-1.562744140625,-1.544554352760315,-1.5263338088989258,0.0,1.0
98304,96,5,167.12734445244692,170.2,-0.004021075554192066,23.515714967250823,-0.37887081652879717,0.00500478200847283,0.0304931640625,0.5336468130350113,155.44752988815307,-1.9097596406936646,10.27857494354248,56.87158966064453,41.149322509765625,58.781349182128906,39.33840560913086,0.9376063560978056,0.9718969464302063,519.7922973632812,0.525,1.0,0.0,1.0,0.0,0.0,0.026003479957580566,0.21601006388664246,0.0,0.21997550129890442,0.23104532063007355,0.24072064459323883,-1.5670106410980225,-1.5459728240966797,-1.5276473760604858,0.0,1.0
99328,97,6,216.3069557840514,189.0,-0.005882380751427263,40.19851763248444,-0.38555867969989777,0.004594749156967737,0.058935546875,0.5049133233726024,207.02598896026612,-2.205017328262329,13.855652809143066,61.32814025878906,43.172245025634766,63.53315353393555,46.59815216064453,0.8969982186137881,0.8214078545570374,594.8189086914062,0.475,1.0,0.0,1.0,0.0,0.0,0.022317925468087196,0.21279050409793854,0.0,0.21848884224891663,0.229165181517601,0.23779167234897614,-1.56984543800354,-1.5495644807815552,-1.5331823825836182,0.0,1.0
100352,98,6,156.0270371047536,171.66666666666666,-0.003929467895068229,12.47632292509079,-0.3889868795871735,0.0027101489307824523,0.024609375,0.46448060795664786,138.1871994972229,-2.031433582305908,7.857109546661377,54.094215393066406,44.805294036865234,56.12565231323242,45.602481842041016,0.9692484525415462,0.7436865568161011,537.3054809570312,0.375,1.0,0.0,1.0,0.0,0.0,0.01693110354244709,0.21004575490951538,0.0,0.2198071926832199,0.23073631525039673,0.23965011537075043,-1.5673314332962036,-1.546570897102356,-1.5296695232391357,0.0,1.0
101376,99,5,197.94206809680782,224.0,-0.0034919462515972553,16.709120213985443,-0.3760062150657177,0.0015101753771887161,0.020556640625,0.46836297437548635,90.2349606513977,-0.2666448652744293,8.736825942993164,39.990482330322266,46.0595588684082,40.25712585449219,48.179054260253906,0.9640194463230977,0.8423599004745483,265.9461975097656,0.35,1.0,0.0,1.0,0.0,0.0,0.014204856939613819,0.21377739310264587,0.0,0.22480136156082153,0.2329919934272766,0.24095559120178223,-1.5578209161758423,-1.5422797203063965,-1.5272036790847778,0.0,1.0
102400,100,6,179.69894935977575,156.66666666666666,-0.004259452212136239,16.188399744033813,-0.3687146820127964,0.0036620546161429957,0.0281005859375,0.5512452140450478,98.67061128616334,-0.6289812922477722,8.904118537902832,53.19059371948242,43.09526443481445,53.81957244873047,45.508827209472656,0.9573103301765234,0.8627713322639465,314.266845703125,0.575,1.0,0.0,1.0,0.0,0.0,0.008638701401650906,0.21235060691833496,0.0,0.22370827198028564,0.23320670425891876,0.24415773153305054,-1.5599007606506348,-1.541911005973816,-1.5211619138717651,0.0,1.0
103424,101,5,198.74492142698676,195.8,-0.004099901794688776,17.60229440331459,-0.3695562034845352,0.00485497757763369,0.039013671875,0.5243890386074781,125.54026441574096,-2.5097830295562744,9.285049438476562,60.80107116699219,38.27703094482422,63.310855865478516,39.45932388305664,0.9411573796774347,0.9668484926223755,416.2025451660156,0.45,1.0,0.0,1.0,0.0,0.0,0.01685951091349125,0.20959347486495972,0.0,0.22203019261360168,0.23302052915096283,0.2456793338060379,-1.5630955696105957,-1.542237401008606,-1.5182942152023315,0.0,1.0
104448,102,5,136.0993195608399,162.6,-0.002724047173978761,21.396688997745514,-0.369075395911932,0.0035537174961064013,0.027099609375,0.46913693808019163,145.83019409179687,-0.6184391379356384,10.362508773803711,36.024269104003906,36.526371002197266,36.64270782470703,39.05940628051758,0.9195146616258416,0.9188494682312012,420.48828125,0.425,1.0,0.0,1.0,0.0,0.0,0.008012605831027031,0.2175818532705307,0.0,0.22036154568195343,0.23356157541275024,0.24725066125392914,-1.5662747621536255,-1.5412362813949585,-1.515334963798523,0.0,1.0
105472,103,5,206.24072574043984,201.2,-0.004826501267962158,7.621286380290985,-0.36971900165081023,0.0029033057944616303,0.0322021484375,0.5286329552531243,61.7163414478302,2.759575843811035,6.329007625579834,57.824432373046875,44.519874572753906,55.06485366821289,47.71456527709961,0.9797901359841622,0.9021236300468445,215.3506622314453,0.525,1.0,0.0,1.0,0.0,0.0,0.007582989986985922,0.2138422727584839,0.0,0.2207106649875641,0.2320740967988968,0.24411286413669586,-1.5656094551086426,-1.5440497398376465,-1.5212465524673462,0.0,1.0
106496,104,8,190.98827457671734,199.75,-0.0050414442201144995,26.954680705070494,-0.3786002457141876,0.005961321436916478,0.0486328125,0.4955379545688629,135.73078527450562,-2.3625314235687256,9.652073860168457,51.09063720703125,43.94679260253906,53.45317077636719,41.610321044921875,0.9517622665975355,0.9426692128181458,435.10333251953125,0.425,1.0,0.0,1.0,0.0,0.0,0.016957996413111687,0.21653716266155243,0.0,0.21994180977344513,0.231143519282341,0.24225537478923798,-1.5670747756958008,-1.5458006858825684,-1.5247502326965332,0.0,1.0
107520,105,3,181.5522788689881,177.0,-0.002783103985711932,25.324666833877565,-0.38225931376218797,0.0010916603743680753,0.0238525390625,0.4345334731042385,173.96902418136597,-0.5668134689331055,11.244823455810547,53.286869049072266,42.817771911621094,53.85368347167969,45.838626861572266,0.9310304930971529,0.8240299820899963,631.4383544921875,0.325,1.0,0.0,1.0,0.0,0.0,0.007857599295675755,0.2146874964237213,0.0,0.21939842402935028,0.23046140372753143,0.24089407920837402,-1.568110704421997,-1.5471248626708984,-1.5273199081420898,0.0,1.0
108544,106,4,209.07376549172506,199.0,-0.0031593179097399115,8.502556467056275,-0.3850670225918293,0.0039530033667688255,0.03037109375,0.5118986211717129,81.33913340568543,2.084646701812744,7.015538215637207,49.79496383666992,39.112548828125,47.71031951904297,41.53034973144531,0.967827135425674,1.0953513383865356,283.0790100097656,0.45,1.0,0.0,1.0,0.0,0.0,0.013460787944495678,0.2139568328857422,0.0,0.2192225456237793,0.23029863834381104,0.24132616817951202,-1.568446159362793,-1.5474352836608887,-1.5265040397644043,0.0,1.0
109568,107,7,239.40877811032092,217.28571428571428,-0.0048164788633584974,6.935304987430572,-0.38793248757719995,0.004605817404808477,0.0474609375,0.5987309589982033,70.40677218437195,1.653495192527771,6.268426418304443,41.53303527832031,44.61521911621094,39.879539489746094,47.42533493041992,0.9802598264474284,0.9731084704399109,266.7088317871094,0.675,1.0,0.0,1.0,0.0,0.0,0.01842585764825344,0.21514467895030975,0.0,0.21543651819229126,0.2292705774307251,0.24425582587718964,-1.5756715536117554,-1.5493861436843872,-1.5209770202636719,0.0,1.0
110592,108,7,188.8970727936576,188.57142857142858,-0.004448765807319432,18.643277275562287,-0.3928549259901047,0.001706082142482046,0.0328857421875,0.4676528461277485,86.75245428085327,1.3208979368209839,8.402179718017578,41.93083190917969,39.161136627197266,40.60993194580078,39.6990966796875,0.9539665710029845,0.8616641163825989,293.6778259277344,0.375,1.0,0.0,1.0,0.0,0.0,0.008440671488642693,0.21273821592330933,0.0,0.2152220904827118,0.2289520502090454,0.24351555109024048,-1.5760810375213623,-1.5499712228775024,-1.522372841835022,0.0,1.0
111616,109,4,184.79387893839493,167.75,-0.0032220217399299145,8.590155607461929,-0.38935578763484957,0.002940336285973899,0.0364990234375,0.5309676885604858,80.95776476860047,-0.5041536092758179,7.196439266204834,57.80601501464844,37.60699462890625,58.31017303466797,38.302452087402344,0.9633817114016585,1.0311262607574463,282.9952087402344,0.5,1.0,0.0,1.0,0.0,0.0,0.00921405479311943,0.21642856299877167,0.0,0.218191459774971,0.23038922250270844,0.24401748180389404,-1.5704127550125122,-1.5472384691238403,-1.5214263200759888,0.0,1.0
112640,110,5,204.16795056071842,197.0,-0.005869730014819652,9.275174385309219,-0.388218891620636,0.0034639973047887905,0.0388427734375,0.528291093558073,53.810923194885255,-1.9179731607437134,5.935497283935547,57.308990478515625,40.87501525878906,59.226959228515625,41.19662857055664,0.9789137976959986,1.0494338274002075,147.8016357421875,0.475,1.0,0.0,1.0,0.0,0.0,0.0011866800487041473,0.2171410173177719,0.0,0.21568138897418976,0.22873152792453766,0.2418198436498642,-1.5752038955688477,-1.5504122972488403,-1.5255721807479858,0.0,1.0
113664,111,5,162.75920547762908,181.4,-0.0021456533373566344,27.932657957077026,-0.397293034940958,0.00221837583812885,0.0123779296875,0.46397852897644043,159.99120197296142,1.6835442781448364,11.063538551330566,33.998695373535156,45.554229736328125,32.315147399902344,47.8325309753418,0.9410164767736234,0.7571941614151001,477.656982421875,0.4,1.0,0.0,1.0,0.0,0.0,-0.0064753033220767975,0.21609275043010712,0.0,0.21687322854995728,0.2279520034790039,0.24125419557094574,-1.5729283094406128,-1.5518580675125122,-1.5266399383544922,0.0,1.0
114688,112,4,253.4694156693123,237.5,-0.003622084844391793,8.036861410737037,-0.3995992749929428,0.0024200586733059025,0.0264892578125,0.48392054364085196,68.70446310043334,-0.00700002908706665,6.369872570037842,64.7371826171875,33.05620574951172,64.74418640136719,33.75212097167969,0.9628673874966135,0.7914606928825378,227.8476104736328,0.425,1.0,0.0,1.0,0.0,0.0,0.0010132530005648732,0.22001542150974274,0.0,0.21549932658672333,0.227701798081398,0.2414521425962448,-1.5755515098571777,-1.552356243133545,-1.5262662172317505,0.0,1.0
115712,113,7,213.04572210419298,201.42857142857142,-0.002948006778024137,15.050067722797394,-0.4035966105759144,0.002470653105410747,0.0238525390625,0.5328205619007349,75.75632100105285,0.4475301504135132,7.98330545425415,48.31727600097656,41.022682189941406,47.86974334716797,41.684871673583984,0.9621280774811336,0.9945221543312073,201.7604522705078,0.55,1.0,0.0,1.0,0.0,0.0,0.00023081207473296672,0.21756182610988617,0.0,0.2144552767276764,0.22634269297122955,0.23995448648929596,-1.5775461196899414,-1.5549253225326538,-1.5290944576263428,0.0,1.0
116736,114,3,233.56862695996566,223.66666666666666,-0.003908490168396383,29.965680146217345,-0.4101832702755928,0.0032996120644384064,0.0353759765625,0.5630214504897595,158.56835832595826,-0.7896579504013062,12.69240665435791,51.978233337402344,43.22761917114258,52.76789093017578,46.66386795043945,0.9137884605965005,0.991773247718811,418.70574951171875,0.575,1.0,0.0,1.0,0.0,0.0,0.002024868270382285,0.21661479771137238,0.0,0.21298471093177795,0.22563762962818146,0.23891602456569672,-1.5803568363189697,-1.5562924146652222,-1.5310567617416382,0.0,1.0
117760,115,8,188.21023257366846,180.0,-0.003753343492280692,16.710523426532745,-0.4102236472070217,0.004532515518076252,0.0285888671875,0.5030492532998323,95.56239914894104,-1.4910956621170044,8.785640716552734,63.473915100097656,44.1594123840332,64.96501159667969,42.438690185546875,0.9604177611422943,0.8947277665138245,267.1335754394531,0.5,1.0,0.0,1.0,0.0,0.0,-0.00845271348953247,0.21515622735023499,0.0,0.2143913358449936,0.2264881581068039,0.23898622393608093,-1.5776681900024414,-1.554639220237732,-1.5309240818023682,0.0,1.0
118784,116,5,157.08941428456063,147.6,-0.004677889557206072,29.673467993736267,-0.4040708400309086,0.00435125616932055,0.0438720703125,0.5204708106815815,131.5451781272888,-3.2418808937072754,10.878729820251465,54.06550979614258,35.46503448486328,57.30738830566406,34.548213958740234,0.9059073683194315,0.9612001776695251,298.7162170410156,0.475,1.0,0.0,1.0,0.0,0.0,-0.0038566775619983673,0.22142794728279114,0.0,0.2156146615743637,0.22770147025585175,0.23902708292007446,-1.575331211090088,-1.5523515939712524,-1.5308468341827393,0.0,1.0
119808,117,5,205.56481818263347,195.8,-0.0036044076783582567,14.580341148376466,-0.39850979372859,0.0020885735953925177,0.0415283203125,0.6039962351322175,84.79288244247437,0.41141751408576965,8.379195213317871,53.52561950683594,47.1346435546875,53.11420440673828,48.661231994628906,0.9683973033373255,1.29006826877594,242.96192932128906,0.525,1.0,0.0,1.0,0.0,0.0,-0.010426274500787258,0.2159978598356247,0.0,0.21601834893226624,0.2281143218278885,0.2400885671377182,-1.5745604038238525,-1.5515543222427368,-1.528841257095337,0.0,1.0
120832,118,7,175.45476009021186,187.57142857142858,-0.004063487972598523,25.037723624706267,-0.3983310587704182,0.003657586482586339,0.0388916015625,0.48182080760598184,155.51846103668214,-3.337230682373047,10.531503677368164,48.813697814941406,44.08092498779297,52.15092849731445,43.74361038208008,0.9429206030903355,1.073358178138733,436.94537353515625,0.45,1.0,0.0,1.0,0.0,0.0,-0.025441646575927734,0.21673960983753204,0.0,0.21385878324508667,0.2279176265001297,0.24206849932670593,-1.578685998916626,-1.5519661903381348,-1.5251028537750244,0.0,1.0
121856,119,7,183.96706440452795,161.57142857142858,-0.003436953912023455,24.562689888477326,-0.39990895092487333,0.003771357076766435,0.0454833984375,0.5443226128816605,142.58914823532103,-1.6216089725494385,10.583320617675781,57.78630065917969,40.208499908447266,59.40791320800781,41.59703063964844,0.9307199522610717,1.0426344871520996,415.0213623046875,0.475,1.0,0.0,1.0,0.0,0.0,-0.015656394883990288,0.21510961651802063,0.0,0.21192802488803864,0.22737805545330048,0.24208226799964905,-1.5823776721954346,-1.552974820137024,-1.5250768661499023,0.0,1.0
122880,120,4,213.54585853656152,162.0,-0.003840689698699862,5.739552938938141,-0.40577314645051954,0.0036727398080984132,0.035400390625,0.5289328116923571,50.64150478839874,-1.0454925298690796,5.603565216064453,65.47329711914062,32.84642028808594,66.51879119873047,33.86343765258789,0.970895988634767,0.9537987112998962,149.09609985351562,0.525,1.0,0.0,1.0,0.0,0.0,-0.002969564637169242,0.21519504487514496,0.0,0.21083606779575348,0.22594143450260162,0.24040202796459198,-1.5844666957855225,-1.555695652961731,-1.5282491445541382,0.0,1.0
123904,121,6,207.10547737700043,186.5,-0.0025851073500234635,18.785419672727585,-0.4129063956439495,0.002516171961906366,0.0303466796875,0.5049086034297943,115.92234201431275,-0.973427414894104,10.22110366821289,47.10395050048828,42.99225616455078,48.0773811340332,46.704715728759766,0.9434783043784705,0.9915237426757812,377.32611083984375,0.425,1.0,0.0,1.0,0.0,0.0,-0.004151370842009783,0.21334514021873474,0.0,0.210155189037323,0.22502239048480988,0.24005930125713348,-1.5857698917388916,-1.557446002960205,-1.528896450996399,0.0,1.0
124928,122,6,160.83337209116362,165.5,-0.0037358684407081456,17.1087297976017,-0.4179518960416317,0.004838585962716024,0.0420654296875,0.5685979142785073,111.33025121688843,-2.453063726425171,8.954507827758789,48.26575469970703,39.21019744873047,50.71881866455078,41.276634216308594,0.9478462818078086,1.359505534172058,421.3468017578125,0.575,1.0,0.0,1.0,0.0,0.0,-0.00678868405520916,0.20596545934677124,0.0,0.20968863368034363,0.2241736650466919,0.24075815081596375,-1.5866631269454956,-1.5590949058532715,-1.5275765657424927,0.0,1.0
125952,123,4,165.07733449945806,186.5,-0.002322504163021222,10.119853758811951,-0.42067362293601035,0.003660050081089139,0.0200927734375,0.4646990027278662,62.79124162197113,1.3981856107711792,7.070448875427246,38.72191619873047,42.987518310546875,37.32373046875,46.668487548828125,0.9729473849804909,1.0779622793197632,174.12506103515625,0.35,1.0,0.0,1.0,0.0,0.0,-0.012838847935199738,0.20974721014499664,0.0,0.20991896092891693,0.22398705780506134,0.2415408492088318,-1.5862221717834473,-1.5594340562820435,-1.5260987281799316,0.0,1.0
126976,124,7,193.34254569312955,205.42857142857142,-0.004060579545330257,9.613691675662995,-0.42567729130387305,0.0027752703754231334,0.0173583984375,0.5163802709430456,66.2797486782074,-0.9331903457641602,7.356881141662598,42.06843185424805,41.11641311645508,43.001617431640625,43.37726974487305,0.967984735311391,0.8139793276786804,218.25685119628906,0.475,1.0,0.0,1.0,0.0,0.0,-0.0034248565789312124,0.21195873618125916,0.0,0.21048836410045624,0.22219087183475494,0.2398732453584671,-1.5851322412490845,-1.5628609657287598,-1.5292479991912842,0.0,1.0
128000,125,7,165.54811407794378,155.0,-0.0033574433298781516,13.347156620025634,-0.43568537533283236,0.00271517042274354,0.0323974609375,0.5751035459339618,94.68196997642517,-1.3194763660430908,8.23589038848877,47.01793670654297,39.19253158569336,48.3374137878418,41.50612258911133,0.9558414806809717,1.045305848121643,339.6188049316406,0.6,1.0,0.0,1.0,0.0,0.0,-0.0029811204876750708,0.21695905923843384,0.0,0.20994891226291656,0.2209227830171585,0.23731490969657898,-1.5861648321151733,-1.5652657747268677,-1.5340840816497803,0.0,1.0
129024,126,5,152.97859974815805,168.2,-0.0037369126919656994,8.044988262653352,-0.44242356196045873,0.0044958524435060095,0.0284423828125,0.5203542858362198,58.1144341468811,-1.1695958375930786,5.797180652618408,43.52885437011719,36.84624481201172,44.698448181152344,36.50851058959961,0.9752458968357128,0.9772180318832397,179.13169860839844,0.475,1.0,0.0,1.0,0.0,0.0,-0.014187087304890156,0.21088933944702148,0.0,0.20891575515270233,0.21967566013336182,0.23342116177082062,-1.5881431102752686,-1.5676130056381226,-1.5414555072784424,0.0,1.0
130048,127,6,185.59915019556513,175.33333333333334,-0.0034564755769679323,15.427012670040131,-0.448403587937355,0.002304306910082232,0.0196044921875,0.4965407978743315,120.24150738716125,4.180666446685791,8.94860553741455,39.62577819824219,43.322715759277344,35.44511032104492,49.07376480102539,0.9573342443739301,0.9959984421730042,378.27191162109375,0.4,1.0,0.0,1.0,0.0,0.0,-0.013045771978795528,0.2125333696603775,0.0,0.20897507667541504,0.2186439037322998,0.23077663779258728,-1.588029384613037,-1.5695852041244507,-1.5464696884155273,0.0,1.0
131072,128,6,214.58480229744308,183.66666666666666,-0.00282434374676086,3.932830959558487,-0.4532583959400654,0.0018774665208184161,0.0200439453125,0.505556195601821,48.43082582950592,0.5857923030853271,5.009719371795654,55.945465087890625,31.23443603515625,55.35967254638672,33.210575103759766,0.9742747545385231,0.8183121085166931,176.5349578857422,0.525,1.0,0.0,1.0,0.0,0.0,-0.015254915691912174,0.2103031426668167,0.0,0.21114581823349,0.21820546686649323,0.22961914539337158,-1.583873987197876,-1.5704072713851929,-1.5486661195755005,0.0,1.0
132096,129,4,193.82402446954802,185.5,-0.004361594642978162,7.028456705808639,-0.4586619533598423,0.00296063041605521,0.0474853515625,0.6162853825837373,42.91616239547729,0.640287458896637,5.637344837188721,46.44437789916992,32.80607604980469,45.8040885925293,34.16632843017578,0.9704715543748181,1.016087293624878,127.7841796875,0.675,1.0,0.0,1.0,0.0,0.0,-0.02365519106388092,0.21388624608516693,0.0,0.20866908133029938,0.2165542095899582,0.2283487617969513,-1.5886155366897583,-1.5735594034194946,-1.551078200340271,0.0,1.0
133120,130,8,194.8450660640848,184.125,-0.004396334354532882,10.693689954280853,-0.46853441298007964,0.005882360684336163,0.0461181640625,0.5346695177257061,70.71205601692199,0.32295259833335876,7.070371627807617,45.06956481933594,37.04892349243164,44.74660873413086,38.09491729736328,0.9635805538757906,1.180632472038269,202.03175354003906,0.525,1.0,0.0,1.0,0.0,0.0,-0.009967108257114887,0.21032333374023438,0.0,0.2072461098432541,0.21487344801425934,0.22795432806015015,-1.5913418531417847,-1.5767771005630493,-1.5518274307250977,0.0,1.0
134144,131,5,125.17957136483383,145.6,-0.0027151282760314644,19.24353803396225,-0.4719937540590763,0.0015394382280646823,0.0342529296875,0.4901474080979824,71.78692207336425,-0.5040198564529419,8.871103286743164,43.39267349243164,37.1562614440918,43.896690368652344,36.65232849121094,0.9429978364295165,0.9626830220222473,181.89459228515625,0.375,1.0,0.0,1.0,0.0,0.0,-0.011963668279349804,0.20743072032928467,0.0,0.2064228057861328,0.21578927338123322,0.23081524670124054,-1.592919945716858,-1.5750566720962524,-1.5463963747024536,0.0,1.0
135168,132,5,212.16506366361563,207.0,-0.00243926279945299,11.539070224761963,-0.4664386048913002,0.0007698165951296687,0.016015625,0.49866447374224665,86.98771247863769,2.8953568935394287,7.197448253631592,33.83322525024414,39.245521545410156,30.9378662109375,42.45488357543945,0.9663661297378678,0.7721232771873474,272.8509216308594,0.4,1.0,0.0,1.0,0.0,0.0,-0.012494702823460102,0.21144872903823853,0.0,0.20855079591274261,0.21616975963115692,0.23109827935695648,-1.5888421535491943,-1.5743178129196167,-1.545859456062317,0.0,1.0
136192,133,6,178.42337403286024,175.5,-0.004642468097154051,3.104618725180626,-0.46832282319664953,0.003750058586592786,0.032373046875,0.5191402956843376,30.44934504032135,0.230449378490448,3.8952419757843018,53.987850189208984,37.070228576660156,53.75740051269531,37.67619705200195,0.9889587460296361,1.0670770406723022,97.21382904052734,0.525,1.0,0.0,1.0,0.0,0.0,-0.009202703833580017,0.2122439444065094,0.0,0.20580953359603882,0.215036079287529,0.22987793385982513,-1.5940958261489868,-1.576479434967041,-1.5481749773025513,0.0,1.0
137216,134,4,207.40274867043584,193.0,-0.0028255979646928608,10.446503192186356,-0.47337530329823496,0.0020023644086904825,0.0264404296875,0.5450667560100555,84.27807664871216,4.154754161834717,7.106376647949219,34.753761291503906,38.10939407348633,30.59900665283203,41.050865173339844,0.9652277815825603,0.8668034672737122,310.50555419921875,0.6,1.0,0.0,1.0,0.0,0.0,-0.015621133148670197,0.21075470745563507,0.0,0.20554444193840027,0.21498273313045502,0.23200829327106476,-1.594604253768921,-1.5765953063964844,-1.5441336631774902,0.0,1.0
138240,135,4,269.8315927956438,233.75,-0.003949000441934913,10.937135481834412,-0.4737133249640465,0.001564023042737972,0.02412109375,0.521347789466381,82.02956306934357,3.0844664573669434,8.002594947814941,50.05510330200195,34.68850326538086,46.970638275146484,38.736663818359375,0.9467780829349095,0.9876763224601746,257.6312255859375,0.475,1.0,0.0,1.0,0.0,0.0,-0.011517244391143322,0.20952636003494263,0.0,0.20472276210784912,0.21441161632537842,0.2311987578868866,-1.5961803197860718,-1.577689528465271,-1.5456688404083252,0.0,1.0
139264,136,7,233.01553915667256,215.85714285714286,-0.0035529088112525643,13.138167816400529,-0.47648893520236013,0.005435949128877837,0.035302734375,0.5095018520951271,61.246250581741336,1.9095790386199951,7.574439525604248,43.69308853149414,33.32261276245117,41.78350830078125,34.206939697265625,0.9483318464782001,0.921883761882782,149.5685577392578,0.55,1.0,0.0,1.0,0.0,0.0,-0.011976691894233227,0.21094496548175812,0.0,0.20428600907325745,0.21446067094802856,0.23103727400302887,-1.5970182418823242,-1.5775961875915527,-1.5459752082824707,0.0,1.0
140288,137,5,213.18574342466923,189.2,-0.0034253042424097655,13.847034519910812,-0.4779326818883419,0.0022796396136982367,0.0232177734375,0.46995757445693015,75.96030569076538,2.2235159873962402,8.196232795715332,45.7059440612793,33.60994338989258,43.482425689697266,36.15605163574219,0.9405306814656201,1.0342239141464233,238.56187438964844,0.35,1.0,0.0,1.0,0.0,0.0,-0.017796754837036133,0.20644061267375946,0.0,0.20339098572731018,0.21369807422161102,0.22953909635543823,-1.598736047744751,-1.5790596008300781,-1.5488181114196777,0.0,1.0
141312,138,4,157.8740425668151,175.25,-0.003709111566422507,11.549794006347657,-0.4862265072762966,0.0014660507295047864,0.04111328125,0.46360810436308386,69.9222683429718,1.013230562210083,7.475149631500244,45.078433990478516,37.272850036621094,44.06520080566406,38.73888397216797,0.9597788395737584,0.9176729321479797,215.51953125,0.375,1.0,0.0,1.0,0.0,0.0,-0.02259332686662674,0.20521381497383118,0.0,0.20126910507678986,0.211451455950737,0.22646287083625793,-1.6028106212615967,-1.583333134651184,-1.554661512374878,0.0,1.0
142336,139,8,181.79969324254535,197.75,-0.0047513222554698585,17.74047852754593,-0.4902200117707253,0.00527761393605033,0.047607421875,0.5000751160085202,68.26807489395142,-0.8731806874275208,8.18637466430664,45.100975036621094,40.65180969238281,45.974159240722656,39.364036560058594,0.9594469564298724,0.9231497645378113,186.77569580078125,0.525,1.0,0.0,1.0,0.0,0.0,-0.028896473348140717,0.21261689066886902,0.0,0.2034624069929123,0.21305342018604279,0.22771494090557098,-1.5985989570617676,-1.5802682638168335,-1.5522820949554443,0.0,1.0
143360,140,2,110.00443309035566,149.0,-0.0050087374052964154,23.469470500946045,-0.4839493535459042,0.0017900215709232726,0.01982421875,0.4558145392686129,81.65873289108276,-0.5311208367347717,9.36067008972168,45.70685958862305,32.064029693603516,46.23798370361328,30.424232482910156,0.914772912154842,0.8734954595565796,148.62353515625,0.35,1.0,0.0,1.0,0.0,0.0,-0.012476261705160141,0.2096537947654724,0.0,0.20328417420387268,0.21275226771831512,0.2281603217124939,-1.5989409685134888,-1.580848217010498,-1.551436185836792,0.0,1.0
144384,141,6,241.2424842888852,230.0,-0.005313122039660811,8.994431141018868,-0.4880394533276558,0.002201856313331518,0.04189453125,0.4453048497438431,80.08351781368256,4.883605480194092,6.204828262329102,43.316307067871094,43.39067459106445,38.432701110839844,45.809322357177734,0.979551249335219,1.200553297996521,252.84942626953125,0.325,1.0,0.0,1.0,0.0,0.0,-0.01402827724814415,0.20681166648864746,0.0,0.20216351747512817,0.21169398725032806,0.22651074826717377,-1.6010926961898804,-1.5828763246536255,-1.5545704364776611,0.0,1.0
145408,142,6,220.10837566648627,194.66666666666666,-0.004371630714740604,23.12866656780243,-0.4959337718784809,0.004079795531288255,0.0241943359375,0.49433202520012853,97.36348600387574,1.03031325340271,9.64034652709961,53.63570022583008,35.97230529785156,52.60538864135742,36.93544006347656,0.9281794502469385,0.8951375484466553,275.5535583496094,0.475,1.0,0.0,1.0,0.0,0.0,-0.012179795652627945,0.2063581794500351,0.0,0.20008695125579834,0.21020305156707764,0.22635960578918457,-1.6050822734832764,-1.585747241973877,-1.5548577308654785,0.0,1.0
146432,143,5,216.77257655999182,207.0,-0.0035059364163316786,10.32104259133339,-0.503911305963993,0.004088428433169611,0.042919921875,0.5432897925376892,61.77796883583069,1.573312759399414,6.585378646850586,30.197982788085938,37.214969635009766,28.624671936035156,38.743656158447266,0.9686868997215191,1.2153795957565308,180.70980834960938,0.525,1.0,0.0,1.0,0.0,0.0,-0.01115801464766264,0.20829761028289795,0.0,0.19881018996238708,0.2089909464120865,0.22641035914421082,-1.607536792755127,-1.5880446434020996,-1.554761290550232,0.0,1.0
147456,144,4,195.9448792561257,197.75,-0.0028630594548303633,3.6065442085266115,-0.5120370134711265,0.005078910339216236,0.022705078125,0.4772589437663555,40.295567309856416,2.586745262145996,3.83491849899292,60.43102264404297,33.65076446533203,57.844276428222656,34.82231521606445,0.9870125961616086,0.9981505274772644,129.46450805664062,0.35,1.0,0.0,1.0,0.0,0.0,-0.030802106484770775,0.20553860068321228,0.0,0.1958855390548706,0.20716328918933868,0.22639890015125275,-1.6131640672683716,-1.5915766954421997,-1.5547831058502197,0.0,1.0
148480,145,4,225.57078363370465,220.75,-0.0029056571889668702,16.387889325618744,-0.5167860627174378,0.005244722997304052,0.0375,0.49912620075047015,86.67622671127319,1.2610052824020386,8.348488807678223,36.22905349731445,42.31640625,34.968048095703125,43.685604095458984,0.9610777257300948,0.9537146091461182,220.90994262695312,0.45,1.0,0.0,1.0,0.0,0.0,-0.01561679970473051,0.20598681271076202,0.0,0.19657860696315765,0.2080327421426773,0.22743375599384308,-1.6118299961090088,-1.589910626411438,-1.552816390991211,0.0,1.0
149504,146,5,234.45408563881875,217.4,-0.0043335315072909,10.240162974596023,-0.5143738359212875,0.0018093262566253542,0.037841796875,0.476779593154788,62.76029953956604,-0.6916231513023376,7.379097938537598,51.97792434692383,35.31100845336914,52.66954803466797,36.057456970214844,0.9563296905412261,1.0242730379104614,172.6011199951172,0.35,1.0,0.0,1.0,0.0,0.0,-0.01782284677028656,0.20357553660869598,0.0,0.19564445316791534,0.20699858665466309,0.2259739488363266,-1.6136282682418823,-1.5919009447097778,-1.5555909872055054,0.0,1.0
150528,147,7,204.1975282183973,202.14285714285714,-0.0027612889476586132,8.850105744600295,-0.5240566805005074,0.0028833906893851236,0.025341796875,0.4958623871207237,49.18521232604981,0.7455524802207947,5.96334981918335,49.55048751831055,37.644203186035156,48.804935455322266,38.42298126220703,0.9749051643086761,0.7925938963890076,133.57215881347656,0.425,1.0,0.0,1.0,0.0,0.0,-0.017381446436047554,0.20609913766384125,0.0,0.19466687738895416,0.2052472084760666,0.2236301153898239,-1.6155108213424683,-1.5952296257019043,-1.5600495338439941,0.0,1.0
151552,148,4,120.99931122165259,164.0,-0.0036631409311667085,11.217278587818146,-0.5276428684592247,0.002344317239476368,0.0381103515625,0.5274614006280899,103.31755890846253,0.6105165481567383,7.57097053527832,48.70375442504883,39.597232818603516,48.09323501586914,38.41520690917969,0.963442756667461,0.8656068444252014,345.0296630859375,0.5,1.0,0.0,1.0,0.0,0.0,-0.016994798555970192,0.20230723917484283,0.0,0.19704566895961761,0.20591676235198975,0.22332529723644257,-1.610931158065796,-1.593954086303711,-1.5606296062469482,0.0,1.0
152576,149,6,213.5960382986068,213.0,-0.002804790803929791,9.955625706911087,-0.5265415102243424,0.003648820171656553,0.0231201171875,0.5418435074388981,63.88086063861847,-0.402299165725708,7.1071391105651855,38.43254089355469,44.29634094238281,38.8348388671875,45.80522537231445,0.9742573102169688,0.8430027961730957,188.82376098632812,0.55,1.0,0.0,1.0,0.0,0.0,-0.013749118894338608,0.20643861591815948,0.0,0.19516971707344055,0.20492197573184967,0.2212812602519989,-1.6145423650741577,-1.5958377122879028,-1.56452214717865,0.0,1.0
153600,150,5,164.68953519567577,193.0,-0.0031089891475858168,25.13801497220993,-0.5335090219974518,0.0023715848248684777,0.0332763671875,0.45312758572399614,95.87587695121765,-0.6052268743515015,10.277226448059082,46.601593017578125,45.22407913208008,47.206817626953125,44.862876892089844,0.9483568831254224,0.8321685791015625,202.70469665527344,0.35,1.0,0.0,1.0,0.0,0.0,-0.015111025422811508,0.2073093205690384,0.0,0.19508226215839386,0.2040196806192398,0.21932999789714813,-1.614710807800293,-1.5975826978683472,-1.5682412385940552,0.0,1.0
154624,151,2,185.62717641476132,191.0,-0.0036970094486605378,4.6952192187309265,-0.5389368787407876,0.004256980885111261,0.0345947265625,0.5259653620421887,66.97603254318237,2.972766399383545,4.511082649230957,41.12206268310547,32.74502944946289,38.149295806884766,34.8479118347168,0.9810211080009679,0.8934358954429626,225.26751708984375,0.525,1.0,0.0,1.0,0.0,0.0,-0.017425885424017906,0.20720387995243073,0.0,0.19354666769504547,0.2028479129076004,0.21819128096103668,-1.617668867111206,-1.599832534790039,-1.5704131126403809,0.0,1.0
155648,152,7,250.94430713473568,227.85714285714286,-0.0036533307982608678,15.74615187048912,-0.5459019899368286,0.0034478887100704014,0.0302978515625,0.5521949581801892,109.05250639915467,3.6853041648864746,8.38869857788086,50.942283630371094,51.32705307006836,47.256980895996094,54.9984016418457,0.9732886033157008,1.313951015472412,366.65179443359375,0.45,1.0,0.0,1.0,0.0,0.0,-0.011585826985538006,0.20927199721336365,0.0,0.19324856996536255,0.2015804797410965,0.21695998311042786,-1.6182433366775513,-1.602247714996338,-1.5727627277374268,0.0,1.0
156672,153,2,188.5449926109828,211.0,-0.004419917077757418,13.91189722418785,-0.5503447011113167,0.004145444335881621,0.0420166015625,0.5512489408254624,96.70757546424866,1.370446801185608,8.510363578796387,39.44328308105469,33.678314208984375,38.07283020019531,35.968597412109375,0.9361449103048266,1.0141406059265137,278.5325622558594,0.525,1.0,0.0,1.0,0.0,0.0,-0.0073913647793233395,0.20274551212787628,0.0,0.19213521480560303,0.20168745517730713,0.2177402526140213,-1.6203893423080444,-1.602053165435791,-1.5712735652923584,0.0,1.0
157696,154,7,260.74380342911076,235.14285714285714,-0.0031664449023082854,6.2303770810365675,-0.5449932247400284,0.0023250578829902223,0.01318359375,0.5247695773839951,59.953642058372495,2.993072509765625,5.592456817626953,41.77939224243164,40.821475982666016,38.78632354736328,43.74941635131836,0.9812315729222593,0.9654169678688049,198.8933868408203,0.475,1.0,0.0,1.0,0.0,0.0,-0.01999317854642868,0.2094046175479889,0.0,0.1945585459470749,0.20336754620075226,0.22012023627758026,-1.6157194375991821,-1.5988436937332153,-1.5667346715927124,0.0,1.0
158720,155,6,179.30965526648228,200.33333333333334,-0.004541703459108248,22.141471838951112,-0.5380980223417282,0.004862060950836166,0.0311279296875,0.49726095609366894,143.03639612197875,3.577054977416992,10.069430351257324,30.55033302307129,43.395240783691406,26.973278045654297,47.96538543701172,0.9461574543282404,0.8775882124900818,369.7693786621094,0.475,1.0,0.0,1.0,0.0,0.0,-0.009210302494466305,0.2066689282655716,0.0,0.1955409049987793,0.20369268953800201,0.21995802223682404,-1.6138275861740112,-1.598219394683838,-1.5670439004898071,0.0,1.0
159744,156,4,185.86193685425349,179.75,-0.0038383960141800343,22.59801766872406,-0.542358075082302,0.004272890638094396,0.02353515625,0.46179407387971877,98.10233268737792,0.07581359148025513,10.21808910369873,46.782562255859375,44.90935516357422,46.706748962402344,47.6674919128418,0.9482314735467839,0.8830423355102539,271.11236572265625,0.325,1.0,0.0,1.0,0.0,0.0,-0.00797766912728548,0.2075563371181488,0.0,0.19304202497005463,0.20198564231395721,0.21925953030586243,-1.6186413764953613,-1.6014938354492188,-1.568375587463379,0.0,1.0
160768,157,3,228.57763091113404,240.0,-0.004223541103419848,7.378288495540619,-0.5497496277093887,0.004534636349126231,0.027294921875,0.5669114530086518,55.969846558570865,1.780219554901123,6.213335990905762,46.543373107910156,34.25727081298828,44.763153076171875,35.875728607177734,0.9671039188719288,1.0441017150878906,169.97982788085938,0.45,1.0,0.0,1.0,0.0,0.0,-0.01869596540927887,0.2069288045167923,0.0,0.1930454671382904,0.2014480084180832,0.21779468655586243,-1.6186347007751465,-1.6025142669677734,-1.5711697340011597,0.0,1.0
161792,158,7,191.38487043890137,208.57142857142858,-0.00366879760986194,14.659494614601135,-0.5527498602867127,0.0022841068537672983,0.03662109375,0.558184826374054,88.5210813999176,1.542641282081604,8.707162857055664,38.24570846557617,45.792442321777344,36.70307159423828,47.258140563964844,0.9638452239792767,1.0629997253417969,304.5885314941406,0.525,1.0,0.0,1.0,0.0,0.0,-0.02738129533827305,0.21007369458675385,0.0,0.19082382321357727,0.20060895383358002,0.21801447868347168,-1.6229182481765747,-1.6041259765625,-1.57075035572052,0.0,1.0
162816,159,5,229.98979010502995,216.6,-0.003030995948938653,11.889847719669342,-0.5532873287796974,0.002790500278933905,0.026025390625,0.5159368079155684,64.84443078041076,-1.0979278087615967,7.897984027862549,58.501243591308594,38.158607482910156,59.59917449951172,37.43351364135742,0.9571601958689101,1.178184151649475,161.80413818359375,0.45,1.0,0.0,1.0,0.0,0.0,-0.02751016616821289,0.2041136771440506,0.0,0.19127817451953888,0.20163331925868988,0.2177119106054306,-1.622041940689087,-1.6021620035171509,-1.5713276863098145,0.0,1.0
163840,160,4,269.4490558205982,232.5,-0.0044445272185839714,12.9042278945446,-0.5480157181620597,0.0020935234366334043,0.0423095703125,0.5712366864085198,140.84571452140807,4.31286096572876,7.674713134765625,36.85799026489258,38.472312927246094,32.54513168334961,42.01986312866211,0.9602050736888824,1.271803379058838,534.1661376953125,0.525,1.0,0.0,1.0,0.0,0.0,-0.020999768748879433,0.20773330330848694,0.0,0.19193388521671295,0.20201729238033295,0.21771225333213806,-1.6207774877548218,-1.6014200448989868,-1.5713269710540771,0.0,1.0
164864,161,4,255.03534354609056,237.5,-0.0034623428946360946,13.182048338651658,-0.5501128748059273,0.0026931099491775967,0.0295654296875,0.5913588531315327,140.6374298095703,3.953975200653076,8.778014183044434,43.229942321777344,39.70951461791992,39.275970458984375,44.09225082397461,0.9511343756412767,1.1772253513336182,543.791748046875,0.575,1.0,0.0,1.0,0.0,0.0,-0.02858809195458889,0.20982839167118073,0.0,0.19179944694042206,0.20084844529628754,0.21578383445739746,-1.6210367679595947,-1.603648066520691,-1.5750081539154053,0.0,1.0
165888,162,7,193.33488270535173,193.0,-0.005416520533617586,6.819383579492569,-0.5557807251811028,0.007136339996941387,0.046533203125,0.4557331182062626,54.668625664711,0.5559026598930359,5.622603416442871,42.85811996459961,40.563541412353516,42.30221939086914,40.04792785644531,0.9807866445848099,0.8552789092063904,172.8815460205078,0.35,1.0,0.0,1.0,0.0,0.0,-0.030321436002850533,0.20591658353805542,0.0,0.19141969084739685,0.20044738054275513,0.21481704711914062,-1.6217689514160156,-1.6044152975082397,-1.5768548250198364,0.0,1.0
166912,163,3,126.09083445941197,158.66666666666666,-0.004073239245917648,5.482398813962936,-0.5562161013484002,0.0047299820595071655,0.0315673828125,0.5528339553624392,39.54125416278839,-1.04145085811615,5.114668369293213,50.93286895751953,35.40776062011719,51.97431945800781,34.355445861816406,0.9791340593975822,1.103421688079834,108.07872009277344,0.525,1.0,0.0,1.0,0.0,0.0,-0.03197721019387245,0.21025295555591583,0.0,0.1897379457950592,0.20057524740695953,0.21524308621883392,-1.6250132322311401,-1.6041868925094604,-1.5760409832000732,0.0,1.0
167936,164,8,189.71264646348493,193.25,-0.004714377451455221,10.429532647132874,-0.559175680577755,0.002195207492331974,0.027490234375,0.4958379611372948,84.05915055274963,-2.8039214611053467,6.979925155639648,53.52986526489258,39.37278747558594,56.33378601074219,37.01254653930664,0.9685725489400033,0.995880663394928,251.35382080078125,0.5,1.0,0.0,1.0,0.0,0.0,-0.03509209305047989,0.20928451418876648,0.0,0.19035309553146362,0.19913791120052338,0.21253645420074463,-1.623826265335083,-1.6069341897964478,-1.5812139511108398,0.0,1.0
168960,165,4,150.9918767745513,156.5,-0.003864169574808329,6.117778031527996,-0.566515488922596,0.003579221172549296,0.0251953125,0.505057766288519,74.54827194213867,1.3337961435317993,6.143985748291016,44.301734924316406,39.02899932861328,42.967933654785156,40.007240295410156,0.97521861388792,0.8785129189491272,248.82650756835938,0.475,1.0,0.0,1.0,0.0,0.0,-0.025538042187690735,0.20837901532649994,0.0,0.1898178607225418,0.19828946888446808,0.2108219861984253,-1.624859094619751,-1.6085790395736694,-1.5844937562942505,0.0,1.0
169984,166,5,209.10731410368803,194.6,-0.005864712019683793,5.3481763869524,-0.5691382780671119,0.0028680230156169274,0.063720703125,0.5202625215053558,47.23292751312256,0.9533952474594116,5.706785678863525,52.83222198486328,41.638519287109375,51.87882995605469,42.478607177734375,0.9812158083661098,0.9635310769081116,182.59898376464844,0.425,1.0,0.0,1.0,0.0,0.0,-0.02148629166185856,0.20604364573955536,0.0,0.18884877860546112,0.19839639961719513,0.21092474460601807,-1.6267293691635132,-1.6083868741989136,-1.5842970609664917,0.0,1.0
171008,167,4,205.11017690641785,212.75,-0.0043135496904142204,4.18106057792902,-0.5681425184011459,0.00461157531972276,0.0422119140625,0.5983073964715004,56.993028211593625,3.6557960510253906,4.05129337310791,45.239776611328125,34.33653259277344,41.583980560302734,36.1076545715332,0.9860788702682843,0.9742683172225952,208.41168212890625,0.7,1.0,0.0,1.0,0.0,0.0,-0.011582047678530216,0.20930182933807373,0.0,0.1884337067604065,0.19834965467453003,0.21091149747371674,-1.627530574798584,-1.60845947265625,-1.584322452545166,0.0,1.0
172032,168,5,267.5767518042032,260.8,-0.005863164062611758,18.681551384925843,-0.5673908099532128,0.008664138212043326,0.08671875,0.5610873650759458,112.1857575416565,0.9731515049934387,9.569541931152344,39.71546173095703,43.112857818603516,38.7423095703125,45.186283111572266,0.950731571864799,0.9648455381393433,365.33697509765625,0.625,1.0,0.0,1.0,0.0,0.0,-0.022604942321777344,0.20492392778396606,0.0,0.18836352229118347,0.198948934674263,0.21111121773719788,-1.6276661157608032,-1.6072958707809448,-1.5839402675628662,0.0,1.0
173056,169,4,254.7309831808915,231.75,-0.004725524212699383,3.220888155698776,-0.5676985144615173,0.0037897659494774416,0.0192626953125,0.540423845499754,31.274429774284364,0.7544244527816772,3.9253733158111572,59.787986755371094,34.03920364379883,59.03356170654297,34.37188720703125,0.9867014854489604,0.9207427501678467,100.5289306640625,0.525,1.0,0.0,1.0,0.0,0.0,-0.021462352946400642,0.20035241544246674,0.0,0.18620872497558594,0.19759327173233032,0.21026292443275452,-1.6318280696868896,-1.6099001169204712,-1.5855636596679688,0.0,1.0
174080,170,5,246.62585554913363,233.4,-0.006485710656852462,12.318518537282944,-0.5759006202220917,0.00465980760200182,0.0631591796875,0.6640364520251751,110.09935717582702,4.530177116394043,7.662628650665283,41.747440338134766,41.46407699584961,37.217262268066406,44.99295425415039,0.9658483594996975,1.4149143695831299,369.63861083984375,0.725,1.0,0.0,1.0,0.0,0.0,-0.011158646084368229,0.20548991858959198,0.0,0.18506981432437897,0.1966981291770935,0.2088276445865631,-1.6340291500091553,-1.611620545387268,-1.588311791419983,0.0,1.0
175104,171,6,215.6396747146894,221.33333333333334,-0.004781838716007769,27.564444625377654,-0.5775100901722908,0.006372417059901636,0.0591552734375,0.566467260196805,127.92670459747315,-3.9662344455718994,10.314388275146484,49.07710266113281,41.51312255859375,53.04334259033203,40.1207389831543,0.938267167742192,1.0674840211868286,383.8640441894531,0.525,1.0,0.0,1.0,0.0,0.0,-0.0033696668688207865,0.20685240626335144,0.0,0.1844673454761505,0.19715841114521027,0.20926424860954285,-1.6351938247680664,-1.6107444763183594,-1.5874756574630737,0.0,1.0
176128,172,4,144.60725378352038,182.0,-0.0034261221182532607,30.75957362651825,-0.5716542825102806,0.003943334492214489,0.045654296875,0.4796253122389317,89.0544650554657,-0.8822863698005676,10.699981689453125,61.66783905029297,37.804542541503906,62.55012893676758,36.632080078125,0.9198915898250649,1.0197415351867676,211.35935974121094,0.475,1.0,0.0,1.0,0.0,0.0,0.00163476902525872,0.20241445302963257,0.0,0.18400928378105164,0.19849474728107452,0.2106800526380539,-1.6360795497894287,-1.6081701517105103,-1.5847653150558472,0.0,1.0
177152,173,6,219.66910100179828,211.0,-0.005649819236714393,19.81090350151062,-0.5677749350667,0.0035743208703934216,0.05341796875,0.5485968504101038,99.52926278114319,-0.5697799324989319,9.70189094543457,47.41399002075195,40.997947692871094,47.98377227783203,42.14158248901367,0.9439999378574377,1.1172977685928345,273.2720642089844,0.65,1.0,0.0,1.0,0.0,0.0,-0.009828386828303337,0.20643365383148193,0.0,0.18377454578876495,0.19816775619983673,0.20936210453510284,-1.636533498764038,-1.6088000535964966,-1.5872882604599,0.0,1.0
178176,174,5,181.5839504494673,178.4,-0.004288460937095806,10.300735014677048,-0.5719459682703019,0.004676942162041087,0.043505859375,0.5596265386790037,61.508146142959596,0.11637717485427856,7.133687973022461,53.21680450439453,38.48807144165039,53.10042953491211,39.68852233886719,0.9656461114194616,1.2939865589141846,170.00723266601562,0.55,1.0,0.0,1.0,0.0,0.0,-0.015101675875484943,0.20366187393665314,0.0,0.18320102989673615,0.19734860956668854,0.20762452483177185,-1.637642741203308,-1.610381007194519,-1.5906167030334473,0.0,1.0
179200,175,6,183.42463637190667,197.66666666666666,-0.005404264794196934,29.155561769008635,-0.5777542531490326,0.008374811189423782,0.083642578125,0.616141714900732,115.62566413879395,0.7247239351272583,10.921592712402344,39.98035430908203,40.53647994995117,39.25563049316406,41.83271026611328,0.9274094847777127,1.0910364389419556,276.0465393066406,0.65,1.0,0.0,1.0,0.0,0.0,-0.021452656015753746,0.20375078916549683,0.0,0.18162372708320618,0.1960119605064392,0.20631150901317596,-1.6406947374343872,-1.6129660606384277,-1.5931333303451538,0.0,1.0
180224,176,3,270.82959407737917,248.66666666666666,-0.004668160527944565,9.161096793413162,-0.5824121966958046,0.0050696254998911176,0.0335205078125,0.5831131249666214,63.93514544963837,0.40485143661499023,6.865830421447754,60.476806640625,37.873016357421875,60.07195281982422,39.835716247558594,0.9671355467538785,1.2115223407745361,204.11778259277344,0.5,1.0,0.0,1.0,0.0,0.0,-0.010479368269443512,0.20355795323848724,0.0,0.1827993541955948,0.19609983265399933,0.20656231045722961,-1.6384198665618896,-1.612784743309021,-1.5926525592803955,0.0,1.0
181248,177,3,170.629167593912,170.66666666666666,-0.004060856258729473,10.953075915575027,-0.5810501337051391,0.006825626394129358,0.0493408203125,0.6415662918239832,95.74366312026977,1.7249820232391357,7.443082332611084,39.01836013793945,40.38066482543945,37.29337692260742,42.67313766479492,0.9660250614888755,1.5909607410430908,311.6556396484375,0.625,1.0,0.0,1.0,0.0,0.0,-0.00584214786067605,0.20350852608680725,0.0,0.18384191393852234,0.19620971381664276,0.20850490033626556,-1.636403203010559,-1.6125669479370117,-1.5889300107955933,0.0,1.0
182272,178,7,244.25598089833767,252.71428571428572,-0.005271399428602308,32.91339888572693,-0.582327064871788,0.0048953067976981405,0.0628173828125,0.5451331164687871,118.38092298507691,-0.5815787315368652,11.806901931762695,46.83901596069336,48.164093017578125,47.42059326171875,50.180294036865234,0.9399068273463386,1.089219093322754,269.4891662597656,0.575,1.0,0.0,1.0,0.0,0.0,0.00028131561703048646,0.20780856907367706,0.0,0.18367117643356323,0.19556327164173126,0.20854409039020538,-1.6367334127426147,-1.6138116121292114,-1.5888549089431763,0.0,1.0
183296,179,3,183.66595832605967,210.33333333333334,-0.005029589461628348,8.23133875131607,-0.5845352277159691,0.004933952118153684,0.049853515625,0.47164003290235995,57.62107679843903,0.04146246612071991,6.531932830810547,50.27548599243164,38.65459060668945,50.23402404785156,37.99072265625,0.9714450600936639,1.0150201320648193,163.87158203125,0.375,1.0,0.0,1.0,0.0,0.0,-0.001322882599197328,0.20387941598892212,0.0,0.18466952443122864,0.19582684338092804,0.20826172828674316,-1.6348029375076294,-1.6133195161819458,-1.5893957614898682,0.0,1.0
184320,180,5,208.97341554864983,226.2,-0.004580797383096069,7.68842784166336,-0.5828115940093994,0.0036998546711402014,0.0433837890625,0.5172825079411268,56.7408540725708,0.7868797183036804,6.334619522094727,60.07001876831055,41.71501541137695,59.28314208984375,40.78525161743164,0.9769401625323683,0.9075479507446289,185.87835693359375,0.475,1.0,0.0,1.0,0.0,0.0,-0.0005259593017399311,0.20487995445728302,0.0,0.186035618185997,0.19569136202335358,0.20649291574954987,-1.6321625709533691,-1.6135648488998413,-1.5927855968475342,0.0,1.0
185344,181,4,253.2631645986388,224.5,-0.0034504190261941403,16.786694645881653,-0.5850867807865143,0.003127231240796391,0.025341796875,0.48676774501800535,83.87463307380676,0.6721620559692383,8.58186149597168,37.09661102294922,43.66780090332031,36.42445373535156,45.50796890258789,0.9613774967462585,0.8596169948577881,245.8047332763672,0.5,1.0,0.0,1.0,0.0,0.0,0.0005767919938080013,0.2057713270187378,0.0,0.1849510371685028,0.19523930549621582,0.20561031997203827,-1.63425874710083,-1.6144193410873413,-1.594477891921997,0.0,1.0
186368,182,3,210.56823484828638,243.33333333333334,-0.004703598155174404,4.648978838324547,-0.5890346854925156,0.0035378457192564382,0.0478515625,0.5533008057624101,58.7209632396698,1.1920850276947021,5.051330089569092,53.10564422607422,41.333133697509766,51.91355895996094,44.04912567138672,0.9850646688950954,0.9892227053642273,217.7705841064453,0.525,1.0,0.0,1.0,0.0,0.0,-0.0011438135989010334,0.20187705755233765,0.0,0.18317803740501404,0.1941400021314621,0.2040337473154068,-1.6376872062683105,-1.6165536642074585,-1.59750235080719,0.0,1.0
187392,183,6,211.93514335714175,220.5,-0.0041411171667277815,23.022624170780183,-0.5948128119111061,0.0019428374449489637,0.026171875,0.5645387716591358,116.08668212890625,1.5278892517089844,10.458293914794922,48.156333923339844,50.09380340576172,46.62844467163086,52.80540084838867,0.9564133349622503,1.241946816444397,320.5768127441406,0.525,1.0,0.0,1.0,0.0,0.0,0.005188013426959515,0.2019953727722168,0.0,0.18209797143936157,0.1934875249862671,0.20373623073101044,-1.6397769451141357,-1.6178168058395386,-1.5980733633041382,0.0,1.0
188416,184,3,304.7361392228623,298.3333333333333,-0.004708311113063246,10.912427616119384,-0.5971689596772194,0.005334815253445413,0.03193359375,0.5110490459948778,83.54700989723206,1.244232416152954,7.031382083892822,45.78982925415039,38.329925537109375,44.54559326171875,38.844642639160156,0.9663484202408125,0.915408194065094,258.22833251953125,0.475,1.0,0.0,1.0,0.0,0.0,-0.005023666191846132,0.20160476863384247,0.0,0.1843673437833786,0.19361019134521484,0.2026398926973343,-1.6353871822357178,-1.6175569295883179,-1.6001778841018677,0.0,1.0
189440,185,5,252.823862614693,248.2,-0.004614864528412,34.76534538269043,-0.5946471840143204,0.00349143896746682,0.0372314453125,0.5787403106689453,124.57750120162964,3.7699880599975586,11.737866401672363,36.942466735839844,42.79888153076172,33.17247772216797,46.462764739990234,0.9247834410780172,1.3272417783737183,364.68048095703125,0.525,1.0,0.0,1.0,0.0,0.0,-0.005605209618806839,0.20362073183059692,0.0,0.18516317009925842,0.19413866102695465,0.20202749967575073,-1.6338486671447754,-1.6165517568588257,-1.6013538837432861,0.0,1.0
190464,186,3,372.76819628189565,339.6666666666667,-0.004372858046554029,26.68976789712906,-0.5944104015827179,0.003769969397399109,0.0462890625,0.5912611991167068,136.72776112556457,0.9719604849815369,11.189590454101562,55.816925048828125,45.35239791870117,54.84496307373047,47.85236358642578,0.9391265491156173,1.1885666847229004,349.14239501953125,0.625,1.0,0.0,1.0,0.0,0.0,0.0003027228231076151,0.20050056278705597,0.0,0.18248607218265533,0.1931883841753006,0.20213761925697327,-1.6390259265899658,-1.6183973550796509,-1.601142406463623,0.0,1.0
191488,187,4,202.4516795577039,211.25,-0.004345893149729818,2.4333140552043915,-0.6016749635338783,0.00499780349782668,0.0451416015625,0.6468379341065884,25.787013936042786,0.26349762082099915,3.436730146408081,57.991580963134766,34.45595932006836,57.728084564208984,35.05864334106445,0.9900513959525472,1.5548268556594849,91.80847930908203,0.75,1.0,0.0,1.0,0.0,0.0,0.005652798339724541,0.2038380354642868,0.0,0.18080110847949982,0.19221794605255127,0.20249812304973602,-1.642287015914917,-1.620270848274231,-1.6004501581192017,0.0,1.0
192512,188,5,262.1914788335772,239.4,-0.004551606741733849,21.285751354694366,-0.604742893576622,0.004401602709549479,0.0541015625,0.6230466395616532,94.57307214736939,2.87921142578125,9.444754600524902,36.00581359863281,39.99949264526367,33.12660217285156,42.741859436035156,0.9442464769109172,1.0689729452133179,262.5084228515625,0.675,1.0,0.0,1.0,0.0,0.0,0.023030998185276985,0.2084653079509735,0.0,0.18230165541172028,0.1918928623199463,0.20065481960773468,-1.6393828392028809,-1.6208840608596802,-1.603990912437439,0.0,1.0
193536,189,4,229.0531218879479,236.5,-0.00482938983477652,12.644697278738022,-0.6033660367131233,0.004741154058137909,0.0571044921875,0.481170404702425,73.41078324317932,0.8865693807601929,7.799482822418213,65.96145629882812,42.90476989746094,65.07488250732422,44.49806213378906,0.9669538822322433,0.927448570728302,221.60662841796875,0.425,1.0,0.0,1.0,0.0,0.0,0.010339361615478992,0.2040899246931076,0.0,0.18507151305675507,0.1927891969680786,0.20068340003490448,-1.6340258121490479,-1.6191496849060059,-1.603935956954956,0.0,1.0
194560,190,5,244.64535248612327,222.4,-0.003309807099867612,10.16643609404564,-0.6018467292189598,0.0022270033921813594,0.0275390625,0.6532471217215061,60.11432957649231,0.002697288990020752,6.509037494659424,51.549705505371094,35.063899993896484,51.5470085144043,36.13164138793945,0.9655401713379416,1.2391867637634277,152.49362182617188,0.75,1.0,0.0,1.0,0.0,0.0,0.025767097249627113,0.20815201103687286,0.0,0.18196575343608856,0.19202874600887299,0.20111648738384247,-1.6400327682495117,-1.6206163167953491,-1.6031038761138916,0.0,1.0
195584,191,6,225.56078456450436,219.66666666666666,-0.004972408659523353,16.560457384586336,-0.6030716359615326,0.002340677827305626,0.0541015625,0.48332272060215475,90.90634756088257,-2.7324748039245605,8.386846542358398,55.402732849121094,40.19173049926758,58.13520812988281,38.96403121948242,0.9564564400322475,1.0652260780334473,265.0425109863281,0.375,1.0,0.0,1.0,0.0,0.0,0.008698194287717342,0.20763373374938965,0.0,0.1826763153076172,0.19316358864307404,0.20269165933132172,-1.638657808303833,-1.618430495262146,-1.6000785827636719,0.0,1.0
196608,192,5,156.63112310775816,184.2,-0.002505744076916017,25.382942032814025,-0.5963120684027672,0.001805328256159555,0.019775390625,0.5314765237271786,129.29664058685302,-3.070693254470825,10.08916187286377,52.094757080078125,40.42671585083008,55.16545486450195,38.72145080566406,0.9377164668637493,1.343283772468567,356.17755126953125,0.5,1.0,0.0,1.0,0.0,0.0,0.012011307291686535,0.21559342741966248,0.0,0.1830286830663681,0.1936848759651184,0.20380769670009613,-1.6379761695861816,-1.617430329322815,-1.5979361534118652,0.0,1.0
197632,193,3,179.8192015163235,213.66666666666666,-0.004772798618068919,4.956787341833115,-0.5970483765006065,0.005738412991922815,0.0459716796875,0.5646337121725082,67.0728443622589,1.7180321216583252,5.72398042678833,54.303016662597656,41.39591598510742,52.584983825683594,44.13668441772461,0.9808802929754084,1.197833776473999,222.3726348876953,0.6,1.0,0.0,1.0,0.0,0.0,0.008655257523059845,0.20884132385253906,0.0,0.1832880824804306,0.19306719303131104,0.2027195394039154,-1.6374744176864624,-1.618615746498108,-1.600024938583374,0.0,1.0
198656,194,6,232.61028373536647,232.83333333333334,-0.0033584589313250036,13.99241944551468,-0.6025260508060455,0.0028642835226492026,0.0250244140625,0.556332852691412,98.08458561897278,-1.9567573070526123,7.545550346374512,44.060890197753906,43.64512634277344,46.01764678955078,42.87977981567383,0.9701110756039949,1.0706268548965454,257.6705322265625,0.525,1.0,0.0,1.0,0.0,0.0,0.001726994407363236,0.2065572589635849,0.0,0.18288248777389526,0.19168366491794586,0.2021835595369339,-1.638258934020996,-1.6212855577468872,-1.6010541915893555,0.0,1.0
199680,195,4,183.89048492692615,202.75,-0.0030854306765832006,25.936625385284422,-0.6088509693741798,0.0007480528991436585,0.0212890625,0.5283923748880625,132.14134702682495,-1.236323595046997,10.905162811279297,50.5629768371582,40.527793884277344,51.79929733276367,43.096961975097656,0.9275967044462436,0.9937454462051392,335.6053161621094,0.475,1.0,0.0,1.0,0.0,0.0,-0.019423825666308403,0.2021445631980896,0.0,0.1845153272151947,0.19111452996730804,0.20107394456863403,-1.635101079940796,-1.6223735809326172,-1.6031856536865234,0.0,1.0
200704,196,5,186.4707588134155,207.4,-0.0027239099028520284,18.519307994842528,-0.6107632413506507,0.0017404434343916363,0.0165283203125,0.48851934522390367,88.44245295524597,0.4021443724632263,8.950057983398438,31.747167587280273,39.40264129638672,31.34502410888672,40.96234130859375,0.9484057849256458,0.9323089718818665,249.1834259033203,0.45,1.0,0.0,1.0,0.0,0.0,-0.04169679805636406,0.20662063360214233,0.0,0.18451812863349915,0.190999373793602,0.19891154766082764,-1.6350955963134766,-1.6225923299789429,-1.6073418855667114,0.0,1.0
201728,197,5,218.31358667599483,221.6,-0.004293014365248382,8.555701088905334,-0.6117419049143791,0.0071943970382562835,0.048681640625,0.5895487934350967,64.909912443161,0.7749096155166626,7.613992691040039,55.77775192260742,38.74311828613281,55.00284194946289,41.399314880371094,0.9613779079057391,1.2348664999008179,227.4990997314453,0.55,1.0,0.0,1.0,0.0,0.0,-0.03072839416563511,0.2034308761358261,0.0,0.18385806679725647,0.1905132681131363,0.1995326429605484,-1.6363719701766968,-1.6235198974609375,-1.6061477661132812,0.0,1.0
202752,198,7,176.81154306925256,205.42857142857142,-0.006608747027348727,22.196093130111695,-0.6145144462585449,0.0054559383599553255,0.0404296875,0.5367909081280231,84.72184267044068,-1.800384759902954,8.518940925598145,43.18782424926758,45.2073974609375,44.98820877075195,43.97740936279297,0.9644898707100612,0.9390058517456055,200.69154357910156,0.45,1.0,0.0,1.0,0.0,0.0,-0.03095136024057865,0.20455239713191986,0.0,0.18243597447872162,0.19051827490329742,0.2016555517911911,-1.6391228437423706,-1.6235175132751465,-1.602068305015564,0.0,1.0
203776,199,3,179.832811302811,190.66666666666666,-0.003486989007797092,2.214827927947044,-0.6146101355552673,0.0036627135777962394,0.0422607421875,0.6580331914126873,37.14065778255463,-0.054971225559711456,3.794001579284668,61.124855041503906,35.41807556152344,61.17982482910156,35.18208694458008,0.9885251984703677,1.6153414249420166,133.6614990234375,0.6,1.0,0.0,1.0,0.0,0.0,-0.021543392911553383,0.19892700016498566,0.0,0.18199993669986725,0.1900969296693802,0.20054274797439575,-1.639966607093811,-1.6243563890457153,-1.6042063236236572,0.0,1.0
204800,200,4,249.6327379986178,258.75,-0.004259851400274783,13.00277174115181,-0.6166440904140472,0.005104543178458698,0.0377685546875,0.5817267782986164,95.30746774673462,2.1888442039489746,7.690820693969727,35.79621124267578,42.10744857788086,33.607364654541016,43.25359344482422,0.9666398917547123,1.2275042533874512,252.35208129882812,0.575,1.0,0.0,1.0,0.0,0.0,-0.02042415551841259,0.205524742603302,0.0,0.18259687721729279,0.18999429047107697,0.1990806758403778,-1.6388115882873535,-1.624531865119934,-1.607016682624817,0.0,1.0
205824,201,4,267.40997644918815,250.25,-0.0047188221476972105,2.431406792998314,-0.6193912327289581,0.0028994003165280446,0.035791015625,0.505045473575592,44.78283214569092,0.09359493851661682,4.125546455383301,66.20355224609375,36.21938705444336,66.10995483398438,36.7921142578125,0.9870257949674265,0.9400986433029175,140.8678741455078,0.425,1.0,0.0,1.0,0.0,0.0,-0.011192583478987217,0.20212912559509277,0.0,0.18004824221134186,0.188912495970726,0.1988484263420105,-1.6437448263168335,-1.6266299486160278,-1.6074633598327637,0.0,1.0
206848,202,5,231.39514406211225,241.0,-0.0050377591396681964,19.395254004001618,-0.6255164876580238,0.0019096021336736158,0.0466064453125,0.5226004753261805,143.75810785293578,2.5374200344085693,10.33087158203125,32.15214538574219,43.07563400268555,29.61472511291504,46.98694610595703,0.9424810994762979,1.209487795829773,393.7630920410156,0.55,1.0,0.0,1.0,0.0,0.0,-0.010634314268827438,0.20636104047298431,0.0,0.1759617179632187,0.18823932111263275,0.20044973492622375,-1.6516642570495605,-1.6279315948486328,-1.6043850183486938,0.0,1.0
207872,203,4,266.21830634118595,263.75,-0.004135108471382409,11.169120872020722,-0.6269749864935875,0.0040836761385435235,0.0350341796875,0.5442125849425793,61.97836594581604,-0.7682239413261414,7.167530059814453,54.831687927246094,40.658416748046875,55.59990692138672,41.45285415649414,0.9689230685233322,0.9931461811065674,161.76744079589844,0.575,1.0,0.0,1.0,0.0,0.0,-0.015713660046458244,0.20705756545066833,0.0,0.1772090643644333,0.18823456764221191,0.2002156376838684,-1.6492457389831543,-1.6279349327087402,-1.6048349142074585,0.0,1.0
208896,204,5,160.55682951361268,189.0,-0.0035915962711442263,23.216297721862794,-0.6272880300879479,0.00466173766326392,0.0409912109375,0.5793809503316879,115.53393688201905,-2.4135146141052246,9.81359577178955,54.1074333190918,43.56663513183594,56.52094650268555,42.49823760986328,0.949260251867142,0.9762880802154541,354.1878356933594,0.625,1.0,0.0,1.0,0.0,0.0,-0.0024890482891350985,0.20147475600242615,0.0,0.17856264114379883,0.1881052851676941,0.20068113505840302,-1.6466225385665894,-1.628191590309143,-1.6039403676986694,0.0,1.0
209920,205,4,217.51510466145456,230.75,-0.006282156356610358,8.632979333400726,-0.6278560131788253,0.005104596105229575,0.0557373046875,0.5659006334841251,64.5807580947876,1.6402918100357056,6.459994316101074,42.125221252441406,38.01576614379883,40.48492431640625,39.539791107177734,0.9711240167964496,1.0545514822006226,198.57400512695312,0.55,1.0,0.0,1.0,0.0,0.0,-0.0183554794639349,0.20372088253498077,0.0,0.177678182721138,0.1880340576171875,0.20057375729084015,-1.6483365297317505,-1.6283372640609741,-1.6041467189788818,0.0,1.0
210944,206,4,261.58625014030457,249.25,-0.004615562641993165,11.033051359653474,-0.6265240713953972,0.004207217997463886,0.0439453125,0.5689422555267811,87.05367679595948,3.1246016025543213,6.7595109939575195,42.22859191894531,38.52557373046875,39.10398864746094,39.24895095825195,0.9692154833433984,1.2092034816741943,298.9561462402344,0.575,1.0,0.0,1.0,0.0,0.0,-0.025747686624526978,0.20127414166927338,0.0,0.17722608149051666,0.18867357075214386,0.19981132447719574,-1.6492128372192383,-1.6270966529846191,-1.60561203956604,0.0,1.0
211968,207,4,232.18354197936398,233.25,-0.006609360896982252,6.220705750584602,-0.6241757050156593,0.007430594391189515,0.0606201171875,0.5595026534050703,53.77878222465515,0.6975653171539307,5.740741729736328,70.81404876708984,36.30809020996094,70.11648559570312,35.34868621826172,0.9750006214381092,0.9975814819335938,172.46046447753906,0.55,1.0,0.0,1.0,0.0,0.0,-0.014943686313927174,0.20334868133068085,0.0,0.17770177125930786,0.18877510726451874,0.1997928023338318,-1.648290753364563,-1.6268901824951172,-1.6056475639343262,0.0,1.0
212992,208,5,228.4621643895062,228.2,-0.0027186663704924286,27.54614019393921,-0.6205920889973641,0.002746276755351573,0.0291748046875,0.5537436321377754,102.63062400817871,-1.1688385009765625,10.4667387008667,49.25835418701172,41.256446838378906,50.42719650268555,39.30906295776367,0.9356365839291525,0.9771711826324463,253.62490844726562,0.55,1.0,0.0,1.0,0.0,0.0,-0.015603077597916126,0.20703719556331635,0.0,0.1789151430130005,0.1900566816329956,0.20188216865062714,-1.645939588546753,-1.624429702758789,-1.601633071899414,0.0,1.0
214016,209,4,195.46219074111056,224.5,-0.0048644414695445445,21.679586672782897,-0.6156465142965317,0.004149687646713573,0.04375,0.6197304882109165,128.73272094726562,-1.1353813409805298,9.81682300567627,41.59149932861328,37.663455963134766,42.72688293457031,37.78656768798828,0.9320637599978348,1.6243749856948853,347.4072265625,0.625,1.0,0.0,1.0,0.0,0.0,-0.02468787133693695,0.2115778923034668,0.0,0.18073591589927673,0.19017882645130157,0.20267193019390106,-1.6424132585525513,-1.6242016553878784,-1.6001163721084595,0.0,1.0
215040,210,3,297.06661939382553,282.6666666666667,-0.003760102443629876,10.051585423946381,-0.6154234379529953,0.0039036532907630317,0.0406982421875,0.6288979269564152,125.15611352920533,4.728843688964844,7.047084808349609,45.915077209472656,49.106685638427734,41.18623352050781,53.621028900146484,0.9794061378748101,1.3177963495254517,395.5846252441406,0.7,1.0,0.0,1.0,0.0,0.0,-0.02338329143822193,0.20915734767913818,0.0,0.18028463423252106,0.1903398036956787,0.20312616229057312,-1.6432870626449585,-1.6239029169082642,-1.5992443561553955,0.0,1.0
216064,211,4,278.7999328209627,282.5,-0.004744889930589124,17.707743805646896,-0.6156358748674393,0.0034791970552760175,0.04248046875,0.5980381287634373,136.2146505355835,4.576245307922363,9.217890739440918,43.992374420166016,49.1260986328125,39.41613006591797,53.04996871948242,0.9647922290323473,1.2341814041137695,386.49224853515625,0.55,1.0,0.0,1.0,0.0,0.0,-0.013327016495168209,0.20852120220661163,0.0,0.1824372410774231,0.18986885249614716,0.2005947083234787,-1.6391204595565796,-1.6247628927230835,-1.6041064262390137,0.0,1.0
217088,212,3,249.67226577249588,244.0,-0.0032603324973024426,34.341058456897734,-0.6229619890451431,0.0030258111088187433,0.033251953125,0.6313687928020955,125.86073112487793,0.439605712890625,11.855988502502441,66.52375793457031,41.848426818847656,66.08415222167969,42.705665588378906,0.91973664587487,1.1991353034973145,263.9705505371094,0.675,1.0,0.0,1.0,0.0,0.0,-0.022120893001556396,0.20431548357009888,0.0,0.18060335516929626,0.187879279255867,0.1965230405330658,-1.642669916152954,-1.628610610961914,-1.6119369268417358,0.0,1.0
218112,213,5,276.9559876853518,259.6,-0.004746301705017686,26.82841763496399,-0.6333074018359184,0.005094945173186716,0.0536865234375,0.6255432788282633,71.43700289726257,0.1521369069814682,9.51028060913086,48.27764892578125,40.84156036376953,48.125511169433594,42.58771896362305,0.945777190264048,1.2114604711532593,155.05055236816406,0.675,1.0,0.0,1.0,0.0,0.0,-0.011723596602678299,0.20745055377483368,0.0,0.1787278950214386,0.18652169406414032,0.1934187412261963,-1.646302342414856,-1.63124418258667,-1.617915391921997,0.0,1.0
219136,214,4,296.9134659518636,273.0,-0.005057026376016438,16.34801666736603,-0.6358470350503922,0.003644481417723,0.0274169921875,0.5467650830745697,94.69822034835815,0.16629087924957275,9.151619911193848,55.906761169433594,40.10024642944336,55.74047088623047,42.516727447509766,0.9479162930503492,0.9867870211601257,307.1795959472656,0.55,1.0,0.0,1.0,0.0,0.0,-0.023614615201950073,0.20319469273090363,0.0,0.1811978965997696,0.18726438283920288,0.19272075593471527,-1.6415189504623413,-1.629781723022461,-1.619260549545288,0.0,1.0
220160,215,5,196.13336603814963,220.4,-0.004629582091001794,10.091496968269348,-0.6291302368044853,0.004338664528040681,0.0421142578125,0.5575684465467929,71.64563326835632,1.0837764739990234,6.808656692504883,57.196651458740234,45.04581832885742,56.112876892089844,44.64134216308594,0.9771537994703732,1.2980374097824097,190.7145538330078,0.575,1.0,0.0,1.0,0.0,0.0,-0.027888745069503784,0.20566822588443756,0.0,0.18277694284915924,0.18823230266571045,0.1920510232448578,-1.6384631395339966,-1.6279282569885254,-1.6205517053604126,0.0,1.0
221184,216,5,254.63633026519193,244.4,-0.0032354990020394326,22.15711590051651,-0.6253408998250961,0.0029788478466798553,0.0172119140625,0.49986730962991716,112.8541153907776,-2.125607490539551,9.0593843460083,43.01116943359375,37.58612823486328,45.13677215576172,35.62274932861328,0.9419045378983493,1.1740999221801758,282.7591857910156,0.4,1.0,0.0,1.0,0.0,0.0,-0.023680655285716057,0.20644868910312653,0.0,0.18238168954849243,0.18880386650562286,0.19256582856178284,-1.6392278671264648,-1.6268144845962524,-1.6195591688156128,0.0,1.0
222208,217,4,207.52379368583027,215.5,-0.00428121006116271,3.4461456552147864,-0.6214003801345825,0.004101315901789348,0.0453125,0.6195992153137923,50.15404095649719,0.6242587566375732,4.845941066741943,60.569427490234375,41.37508010864258,59.94517135620117,42.756919860839844,0.9862823875156699,1.3522193431854248,183.79356384277344,0.7,1.0,0.0,1.0,0.0,0.0,-0.015067468397319317,0.206187441945076,0.0,0.18327240645885468,0.18970608711242676,0.19382981956005096,-1.6375046968460083,-1.6250635385513306,-1.6171232461929321,0.0,1.0
223232,218,3,215.01625329178248,236.0,-0.005250137543771416,9.355258601903916,-0.6199654832482338,0.005551345879212022,0.0522705078125,0.5661231338977813,127.43935556411743,3.0669937133789062,6.595101833343506,39.310482025146484,36.94955062866211,36.24348831176758,39.92185592651367,0.9681415500960681,1.06717848777771,436.2044982910156,0.525,1.0,0.0,1.0,0.0,0.0,-0.014237046241760254,0.20486922562122345,0.0,0.18136504292488098,0.18869374692440033,0.1925463080406189,-1.6411954164505005,-1.6270265579223633,-1.6195968389511108,0.0,1.0
224256,219,6,287.7438557772637,282.6666666666667,-0.0025417748489417135,13.479697620868683,-0.6263409242033958,0.00281266105157556,0.017578125,0.5551910944283008,97.79075803756714,1.6660962104797363,7.6720757484436035,32.18867492675781,45.6834716796875,30.52257537841797,48.566986083984375,0.9717962036311363,1.0048069953918457,293.57421875,0.55,1.0,0.0,1.0,0.0,0.0,-0.04326283931732178,0.21452631056308746,0.0,0.17918413877487183,0.18809716403484344,0.19329142570495605,-1.645418405532837,-1.628201961517334,-1.6181607246398926,0.0,1.0
225280,220,3,137.95487792031255,186.66666666666666,-0.005116026871837676,15.176049399375916,-0.6281059041619301,0.002045416877081152,0.057958984375,0.6080812867730856,88.75264911651611,-0.42719340324401855,8.036959648132324,58.821861267089844,37.467987060546875,59.249053955078125,37.42800521850586,0.953988869648696,1.2771165370941162,215.51458740234375,0.675,1.0,0.0,1.0,0.0,0.0,-0.02985544502735138,0.217817023396492,0.0,0.17753317952156067,0.18799050152301788,0.19371658563613892,-1.6486175060272217,-1.6283925771713257,-1.6173415184020996,0.0,1.0
226304,221,5,188.48394338451658,203.2,-0.0038629398331977427,9.350925046205521,-0.6276804387569428,0.0034099034819519147,0.0258544921875,0.5286876682192088,76.83685116767883,-0.6604373455047607,6.858381271362305,46.46638107299805,41.87406539916992,47.12681579589844,41.777137756347656,0.9731741754186667,0.9403069615364075,191.0531768798828,0.5,1.0,0.0,1.0,0.0,0.0,-0.030920661985874176,0.20947380363941193,0.0,0.1783200204372406,0.18832068145275116,0.1942613124847412,-1.647092580795288,-1.627756953239441,-1.6162919998168945,0.0,1.0
227328,222,5,240.1717558875729,228.2,-0.003380528901470825,26.502048200368883,-0.6259745046496391,0.0071422511042328555,0.0455078125,0.5118046164512634,70.74709367752075,1.1300477981567383,9.187960624694824,44.125919342041016,41.66703414916992,42.995872497558594,43.17613220214844,0.9513757374891624,1.0714625120162964,192.53355407714844,0.45,1.0,0.0,1.0,0.0,0.0,-0.042814310640096664,0.21755559742450714,0.0,0.17936420440673828,0.18847866356372833,0.19455614686012268,-1.6450695991516113,-1.6274484395980835,-1.6157240867614746,0.0,1.0
228352,223,4,194.3968005647502,220.0,-0.0031957838451489805,9.543857872486115,-0.6240117624402046,0.0022890574007760735,0.0243408203125,0.6379686392843723,103.06094365119934,1.4917783737182617,6.95974063873291,55.339149475097656,35.644405364990234,53.847373962402344,37.43636703491211,0.9618755704779383,1.2161952257156372,245.37850952148438,0.7,1.0,0.0,1.0,0.0,0.0,-0.028013452887535095,0.21322615444660187,0.0,0.1807970553636551,0.18891263008117676,0.1931471973657608,-1.6422948837280273,-1.62661612033844,-1.618438720703125,0.0,1.0
229376,224,7,215.86265208500325,225.0,-0.005560915946261957,18.10946865081787,-0.624746572971344,0.005678543329122476,0.052734375,0.563658257573843,101.95884532928467,-1.7375493049621582,7.912386417388916,46.8992805480957,43.252742767333984,48.63682556152344,41.24369430541992,0.9665352440361435,0.9088008403778076,270.298828125,0.575,1.0,0.0,1.0,0.0,0.0,-0.01585162989795208,0.21573613584041595,0.0,0.1821160465478897,0.18823029100894928,0.19151155650615692,-1.6397418975830078,-1.6279405355453491,-1.6215918064117432,0.0,1.0
230400,225,2,196.5543756544096,229.5,-0.002985485445242375,14.870006340742112,-0.6302595555782318,0.0040212452760897575,0.035302734375,0.5998857285827398,118.22707486152649,0.27331748604774475,8.548578262329102,48.306678771972656,34.686710357666016,48.033355712890625,35.04548645019531,0.9392618588596792,1.7762197256088257,345.67706298828125,0.625,1.0,0.0,1.0,0.0,0.0,-0.023948708549141884,0.20895418524742126,0.0,0.18153482675552368,0.18697555363178253,0.19047655165195465,-1.640866756439209,-1.6303576231002808,-1.62358820438385,0.0,1.0
231424,226,6,235.4148660857884,240.83333333333334,-0.0032254022778943183,5.945824837684631,-0.6362043604254722,0.0031219297467032447,0.02373046875,0.5641049660742283,49.08628809452057,1.5008386373519897,5.480883598327637,42.34660339355469,42.353355407714844,40.84576416015625,43.461692810058594,0.9832534457478044,0.9774112701416016,201.2766876220703,0.625,1.0,0.0,1.0,0.0,0.0,-0.026702305302023888,0.20262931287288666,0.0,0.18261227011680603,0.18635167181491852,0.18832337856292725,-1.6387817859649658,-1.6315737962722778,-1.6277437210083008,0.0,1.0
232448,227,4,193.4581674738164,188.25,-0.004601652134442702,12.360915583372115,-0.6415514379739762,0.0029355919803492727,0.052490234375,0.6976925827562809,104.47384037971497,3.5159542560577393,7.602559566497803,53.04677963256836,46.95271682739258,49.53082275390625,50.006168365478516,0.9737820841949969,1.2597384452819824,341.74560546875,0.775,1.0,0.0,1.0,0.0,0.0,-0.022485977038741112,0.2056097835302353,0.0,0.18087586760520935,0.18478679656982422,0.18752053380012512,-1.6421422958374023,-1.634568691253662,-1.6292939186096191,0.0,1.0
233472,228,2,259.5120015688964,257.0,-0.004422606289153919,12.41407418847084,-0.6512449890375137,0.004705339184147306,0.0373291015625,0.6034744679927826,114.94104251861572,3.945418357849121,7.615997791290283,42.4681396484375,38.53769302368164,38.52272033691406,42.02769088745117,0.9609445002533619,1.220064640045166,406.04278564453125,0.55,1.0,0.0,1.0,0.0,0.0,-0.0178068820387125,0.21225756406784058,0.0,0.18004737794399261,0.18334974348545074,0.18596339225769043,-1.6437464952468872,-1.637353777885437,-1.6323020458221436,0.0,1.0
234496,229,6,318.4343376965032,284.5,-0.003924755798652768,12.158068108558655,-0.656157061457634,0.004181469324976206,0.03671875,0.6070492044091225,80.5244972705841,0.3074180483818054,8.196194648742676,54.36283493041992,41.996612548828125,54.055419921875,44.31477355957031,0.9619113145488931,1.1361274719238281,239.17105102539062,0.65,1.0,0.0,1.0,0.0,0.0,-0.017186222597956657,0.2056952863931656,0.0,0.18028341233730316,0.18311244249343872,0.18529003858566284,-1.6432894468307495,-1.6378083229064941,-1.6336034536361694,0.0,1.0
235520,230,3,199.00531339969083,217.66666666666666,-0.00493882242590189,9.076073497533798,-0.6564672276377678,0.004162478902435396,0.0435302734375,0.612149790674448,64.77545704841614,1.2928792238235474,6.3442158699035645,35.841697692871094,35.51814270019531,34.5488166809082,36.74894714355469,0.968095242435322,1.423285961151123,196.5358428955078,0.625,1.0,0.0,1.0,0.0,0.0,-0.024165784940123558,0.20040403306484222,0.0,0.18065451085567474,0.18305407464504242,0.18499675393104553,-1.642570972442627,-1.6379305124282837,-1.6341702938079834,0.0,1.0
236544,231,6,230.2122658861299,258.3333333333333,-0.0031922528520226478,8.954179811477662,-0.6583047389984131,0.0017343879211694003,0.019384765625,0.5695213042199612,57.536028265953064,0.2732158303260803,6.040303707122803,48.599281311035156,49.0667610168457,48.32606887817383,49.22489547729492,0.984845459128898,1.0119359493255615,170.83583068847656,0.55,1.0,0.0,1.0,0.0,0.0,-0.021601304411888123,0.20434020459651947,0.0,0.18040136992931366,0.18260836601257324,0.18490923941135406,-1.6430610418319702,-1.638805866241455,-1.6343395709991455,0.0,1.0
237568,232,2,172.21036282665892,203.0,-0.0028222990746144204,5.731523507833481,-0.6595662891864776,0.001218334393342957,0.016943359375,0.5429360046982765,71.06262969970703,-0.7857427000999451,5.3211517333984375,53.878074645996094,35.21890640258789,54.663822174072266,35.32304382324219,0.9771724418856387,1.1689505577087402,238.98825073242188,0.575,1.0,0.0,1.0,0.0,0.0,-0.018550412729382515,0.200895756483078,0.0,0.18091534078121185,0.18265430629253387,0.1852627992630005,-1.6420660018920898,-1.6386960744857788,-1.6336560249328613,0.0,1.0
238592,233,4,222.497726812849,246.25,-0.0052947118179872635,7.239265951514244,-0.6602909862995148,0.0038951873357291333,0.0387939453125,0.6291727587580681,82.7603832244873,2.760035276412964,6.483670234680176,42.914283752441406,42.50710678100586,40.15425109863281,45.68484878540039,0.9767341555616097,1.0880025625228882,280.8834533691406,0.7,1.0,0.0,1.0,0.0,0.0,-0.02093898318707943,0.19977149367332458,0.0,0.1784333884716034,0.18218058347702026,0.18647904694080353,-1.6468729972839355,-1.6396147012710571,-1.6313056945800781,0.0,1.0
239616,234,5,268.2271307154548,279.2,-0.005418636481044814,9.1231979906559,-0.6608487829566002,0.007030292687704787,0.0654541015625,0.6824411489069462,66.7969361782074,1.6402747631072998,6.333428382873535,33.81724166870117,38.39141845703125,32.17696762084961,39.855735778808594,0.9727849361090164,1.206433892250061,188.6915740966797,0.725,1.0,0.0,1.0,0.0,0.0,-0.01625817082822323,0.20017200708389282,0.0,0.1775824874639511,0.18290607631206512,0.1887710690498352,-1.648521900177002,-1.6382228136062622,-1.626879334449768,0.0,1.0
240640,235,3,254.32709087658657,281.0,-0.0041763292159885165,3.0155052348971365,-0.6595199257135391,0.003240665992780123,0.0366455078125,0.6298755798488855,52.49023759365082,2.2545838356018066,4.226077079772949,54.7591667175293,37.10369110107422,52.50458526611328,38.72080993652344,0.9870269957592342,1.5266672372817993,200.4334716796875,0.7,1.0,0.0,1.0,0.0,0.0,-0.020703358575701714,0.20257267355918884,0.0,0.17759646475315094,0.18168479204177856,0.18658149242401123,-1.648494839668274,-1.640584945678711,-1.6311078071594238,0.0,1.0
241664,236,3,234.79714731090652,254.0,-0.0026239218888804315,12.64615148305893,-0.6679021865129471,0.002160058879235294,0.0228515625,0.5568534150719643,107.2964273929596,4.1988935470581055,6.524210453033447,35.31763458251953,39.53681945800781,31.118738174438477,41.461639404296875,0.9727696935939253,0.9434724450111389,352.7493896484375,0.575,1.0,0.0,1.0,0.0,0.0,-0.027897080406546593,0.20213185250759125,0.0,0.17604415118694305,0.1806621551513672,0.18490198254585266,-1.651504397392273,-1.6425710916519165,-1.6343536376953125,0.0,1.0
242688,237,4,294.9739824133558,307.75,-0.005931292579043656,4.966892856359482,-0.6708961054682732,0.003201879028347321,0.056884765625,0.5942579299211502,44.28739130496979,0.4840441346168518,5.2244672775268555,56.74565124511719,40.79849624633789,56.26161193847656,40.7741584777832,0.9836018156993037,1.053833246231079,151.37985229492188,0.7,1.0,0.0,1.0,0.0,0.0,-0.025557460263371468,0.20075364410877228,0.0,0.17544448375701904,0.1809895634651184,0.18540319800376892,-1.65266752243042,-1.6419283151626587,-1.6333847045898438,0.0,1.0
243712,238,3,243.114262476248,265.0,-0.006575708778109401,11.035125064849854,-0.6667284727096557,0.004820981327793561,0.0535888671875,0.5369640327990055,78.17582459449768,1.4625451564788818,7.198914051055908,36.581871032714844,34.2109489440918,35.119327545166016,35.55198287963867,0.9557203856206455,0.9925941228866577,256.96380615234375,0.525,1.0,0.0,1.0,0.0,0.0,-0.03324213996529579,0.20039910078048706,0.0,0.1738758683204651,0.18189175426959991,0.18776723742485046,-1.6557109355926514,-1.640181064605713,-1.6288175582885742,0.0,1.0
244736,239,6,259.65326436558377,261.8333333333333,-0.004513838799903169,12.721548733115196,-0.6613429665565491,0.004829537073965185,0.0387451171875,0.6634541571140289,110.14950790405274,3.3638644218444824,8.104512214660645,45.27366638183594,43.2326774597168,41.90980529785156,47.52259826660156,0.9648577590260043,1.355475902557373,373.3414306640625,0.7,1.0,0.0,1.0,0.0,0.0,-0.025726228952407837,0.20271402597427368,0.0,0.1739581972360611,0.1824246644973755,0.1892714500427246,-1.6555511951446533,-1.6391550302505493,-1.6259135007858276,0.0,1.0
245760,240,2,276.0811519723668,314.5,-0.004755510686663911,4.46672789156437,-0.6628933683037758,0.0027719102406990716,0.056689453125,0.801722040772438,70.30534355640411,4.055488586425781,3.756678342819214,30.598588943481445,33.871238708496094,26.543102264404297,35.4929313659668,0.9876988460154761,1.6365129947662354,261.5129089355469,0.8,1.0,0.0,1.0,0.0,0.0,-0.026348432525992393,0.20427283644676208,0.0,0.17393261194229126,0.18136610090732574,0.18836785852909088,-1.6556007862091064,-1.6412049531936646,-1.6276577711105347,0.0,1.0
246784,241,6,247.6492209641159,258.8333333333333,-0.00391500445548445,10.184047424793244,-0.66858811378479,0.00896820753114298,0.0721923828125,0.7018427722156048,63.3363395690918,1.6916717290878296,7.0153632164001465,53.156272888183594,43.693946838378906,51.464599609375,45.29316711425781,0.9742214924915714,1.3561044931411743,195.90005493164062,0.775,1.0,0.0,1.0,0.0,0.0,-0.018318908289074898,0.2085980623960495,0.0,0.1726459562778473,0.18098075687885284,0.190151184797287,-1.6580983400344849,-1.6419709920883179,-1.624215841293335,0.0,1.0
247808,242,3,176.65212005147055,198.66666666666666,-0.0036504688789136706,4.268141707777977,-0.6686944544315339,0.002060071166488342,0.0467041015625,0.6528626218438148,56.61155269145966,1.4579650163650513,4.831340789794922,42.63683319091797,38.77484893798828,41.178871154785156,38.8558235168457,0.9844748774620147,1.177202820777893,213.0259552001953,0.725,1.0,0.0,1.0,0.0,0.0,-0.010387546382844448,0.21315576136112213,0.0,0.17287878692150116,0.1810406893491745,0.1906876564025879,-1.6576462984085083,-1.641837477684021,-1.623180866241455,0.0,1.0
248832,243,4,269.60641107851967,262.75,-0.003281966538634151,27.185831701755525,-0.6698229730129241,0.003923952601326164,0.0335693359375,0.7032572858035564,175.51636781692505,2.815399646759033,11.250666618347168,45.959617614746094,41.800872802734375,43.144222259521484,46.292720794677734,0.927558773935108,1.5450807809829712,562.2070922851562,0.7,1.0,0.0,1.0,0.0,0.0,-0.009104578755795956,0.21013149619102478,0.0,0.1730244755744934,0.18066228926181793,0.18991774320602417,-1.6573634147644043,-1.6425800323486328,-1.6246663331985474,0.0,1.0
249856,244,7,211.87715369077765,243.57142857142858,-0.00286877901526168,11.915928453207016,-0.6725851058959961,0.003410743070708122,0.028125,0.7603195488452912,93.06747241020203,-1.637960433959961,7.082563400268555,41.49269104003906,44.33008575439453,43.130653381347656,43.888545989990234,0.9744739429246446,1.551672339439392,368.13311767578125,0.825,1.0,0.0,1.0,0.0,0.0,-0.011255592107772827,0.20900651812553406,0.0,0.17361456155776978,0.17996035516262054,0.1886560469865799,-1.6562180519104004,-1.6439393758773804,-1.6271014213562012,0.0,1.0
250880,245,1,223.1429868905964,264.0,-0.00312660438939929,2.386438399553299,-0.6783797845244408,0.0034461480056052094,0.0369873046875,0.6695963256061077,48.76968955993652,2.0439553260803223,3.8298490047454834,60.524864196777344,39.061492919921875,58.48090744018555,39.947898864746094,0.9903868520436804,1.4802931547164917,169.41400146484375,0.65,1.0,0.0,1.0,0.0,0.0,-0.014692270196974277,0.20851220190525055,0.0,0.17288008332252502,0.17849576473236084,0.18504847586154938,-1.6576437950134277,-1.6467705965042114,-1.6340703964233398,0.0,1.0
251904,246,4,231.8534484751982,253.25,-0.004951317782979458,5.253633996844291,-0.6839702963829041,0.005132894999405835,0.047705078125,0.6969460390508175,55.349524116516115,1.0086164474487305,5.167759418487549,48.01329803466797,39.96967697143555,47.004676818847656,38.82112503051758,0.9832835764672515,1.3230863809585571,154.85574340820312,0.75,1.0,0.0,1.0,0.0,0.0,-0.029793351888656616,0.2095946967601776,0.0,0.17449860274791718,0.1785992980003357,0.18365254998207092,-1.654502511024475,-1.6465479135513306,-1.636769413948059,0.0,1.0
252928,247,5,276.09371114742845,275.8,-0.006774375296663493,4.900518164038658,-0.6830468446016311,0.006171120041108225,0.0688232421875,0.6607441700994968,47.92111937999725,-0.9219341278076172,4.954220771789551,58.3613166809082,42.435062408447266,59.28324890136719,40.33315658569336,0.9863698352139801,1.3792027235031128,173.15322875976562,0.75,1.0,0.0,1.0,0.0,0.0,-0.02156560681760311,0.21661245822906494,0.0,0.17608335614204407,0.1784578561782837,0.18195432424545288,-1.651428461074829,-1.646842360496521,-1.6400549411773682,0.0,1.0
253952,248,5,217.27732489426043,220.6,-0.00250096624949947,30.269445729255676,-0.6820194005966187,0.0013113245600834488,0.022119140625,0.5637579567730426,139.17262964248658,-1.8469855785369873,10.5579833984375,58.80097579956055,39.98055648803711,60.64796447753906,38.9654426574707,0.9302628323285097,1.146427869796753,354.5715637207031,0.525,1.0,0.0,1.0,0.0,0.0,-0.0072171855717897415,0.22540868818759918,0.0,0.17561061680316925,0.1790817379951477,0.18390043079853058,-1.6523451805114746,-1.6456197500228882,-1.6362900733947754,0.0,1.0
254976,249,4,218.7633143143334,218.0,-0.005288042617030442,20.81305373907089,-0.6796004489064217,0.005793588364031166,0.058837890625,0.7021693408489227,100.29000110626221,-0.22939905524253845,9.650514602661133,47.999908447265625,44.36241149902344,48.22930908203125,46.276756286621094,0.9526771775297338,1.7934072017669678,321.0682678222656,0.675,1.0,0.0,1.0,0.0,0.0,-0.015673743560910225,0.2130962759256363,0.0,0.1754642277956009,0.17920146882534027,0.18569156527519226,-1.6526291370391846,-1.6453804969787598,-1.6328274011611938,0.0,1.0
256000,250,4,241.25281886373966,258.0,-0.004645392467500642,3.4457778096199037,-0.6797208756208419,0.0042329970034188594,0.0338623046875,0.6256849352270365,43.370444083213805,0.3523077368736267,4.621708869934082,50.274147033691406,40.99495315551758,49.92184066772461,43.47810745239258,0.9872900352814915,1.3076708316802979,123.97266387939453,0.675,1.0,0.0,1.0,0.0,0.0,-0.008440612815320492,0.22168996930122375,0.0,0.1750568151473999,0.17891718447208405,0.185726135969162,-1.6534194946289062,-1.6459484100341797,-1.6327605247497559,0.0,1.0
257024,251,4,214.4488509772798,207.75,-0.004536324157379567,18.46971117258072,-0.6812862679362297,0.00645394319872139,0.04970703125,0.6508511535823345,166.46025924682618,2.714998245239258,9.477272987365723,43.808284759521484,44.059814453125,41.093284606933594,48.0307731628418,0.953731914633961,1.4908639192581177,512.3768310546875,0.65,1.0,0.0,1.0,0.0,0.0,-0.0008023817208595574,0.22322888672351837,0.0,0.1728089153766632,0.17890270054340363,0.18713325262069702,-1.657781958580017,-1.6459832191467285,-1.6300419569015503,0.0,1.0
258048,252,3,280.3597103588524,283.3333333333333,-0.002679042471572757,3.497031883895397,-0.6831265226006508,0.0041316817427286875,0.0422607421875,0.6973797291517257,48.97255561351776,1.7538573741912842,4.741638660430908,51.19239044189453,39.971805572509766,49.43853759765625,42.35654067993164,0.9859282111330991,1.581049919128418,211.9367218017578,0.75,1.0,0.0,1.0,0.0,0.0,-0.007380406837910414,0.20731377601623535,0.0,0.17043578624725342,0.17809785902500153,0.18682731688022614,-1.6623910665512085,-1.6475359201431274,-1.6306328773498535,0.0,1.0
259072,253,6,244.41762714712004,260.5,-0.0030956650152802467,6.789819484949112,-0.6854611918330192,0.003956870439287741,0.025439453125,0.5228691563010216,49.27295615673065,-0.5782592296600342,5.4693193435668945,40.31060028076172,44.65394592285156,40.88886260986328,44.055633544921875,0.9849980758290591,0.9322541952133179,154.592529296875,0.5,1.0,0.0,1.0,0.0,0.0,-0.030529210343956947,0.21604356169700623,0.0,0.17166690528392792,0.17849762737751007,0.18619826436042786,-1.6599994897842407,-1.6467629671096802,-1.6318482160568237,0.0,1.0
260096,254,3,244.72543483380778,234.66666666666666,-0.006152642465895042,1.9433143436908722,-0.6844101637601853,0.00370558284339495,0.0534423828125,0.6594733882695436,50.23772096633911,1.3552076816558838,3.448909044265747,62.294525146484375,29.13028335571289,60.9393196105957,30.48122215270996,0.9859823863416319,1.4169166088104248,177.03868103027344,0.775,1.0,0.0,1.0,0.0,0.0,-0.01820990815758705,0.21764980256557465,0.0,0.17050009965896606,0.1777719408273697,0.1835668981075287,-1.6622661352157593,-1.6481667757034302,-1.6369351148605347,0.0,1.0
261120,255,5,254.03331705932686,253.0,-0.0026302703307010235,6.546335518360138,-0.6926471069455147,0.0037195568686001932,0.015966796875,0.6146112479269504,81.57680993080139,4.079423904418945,5.526863098144531,29.720369338989258,39.86152267456055,25.640945434570312,42.459983825683594,0.9807757399840759,1.0174574851989746,320.09796142578125,0.725,1.0,0.0,1.0,0.0,0.0,-0.03471571207046509,0.2241836041212082,0.0,0.16933573782444,0.17591272294521332,0.17940334975719452,-1.6645288467407227,-1.6517633199691772,-1.644993782043457,0.0,1.0
262144,256,5,212.82513881498227,227.4,-0.005074590805452317,8.382319384813309,-0.6976416319608688,0.004894971183966845,0.060009765625,0.7270430356264115,67.69106454849243,-1.6870498657226562,5.950119495391846,60.43170166015625,37.4956169128418,62.11875534057617,36.02587890625,0.9748179879226148,1.3192297220230103,222.91134643554688,0.8,1.0,0.0,1.0,0.0,0.0,-0.01901736669242382,0.21605579555034637,0.0,0.17097002267837524,0.176551952958107,0.1805127114057541,-1.6613531112670898,-1.650523066520691,-1.6428453922271729,0.0,1.0
263168,257,3,230.42284116695336,235.33333333333334,-0.005135186086408794,5.0491738557815555,-0.6965258985757827,0.004783394240075722,0.0414306640625,0.6972344718873501,52.13140184879303,0.614564061164856,5.016934871673584,46.17914581298828,43.087181091308594,45.56458282470703,44.54897689819336,0.9864424664472586,1.5898247957229614,124.21904754638672,0.8,1.0,0.0,1.0,0.0,0.0,-0.023309892043471336,0.20744986832141876,0.0,0.16839519143104553,0.17550630867481232,0.17930851876735687,-1.666357398033142,-1.6525465250015259,-1.6451776027679443,0.0,1.0
264192,258,3,222.00913254291183,244.66666666666666,-0.005555594601901248,6.0193819656968115,-0.7033184841275215,0.005430239667475689,0.051123046875,0.6351016089320183,57.30576369762421,2.1843326091766357,5.551070690155029,50.222755432128906,40.598140716552734,48.038421630859375,42.54324722290039,0.9813043233109965,1.042757272720337,192.32980346679688,0.775,1.0,0.0,1.0,0.0,0.0,-0.02222415991127491,0.22647856175899506,0.0,0.16785678267478943,0.1747140884399414,0.18079818785190582,-1.667404294013977,-1.6541084051132202,-1.6422927379608154,0.0,1.0
265216,259,7,262.46093470133764,256.85714285714283,-0.0054680235509295015,7.8882832467556,-0.7078466832637786,0.004689029628934804,0.0548583984375,0.7237433657050133,67.455717253685,2.102231502532959,5.950152397155762,38.10784149169922,44.22697830200195,36.005611419677734,46.47151184082031,0.9818998714222422,1.4186158180236816,165.42941284179688,0.825,1.0,0.0,1.0,0.0,0.0,-0.019118769094347954,0.22989626228809357,0.0,0.16719548404216766,0.17379827797412872,0.18086786568164825,-1.6686904430389404,-1.6558609008789062,-1.642157793045044,0.0,1.0
266240,260,2,163.20550744520912,190.5,-0.005206778651336208,5.211755579710006,-0.7132845148444176,0.0042990418514818884,0.059619140625,0.6662123188376426,58.196284198760985,-0.8889849185943604,5.396483898162842,55.52760314941406,39.938804626464844,56.416587829589844,39.55491256713867,0.981742907837269,1.3796213865280151,153.87930297851562,0.725,1.0,0.0,1.0,0.0,0.0,-0.002458169823512435,0.23215332627296448,0.0,0.16665118932724,0.1730956882238388,0.18008428812026978,-1.6697492599487305,-1.6572355031967163,-1.6436750888824463,0.0,1.0
267264,261,6,192.88245407466263,216.83333333333334,-0.006484530970919877,8.15646770298481,-0.7120656058192253,0.006928504501411225,0.0837158203125,0.6063905246555805,62.52270939350128,-2.4708657264709473,6.303461074829102,53.439208984375,43.50600051879883,55.91007614135742,41.77678680419922,0.9790077126969033,1.3303132057189941,170.98721313476562,0.675,1.0,0.0,1.0,0.0,0.0,-0.03245299309492111,0.2305249571800232,0.0,0.166897714138031,0.1744786947965622,0.18217051029205322,-1.6692696809768677,-1.6545586585998535,-1.639636516571045,0.0,1.0
268288,262,6,203.3979091897019,210.83333333333334,-0.005407261464279145,6.8215256303548815,-0.7070625960826874,0.005338747118366882,0.04521484375,0.6319717600941658,71.46053123474121,0.3224163055419922,6.466944694519043,39.737831115722656,41.86510467529297,39.41541290283203,44.5594482421875,0.9761387130128829,1.4121204614639282,213.38230895996094,0.7,1.0,0.0,1.0,0.0,0.0,-0.0422351248562336,0.21553444862365723,0.0,0.16569918394088745,0.17402011156082153,0.18154533207416534,-1.67160165309906,-1.6554617881774902,-1.6408464908599854,0.0,1.0
269312,263,4,198.87263814298007,218.0,-0.004376655025407672,2.9104041874408724,-0.7077233538031578,0.004599132428120356,0.0459228515625,0.7492736943066121,31.40805252790451,0.5059847831726074,4.322240352630615,52.40160369873047,40.86095428466797,51.8956184387207,43.234588623046875,0.9888107537804335,1.325874924659729,91.22377014160156,0.85,1.0,0.0,1.0,0.0,0.0,-0.03053436428308487,0.2055457979440689,0.0,0.16660508513450623,0.17495959997177124,0.1830262988805771,-1.6698389053344727,-1.6536355018615723,-1.6379808187484741,0.0,1.0
270336,264,6,184.5433579605999,202.5,-0.004019781202077866,11.870247626304627,-0.70343277156353,0.004651304204890039,0.0431884765625,0.6426072984933853,81.28118095397949,-1.1972179412841797,7.835752010345459,44.08124542236328,42.480743408203125,45.278465270996094,43.064064025878906,0.9659766452207281,1.4182581901550293,299.0486145019531,0.75,1.0,0.0,1.0,0.0,0.0,-0.031200213357806206,0.21782130002975464,0.0,0.16453424096107483,0.1749601513147354,0.1845635175704956,-1.6738691329956055,-1.653635859489441,-1.6350078582763672,0.0,1.0
271360,265,5,168.35947428282446,185.0,-0.0050751712871715425,16.52295285463333,-0.7050678759813309,0.002791732254263479,0.0513427734375,0.6304521340876817,109.79020733833313,-0.9553276896476746,8.854462623596191,38.44756317138672,39.69284439086914,39.402889251708984,41.296974182128906,0.9502377588590819,1.2002273797988892,301.0309753417969,0.75,1.0,0.0,1.0,0.0,0.0,-0.013507206924259663,0.2214055359363556,0.0,0.1627478152513504,0.17464981973171234,0.18651926517486572,-1.677348017692566,-1.6542268991470337,-1.631227970123291,0.0,1.0
272384,266,4,221.37761046731853,226.5,-0.004717565095052123,4.282736423611641,-0.7073284894227981,0.0027150488400366156,0.0296875,0.7653033636510372,58.26396164894104,1.6674134731292725,5.96407413482666,49.88717269897461,44.35027313232422,48.219757080078125,47.30362319946289,0.981916042654736,1.4521079063415527,200.8262939453125,0.85,1.0,0.0,1.0,0.0,0.0,-0.00888215284794569,0.22336168587207794,0.0,0.16067570447921753,0.1738256812095642,0.18711593747138977,-1.6813857555389404,-1.6558622121810913,-1.630075454711914,0.0,1.0
273408,267,4,213.68759449216645,213.5,-0.0038605557288974523,11.717599111795426,-0.7138770192861557,0.0020532388880383223,0.034375,0.7359579049050808,87.34249200820923,1.5788240432739258,7.518219470977783,39.79399108886719,43.75919723510742,38.215171813964844,46.244483947753906,0.9704817024703957,1.8899480104446411,297.9944763183594,0.7,1.0,0.0,1.0,0.0,0.0,-0.018605072051286697,0.22168023884296417,0.0,0.1599845141172409,0.17260508239269257,0.18680034577846527,-1.682733178138733,-1.658229947090149,-1.6306850910186768,0.0,1.0
274432,268,6,226.38239105185752,229.5,-0.0031838891678489744,9.926894506812095,-0.7191462188959121,0.0027422990155173466,0.0298828125,0.6170678533613682,88.69344062805176,2.4463984966278076,7.574409008026123,43.44905090332031,39.10755920410156,41.00265121459961,42.40099334716797,0.9624874931833435,1.4656434059143066,308.943359375,0.575,1.0,0.0,1.0,0.0,0.0,-0.017076237127184868,0.22586791217327118,0.0,0.156921848654747,0.17228186130523682,0.18661253154277802,-1.6887072324752808,-1.6588554382324219,-1.6310478448867798,0.0,1.0
275456,269,4,219.737197552513,224.25,-0.00395141685148701,5.311360430717468,-0.7186841920018197,0.0015794199804076924,0.0350830078125,0.7264300480484962,56.702333211898804,0.6830738186836243,5.059939861297607,49.35203552246094,40.073883056640625,48.66896438598633,40.974815368652344,0.9840570782667379,1.2132155895233154,168.89402770996094,0.825,1.0,0.0,1.0,0.0,0.0,-0.027519742026925087,0.20795868337154388,0.0,0.1575210988521576,0.17267899215221405,0.1865275651216507,-1.6875379085540771,-1.6581007242202759,-1.6312119960784912,0.0,1.0
276480,270,4,260.2168051029216,241.0,-0.004191899346187711,9.005249452590942,-0.7191421791911126,0.003188577163382433,0.0292236328125,0.7574642352759838,75.93161947727204,2.945760488510132,6.19156551361084,35.33501052856445,40.48482131958008,32.389251708984375,43.142921447753906,0.9766107393637808,1.360495924949646,270.4828796386719,0.8,1.0,0.0,1.0,0.0,0.0,-0.03431044891476631,0.20707570016384125,0.0,0.15587571263313293,0.1717541366815567,0.18597033619880676,-1.690749168395996,-1.6598820686340332,-1.6322886943817139,0.0,1.0
277504,271,3,193.26797128414555,214.33333333333334,-0.0036035924102179708,5.02143280506134,-0.7217067956924439,0.005926293646916747,0.038818359375,0.6136247865855694,64.24505202770233,2.2789177894592285,4.670443534851074,50.12877655029297,36.25556564331055,47.84986114501953,38.46306228637695,0.9834053963017254,1.1662100553512573,197.1553192138672,0.625,1.0,0.0,1.0,0.0,0.0,-0.028282999992370605,0.21118175983428955,0.0,0.15620367228984833,0.17219990491867065,0.1861974000930786,-1.6901090145111084,-1.6590224504470825,-1.6318498849868774,0.0,1.0
278528,272,7,220.9224070890313,227.42857142857142,-0.0035956490610260516,6.418741962313652,-0.7195809751749038,0.0038219930036575535,0.0439697265625,0.7025385640561581,48.453745174407956,1.0373249053955078,5.24479866027832,44.712982177734375,43.20929718017578,43.67565155029297,43.190345764160156,0.9852665918160123,1.363054633140564,157.1982879638672,0.775,1.0,0.0,1.0,0.0,0.0,-0.022110946476459503,0.2167350947856903,0.0,0.1551521271467209,0.17235392332077026,0.1857522577047348,-1.6921619176864624,-1.6587334871292114,-1.6327100992202759,0.0,1.0
279552,273,3,183.50389764542447,193.33333333333334,-0.005245443154126406,5.342644053697586,-0.7205490857362747,0.0047465560171986,0.050341796875,0.7094452828168869,62.56972160339355,1.276714563369751,5.398767948150635,51.79852294921875,32.73075485229492,50.52180862426758,32.90852355957031,0.972793211609757,1.4323949813842773,198.68045043945312,0.675,1.0,0.0,1.0,0.0,0.0,-0.0238672886043787,0.22148719429969788,0.0,0.15471476316452026,0.17171458899974823,0.1842653751373291,-1.6930159330368042,-1.6599458456039429,-1.6355843544006348,0.0,1.0
280576,274,8,227.90796974492199,230.25,-0.0057282876688987015,9.968790632486343,-0.7265488862991333,0.0037158622581046075,0.068896484375,0.6535326406359673,59.26621460914612,0.14887094497680664,6.74261999130249,33.45232009887695,43.166587829589844,33.30344772338867,43.953067779541016,0.9756015663242764,1.0359998941421509,155.04441833496094,0.825,1.0,0.0,1.0,0.0,0.0,-0.04046854004263878,0.21401114761829376,0.0,0.15423211455345154,0.17045189440250397,0.1813179850578308,-1.6939585208892822,-1.6624011993408203,-1.6412864923477173,0.0,1.0
281600,275,2,171.8075180290157,172.5,-0.0051888828864321114,5.814273631572723,-0.7298309326171875,0.006965650580241345,0.0628173828125,0.6276126619428396,35.382416892051694,0.4583030045032501,4.953371524810791,56.613548278808594,30.099092483520508,56.155242919921875,30.976274490356445,0.9729171056300681,1.3114718198776245,134.44882202148438,0.65,1.0,0.0,1.0,0.0,0.0,-0.02507604844868183,0.21007943153381348,0.0,0.15614354610443115,0.1709306389093399,0.18040840327739716,-1.6902263164520264,-1.6614712476730347,-1.6430474519729614,0.0,1.0
282624,276,5,225.70477820505258,242.2,-0.005140230560209602,13.14507923722267,-0.728225265443325,0.003963369094708469,0.0421875,0.7077691361308098,73.90465092658997,1.9524139165878296,8.006994247436523,38.973114013671875,41.469139099121094,37.02069854736328,43.65181350708008,0.9627188779813011,1.166282057762146,195.1817626953125,0.825,1.0,0.0,1.0,0.0,0.0,-0.02461305260658264,0.2117939591407776,0.0,0.15550853312015533,0.17029094696044922,0.17966334521770477,-1.691465973854065,-1.662701964378357,-1.6444902420043945,0.0,1.0
283648,277,4,171.88171643947365,201.25,-0.0024679281981661917,10.409779167175293,-0.7313736751675606,0.001522996459971182,0.030712890625,0.606734549626708,63.64913830757141,-0.17827846109867096,6.81059455871582,47.07733917236328,35.55546569824219,47.255615234375,34.548316955566406,0.9633091881317699,1.1555469036102295,244.21466064453125,0.75,1.0,0.0,1.0,0.0,0.0,-0.022569814696907997,0.20288632810115814,0.0,0.1565018594264984,0.17041821777820587,0.17996713519096375,-1.689526915550232,-1.6624449491500854,-1.6439019441604614,0.0,1.0
284672,278,5,211.63213754202053,238.4,-0.003149450512137264,10.119483125209808,-0.7278611496090889,0.005668179846543353,0.0354248046875,0.672642033547163,49.92493002414703,-0.7818313241004944,6.655856132507324,46.727867126464844,41.86151123046875,47.50969696044922,41.93470001220703,0.9747199434327679,1.5488026142120361,133.5086669921875,0.75,1.0,0.0,1.0,0.0,0.0,-0.017741965129971504,0.21090245246887207,0.0,0.15641558170318604,0.1714983433485031,0.1822301745414734,-1.6896953582763672,-1.6603776216506958,-1.6395211219787598,0.0,1.0
285696,279,4,230.29068940340292,238.0,-0.005279780086129904,7.721729356050491,-0.7228389322757721,0.006250356099917554,0.0484130859375,0.632931637018919,93.34842581748963,3.875095844268799,6.040590763092041,33.87405014038086,39.32041549682617,29.998952865600586,43.21003723144531,0.9763994178405417,1.197493553161621,334.3700256347656,0.675,1.0,0.0,1.0,0.0,0.0,-0.015073190443217754,0.21794472634792328,0.0,0.15443409979343414,0.1717127114534378,0.18479061126708984,-1.6935640573501587,-1.6599591970443726,-1.6345689296722412,0.0,1.0
286720,280,4,301.3450651081687,289.75,-0.005154109233990312,18.768620091676713,-0.7244940862059593,0.0037709400843596087,0.040576171875,0.6598647810518742,167.93674771785737,7.40907096862793,8.274843215942383,32.931488037109375,46.1926155090332,25.522418975830078,52.51725769042969,0.9679096504267253,1.4985090494155884,571.2766723632812,0.675,1.0,0.0,1.0,0.0,0.0,-0.025490671396255493,0.21171186864376068,0.0,0.1537354290485382,0.171061709523201,0.18275517225265503,-1.694928765296936,-1.6612194776535034,-1.6385053396224976,0.0,1.0
287744,281,4,257.90732135742167,243.75,-0.005148921138606965,7.425590476393699,-0.7312780380249023,0.004748581268358976,0.0564208984375,0.7707253288477659,44.70430715084076,1.7294631004333496,5.48518705368042,51.149269104003906,37.84646987915039,49.41980743408203,38.88159942626953,0.9789945472369537,1.7136989831924438,119.11241912841797,0.75,1.0,0.0,1.0,0.0,0.0,-0.0061433203518390656,0.21176888048648834,0.0,0.15264606475830078,0.16952252388000488,0.18065032362937927,-1.6970571279525757,-1.6642063856124878,-1.6425790786743164,0.0,1.0
288768,282,2,224.38927188405674,219.0,-0.004538953886367381,6.893292067945003,-0.7377933323383331,0.003230552369495854,0.041552734375,0.7396977514028549,81.85833463668823,4.3172783851623535,5.415730953216553,50.139312744140625,40.27622604370117,45.82203674316406,43.59010696411133,0.9819192425092064,1.7131990194320679,237.0756072998047,0.875,1.0,0.0,1.0,0.0,0.0,-0.011319284327328205,0.2106928527355194,0.0,0.1535930335521698,0.1688336879014969,0.17850150167942047,-1.695206880569458,-1.6655267477035522,-1.6467410326004028,0.0,1.0
289792,283,5,252.42697416640345,252.4,-0.0037851612200029195,18.333789026737215,-0.7392749205231667,0.00356847654475132,0.04599609375,0.6253180354833603,77.89378447532654,0.44754326343536377,9.564240455627441,46.715972900390625,41.3935432434082,46.26842498779297,41.876609802246094,0.9466129646853801,0.9765892624855042,219.83213806152344,0.7,1.0,0.0,1.0,0.0,0.0,0.0009488168288953602,0.20894871652126312,0.0,0.15602758526802063,0.16909819841384888,0.17782537639141083,-1.6904526948928833,-1.6650352478027344,-1.6480512619018555,0.0,1.0
290816,284,4,236.30395781833397,257.75,-0.0040129813074599955,9.307433348894119,-0.7406514912843705,0.005312198806495872,0.048046875,0.6382148168981076,58.65238366127014,1.6362488269805908,6.712302207946777,52.49079895019531,38.70699691772461,50.854549407958984,38.78339385986328,0.9699278785955697,1.340384602546692,166.34300231933594,0.65,1.0,0.0,1.0,0.0,0.0,-0.00843087863177061,0.21268408000469208,0.0,0.15469197928905487,0.16816234588623047,0.1799020767211914,-1.6930603981018066,-1.6668576002120972,-1.6440279483795166,0.0,1.0
291840,285,6,255.09816900938867,263.3333333333333,-0.00431092664366588,17.567318177223207,-0.7452612206339836,0.003702539822552353,0.0396484375,0.6436127826571465,75.83851599693298,-0.22307166457176208,8.452858924865723,41.3581428527832,41.144840240478516,41.581214904785156,40.45512008666992,0.957793778532526,1.5103850364685059,210.69406127929688,0.7,1.0,0.0,1.0,0.0,0.0,-0.0025130324065685272,0.213988795876503,0.0,0.15074366331100464,0.16775745153427124,0.1830640584230423,-1.7007757425308228,-1.6676586866378784,-1.6379077434539795,0.0,1.0
292864,286,4,186.84502145177916,197.75,-0.0029850469436496496,12.373555517196655,-0.7452092975378036,0.0035980482905870305,0.0379638671875,0.5976132243871689,96.04368243217468,0.8648977875709534,8.011996269226074,43.95382308959961,37.21562576293945,43.08892822265625,39.66446304321289,0.9536520235692246,1.0075585842132568,268.5418395996094,0.7,1.0,0.0,1.0,0.0,0.0,-0.016118422150611877,0.21756047010421753,0.0,0.15058359503746033,0.16837628185749054,0.1838393360376358,-1.7010886669158936,-1.6664466857910156,-1.6364082098007202,0.0,1.0
293888,287,5,210.68985352652467,230.2,-0.005389139836188406,25.897875893115998,-0.7415429532527924,0.004585507046431303,0.0565185546875,0.708840361982584,121.36745185852051,1.4995622634887695,10.850163459777832,41.693572998046875,44.69048309326172,40.19401168823242,48.491966247558594,0.9410556112025974,1.7448238134384155,324.53338623046875,0.7,1.0,0.0,1.0,0.0,0.0,-0.003914687782526016,0.21422161161899567,0.0,0.151704341173172,0.16853778064250946,0.18334044516086578,-1.6988976001739502,-1.6661425828933716,-1.6373730897903442,0.0,1.0
294912,288,3,216.31563700797778,235.0,-0.00456513362005353,7.813917237520218,-0.7435883566737175,0.005629018058243673,0.052490234375,0.7208043321967125,64.97723798751831,-0.4663211405277252,6.634317874908447,45.801795959472656,41.23508834838867,46.26811599731445,41.601951599121094,0.974114373093601,1.5859788656234741,199.04718017578125,0.725,1.0,0.0,1.0,0.0,0.0,0.0019071275601163507,0.2096070647239685,0.0,0.15103685855865479,0.1676846593618393,0.18439020216464996,-1.700202465057373,-1.6677945852279663,-1.635343074798584,0.0,1.0
295936,289,5,208.61044988352037,215.8,-0.004641365678980947,22.899253964424133,-0.7492957204580307,0.004461769717454445,0.0376953125,0.6196568347513676,114.06060824394226,-2.6008522510528564,9.623770713806152,57.043033599853516,37.134124755859375,59.643882751464844,37.33762741088867,0.9328348247581015,1.1555336713790894,338.53466796875,0.7,1.0,0.0,1.0,0.0,0.0,0.009618104435503483,0.20785628259181976,0.0,0.15079504251480103,0.16694937646389008,0.18329115211963654,-1.7006752490997314,-1.6692352294921875,-1.6374684572219849,0.0,1.0
296960,290,4,188.01329117410083,218.75,-0.005695352656766772,12.739824205636978,-0.74879891872406,0.0038762503856560214,0.05947265625,0.5604124896228313,83.80793957710266,2.8957159519195557,7.29552698135376,28.11402130126953,39.122650146484375,25.218303680419922,40.76533889770508,0.965225827381944,0.9114536046981812,266.53045654296875,0.6,1.0,0.0,1.0,0.0,0.0,-0.01101828645914793,0.20813997089862823,0.0,0.15276262164115906,0.16792850196361542,0.18518927693367004,-1.6968294382095337,-1.6673197746276855,-1.6337982416152954,0.0,1.0
297984,291,5,222.00580691467,249.0,-0.00387027935939841,5.894595333933831,-0.7435522019863129,0.003160538521478884,0.033740234375,0.5779388211667538,44.61999533176422,-0.6580911874771118,5.314325332641602,60.79723358154297,40.110389709472656,61.455322265625,40.03092956542969,0.9824457427023988,0.9591060876846313,144.41514587402344,0.675,1.0,0.0,1.0,0.0,0.0,-0.015766486525535583,0.21110209822654724,0.0,0.15278670191764832,0.16849713027477264,0.18578653037548065,-1.6967823505401611,-1.6662226915359497,-1.6326439380645752,0.0,1.0
299008,292,3,206.56723717470854,222.66666666666666,-0.005717403150629252,11.012606406211853,-0.7450073182582855,0.00604745942982845,0.066943359375,0.6876119464635849,64.1848836183548,0.4693077802658081,7.67967414855957,41.18988037109375,39.13848876953125,40.72057342529297,40.54612350463867,0.9614985169594776,1.544942855834961,185.6443634033203,0.85,1.0,0.0,1.0,0.0,0.0,-0.02259538508951664,0.2151571661233902,0.0,0.14985789358615875,0.1670335978269577,0.18445222079753876,-1.7025078535079956,-1.6690617799758911,-1.635223150253296,0.0,1.0
300032,293,3,251.76692851635252,262.6666666666667,-0.004990253859432414,10.71646989583969,-0.7529060289263725,0.0050408170005539436,0.048095703125,0.7497791841626167,70.43609251976014,2.4249722957611084,6.425654411315918,42.54815673828125,40.66088104248047,40.12318420410156,42.534908294677734,0.9750263944210784,1.6346032619476318,203.2554931640625,0.725,1.0,0.0,1.0,0.0,0.0,-0.007905984297394753,0.22471463680267334,0.0,0.14798429608345032,0.1664612889289856,0.18467497825622559,-1.7061731815338135,-1.6701979637145996,-1.634792447090149,0.0,1.0
301056,294,6,244.5338000017604,260.8333333333333,-0.0036728228675201534,15.91007775068283,-0.7564600244164467,0.0033230322689632883,0.0310302734375,0.6944110073149204,68.80721669197082,0.06092095375061035,7.75049352645874,45.91681671142578,44.003089904785156,45.85589599609375,44.249488830566406,0.9689763854550407,1.609133005142212,149.35585021972656,0.75,1.0,0.0,1.0,0.0,0.0,0.007788276765495539,0.22706612944602966,0.0,0.14595748484134674,0.16533353924751282,0.18436206877231598,-1.7101404666900635,-1.6723785400390625,-1.6353974342346191,0.0,1.0
302080,295,4,213.78958805236869,235.25,-0.005582125962246209,4.9155018538236614,-0.7596763804554939,0.005499824338767212,0.0654541015625,0.7872421540319919,43.63371844291687,-0.3749663531780243,4.9912285804748535,49.91234588623047,42.24600601196289,50.287315368652344,42.266502380371094,0.9860413445277643,1.7422233819961548,153.46636962890625,0.85,1.0,0.0,1.0,0.0,0.0,-0.0024731724988669157,0.21617670357227325,0.0,0.14441126585006714,0.16577161848545074,0.18590906262397766,-1.7131686210632324,-1.671549677848816,-1.6324070692062378,0.0,1.0
303104,296,6,187.52024133289103,209.5,-0.002367137122200802,15.010338300466538,-0.7560774460434914,0.002466766435827594,0.0265380859375,0.6759177044034004,70.59279873371125,-1.5415265560150146,7.832718372344971,60.634765625,40.90353775024414,62.176292419433594,38.70079040527344,0.9633306408237376,1.2053673267364502,235.91819763183594,0.725,1.0,0.0,1.0,0.0,0.0,0.004553485196083784,0.21865345537662506,0.0,0.14352186024188995,0.16638170182704926,0.18784141540527344,-1.7149111032485962,-1.67038094997406,-1.6286742687225342,0.0,1.0
304128,297,5,163.4021590773912,188.0,-0.005106494954088703,10.920121157169342,-0.7545495793223381,0.005879837427346502,0.0659423828125,0.8434996873140335,74.72646598815918,-0.07622230052947998,7.463954448699951,40.23811721801758,46.93545150756836,40.31433868408203,47.489532470703125,0.9747107498318005,1.9272242784500122,276.81671142578125,0.875,1.0,0.0,1.0,0.0,0.0,0.011261641047894955,0.22528348863124847,0.0,0.14462266862392426,0.1662597507238388,0.18755652010440826,-1.712754487991333,-1.6706095933914185,-1.629224419593811,0.0,1.0
305152,298,4,275.59622546366234,271.25,-0.0041323999525047835,12.086074501276016,-0.7588820651173591,0.0027422220213338734,0.04169921875,0.7827596105635166,81.412104845047,1.581782579421997,7.84347677230835,49.67800521850586,40.135372161865234,48.096221923828125,43.09693908691406,0.9618088631798624,1.4032381772994995,225.12940979003906,0.825,1.0,0.0,1.0,0.0,0.0,0.009573439136147499,0.21646472811698914,0.0,0.142299085855484,0.16439785063266754,0.18724311888217926,-1.7173073291778564,-1.6742267608642578,-1.62982976436615,0.0,1.0
306176,299,3,253.26324626035262,257.0,-0.003480845713056624,10.585646569728851,-0.7703317418694496,0.0033407168302801438,0.0305419921875,0.6656855270266533,77.77446756362914,3.0054421424865723,6.480527400970459,39.398799896240234,40.499725341796875,36.39335632324219,42.536964416503906,0.9743954855614245,1.3764166831970215,239.7473907470703,0.725,1.0,0.0,1.0,0.0,0.0,0.009592476300895214,0.21781806647777557,0.0,0.14201103150844574,0.16297411918640137,0.18551291525363922,-1.717871904373169,-1.676991581916809,-1.633172631263733,0.0,1.0
307200,300,5,243.60854080987906,242.6,-0.005279026087373495,8.921544808149338,-0.7752368524670601,0.006812423365772702,0.0877685546875,0.815668448805809,65.83604843616486,-0.2902261018753052,6.898717403411865,48.874412536621094,46.6931266784668,49.164634704589844,48.55298614501953,0.9781711522756918,1.5754867792129517,288.01409912109375,0.75,1.0,0.0,1.0,0.0,0.0,0.009202414192259312,0.21776634454727173,0.0,0.14488203823566437,0.1628393530845642,0.18285442888736725,-1.7122465372085571,-1.677256464958191,-1.6383132934570312,0.0,1.0
308224,301,5,177.0102650960632,194.8,-0.00476222851430066,13.515646386146546,-0.7771403476595878,0.007210276229307056,0.070068359375,0.8209933713078499,71.97858138084412,-1.5601692199707031,7.995260715484619,62.28045654296875,41.143898010253906,63.84062576293945,39.45659255981445,0.9622380435440292,1.6438281536102295,194.02386474609375,0.775,1.0,0.0,1.0,0.0,0.0,0.007653847802430391,0.21412809193134308,0.0,0.14400024712085724,0.16194860637187958,0.18394790589809418,-1.7139737606048584,-1.6789841651916504,-1.6361982822418213,0.0,1.0
309248,302,4,233.41325552030264,242.75,-0.0032576596131548285,7.302672243118286,-0.7825899973511696,0.004186786210630089,0.0321044921875,0.7059059366583824,69.3198513507843,2.1253674030303955,5.973527431488037,37.124908447265625,39.1318473815918,34.99953842163086,40.29772186279297,0.9766975807941417,1.5236841440200806,221.72024536132812,0.675,1.0,0.0,1.0,0.0,0.0,-0.0036860096734017134,0.21065430343151093,0.0,0.14453497529029846,0.16114318370819092,0.18252098560333252,-1.7129262685775757,-1.6805381774902344,-1.63895845413208,0.0,1.0
310272,303,5,232.60902378462956,233.2,-0.002977646072395146,21.017167150974274,-0.7900735199451446,0.0028842768719187007,0.0378173828125,0.7326694332063198,51.570211458206174,-0.6379259824752808,8.481963157653809,59.26008987426758,44.033878326416016,59.89801788330078,44.06977844238281,0.9628961601324414,1.5277734994888306,118.17334747314453,0.8,1.0,0.0,1.0,0.0,0.0,0.012820973992347717,0.20521168410778046,0.0,0.1401657611131668,0.15909817814826965,0.18221057951450348,-1.7214900255203247,-1.6845587491989136,-1.639559030532837,0.0,1.0
311296,304,3,193.06016901895688,213.33333333333334,-0.0052930808160454035,9.914205873012543,-0.7985871002078057,0.003469238786783535,0.0486083984375,0.7443877160549164,105.12423629760742,3.3511545658111572,7.190387725830078,31.980003356933594,37.84811019897461,28.628849029541016,40.38508987426758,0.9639075591410575,1.4928330183029175,360.42657470703125,0.75,1.0,0.0,1.0,0.0,0.0,0.012823746539652348,0.20487934350967407,0.0,0.1387079358100891,0.158772274851799,0.182979553937912,-1.7243497371673584,-1.6852060556411743,-1.6380711793899536,0.0,1.0
312320,305,5,296.1018281194998,282.0,-0.004096322017721832,15.365662461519241,-0.8012600660324096,0.004435515898512677,0.0344970703125,0.6990524314343929,100.5394199848175,4.647692680358887,8.654133796691895,42.497169494628906,45.46111297607422,37.8494758605957,50.429771423339844,0.9637617642404424,1.6101491451263428,341.4388732910156,0.775,1.0,0.0,1.0,0.0,0.0,0.011417500674724579,0.20272216200828552,0.0,0.13820579648017883,0.15790806710720062,0.18092529475688934,-1.7253350019454956,-1.686892032623291,-1.6420466899871826,0.0,1.0
313344,306,2,283.4652689495822,278.0,-0.005461271517560817,11.310512226819991,-0.8059464648365975,0.007432345057895873,0.0456298828125,0.6362619407474994,103.65423827171325,5.946181297302246,7.194152355194092,34.01232147216797,39.850914001464844,28.066137313842773,44.8137092590332,0.9674101255156862,1.1523866653442383,316.39727783203125,0.6,1.0,0.0,1.0,0.0,0.0,-0.0015013761585578322,0.19757620990276337,0.0,0.1378612369298935,0.15725913643836975,0.17917749285697937,-1.7260111570358276,-1.688143253326416,-1.6454312801361084,0.0,1.0
314368,307,4,304.93171035126204,299.5,-0.005444003501906991,12.74339793920517,-0.8092599540948868,0.003462959245371167,0.0439208984375,0.6603818878531456,86.59107236862182,4.693050384521484,7.253404140472412,33.05652618408203,42.30591583251953,28.363473892211914,45.940853118896484,0.9706044567622236,1.3765623569488525,247.09683227539062,0.675,1.0,0.0,1.0,0.0,0.0,-0.0006474386900663376,0.1993168443441391,0.0,0.1383659988641739,0.15657348930835724,0.1781889796257019,-1.7250206470489502,-1.6894761323928833,-1.6473464965820312,0.0,1.0
315392,308,4,266.5396435344902,286.0,-0.0046799013507552445,8.815527892112732,-0.8176426261663436,0.001263857366575394,0.0404052734375,0.662730410695076,46.8454313993454,2.4373178482055664,5.87237548828125,49.53269577026367,42.98566436767578,47.095375061035156,43.86487579345703,0.9813370470919212,1.1067476272583008,135.68594360351562,0.75,1.0,0.0,1.0,0.0,0.0,0.0013809133088216186,0.20176830887794495,0.0,0.1360810101032257,0.15422387421131134,0.17432355880737305,-1.7295055389404297,-1.6940422058105469,-1.6548421382904053,0.0,1.0
316416,309,2,269.21814946949144,290.0,-0.004533166787587107,7.395302188396454,-0.8284582406282425,0.003624692554876674,0.0589599609375,0.7741204850375653,100.02875666618347,4.188618183135986,5.192428112030029,39.47223663330078,30.66689682006836,35.28361892700195,30.96445655822754,0.9713317402726439,2.064950704574585,331.6641540527344,0.7,1.0,0.0,1.0,0.0,0.0,0.004734755493700504,0.21227841079235077,0.0,0.13350380957126617,0.15337149798870087,0.17364148795604706,-1.734567403793335,-1.6957077980041504,-1.6561658382415771,0.0,1.0
317440,310,6,267.14137250115346,259.5,-0.004868269374128431,10.435504341125489,-0.8291129544377327,0.004988117722677998,0.0362548828125,0.743461960554123,54.25380325317383,2.0745315551757812,5.953758239746094,49.13742446899414,41.38444900512695,47.062896728515625,41.59613037109375,0.979302966681424,1.5149195194244385,161.0657501220703,0.675,1.0,0.0,1.0,0.0,0.0,0.00804420281201601,0.20514462888240814,0.0,0.13278038799762726,0.15398232638835907,0.1735682487487793,-1.735988974571228,-1.6945120096206665,-1.6563079357147217,0.0,1.0
318464,311,3,237.99141641367862,248.33333333333334,-0.0052089960663579404,22.770264542102815,-0.8284204959869385,0.006651409117330332,0.0765869140625,0.8173639133572579,82.36063189506531,0.8231436610221863,9.716357231140137,53.00115966796875,34.061092376708984,52.178016662597656,34.055267333984375,0.918625226077095,1.8523646593093872,219.94407653808594,0.7,1.0,0.0,1.0,0.0,0.0,0.02202078141272068,0.20481519401073456,0.0,0.13187234103679657,0.15311475098133087,0.17113421857357025,-1.7377736568450928,-1.6962265968322754,-1.6610342264175415,0.0,1.0
319488,312,6,213.87889258404755,227.16666666666666,-0.003705521742813289,15.743501293659211,-0.8319867670536041,0.0035816769319353624,0.047998046875,0.7016626201570034,85.8839063167572,-0.1451171636581421,8.727567672729492,36.60839080810547,43.70254898071289,36.753509521484375,44.108158111572266,0.9601183664160546,1.3974028825759888,297.7042541503906,0.9,1.0,0.0,1.0,0.0,0.0,-0.0009085328201763332,0.21171464025974274,0.0,0.13170330226421356,0.1533501297235489,0.17148275673389435,-1.7381058931350708,-1.6957751512527466,-1.6603572368621826,0.0,1.0
320512,313,3,181.596841190619,180.0,-0.0027826575736980886,27.656130862236022,-0.8296525403857231,0.003968529317353387,0.0451416015625,0.6081038195639848,74.5404448747635,3.9130234718322754,9.474721908569336,39.931182861328125,38.7131233215332,36.018157958984375,41.91659927368164,0.9401014138452155,1.386116862297058,195.6169891357422,0.65,1.0,0.0,1.0,0.0,0.0,0.001449601724743843,0.19836971163749695,0.0,0.13221344351768494,0.15356653928756714,0.17203032970428467,-1.7371032238006592,-1.6953309774398804,-1.6592937707901,0.0,1.0
321536,314,7,249.19331228974616,265.2857142857143,-0.0036908219335600734,7.168164321780205,-0.830372616648674,0.0030077690418693235,0.0279296875,0.6390748709440232,41.162849235534665,0.5938911437988281,5.59820032119751,45.615570068359375,41.66182327270508,45.02167510986328,40.3427848815918,0.9819440508506625,1.262642741203308,100.83120727539062,0.65,1.0,0.0,1.0,0.0,0.0,0.0006194639136083424,0.20830880105495453,0.0,0.1341707706451416,0.15299217402935028,0.17037305235862732,-1.7332571744918823,-1.696456789970398,-1.662513017654419,0.0,1.0
322560,315,3,171.3611783706365,199.66666666666666,-0.0062088828533887865,7.938813823461532,-0.8346848428249359,0.00590613552776631,0.0617919921875,0.7422204591333866,45.50354838371277,-0.46693384647369385,5.78218412399292,51.74082946777344,36.90423583984375,52.207763671875,34.37738800048828,0.9754511329916243,1.3860665559768677,116.6798095703125,0.85,1.0,0.0,1.0,0.0,0.0,0.004145922604948282,0.21695493161678314,0.0,0.1350063979625702,0.15230092406272888,0.1683429777622223,-1.7316157817840576,-1.6977944374084473,-1.6664588451385498,0.0,1.0
323584,316,5,215.05924472271204,224.6,-0.004885940789245069,8.699320620298385,-0.8380452573299408,0.0035530435328837485,0.0390625,0.8031448647379875,80.3535101890564,2.833362579345703,5.945958614349365,32.940277099609375,37.09822463989258,30.106916427612305,38.79295349121094,0.9743115754914468,1.4611238241195679,281.7250061035156,0.825,1.0,0.0,1.0,0.0,0.0,0.0043437285348773,0.22539174556732178,0.0,0.13558319211006165,0.15169213712215424,0.1652911901473999,-1.730483055114746,-1.698970913887024,-1.6723957061767578,0.0,1.0
324608,317,4,235.75582286501316,240.5,-0.007034854695666582,2.055366446077824,-0.8411015957593918,0.004736243789375294,0.0625244140625,0.7513808853924274,21.69311010837555,0.8854901790618896,3.104358434677124,60.19441604614258,46.23505401611328,59.308921813964844,45.57365036010742,0.9954918231513045,1.3261387348175049,58.8430061340332,0.8,1.0,0.0,1.0,0.0,0.0,0.005367146339267492,0.20197013020515442,0.0,0.1362532526254654,0.151459738612175,0.16215264797210693,-1.7291674613952637,-1.6993943452835083,-1.6785075664520264,0.0,1.0
325632,318,4,192.13901700101636,198.25,-0.002994342235615477,4.276570585370064,-0.8423366263508797,0.0024433770508039744,0.0322265625,0.707789133489132,41.59913623332977,-0.5177217721939087,4.761380672454834,38.117431640625,36.49797439575195,38.635154724121094,35.64846420288086,0.9829812276628014,1.3172268867492676,120.94783020019531,0.775,1.0,0.0,1.0,0.0,0.0,0.011661872267723083,0.2023535668849945,0.0,0.13560736179351807,0.15103887021541595,0.15964020788669586,-1.7304356098175049,-1.7002472877502441,-1.6834044456481934,0.0,1.0
326656,319,5,260.92069316480917,261.8,-0.004701986891450361,10.762741833925247,-0.8461655959486961,0.003423108017886989,0.0382568359375,0.7457492217421532,76.23558645248413,-1.2381298542022705,7.59621524810791,45.870361328125,42.72773742675781,47.108489990234375,43.96975326538086,0.968393623037772,1.5324159860610962,228.23287963867188,0.75,1.0,0.0,1.0,0.0,0.0,0.0026338098105043173,0.20048902928829193,0.0,0.1336485743522644,0.150216743350029,0.158572718501091,-1.7342829704284668,-1.7018595933914185,-1.6854863166809082,0.0,1.0
327680,320,6,159.48622810265437,193.0,-0.004869307472836227,12.16360833644867,-0.8512755304574966,0.002767686235893052,0.0455078125,0.6426920898258686,78.98747553825379,-0.5559850931167603,7.585160255432129,49.058746337890625,45.53376007080078,49.61473083496094,45.726139068603516,0.9722500298791376,1.4790852069854736,222.12814331054688,0.675,1.0,0.0,1.0,0.0,0.0,0.002643215237185359,0.20662790536880493,0.0,0.13415032625198364,0.14922140538692474,0.15717929601669312,-1.733297348022461,-1.7037733793258667,-1.6882048845291138,0.0,1.0
328704,321,4,211.09995883455682,239.0,-0.004548063862603158,12.365952783823014,-0.8526576846837998,0.004263107376755215,0.0444580078125,0.6906859531998635,121.05455641746521,0.46064791083335876,8.953729629516602,35.385711669921875,47.170188903808594,34.92506408691406,51.39801025390625,0.9639693038046616,1.2785634994506836,378.531982421875,0.7,1.0,0.0,1.0,0.0,0.0,0.0065164691768586636,0.2145940512418747,0.0,0.13562999665737152,0.15002162754535675,0.15755680203437805,-1.7303911447525024,-1.7022299766540527,-1.6874682903289795,0.0,1.0
329728,322,5,210.55022845579742,222.2,-0.005763266619760543,5.825460287928581,-0.8469844400882721,0.004333351194509305,0.044482421875,0.7310843266546726,91.09437563419343,2.018826484680176,6.999294281005859,39.585514068603516,46.37677001953125,37.566688537597656,50.3697624206543,0.9772224247856848,1.4851819276809692,389.9816589355469,0.75,1.0,0.0,1.0,0.0,0.0,0.010250641964375973,0.20522813498973846,0.0,0.13507483899593353,0.1508878618478775,0.15907947719097137,-1.7314814329147339,-1.7005220651626587,-1.6844979524612427,0.0,1.0
330752,323,3,178.28169376873146,191.66666666666666,-0.004362232342828065,7.322116082906723,-0.8460203364491463,0.003768808905442711,0.032421875,0.6711321152746678,68.5983876466751,1.9824434518814087,6.361056327819824,32.71928787231445,43.29315185546875,30.73684310913086,45.991844177246094,0.9784116218587932,1.4921895265579224,205.8419952392578,0.7,1.0,0.0,1.0,0.0,0.0,0.01016969047486782,0.20940645039081573,0.0,0.13657021522521973,0.1501850187778473,0.15806502103805542,-1.7285451889038086,-1.7019017934799194,-1.686476707458496,0.0,1.0
331776,324,5,228.83614501226435,241.2,-0.0063750807661563155,4.714926862716675,-0.849837850034237,0.006979882421728689,0.069287109375,0.8108788929879666,47.78979132175446,2.2692952156066895,4.429882049560547,45.45916748046875,45.207275390625,43.18987274169922,47.74166488647461,0.9903978684265838,1.4452860355377197,201.35804748535156,0.875,1.0,0.0,1.0,0.0,0.0,0.0034158576745539904,0.20983439683914185,0.0,0.1367652267217636,0.14986231923103333,0.15876124799251556,-1.7281622886657715,-1.7025185823440552,-1.6851186752319336,0.0,1.0
332800,325,4,196.22178298277544,207.5,-0.004439890943467617,13.598492258787156,-0.8500059068202972,0.005716256661980878,0.054296875,0.5977086521685123,52.52030434608459,-0.3039036989212036,7.593292236328125,49.52854537963867,39.74477767944336,49.83244705200195,40.71747589111328,0.9634993886228013,1.2471970319747925,108.89479064941406,0.6,1.0,0.0,1.0,0.0,0.0,0.009368718601763248,0.20416614413261414,0.0,0.13594797253608704,0.15022803843021393,0.16060635447502136,-1.729766845703125,-1.7018122673034668,-1.681520938873291,0.0,1.0
333824,326,6,199.8190089214855,220.66666666666666,-0.004129105038009584,19.81600741147995,-0.8449548006057739,-0.00011814043973572552,0.04130859375,0.7044313214719296,95.15730056762695,-0.5097653269767761,9.517972946166992,36.42060470581055,36.66431427001953,36.93037033081055,37.821189880371094,0.9326090098886367,1.4352625608444214,234.752197265625,0.825,1.0,0.0,1.0,0.0,0.0,0.01352995727211237,0.20990638434886932,0.0,0.1377175897359848,0.1516815572977066,0.1624728888273239,-1.7262930870056152,-1.6989898681640625,-1.6778836250305176,0.0,1.0
334848,327,5,165.3886739116189,183.0,-0.005230095889419317,16.484187453985214,-0.8385204181075097,0.005738844112784136,0.065234375,0.7038068898022175,106.184446144104,1.7158032655715942,9.667027473449707,31.294540405273438,40.359222412109375,29.5787353515625,43.59911346435547,0.9426279536403078,1.4235764741897583,319.1808166503906,0.725,1.0,0.0,1.0,0.0,0.0,0.023923374712467194,0.21228592097759247,0.0,0.13866211473941803,0.15205664932727814,0.16172906756401062,-1.7244396209716797,-1.6982473134994507,-1.6793328523635864,0.0,1.0
335872,328,5,169.64385804168984,200.8,-0.006032766052521765,7.798420989513398,-0.8386830076575279,0.003720472299028188,0.049365234375,0.633172583207488,86.05495581626892,0.9083014130592346,7.521978378295898,42.509063720703125,48.28239822387695,41.60076904296875,51.30550765991211,0.975729062320617,1.0368503332138062,387.62359619140625,0.7,1.0,0.0,1.0,0.0,0.0,0.010404159314930439,0.20798882842063904,0.0,0.13758105039596558,0.15160906314849854,0.16110345721244812,-1.7265609502792358,-1.6991227865219116,-1.6805520057678223,0.0,1.0
336896,329,4,247.74137759632288,268.75,-0.006231593817938119,4.261867943406105,-0.8421097904443741,0.004054171427560505,0.045849609375,0.7192365445196629,42.48549134731293,0.24810583889484406,4.8166279792785645,47.185279846191406,39.329002380371094,46.937171936035156,39.337337493896484,0.9850010674542616,1.3783725500106812,151.04432678222656,0.8,1.0,0.0,1.0,0.0,0.0,0.0053619095124304295,0.20820783078670502,0.0,0.13719291985034943,0.15108303725719452,0.1617625206708908,-1.7273228168487549,-1.7001360654830933,-1.6792676448822021,0.0,1.0
337920,330,4,222.5217252365768,256.25,-0.005453365365974605,5.487001520395279,-0.8403421401977539,0.007384805918263737,0.0709228515625,0.6764080993831157,36.82685770988464,-0.3109191656112671,4.828799724578857,51.648529052734375,42.545352935791016,51.95945358276367,41.94074630737305,0.9871182718351253,1.29233717918396,103.57283020019531,0.85,1.0,0.0,1.0,0.0,0.0,0.018200978636741638,0.20840512216091156,0.0,0.14063303172588348,0.152414008975029,0.16115249693393707,-1.7205736637115479,-1.6975504159927368,-1.6804563999176025,0.0,1.0
338944,331,4,243.1898858323377,243.25,-0.004916004301048815,8.196611988544465,-0.8381076797842979,0.004156266145582776,0.04345703125,0.6913673996925354,107.6894941329956,2.8591508865356445,6.919165134429932,41.11571502685547,46.27483367919922,38.256561279296875,50.54666519165039,0.9776427886011716,1.256441593170166,376.94427490234375,0.8,1.0,0.0,1.0,0.0,0.0,0.0052952212281525135,0.2068602591753006,0.0,0.14220240712165833,0.15095172822475433,0.1579577922821045,-1.7174968719482422,-1.7003873586654663,-1.6866859197616577,0.0,1.0
339968,332,6,210.71358358570356,213.0,-0.003543447656556964,16.283495157957077,-0.8488697469234466,0.006493272709485609,0.0545654296875,0.6609827503561974,55.23834252357483,-1.5093128681182861,8.120131492614746,53.12342071533203,44.138450622558594,54.63273620605469,44.516136169433594,0.9661552002827575,1.224593162536621,131.8645782470703,0.65,1.0,0.0,1.0,0.0,0.0,0.0010994697222486138,0.20412468910217285,0.0,0.13914978504180908,0.14961697161197662,0.15818704664707184,-1.7234828472137451,-1.703001856803894,-1.6862386465072632,0.0,1.0
340992,333,4,141.34952487938645,187.25,-0.005380039045121521,34.325357055664064,-0.8546029895544052,0.005942418846825603,0.0567138671875,0.6859319873154164,89.41315493583679,-0.34125661849975586,11.295110702514648,47.13627624511719,41.58879470825195,47.47753143310547,43.090999603271484,0.92623875110392,1.3836723566055298,237.8560791015625,0.75,1.0,0.0,1.0,0.0,0.0,0.00544807268306613,0.20324282348155975,0.0,0.13742679357528687,0.14892293512821198,0.1567850410938263,-1.7268637418746948,-1.7043706178665161,-1.6889742612838745,0.0,1.0
342016,334,4,267.6920848859939,268.5,-0.0037149247073102742,10.43146693110466,-0.8586648568511009,0.0026259835736709646,0.0337646484375,0.6772573210299015,55.819553422927854,0.6553584933280945,6.538321495056152,44.850189208984375,43.666500091552734,44.194828033447266,44.30270767211914,0.9775799904494976,1.3118153810501099,166.99131774902344,0.75,1.0,0.0,1.0,0.0,0.0,-0.0005242897314019501,0.20521149039268494,0.0,0.1392459273338318,0.1479194164276123,0.1540977656841278,-1.7232942581176758,-1.7062996625900269,-1.694221019744873,0.0,1.0
343040,335,5,227.04353529917006,226.4,-0.005403248500078917,12.592810308933258,-0.8637320905923843,0.004141835686459672,0.0491455078125,0.7074301071465016,68.51297788619995,-2.1084766387939453,7.0047287940979,43.56892013549805,41.25370407104492,45.677398681640625,41.01378631591797,0.9711691965627239,1.5834134817123413,223.13018798828125,0.775,1.0,0.0,1.0,0.0,0.0,0.013055387884378433,0.20411282777786255,0.0,0.13971495628356934,0.14746108651161194,0.15254776179790497,-1.7223742008209229,-1.7072027921676636,-1.6972492933273315,0.0,1.0
344064,336,5,171.14524604340943,193.6,-0.0030696492292918267,3.644998537003994,-0.8632053732872009,0.003988201561151072,0.0372802734375,0.7368828602135181,28.751435124874114,-0.5509209632873535,4.356215000152588,53.75108337402344,40.38543701171875,54.30200958251953,41.127174377441406,0.9883649279025296,1.82518470287323,78.94841766357422,0.775,1.0,0.0,1.0,0.0,0.0,0.009309625253081322,0.20704305171966553,0.0,0.1407664269208908,0.14823472499847412,0.15217290818691254,-1.7203121185302734,-1.7056845426559448,-1.697981834411621,0.0,1.0
345088,337,5,164.39841304377882,198.4,-0.006789369788020849,7.5119775384664536,-0.857188168168068,0.007101963105378672,0.0621337890625,0.590722531825304,72.17595982551575,0.4065430462360382,6.330594539642334,35.015541076660156,43.60710906982422,34.6089973449707,44.59284591674805,0.9789246689598846,1.3831233978271484,209.9812469482422,0.6,1.0,0.0,1.0,0.0,0.0,-0.00677735498175025,0.20902493596076965,0.0,0.14141571521759033,0.14921127259731293,0.15317758917808533,-1.719038963317871,-1.7037749290466309,-1.6960185766220093,0.0,1.0
346112,338,4,249.41795920800706,253.0,-0.004872304853051901,3.981740362942219,-0.8538793504238129,0.006149808307236526,0.0572509765625,0.7396191574633122,47.138668751716615,1.7472093105316162,5.072671890258789,36.62472152709961,40.92350769042969,34.87751007080078,43.670936584472656,0.984635165092758,1.8113329410552979,163.82638549804688,0.8,1.0,0.0,1.0,0.0,0.0,0.006569686811417341,0.20715582370758057,0.0,0.14054979383945465,0.14921043813228607,0.15462420880794525,-1.7207368612289429,-1.7037893533706665,-1.6931928396224976,0.0,1.0
347136,339,6,205.09523232402458,216.33333333333334,-0.0042615586251486095,10.760684043169022,-0.8575850710272789,0.004499677667627111,0.0411376953125,0.740661958605051,96.66675887107849,0.0003237128257751465,7.6496758460998535,45.53177261352539,45.265159606933594,45.53144836425781,47.54679870605469,0.9714400135583662,1.5734423398971558,332.4985046386719,0.75,1.0,0.0,1.0,0.0,0.0,-0.009544778615236282,0.20541590452194214,0.0,0.1375964730978012,0.14791996777057648,0.1562480628490448,-1.7265307903289795,-1.706299901008606,-1.690022349357605,0.0,1.0
348160,340,6,136.24161902793801,168.16666666666666,-0.00468693608418107,4.446309454739094,-0.864414019882679,0.0031467066291952506,0.041015625,0.5673881970345974,40.115287160873415,-1.217545509338379,4.752042293548584,39.27210235595703,36.183597564697266,40.489646911621094,35.917850494384766,0.9827520655544527,1.0393767356872559,118.65532684326172,0.55,1.0,0.0,1.0,0.0,0.0,0.001485565211623907,0.2111033797264099,0.0,0.13455088436603546,0.14717678725719452,0.15649010241031647,-1.7325104475021362,-1.7077714204788208,-1.6895499229431152,0.0,1.0
349184,341,5,215.02554111716282,226.8,-0.0039968119701370595,12.437070697546005,-0.8688150092959404,0.007002201647264883,0.0647705078125,0.7939751863479614,63.28908271789551,0.5554225444793701,7.343549728393555,37.681400299072266,37.461788177490234,37.1259765625,37.843814849853516,0.9615731257496746,1.6165742874145508,180.0047607421875,0.85,1.0,0.0,1.0,0.0,0.0,0.011565029621124268,0.21367019414901733,0.0,0.13242322206497192,0.1464458703994751,0.15698951482772827,-1.736690878868103,-1.709207534790039,-1.688575267791748,0.0,1.0
350208,342,5,128.19800494108657,161.2,-0.003430095873773098,8.7557297706604,-0.8708162069320678,0.003797338374715764,0.02373046875,0.6780767373740673,90.09051032066345,2.1956593990325928,7.313222885131836,29.915529251098633,40.861270904541016,27.719871520996094,44.42585754394531,0.9679672764849587,1.3367489576339722,319.3529968261719,0.775,1.0,0.0,1.0,0.0,0.0,0.0263324286788702,0.21090377867221832,0.0,0.13096289336681366,0.14648151397705078,0.15767402946949005,-1.7395614385604858,-1.7091631889343262,-1.6872395277023315,0.0,1.0
351232,343,5,189.35400506105063,201.8,-0.005652565509080887,1.5835320606827736,-0.8697408482432365,0.005791401379974559,0.0570068359375,0.6905097976326943,21.541936337947845,0.2304152548313141,3.121340274810791,57.566734313964844,38.00666427612305,57.33631896972656,36.31034851074219,0.9932552987166684,1.503440499305725,78.29376220703125,0.75,1.0,0.0,1.0,0.0,0.0,0.02145548164844513,0.20682597160339355,0.0,0.13006092607975006,0.14677800238132477,0.15950320661067963,-1.7413350343704224,-1.7085717916488647,-1.6836717128753662,0.0,1.0
352256,344,2,171.91257153490164,197.5,-0.00411805982585065,14.854466211795806,-0.872292360663414,0.003781752863142174,0.0430419921875,0.6270493760704994,133.66731209754943,3.833733558654785,8.669414520263672,20.422035217285156,35.67299270629883,16.588300704956055,39.31101989746094,0.9409390534065647,1.0311287641525269,451.0484619140625,0.675,1.0,0.0,1.0,0.0,0.0,-0.0013567665591835976,0.19752313196659088,0.0,0.12916125357151031,0.14538587629795074,0.15816178917884827,-1.7431044578552246,-1.7112984657287598,-1.6862878799438477,0.0,1.0
353280,345,6,222.75414308503443,233.16666666666666,-0.004888140188995749,5.98768267929554,-0.8803874105215073,0.004612243910378311,0.0385986328125,0.6977760963141918,54.37489230632782,2.2110464572906494,6.542051792144775,45.67122268676758,43.4734001159668,43.46017837524414,47.2286262512207,0.9773545591269596,1.5146592855453491,191.4783935546875,0.7,1.0,0.0,1.0,0.0,0.0,0.0013181882677599788,0.20857885479927063,0.0,0.1296212077140808,0.14429593086242676,0.15652358531951904,-1.7421997785568237,-1.7134252786636353,-1.6894845962524414,0.0,1.0
354304,346,6,202.85942063723007,225.66666666666666,-0.0050603750045411285,4.548577761650085,-0.8863106936216354,0.0030949119536671788,0.049072265625,0.6922934643924237,43.63766696453094,-1.3869470357894897,4.53707218170166,40.486328125,38.36376953125,41.87327575683594,37.29597473144531,0.9860135088638327,1.3593624830245972,141.7417755126953,0.85,1.0,0.0,1.0,0.0,0.0,0.010250010527670383,0.20943805575370789,0.0,0.1297723650932312,0.14331069588661194,0.15555121004581451,-1.741902470588684,-1.7153525352478027,-1.691382646560669,0.0,1.0
355328,347,6,171.22434931077768,188.5,-0.004849517275579274,11.051234859228135,-0.893284960091114,0.0038903916065464728,0.0417724609375,0.6856031395494938,61.73381972312927,1.4033126831054688,7.2127227783203125,39.249610900878906,41.97880935668945,37.84629821777344,43.2175407409668,0.9704785146770357,1.8396040201187134,170.10910034179688,0.675,1.0,0.0,1.0,0.0,0.0,0.0008333741570822895,0.2046118527650833,0.0,0.1281997412443161,0.14180786907672882,0.1538270264863968,-1.7449960708618164,-1.7182894945144653,-1.6947498321533203,0.0,1.0
356352,348,4,132.1571514082492,156.0,-0.00556495530763641,20.691000401973724,-0.8972221225500107,0.00692103168257745,0.057470703125,0.7950291231274604,104.51750326156616,-2.9070568084716797,9.169157028198242,47.346282958984375,39.99202346801758,50.253334045410156,38.6605224609375,0.9474331329778392,1.5214568376541138,286.3786926269531,0.775,1.0,0.0,1.0,0.0,0.0,0.004534159321337938,0.2015378624200821,0.0,0.12829792499542236,0.14254041016101837,0.15395087003707886,-1.7448028326034546,-1.7168523073196411,-1.6945079565048218,0.0,1.0
357376,349,5,160.93904580259013,167.4,-0.004998192354105413,19.872868567705154,-0.8916346549987793,0.005133125338761602,0.0490234375,0.687164681404829,130.08815641403197,0.07967764139175415,10.390934944152832,45.808773040771484,44.29191589355469,45.72909927368164,47.976078033447266,0.9449622973120464,1.2756708860397339,377.4219970703125,0.825,1.0,0.0,1.0,0.0,0.0,0.00780894560739398,0.20745554566383362,0.0,0.12624596059322357,0.14310413599014282,0.15306995809078217,-1.7488410472869873,-1.7157827615737915,-1.6962288618087769,0.0,1.0
358400,350,5,216.47396284819465,241.8,-0.004693885333836079,5.049337550997734,-0.8936210379004479,0.00456818030361319,0.04296875,0.7933452062308788,56.27910387516022,0.9750090837478638,5.704664707183838,46.18278503417969,42.51094436645508,45.20777893066406,44.60647964477539,0.9819922797046856,1.6545989513397217,202.50350952148438,0.95,1.0,0.0,1.0,0.0,0.0,0.006653045769780874,0.20802055299282074,0.0,0.12333440035581589,0.14175237715244293,0.1515284776687622,-1.7545742988586426,-1.7184408903121948,-1.6992413997650146,0.0,1.0
359424,351,6,198.42375609268058,219.5,-0.005769912758842111,13.382142847776413,-0.8988018959760666,0.007015313631563913,0.0620849609375,0.7460497379302978,105.42576136589051,1.636364459991455,8.985858917236328,30.342697143554688,40.03865432739258,28.706331253051758,42.73935317993164,0.9496313446810454,1.5091731548309326,318.97235107421875,0.825,1.0,0.0,1.0,0.0,0.0,-0.005427298601716757,0.20415098965168,0.0,0.12459678202867508,0.1419677585363388,0.15080198645591736,-1.752087950706482,-1.7179983854293823,-1.7006616592407227,0.0,1.0
360448,352,4,237.08670355088373,239.5,-0.005086178542114794,6.806823521852493,-0.8952561631798744,0.0024722501329961233,0.046142578125,0.6562541604042054,63.509322261810304,0.08807218074798584,6.523730278015137,41.15214538574219,39.4161262512207,41.0640754699707,40.771644592285156,0.9726067093638687,1.1718957424163818,225.62010192871094,0.75,1.0,0.0,1.0,0.0,0.0,0.00841036718338728,0.20891262590885162,0.0,0.12481421232223511,0.1424679011106491,0.1519176959991455,-1.751659870147705,-1.7170041799545288,-1.6984806060791016,0.0,1.0
361472,353,5,165.9187739225807,175.6,-0.004942918545566499,3.374091076850891,-0.8949574589729309,0.004066253564087674,0.0407470703125,0.6988045535981655,45.25236971378327,1.4620885848999023,4.56273889541626,51.38850402832031,41.764198303222656,49.926414489746094,43.96137619018555,0.98806443704663,1.1508100032806396,147.60923767089844,0.85,1.0,0.0,1.0,0.0,0.0,0.009519577026367188,0.20551429688930511,0.0,0.12446983903646469,0.14200828969478607,0.15092141926288605,-1.75233793258667,-1.7179228067398071,-1.7004282474517822,0.0,1.0
362496,354,6,187.31314883820744,202.83333333333334,-0.004636946518439799,8.247351714968682,-0.897611053287983,0.004173491445544642,0.04775390625,0.6737912513315678,53.518921685218814,-1.3677752017974854,6.468599796295166,44.39546203613281,39.24406814575195,45.76323318481445,38.71406936645508,0.9728310696919089,1.4994655847549438,161.3831024169922,0.775,1.0,0.0,1.0,0.0,0.0,0.01576407253742218,0.20442236959934235,0.0,0.12167257815599442,0.14187727868556976,0.1519821137189865,-1.7578486204147339,-1.7181949615478516,-1.698354721069336,0.0,1.0
363520,355,6,153.24919198872726,185.0,-0.00377206900739111,7.592283320426941,-0.8977139964699745,0.0048090972879435865,0.044921875,0.7612775474786758,54.0958410024643,-1.146477222442627,5.760977745056152,43.15745544433594,42.74856185913086,44.30393981933594,41.60434341430664,0.9818385947440554,1.622899055480957,226.4363250732422,0.75,1.0,0.0,1.0,0.0,0.0,0.009053918533027172,0.20074863731861115,0.0,0.12047311663627625,0.1418767124414444,0.1531323790550232,-1.7602126598358154,-1.7182068824768066,-1.6961069107055664,0.0,1.0
364544,356,4,184.0279857750868,203.5,-0.003744657925562933,12.854296296834946,-0.9013027876615525,0.0040000602879445065,0.0387451171875,0.7084846824407578,123.5373318195343,2.083599328994751,9.117334365844727,34.703392028808594,43.065731048583984,32.619789123535156,47.554874420166016,0.9551799851782752,1.2062290906906128,398.2503967285156,0.875,1.0,0.0,1.0,0.0,0.0,0.011070148088037968,0.20242182910442352,0.0,0.12012120336294174,0.14037105441093445,0.150741845369339,-1.760906457901001,-1.7211519479751587,-1.7007793188095093,0.0,1.0
365568,357,5,234.54398566768646,239.2,-0.003070637921337038,13.789146798849107,-0.9089134022593498,0.005031636421335861,0.0360595703125,0.742890040576458,81.2966079711914,-0.6252999901771545,8.189072608947754,42.286277770996094,44.37294387817383,42.91157531738281,44.9390869140625,0.9659409122100243,1.5419288873672485,223.4601287841797,0.75,1.0,0.0,1.0,0.0,0.0,0.0075435638427734375,0.2056042104959488,0.0,0.1190529614686966,0.13989318907260895,0.1505601555109024,-1.7630126476287842,-1.7220765352249146,-1.7011345624923706,0.0,1.0
366592,358,3,134.42783154503914,175.0,-0.003021316637750715,5.787414458394051,-0.9140463292598724,0.002379486411518883,0.019140625,0.641216729581356,64.6642736196518,3.533745288848877,5.281853675842285,42.596378326416016,42.12708282470703,39.0626335144043,45.645286560058594,0.9842800918321947,1.385589361190796,235.15518188476562,0.675,1.0,0.0,1.0,0.0,0.0,0.01735987514257431,0.19087587296962738,0.0,0.11599980294704437,0.13784639537334442,0.14988288283348083,-1.7690354585647583,-1.726112961769104,-1.7024589776992798,0.0,1.0
367616,359,5,220.38600891735592,227.6,-0.0046992076095193624,16.7467411249876,-0.9261198088526725,0.0009996212422265672,0.0380859375,0.7366473495960235,98.21089873313903,5.090662002563477,8.47567367553711,29.890560150146484,44.85312271118164,24.799896240234375,49.88594436645508,0.9642921930660417,1.5332833528518677,338.0132751464844,0.775,1.0,0.0,1.0,0.0,0.0,0.016700925305485725,0.1950574368238449,0.0,0.11589177697896957,0.13639304041862488,0.14783558249473572,-1.769248604774475,-1.7289515733718872,-1.706464171409607,0.0,1.0
368640,360,5,253.97313441448335,253.4,-0.005134849098976701,18.93276823759079,-0.9298727750778198,0.003091006012982689,0.039697265625,0.7257108896970749,87.75687546730042,1.7573487758636475,9.266128540039062,35.517311096191406,36.18144607543945,33.75996017456055,39.45538330078125,0.9344119314726061,1.7050052881240845,249.37301635742188,0.725,1.0,0.0,1.0,0.0,0.0,0.014625654555857182,0.1975666880607605,0.0,0.11715718358755112,0.1365276724100113,0.14806963503360748,-1.766751766204834,-1.7286642789840698,-1.7060061693191528,0.0,1.0
369664,361,6,164.59539737739968,188.66666666666666,-0.004818077548407018,8.456442993879318,-0.9293384283781052,0.004569712500961031,0.047900390625,0.6908838905394077,51.56077480316162,-2.1637396812438965,6.162937164306641,46.07743835449219,39.572845458984375,48.241180419921875,38.38376235961914,0.9757461407291159,1.1444731950759888,171.0904998779297,0.85,1.0,0.0,1.0,0.0,0.0,0.009672769345343113,0.2050391286611557,0.0,0.11753181368112564,0.13658444583415985,0.14675524830818176,-1.7660127878189087,-1.7285765409469604,-1.7085785865783691,0.0,1.0
370688,362,4,150.53705878405395,182.0,-0.0055032494943588976,5.114399120211601,-0.9277899697422981,0.0067204500519437715,0.0585205078125,0.7516683377325535,52.5102814912796,1.8662208318710327,5.040424346923828,36.9022216796875,38.51689147949219,35.03600311279297,39.80354309082031,0.9828749555142821,1.3595942258834839,165.0685272216797,0.825,1.0,0.0,1.0,0.0,0.0,0.01361475046724081,0.20513670146465302,0.0,0.1171715036034584,0.13680016994476318,0.14740121364593506,-1.7667236328125,-1.7281428575515747,-1.7073142528533936,0.0,1.0
371712,363,4,204.9207934597644,229.25,-0.005458391236606986,8.080674600601196,-0.9304608821868896,0.0032960267635644414,0.0465087890625,0.6673446044325828,73.08774027824401,3.3309192657470703,6.607803821563721,29.79246711730957,37.99112319946289,26.461549758911133,41.10836410522461,0.969748278071572,1.4992599487304688,231.8490447998047,0.725,1.0,0.0,1.0,0.0,0.0,0.021749718114733696,0.20270870625972748,0.0,0.11551754921674728,0.13565124571323395,0.1478225141763687,-1.7699871063232422,-1.7304078340530396,-1.7064898014068604,0.0,1.0
372736,364,5,193.60771188376557,210.8,-0.00385835922206752,5.165093925595284,-0.936338546872139,0.00428745207900647,0.04765625,0.7710340648889542,50.64767687320709,2.1963138580322266,5.34962797164917,43.3687744140625,42.77947998046875,41.17245864868164,43.49203109741211,0.9843621835374012,1.7863049507141113,178.5289764404297,0.875,1.0,0.0,1.0,0.0,0.0,0.019433097913861275,0.20194308459758759,0.0,0.11341721564531326,0.13494093716144562,0.1468752771615982,-1.7741332054138184,-1.7317897081375122,-1.708343744277954,0.0,1.0
373760,365,5,217.8784084552645,231.6,-0.005214736051857472,8.966806519031525,-0.9406843096017837,0.005425684245710727,0.0434326171875,0.6189418144524097,61.907966542243955,1.4877963066101074,6.543308258056641,32.889862060546875,37.39897918701172,31.402069091796875,38.76187515258789,0.9693891618037924,0.9832229018211365,168.82275390625,0.725,1.0,0.0,1.0,0.0,0.0,0.015089313499629498,0.2057146579027176,0.0,0.11209093034267426,0.13436834514141083,0.14562605321407318,-1.7767523527145386,-1.7329281568527222,-1.710789442062378,0.0,1.0
374784,366,7,186.85979067254243,193.14285714285714,-0.008409353619208559,21.085304689407348,-0.9389575913548469,0.0048214002934400925,0.0778564453125,0.7117294151335954,58.12640409469604,-2.405555009841919,8.160658836364746,56.382118225097656,38.81132507324219,58.78767395019531,38.07583999633789,0.9557886852886431,1.678665041923523,152.29739379882812,0.775,1.0,0.0,1.0,0.0,0.0,0.04019163176417351,0.21349871158599854,0.0,0.11352486908435822,0.1358613222837448,0.1470571756362915,-1.7739206552505493,-1.7300111055374146,-1.707987666130066,0.0,1.0
375808,367,5,167.99477331831062,191.0,-0.003523159003816545,7.554899924993515,-0.9334166020154953,0.002214273357822094,0.0242919921875,0.7012930318713189,64.20309977531433,-0.6472480297088623,6.404587745666504,33.900691986083984,41.745948791503906,34.54793930053711,41.55820083618164,0.976462856558383,1.4308867454528809,196.41403198242188,0.8,1.0,0.0,1.0,0.0,0.0,0.027667442336678505,0.20690445601940155,0.0,0.11195892840623856,0.13529150187969208,0.14930467307567596,-1.7770130634307861,-1.7311383485794067,-1.703589916229248,0.0,1.0
376832,368,4,168.33082885309858,195.5,-0.004759465140523389,11.030109232664108,-0.9374191030859947,0.002869541698601097,0.049755859375,0.6930562771856785,52.50032014846802,-0.9076632857322693,6.818167209625244,45.71689987182617,39.785640716552734,46.62456512451172,40.95394515991211,0.9706314423276802,1.6529138088226318,136.44918823242188,0.725,1.0,0.0,1.0,0.0,0.0,0.0207199789583683,0.199110209941864,0.0,0.11195052415132523,0.13511933386325836,0.14899665117263794,-1.7770296335220337,-1.7314777374267578,-1.7041923999786377,0.0,1.0
377856,369,5,164.03968916095272,194.4,-0.00456739830551669,3.002391645312309,-0.9371555358171463,0.006366470544890035,0.0485107421875,0.8068551376461983,40.54193482398987,1.3184856176376343,4.14967679977417,41.83843231201172,40.618167877197266,40.51994323730469,42.076988220214844,0.9895627081595638,1.782773733139038,134.53335571289062,0.85,1.0,0.0,1.0,0.0,0.0,0.03262164443731308,0.2076689451932907,0.0,0.11204671859741211,0.1352437287569046,0.14844489097595215,-1.7768397331237793,-1.7312289476394653,-1.7052719593048096,0.0,1.0
378880,370,6,200.74717794647572,194.66666666666666,-0.00441500663291663,5.704639220237732,-0.9368264451622963,0.00483155831170734,0.0292724609375,0.6533498927950859,61.42418563365936,1.842373013496399,5.852828502655029,33.52752685546875,39.75541305541992,31.68515396118164,42.463294982910156,0.9783259984610949,1.6081801652908325,208.99586486816406,0.65,1.0,0.0,1.0,0.0,0.0,0.02519077993929386,0.2092064470052719,0.0,0.11320503056049347,0.1352008432149887,0.1463838368654251,-1.7745522260665894,-1.731308102607727,-1.709305763244629,0.0,1.0
379904,371,7,166.4734493836745,197.42857142857142,-0.004049528739415109,21.76694188117981,-0.9368471056222916,0.004624422627966851,0.051806640625,0.7536522805690765,83.97471914291381,0.06868898868560791,9.721477508544922,26.278905868530273,38.56671905517578,26.21021270751953,40.92776107788086,0.9364611754904486,1.1958510875701904,229.10488891601562,0.875,1.0,0.0,1.0,0.0,0.0,0.04080412909388542,0.2174765169620514,0.0,0.11439517140388489,0.13521380722522736,0.14691568911075592,-1.772202491760254,-1.7312604188919067,-1.7082645893096924,0.0,1.0
380928,372,3,143.94325106834938,184.0,-0.004150974750518799,4.522582241892815,-0.9386508569121361,0.004653582011815161,0.0462646484375,0.7029736787080765,68.90806639194489,2.6242780685424805,4.745726108551025,27.26339340209961,34.48078536987305,24.639114379882812,36.033443450927734,0.9810569009402752,1.2833571434020996,265.3548278808594,0.825,1.0,0.0,1.0,0.0,0.0,0.035649582743644714,0.21138210594654083,0.0,0.11507230997085571,0.13438935577869415,0.14658063650131226,-1.7708659172058105,-1.732883095741272,-1.7089204788208008,0.0,1.0
381952,373,6,208.53076502717474,217.0,-0.0032580051687546075,7.797990483045578,-0.9412526234984397,0.0028870181195088662,0.029150390625,0.7123595729470253,77.29559047222138,4.1698784828186035,6.243748188018799,35.3563346862793,43.202110290527344,31.18645668029785,46.76112365722656,0.9791127702207671,1.3804762363433838,262.48101806640625,0.75,1.0,0.0,1.0,0.0,0.0,0.025022894144058228,0.21786309778690338,0.0,0.11512506008148193,0.13476543128490448,0.1460791677236557,-1.7707617282867432,-1.7321428060531616,-1.709902286529541,0.0,1.0
382976,374,4,174.86901555953898,197.25,-0.005476498912321404,8.157220202684403,-0.9397615984082222,0.0036319718681625092,0.0485595703125,0.7057654544711113,48.34549446105957,0.9841747879981995,6.4732465744018555,34.770912170410156,38.0025634765625,33.78673553466797,39.62388610839844,0.9709852686608762,1.2849913835525513,154.72113037109375,0.9,1.0,0.0,1.0,0.0,0.0,0.005656354129314423,0.2095569372177124,0.0,0.11433689296245575,0.13445018231868744,0.14713799953460693,-1.7723175287246704,-1.7327548265457153,-1.707829475402832,0.0,1.0
384000,375,7,173.71613776591698,188.14285714285714,-0.005343836208339781,10.275858056545257,-0.9440102010965348,0.003546550111786928,0.0446533203125,0.7103138759732246,64.53364419937134,-1.393517017364502,7.049903869628906,40.95805358886719,39.71506118774414,42.35157012939453,39.059669494628906,0.9684894614627432,1.2841018438339233,178.07020568847656,0.725,1.0,0.0,1.0,0.0,0.0,0.03965185955166817,0.20945250988006592,0.0,0.11495630443096161,0.13374757766723633,0.14525309205055237,-1.771094799041748,-1.7341423034667969,-1.7115198373794556,0.0,1.0
385024,376,5,131.32999913723182,161.8,-0.005362329899799079,3.600229535996914,-0.9473283141851425,0.0027571172555326483,0.03544921875,0.6401269614696503,50.728369092941286,1.2040313482284546,4.533310890197754,39.816131591796875,39.24081039428711,38.612098693847656,40.5328369140625,0.986653877121749,1.1780033111572266,154.27645874023438,0.7,1.0,0.0,1.0,0.0,0.0,0.043650608509778976,0.20375026762485504,0.0,0.11472959071397781,0.13313725590705872,0.1440221518278122,-1.7715423107147217,-1.7353380918502808,-1.7139308452606201,0.0,1.0
386048,377,5,235.2874300979191,241.8,-0.005369209649506957,10.704033809900285,-0.9562636330723763,0.006369015276140999,0.0644775390625,0.7366576142609119,116.65071492195129,3.9771928787231445,7.7571210861206055,27.327991485595703,40.61973190307617,23.350801467895508,45.23429489135742,0.9635307337522134,1.2822893857955933,380.2687072753906,0.775,1.0,0.0,1.0,0.0,0.0,0.041849661618471146,0.20552290976047516,0.0,0.11167564988136292,0.1303180605173111,0.1419333517551422,-1.7775726318359375,-1.7408818006515503,-1.7180242538452148,0.0,1.0
387072,378,4,167.0579429809765,196.75,-0.003770005365367979,5.1969534993171695,-0.972724187374115,0.0031756310840137304,0.0427490234375,0.7840357676148415,44.21671850681305,0.7076597809791565,5.38376522064209,45.03385925292969,36.608612060546875,44.326194763183594,36.924346923828125,0.9783725298784871,1.5156877040863037,139.45188903808594,0.875,1.0,0.0,1.0,0.0,0.0,0.023429356515407562,0.21008223295211792,0.0,0.10836560279130936,0.12822754681110382,0.1414557695388794,-1.7841131687164307,-1.744981288909912,-1.7189605236053467,0.0,1.0
388096,379,6,170.18951296009436,192.83333333333334,-0.0041565356310456995,10.085461980104446,-0.979550713300705,0.0027118172394693827,0.0434814453125,0.7299722582101822,73.91273970603943,1.4706943035125732,7.574151992797852,28.49779510498047,39.07063293457031,27.027099609375,41.23936080932617,0.9624191008284454,1.3513576984405518,220.06959533691406,0.825,1.0,0.0,1.0,0.0,0.0,0.031839769333601,0.2106298953294754,0.0,0.10706301033496857,0.1278921514749527,0.14287811517715454,-1.7866883277893066,-1.7456473112106323,-1.716172456741333,0.0,1.0
389120,380,5,183.11653285276648,208.2,-0.005733762972522527,3.881488825380802,-0.9820143416523933,0.0037200294362264687,0.0495361328125,0.7399082392454147,30.62605211734772,0.005632288753986359,4.735828876495361,28.721689224243164,38.6519889831543,28.7160587310791,40.81547546386719,0.9849876621857335,1.4062888622283936,83.40791320800781,0.825,1.0,0.0,1.0,0.0,0.0,0.02095063030719757,0.2107006460428238,0.0,0.10677743703126907,0.12706439197063446,0.1414833664894104,-1.7872530221939087,-1.7472902536392212,-1.7189064025878906,0.0,1.0
390144,381,5,138.538549613136,177.0,-0.003944227774627507,3.5393624514341355,-0.9843532189726829,0.004188994875585194,0.045361328125,0.6817689910531044,33.116094899177554,0.6768805980682373,4.646938323974609,49.76588439941406,37.593994140625,49.0890007019043,37.85014724731445,0.984720929603595,1.3102684020996094,94.8326644897461,0.675,1.0,0.0,1.0,0.0,0.0,0.01769026182591915,0.20786651968955994,0.0,0.10581288486719131,0.12759087979793549,0.1433868557214737,-1.7891604900360107,-1.7462692260742188,-1.7151756286621094,0.0,1.0
391168,382,5,214.5224659073368,218.8,-0.004198653117055073,15.89829216003418,-0.9815043598413468,0.004952126824355219,0.0528076171875,0.7110906824469566,114.37030415534973,3.7857282161712646,9.055012702941895,26.554595947265625,40.478145599365234,22.76886749267578,43.567481994628906,0.949957743383762,1.3276127576828003,326.6747741699219,0.8,1.0,0.0,1.0,0.0,0.0,0.0034172057639807463,0.20791447162628174,0.0,0.10561447590589523,0.12769800424575806,0.14412756264209747,-1.789552927017212,-1.7460414171218872,-1.7137243747711182,0.0,1.0
392192,383,4,235.32097397883234,231.75,-0.004560135502833873,6.036132198572159,-0.9844456583261489,0.0036159205497824586,0.0442138671875,0.7526949889957905,35.767606663703916,-0.5543679594993591,5.305546283721924,46.23455047607422,33.346961975097656,46.788917541503906,33.92636489868164,0.9746867644978034,1.5754464864730835,75.64012908935547,0.825,1.0,0.0,1.0,0.0,0.0,0.009982344694435596,0.21185949444770813,0.0,0.10413485765457153,0.12642435729503632,0.1425873190164566,-1.7924798727035522,-1.7485504150390625,-1.7167423963546753,0.0,1.0
393216,384,6,180.7019437617996,214.83333333333334,-0.0031171616516076027,4.929440101981163,-0.9888566121459007,0.0035487377317622304,0.023974609375,0.7005433157086373,39.46054294109344,1.8551530838012695,4.628950595855713,40.753440856933594,42.73739242553711,38.89828872680664,43.55717086791992,0.9882686210339904,1.2575091123580933,125.53813934326172,0.75,1.0,0.0,1.0,0.0,0.0,0.008479406125843525,0.21379181742668152,0.0,0.10599081218242645,0.12662430107593536,0.14107517898082733,-1.7888085842132568,-1.7481623888015747,-1.719706654548645,0.0,1.0
394240,385,3,176.1484510436588,196.33333333333334,-0.0030469575722236186,6.094616842269898,-0.9882296994328499,0.0034749580605421214,0.0291748046875,0.7123496174812317,44.26261899471283,0.23006689548492432,5.347207546234131,34.30160903930664,31.70277214050293,34.07154083251953,30.27860450744629,0.9715514813933026,1.542335033416748,116.55157470703125,0.75,1.0,0.0,1.0,0.0,0.0,0.03213653340935707,0.2122569978237152,0.0,0.10778268426656723,0.1263427585363388,0.13886915147304535,-1.785265564918518,-1.7486940622329712,-1.7240333557128906,0.0,1.0
395264,386,7,192.76021180700803,212.57142857142858,-0.00615381863899529,5.823286053538323,-0.9909035667777062,0.007633927903953008,0.0601318359375,0.7887807220220566,58.65527925491333,2.196666955947876,5.602011680603027,38.535972595214844,39.286075592041016,36.33930587768555,41.74650955200195,0.9796665660035587,1.9118269681930542,191.8102264404297,0.85,1.0,0.0,1.0,0.0,0.0,0.03335150331258774,0.21498991549015045,0.0,0.10579932481050491,0.12589849531650543,0.14160415530204773,-1.7891873121261597,-1.7495676279067993,-1.7186695337295532,0.0,1.0
396288,387,5,192.84002234226693,191.4,-0.004257393314037472,6.4287333548069,-0.9931481406092644,0.004141511551279109,0.053662109375,0.6715615957975387,55.055316829681395,1.7195541858673096,5.460023403167725,48.3998908996582,38.69983673095703,46.68033218383789,39.01770782470703,0.9800946044638629,1.1825146675109863,217.57952880859375,0.725,1.0,0.0,1.0,0.0,0.0,0.027185901999473572,0.21584147214889526,0.0,0.10474731773138046,0.12525682151317596,0.14151141047477722,-1.791268229484558,-1.750839352607727,-1.7188513278961182,0.0,1.0
397312,388,6,179.95986949722462,194.66666666666666,-0.0038113902672193946,6.685776358842849,-0.9971238538622856,0.0029783380567096175,0.0361572265625,0.8667024657130241,53.28927597999573,0.3757360577583313,5.891807556152344,41.094581604003906,41.994998931884766,40.71884536743164,41.38489532470703,0.9803165167282942,1.9892055988311768,171.8683624267578,1.0,1.0,0.0,1.0,0.0,0.0,0.021616002544760704,0.21759982407093048,0.0,0.10356582701206207,0.12474306672811508,0.1414593905210495,-1.7936058044433594,-1.7518672943115234,-1.7189533710479736,0.0,1.0
398336,389,3,220.22479934792798,223.66666666666666,-0.005890849989373237,5.816372528672218,-0.9980386182665825,0.004510091460542753,0.066943359375,0.8108394272625447,59.823909878730774,0.10525289177894592,6.095614910125732,45.012813568115234,37.1302604675293,44.90755844116211,37.10081481933594,0.9730487378612094,2.0291647911071777,196.38888549804688,0.875,1.0,0.0,1.0,0.0,0.0,0.01363296527415514,0.2145911306142807,0.0,0.10182136297225952,0.125240758061409,0.14523229002952576,-1.79705810546875,-1.7509102821350098,-1.7115604877471924,0.0,1.0
399360,390,5,189.7812970300354,213.6,-0.005168759950902313,7.367012459039688,-1.0006971016526223,0.0043795518795377575,0.066455078125,0.8162347927689553,55.72210886478424,-1.1872131824493408,6.199535846710205,47.61271667480469,39.99446487426758,48.799930572509766,38.110931396484375,0.9759719473879418,1.6534122228622437,174.21865844726562,0.85,1.0,0.0,1.0,0.0,0.0,-0.006829507648944855,0.21785280108451843,0.0,0.0972275659441948,0.1232910230755806,0.14503948390483856,-1.8061553239822388,-1.7547520399093628,-1.7119381427764893,0.0,1.0
400384,391,7,160.07780116746954,181.85714285714286,-0.004822563740890473,13.168539386987685,-1.0087426960468293,0.006113861584162805,0.0669677734375,0.8298102252185344,71.57105793952942,0.5824896097183228,8.112489700317383,37.82170867919922,46.569976806640625,37.239219665527344,48.16151809692383,0.9696543666247899,1.5977184772491455,201.9534454345703,0.825,1.0,0.0,1.0,0.0,0.0,-0.013100724667310715,0.2254612296819687,0.0,0.09439745545387268,0.12322337180376053,0.1448030322790146,-1.811763882637024,-1.754886507987976,-1.712401270866394,0.0,1.0
401408,392,4,185.2039595510558,203.75,-0.004119318095035851,4.274562442302704,-1.0041726320981978,0.005492086760932579,0.0421630859375,0.7454428486526012,37.66637630462647,-0.3017357587814331,4.64400577545166,37.6419677734375,37.05497360229492,37.943702697753906,36.95995330810547,0.9842930263444954,1.587694764137268,115.251708984375,0.7,1.0,0.0,1.0,0.0,0.0,0.03952450677752495,0.2221672236919403,0.0,0.09663018584251404,0.12443289905786514,0.14509044587612152,-1.8073389530181885,-1.7525038719177246,-1.7118383646011353,0.0,1.0
402432,393,7,176.46637161124707,192.71428571428572,-0.004032894887495786,4.3657140791416165,-1.001082493364811,0.004637520504184067,0.048193359375,0.8909456327557563,45.62144832611084,-0.6024943590164185,5.255605697631836,44.01746368408203,47.602359771728516,44.61996078491211,48.34164810180664,0.9878104233159457,2.1919023990631104,146.24716186523438,0.925,1.0,0.0,1.0,0.0,0.0,0.035732146352529526,0.22944435477256775,0.0,0.09789415448904037,0.12398017197847366,0.14375877380371094,-1.8048347234725952,-1.7533961534500122,-1.7144469022750854,0.0,1.0
403456,394,4,163.29443568716266,176.25,-0.006380615360103548,5.191985157132149,-1.0022722214460373,0.007275403532548808,0.0623779296875,0.7855598829686642,59.60539484024048,-1.1583845615386963,5.6177144050598145,46.74505615234375,37.76974105834961,47.9034423828125,38.28718185424805,0.9778776493143335,1.3068089485168457,223.2916717529297,0.9,1.0,0.0,1.0,0.0,0.0,0.03471565246582031,0.21730630099773407,0.0,0.09872422367334366,0.12480948120355606,0.14416919648647308,-1.8031905889511108,-1.7517482042312622,-1.7136428356170654,0.0,1.0
404480,395,6,193.6279479521095,214.66666666666666,-0.00789343036012724,6.788284105062485,-0.9966713190078735,0.00827635238674702,0.0955078125,0.7504667706787587,64.843545794487,-1.1076524257659912,6.133215427398682,46.42524719238281,45.13253402709961,47.532901763916016,44.986122131347656,0.9815329727909251,1.3342400789260864,220.6710662841797,0.775,1.0,0.0,1.0,0.0,0.0,0.042998481541872025,0.22197727859020233,0.0,0.09955283254384995,0.12532873451709747,0.1436363011598587,-1.8015494346618652,-1.7507209777832031,-1.7146868705749512,0.0,1.0
405504,396,3,200.89410081727192,217.33333333333334,-0.002573904214659706,2.6540690794587136,-0.9968658506870269,0.002745302337280009,0.024951171875,0.8071980111300945,49.234944224357605,1.7034624814987183,3.877464532852173,32.881248474121094,36.420997619628906,31.17778778076172,38.36937713623047,0.988665770664199,1.7528184652328491,179.86367797851562,0.9,1.0,0.0,1.0,0.0,0.0,0.02954929508268833,0.21975336968898773,0.0,0.09886887669563293,0.12454915791749954,0.1414596289396286,-1.8029040098190308,-1.7522735595703125,-1.7189528942108154,0.0,1.0
406528,397,6,194.55882614859118,212.66666666666666,-0.003862593602389097,4.5698032706975935,-1.0003693625330925,0.0019239961504354142,0.042041015625,0.8841826982796193,38.282885456085204,-0.641465425491333,4.978816509246826,47.25551986694336,41.7475700378418,47.89698791503906,42.20622253417969,0.9857770466412753,1.6346176862716675,116.5704116821289,0.95,1.0,0.0,1.0,0.0,0.0,0.024672353640198708,0.22581523656845093,0.0,0.09919407218694687,0.12459304183721542,0.14221912622451782,-1.802259922027588,-1.7521780729293823,-1.7174640893936157,0.0,1.0
407552,398,7,184.50049293168533,195.85714285714286,-0.006198032770771533,6.902021569013596,-1.000937755405903,0.004690684280649293,0.064794921875,0.8782791368663311,69.72915525436402,2.128844976425171,5.375708103179932,29.08169174194336,39.58154296875,26.95284652709961,40.538299560546875,0.9815546901782078,1.5123234987258911,205.52867126464844,0.925,1.0,0.0,1.0,0.0,0.0,0.03178113326430321,0.2233000546693802,0.0,0.09860704094171524,0.12400976568460464,0.14264748990535736,-1.8034226894378662,-1.7533389329910278,-1.7166244983673096,0.0,1.0
408576,399,4,151.56880069449815,172.0,-0.0030721004237420856,4.9689786553382875,-1.003643947839737,0.002636871868162416,0.0274658203125,0.806519640982151,55.818552422523496,1.0052300691604614,5.569181442260742,38.16027069091797,39.664249420166016,37.1550407409668,41.416412353515625,0.9802855687118048,1.5844589471817017,185.0892791748047,0.825,1.0,0.0,1.0,0.0,0.0,0.01423268299549818,0.21466028690338135,0.0,0.0996922105550766,0.12394223362207413,0.14276261627674103,-1.8012734651565552,-1.7534509897232056,-1.71639883518219,0.0,1.0
409600,400,4,206.8610272224728,219.25,-0.004331620235461742,9.99900780916214,-1.003396174311638,0.00451197565998882,0.0493408203125,0.806067981570959,57.582828521728516,0.6532597541809082,7.086170673370361,38.23504638671875,42.690948486328125,37.581787109375,45.039344787597656,0.9724480987359512,1.8513431549072266,181.32273864746094,0.825,1.0,0.0,1.0,0.0,0.0,-0.011742837727069855,0.21537314355373383,0.0,0.0987488180398941,0.123860664665699,0.14444780349731445,-1.8031418323516846,-1.7536239624023438,-1.713097095489502,0.0,1.0
410624,401,3,159.64839495309238,199.0,-0.003479353873990476,4.308704490214586,-1.0018455758690834,0.00705246686557075,0.04931640625,0.9822745390236378,66.04939604997635,3.174290895462036,4.850079536437988,41.14886474609375,36.485958099365234,37.974571228027344,38.998191833496094,0.9823296075592094,2.094362258911133,247.8755340576172,0.9,1.0,0.0,1.0,0.0,0.0,0.011836056597530842,0.21571658551692963,0.0,0.09909050166606903,0.12479586154222488,0.14583028852939606,-1.8024650812149048,-1.7517918348312378,-1.710389494895935,0.0,1.0
411648,402,8,224.51945550457188,233.25,-0.0040546448435634375,7.464733561873436,-0.9967647209763527,0.004280239711806644,0.044970703125,0.8838387660682201,65.79609966278076,1.6047084331512451,6.662036895751953,37.85630798339844,46.506526947021484,36.2515983581543,47.64319610595703,0.979479578502428,1.8913991451263428,209.6280517578125,0.95,1.0,0.0,1.0,0.0,0.0,0.026899980381131172,0.2254922091960907,0.0,0.0994834154844284,0.12523065507411957,0.14527928829193115,-1.8016870021820068,-1.7509385347366333,-1.7114684581756592,0.0,1.0
412672,403,3,212.71242299739,212.33333333333334,-0.006342615425819531,6.511117722094059,-0.9980642825365067,0.006331873951421585,0.0639404296875,0.7768373019993305,57.095068192481996,2.478015661239624,6.163865566253662,40.744178771972656,41.81700134277344,38.26616287231445,44.39673614501953,0.9782729600177158,1.7496557235717773,167.18096923828125,0.825,1.0,0.0,1.0,0.0,0.0,0.02179076336324215,0.22564461827278137,0.0,0.09747029095888138,0.12421324849128723,0.14434030652046204,-1.805674433708191,-1.752947449684143,-1.7133076190948486,0.0,1.0
413696,404,6,199.20604156769602,198.0,-0.006090586399659514,6.5019784450531,-1.0023674726486207,0.007056708897289354,0.068017578125,0.787947328016162,45.00554521083832,-1.1969629526138306,5.818032741546631,48.93374252319336,42.153316497802734,50.13070297241211,42.94633102416992,0.9809502698082606,1.7171212434768677,126.89131927490234,0.775,1.0,0.0,1.0,0.0,0.0,0.019345106557011604,0.24027664959430695,0.0,0.096803680062294,0.12433549761772156,0.14536505937576294,-1.806995153427124,-1.7527111768722534,-1.7113004922866821,0.0,1.0
414720,405,7,136.5357652357167,162.0,-0.005688834458123892,7.095237278938294,-1.003767666220665,0.006549939875549171,0.0616455078125,0.9197905138134956,65.02928121089936,-2.909271478652954,5.2432169914245605,45.11202621459961,41.002559661865234,48.021297454833984,38.979461669921875,0.9836478936770646,1.6760759353637695,250.3842010498047,0.875,1.0,0.0,1.0,0.0,0.0,0.03182769939303398,0.22556935250759125,0.0,0.09541290998458862,0.12337244302034378,0.1456798017024994,-1.8097511529922485,-1.7546018362045288,-1.7106841802597046,0.0,1.0
415744,406,3,141.4083849677348,174.66666666666666,-0.005483799224020913,8.743997663259506,-1.0069965362548827,0.004686843737727031,0.0564208984375,0.7766707733273506,60.298704218864444,-1.030409574508667,6.601512432098389,36.1025390625,36.20671081542969,37.13294982910156,36.23164749145508,0.9667563490506879,1.6512073278427124,204.0665740966797,0.825,1.0,0.0,1.0,0.0,0.0,0.04330597445368767,0.22356916964054108,0.0,0.09557336568832397,0.1237921416759491,0.14661984145641327,-1.809433102607727,-1.7537740468978882,-1.70884370803833,0.0,1.0
416768,407,9,155.76966849314246,163.0,-0.004568374599330127,31.041582548618315,-1.0047498524188996,0.008927891416533384,0.0731201171875,0.8596767351031304,77.73900904655457,-1.0955544710159302,10.391447067260742,41.991249084472656,40.021968841552734,43.08680725097656,42.753082275390625,0.9325852166160368,1.567848801612854,190.6001434326172,0.85,1.0,0.0,1.0,0.0,0.0,0.01596847176551819,0.22970972955226898,0.0,0.09281238913536072,0.1233612671494484,0.14791984856128693,-1.814906358718872,-1.7546520233154297,-1.7062993049621582,0.0,1.0
417792,408,4,178.26176370409053,211.5,-0.005404278682544827,10.518482494354249,-1.0112547487020493,0.004575446146191098,0.0464599609375,0.7659290477633476,57.74275176525116,-0.7773990035057068,7.428746223449707,33.35234832763672,39.57627868652344,34.12974548339844,42.293235778808594,0.9647660687720339,1.256819486618042,159.8369903564453,0.75,1.0,0.0,1.0,0.0,0.0,0.01481417566537857,0.2215343415737152,0.0,0.08996522426605225,0.12182551622390747,0.14853383600711823,-1.8205534219741821,-1.757688045501709,-1.7050979137420654,0.0,1.0
418816,409,6,139.45249655260093,171.83333333333334,-0.004916501778643579,4.978131866455078,-1.0189495354890823,0.005243129211885389,0.0491455078125,0.7940789878368377,38.649395155906674,-0.45121800899505615,4.885281562805176,35.70716857910156,38.977352142333984,36.15838623046875,39.21908950805664,0.9842907850512875,1.562188744544983,114.14513397216797,0.9,1.0,0.0,1.0,0.0,0.0,0.043243225663900375,0.22148486971855164,0.0,0.08800171315670013,0.12109719961881638,0.14913475513458252,-1.8244495391845703,-1.7591196298599243,-1.7039222717285156,0.0,1.0
419840,410,6,152.39470993824537,172.16666666666666,-0.005019537440966814,4.531602588295937,-1.0257006287574768,0.007010005426127464,0.039453125,0.857390995323658,60.31571178436279,2.5738611221313477,5.08220100402832,35.65937042236328,40.4952507019043,33.085514068603516,43.287498474121094,0.9842494600174899,1.896263837814331,218.7593994140625,0.9,1.0,0.0,1.0,0.0,0.0,0.06457725912332535,0.2286478728055954,0.0,0.08639565855264664,0.11885561794042587,0.14672434329986572,-1.8276373147964478,-1.7635459899902344,-1.708639144897461,0.0,1.0
420864,411,5,171.09641171165006,183.6,-0.004233160300645977,4.285127723217011,-1.04136720597744,0.0054873497239896095,0.0363037109375,0.839651531726122,57.35004901885986,2.593043565750122,4.612718105316162,34.3281135559082,38.63319396972656,31.735069274902344,40.060699462890625,0.9857441689099884,1.4619346857070923,208.01988220214844,0.85,1.0,0.0,1.0,0.0,0.0,0.03874737024307251,0.22875839471817017,0.0,0.08364894241094589,0.11632189154624939,0.14305225014686584,-1.8330912590026855,-1.768536925315857,-1.7158312797546387,0.0,1.0
421888,412,4,235.8722748084998,222.5,-0.004763232593541033,10.194833689928055,-1.0509711414575578,0.004190742201171815,0.041162109375,0.8942233867943287,80.63193140029907,2.8933982849121094,7.234102725982666,32.540374755859375,38.40262985229492,29.646976470947266,41.478031158447266,0.9645147832286501,1.7353112697601318,246.52108764648438,0.925,1.0,0.0,1.0,0.0,0.0,0.01790079101920128,0.2279135137796402,0.0,0.082377590239048,0.11569301038980484,0.14222721755504608,-1.8356164693832397,-1.7697772979736328,-1.7174482345581055,0.0,1.0
422912,413,5,187.82039494414835,204.0,-0.0061743459606077526,11.367340824007988,-1.0522538661956786,0.008565846833516844,0.100244140625,0.8483590967953205,56.7810220003128,0.9628747701644897,7.136286735534668,39.45604705810547,38.886905670166016,38.49317169189453,40.627994537353516,0.9663226575612024,1.7167338132858276,156.21987915039062,0.8,1.0,0.0,1.0,0.0,0.0,0.019550902768969536,0.22291786968708038,0.0,0.08433471620082855,0.11587101221084595,0.1434527486562729,-1.8317292928695679,-1.7694288492202759,-1.7150465250015259,0.0,1.0
423936,414,6,169.80803474423573,194.83333333333334,-0.005589982366655022,3.217420130968094,-1.0522529840469361,0.003991490053886082,0.036865234375,0.7920460738241673,40.34783101081848,1.656839370727539,3.8928706645965576,46.16998291015625,40.07329559326172,44.513145446777344,41.092018127441406,0.9905630907878693,1.367470383644104,149.37057495117188,0.95,1.0,0.0,1.0,0.0,0.0,0.02022131346166134,0.2299192249774933,0.0,0.0841260701417923,0.1152743324637413,0.14376120269298553,-1.8321436643600464,-1.7706056833267212,-1.7144421339035034,0.0,1.0
424960,415,7,184.58950338466596,197.85714285714286,-0.005549130926374346,4.9138877391815186,-1.0567737340927124,0.006830655336671043,0.067041015625,0.8873275175690651,38.85548384189606,0.10641969740390778,5.021874904632568,36.28827667236328,42.67086410522461,36.181854248046875,41.480228424072266,0.986149389172418,2.337547540664673,121.14404296875,0.85,1.0,0.0,1.0,0.0,0.0,0.021631186828017235,0.23507161438465118,0.0,0.08396391570568085,0.11494956165552139,0.1442708969116211,-1.832465648651123,-1.771243929862976,-1.7134435176849365,0.0,1.0
425984,416,1,319.3066576205072,284.0,-0.00483742612414062,3.294001929461956,-1.0597519248723983,0.006798719764628913,0.0520751953125,0.8065698377788066,60.22357679605484,3.4954895973205566,3.4226772785186768,44.53810501098633,32.58946228027344,41.0426139831543,33.69428634643555,0.9889699471312823,1.3413512706756592,196.6151123046875,0.875,1.0,0.0,1.0,0.0,0.0,0.04119310528039932,0.22454491257667542,0.0,0.08295197784900665,0.11371486634016037,0.14336304366588593,-1.8344755172729492,-1.7736830711364746,-1.7152222394943237,0.0,1.0
427008,417,6,229.4635373248088,224.5,-0.005079708993434906,6.851746746897698,-1.063513633608818,0.0038106119522126392,0.0517822265625,0.7734435990452766,52.988591527938844,1.7583014965057373,5.363585472106934,36.15144348144531,38.00514221191406,34.39314270019531,39.59050369262695,0.9800829182843698,1.2587835788726807,164.74609375,0.825,1.0,0.0,1.0,0.0,0.0,0.015531462617218494,0.22901180386543274,0.0,0.08383292704820633,0.11433830857276917,0.1448708325624466,-1.8327257633209229,-1.7724610567092896,-1.7122684717178345,0.0,1.0
428032,418,5,180.44043857263227,201.4,-0.007653999677859247,7.247085067629814,-1.0583633780479431,0.005426940607139841,0.0834716796875,0.903055877238512,58.16324028968811,1.4775364398956299,6.63215970993042,44.31047058105469,37.06643295288086,42.83293151855469,37.521888732910156,0.9679853817432347,1.5867693424224854,206.44627380371094,0.95,1.0,0.0,1.0,0.0,0.0,0.03621450066566467,0.2379162311553955,0.0,0.08592211455106735,0.11496337503194809,0.1439049243927002,-1.8285773992538452,-1.7712039947509766,-1.7141605615615845,0.0,1.0
429056,419,6,187.32492375588913,212.83333333333334,-0.006598428019788116,6.5465750426054,-1.052994179725647,0.004951478859584313,0.06904296875,0.8433391608297824,39.37410404682159,0.3761470913887024,5.48463773727417,37.337982177734375,39.80126953125,36.961830139160156,39.94351577758789,0.981010999789872,1.61978018283844,117.63412475585938,0.875,1.0,0.0,1.0,0.0,0.0,0.026227913796901703,0.22323165833950043,0.0,0.08574385941028595,0.1164959967136383,0.1470554769039154,-1.8289313316345215,-1.7681955099105835,-1.7079908847808838,0.0,1.0
430080,420,3,189.32981290674675,201.0,-0.0050241259043104945,1.6174547672271729,-1.0469081670045852,0.004550239363743458,0.0533203125,0.8175690680742264,21.03723623752594,0.8917770385742188,2.773540735244751,48.36137008666992,38.10513687133789,47.4695930480957,37.68824005126953,0.9947021199197893,1.7936434745788574,69.8198013305664,0.85,1.0,0.0,1.0,0.0,0.0,0.017352396622300148,0.22157038748264313,0.0,0.08537936955690384,0.11640273779630661,0.1483665406703949,-1.8296549320220947,-1.7683957815170288,-1.7054252624511719,0.0,1.0
431104,421,7,204.86053402214694,205.0,-0.008173293340951205,8.767931598424912,-1.0456166028976441,0.00890549229370663,0.084033203125,0.9297388330101967,68.3620299577713,-0.22482043504714966,6.800398349761963,42.93455505371094,34.8845100402832,43.15937805175781,35.338768005371094,0.9619982685191644,2.235445022583008,211.00669860839844,0.875,1.0,0.0,1.0,0.0,0.0,-0.004689670167863369,0.22877448797225952,0.0,0.08672324568033218,0.11764594912528992,0.15055285394191742,-1.8269870281219482,-1.765945553779602,-1.7011488676071167,0.0,1.0
432128,422,5,149.6422203381666,187.4,-0.004257109109312296,7.768363189697266,-1.0369321972131729,0.003063102954183705,0.0389404296875,0.6690334491431713,42.81286444664001,-0.27807390689849854,6.236632347106934,43.578224182128906,43.24323654174805,43.85629653930664,43.17066192626953,0.9791999760545873,1.4668090343475342,129.004638671875,0.875,1.0,0.0,1.0,0.0,0.0,-0.0030520979780703783,0.23207531869411469,0.0,0.09134271740913391,0.119059257209301,0.15201397240161896,-1.8178209066390991,-1.7631492614746094,-1.6982924938201904,0.0,1.0
433152,423,5,168.97817738949473,195.2,-0.004693920654244721,15.907312232255936,-1.0282802253961563,0.005464822745125275,0.055517578125,0.7826510317623615,79.05146732330323,-1.042474627494812,8.52541446685791,45.59142303466797,42.758399963378906,46.63389587402344,42.3741569519043,0.9602453301506593,1.4355751276016235,271.3365478515625,0.875,1.0,0.0,1.0,0.0,0.0,0.03162463381886482,0.23945260047912598,0.0,0.0939197838306427,0.12059471011161804,0.153779074549675,-1.8127107620239258,-1.7601265907287598,-1.6948435306549072,0.0,1.0
434176,424,5,174.92161075670035,188.8,-0.00388734849402681,9.705906111001969,-1.023777511715889,0.004137897564214654,0.0629150390625,1.0361211717128753,65.63856902122498,-1.5466511249542236,7.05493688583374,34.67913055419922,36.3671875,36.22578430175781,36.27513122558594,0.9623671681864807,2.3973188400268555,195.02284240722656,0.95,1.0,0.0,1.0,0.0,0.0,0.04278844594955444,0.22967803478240967,0.0,0.09498447924852371,0.12029334157705307,0.15246589481830597,-1.8106002807617188,-1.7606987953186035,-1.6974092721939087,0.0,1.0
435200,425,5,189.83761451317417,200.6,-0.0053137120208702985,8.990302282571793,-1.0287323713302612,0.005786499747773633,0.0585205078125,0.7094304896891117,48.014153599739075,-1.0198911428451538,6.804859161376953,45.44367218017578,41.58565902709961,46.46356201171875,43.627811431884766,0.9732236652980688,1.1348464488983154,130.68003845214844,0.9,1.0,0.0,1.0,0.0,0.0,0.021375685930252075,0.22434969246387482,0.0,0.09211881458759308,0.11914333701133728,0.151971235871315,-1.816281795501709,-1.7629750967025757,-1.698375940322876,0.0,1.0
436224,426,7,156.36694071378952,176.57142857142858,-0.00436071491567418,1.9188675686717034,-1.031583571434021,0.004242504316789564,0.037353515625,0.7308820217847825,25.410769093036652,-0.4545246958732605,3.5074822902679443,42.505767822265625,39.03261184692383,42.96029281616211,40.01047897338867,0.9919251262466355,1.5680824518203735,84.08577728271484,0.8,1.0,0.0,1.0,0.0,0.0,0.023665323853492737,0.231178417801857,0.0,0.09248651564121246,0.1193876564502716,0.15287087857723236,-1.8155525922775269,-1.7624945640563965,-1.696617841720581,0.0,1.0
437248,427,6,159.6820101388063,180.33333333333334,-0.003615575790172443,6.704152971506119,-1.0312142103910447,0.004967666833545081,0.0416748046875,0.87503103017807,56.070381832122806,1.7102458477020264,5.981003761291504,30.596372604370117,43.98723220825195,28.886127471923828,45.082157135009766,0.9815117927362544,1.5593501329421997,181.00277709960938,0.9,1.0,0.0,1.0,0.0,0.0,0.024965809658169746,0.24053990840911865,0.0,0.0932309478521347,0.11914417147636414,0.15411612391471863,-1.8140764236450195,-1.7629799842834473,-1.6941851377487183,0.0,1.0
438272,428,2,145.00152436980758,178.0,-0.0031356441555544733,6.862323974072933,-1.035609668493271,0.005795057529758197,0.069384765625,1.1002122469246387,54.470767402648924,-0.7166932821273804,6.236603260040283,41.96631622314453,34.51937484741211,42.683006286621094,36.39057540893555,0.9673584809355257,2.180232048034668,194.61912536621094,0.95,1.0,0.0,1.0,0.0,0.0,-0.028515122830867767,0.22152507305145264,0.0,0.09396905452013016,0.11783871054649353,0.1528744101524353,-1.8126131296157837,-1.7655590772628784,-1.696610927581787,0.0,1.0
439296,429,8,184.88017760226995,209.75,-0.005857324064709246,1.485751573741436,-1.0414841204881669,0.003861053709988482,0.0559814453125,0.8941106855869293,21.204553604125977,0.9312911033630371,3.0039618015289307,39.91423034667969,45.371124267578125,38.982940673828125,46.76082229614258,0.9956164114365137,1.666795253753662,66.62513732910156,0.875,1.0,0.0,1.0,0.0,0.0,0.004420778248459101,0.2381044328212738,0.0,0.093807652592659,0.1173916831612587,0.15178623795509338,-1.812933087348938,-1.766431212425232,-1.698737621307373,0.0,1.0
440320,430,4,131.1008868169293,163.5,-0.004358338611200452,5.0411525696516035,-1.0415881276130676,0.00544390321301762,0.03564453125,0.7609555348753929,43.96151449680328,0.5838884115219116,5.064146995544434,34.87712097167969,36.64176940917969,34.29323196411133,37.91129684448242,0.9808988380719237,2.025024890899658,130.4818115234375,0.9,1.0,0.0,1.0,0.0,0.0,-0.00031381318694911897,0.22633497416973114,0.0,0.09412793070077896,0.1179165467619896,0.1509716957807541,-1.8122981786727905,-1.7654017210006714,-1.7003298997879028,0.0,1.0
441344,431,5,196.49613422686951,220.6,-0.005314211687073111,3.0431893542408943,-1.039587563276291,0.005495255824644119,0.0405029296875,0.8161958649754524,47.49530167579651,0.34595564007759094,4.519289016723633,44.56022644042969,38.71143341064453,44.21426773071289,39.779335021972656,0.9863710706739365,1.3787953853607178,168.2346954345703,0.9,1.0,0.0,1.0,0.0,0.0,0.01695512980222702,0.22796647250652313,0.0,0.0926944687962532,0.11767492443323135,0.15108996629714966,-1.8151402473449707,-1.7658807039260864,-1.7000986337661743,0.0,1.0
442368,432,6,174.60066247987672,201.83333333333334,-0.004620938398875296,5.603967180848121,-1.04270581305027,0.005701927836344112,0.0532958984375,0.8585053637623787,43.155665326118466,-0.5035139322280884,5.548549175262451,31.820621490478516,40.757816314697266,32.324134826660156,41.15022277832031,0.9814673700618889,1.7016222476959229,153.12191772460938,0.8,1.0,0.0,1.0,0.0,0.0,0.009435628540813923,0.21628157794475555,0.0,0.09274730086326599,0.11703632026910782,0.149641752243042,-1.8150354623794556,-1.767122745513916,-1.7029305696487427,0.0,1.0
443392,433,3,176.94842528622053,210.33333333333334,-0.005426817759871483,5.556261929869652,-1.044181615114212,0.008011474389059003,0.0765869140625,0.959645128250122,51.093470621109006,0.777953028678894,5.862436771392822,38.74009323120117,38.236236572265625,37.96214294433594,39.48789596557617,0.9764925212800334,1.940030574798584,158.35113525390625,0.95,1.0,0.0,1.0,0.0,0.0,0.015020604245364666,0.21529652178287506,0.0,0.0939130187034607,0.11735302954912186,0.14947183430194855,-1.812724232673645,-1.7664896249771118,-1.7032629251480103,0.0,1.0
444416,434,6,182.51467917804976,212.33333333333334,-0.005110786878503859,2.855948331952095,-1.044913050532341,0.0048347158925025726,0.0557373046875,0.8877156339585781,33.612435007095335,0.8875207304954529,4.217920303344727,43.10231018066406,37.39802169799805,42.214786529541016,37.34667205810547,0.9872796365175129,2.169123888015747,132.85235595703125,0.875,1.0,0.0,1.0,0.0,0.0,0.02695598267018795,0.2407994568347931,0.0,0.09333375096321106,0.116303950548172,0.1483890265226364,-1.8138726949691772,-1.7685610055923462,-1.705381155014038,0.0,1.0
445440,435,6,197.29428942486848,200.5,-0.004211588529869914,6.720199850201607,-1.0509879738092422,0.004532554090837948,0.0552978515625,0.9264257721602916,54.26050455570221,1.744283676147461,6.1403021812438965,29.789634704589844,36.150657653808594,28.045352935791016,38.239559173583984,0.9711499159183414,1.61060631275177,184.5147705078125,0.95,1.0,0.0,1.0,0.0,0.0,0.011618186719715595,0.2378864884376526,0.0,0.09311459213495255,0.11542611569166183,0.14687329530715942,-1.8143072128295898,-1.7702927589416504,-1.7083475589752197,0.0,1.0
446464,436,7,139.1403632986236,172.28571428571428,-0.004769651981769129,6.373364350199699,-1.0595474720001221,0.0053154311521211636,0.052099609375,0.9314976528286933,49.83236873149872,-0.7042955160140991,6.0732502937316895,40.58861541748047,40.763736724853516,41.29290771484375,40.937095642089844,0.9778029977886847,2.157870054244995,152.6642303466797,0.875,1.0,0.0,1.0,0.0,0.0,-0.028245871886610985,0.2192954123020172,0.0,0.09064675867557526,0.11344682425260544,0.14184324443340302,-1.8192014694213867,-1.7741726636886597,-1.718200922012329,0.0,1.0
447488,437,4,159.78689843603212,186.75,-0.0044468944426625965,4.5861045777797695,-1.0645338207483293,0.0033030644786776974,0.0479248046875,0.7659553863108158,36.43730792999268,-1.2343214750289917,4.533844470977783,37.60980224609375,36.769683837890625,38.84412384033203,36.967681884765625,0.9847961528337161,1.622158169746399,112.64839172363281,0.8,1.0,0.0,1.0,0.0,0.0,-0.05693040415644646,0.22070005536079407,0.0,0.08954554796218872,0.11435401439666748,0.14442287385463715,-1.8213860988616943,-1.7723913192749023,-1.7131458520889282,0.0,1.0
448512,438,6,151.3600485222076,189.33333333333334,-0.004276491433847696,10.327910369634628,-1.058536994457245,0.005681778481812216,0.0652587890625,0.8291519291698932,56.08585715293884,0.4279897212982178,7.469005584716797,33.7591667175293,42.115455627441406,33.3311767578125,44.040130615234375,0.9685484128676017,1.5458579063415527,158.606689453125,0.9,1.0,0.0,1.0,0.0,0.0,-0.004915120080113411,0.24115337431430817,0.0,0.08890209347009659,0.11461275070905685,0.1442604660987854,-1.8226628303527832,-1.7718925476074219,-1.7134640216827393,0.0,1.0
449536,439,5,144.53109936289346,172.0,-0.005547745886724442,8.286348006129264,-1.0586298674345016,0.004918244457803667,0.0643798828125,0.7062731772661209,67.78194198608398,-3.082904815673828,6.336297988891602,39.77067565917969,38.56537628173828,42.85357666015625,36.56180953979492,0.9730054509541184,1.479857087135315,216.43829345703125,0.775,1.0,0.0,1.0,0.0,0.0,-0.008910450153052807,0.2322089821100235,0.0,0.08890238404273987,0.1147831454873085,0.14502882957458496,-1.8226622343063354,-1.771570086479187,-1.7119590044021606,0.0,1.0
450560,440,7,133.63565873855984,166.57142857142858,-0.004615780839230865,16.030632174015047,-1.0561103999614716,0.006236256372358184,0.0484619140625,0.8522157050669193,97.47960538864136,-2.6432886123657227,8.423940658569336,46.117218017578125,39.05154800415039,48.76050567626953,38.03483200073242,0.953467745309758,1.8563460111618042,286.44390869140625,0.9,1.0,0.0,1.0,0.0,0.0,-0.023209961131215096,0.23685069382190704,0.0,0.08979300409555435,0.1155887171626091,0.1464586853981018,-1.8208950757980347,-1.7699781656265259,-1.7091591358184814,0.0,1.0
451584,441,6,166.43310212659782,192.16666666666666,-0.0037934030639007687,3.3436937034130096,-1.0555545419454575,0.00469693647173699,0.0443115234375,0.8875481896102428,42.87672226428985,1.5611077547073364,4.633851051330566,25.629688262939453,39.560020446777344,24.068580627441406,41.556915283203125,0.9862794620638627,2.087494134902954,154.92625427246094,0.925,1.0,0.0,1.0,0.0,0.0,-0.0046638245694339275,0.2315613329410553,0.0,0.08834443986415863,0.11432523280382156,0.1460597664117813,-1.8237693309783936,-1.7724767923355103,-1.7099401950836182,0.0,1.0
452608,442,3,160.86382721826607,195.0,-0.004722114221658557,0.9187129765748978,-1.0644862592220306,0.005804409473785199,0.046044921875,0.8629647076129914,18.39665596485138,0.3862740397453308,2.522935628890991,47.06736373901367,36.81117630004883,46.681087493896484,37.73268508911133,0.9953026493630784,1.5107876062393188,72.31775665283203,0.875,1.0,0.0,1.0,0.0,0.0,0.010762407444417477,0.23704974353313446,0.0,0.08688317239284515,0.11311778426170349,0.1452268660068512,-1.8266695737838745,-1.774861216545105,-1.711571216583252,0.0,1.0
453632,443,8,185.3054696449633,192.625,-0.005004054316668771,4.832046346366406,-1.070199716091156,0.004674166670884006,0.049853515625,0.9286713629961014,42.52253348827362,0.24401992559432983,5.450470447540283,32.65776824951172,42.771610260009766,32.41374588012695,44.732032775878906,0.983761091898503,1.842373013496399,120.97242736816406,0.975,1.0,0.0,1.0,0.0,0.0,-0.005678075831383467,0.24195511639118195,0.0,0.08756314963102341,0.11213057488203049,0.14332468807697296,-1.8253198862075806,-1.7767945528030396,-1.7152974605560303,0.0,1.0
454656,444,5,124.38646834066697,153.0,-0.007187880924902856,3.8771838694810867,-1.0744578331708907,0.006584206951083615,0.08505859375,0.8576524734497071,42.47306945323944,-0.9119805693626404,4.574382781982422,41.917877197265625,38.6136360168457,42.82986068725586,37.76773452758789,0.9859659324778324,1.7781745195388794,149.80690002441406,0.9,1.0,0.0,1.0,0.0,0.0,-0.0029054421465843916,0.2359364926815033,0.0,0.08720169961452484,0.1121426522731781,0.1440867930650711,-1.8260372877120972,-1.7767729759216309,-1.7138042449951172,0.0,1.0
455680,445,5,172.17212990207082,199.0,-0.005104227625997737,3.6859025403857233,-1.0724275648593902,0.005449082623817958,0.0645751953125,0.9142758771777153,41.776794815063475,0.14304974675178528,5.005930423736572,32.72514343261719,38.552364349365234,32.582096099853516,40.116004943847656,0.9831396124904794,1.9694193601608276,124.03541564941406,0.925,1.0,0.0,1.0,0.0,0.0,-0.026846379041671753,0.230838343501091,0.0,0.08948933333158493,0.11227625608444214,0.14398294687271118,-1.8214975595474243,-1.7765032052993774,-1.7140077352523804,0.0,1.0
456704,446,6,155.93919126535664,176.5,-0.0038954645395278932,5.664176136255264,-1.0752841413021088,0.006010529898048844,0.0484619140625,0.8729273825883865,41.16344828605652,0.53939288854599,5.7190775871276855,39.60997772216797,39.209747314453125,39.07058334350586,40.51036834716797,0.9787252779826582,1.9175602197647095,131.4385528564453,0.925,1.0,0.0,1.0,0.0,0.0,-0.021861786022782326,0.2214280068874359,0.0,0.08871807157993317,0.11130189895629883,0.14424638450145721,-1.8230279684066772,-1.7784353494644165,-1.713491678237915,0.0,1.0
457728,447,4,203.21783588648074,223.25,-0.0036335264216177166,4.876602366566658,-1.0801687479019164,0.005280199951084796,0.039892578125,0.8562809765338898,58.35818201303482,3.739776849746704,4.7589616775512695,35.72239685058594,37.737876892089844,31.982622146606445,39.701290130615234,0.9840973508844925,1.8011497259140015,185.094970703125,0.875,1.0,0.0,1.0,0.0,0.0,-0.0015587774105370045,0.22382061183452606,0.0,0.08734520524740219,0.11077281832695007,0.14384357631206512,-1.8257524967193604,-1.7794848680496216,-1.7142807245254517,0.0,1.0
458752,448,6,207.56115171135124,213.5,-0.005043617845512926,5.326653483510017,-1.0835728406906129,0.0046622623995062895,0.0508056640625,0.7660919837653637,39.82839868068695,2.046708106994629,5.2702507972717285,39.630706787109375,42.6051025390625,37.58399963378906,44.301124572753906,0.984698312125863,1.7353503704071045,123.91057586669922,0.85,1.0,0.0,1.0,0.0,0.0,-0.0057747941464185715,0.23349089920520782,0.0,0.08703114837408066,0.11005205661058426,0.14459508657455444,-1.8263758420944214,-1.7809257507324219,-1.712808609008789,0.0,1.0
459776,449,6,157.14565357862034,178.83333333333334,-0.005454140924848616,10.70019149184227,-1.0837392687797547,0.006114692449045833,0.057080078125,0.7262553706765175,66.92394988536834,-1.5478484630584717,7.23480224609375,33.349510192871094,37.24529266357422,34.89735412597656,36.58049011230469,0.9622679388605029,1.554477334022522,178.19790649414062,0.825,1.0,0.0,1.0,0.0,0.0,-0.019214989617466927,0.22995400428771973,0.0,0.08594301342964172,0.1109219491481781,0.14550316333770752,-1.8285359144210815,-1.7792015075683594,-1.7110300064086914,0.0,1.0
460800,450,3,136.83126710849254,166.0,-0.006609883171040565,4.737032958865166,-1.081108644604683,0.0058027763938298445,0.0543701171875,0.8767528459429741,46.97400193214416,1.1839637756347656,5.52713680267334,36.279701232910156,34.98929977416992,35.09573745727539,36.77156448364258,0.9750465901524202,1.8109570741653442,144.3762969970703,1.0,1.0,0.0,1.0,0.0,0.0,-0.0009415194508619606,0.24351994693279266,0.0,0.08565627783536911,0.11062470078468323,0.1456250101327896,-1.8291051387786865,-1.7797964811325073,-1.7107914686203003,0.0,1.0
461824,451,5,223.91264422300668,237.2,-0.004140212328638882,11.286797115206719,-1.0827826231718063,0.0034424623241648077,0.03623046875,0.8498279809951782,76.82382054328919,1.1357228755950928,8.094398498535156,38.63835144042969,41.0545654296875,37.502628326416016,44.057411193847656,0.9611271561056092,1.7575641870498657,217.76377868652344,0.975,1.0,0.0,1.0,0.0,0.0,0.013215683400630951,0.23622511327266693,0.0,0.08748797327280045,0.11075922846794128,0.14439575374126434,-1.8254691362380981,-1.7795127630233765,-1.7131990194320679,0.0,1.0
462848,452,8,151.76975758193146,181.375,-0.003943227475974709,10.404481548070908,-1.0821168690919876,0.004204185467096977,0.0345947265625,0.8812384530901909,51.54090085029602,-0.8861241936683655,7.3152852058410645,34.719154357910156,41.441558837890625,35.60527801513672,42.022125244140625,0.9688405081736843,2.003293752670288,151.6356201171875,0.975,1.0,0.0,1.0,0.0,0.0,0.005964482668787241,0.23158006370067596,0.0,0.08599485456943512,0.1104331687092781,0.1440841257572174,-1.8284330368041992,-1.7801599502563477,-1.7138094902038574,0.0,1.0
463872,453,5,155.2931396222096,175.2,-0.004840815853094682,2.366296786814928,-1.0867013901472091,0.004359396982181352,0.0433349609375,0.9040398858487606,24.154741597175597,-0.9771114587783813,3.445932149887085,48.019065856933594,36.67970275878906,48.996177673339844,36.60304260253906,0.9911740416096321,2.1234874725341797,82.42071533203125,0.85,1.0,0.0,1.0,0.0,0.0,0.005047365557402372,0.2479678839445114,0.0,0.08405812084674835,0.10929730534553528,0.14448131620883942,-1.8322786092758179,-1.7824095487594604,-1.7130314111709595,0.0,1.0
464896,454,5,147.1450895323715,177.2,-0.005226086243055761,4.371050453186035,-1.0925046294927596,0.003937805128225591,0.0509033203125,0.9769614115357399,40.55272934436798,0.42996495962142944,5.126540660858154,38.087501525878906,43.37883377075195,37.65753936767578,44.72574996948242,0.9860333227221255,1.700181007385254,138.66033935546875,0.9,1.0,0.0,1.0,0.0,0.0,-0.022827642038464546,0.23982247710227966,0.0,0.08319688588380814,0.10864550620317459,0.14518317580223083,-1.833989143371582,-1.7837119102478027,-1.7116566896438599,0.0,1.0
465920,455,5,155.07931667747553,179.2,-0.005773105041589588,4.721576288342476,-1.0936799705028535,0.004287472626310773,0.072802734375,0.9143907316029072,56.050569367408755,0.5376570820808411,5.4344940185546875,34.40582275390625,33.71595001220703,33.868167877197266,34.99228286743164,0.974019502408826,1.4269888401031494,198.06390380859375,0.95,1.0,0.0,1.0,0.0,0.0,-0.02590772695839405,0.23854345083236694,0.0,0.08444688469171524,0.10913164168596268,0.1463674157857895,-1.831506609916687,-1.7827554941177368,-1.709337830543518,0.0,1.0
466944,456,7,169.86983326041815,190.57142857142858,-0.00419605546630919,2.891055402159691,-1.0887222915887833,0.0044891080629895445,0.040771484375,0.763764901459217,30.699866795539855,-0.3101133704185486,3.8913817405700684,47.741058349609375,43.74603271484375,48.051170349121094,43.33674240112305,0.9920871969291266,1.5182404518127441,96.94192504882812,0.925,1.0,0.0,1.0,0.0,0.0,-0.019008435308933258,0.23854513466358185,0.0,0.08553890138864517,0.11010832339525223,0.1479695588350296,-1.8293381929397583,-1.78083074092865,-1.7062020301818848,0.0,1.0
467968,457,3,190.63775375257293,194.66666666666666,-0.005771880748216063,8.087060865759849,-1.0863150089979172,0.0050367036397801716,0.0614013671875,0.8860903069376945,69.03819508552552,2.3050498962402344,6.524600028991699,34.563716888427734,31.279855728149414,32.2586669921875,33.74675369262695,0.9564910758527548,1.7090840339660645,224.12156677246094,0.975,1.0,0.0,1.0,0.0,0.0,0.001942619332112372,0.24100397527217865,0.0,0.08465105295181274,0.10962005704641342,0.14830191433429718,-1.8311011791229248,-1.781801700592041,-1.7055516242980957,0.0,1.0
468992,458,6,217.28355076620798,229.5,-0.0073092402133625,5.609015944600105,-1.090227836370468,0.007438720749632921,0.0600830078125,0.8942388623952866,50.62504358291626,0.25399860739707947,5.642933368682861,44.45917510986328,41.14078903198242,44.205177307128906,41.36888122558594,0.9811867166722935,1.835155963897705,165.19178771972656,0.95,1.0,0.0,1.0,0.0,0.0,0.01131097599864006,0.251951664686203,0.0,0.08353205770254135,0.10908634215593338,0.14788253605365753,-1.833323359489441,-1.7828739881515503,-1.7063722610473633,0.0,1.0
470016,459,7,139.56316580204125,165.57142857142858,-0.0035311705316416917,16.496755480766296,-1.0902583956718446,0.00526583482278511,0.06298828125,0.9758509330451488,77.3478922367096,-2.1657333374023438,8.345587730407715,36.6618537902832,36.23219680786133,38.82759094238281,34.62583541870117,0.9469452197691067,1.587181568145752,217.61964416503906,0.95,1.0,0.0,1.0,0.0,0.0,0.00957836490124464,0.23971039056777954,0.0,0.08418099582195282,0.10991844534873962,0.14958955347537994,-1.8320345878601074,-1.7812260389328003,-1.7030327320098877,0.0,1.0
471040,460,4,154.0263350752838,176.5,-0.003315776470117271,3.826526990532875,-1.0856812953948975,0.005142328068905045,0.049609375,0.8819563329219818,37.657874178886416,0.7849231362342834,4.921794414520264,39.431907653808594,37.097267150878906,38.64698791503906,37.26675796508789,0.9823979573511052,1.8399187326431274,119.55117797851562,0.85,1.0,0.0,1.0,0.0,0.0,-0.021521100774407387,0.2416781783103943,0.0,0.08308839797973633,0.11013349890708923,0.15186280012130737,-1.8342045545578003,-1.7808276414871216,-1.6985878944396973,0.0,1.0
472064,461,7,159.00399108370902,183.14285714285714,-0.007322800531983376,2.933712276816368,-1.0872334361076355,0.005120849701052066,0.067578125,0.9042315356433391,29.019175624847414,-1.1241399049758911,3.5180230140686035,40.73966598510742,44.86635208129883,41.863807678222656,44.65135192871094,0.9938516885216984,1.422046422958374,88.30729675292969,0.925,1.0,0.0,1.0,0.0,0.0,-0.014818303287029266,0.2571721374988556,0.0,0.08385877311229706,0.1095791831612587,0.1496424525976181,-1.832674503326416,-1.7818971872329712,-1.7029292583465576,0.0,1.0
473088,462,6,145.03348358094175,175.0,-0.00447625329834409,6.683859166502953,-1.0889733850955963,0.004545979380782228,0.0579345703125,0.9077367395162582,42.55782070159912,-0.6115339994430542,5.632944107055664,35.08187484741211,39.50348663330078,35.69340896606445,39.77370071411133,0.9796670648889972,1.93599271774292,151.28253173828125,0.975,1.0,0.0,1.0,0.0,0.0,0.009362335316836834,0.23922273516654968,0.0,0.08111918717622757,0.10963074117898941,0.15160509943962097,-1.8381165266036987,-1.7818235158920288,-1.6990916728973389,0.0,1.0
474112,463,3,188.5436941347934,197.66666666666666,-0.006678780063521117,6.543062406778335,-1.0869780153036117,0.006029219571792055,0.0740234375,0.8960705272853374,39.54129490852356,-0.010074377059936523,5.840282440185547,42.2458610534668,38.08267593383789,42.25593566894531,39.91628646850586,0.9764813273827995,1.997455358505249,103.99241638183594,0.9,1.0,0.0,1.0,0.0,0.0,-0.02032122202217579,0.2208460122346878,0.0,0.08201423287391663,0.11018513888120651,0.15206952393054962,-1.8363382816314697,-1.7807350158691406,-1.6981838941574097,0.0,1.0
475136,464,7,156.78491515195884,189.28571428571428,-0.008285745466127991,10.266304099559784,-1.0854501724243164,0.00804478828649735,0.099365234375,0.8863977208733559,53.102658367156984,-2.4754695892333984,6.122250556945801,36.59069061279297,36.02613067626953,39.066162109375,35.697509765625,0.9711206785911178,1.5991625785827637,162.96170043945312,0.925,1.0,0.0,1.0,0.0,0.0,-0.0028744612354785204,0.25636598467826843,0.0,0.08175645768642426,0.11005421727895737,0.1511136293411255,-1.8368504047393799,-1.7809815406799316,-1.7000523805618286,0.0,1.0
476160,465,7,149.56699218439317,174.14285714285714,-0.004794692160794511,8.913758033514023,-1.0854573905467988,0.006728570496488828,0.071142578125,0.9469239890575409,60.294815850257876,-0.6584298610687256,7.126248836517334,33.147621154785156,40.715641021728516,33.80604934692383,42.24293518066406,0.969366298865048,1.7770063877105713,187.66009521484375,0.9,1.0,0.0,1.0,0.0,0.0,-0.016814760863780975,0.24517901241779327,0.0,0.08209410309791565,0.11042914539575577,0.15035611391067505,-1.8361796140670776,-1.7802376747131348,-1.701533555984497,0.0,1.0
477184,466,5,124.07461266268243,161.2,-0.003980319830588996,5.095247451961041,-1.0810942679643631,0.006717717096034903,0.049755859375,0.7774965994060039,37.1113838672638,-0.13379311561584473,5.369657516479492,25.304811477661133,37.29774475097656,25.4386043548584,38.54854965209961,0.9792734028333611,1.4602779150009155,106.7514877319336,0.825,1.0,0.0,1.0,0.0,0.0,0.006508410442620516,0.23114371299743652,0.0,0.08351020514965057,0.11140647530555725,0.15021651983261108,-1.8333667516708374,-1.7782939672470093,-1.7018065452575684,0.0,1.0
478208,467,4,154.29565063238005,190.0,-0.0034693822206463667,4.298799505084753,-1.0733842998743057,0.0023271657890290955,0.0269287109375,0.8253754630684853,35.124431347846986,0.8446246385574341,5.09313440322876,44.42218017578125,36.276763916015625,43.57755661010742,38.12825012207031,0.980288796449232,1.532179355621338,113.04460144042969,0.85,1.0,0.0,1.0,0.0,0.0,0.02866787649691105,0.241883784532547,0.0,0.0874047800898552,0.11295203119516373,0.14960803091526031,-1.825634241104126,-1.7752259969711304,-1.7029964923858643,0.0,1.0
479232,468,7,192.3199008687655,215.42857142857142,-0.006131810531951487,7.38970699608326,-1.0683056205511092,0.010604714941291605,0.0751220703125,0.9764293149113655,85.70763080120086,3.905941963195801,6.065374851226807,21.923124313354492,37.46432876586914,18.01718521118164,40.752593994140625,0.9737892521197671,2.264247179031372,301.3157958984375,0.925,1.0,0.0,1.0,0.0,0.0,0.03313449025154114,0.2343790978193283,0.0,0.08994463086128235,0.11307785660028458,0.14656870067119598,-1.820594310760498,-1.7749366760253906,-1.7089438438415527,0.0,1.0
480256,469,4,170.61807329765332,197.75,-0.0053783301613293585,5.218919146060943,-1.066703137755394,0.006660827269661241,0.063330078125,1.0344201363623142,49.20645604133606,2.1489875316619873,5.011621475219727,35.209110260009766,34.69844055175781,33.060123443603516,35.72990798950195,0.9791389275676762,2.2371714115142822,197.63690185546875,0.925,1.0,0.0,1.0,0.0,0.0,0.016661955043673515,0.23481889069080353,0.0,0.09130530059337616,0.11356239765882492,0.14691302180290222,-1.8178951740264893,-1.7739917039871216,-1.7082698345184326,0.0,1.0
481280,470,6,158.4257094434599,179.16666666666666,-0.004626461712177843,4.687095339596271,-1.068693470954895,0.006307578145060689,0.048291015625,0.8069962531328201,30.886980509757997,0.01084434986114502,4.840024471282959,39.43266296386719,39.374305725097656,39.421817779541016,38.987449645996094,0.9848898360654151,1.6642788648605347,84.99222564697266,0.925,1.0,0.0,1.0,0.0,0.0,-0.00785937812179327,0.24887332320213318,0.0,0.08874087780714035,0.1121947169303894,0.14604675769805908,-1.822982668876648,-1.7766823768615723,-1.709965705871582,0.0,1.0
482304,471,6,163.17532934496776,185.5,-0.00731933715287596,3.925514851510525,-1.0764103084802628,0.00644875831058016,0.0797119140625,0.9583396941423417,34.005813694000246,0.5741133689880371,4.640644073486328,29.526769638061523,38.530826568603516,28.952659606933594,38.86688995361328,0.9854942608414148,1.7706644535064697,107.46607971191406,0.95,1.0,0.0,1.0,0.0,0.0,0.002941047539934516,0.24999220669269562,0.0,0.08702884614467621,0.11120319366455078,0.14449253678321838,-1.8263803720474243,-1.7786442041397095,-1.7130093574523926,0.0,1.0
483328,472,5,146.17138561926404,177.0,-0.0031694866018369796,5.959526291489601,-1.080217996239662,0.003872106716153212,0.0338134765625,0.9799579881131649,49.94132423400879,-0.13170510530471802,5.875146865844727,32.98423767089844,35.76776885986328,33.115943908691406,36.75241470336914,0.9730192626700227,1.531077265739441,154.11688232421875,0.95,1.0,0.0,1.0,0.0,0.0,0.03850818797945976,0.2627480626106262,0.0,0.08851314336061478,0.11090899258852005,0.14322401583194733,-1.823434591293335,-1.779213309288025,-1.7154946327209473,0.0,1.0
484352,473,6,152.82762329885819,173.83333333333334,-0.003394370712339878,2.5362417586147785,-1.08299363553524,0.0036174962006043643,0.0311279296875,0.9436630681157112,27.18760930299759,-0.6717155575752258,3.8434131145477295,47.90678787231445,37.82219696044922,48.57850646972656,37.0041618347168,0.98967379868476,1.8776220083236694,92.61571502685547,0.95,1.0,0.0,1.0,0.0,0.0,0.007899763993918896,0.2617984116077423,0.0,0.09015784412622452,0.11018886417150497,0.14202958345413208,-1.8201713562011719,-1.7806249856948853,-1.7178356647491455,0.0,1.0
485376,474,8,157.02113641840657,180.0,-0.0038340484257787465,4.232345876097679,-1.0844739943742752,0.004258700058562681,0.0578125,0.8994233973324299,32.374277925491334,-0.8146985173225403,4.338786602020264,33.060367584228516,43.11810302734375,33.875064849853516,42.61286544799805,0.9898744813652617,1.8179126977920532,87.51082611083984,0.925,1.0,0.0,1.0,0.0,0.0,0.015865182504057884,0.2518545985221863,0.0,0.09229904413223267,0.1104358360171318,0.14106716215610504,-1.8159242868423462,-1.780124545097351,-1.7197223901748657,0.0,1.0
486400,475,5,135.42076701719347,162.4,-0.0056405934796202924,10.870029783248901,-1.0815577954053879,0.0067108338320394974,0.0730712890625,0.8857344761490822,63.93082587718963,-1.8921091556549072,6.751420974731445,32.65320587158203,35.33270263671875,34.545318603515625,34.899314880371094,0.9634879199712338,2.604914426803589,207.34983825683594,0.925,1.0,0.0,1.0,0.0,0.0,0.01889689266681671,0.24921900033950806,0.0,0.0929623618721962,0.11131665110588074,0.14213019609451294,-1.8146090507507324,-1.7783902883529663,-1.717638373374939,0.0,1.0
487424,476,6,145.30429980722406,169.33333333333334,-0.004871923814062029,1.702106060832739,-1.0786210238933562,0.004222514531284105,0.074560546875,1.0586237922310828,30.78337299823761,-0.6549395322799683,3.2638018131256104,39.353824615478516,37.4054069519043,40.008766174316406,37.188289642333984,0.9923865976535957,2.593346357345581,104.43443298339844,0.95,1.0,0.0,1.0,0.0,0.0,1.9449818864814006e-05,0.2524402141571045,0.0,0.09214221686124802,0.11101499199867249,0.14033441245555878,-1.8162353038787842,-1.7789729833602905,-1.7211592197418213,0.0,1.0
488448,477,5,168.41581092626706,191.4,-0.00437324553495273,2.4065947264432905,-1.081836423277855,0.005188017548061907,0.0474853515625,1.0321273684501648,24.924778199195863,0.7226642966270447,3.8642780780792236,44.857627868652344,42.248104095458984,44.13496017456055,43.12007141113281,0.9916339142088121,1.9132851362228394,75.93336486816406,0.925,1.0,0.0,1.0,0.0,0.0,-0.0038784679491072893,0.2487751692533493,0.0,0.09007690846920013,0.11040449887514114,0.14079180359840393,-1.8203318119049072,-1.7801895141601562,-1.7202622890472412,0.0,1.0
489472,478,6,152.10787135482448,175.0,-0.0037699934327974916,4.345812204480171,-1.0847673654556274,0.007668850343907252,0.0692138671875,0.938191806524992,40.06542384624481,0.45812419056892395,5.208376884460449,24.76901626586914,37.31240463256836,24.31089210510254,37.86613464355469,0.9805150972002218,2.0701513290405273,128.38978576660156,0.85,1.0,0.0,1.0,0.0,0.0,0.018211303278803825,0.2508648633956909,0.0,0.08758505433797836,0.11013361811637878,0.14052808284759521,-1.8252763748168945,-1.7807339429855347,-1.7207794189453125,0.0,1.0
490496,479,5,148.86231589114794,173.2,-0.0035283375647850333,4.720396609604359,-1.087738859653473,0.004722198523813859,0.043017578125,0.8480092078447342,43.366941118240355,-0.42758962512016296,5.451403617858887,33.610408782958984,36.811683654785156,34.03799819946289,38.43157958984375,0.978069661806211,1.5646188259124756,142.32522583007812,0.95,1.0,0.0,1.0,0.0,0.0,0.031100688502192497,0.25513124465942383,0.0,0.08849281072616577,0.10921520739793777,0.13896428048610687,-1.8234748840332031,-1.7825311422348022,-1.7238467931747437,0.0,1.0
491520,480,7,161.05465331338578,183.0,-0.004805622983258218,4.740391802787781,-1.091830575466156,0.0045529386668931695,0.040234375,0.9255647234618664,62.26011371612549,2.3362112045288086,5.832400798797607,29.019886016845703,41.86023712158203,26.68367576599121,45.01753234863281,0.9805870565096473,1.5140128135681152,241.68869018554688,0.925,1.0,0.0,1.0,0.0,0.0,0.005406215786933899,0.24907895922660828,0.0,0.08914396166801453,0.10879286378622055,0.1380026936531067,-1.8221828937530518,-1.7833696603775024,-1.7257335186004639,0.0,1.0
492544,481,4,149.0585443963048,186.0,-0.004180058964993805,2.7118851862847806,-1.093917226791382,0.00479790625104215,0.0289794921875,0.8528278261423111,27.540351927280426,-0.3137478828430176,4.210890293121338,33.38146209716797,36.50141906738281,33.695213317871094,37.84505081176758,0.9866915255328034,1.7793809175491333,81.45813751220703,0.975,1.0,0.0,1.0,0.0,0.0,-0.030250774696469307,0.23063017427921295,0.0,0.08810843527317047,0.10854563117027283,0.13690324127674103,-1.8242377042770386,-1.7838592529296875,-1.727891445159912,0.0,1.0
493568,482,5,176.1347489493967,203.0,-0.004950406472198665,2.9005598336458207,-1.1001270443201066,0.0037662977701984346,0.038134765625,0.8255170755088329,27.38311357498169,1.6914432048797607,3.8720712661743164,33.629940032958984,37.3063850402832,31.938495635986328,39.03193664550781,0.9892274053157257,1.615803837776184,82.9526138305664,0.975,1.0,0.0,1.0,0.0,0.0,-0.003930309787392616,0.23400278389453888,0.0,0.0872405469417572,0.10629475861787796,0.13407528400421143,-1.8259601593017578,-1.7882938385009766,-1.7334446907043457,0.0,1.0
494592,483,8,144.10440872634007,175.125,-0.005031157680787146,10.206001353263854,-1.110040333867073,0.006239147549786139,0.05771484375,0.8662386536598206,56.828818559646606,-1.4525089263916016,6.7291388511657715,30.33932876586914,40.29402160644531,31.79183578491211,39.76167678833008,0.9721106927855904,1.6315573453903198,163.80931091308594,0.9,1.0,0.0,1.0,0.0,0.0,0.009729803539812565,0.2514292895793915,0.0,0.08810345828533173,0.10610705614089966,0.13431204855442047,-1.8242475986480713,-1.7886673212051392,-1.732979655265808,0.0,1.0
495616,484,5,108.58067893813661,144.8,-0.005377772502833977,8.12902628183365,-1.1103216856718063,0.006150034890742973,0.0597412109375,0.9087341010570527,45.40713264942169,-1.1835287809371948,6.027332305908203,35.345794677734375,34.879268646240234,36.52932357788086,34.80866622924805,0.9701382338950705,1.5370838642120361,127.95188903808594,0.925,1.0,0.0,1.0,0.0,0.0,-0.010828028433024883,0.23213942348957062,0.0,0.08691859990358353,0.10562755912542343,0.13450320065021515,-1.8265992403030396,-1.7896302938461304,-1.7326041460037231,0.0,1.0
496640,485,6,143.81568027411046,179.33333333333334,-0.0037406405783258377,12.733875584602355,-1.1146403193473815,0.002387025035568513,0.0567138671875,0.8812029846012592,62.367248725891116,-0.9087398052215576,7.834454536437988,40.44348907470703,41.12744903564453,41.35222625732422,41.105587005615234,0.9637127592267314,1.9255762100219727,189.96897888183594,0.9,1.0,0.0,1.0,0.0,0.0,-0.002857624553143978,0.244736909866333,0.0,0.0874013751745224,0.10450839251279831,0.13174346089363098,-1.8256410360336304,-1.7918143272399902,-1.7380269765853882,0.0,1.0
497664,486,5,140.07027139876897,172.0,-0.006153265212196857,6.449624702334404,-1.1209003388881684,0.005456862747087144,0.06630859375,1.1063568785786628,53.588499093055724,1.9706941843032837,5.8264007568359375,24.918354034423828,39.76116943359375,22.947660446166992,41.704368591308594,0.978527513003448,2.094722270965576,223.15243530273438,0.975,1.0,0.0,1.0,0.0,0.0,0.01846197061240673,0.24353757500648499,0.0,0.08796556293964386,0.10395002365112305,0.13138093054294586,-1.8245213031768799,-1.7929283380508423,-1.7387396097183228,0.0,1.0
498688,487,4,206.05850837572538,222.0,-0.003864260291447863,4.433905548602342,-1.1251102268695832,0.0035240125653217547,0.0552001953125,1.160980160534382,60.91492792367935,2.9512951374053955,5.735792636871338,35.19866943359375,34.553829193115234,32.24737548828125,38.42586135864258,0.9724453716233893,2.398796796798706,264.4525146484375,1.0,1.0,0.0,1.0,0.0,0.0,0.019973555579781532,0.2381744533777237,0.0,0.08623293042182922,0.10266444087028503,0.13093021512031555,-1.8279603719711304,-1.7954673767089844,-1.7396256923675537,0.0,1.0
499712,488,6,191.21363717527484,212.66666666666666,-0.005246786843053996,7.55822824537754,-1.130556058883667,0.006624731810006779,0.062255859375,1.1163014113903045,65.51437993049622,2.3910748958587646,6.729476451873779,25.84048843383789,38.578731536865234,23.449413299560547,41.788421630859375,0.9695724748424335,2.449883460998535,220.7669677734375,0.95,1.0,0.0,1.0,0.0,0.0,0.0037851587403565645,0.23113538324832916,0.0,0.08534263074398041,0.10249939560890198,0.1305127888917923,-1.8297278881072998,-1.795792579650879,-1.7404464483261108,0.0,1.0
500736,489,6,146.50745923663914,184.66666666666666,-0.006049059325596318,2.6204132214188576,-1.1320191711187362,0.004204965215467382,0.0614990234375,0.9191614158451558,20.252624809741974,0.6828116178512573,3.4974865913391113,36.32505798339844,38.11878204345703,35.64224624633789,37.71012496948242,0.9915815120988871,1.7060139179229736,50.833621978759766,0.775,1.0,0.0,1.0,0.0,0.0,0.017331210896372795,0.24137698113918304,0.0,0.08336042612791061,0.10203830152750015,0.1311807632446289,-1.8336642980575562,-1.796716332435608,-1.7391331195831299,0.0,1.0
501760,490,5,167.56892817990357,179.2,-0.0036743898293934763,4.4507554233074185,-1.1331906765699387,0.005644114017195534,0.043212890625,0.9993657141923904,32.966803228855134,0.7546948194503784,4.903598308563232,40.2038459777832,36.42527389526367,39.44915008544922,36.946189880371094,0.98187724851999,1.8143584728240967,117.58731079101562,0.95,1.0,0.0,1.0,0.0,0.0,0.023249566555023193,0.23886114358901978,0.0,0.08637791126966476,0.10229802876710892,0.12870845198631287,-1.8276726007461548,-1.7961845397949219,-1.743995189666748,0.0,1.0
502784,491,6,154.96190547458923,176.5,-0.005049362266436219,4.17014170140028,-1.127495875954628,0.005522007508261595,0.05546875,0.9269602827727794,44.22502394914627,1.3749182224273682,4.995768070220947,26.562122344970703,36.9702033996582,25.187206268310547,38.33181381225586,0.9817399998181136,1.9223259687423706,149.39901733398438,0.9,1.0,0.0,1.0,0.0,0.0,0.017038673162460327,0.2283516526222229,0.0,0.08775617927312851,0.10370350629091263,0.13144509494304657,-1.824936866760254,-1.7934190034866333,-1.738613486289978,0.0,1.0
503808,492,6,154.29968182907967,180.0,-0.0048433633521199225,2.8755464881658552,-1.1207406789064407,0.004899161866342183,0.055224609375,0.887795726954937,25.245537173748016,-0.6092058420181274,3.8405022621154785,37.411216735839844,36.99656295776367,38.02042007446289,37.06251907348633,0.9892241057618542,2.196932315826416,67.42233276367188,0.95,1.0,0.0,1.0,0.0,0.0,0.023724496364593506,0.23675435781478882,0.0,0.08837874978780746,0.10456971079111099,0.13226281106472015,-1.82370126247406,-1.7917122840881348,-1.7370061874389648,0.0,1.0
504832,493,6,142.75580827124847,170.66666666666666,-0.004575316712725907,4.142386883497238,-1.1170054346323013,0.004022429077303968,0.049267578125,0.8636894933879375,32.03669725656509,0.5565423965454102,4.7749810218811035,34.8822021484375,39.5541877746582,34.32565689086914,40.00291442871094,0.9854266863736123,1.3639246225357056,98.20805358886719,0.975,1.0,0.0,1.0,0.0,0.0,0.02885071001946926,0.24426931142807007,0.0,0.08936341106891632,0.10472113639116287,0.13136973977088928,-1.8217474222183228,-1.7913976907730103,-1.7387616634368896,0.0,1.0
505856,494,4,168.60784113601989,195.0,-0.005301558377686888,0.8987550783902407,-1.1199451804161071,0.004735810132115148,0.0561767578125,1.0814315557479859,15.927140510082245,0.7025190591812134,2.3631441593170166,40.640296936035156,36.33037567138672,39.93777847290039,36.99165344238281,0.995769023143062,2.558230400085449,49.88766860961914,1.0,1.0,0.0,1.0,0.0,0.0,0.02363228239119053,0.24422051012516022,0.0,0.08760780096054077,0.10371905565261841,0.13100795447826385,-1.8252313137054443,-1.7933839559555054,-1.7394728660583496,0.0,1.0
506880,495,8,188.34600239617282,203.0,-0.004879175923997536,7.736006367206573,-1.1257774144411088,0.006147682396112941,0.0541259765625,0.9895442567765713,63.26354205608368,2.826915740966797,6.193549156188965,24.962791442871094,36.97105026245117,22.13587188720703,39.307735443115234,0.9719356089728138,2.0136852264404297,210.8191680908203,0.925,1.0,0.0,1.0,0.0,0.0,0.037222784012556076,0.2362951785326004,0.0,0.086480513215065,0.10290861874818802,0.13066473603248596,-1.8274688720703125,-1.794980525970459,-1.7401477098464966,0.0,1.0
507904,496,4,123.04047148858368,151.75,-0.00515461023314856,4.261810241639614,-1.130035212635994,0.004875711431668606,0.051171875,0.8451746381819248,40.127157020568845,-0.4614638090133667,4.876122951507568,42.466331481933594,36.70039367675781,42.92779541015625,35.10254669189453,0.982347431995266,1.787377953529358,136.16575622558594,0.875,1.0,0.0,1.0,0.0,0.0,0.0484931655228138,0.23882931470870972,0.0,0.0840296819806099,0.10240141302347183,0.1318126767873764,-1.832335114479065,-1.7960039377212524,-1.7378909587860107,0.0,1.0
508928,497,5,193.57613083222046,206.2,-0.003847019386012107,8.25104599893093,-1.1303642570972443,0.005780706091900356,0.0520751953125,1.0349154889583587,53.729180908203126,1.5463557243347168,6.77337646484375,36.288719177246094,38.87081527709961,34.74236297607422,40.94157791137695,0.9696357087853084,2.417726755142212,179.8737335205078,1.0,1.0,0.0,1.0,0.0,0.0,0.05592980980873108,0.25594979524612427,0.0,0.08460840582847595,0.1026863232254982,0.13308344781398773,-1.8311858177185059,-1.7954457998275757,-1.7353934049606323,0.0,1.0
509952,498,5,164.2485588682915,182.2,-0.00602012948365882,8.7970395475626,-1.1275531828403473,0.0032059067860245706,0.0369384765625,0.8728443711996079,58.231447672843935,1.7308762073516846,6.767323970794678,35.63417053222656,38.63301467895508,33.903289794921875,40.63488006591797,0.9693156629104959,2.080049514770508,156.24342346191406,0.875,1.0,0.0,1.0,0.0,0.0,0.04194796085357666,0.24473978579044342,0.0,0.08522523939609528,0.10332775115966797,0.1352429986000061,-1.8299610614776611,-1.7941843271255493,-1.7311511039733887,0.0,1.0
510976,499,6,180.03274125769542,181.0,-0.005496303737163544,3.503682215511799,-1.1273060083389281,0.005046406836481765,0.066357421875,0.9328655503690243,29.717201673984526,0.9142498970031738,4.482976913452148,41.80290222167969,35.56220626831055,40.88865280151367,34.65735626220703,0.9841088392312762,1.6641263961791992,88.27503967285156,0.975,1.0,0.0,1.0,0.0,0.0,0.037986401468515396,0.23159261047840118,0.0,0.0843622237443924,0.10266133397817612,0.13402025401592255,-1.8316746950149536,-1.7954978942871094,-1.7335528135299683,0.0,1.0
512000,500,6,155.3121605867223,185.83333333333334,-0.004895801958627999,1.524848099052906,-1.1301478326320649,0.005358785600401461,0.0601318359375,1.0508760914206505,21.599470734596252,-0.31647804379463196,2.8122503757476807,37.35357666015625,39.117252349853516,37.67005157470703,39.01698303222656,0.9948314202988296,2.533700466156006,66.6199951171875,0.9,1.0,0.0,1.0,0.0,0.0,0.05938156321644783,0.2313065230846405,0.0,0.08427636325359344,0.1027056947350502,0.1341635286808014,-1.8318451642990112,-1.7954057455062866,-1.7332713603973389,0.0,1.0
513024,501,6,160.08145427738577,171.5,-0.004096554435091093,9.588851264119148,-1.1282403469085693,0.003748518222710118,0.053466796875,0.9136238031089305,51.13735473155975,1.4226913452148438,6.894496917724609,30.501811981201172,38.57368087768555,29.079120635986328,40.8670768737793,0.9680535145674038,2.0630037784576416,141.5190887451172,0.95,1.0,0.0,1.0,0.0,0.0,0.03858046606183052,0.22656825184822083,0.0,0.08391834050416946,0.1030140221118927,0.13477569818496704,-1.8325562477111816,-1.7948088645935059,-1.7320688962936401,0.0,1.0
514048,502,7,145.47994858181747,176.71428571428572,-0.0050795219256542625,1.7867582224309444,-1.1282408684492111,0.0035754968310357073,0.0448974609375,0.8679755114018917,19.488458466529845,0.28126052021980286,3.092768430709839,34.18953323364258,40.64567565917969,33.90827178955078,41.42449188232422,0.9942101662365428,1.9705497026443481,56.323524475097656,0.875,1.0,0.0,1.0,0.0,0.0,0.016280248761177063,0.22911480069160461,0.0,0.08349625766277313,0.10253927111625671,0.13342729210853577,-1.8333945274353027,-1.7957369089126587,-1.734717845916748,0.0,1.0
515072,503,2,137.05803691350144,158.0,-0.0042271340382285414,4.777037525177002,-1.1305023670196532,0.003914304704812821,0.04375,1.0110719576478004,42.77818553447723,1.59270179271698,5.2503557205200195,36.67329788208008,34.1801643371582,35.08059310913086,36.04317092895508,0.9764045005131342,2.2100863456726074,148.1770477294922,1.0,1.0,0.0,1.0,0.0,0.0,0.028141947463154793,0.22854092717170715,0.0,0.08479421585798264,0.10253497958183289,0.13203056156635284,-1.8308168649673462,-1.795749545097351,-1.7374626398086548,0.0,1.0
516096,504,6,178.91794704344125,207.0,-0.006859375559724867,5.814617124199867,-1.1305648416280747,0.006854454624408391,0.0717529296875,0.8371787972748279,38.79520981311798,1.0866371393203735,5.483922004699707,37.132537841796875,40.134246826171875,36.045902252197266,41.159725189208984,0.9813296568637764,1.4873605966567993,117.89567565917969,0.925,1.0,0.0,1.0,0.0,0.0,0.03090936876833439,0.23984351754188538,0.0,0.08614054322242737,0.10250148922204971,0.1302892416715622,-1.828143835067749,-1.795789361000061,-1.7408859729766846,0.0,1.0
517120,505,7,180.36577009135402,191.14285714285714,-0.005498755967710167,14.862831616401673,-1.1273027539253235,0.004972752105095424,0.0671142578125,0.8769792698323726,47.269486689567564,-0.8343192934989929,7.496372699737549,38.62397384643555,39.733604431152344,39.45829391479492,39.28251266479492,0.9644052124978371,1.7381950616836548,108.13426971435547,0.9,1.0,0.0,1.0,0.0,0.0,0.040698450058698654,0.23187322914600372,0.0,0.08798306435346603,0.10370374470949173,0.13012497127056122,-1.824486494064331,-1.7934080362319946,-1.7412090301513672,0.0,1.0
518144,506,4,152.50936892481627,178.0,-0.003011775424238294,6.437728700041771,-1.1253832221031188,0.0061104906169930475,0.052099609375,1.0667495496571064,40.12940123081207,-0.0925239622592926,5.739923477172852,43.021820068359375,41.65953063964844,43.11434555053711,42.14909744262695,0.9810161881914897,2.0388247966766357,121.7891616821289,0.95,1.0,0.0,1.0,0.0,0.0,0.04007537290453911,0.24105946719646454,0.0,0.08720473200082779,0.10266093164682388,0.1287550926208496,-1.8260313272476196,-1.7954715490341187,-1.743903398513794,0.0,1.0
519168,507,5,173.4991063638279,193.8,-0.00503307429025881,5.006803861260414,-1.1334975838661194,0.005794509491533972,0.0638671875,0.9633657902479171,40.65969607830048,-1.5204848051071167,4.837501049041748,41.30789566040039,38.47114944458008,42.82838439941406,38.31977462768555,0.9841885457958769,1.7666696310043335,118.75477600097656,0.95,1.0,0.0,1.0,0.0,0.0,0.0324200838804245,0.24571259319782257,0.0,0.0857495367527008,0.10143649578094482,0.12757305800914764,-1.8289200067520142,-1.7979000806808472,-1.7462290525436401,0.0,1.0
520192,508,8,175.7862026292139,189.0,-0.004243381775449961,3.851546250283718,-1.1382726371288299,0.003996551787713543,0.047998046875,1.109114584326744,37.06046651601791,1.0523394346237183,4.6194257736206055,44.686279296875,42.751304626464844,43.633941650390625,43.85696029663086,0.9883244530801096,2.3541882038116455,120.05796813964844,0.875,1.0,0.0,1.0,0.0,0.0,0.04880493879318237,0.25481680035591125,0.0,0.08473286032676697,0.10097629576921463,0.12770430743694305,-1.830938696861267,-1.7988096475601196,-1.7459708452224731,0.0,1.0
521216,509,4,151.2905648840534,163.5,-0.0038363425759598614,6.6511427700519565,-1.142233282327652,0.0017946191073860973,0.0364501953125,0.992012083530426,53.409980344772336,2.257195234298706,5.143869876861572,32.20964813232422,34.15803527832031,29.95245361328125,35.295249938964844,0.9773225541116611,2.312028646469116,167.91192626953125,0.875,1.0,0.0,1.0,0.0,0.0,0.051815908402204514,0.2452709674835205,0.0,0.08454537391662598,0.09997238963842392,0.12679560482501984,-1.8313109874725342,-1.8007978200912476,-1.7477591037750244,0.0,1.0
522240,510,5,206.63043420426206,216.0,-0.006068228802178055,3.3289680913090707,-1.150528234243393,0.007950395984516944,0.06376953125,1.0152071557939053,31.679828441143037,0.6781772375106812,4.381714820861816,42.84162139892578,36.17185974121094,42.16344451904297,36.147159576416016,0.9853260673794769,2.3860323429107666,115.73790740966797,0.95,1.0,0.0,1.0,0.0,0.0,0.048961590975522995,0.24843324720859528,0.0,0.08287423849105835,0.09834825247526169,0.12468747049570084,-1.8346298933029175,-1.8040019273757935,-1.7519093751907349,0.0,1.0
523264,511,6,170.2006851493418,174.5,-0.004322577372658998,2.953777885437012,-1.1577570289373398,0.004544960694329347,0.0451171875,1.111164566129446,28.679988813400268,-0.3877158761024475,3.9782323837280273,40.646278381347656,36.62474060058594,41.033992767333984,36.494659423828125,0.9882013809026973,2.5021419525146484,76.10250091552734,0.925,1.0,0.0,1.0,0.0,0.0,0.0477333702147007,0.2539108097553253,0.0,0.08332809060811996,0.09750998765230179,0.12241192162036896,-1.8337284326553345,-1.8056583404541016,-1.7563917636871338,0.0,1.0
524288,512,7,139.94402052107372,165.42857142857142,-0.004037313477601856,4.960264816880226,-1.1627148687839508,0.005589103067177348,0.0412353515625,0.9598380766808987,40.67309145927429,-1.6713964939117432,4.839391708374023,36.236175537109375,40.62590026855469,37.90757369995117,40.50920867919922,0.9858102227681247,1.7976785898208618,135.3571014404297,0.925,1.0,0.0,1.0,0.0,0.0,0.01467860396951437,0.2424694001674652,0.0,0.08395424485206604,0.09667879343032837,0.12074779719114304,-1.8324848413467407,-1.8073056936264038,-1.7596712112426758,0.0,1.0
525312,513,4,147.24756611342482,182.75,-0.005267485463991761,2.725501262396574,-1.1675360053777695,0.005781761957041454,0.058935546875,0.969152957946062,28.33187131881714,0.9424730539321899,4.122235298156738,30.547855377197266,38.3513069152832,29.605382919311523,40.36714553833008,0.9884467232211197,3.2792270183563232,115.15470886230469,0.825,1.0,0.0,1.0,0.0,0.0,0.0320189967751503,0.2304943948984146,0.0,0.08402235805988312,0.09548193216323853,0.1172885149717331,-1.8323496580123901,-1.809665322303772,-1.7664927244186401,0.0,1.0
526336,514,6,177.78363750367146,197.5,-0.003698119195178151,2.1639788866043093,-1.1774760752916336,0.0027992265779175794,0.042041015625,1.0893792510032654,29.796980333328246,1.3304517269134521,3.6132709980010986,45.89720153808594,42.364173889160156,44.566749572753906,43.3734130859375,0.9927254930968473,2.2356112003326416,96.92221069335938,1.0,1.0,0.0,1.0,0.0,0.0,0.04483364522457123,0.2567909061908722,0.0,0.0815805196762085,0.09358721971511841,0.11510637402534485,-1.8371999263763428,-1.8134156465530396,-1.770798683166504,0.0,1.0
527360,515,6,184.5658084021917,196.5,-0.004098575119860471,5.536011743545532,-1.1902320623397826,0.005931389454053715,0.0505859375,1.03638663738966,46.4609194278717,-0.5962011218070984,5.496288299560547,37.22115707397461,36.19468307495117,37.817359924316406,35.724159240722656,0.9769405204120035,2.587240695953369,125.071533203125,0.95,1.0,0.0,1.0,0.0,0.0,0.03929956257343292,0.2508854568004608,0.0,0.08042216300964355,0.09152964502573013,0.11311743408441544,-1.8395015001296997,-1.8174948692321777,-1.7747251987457275,0.0,1.0
528384,516,7,122.68893291440672,148.0,-0.0061300981789827345,12.06024934053421,-1.1947745203971862,0.004485705777187832,0.0563720703125,0.9225787498056889,64.78306427001954,-2.1228644847869873,7.475995063781738,40.879486083984375,40.291160583496094,43.002349853515625,39.585262298583984,0.9655714725446073,1.926423192024231,180.0609130859375,0.925,1.0,0.0,1.0,0.0,0.0,0.029828837141394615,0.24803386628627777,0.0,0.08062859624624252,0.09212613105773926,0.11387155205011368,-1.8390913009643555,-1.816304326057434,-1.7732361555099487,0.0,1.0
529408,517,6,157.59023759610497,176.33333333333334,-0.0031256340094842016,7.029473900794983,-1.1934900343418122,0.006082615819468629,0.051513671875,1.1369654692709446,43.510622715950014,-1.404698371887207,5.504495143890381,41.880455017089844,38.682220458984375,43.28515625,38.37486267089844,0.9797505938576292,2.879063367843628,129.0587158203125,0.95,1.0,0.0,1.0,0.0,0.0,0.039949677884578705,0.253145307302475,0.0,0.07948724180459976,0.09137165546417236,0.11274486035108566,-1.8413594961166382,-1.8178073167800903,-1.7754608392715454,0.0,1.0
530432,518,8,144.8184382743308,170.75,-0.0025230791419744492,5.394409376382828,-1.1960870742797851,0.0050831634842325,0.0406982421875,0.9531976990401745,43.961133527755734,-0.13610273599624634,5.480413913726807,25.601242065429688,40.238075256347656,25.737342834472656,41.75088882446289,0.9814496435330627,2.2744295597076416,153.2949981689453,0.875,1.0,0.0,1.0,0.0,0.0,0.04421217367053032,0.2544132471084595,0.0,0.0818382278084755,0.09178193658590317,0.11135895550251007,-1.8366880416870117,-1.8169841766357422,-1.7781981229782104,0.0,1.0
531456,519,4,122.33331105419839,161.25,-0.004025543649913743,2.2925298906862737,-1.1944604337215423,0.004912036472524051,0.04365234375,0.9335066206753254,28.548157215118408,0.5329638719558716,4.044617652893066,27.919666290283203,36.36981964111328,27.386701583862305,38.0983772277832,0.987632763174671,1.7871322631835938,97.76734924316406,0.9,1.0,0.0,1.0,0.0,0.0,0.03680490329861641,0.2502831518650055,0.0,0.07967892289161682,0.09144804626703262,0.11119771003723145,-1.8409785032272339,-1.8176523447036743,-1.7785167694091797,0.0,1.0
532480,520,4,174.90843168408367,189.0,-0.0038566498784348368,0.8943117685616017,-1.1939359128475189,0.0026433664388605393,0.0429443359375,1.0024162247776984,25.430443155765534,-1.4645256996154785,1.8154007196426392,46.76754379272461,34.15563201904297,48.23206329345703,34.93344497680664,0.997174986966612,1.787864089012146,72.4278564453125,0.95,1.0,0.0,1.0,0.0,0.0,0.01529171597212553,0.24884918332099915,0.0,0.07803837954998016,0.09236308932304382,0.11314358562231064,-1.844239354133606,-1.815843105316162,-1.7746734619140625,0.0,1.0
533504,521,8,142.44359418607888,176.625,-0.004011581494705751,5.180798500776291,-1.1895117521286012,0.004128751382813789,0.0436279296875,1.0900308422744274,42.753206276893614,0.10300514101982117,5.442144870758057,31.41193389892578,39.346588134765625,31.308929443359375,39.590152740478516,0.9808695127801714,2.3166396617889404,163.36550903320312,0.975,1.0,0.0,1.0,0.0,0.0,0.023493746295571327,0.2534823417663574,0.0,0.07656607031822205,0.09262462705373764,0.11230511218309402,-1.8471664190292358,-1.815324306488037,-1.7763292789459229,0.0,1.0
534528,522,6,133.7972071942904,162.0,-0.004998621868435293,4.73142139017582,-1.1920299589633943,0.004308320902055129,0.046728515625,1.0125122144818306,42.42521507740021,1.3191659450531006,4.885446071624756,23.680604934692383,36.80795669555664,22.361440658569336,38.06170654296875,0.9823832816097384,1.7522779703140259,155.8822479248047,1.0,1.0,0.0,1.0,0.0,0.0,0.04396284744143486,0.2544122040271759,0.0,0.07530674338340759,0.09147512167692184,0.11164166778326035,-1.849670648574829,-1.8175926208496094,-1.7776397466659546,0.0,1.0
535552,523,4,153.21695008230014,180.5,-0.004259730374906212,5.029436281323433,-1.1955045491456986,0.004050600176560693,0.060498046875,1.0068472430109978,31.842468309402467,0.17432567477226257,4.834054946899414,30.682693481445312,33.36428451538086,30.50836753845215,33.97670364379883,0.9790077255214169,1.8625794649124146,95.19095611572266,0.9,1.0,0.0,1.0,0.0,0.0,0.033841248601675034,0.23917217552661896,0.0,0.07592720538377762,0.09178274124860764,0.11273094266653061,-1.848436713218689,-1.816989541053772,-1.7754883766174316,0.0,1.0
536576,524,6,139.50494074495364,172.66666666666666,-0.006201766896992922,9.079035252332687,-1.188896545767784,0.006627953072893433,0.065478515625,1.00976028367877,76.29935479164124,3.2529613971710205,7.68851375579834,23.72205352783203,41.56202697753906,20.469093322753906,45.426109313964844,0.9657791102351279,2.3605763912200928,253.18161010742188,0.925,1.0,0.0,1.0,0.0,0.0,0.015409909188747406,0.22539283335208893,0.0,0.07756881415843964,0.09368225187063217,0.115273118019104,-1.8451727628707886,-1.8132349252700806,-1.7704695463180542,0.0,1.0
537600,525,5,174.42136909949042,196.8,-0.004767000931315124,3.7598173782229423,-1.1824103951454163,0.007386726657568943,0.062158203125,0.974830536544323,37.73412539958954,0.14694716036319733,5.06185245513916,32.32856750488281,34.69221496582031,32.181617736816406,36.78339385986328,0.978711018377949,2.5685856342315674,116.75896453857422,0.95,1.0,0.0,1.0,0.0,0.0,0.009670555591583252,0.2366832196712494,0.0,0.07874860614538193,0.09340081363916397,0.11325263977050781,-1.842827558517456,-1.8137823343276978,-1.7744581699371338,0.0,1.0
538624,526,6,148.5493038961745,184.5,-0.005711073975544423,2.7563902243971823,-1.1868497848510742,0.008473340614000336,0.06904296875,0.9698318250477314,24.654412281513213,0.1467832624912262,4.215731620788574,30.731204986572266,36.77743148803711,30.584423065185547,37.23630142211914,0.9868603680538537,2.170839309692383,77.41742706298828,0.9,1.0,0.0,1.0,0.0,0.0,0.018512273207306862,0.2507454752922058,0.0,0.07729712873697281,0.09272824972867966,0.1124473437666893,-1.8457129001617432,-1.8151226043701172,-1.7760484218597412,0.0,1.0
539648,527,8,131.63442351483667,156.0,-0.004258942097658291,1.8694202415645123,-1.1887149274349214,0.003573316024267115,0.0436279296875,1.1123563066124915,28.147020208835603,1.2031322717666626,3.6861143112182617,36.302284240722656,41.83414077758789,35.099151611328125,43.65439987182617,0.9922361714410559,2.4124867916107178,102.7392578125,0.95,1.0,0.0,1.0,0.0,0.0,0.015603803098201752,0.251468688249588,0.0,0.0758596807718277,0.0925697609782219,0.11256828159093857,-1.8485710620880127,-1.815433382987976,-1.7758095264434814,0.0,1.0
540672,528,5,131.86710415437895,159.2,-0.004906914802268148,4.109467194974423,-1.1885299563407898,0.006097105809021741,0.04873046875,1.0263152591884137,33.75694967508316,0.3774559199810028,4.773724555969238,30.490755081176758,37.67765808105469,30.113300323486328,38.871376037597656,0.9839473407644896,2.3348679542541504,87.68170928955078,0.975,1.0,0.0,1.0,0.0,0.0,0.030141696333885193,0.2591709494590759,0.0,0.07660956680774689,0.09308096021413803,0.11188577860593796,-1.847079873085022,-1.814414381980896,-1.7771575450897217,0.0,1.0
541696,529,6,172.62517764643198,187.66666666666666,-0.004574531014077366,2.7663029730319977,-1.1881592214107513,0.004772222659084946,0.04619140625,1.092432290315628,29.94984790086746,1.2901755571365356,3.6308443546295166,42.72873306274414,41.08587646484375,41.43855667114258,41.550811767578125,0.9921903747912689,1.9724363088607788,96.51980590820312,1.0,1.0,0.0,1.0,0.0,0.0,0.039078954607248306,0.2626608908176422,0.0,0.07707468420267105,0.09228494018316269,0.1103261336684227,-1.8461551666259766,-1.8159898519515991,-1.7802386283874512,0.0,1.0
542720,530,4,185.15185014410383,179.75,-0.005751247808802873,4.1312131270766255,-1.1959965020418166,0.005220001818088349,0.0648193359375,1.1854392610490323,40.66752589941025,2.333653450012207,4.407728672027588,31.808069229125977,33.05042266845703,29.47441291809082,34.358863830566406,0.9822141084361932,2.6184298992156982,122.0264892578125,0.975,1.0,0.0,1.0,0.0,0.0,0.031557586044073105,0.23864251375198364,0.0,0.073980413377285,0.09053107351064682,0.10974495857954025,-1.8523085117340088,-1.8194774389266968,-1.7813870906829834,0.0,1.0
543744,531,7,184.38784913852447,204.57142857142858,-0.005078936228528619,3.593103936314583,-1.2043042093515397,0.002663489729457069,0.042724609375,1.0609877817332745,29.513951230049134,1.5537569522857666,4.067968368530273,39.6086311340332,42.44551467895508,38.054874420166016,42.896705627441406,0.9908147402021938,1.788941740989685,88.41679382324219,0.95,1.0,0.0,1.0,0.0,0.0,0.04810604080557823,0.26667320728302,0.0,0.07405067980289459,0.08966591954231262,0.10972841084003448,-1.8521687984466553,-1.8211828470230103,-1.7814197540283203,0.0,1.0
544768,532,6,177.97228624743022,189.33333333333334,-0.003896718402393162,5.3794664412736894,-1.2084939062595368,0.004214774041611235,0.04169921875,1.053283029794693,52.28118681907654,1.9738692045211792,4.9622416496276855,27.215600967407227,38.86103439331055,25.241729736328125,40.33002471923828,0.9836947631102034,2.0972745418548584,174.47006225585938,0.975,1.0,0.0,1.0,0.0,0.0,0.02929992787539959,0.23801791667938232,0.0,0.07321763038635254,0.08908513933420181,0.10949276387691498,-1.8538258075714111,-1.8223466873168945,-1.7818853855133057,0.0,1.0
545792,533,4,156.54486231019567,182.25,-0.004839443598757498,6.849588391184807,-1.2116028845310212,0.007063265127362684,0.066845703125,1.1109408155083655,46.66448996067047,-0.10958093404769897,5.957635879516602,38.70574951171875,36.10141372680664,38.815330505371094,36.36382293701172,0.9727667480197708,2.9820828437805176,129.3727569580078,0.975,1.0,0.0,1.0,0.0,0.0,0.015102294273674488,0.2382233887910843,0.0,0.07246650010347366,0.08878132700920105,0.10955966264009476,-1.8553202152252197,-1.8229522705078125,-1.7817531824111938,0.0,1.0
546816,534,5,172.1537293477934,189.4,-0.005247938027605414,1.5505777709186077,-1.2073906689882279,0.005853171831404325,0.0479736328125,1.0175424844026566,18.82286903858185,0.7074993848800659,2.904503345489502,43.71349334716797,34.481605529785156,43.00599670410156,34.19544982910156,0.9929047315711312,2.0950896739959717,54.95094680786133,0.95,1.0,0.0,1.0,0.0,0.0,0.025486186146736145,0.23405590653419495,0.0,0.07491248100996017,0.0906798243522644,0.11237289011478424,-1.8504546880722046,-1.8191819190979004,-1.7761955261230469,0.0,1.0
547840,535,7,161.36990613659268,187.28571428571428,-0.0054874821857083585,5.701180180907249,-1.1993057042360307,0.005139590897306335,0.0619873046875,0.9614274471998214,41.605785965919495,0.5382484197616577,5.2310686111450195,30.441530227661133,41.44371795654297,29.903284072875977,42.09990310668945,0.9840682510159603,1.8350275754928589,139.85130310058594,1.0,1.0,0.0,1.0,0.0,0.0,0.025788500905036926,0.23517784476280212,0.0,0.07489848136901855,0.09095729142427444,0.11344505101442337,-1.85048246383667,-1.8186378479003906,-1.7740782499313354,0.0,1.0
548864,536,5,154.2020940946408,173.4,-0.005965555272996426,9.554152542352677,-1.198388335108757,0.009031101291475352,0.0845947265625,1.0433654300868511,48.26724922657013,0.4531116485595703,6.50272274017334,31.083677291870117,36.26950454711914,30.630563735961914,37.461299896240234,0.9678554574107049,2.6222589015960693,128.93368530273438,0.975,1.0,0.0,1.0,0.0,0.0,0.025480875745415688,0.2437550276517868,0.0,0.07534410804510117,0.09107846766710281,0.11387090384960175,-1.8495962619781494,-1.8184019327163696,-1.7732374668121338,0.0,1.0
549888,537,5,164.4433079488641,189.2,-0.006036749272607267,3.7391677096486093,-1.1996515363454818,0.0044814255626988595,0.060302734375,1.059573197364807,38.02577619552612,0.13914845883846283,4.906970977783203,34.77545928955078,38.74045944213867,34.636314392089844,39.59573745727539,0.9839565641121182,2.148374319076538,134.0550079345703,1.0,1.0,0.0,1.0,0.0,0.0,0.024295611307024956,0.26131847500801086,0.0,0.07410573214292526,0.09062059968709946,0.1125379130244255,-1.852059245109558,-1.8192952871322632,-1.775869607925415,0.0,1.0
550912,538,7,144.62826934273093,169.42857142857142,-0.005219274596311152,3.258833159506321,-1.2016391813755036,0.0062599181663244964,0.0672607421875,1.2400276437401772,36.723944056034085,0.8905386924743652,4.399232864379883,34.865997314453125,38.80951690673828,33.975460052490234,38.986759185791016,0.9871507629188118,2.260928153991699,142.45973205566406,0.975,1.0,0.0,1.0,0.0,0.0,0.04040335491299629,0.2535627782344818,0.0,0.0739973708987236,0.0904277041554451,0.11262285709381104,-1.852274775505066,-1.8196892738342285,-1.7757017612457275,0.0,1.0
551936,539,4,148.06743954308405,177.75,-0.0036931181442923845,4.322463908791542,-1.2042375564575196,0.0034777138018398544,0.0373046875,1.0902596861124039,38.11783080101013,0.8939845561981201,4.706459045410156,27.571395874023438,34.831268310546875,26.677413940429688,35.57658004760742,0.9817421367640579,2.4490890502929688,101.81800842285156,0.95,1.0,0.0,1.0,0.0,0.0,0.0364767462015152,0.24137477576732635,0.0,0.07101993262767792,0.08965804427862167,0.11292178183794022,-1.8581984043121338,-1.8212217092514038,-1.775111436843872,0.0,1.0
552960,540,9,148.8563117546799,169.22222222222223,-0.003577424946706742,8.024528589844703,-1.205885547399521,0.007391362510679756,0.0527587890625,0.9232329040765762,38.34964122772217,-0.881729006767273,6.142474174499512,39.944114685058594,41.33145523071289,40.825843811035156,42.49872589111328,0.9779135816083049,2.487785577774048,113.35803985595703,0.775,1.0,0.0,1.0,0.0,0.0,-0.0024343098048120737,0.2316252589225769,0.0,0.07026470452547073,0.09010647982358932,0.11348739266395569,-1.85970139503479,-1.820330262184143,-1.7739946842193604,0.0,1.0
553984,541,7,131.8440672589551,164.0,-0.0049481775029562415,8.584532743692398,-1.2045126765966416,0.008151959428505506,0.0912109375,1.2747439369559288,56.50921490192413,-1.594357967376709,6.619616985321045,30.898536682128906,40.63960266113281,32.492897033691406,40.54281997680664,0.973468196745667,2.8783838748931885,168.34304809570312,0.925,1.0,0.0,1.0,0.0,0.0,0.0038490353617817163,0.23587492108345032,0.0,0.0715901181101799,0.08998378366231918,0.11188928782939911,-1.857063889503479,-1.820567011833191,-1.7771506309509277,0.0,1.0
555008,542,1,119.74710961511994,162.0,-0.004743329650955275,5.41437666118145,-1.204687276482582,0.006375032433425076,0.063134765625,1.1450115241110326,58.08088376522064,1.797954797744751,5.755360126495361,31.21250343322754,35.87331008911133,29.414546966552734,38.92460250854492,0.9742603777576687,2.421142101287842,211.2222900390625,0.975,1.0,0.0,1.0,0.0,0.0,0.02356572635471821,0.2469295710325241,0.0,0.07150014489889145,0.0899914875626564,0.11156752705574036,-1.8572429418563843,-1.8205465078353882,-1.777786135673523,0.0,1.0
556032,543,7,178.92322874159325,201.85714285714286,-0.004128718015272171,6.298880524933338,-1.205487635731697,0.008701024675974622,0.069384765625,1.3120440050959588,56.366203331947325,2.9777252674102783,5.742519855499268,21.79020881652832,38.19072723388672,18.812484741210938,41.64353561401367,0.977390592965873,3.201882839202881,188.38697814941406,0.975,1.0,0.0,1.0,0.0,0.0,0.03600996360182762,0.2493182122707367,0.0,0.06947898119688034,0.0897214487195015,0.11263150721788406,-1.8612651824951172,-1.8210959434509277,-1.7756847143173218,0.0,1.0
557056,544,6,132.17767030408328,157.33333333333334,-0.0036142486263997854,2.1655946977436544,-1.2082928448915482,0.002381829325167928,0.03779296875,0.8923470005393028,25.66405839920044,-0.7438154220581055,3.7205004692077637,36.4415397644043,35.82456588745117,37.18535614013672,35.86601257324219,0.9892144847972909,1.3778772354125977,74.1513442993164,0.925,1.0,0.0,1.0,0.0,0.0,0.042132798582315445,0.23603011667728424,0.0,0.06842376291751862,0.08892693370580673,0.11247162520885468,-1.863365650177002,-1.8226701021194458,-1.7760004997253418,0.0,1.0
558080,545,7,143.29041222537225,173.42857142857142,-0.004526677785906941,3.334733559191227,-1.2142492562532425,0.00562739307351876,0.0484375,1.135959330201149,34.6512496471405,1.6073970794677734,4.407362461090088,32.47031784057617,39.645938873291016,30.8629207611084,40.91349792480469,0.9876416601600199,2.485997200012207,112.66181182861328,1.0,1.0,0.0,1.0,0.0,0.0,0.0333484448492527,0.24195866286754608,0.0,0.0673832893371582,0.08770168572664261,0.11174114793539047,-1.8654370307922363,-1.8251113891601562,-1.7774431705474854,0.0,1.0
559104,546,5,173.64987434246274,196.2,-0.004616705933585763,4.783252155780792,-1.2203988641500474,0.00401369429891929,0.0488037109375,0.930522845685482,46.65929522514343,2.3715333938598633,4.588218688964844,21.721715927124023,33.34548568725586,19.350181579589844,33.90727615356445,0.981067232398658,1.6617794036865234,151.48004150390625,0.9,1.0,0.0,1.0,0.0,0.0,0.04412825033068657,0.23938299715518951,0.0,0.06779946386814117,0.08732467144727707,0.11097220331430435,-1.8646085262298584,-1.8258451223373413,-1.7789621353149414,0.0,1.0
560128,547,4,170.87588663417404,194.0,-0.005407455418026075,1.6661344163119793,-1.220300641655922,0.006696867813298013,0.0458984375,0.9833980932831764,24.24464031457901,1.5665699243545532,3.227778434753418,46.84865188598633,35.1623649597168,45.282081604003906,36.66788101196289,0.9915734204793386,2.105419397354126,98.27497100830078,0.95,1.0,0.0,1.0,0.0,0.0,0.02745193801820278,0.24084116518497467,0.0,0.0663505345582962,0.0873221680521965,0.11188297718763351,-1.8674932718276978,-1.825852870941162,-1.777163028717041,0.0,1.0
561152,548,8,183.9555154576854,200.25,-0.006103595846798271,4.2821249589324,-1.2207112818956376,0.008022436889586971,0.0801513671875,1.0447563737630845,34.774326753616336,0.649297833442688,4.7834625244140625,26.040603637695312,36.921600341796875,25.391305923461914,38.384788513183594,0.9832149083812242,2.0461831092834473,109.47845458984375,0.925,1.0,0.0,1.0,0.0,0.0,0.01414730679243803,0.23653094470500946,0.0,0.06605233252048492,0.08746549487113953,0.11311022192239761,-1.8680871725082397,-1.825576663017273,-1.774739384651184,0.0,1.0
562176,549,5,102.48564389837739,142.4,-0.0054947645810898395,6.012818866968155,-1.2221952587366105,0.003522607605555095,0.060693359375,0.8441468231379986,30.21377122402191,0.15341071784496307,4.971197605133057,34.64179992675781,38.173641204833984,34.4883918762207,37.68260192871094,0.9830412085022695,1.6682591438293457,84.54016876220703,0.925,1.0,0.0,1.0,0.0,0.0,0.020736245438456535,0.22136935591697693,0.0,0.06415725499391556,0.08657384663820267,0.11311206221580505,-1.871861219406128,-1.8273462057113647,-1.7747358083724976,0.0,1.0
563200,550,8,162.03777202382196,182.25,-0.005023263918701559,9.673440140485763,-1.2252842754125595,0.0053802558846655305,0.0692626953125,0.9990434966981411,39.17254891395569,0.9316070079803467,6.807086944580078,28.449169158935547,35.00819778442383,27.517562866210938,35.82344436645508,0.9621920558644909,1.8675535917282104,106.39396667480469,0.875,1.0,0.0,1.0,0.0,0.0,0.028196388855576515,0.2277122437953949,0.0,0.06324051320552826,0.08673267811536789,0.11398733407258987,-1.8736872673034668,-1.827043056488037,-1.7730076313018799,0.0,1.0
564224,551,3,107.20848898518229,129.0,-0.0046233971021138135,9.685423350334167,-1.222885224223137,0.004557974862109404,0.054052734375,0.8913763046264649,43.73841736316681,-0.38123106956481934,6.536771297454834,42.12212371826172,32.58169174194336,42.50335693359375,31.746845245361328,0.959748757203795,1.7042691707611084,112.3085708618164,0.825,1.0,0.0,1.0,0.0,0.0,0.03582373633980751,0.23035842180252075,0.0,0.06465447694063187,0.0872790738940239,0.11436394602060318,-1.8708709478378296,-1.8259649276733398,-1.7722641229629517,0.0,1.0
565248,552,9,134.73383167554158,158.66666666666666,-0.004917447792831808,9.011795422434806,-1.220630979537964,0.004133433414972387,0.0430419921875,0.8881336756050586,46.77194755077362,-1.3006579875946045,6.120576858520508,37.74059295654297,37.388545989990234,39.04125213623047,36.37175369262695,0.9732016796288022,1.7909280061721802,123.8486099243164,0.95,1.0,0.0,1.0,0.0,0.0,0.04534139111638069,0.2420598566532135,0.0,0.06568190455436707,0.08742824196815491,0.11504916846752167,-1.8688247203826904,-1.8256574869155884,-1.7709115743637085,0.0,1.0
566272,553,6,148.48672836489422,166.83333333333334,-0.004686506488360465,7.616816106438637,-1.2204974383115768,0.006491947706672363,0.0764404296875,1.1275419048964976,54.59012055397034,1.1196712255477905,6.508223533630371,29.154165267944336,38.030120849609375,28.03449058532715,40.085845947265625,0.9707133720594914,1.982330083847046,154.8468017578125,0.975,1.0,0.0,1.0,0.0,0.0,0.04046427085995674,0.22659634053707123,0.0,0.06605865061283112,0.08713966608047485,0.1163254976272583,-1.8680745363235474,-1.8262399435043335,-1.76839280128479,0.0,1.0
567296,554,5,140.69686121015656,177.0,-0.006137159757781774,2.8005071565508843,-1.2189161121845244,0.006844197318423539,0.072900390625,1.0874197639524936,30.31468243598938,0.797963559627533,3.762289524078369,26.592727661132812,34.05755615234375,25.794763565063477,34.64626693725586,0.9877966965823022,2.2611963748931885,96.05287170410156,0.95,1.0,0.0,1.0,0.0,0.0,0.03303060308098793,0.22790125012397766,0.0,0.06854476779699326,0.08832359313964844,0.11887041479349136,-1.8631247282028198,-1.8238931894302368,-1.7633726596832275,0.0,1.0
568320,555,4,171.8896862805191,208.25,-0.0030886532389558853,4.840090028941631,-1.2121886044740677,0.006020652718143537,0.043701171875,1.2015840083360672,41.009950280189514,2.796241283416748,4.637398719787598,38.64881896972656,38.016849517822266,35.852577209472656,39.4456672668457,0.9851202158222248,2.7090930938720703,143.12091064453125,0.975,1.0,0.0,1.0,0.0,0.0,0.05527238920331001,0.24527418613433838,0.0,0.06996995210647583,0.08923369646072388,0.12032957375049591,-1.8602880239486694,-1.8220925331115723,-1.760495662689209,0.0,1.0
569344,556,7,182.0398453009404,192.28571428571428,-0.005222140834666789,2.6486602291464805,-1.2083695232868195,0.009323777105601038,0.093505859375,1.245365945994854,25.77903347015381,0.2633848786354065,4.200489044189453,30.794233322143555,38.24022674560547,30.53084945678711,37.960697174072266,0.987934126322244,2.608646869659424,78.42254638671875,0.975,1.0,0.0,1.0,0.0,0.0,0.06896952539682388,0.26676368713378906,0.0,0.0707225501537323,0.0895180031657219,0.11982230097055435,-1.8587902784347534,-1.8215299844741821,-1.7614957094192505,0.0,1.0
570368,557,6,144.9392910974558,148.83333333333334,-0.005540201440453529,2.670662431418896,-1.2095159351825715,0.006528034806251526,0.064599609375,1.1816028527915479,27.608583760261535,0.5989097952842712,3.8053066730499268,36.63998794555664,32.21992492675781,36.04107666015625,33.36405563354492,0.9860514106764771,2.5464863777160645,73.62199401855469,0.95,1.0,0.0,1.0,0.0,0.0,0.01932249218225479,0.2422928661108017,0.0,0.06898411363363266,0.08872351795434952,0.11894485354423523,-1.8622502088546753,-1.8231016397476196,-1.763225793838501,0.0,1.0
571392,558,8,155.13788817934358,191.125,-0.00412528634769842,8.017297399044036,-1.2141626447439193,0.0020237706223269923,0.03115234375,0.9838227950036526,55.95809338092804,2.7013492584228516,6.192334175109863,23.03034782409668,40.64411163330078,20.328996658325195,41.66887664794922,0.9767879494410953,2.2291626930236816,155.8542938232422,0.925,1.0,0.0,1.0,0.0,0.0,0.0027663123328238726,0.2351260483264923,0.0,0.06780966371297836,0.08818003535270691,0.11918818205595016,-1.8645881414413452,-1.8241783380508423,-1.7627460956573486,0.0,1.0
572416,559,2,122.45282073774358,143.0,-0.0056873135850764815,3.2369736082851888,-1.216383621096611,0.006667095120064914,0.0581787109375,1.1209619238972663,30.197188568115234,0.8459028601646423,4.203763961791992,42.63189697265625,31.92682456970215,41.78599548339844,31.758604049682617,0.9826633497027446,2.6322851181030273,89.67919921875,0.925,1.0,0.0,1.0,0.0,0.0,0.0503428690135479,0.2417994886636734,0.0,0.06703229993581772,0.08797208219766617,0.11936333775520325,-1.866135835647583,-1.824600100517273,-1.7624006271362305,0.0,1.0
573440,560,6,201.6987930927445,204.33333333333334,-0.0039408225449733434,3.2218160405755043,-1.216760092973709,0.0043555870404816234,0.0649169921875,1.3305767953395844,29.43904824256897,0.5870310068130493,3.618975877761841,38.5024528503418,37.908668518066406,37.91542053222656,38.11680221557617,0.9908863076847187,2.742262601852417,75.23005676269531,0.95,1.0,0.0,1.0,0.0,0.0,0.05965619161725044,0.27079659700393677,0.0,0.0680265724658966,0.08809399604797363,0.119621641933918,-1.8641563653945923,-1.8243621587753296,-1.7618913650512695,0.0,1.0
574464,561,7,146.46679773269275,169.71428571428572,-0.004080518463160843,7.839708152413368,-1.218863958120346,0.003549380408367142,0.0610595703125,1.090956984460354,72.17269897460938,0.7166295647621155,6.531743049621582,27.990707397460938,40.35197448730469,27.274078369140625,41.307186126708984,0.9737983512536388,1.9365766048431396,230.26885986328125,0.95,1.0,0.0,1.0,0.0,0.0,0.059498291462659836,0.24830693006515503,0.0,0.06598874926567078,0.08697686344385147,0.1187349334359169,-1.8682137727737427,-1.8265756368637085,-1.7636398077011108,0.0,1.0
575488,562,4,132.81579838997055,162.0,-0.004250749084167183,4.319264118373394,-1.2262921392917634,0.004140485769312363,0.0458740234375,0.99537258669734,32.21610276699066,0.08139531314373016,4.7418718338012695,38.89570617675781,34.54884338378906,38.814308166503906,34.909114837646484,0.9811620960961702,2.2985517978668213,98.33642578125,0.975,1.0,0.0,1.0,0.0,0.0,0.009426561184227467,0.227003812789917,0.0,0.0639343410730362,0.08575990796089172,0.11751234531402588,-1.8723052740097046,-1.8289839029312134,-1.766051173210144,0.0,1.0
576512,563,7,169.68617590167352,198.14285714285714,-0.004926502628950402,2.4265498593449593,-1.2331633657217025,0.0060331607892294414,0.0497802734375,1.009999131411314,25.614798223972322,-0.7207051515579224,3.65905499458313,37.665008544921875,39.52505874633789,38.385711669921875,40.097259521484375,0.9914297648528774,2.5738539695739746,71.09595489501953,0.925,1.0,0.0,1.0,0.0,0.0,0.03392541781067848,0.2498152107000351,0.0,0.06326164305210114,0.08497685194015503,0.11632917076349258,-1.8736451864242554,-1.8305507898330688,-1.7683855295181274,0.0,1.0
577536,564,6,153.71584681623537,178.16666666666666,-0.005852961610071361,3.076863469183445,-1.2375150084495545,0.006036104648956098,0.0606689453125,1.038500900566578,33.05111874341965,1.4472492933273315,4.190347194671631,32.47014617919922,39.14121627807617,31.02289581298828,40.03334045410156,0.9885387651598052,2.5285987854003906,105.47631072998047,0.95,1.0,0.0,1.0,0.0,0.0,0.02882724441587925,0.23732337355613708,0.0,0.061509858816862106,0.0838611051440239,0.11583389341831207,-1.877135157585144,-1.8327699899673462,-1.7693628072738647,0.0,1.0
578560,565,6,166.90405817564553,188.16666666666666,-0.005949647910892963,12.519746196269988,-1.241736724972725,0.006992896254814696,0.0761962890625,1.1882755890488625,72.39727926254272,1.3988091945648193,7.876585006713867,23.06505584716797,39.11997985839844,21.666248321533203,41.182762145996094,0.9594604704931415,2.9850716590881348,202.2733612060547,0.975,1.0,0.0,1.0,0.0,0.0,0.012747886590659618,0.23739175498485565,0.0,0.06057271361351013,0.08400607109069824,0.11717983335256577,-1.879002571105957,-1.8324781656265259,-1.766707181930542,0.0,1.0
579584,566,3,138.76723912954924,167.66666666666666,-0.0018456276156939566,2.700417138636112,-1.2405734211206436,0.004943298970465549,0.0481201171875,1.337264560163021,31.259710669517517,-0.4563976526260376,3.9821321964263916,48.68561553955078,35.13315200805664,49.14201736450195,34.2148551940918,0.9871531353429205,2.96437931060791,125.9174575805664,1.0,1.0,0.0,1.0,0.0,0.0,0.0444272942841053,0.24787569046020508,0.0,0.059974998235702515,0.08395913243293762,0.11762061715126038,-1.8801935911178589,-1.832586646080017,-1.7658376693725586,0.0,1.0
580608,567,6,180.0333268080442,189.5,-0.00495965113514103,4.519270533323288,-1.2394158989191055,0.0036133612273260953,0.05029296875,1.3069270834326745,42.11883182525635,0.18743732571601868,5.051372051239014,35.14560317993164,38.92264175415039,34.958168029785156,40.47219467163086,0.9831572112320471,2.8132829666137695,141.443603515625,0.975,1.0,0.0,1.0,0.0,0.0,0.02103152871131897,0.22494816780090332,0.0,0.05925467237830162,0.08445180207490921,0.11836299300193787,-1.8816291093826294,-1.8316072225570679,-1.7643733024597168,0.0,1.0
581632,568,6,146.54430699943921,176.33333333333334,-0.005810712440870702,1.5394249998033047,-1.2383623391389846,0.004176215108600445,0.060888671875,1.0927198372781277,13.844592154026031,-0.37243038415908813,2.790158271789551,44.28493118286133,40.28424072265625,44.65736389160156,40.04877853393555,0.9952028044723702,2.2257771492004395,41.71072769165039,0.975,1.0,0.0,1.0,0.0,0.0,0.01800834946334362,0.2500940263271332,0.0,0.05906936526298523,0.08430889248847961,0.11816681176424026,-1.8819985389709473,-1.8318933248519897,-1.7647602558135986,0.0,1.0
582656,569,6,157.96443732493182,177.66666666666666,-0.0045969041937496515,5.68193641602993,-1.2388558983802795,0.0057099710902548395,0.0712646484375,1.0242943629622459,49.349260449409485,-0.23419909179210663,5.939637660980225,31.60883331298828,37.25912094116211,31.843034744262695,37.8519401550293,0.974587074221968,2.2574148178100586,141.26902770996094,0.975,1.0,0.0,1.0,0.0,0.0,0.0276667270809412,0.2422567754983902,0.0,0.0590846948325634,0.08426922559738159,0.1192791536450386,-1.8819679021835327,-1.8319727182388306,-1.7625666856765747,0.0,1.0
583680,570,6,177.67812464855876,203.83333333333334,-0.005255523714004085,4.318031258881092,-1.239296880364418,0.005717365797318052,0.0566650390625,1.1416120223701,38.209333992004396,1.8710471391677856,4.931910991668701,25.400352478027344,39.45903396606445,23.529306411743164,42.06769561767578,0.9843779653112584,2.4400241374969482,118.79618072509766,0.925,1.0,0.0,1.0,0.0,0.0,0.027218058705329895,0.23523128032684326,0.0,0.060166314244270325,0.08412817865610123,0.11839957535266876,-1.8798123598098755,-1.8322421312332153,-1.7643011808395386,0.0,1.0
584704,571,6,136.1792189149455,165.5,-0.0030928344815038143,6.920109540224075,-1.2428069502115249,0.003602815751219168,0.0450927734375,0.946372925490141,47.05405452251434,-0.6963093280792236,6.227520942687988,42.37358093261719,38.483734130859375,43.06989288330078,37.55485916137695,0.9738135909361095,2.0779967308044434,141.5678253173828,0.9,1.0,0.0,1.0,0.0,0.0,0.033534467220306396,0.2391536831855774,0.0,0.05942351743578911,0.0830497220158577,0.11647223681211472,-1.881292700767517,-1.8343769311904907,-1.7681032419204712,0.0,1.0
585728,572,2,199.59998118154004,190.5,-0.0025382561318110673,8.405657610297203,-1.2493119060993194,0.002572941215476021,0.0266357421875,1.0842395678162575,101.52472596168518,5.407461643218994,5.664123058319092,30.892677307128906,33.95989227294922,25.48521614074707,37.67737579345703,0.9721815592350985,2.031306028366089,329.2000732421875,1.0,1.0,0.0,1.0,0.0,0.0,0.05470680072903633,0.2485918253660202,0.0,0.05825517326593399,0.08203122764825821,0.11344383656978607,-1.8836212158203125,-1.83639657497406,-1.7740806341171265,0.0,1.0
586752,573,7,216.1426371993314,229.42857142857142,-0.005512385308975354,4.443041940033436,-1.2543243974447251,0.005071195821801666,0.06591796875,0.9762594029307365,37.68518636226654,1.5062693357467651,4.306427955627441,32.164485931396484,35.42478942871094,30.658218383789062,35.22440719604492,0.9852218572875378,1.935976505279541,104.14305877685547,1.0,1.0,0.0,1.0,0.0,0.0,0.04607072100043297,0.25078120827674866,0.0,0.0553646981716156,0.08129778504371643,0.11249399185180664,-1.8893835544586182,-1.83785879611969,-1.7759562730789185,0.0,1.0
587776,574,8,142.48066158461893,172.125,-0.00472902893088758,5.160532781481743,-1.256962674856186,0.007662019968847744,0.0646484375,1.1288741663098336,42.91923230886459,1.0912258625030518,5.512521743774414,26.89095687866211,39.344322204589844,25.79973030090332,40.17399215698242,0.9803692646708204,2.4890663623809814,141.19667053222656,0.975,1.0,0.0,1.0,0.0,0.0,0.02616799809038639,0.23703210055828094,0.0,0.053637877106666565,0.08135954290628433,0.11435545980930328,-1.892827033996582,-1.8377470970153809,-1.7722808122634888,0.0,1.0
588800,575,3,128.95088834420014,146.0,-0.0050770473200827835,2.5914549596607683,-1.2533644020557404,0.005810574637143873,0.056689453125,0.9228881932795048,26.18218536376953,0.4877028465270996,3.9817426204681396,42.27406692504883,32.70390701293945,41.78636169433594,32.08108139038086,0.9851766238066386,2.154330015182495,95.54458618164062,0.95,1.0,0.0,1.0,0.0,0.0,0.038261592388153076,0.23859773576259613,0.0,0.05314137414097786,0.08256126195192337,0.11664766818284988,-1.8938171863555908,-1.8353614807128906,-1.7677570581436157,0.0,1.0
589824,576,6,171.0710707589233,182.33333333333334,-0.005609692761208862,1.8432417295873165,-1.2472378104925155,0.002706843877967913,0.0618896484375,0.8815876185894013,21.50246649980545,-0.5657894611358643,3.2608916759490967,44.896453857421875,35.749229431152344,45.462242126464844,34.99362564086914,0.9916796904749409,1.4765710830688477,57.88640594482422,0.875,1.0,0.0,1.0,0.0,0.0,0.011494112201035023,0.2322731763124466,0.0,0.05263826251029968,0.08314543217420578,0.11723524332046509,-1.8948205709457397,-1.834215760231018,-1.766597867012024,0.0,1.0
590848,577,7,145.75210274923379,172.28571428571428,-0.003863197343889624,5.587635818123817,-1.2489228695631027,0.00364583536866121,0.0592041015625,0.8914384484291077,30.078282606601714,-0.4377443790435791,5.314416885375977,39.181358337402344,41.42631912231445,39.619102478027344,41.496864318847656,0.9835426997922134,1.6236512660980225,81.93428039550781,0.975,1.0,0.0,1.0,0.0,0.0,0.015478506684303284,0.23078253865242004,0.0,0.05242936313152313,0.08180738985538483,0.11490298062562943,-1.8952372074127197,-1.8368595838546753,-1.7712000608444214,0.0,1.0
591872,578,6,150.6674782770264,171.0,-0.004592989373486489,8.84706403017044,-1.255733934044838,0.005281721777282655,0.0552978515625,0.9788167968392372,48.212970638275145,-0.7868672013282776,6.496175765991211,35.94245910644531,38.01631546020508,36.72932434082031,38.097747802734375,0.9708004947666496,2.0531036853790283,140.3907470703125,0.85,1.0,0.0,1.0,0.0,0.0,0.0238503310829401,0.2181367129087448,0.0,0.05199150741100311,0.08146034926176071,0.11560744047164917,-1.8961105346679688,-1.8375587463378906,-1.7698097229003906,0.0,1.0
592896,579,6,151.60913769843717,170.66666666666666,-0.0045614954316988586,4.668603843450546,-1.2535034388303756,0.0055334053671685975,0.0633544921875,1.1364212237298488,31.161421704292298,0.16846561431884766,4.997321128845215,37.50486755371094,36.70802688598633,37.336402893066406,37.26397705078125,0.9814667150168717,2.8946657180786133,115.04325103759766,0.95,1.0,0.0,1.0,0.0,0.0,0.017111359164118767,0.2267608791589737,0.0,0.05277163162827492,0.08221336454153061,0.1164521723985672,-1.894554615020752,-1.836061954498291,-1.768142819404602,0.0,1.0
593920,580,5,167.55416229576548,198.0,-0.005670426541473717,3.5547823935747145,-1.2547879636287689,0.001331313005357515,0.0619384765625,1.033824336528778,42.35202248096466,2.428262710571289,4.301395416259766,32.32897186279297,41.31097412109375,29.900705337524414,42.71868896484375,0.9891585377563407,2.069864273071289,143.3169403076172,0.95,1.0,0.0,1.0,0.0,0.0,0.019561072811484337,0.23994313180446625,0.0,0.0505305714905262,0.08062844723463058,0.11554396897554398,-1.8990247249603271,-1.8392053842544556,-1.7699350118637085,0.0,1.0
594944,581,5,141.47778704788047,169.4,-0.005351953441277146,12.69372312426567,-1.2659794330596923,0.005706505026319064,0.065576171875,1.03625907599926,72.58870928287506,0.2302880734205246,7.683584690093994,29.260046005249023,38.57292556762695,29.029756546020508,40.121116638183594,0.9603208291002627,1.8361412286758423,199.70953369140625,0.925,1.0,0.0,1.0,0.0,0.0,0.021898634731769562,0.23869124054908752,0.0,0.050909459590911865,0.07893881946802139,0.11197204887866974,-1.8982689380645752,-1.8425508737564087,-1.7769871950149536,0.0,1.0
595968,582,5,202.16853090288237,191.8,-0.0044637361832428725,13.867310059070586,-1.2683654427528381,0.004591396982141305,0.043994140625,0.7972967319190503,40.65754060745239,-0.13945960998535156,7.50601863861084,35.729251861572266,35.00175857543945,35.868709564208984,38.07114791870117,0.9540125306449116,1.390305995941162,127.50786590576172,0.825,1.0,0.0,1.0,0.0,0.0,0.01387273520231247,0.2392762303352356,0.0,0.050808440893888474,0.07995574176311493,0.1123054027557373,-1.8984705209732056,-1.8405342102050781,-1.7763288021087646,0.0,1.0
596992,583,8,141.95937151893003,164.5,-0.0051564355846494435,15.816929551959038,-1.2656421601772307,0.004814494981837924,0.046728515625,0.7592598371207714,58.422891807556155,1.594198226928711,8.288832664489746,29.8085994720459,42.08687210083008,28.21440315246582,45.194454193115234,0.9612123577980911,1.5611968040466309,171.27394104003906,0.825,1.0,0.0,1.0,0.0,0.0,0.01969543844461441,0.2290380299091339,0.0,0.04941043257713318,0.07965511828660965,0.11168193072080612,-1.901259422302246,-1.8411248922348022,-1.7775602340698242,0.0,1.0
598016,584,5,161.92026119597665,177.6,-0.006145619886228815,5.686309903860092,-1.2670673668384551,0.005943892018694896,0.0668701171875,1.1895037166774274,48.455854296684265,3.087308883666992,4.8296332359313965,34.00423812866211,36.263160705566406,30.916927337646484,38.154457092285156,0.9822623140019622,2.5033071041107178,156.77146911621094,0.95,1.0,0.0,1.0,0.0,0.0,0.029330724850296974,0.24136537313461304,0.0,0.048646241426467896,0.07932937890291214,0.11394530534744263,-1.9027842283248901,-1.8417857885360718,-1.7730906009674072,0.0,1.0
599040,585,5,189.1263511310571,207.4,-0.003511297702789307,5.8575455993413925,-1.2696550071239472,0.0039012503388221377,0.041650390625,0.981979439407587,38.17067172527313,2.0915732383728027,4.942732810974121,41.77699279785156,33.53973388671875,39.685420989990234,32.738792419433594,0.978282238725653,2.096367359161377,115.18572235107422,0.925,1.0,0.0,1.0,0.0,0.0,0.03516392409801483,0.23409025371074677,0.0,0.04678492620587349,0.07908530533313751,0.11463643610477448,-1.9064983129501343,-1.8422781229019165,-1.7717262506484985,0.0,1.0
600064,586,5,207.4461464027567,213.2,-0.005416573258116841,4.071659916639328,-1.2723732382059096,0.004118568501144182,0.044921875,0.905046833306551,45.56126337051391,2.2586066722869873,4.383428573608398,24.57307243347168,35.32645034790039,22.314464569091797,36.13218307495117,0.9846032912614342,1.7017943859100342,159.2871551513672,0.95,1.0,0.0,1.0,0.0,0.0,0.02987430989742279,0.22730650007724762,0.0,0.04776165261864662,0.07793673127889633,0.11407546699047089,-1.904549241065979,-1.8445677757263184,-1.7728335857391357,0.0,1.0
601088,587,5,154.42504088154425,183.4,-0.004949574999045581,3.7602749064564707,-1.280594378709793,0.004947030781477224,0.0516845703125,0.9504087641835213,43.87384012937546,1.700833797454834,5.022003173828125,37.73814010620117,38.39678192138672,36.03730773925781,39.527339935302734,0.9828933752732854,2.0880346298217773,168.626220703125,1.0,1.0,0.0,1.0,0.0,0.0,0.016405876725912094,0.22715677320957184,0.0,0.048063285648822784,0.07680223137140274,0.11342538893222809,-1.903947353363037,-1.8468194007873535,-1.774117112159729,0.0,1.0
602112,588,4,155.86315657647665,174.0,-0.005062366335187108,5.432847210764885,-1.287263858318329,0.005286844306101557,0.0502197265625,0.8827023133635521,56.03556890487671,2.3261094093322754,5.367831707000732,29.12287712097168,30.70313262939453,26.796768188476562,32.10525894165039,0.9694344351899202,2.5306782722473145,177.1982421875,0.875,1.0,0.0,1.0,0.0,0.0,0.022163579240441322,0.21983903646469116,0.0,0.04821309819817543,0.07547880709171295,0.10928550362586975,-1.9036484956741333,-1.849434494972229,-1.7822949886322021,0.0,1.0
603136,589,8,182.7573142378213,208.75,-0.004255347151774913,2.2128398932516573,-1.2940918505191803,0.005350480586639605,0.0468505859375,0.92376878708601,27.17836775779724,1.633592128753662,3.440748929977417,29.877668380737305,39.88035583496094,28.244075775146484,41.0233039855957,0.9925563178812932,1.9757155179977417,110.5811538696289,0.825,1.0,0.0,1.0,0.0,0.0,0.02449897862970829,0.22223423421382904,0.0,0.047508303076028824,0.07454391568899155,0.10586471110582352,-1.9050548076629639,-1.851279616355896,-1.789057970046997,0.0,1.0
604160,590,5,143.74502669406866,173.4,-0.005280140083050356,5.85174740254879,-1.3004027783870697,0.007709485685336403,0.0646240234375,1.1202760934829712,49.91594433784485,2.0259246826171875,5.436722755432129,22.805843353271484,33.561893463134766,20.779918670654297,35.011348724365234,0.9737589377261839,1.8463407754898071,159.86032104492188,0.975,1.0,0.0,1.0,0.0,0.0,0.01282251626253128,0.21651268005371094,0.0,0.046653054654598236,0.07323676347732544,0.10464441776275635,-1.9067615270614624,-1.8538780212402344,-1.7914717197418213,0.0,1.0
605184,591,5,169.8057310251989,196.6,-0.004691726621240377,3.1147136077284814,-1.3083836674690246,0.0037217858771327883,0.046435546875,0.9127742797136307,35.374573016166686,1.946534276008606,4.1234846115112305,30.193143844604492,37.0257568359375,28.246610641479492,38.77229309082031,0.9875971673511146,2.560152530670166,129.1510467529297,0.925,1.0,0.0,1.0,0.0,0.0,0.02532353065907955,0.23065461218357086,0.0,0.04590006545186043,0.07201596349477768,0.10336237400770187,-1.9082642793655396,-1.8563041687011719,-1.7940082550048828,0.0,1.0
606208,592,5,133.2662629651606,165.2,-0.005049583147047088,4.208140201866627,-1.3153289645910262,0.007076496587251313,0.053515625,0.9615916714072228,37.40151946544647,2.934940814971924,4.677829742431641,46.03203582763672,39.62457275390625,43.09709548950195,40.3935546875,0.986063310010969,1.853532314300537,115.50096893310547,1.0,1.0,0.0,1.0,0.0,0.0,0.02103472501039505,0.23962447047233582,0.0,0.0464429147541523,0.07098985463380814,0.1016203910112381,-1.907180905342102,-1.858327031135559,-1.797455906867981,0.0,1.0
607232,593,7,209.2656678846725,222.57142857142858,-0.005680625746026635,7.45238721370697,-1.3153914541006089,0.006073066129465588,0.0616455078125,0.919479988515377,57.04915289878845,0.35003942251205444,6.199095249176025,33.4017333984375,38.791656494140625,33.05169677734375,38.06731414794922,0.9744624075617979,1.959887146949768,155.23216247558594,0.825,1.0,0.0,1.0,0.0,0.0,0.02890329621732235,0.23425351083278656,0.0,0.04737866297364235,0.0723673403263092,0.10194146633148193,-1.905313491821289,-1.8555927276611328,-1.7968204021453857,0.0,1.0
608256,594,3,170.71885836186416,193.0,-0.005000065418425947,1.8177002117037773,-1.3070479542016984,0.003931027458747849,0.04072265625,0.8587775371968747,21.519329035282134,1.4038854837417603,2.8792331218719482,36.82520294189453,33.77950668334961,35.42131423950195,33.213924407958984,0.9927348089578321,1.5784958600997925,70.40362548828125,0.875,1.0,0.0,1.0,0.0,0.0,0.01751771941781044,0.22713527083396912,0.0,0.050048425793647766,0.07321722060441971,0.10274070501327515,-1.8999866247177124,-1.8539034128189087,-1.7952384948730469,0.0,1.0
609280,595,6,170.6421869761186,195.0,-0.005211401084670797,2.5630491346120836,-1.3044695645570754,0.0038653017894830556,0.0632568359375,1.127054511755705,36.49506174325943,1.5194973945617676,3.8331058025360107,41.78812789916992,42.567081451416016,40.26863098144531,43.352909088134766,0.9918912499190454,2.8948214054107666,142.69921875,0.925,1.0,0.0,1.0,0.0,0.0,0.018146539106965065,0.2335357964038849,0.0,0.04950148984789848,0.07315643876791,0.10314234346151352,-1.9010777473449707,-1.8540253639221191,-1.7944437265396118,0.0,1.0
610304,596,3,168.1518748511688,198.0,-0.006963074894156307,8.800462791323662,-1.3071284860372543,0.007350729100289754,0.08642578125,1.0881204180419446,57.24498560428619,1.6413356065750122,6.622756481170654,40.18405532836914,38.6148567199707,38.542724609375,39.721351623535156,0.9705850132694336,1.8817543983459473,150.74659729003906,0.9,1.0,0.0,1.0,0.0,0.0,0.02613452635705471,0.23298221826553345,0.0,0.04783094674348831,0.07257552444934845,0.10408154129981995,-1.9044109582901,-1.855181336402893,-1.7925853729248047,0.0,1.0
611328,597,7,203.4887817673871,220.28571428571428,-0.005474644631613046,4.122579583525658,-1.3097377210855483,0.006610575140803121,0.062548828125,0.9965924672782421,39.134771728515624,1.4186601638793945,4.9638142585754395,34.92371368408203,42.50852584838867,33.50505065917969,43.21812057495117,0.9863642521116186,1.9527392387390137,123.87300872802734,0.925,1.0,0.0,1.0,0.0,0.0,0.03109285794198513,0.22811336815357208,0.0,0.04724421352148056,0.07224638760089874,0.10548996180295944,-1.9055818319320679,-1.8558450937271118,-1.7897992134094238,0.0,1.0
612352,598,3,144.11916675608634,170.66666666666666,-0.00416139395092614,21.92521963119507,-1.3111467599868774,0.005325244703271892,0.06396484375,1.0155438728630544,85.07743401527405,-0.935893714427948,9.671026229858398,43.797706604003906,42.986995697021484,44.73360061645508,43.12561798095703,0.9493859673084821,2.485560417175293,193.63064575195312,0.975,1.0,0.0,1.0,0.0,0.0,0.035135310143232346,0.21926933526992798,0.0,0.046946171671152115,0.07222381979227066,0.10621754825115204,-1.9061765670776367,-1.8559008836746216,-1.7883602380752563,0.0,1.0
613376,599,6,192.89538889210363,205.33333333333334,-0.0036859775078482925,13.466711926460267,-1.3110278725624085,0.00526901053963229,0.051904296875,0.9457467317581176,43.18645792007446,0.10150805115699768,7.229811191558838,47.087100982666016,36.77241897583008,46.985591888427734,37.89069747924805,0.9613446638068612,1.6493759155273438,131.54591369628906,0.875,1.0,0.0,1.0,0.0,0.0,0.016824493184685707,0.21672095358371735,0.0,0.04743087664246559,0.07212357968091965,0.10615425556898117,-1.9052093029022217,-1.8560916185379028,-1.7884854078292847,0.0,1.0
614400,600,5,203.1602097484787,219.8,-0.006053417318616994,4.43925606161356,-1.3134835630655288,0.00597470722568687,0.0593994140625,0.944171479344368,35.938827180862425,1.3224830627441406,4.936453819274902,40.892799377441406,38.71039962768555,39.570316314697266,39.12360763549805,0.9837379661506553,2.043889284133911,129.4395294189453,0.925,1.0,0.0,1.0,0.0,0.0,0.02265973575413227,0.2142806202173233,0.0,0.04583893343806267,0.07137192785739899,0.10805555433034897,-1.90838623046875,-1.8575974702835083,-1.7847261428833008,0.0,1.0
615424,601,5,183.8321272127228,199.4,-0.00596636205445975,5.916151098906994,-1.31859110891819,0.002619849122129381,0.060595703125,0.9433904901146889,47.88607366085053,1.2351272106170654,5.422264099121094,32.80119323730469,39.688865661621094,31.56606674194336,40.758216857910156,0.9813351730343426,1.8571627140045166,146.52818298339844,0.975,1.0,0.0,1.0,0.0,0.0,0.018703676760196686,0.2205464243888855,0.0,0.04484954848885536,0.07037807255983353,0.10777781903743744,-1.9103610515594482,-1.859582543373108,-1.7852751016616821,0.0,1.0
616448,602,4,176.02394577645185,204.5,-0.004748242418281734,2.109619881212711,-1.32174511551857,0.005667240463662892,0.0550048828125,1.0094894476234912,25.51652854681015,1.950479507446289,3.0113885402679443,48.72193145751953,38.04398727416992,46.77145004272461,38.94034194946289,0.9937344154440311,2.257195472717285,94.14204406738281,0.95,1.0,0.0,1.0,0.0,0.0,0.03153104707598686,0.2486351579427719,0.0,0.044943686574697495,0.07069902867078781,0.10882964730262756,-1.9101730585098267,-1.8589521646499634,-1.783195972442627,0.0,1.0
617472,603,6,177.52283242653576,193.66666666666666,-0.005888127768412232,3.82392518222332,-1.3225789219141006,0.010233624704414978,0.0657470703125,1.0270664758980275,28.109889698028564,-0.8490782380104065,4.207024097442627,41.70525360107422,42.262474060058594,42.5543327331543,41.24937438964844,0.9900907631334105,2.2259347438812256,98.22622680664062,0.95,1.0,0.0,1.0,0.0,0.0,0.018279384821653366,0.24316458404064178,0.0,0.044047094881534576,0.06965544819831848,0.10813669115304947,-1.9119627475738525,-1.8610345125198364,-1.7845656871795654,0.0,1.0
618496,604,6,169.65813986980052,184.16666666666666,-0.005911998893134296,10.35061696767807,-1.3252930283546447,0.005896436395414639,0.0741943359375,0.946768156439066,68.46089699268342,-1.6960614919662476,6.798746109008789,48.26026153564453,35.56148910522461,49.95632553100586,34.30363082885742,0.9634491264909486,1.9894932508468628,180.1959991455078,0.9,1.0,0.0,1.0,0.0,0.0,0.011770650744438171,0.2355441451072693,0.0,0.04529428854584694,0.07015003263950348,0.11020387709140778,-1.9094732999801636,-1.8600507974624634,-1.780480146408081,0.0,1.0
619520,605,6,177.78773708177036,206.66666666666666,-0.005077548691770062,5.409757415950298,-1.3252600729465485,0.002799023287661839,0.0592529296875,1.0701629988849164,40.28370153903961,0.8929523825645447,5.310760498046875,27.1882381439209,37.3379020690918,26.295286178588867,38.48719024658203,0.979769175578868,2.4590015411376953,135.87808227539062,0.95,1.0,0.0,1.0,0.0,0.0,0.01929686963558197,0.23328648507595062,0.0,0.041131023317575455,0.06911062449216843,0.11172062158584595,-1.917784333229065,-1.8621444702148438,-1.7774837017059326,0.0,1.0
620544,606,5,134.7754670598639,162.0,-0.005792865285184234,2.4756851598620413,-1.3305173635482788,0.007401311566354707,0.0702392578125,0.8519368305802345,21.303117501735688,0.2623997926712036,3.8596031665802,44.11802291870117,41.643089294433594,43.855621337890625,40.94454574584961,0.9914098766823649,1.3767515420913696,53.93113708496094,0.875,1.0,0.0,1.0,0.0,0.0,0.021524198353290558,0.23082685470581055,0.0,0.0398867167532444,0.06900463253259659,0.11278604716062546,-1.9202688932418823,-1.8623625040054321,-1.7753795385360718,0.0,1.0
621568,607,5,164.68268545798477,182.2,-0.0030846801470033824,3.566736725717783,-1.3293857038021089,0.0036843272391706705,0.0345458984375,1.022146963328123,34.10652443170547,0.6016412973403931,4.706782817840576,33.343650817871094,33.990970611572266,32.742008209228516,33.11894226074219,0.9808256263153065,2.14864444732666,127.97378540039062,0.95,1.0,0.0,1.0,0.0,0.0,0.03133980929851532,0.23089799284934998,0.0,0.04064906761050224,0.06938149780035019,0.11400024592876434,-1.9187465906143188,-1.8616100549697876,-1.772982120513916,0.0,1.0
622592,608,6,176.46259266908893,193.83333333333334,-0.005565183726139367,1.4889070130884647,-1.327532520890236,0.004772597385453992,0.0472900390625,1.0224983155727387,25.86283357143402,0.6565262079238892,3.2898571491241455,47.31859588623047,45.812564849853516,46.662071228027344,46.953041076660156,0.994843145553542,2.0762617588043213,90.01432037353516,0.925,1.0,0.0,1.0,0.0,0.0,0.01922527514398098,0.2518690526485443,0.0,0.03973408415913582,0.06939239054918289,0.1130589172244072,-1.9205735921859741,-1.8615878820419312,-1.7748407125473022,0.0,1.0
623616,609,7,165.9822652697404,189.42857142857142,-0.005139497679192573,5.539564234018326,-1.3295898497104646,0.0032364382364903576,0.061572265625,0.9390721842646599,28.013395404815675,-0.7797528505325317,4.947843551635742,34.51862716674805,35.96583938598633,35.298377990722656,35.14712142944336,0.9810743165352147,2.148188352584839,75.53905487060547,0.925,1.0,0.0,1.0,0.0,0.0,0.01756858639419079,0.22589915990829468,0.0,0.040955714881420135,0.06872548907995224,0.1109091192483902,-1.918134331703186,-1.8629035949707031,-1.7790868282318115,0.0,1.0
624640,610,5,146.6185075534135,165.0,-0.0050501270568929614,3.8455674782395364,-1.333682268857956,0.003489067441842053,0.038427734375,0.9054955698549747,39.70750267505646,-1.0264984369277954,4.813961029052734,38.90823745727539,40.75333786010742,39.93473434448242,41.02919387817383,0.9860466412797599,1.6911321878433228,123.99446105957031,0.9,1.0,0.0,1.0,0.0,0.0,0.0286964550614357,0.23939363658428192,0.0,0.040454454720020294,0.06829831749200821,0.10992757976055145,-1.9191352128982544,-1.8637489080429077,-1.7810261249542236,0.0,1.0
625664,611,4,154.4149871813071,182.0,-0.004521506209857762,1.4572593074291944,-1.3373383462429047,0.004126376289059408,0.0322509765625,0.934412057697773,32.37808231115341,0.8847701549530029,3.1725194454193115,32.22800064086914,33.24631881713867,31.343231201171875,34.89689636230469,0.990894129230248,1.8551353216171265,111.90572357177734,0.95,1.0,0.0,1.0,0.0,0.0,0.02118646912276745,0.2264060080051422,0.0,0.03765289857983589,0.06686010211706161,0.10798134654760361,-1.924729824066162,-1.8666006326675415,-1.7848727703094482,0.0,1.0
626688,612,8,157.93202183276145,189.75,-0.006654761382378638,2.385675512254238,-1.3453264981508255,0.006279629707569257,0.0824951171875,1.133930569142103,24.229318583011626,1.0370782613754272,3.6929144859313965,34.4207878112793,45.015132904052734,33.38371276855469,46.18911361694336,0.9932699020349224,2.1001715660095215,88.69651794433594,0.975,1.0,0.0,1.0,0.0,0.0,0.023637065663933754,0.23805825412273407,0.0,0.03688588738441467,0.06634531170129776,0.10813023149967194,-1.9262616634368896,-1.8676332235336304,-1.7845784425735474,0.0,1.0
627712,613,5,150.10006113172764,175.0,-0.006652132503222674,4.7227089434862135,-1.3455708175897598,0.010440011009632145,0.07880859375,1.0201345421373844,40.26655554771423,-0.756994903087616,5.08711051940918,30.557626724243164,40.34803009033203,31.314620971679688,40.6207160949707,0.9841036386122093,1.8216047286987305,148.80650329589844,0.95,1.0,0.0,1.0,0.0,0.0,0.01541716605424881,0.2290075421333313,0.0,0.037112072110176086,0.06672581285238266,0.10788721591234207,-1.9258098602294922,-1.8668783903121948,-1.785058856010437,0.0,1.0
628736,614,5,153.19151684008122,176.2,-0.005840513989096507,19.867625296115875,-1.343124458193779,0.006636947515653446,0.0785400390625,1.0696199044585228,87.48248991966247,-2.802906036376953,9.188718795776367,43.432838439941406,38.165889739990234,46.235740661621094,38.903358459472656,0.9420359060013248,1.8747702836990356,255.76551818847656,0.95,1.0,0.0,1.0,0.0,0.0,0.01819300651550293,0.235011026263237,0.0,0.03694157302379608,0.06685416400432587,0.10823464393615723,-1.9261504411697388,-1.866618037223816,-1.784372091293335,0.0,1.0
629760,615,6,138.58467549029143,173.5,-0.00622136133024469,3.211001555621624,-1.3425856083631516,0.007195703969046008,0.0666748046875,1.0019042789936066,33.88531502485275,2.170893669128418,4.020765781402588,30.887380599975586,35.90510177612305,28.716487884521484,37.46196365356445,0.98745977583625,1.989701509475708,121.52469635009766,0.85,1.0,0.0,1.0,0.0,0.0,0.03531775623559952,0.24721772968769073,0.0,0.03863128647208214,0.06718411296606064,0.1076008751988411,-1.9227758646011353,-1.865956425666809,-1.7856249809265137,0.0,1.0
630784,616,5,181.1376744994531,205.2,-0.005099091277224943,4.85865321457386,-1.3465818017721176,0.004784886416746304,0.0557861328125,0.8689537532627583,34.62132898569107,1.3215763568878174,5.246694087982178,31.720943450927734,42.23738479614258,30.399370193481445,43.0567626953125,0.9845695928539855,1.5493059158325195,120.96414947509766,0.95,1.0,0.0,1.0,0.0,0.0,0.02073253132402897,0.2515620291233063,0.0,0.03735670819878578,0.06483439356088638,0.10402791202068329,-1.925321340560913,-1.8706294298171997,-1.7926914691925049,0.0,1.0
631808,617,6,140.97425102012616,164.33333333333334,-0.004253098682966083,2.2686673745512964,-1.3541191816329956,0.0049755590676795695,0.04326171875,0.8848976954817772,26.367105221748353,0.37100327014923096,3.80291485786438,37.50806427001953,38.57539749145508,37.137062072753906,38.11909103393555,0.9902812060793879,1.4068318605422974,76.63838958740234,1.0,1.0,0.0,1.0,0.0,0.0,0.02635573409497738,0.24879367649555206,0.0,0.038283608853816986,0.06561125069856644,0.10663879662752151,-1.923470139503479,-1.8690948486328125,-1.7875272035598755,0.0,1.0
632832,618,4,176.2110231288141,195.5,-0.0029597953427582977,2.1120352134108544,-1.346644750237465,0.0019009843934327364,0.021826171875,0.9941500276327133,29.645185923576356,0.4675537645816803,3.7406160831451416,44.47840881347656,39.71298599243164,44.01085662841797,40.83896255493164,0.9911280068681839,1.8679996728897095,105.99055480957031,0.925,1.0,0.0,1.0,0.0,0.0,0.026712829247117043,0.23503676056861877,0.0,0.039008691906929016,0.06677238643169403,0.1089082881808281,-1.9220221042633057,-1.866787075996399,-1.7830405235290527,0.0,1.0
633856,619,5,213.22267799769526,223.8,-0.00604347646003589,5.883684292435646,-1.3437075734138488,0.008522069397440647,0.06865234375,1.1571257621049882,52.10062143802643,2.866562843322754,5.6030778884887695,29.036970138549805,37.35161209106445,26.17041015625,40.547271728515625,0.9774973005824478,2.1250617504119873,202.3686065673828,1.0,1.0,0.0,1.0,0.0,0.0,0.022756407037377357,0.24713566899299622,0.0,0.03994212672114372,0.06655345112085342,0.1078406348824501,-1.9201581478118896,-1.867214322090149,-1.7851510047912598,0.0,1.0
634880,620,8,161.6589531273149,191.5,-0.0056288211897481235,1.6480104237794877,-1.348573413491249,0.00640332878974732,0.0567626953125,0.9125749200582505,16.941847264766693,-0.28692591190338135,2.8715813159942627,34.763023376464844,39.5677604675293,35.049949645996094,39.31733322143555,0.9947330494388563,1.7133013010025024,46.77301025390625,0.875,1.0,0.0,1.0,0.0,0.0,0.019360696896910667,0.24650134146213531,0.0,0.03892845660448074,0.06502892076969147,0.10474914312362671,-1.9221824407577515,-1.8702354431152344,-1.791264533996582,0.0,1.0
635904,621,5,131.9043212857304,159.2,-0.0054074676474556325,3.45961781591177,-1.3539267361164093,0.008628684212453663,0.07919921875,1.0581462368369103,29.348525750637055,0.6085730195045471,4.577890872955322,37.466644287109375,38.02143096923828,36.85806655883789,38.1943359375,0.9855031366673949,2.849246025085449,86.25511169433594,0.9,1.0,0.0,1.0,0.0,0.0,0.015360432676970959,0.22273574769496918,0.0,0.039290547370910645,0.06519042700529099,0.10208961367607117,-1.9214593172073364,-1.8699029684066772,-1.7965271472930908,0.0,1.0
636928,622,4,198.24143103977423,214.75,-0.005171174323186279,2.6570320405066012,-1.3489910781383514,0.00475075765280053,0.0639404296875,1.057662419974804,39.050185000896455,2.6300110816955566,3.704261302947998,38.012939453125,40.51967239379883,35.38292694091797,42.15697479248047,0.9916425966950296,1.8403329849243164,123.77289581298828,1.0,1.0,0.0,1.0,0.0,0.0,0.022511260583996773,0.2177565097808838,0.0,0.04271066188812256,0.0664864107966423,0.10213611274957657,-1.9146305322647095,-1.867319941520691,-1.7964351177215576,0.0,1.0
637952,623,6,181.62347802314423,197.66666666666666,-0.0064988957397872586,8.687789699435234,-1.3424335807561874,0.005213008847204037,0.0631591796875,0.8247559845447541,48.835724759101865,-0.4754240810871124,6.589846611022949,47.627723693847656,40.28804397583008,48.1031494140625,38.39429473876953,0.9732454078621244,1.3755861520767212,157.95339965820312,0.875,1.0,0.0,1.0,0.0,0.0,0.025345129892230034,0.2369976043701172,0.0,0.043820686638355255,0.06746897846460342,0.10432521998882294,-1.9124146699905396,-1.8653653860092163,-1.7921032905578613,0.0,1.0
638976,624,7,193.02298059758846,202.85714285714286,-0.00524288562592119,6.152483235299587,-1.3401813566684724,0.005622046247299295,0.07265625,1.0605506300926208,43.39304401874542,1.4761977195739746,6.01650857925415,26.755958557128906,39.04927444458008,25.279760360717773,40.49848937988281,0.9762609584815696,1.9778443574905396,132.08265686035156,0.95,1.0,0.0,1.0,0.0,0.0,0.0171747375279665,0.23860664665699005,0.0,0.04453970119357109,0.06677096337080002,0.10278573632240295,-1.9109795093536377,-1.8667560815811157,-1.7951494455337524,0.0,1.0
640000,625,3,83.47306200273005,124.0,-0.00538915321812965,6.474729844927788,-1.3421380341053009,0.005043775749800261,0.0482421875,0.9584681458771229,52.27674851417542,-0.8674845099449158,5.991119384765625,39.97212219238281,36.83420181274414,40.83960723876953,35.94200134277344,0.9735446508892643,1.481130838394165,176.196044921875,0.95,1.0,0.0,1.0,0.0,0.0,0.024669865146279335,0.2326933890581131,0.0,0.04764772206544876,0.06750606000423431,0.10324825346469879,-1.9047765731811523,-1.8652828931808472,-1.7942341566085815,0.0,1.0
641024,626,6,181.93168393938174,202.33333333333334,-0.0056356920162215825,2.8348177284002305,-1.3388637572526931,0.0031386971691972575,0.054296875,1.0025483936071395,33.427464592456815,-0.46412307024002075,4.362712860107422,49.18456268310547,37.79365539550781,49.648681640625,37.36732864379883,0.9866747455216284,1.9129451513290405,148.61865234375,1.0,1.0,0.0,1.0,0.0,0.0,0.023847118020057678,0.22460171580314636,0.0,0.048950761556625366,0.06727626919746399,0.1024966686964035,-1.9021766185760498,-1.8657426834106445,-1.7957215309143066,0.0,1.0
642048,627,6,159.12653550094527,192.83333333333334,-0.0038843269110657276,8.67176183462143,-1.3443794965744018,0.0064425282005686315,0.0544677734375,0.935973945260048,62.693087339401245,1.2718428373336792,6.906783103942871,22.669750213623047,39.036720275878906,21.397907257080078,40.991905212402344,0.9686956302093082,2.123661994934082,202.60906982421875,0.925,1.0,0.0,1.0,0.0,0.0,0.022780457511544228,0.22052116692066193,0.0,0.04880134388804436,0.06582147628068924,0.09899070113897324,-1.9024747610092163,-1.8686202764511108,-1.80266273021698,0.0,1.0
643072,628,4,154.2051858158143,167.5,-0.006716969329863787,9.491495403647424,-1.348486176133156,0.004153220693115145,0.06669921875,0.8342555895447731,51.78769371509552,-0.5396196842193604,6.6531853675842285,30.18132972717285,38.5312614440918,30.720949172973633,40.634761810302734,0.9701851370925971,1.2501806020736694,158.578857421875,0.9,1.0,0.0,1.0,0.0,0.0,0.02556326799094677,0.22800779342651367,0.0,0.0478176549077034,0.06617724895477295,0.09885705262422562,-1.90443754196167,-1.8679193258285522,-1.8029274940490723,0.0,1.0
644096,629,7,133.70055287156288,169.57142857142858,-0.004830252670217305,1.9243277922272681,-1.3447892993688584,0.002386330314038787,0.0347900390625,0.9680034309625626,22.612586438655853,-0.7323509454727173,3.3239307403564453,46.250179290771484,41.2061767578125,46.9825325012207,42.27042007446289,0.9934930228265838,2.167970895767212,69.93053436279297,0.9,1.0,0.0,1.0,0.0,0.0,0.02574308216571808,0.2364654392004013,0.0,0.05035682022571564,0.06669703871011734,0.09869548678398132,-1.8993713855743408,-1.8668732643127441,-1.8032474517822266,0.0,1.0
645120,630,6,163.3551208872107,189.5,-0.003996153781190515,17.11866890192032,-1.3458385586738586,0.005199425874161534,0.049072265625,0.9752655640244484,54.62661874294281,-0.874017596244812,8.279083251953125,34.54313659667969,37.886024475097656,35.41715621948242,38.354854583740234,0.9522463598542121,1.888004183769226,158.76272583007812,1.0,1.0,0.0,1.0,0.0,0.0,0.028306549414992332,0.2320638746023178,0.0,0.05068257451057434,0.06609586626291275,0.09579569846391678,-1.8987215757369995,-1.8680671453475952,-1.8089925050735474,0.0,1.0
646144,631,5,164.27473034186497,192.2,-0.006469844357343391,2.958473291248083,-1.3502342611551286,0.0021417604773887435,0.0664794921875,1.0655769020318986,33.05490223169327,1.203566551208496,4.334921836853027,35.33331298828125,38.26719284057617,34.12974548339844,39.89440155029297,0.9871675578844725,2.1876299381256104,115.89439392089844,0.925,1.0,0.0,1.0,0.0,0.0,0.0287062618881464,0.22748646140098572,0.0,0.049319103360176086,0.06497717648744583,0.09518706053495407,-1.9014416933059692,-1.8702930212020874,-1.8101987838745117,0.0,1.0
647168,632,6,175.40424962642032,194.0,-0.006151558493729681,3.597665789723396,-1.3558696895837783,0.007213555637281388,0.0611083984375,0.9360574647784233,29.835591745376586,0.7957959771156311,4.1082329750061035,30.203128814697266,38.85908889770508,29.407333374023438,39.942779541015625,0.9888230076769475,1.7659833431243896,84.66189575195312,0.975,1.0,0.0,1.0,0.0,0.0,0.019873686134815216,0.21546047925949097,0.0,0.05004897713661194,0.06445351988077164,0.09196320921182632,-1.8999855518341064,-1.8713198900222778,-1.8165903091430664,0.0,1.0
648192,633,5,138.41670814303652,169.6,-0.003969437524210662,3.828152909874916,-1.3574573129415513,0.0038211083578062245,0.0387939453125,0.9083546712994576,50.45687565803528,0.9008486866950989,5.370632648468018,39.89793014526367,38.50197982788086,38.9970817565918,39.27488708496094,0.9805425979273148,1.9537585973739624,173.41787719726562,0.925,1.0,0.0,1.0,0.0,0.0,0.029651306569576263,0.23803400993347168,0.0,0.05145692080259323,0.06431073695421219,0.08969984203577042,-1.8971768617630005,-1.8715986013412476,-1.821079969406128,0.0,1.0
649216,634,4,237.91747909539959,239.25,-0.00464144533034414,20.185369992256163,-1.3607495695352554,0.0038807653487310744,0.06845703125,0.9831608295440674,128.93664231300355,1.9730210304260254,11.114509582519531,35.99028015136719,42.06754684448242,34.01726150512695,46.493499755859375,0.9301950354389474,2.1281378269195557,495.2254638671875,0.925,1.0,0.0,1.0,0.0,0.0,0.029513105750083923,0.2321707159280777,0.0,0.04955967888236046,0.06311003118753433,0.08921830356121063,-1.9009617567062378,-1.873995304107666,-1.822035312652588,0.0,1.0
650240,635,6,156.46430946868605,168.33333333333334,-0.004918885265942663,6.5011403009295465,-1.3669776052236557,0.0038236669468460606,0.0498046875,0.9964807078242301,48.534447002410886,0.1384221911430359,5.87845516204834,38.43922805786133,34.57466506958008,38.30080795288086,35.086769104003906,0.9710925073541855,1.9243663549423218,131.72216796875,0.925,1.0,0.0,1.0,0.0,0.0,0.023127296939492226,0.2315238118171692,0.0,0.04836422950029373,0.06272387504577637,0.0884445384144783,-1.9033468961715698,-1.8747597932815552,-1.823570728302002,0.0,1.0
651264,636,7,185.42234654374775,199.0,-0.00486563517479226,5.050179828703404,-1.3695597112178803,0.002387516359158326,0.0466064453125,1.0802591294050217,42.58175150156021,2.270148754119873,5.518037796020508,33.29573440551758,42.628257751464844,31.02558135986328,45.179100036621094,0.983243852477474,1.6763205528259277,128.2618865966797,1.0,1.0,0.0,1.0,0.0,0.0,0.02899256907403469,0.23907500505447388,0.0,0.04790052771568298,0.06162354722619057,0.0868823230266571,-1.904272198677063,-1.8769550323486328,-1.8266712427139282,0.0,1.0
652288,637,5,131.7178078400074,156.0,-0.0045810353476554155,7.414849558472634,-1.3770343601703643,0.0031456435943255203,0.05986328125,0.998414085060358,43.3048835515976,-0.3536933660507202,5.729046821594238,35.71773147583008,38.750919342041016,36.07142639160156,38.284263610839844,0.9781424884244905,2.3638980388641357,130.08323669433594,0.95,1.0,0.0,1.0,0.0,0.0,0.018848134204745293,0.2372811883687973,0.0,0.04712473601102829,0.060877639800310135,0.08571843802928925,-1.9058202505111694,-1.8784345388412476,-1.8289817571640015,0.0,1.0
653312,638,5,170.7439792146596,189.4,-0.004574848024640232,3.7485482171177864,-1.3761284738779067,0.006659487022261601,0.0572509765625,0.9552277356386185,28.637773704528808,0.25013214349746704,4.410144805908203,45.11328887939453,38.4416618347168,44.86315155029297,37.90520477294922,0.9868386212887148,1.980579137802124,91.16860961914062,0.9,1.0,0.0,1.0,0.0,0.0,0.015112494118511677,0.23500744998455048,0.0,0.047109946608543396,0.061923593282699585,0.0868888795375824,-1.9058496952056885,-1.8763569593429565,-1.8266582489013672,0.0,1.0
654336,639,7,178.38360441495774,193.57142857142858,-0.007029780923039653,3.4487559124827385,-1.3720407336950302,0.004024856444448233,0.0759521484375,0.9809698738157749,27.175749588012696,0.968456506729126,4.148347854614258,36.26325988769531,41.28872299194336,35.2947998046875,41.07872009277344,0.9899054400023753,1.775913953781128,90.45771789550781,0.925,1.0,0.0,1.0,0.0,0.0,0.026404330506920815,0.24377095699310303,0.0,0.04659169167280197,0.0617675743997097,0.0864630788564682,-1.906883955001831,-1.8766621351242065,-1.8275034427642822,0.0,1.0
655360,640,5,158.75457748748403,163.2,-0.006124162836931646,7.378323271870613,-1.3770501077175141,0.005588680504297372,0.06796875,0.871140867471695,46.208923029899594,-1.1994855403900146,5.975914001464844,36.79561233520508,35.76601028442383,37.99509811401367,35.68235397338867,0.9720830684651164,1.5674896240234375,136.72134399414062,0.975,1.0,0.0,1.0,0.0,0.0,0.01857236959040165,0.24030523002147675,0.0,0.04452405497431755,0.06028939411044121,0.08682254701852798,-1.9110107421875,-1.8796075582504272,-1.8267898559570312,0.0,1.0
656384,641,5,151.32900290554525,171.2,-0.0052553083747625354,1.3392651833593845,-1.3845199435949325,0.005392988922540099,0.0566650390625,1.1288488812744617,18.72841438651085,0.5431327819824219,2.993896722793579,40.99053192138672,37.14122009277344,40.44739532470703,38.33455276489258,0.9935022762118854,1.7869248390197754,61.35041809082031,0.95,1.0,0.0,1.0,0.0,0.0,0.024312840774655342,0.23655572533607483,0.0,0.04340755194425583,0.05956330895423889,0.0865580141544342,-1.9132393598556519,-1.8810642957687378,-1.827315092086792,0.0,1.0
657408,642,6,155.7108454905775,189.16666666666666,-0.006240279646590352,6.4946656078100204,-1.3898274898529053,0.006400679622311145,0.0658203125,0.9771134451031684,44.307422280311584,1.4995596408843994,5.469151020050049,31.451622009277344,45.077423095703125,29.952064514160156,47.52547836303711,0.985279528653162,1.9750444889068604,145.52023315429688,0.925,1.0,0.0,1.0,0.0,0.0,0.021579131484031677,0.24127505719661713,0.0,0.04138137027621269,0.0581040121614933,0.08483513444662094,-1.9172844886779785,-1.8839712142944336,-1.8307355642318726,0.0,1.0
658432,643,4,150.25298536623407,171.5,-0.004811384611821267,4.847185327112674,-1.396873164176941,0.0050093208526959645,0.05693359375,0.8708598993718624,51.46067156791687,1.407664179801941,5.710702419281006,25.1687068939209,34.53043746948242,23.76104164123535,36.612850189208984,0.9726488948886138,1.5407514572143555,160.3114776611328,0.925,1.0,0.0,1.0,0.0,0.0,0.008256363682448864,0.23359525203704834,0.0,0.04187105968594551,0.05769159272313118,0.08358031511306763,-1.916306734085083,-1.8847888708114624,-1.833227515220642,0.0,1.0
659456,644,6,179.2647349092916,197.0,-0.004935394576750696,2.7860052093863485,-1.3982140451669693,0.006750440085306763,0.0541259765625,1.0180995777249335,27.50474659204483,1.1224087476730347,4.100634574890137,30.56062889099121,36.4476318359375,29.43821907043457,38.036842346191406,0.9873420487260116,2.1233785152435303,89.8056411743164,1.0,1.0,0.0,1.0,0.0,0.0,0.014803807251155376,0.24778805673122406,0.0,0.04154709354043007,0.05726982280611992,0.08350244909524918,-1.9169535636901855,-1.8856321573257446,-1.8333821296691895,0.0,1.0
660480,645,7,142.05289371594932,171.57142857142858,-0.005399314413079992,1.6652675233781338,-1.4016090363264084,0.005543459662294481,0.0661865234375,1.1617691844701767,24.553446316719054,1.7118237018585205,2.911245346069336,35.78083419799805,40.67250442504883,34.069007873535156,41.66032028198242,0.9948766291310752,2.3501203060150146,90.8777847290039,1.0,1.0,0.0,1.0,0.0,0.0,0.023850813508033752,0.23068007826805115,0.0,0.03861730173230171,0.05658707022666931,0.08362424373626709,-1.9228037595748901,-1.8869870901107788,-1.833140254020691,0.0,1.0
661504,646,5,128.81478171298903,164.4,-0.004987177989096381,4.011592248082161,-1.403409007191658,0.005191224566078745,0.052392578125,1.0758919805288314,45.328804314136505,0.23598527908325195,5.086548805236816,27.59251594543457,35.10902404785156,27.356529235839844,35.62448501586914,0.9790101680348562,2.1812164783477783,171.83404541015625,1.0,1.0,0.0,1.0,0.0,0.0,0.013716284185647964,0.22248297929763794,0.0,0.0396016426384449,0.05719168111681938,0.08485604077577591,-1.9208381175994873,-1.8857847452163696,-1.8306940793991089,0.0,1.0
662528,647,7,171.03343754232995,194.85714285714286,-0.003806678857654333,1.60451081097126,-1.3985821664333344,0.004304885529563762,0.0337646484375,1.0289057925343514,16.846830689907073,0.053362492471933365,2.954915761947632,40.775306701660156,37.44041442871094,40.72194290161133,37.09656524658203,0.9937711350339896,1.6347990036010742,47.03403854370117,0.975,1.0,0.0,1.0,0.0,0.0,0.015136398375034332,0.23398660123348236,0.0,0.03927002474665642,0.05759130045771599,0.085895836353302,-1.921500325202942,-1.8849955797195435,-1.8286296129226685,0.0,1.0
663552,648,4,161.84562021879344,195.25,-0.005155476764775813,4.717528827488422,-1.4003114700317383,0.007065519798197783,0.062109375,1.1330948516726493,38.18872090578079,1.5971033573150635,4.994434833526611,27.445892333984375,36.41119384765625,25.84878921508789,37.727752685546875,0.9811850573757166,2.1713223457336426,128.49436950683594,0.975,1.0,0.0,1.0,0.0,0.0,0.006923124194145203,0.22630420327186584,0.0,0.03692438453435898,0.05686451494693756,0.08688685297966003,-1.9261847734451294,-1.8864489793777466,-1.826662302017212,0.0,1.0
664576,649,6,150.41307185139485,177.83333333333334,-0.005863605684135109,2.3330543115735054,-1.4014819383621215,0.0049699008101015355,0.04853515625,0.8060763493180275,20.77258667945862,0.7099708318710327,3.71752667427063,46.72438049316406,37.22538757324219,46.01441192626953,36.114837646484375,0.9900269084347226,1.5350486040115356,68.62944030761719,0.9,1.0,0.0,1.0,0.0,0.0,0.02207140624523163,0.2426934689283371,0.0,0.03609287738800049,0.057541701942682266,0.0888473242521286,-1.9278455972671509,-1.8851040601730347,-1.822771430015564,0.0,1.0
665600,650,6,182.6268730932144,186.16666666666666,-0.0038681355654262006,7.720105546712875,-1.3975100368261337,0.0053260551023413425,0.0329345703125,1.0587214954197406,65.83317501544953,2.413329601287842,6.554867267608643,32.02960968017578,41.5104866027832,29.61627960205078,43.78543472290039,0.9750648367956194,1.8733577728271484,216.0884552001953,0.975,1.0,0.0,1.0,0.0,0.0,0.028215795755386353,0.22821201384067535,0.0,0.03534136712551117,0.05751534178853035,0.08977514505386353,-1.9293466806411743,-1.8851650953292847,-1.8209304809570312,0.0,1.0
666624,651,3,203.15006310124832,222.0,-0.0037865372374653815,5.15160803347826,-1.3992635607719421,0.004459900228539482,0.0495361328125,0.8508998796343803,36.540253126621245,-0.2226322591304779,5.243386745452881,29.861080169677734,36.21561050415039,30.083711624145508,36.21887969970703,0.9790380279368776,1.8701304197311401,132.32931518554688,0.925,1.0,0.0,1.0,0.0,0.0,0.015088178217411041,0.219781756401062,0.0,0.03419603034853935,0.05735825002193451,0.0900803804397583,-1.931634545326233,-1.8854790925979614,-1.8203250169754028,0.0,1.0
667648,652,8,158.1558384908824,184.25,-0.003765073511749506,2.3892127223312856,-1.400817632675171,0.004888659187417943,0.0416748046875,0.9409061335027218,28.988914382457732,-0.9975729584693909,4.127496719360352,34.89984893798828,38.968204498291016,35.897422790527344,40.23025131225586,0.9887810381719506,1.8690109252929688,94.57429504394531,0.9,1.0,0.0,1.0,0.0,0.0,0.02722257189452648,0.22244077920913696,0.0,0.03274520859122276,0.05662591755390167,0.09016772359609604,-1.9345329999923706,-1.8869413137435913,-1.820151686668396,0.0,1.0
668672,653,6,132.57702818802258,167.33333333333334,-0.005282616184558719,10.796847754716874,-1.406876990199089,0.005300389208423439,0.0568603515625,0.9291557222604752,61.112479019165036,-1.2205986976623535,7.174850940704346,42.45689392089844,40.94553756713867,43.677490234375,41.18918228149414,0.9692947481381033,1.7026023864746094,176.63845825195312,0.9,1.0,0.0,1.0,0.0,0.0,0.01212401408702135,0.23454393446445465,0.0,0.03238467499613762,0.05590097978711128,0.08974464982748032,-1.9352532625198364,-1.8883895874023438,-1.820991039276123,0.0,1.0
669696,654,4,144.5624136519216,162.0,-0.004813337506493554,2.4168801963329316,-1.410521572828293,0.0036444177574594507,0.048583984375,0.9375259146094322,34.81172579526901,0.7704061269760132,4.0738348960876465,40.43895721435547,37.96473693847656,39.668548583984375,39.58389663696289,0.9884854724211495,1.9603458642959595,128.27635192871094,0.9,1.0,0.0,1.0,0.0,0.0,0.01817387528717518,0.23227190971374512,0.0,0.031120289117097855,0.05504061281681061,0.08998756110668182,-1.9377795457839966,-1.890103816986084,-1.8205090761184692,0.0,1.0
670720,655,6,187.05111951927157,213.66666666666666,-0.004273948736954481,7.096811202168465,-1.4178608119487763,0.00647046255035093,0.05908203125,1.086044616997242,55.13665997982025,3.087205171585083,6.263160705566406,21.208267211914062,38.1330451965332,18.121063232421875,41.759334564208984,0.9730235971954309,2.441826105117798,175.91033935546875,0.9,1.0,0.0,1.0,0.0,0.0,0.02677752822637558,0.23440882563591003,0.0,0.028531402349472046,0.05351501330733299,0.08823774755001068,-1.9429526329040527,-1.8931440114974976,-1.8239810466766357,0.0,1.0
671744,656,6,151.44526887629337,179.83333333333334,-0.004472962481668219,6.772524484992028,-1.4238386392593383,0.004387514188420027,0.05224609375,0.9527996338903904,47.36315200328827,-0.7632017731666565,5.855162620544434,37.64630889892578,37.10779571533203,38.40951156616211,36.38746643066406,0.9751029683009388,1.8704149723052979,145.3108673095703,0.85,1.0,0.0,1.0,0.0,0.0,0.018317794427275658,0.22621671855449677,0.0,0.028152165934443474,0.05330413579940796,0.08631928265094757,-1.9437105655670166,-1.8935585021972656,-1.8277889490127563,0.0,1.0
672768,657,5,128.01964983422968,159.6,-0.003975705499760807,4.296727877855301,-1.4268357902765274,0.004180021920183208,0.0445556640625,1.007830435782671,36.15932483673096,1.060213565826416,5.079268455505371,38.52790832519531,37.19855880737305,37.467689514160156,38.166133880615234,0.9813555266981971,1.7151614427566528,118.60597229003906,0.975,1.0,0.0,1.0,0.0,0.0,0.019796008244156837,0.2286657989025116,0.0,0.02870926447212696,0.05197347700595856,0.08429104834794998,-1.9425972700119019,-1.8962119817733765,-1.8318160772323608,0.0,1.0
673792,658,8,183.9572268214169,203.875,-0.002721446449868381,5.2856155067682264,-1.4330189287662507,0.0018958601125632414,0.0356201171875,1.2120291694998742,35.42600045204163,1.7040317058563232,5.366783618927002,26.670185089111328,40.956844329833984,24.96615219116211,42.63487243652344,0.9828298076351517,2.1778273582458496,121.28975677490234,1.0,1.0,0.0,1.0,0.0,0.0,0.02330014854669571,0.24211309850215912,0.0,0.0300638098269701,0.051617447286844254,0.0832282155752182,-1.9398905038833618,-1.8969091176986694,-1.8339269161224365,0.0,1.0
674816,659,3,116.55543773791048,153.33333333333334,-0.004431525268591941,2.921421839296818,-1.4369517296552659,0.006319826922845095,0.05751953125,1.149176263064146,30.26969532966614,1.5656269788742065,3.939851999282837,27.372203826904297,36.17469024658203,25.806575775146484,37.51955032348633,0.9881382113134597,2.4344568252563477,95.58528900146484,0.925,1.0,0.0,1.0,0.0,0.0,0.016763346269726753,0.2453106939792633,0.0,0.029385842382907867,0.050423312932252884,0.08410117775201797,-1.941245198249817,-1.899301528930664,-1.83219313621521,0.0,1.0
675840,660,6,178.33910364125828,195.33333333333334,-0.0056104380782926455,1.2234187979251145,-1.4442402243614196,0.005189344672544394,0.0630126953125,1.0392496138811111,14.202889811992645,0.4636629521846771,2.7956864833831787,50.21238327026367,37.94054412841797,49.748722076416016,38.2437744140625,0.9945703753341815,2.7249302864074707,44.190242767333984,0.925,1.0,0.0,1.0,0.0,0.0,0.010688312351703644,0.2319355010986328,0.0,0.028957931324839592,0.04934372380375862,0.08366406708955765,-1.9421002864837646,-1.9014568328857422,-1.8330612182617188,0.0,1.0
676864,661,7,168.71097702495618,186.28571428571428,-0.004879388824338094,5.548353934288025,-1.4519132226705551,0.0033793437833082862,0.04814453125,0.9789312914013862,32.25986065864563,-0.6198554635047913,5.279114246368408,35.73828887939453,39.273521423339844,36.35814666748047,38.179080963134766,0.9819314862658153,1.7718640565872192,74.07687377929688,0.95,1.0,0.0,1.0,0.0,0.0,0.01798318699002266,0.2554475963115692,0.0,0.028876105323433876,0.04789435490965843,0.0821596011519432,-1.9422638416290283,-1.9043437242507935,-1.8360495567321777,0.0,1.0
677888,662,4,141.8632828449244,169.75,-0.006177811123779975,3.517946942150593,-1.4596050202846527,0.004440546214755159,0.0571044921875,1.0511757783591746,32.9821471452713,0.2988784611225128,4.349924087524414,28.69936752319336,37.20125961303711,28.40048599243164,37.87605285644531,0.9863274970546464,1.964233636856079,98.12471771240234,0.975,1.0,0.0,1.0,0.0,0.0,0.0231840368360281,0.23978166282176971,0.0,0.029027601704001427,0.04678020253777504,0.08144817501306534,-1.9419610500335693,-1.9065723419189453,-1.8374629020690918,0.0,1.0
678912,663,6,128.66118401978113,162.0,-0.005489587300689891,1.209431815892458,-1.4640022933483123,0.003888734920474235,0.0513427734375,0.9097005896270275,20.485660636425017,-0.24211445450782776,2.728534698486328,38.312828063964844,38.94099044799805,38.55493927001953,38.551368713378906,0.9950904130335705,1.6274423599243164,66.7746353149414,0.95,1.0,0.0,1.0,0.0,0.0,0.016383608803153038,0.24485339224338531,0.0,0.02808065339922905,0.0464455783367157,0.08203688263893127,-1.943853497505188,-1.9072462320327759,-1.836293339729309,0.0,1.0
679936,664,7,163.2613282224948,185.0,-0.0049584223597776145,7.48983833193779,-1.4683588743209839,0.0019510742960846983,0.0529541015625,1.0912759006023407,47.73493957519531,-0.796344518661499,6.1567535400390625,35.61943435668945,40.624168395996094,36.41577911376953,40.97462844848633,0.977031396669152,2.024230480194092,136.099365234375,0.975,1.0,0.0,1.0,0.0,0.0,0.019898653030395508,0.2338983714580536,0.0,0.02487913891673088,0.04501642659306526,0.08174065500497818,-1.9502519369125366,-1.9100937843322754,-1.8368818759918213,0.0,1.0
680960,665,5,146.11693137719948,174.0,-0.004807388660265133,8.86458815932274,-1.4737130254507065,0.002499121250002645,0.054052734375,0.9506118625402451,40.44274743795395,-0.46116822957992554,6.301292896270752,43.95175552368164,37.82884216308594,44.41292190551758,38.59998321533203,0.9722531831354859,2.095032215118408,160.2627410888672,0.85,1.0,0.0,1.0,0.0,0.0,0.017059745267033577,0.2377113699913025,0.0,0.02523317188024521,0.04517492279410362,0.08192664384841919,-1.9495443105697632,-1.909781813621521,-1.8365123271942139,0.0,1.0
681984,666,5,163.20118018420575,181.4,-0.006486850790679455,12.080429056286812,-1.4725364744663239,0.004913807989214547,0.0686279296875,1.0260296545922756,55.18559165000916,1.9776792526245117,7.518917560577393,24.0537166595459,35.79690933227539,22.076038360595703,38.40071487426758,0.9558816194207443,1.9934260845184326,148.8653564453125,0.975,1.0,0.0,1.0,0.0,0.0,0.013183015398681164,0.23260116577148438,0.0,0.024342045187950134,0.045178767293691635,0.08157653361558914,-1.951325535774231,-1.9097709655761719,-1.8372079133987427,0.0,1.0
683008,667,6,139.5313701094325,178.83333333333334,-0.004270857246592641,1.9075753442943095,-1.4732393085956574,0.0031648981515900233,0.0317626953125,1.03742623180151,20.15547865629196,-0.4480575919151306,3.295208215713501,38.74083709716797,38.38731002807617,39.18889617919922,39.20262908935547,0.992631308825197,1.7739847898483276,64.18653869628906,0.975,1.0,0.0,1.0,0.0,0.0,0.021665342152118683,0.24194228649139404,0.0,0.022536475211381912,0.04474979266524315,0.08060378581285477,-1.9549347162246704,-1.9106248617172241,-1.8391406536102295,0.0,1.0
684032,668,7,174.0375026908077,193.85714285714286,-0.005131443362915889,5.835434827208519,-1.474724817276001,0.007154093148710672,0.07216796875,1.1698957920074462,43.4890234708786,2.690938711166382,5.237076282501221,29.604679107666016,42.789371490478516,26.913742065429688,44.47884750366211,0.9850202028198808,2.6742312908172607,130.34811401367188,1.0,1.0,0.0,1.0,0.0,0.0,0.009807479567825794,0.2331201583147049,0.0,0.021963005885481834,0.044859033077955246,0.08020452409982681,-1.9560810327529907,-1.910408616065979,-1.83993399143219,0.0,1.0
685056,669,4,140.55647489808058,162.75,-0.004814292199444026,6.365568660199642,-1.4748327642679215,0.0035472074261633678,0.0523193359375,0.9461490646004677,41.25784497261047,-0.08804848790168762,5.8010783195495605,39.26824188232422,36.22532653808594,39.356292724609375,36.3218994140625,0.9743555800178891,1.869471788406372,104.81622314453125,0.875,1.0,0.0,1.0,0.0,0.0,0.022295331582427025,0.23741695284843445,0.0,0.02290712110698223,0.04455387219786644,0.08097916096448898,-1.9541938304901123,-1.9110199213027954,-1.8383947610855103,0.0,1.0
686080,670,6,180.89953589303664,192.66666666666666,-0.0043527137255296115,5.937127622961998,-1.476624682545662,0.0035528818028979004,0.0352294921875,1.0415398836135865,35.38270843029022,0.08244746923446655,4.98865270614624,33.15741729736328,34.31089401245117,33.074974060058594,34.4455680847168,0.9788601227486821,1.804421067237854,119.60441589355469,0.95,1.0,0.0,1.0,0.0,0.0,0.01965789683163166,0.23564516007900238,0.0,0.023208012804389,0.04452759400010109,0.08258846402168274,-1.953592300415039,-1.9110766649246216,-1.8351975679397583,0.0,1.0
687104,671,6,145.98704817550848,175.66666666666666,-0.006298905657604337,2.4627084732055664,-1.478908544778824,0.006323595992580522,0.0711669921875,1.0629051558673381,33.616605925559995,1.8434422016143799,3.713874578475952,24.709205627441406,37.90330505371094,22.865764617919922,39.485076904296875,0.9903993565811828,2.3809499740600586,114.03486633300781,0.975,1.0,0.0,1.0,0.0,0.0,0.006989113986492157,0.22955608367919922,0.0,0.02362869307398796,0.043314654380083084,0.08009737730026245,-1.9527513980865479,-1.9134904146194458,-1.8401468992233276,0.0,1.0
688128,672,5,120.1626571597646,159.0,-0.006021500774659216,1.9830602422356605,-1.4857747375965118,0.007189537033264059,0.0642822265625,1.0522786371409893,27.656063842773438,1.2995530366897583,3.680715322494507,41.104331970214844,36.43016815185547,39.804779052734375,35.7699089050293,0.9897919657350356,2.417511463165283,92.30758666992188,0.95,1.0,0.0,1.0,0.0,0.0,0.010505127720534801,0.235773503780365,0.0,0.025092419236898422,0.04282444715499878,0.07751113176345825,-1.949825644493103,-1.9144636392593384,-1.8452874422073364,0.0,1.0
689152,673,6,198.2436935767355,217.83333333333334,-0.005080295470543205,8.767631128430367,-1.4869623482227325,0.004706372915825341,0.0641845703125,1.1660184256732464,44.687293314933775,2.413093090057373,6.196660041809082,28.81909942626953,38.90594482421875,26.406009674072266,41.37855529785156,0.9746321668000724,2.0635995864868164,140.1103057861328,0.975,1.0,0.0,1.0,0.0,0.0,0.008254812099039555,0.23056896030902863,0.0,0.024062875658273697,0.042613085359334946,0.07783488929271698,-1.9518835544586182,-1.9148839712142944,-1.8446438312530518,0.0,1.0
690176,674,6,146.97267305259592,182.0,-0.004895096458494663,3.381474104523659,-1.488440251350403,0.00473800264444435,0.0571533203125,0.9286761164665223,31.63349766731262,1.136652946472168,4.08851432800293,29.940698623657227,39.68871307373047,28.804046630859375,39.391510009765625,0.9893880081659034,1.6167802810668945,128.2350616455078,0.975,1.0,0.0,1.0,0.0,0.0,0.012731712311506271,0.22153884172439575,0.0,0.02367962896823883,0.0425415001809597,0.0787501335144043,-1.9526495933532715,-1.9150323867797852,-1.8428244590759277,0.0,1.0
691200,675,4,176.3321894093363,180.25,-0.006897148245479911,15.911864268779755,-1.4891840279102326,0.00873442996526137,0.0882568359375,0.9236148178577424,56.63731842041015,-0.430105596780777,8.02236557006836,48.48694610595703,33.845802307128906,48.91705322265625,33.554439544677734,0.9438182428596638,1.6388119459152222,140.34783935546875,0.925,1.0,0.0,1.0,0.0,0.0,0.007783600594848394,0.22827847301959991,0.0,0.021379418671131134,0.04227764531970024,0.0790126696228981,-1.9572477340698242,-1.91555655002594,-1.842302680015564,0.0,1.0
692224,676,7,169.39660291599463,192.42857142857142,-0.003839116683229804,4.100609833002091,-1.4891665309667588,0.0028155287698609756,0.0431640625,0.9909756615757942,27.237400567531587,0.16758304834365845,4.542031288146973,45.07112121582031,42.27457046508789,44.903533935546875,40.73575210571289,0.9884563860012925,1.9268635511398315,83.43717193603516,0.975,1.0,0.0,1.0,0.0,0.0,0.033277302980422974,0.23754136264324188,0.0,0.021734323352575302,0.0425543449819088,0.08036752790212631,-1.956538200378418,-1.915008544921875,-1.8396100997924805,0.0,1.0
693248,677,3,163.30684041480478,176.0,-0.004042314941762016,6.430091553926468,-1.4874527752399445,0.004019448741746601,0.0498046875,1.1181060835719108,64.09242489337922,2.573003053665161,6.0478081703186035,29.055103302001953,34.428924560546875,26.482101440429688,36.836673736572266,0.9691433318762912,2.247633218765259,198.0655517578125,1.0,1.0,0.0,1.0,0.0,0.0,0.029916660860180855,0.22415614128112793,0.0,0.02358664572238922,0.04262097552418709,0.0802253782749176,-1.9528354406356812,-1.9148812294006348,-1.8398926258087158,0.0,1.0
694272,678,6,225.5425753764749,240.16666666666666,-0.0036060938029550014,5.631285800039768,-1.4925278395414352,0.00468590569216758,0.0470703125,1.0890468418598176,33.8834154009819,2.2367289066314697,5.516697883605957,37.82912063598633,41.548709869384766,35.59239196777344,43.3059196472168,0.9823703662669819,2.1362674236297607,102.02283477783203,1.0,1.0,0.0,1.0,0.0,0.0,0.029842406511306763,0.2386660873889923,0.0,0.020956074818968773,0.040750496089458466,0.07867001742124557,-1.9580940008163452,-1.9186147451400757,-1.8429837226867676,0.0,1.0
695296,679,6,166.99718356455418,181.83333333333334,-0.004022726393304765,4.964754810929298,-1.50160151720047,0.0053611153751262465,0.0680419921875,1.165779857337475,32.956096696853635,-0.7751297950744629,4.809986591339111,35.54236602783203,40.27628707885742,36.31749725341797,39.4891471862793,0.9857377236428426,2.051203966140747,100.99417114257812,0.95,1.0,0.0,1.0,0.0,0.0,0.023035377264022827,0.23343056440353394,0.0,0.019167445600032806,0.04002835229039192,0.07807870209217072,-1.9616698026657104,-1.9200555086135864,-1.8441591262817383,0.0,1.0
696320,680,5,138.03368178858332,169.6,-0.004290234274230897,2.5828069880604745,-1.5030233711004257,0.0029769929256872273,0.0427001953125,0.9544147908687591,29.746317505836487,0.12103289365768433,4.0823774337768555,43.31170654296875,36.80842590332031,43.190673828125,36.57063674926758,0.9876992456085809,1.9781066179275513,102.20030212402344,1.0,1.0,0.0,1.0,0.0,0.0,0.02410333789885044,0.23763522505760193,0.0,0.01991989277303219,0.04035687446594238,0.07710280269384384,-1.9601655006408691,-1.9193893671035767,-1.8460992574691772,0.0,1.0
697344,681,6,191.10973203485935,202.5,-0.005636724649230018,8.167686027288436,-1.5037664085626603,0.004862917454738635,0.0530517578125,1.0533924855291843,56.922861385345456,1.6437727212905884,6.848055362701416,39.1655158996582,42.700645446777344,37.52174377441406,44.17282485961914,0.9742803101883083,2.4709436893463135,161.89776611328125,0.9,1.0,0.0,1.0,0.0,0.0,0.017594115808606148,0.23902364075183868,0.0,0.020091861486434937,0.039297107607126236,0.07410407811403275,-1.9598217010498047,-1.9214979410171509,-1.8520625829696655,0.0,1.0
698368,682,4,180.84293122238552,194.75,-0.0036669471533969044,1.6853613398969174,-1.5117365747690201,0.004999996451078914,0.037109375,1.1179121807217598,28.67516897916794,1.273611068725586,3.2903337478637695,32.67189025878906,37.085426330566406,31.39828109741211,38.34394836425781,0.9921282117850334,1.9780528545379639,102.74712371826172,1.0,1.0,0.0,1.0,0.0,0.0,0.0270073339343071,0.24183125793933868,0.0,0.02081754058599472,0.03792094066739082,0.07118713110685349,-1.9583709239959717,-1.9242448806762695,-1.857865810394287,0.0,1.0
699392,683,6,185.89247810324582,191.66666666666666,-0.004683700355235488,3.789094379544258,-1.5193818539381028,0.00584789377026027,0.05458984375,1.1318574465811253,38.947458159923556,1.3989908695220947,4.44486665725708,47.028621673583984,40.10551071166992,45.62963104248047,41.141143798828125,0.9877168605765899,2.7663962841033936,143.3634796142578,0.925,1.0,0.0,1.0,0.0,0.0,0.028255516663193703,0.2320811003446579,0.0,0.019133927300572395,0.036640726029872894,0.070032499730587,-1.961736798286438,-1.926801085472107,-1.8601635694503784,0.0,1.0
700416,684,5,195.85862906835823,216.0,-0.004744571656920016,2.774372424185276,-1.5231944173574448,0.005931282245728653,0.0590087890625,1.0883363038301468,30.02559930086136,1.2709113359451294,3.872392177581787,38.891876220703125,40.18011474609375,37.62096405029297,40.814998626708984,0.9907116990241025,2.4329748153686523,96.61317443847656,1.0,1.0,0.0,1.0,0.0,0.0,0.0211853738874197,0.22358614206314087,0.0,0.01860726810991764,0.03707136586308479,0.07194983214139938,-1.96278977394104,-1.9259408712387085,-1.8563481569290161,0.0,1.0
701440,685,4,194.72979505867542,209.5,-0.004534377716481686,6.557929262518883,-1.5175297200679778,0.007498766589560546,0.076806640625,1.2705489322543144,48.64458937644959,-1.8505676984786987,5.361758232116699,45.44793701171875,35.955284118652344,47.29850769042969,34.654300689697266,0.9777623444162001,1.9334040880203247,146.6428680419922,1.0,1.0,0.0,1.0,0.0,0.0,0.023589953780174255,0.2394881546497345,0.0,0.01984187215566635,0.03851332515478134,0.07351143658161163,-1.9603214263916016,-1.92306387424469,-1.8532414436340332,0.0,1.0
702464,686,7,151.32636933186652,181.57142857142858,-0.0039962334267329425,2.4188296809792518,-1.5128799021244048,0.005891361077374313,0.0652587890625,1.3285531118512153,30.436085653305053,-0.07072404026985168,3.9353671073913574,38.525779724121094,41.99709701538086,38.59650421142578,41.780662536621094,0.9912192418968746,3.251887798309326,86.7515869140625,1.0,1.0,0.0,1.0,0.0,0.0,0.025325218215584755,0.23919594287872314,0.0,0.019232256338000298,0.03794076666235924,0.07259102165699005,-1.9615402221679688,-1.9242109060287476,-1.8550723791122437,0.0,1.0
703488,687,5,139.92598128084953,167.0,-0.004689372086431831,15.65436241030693,-1.5132282733917237,0.005107785784639418,0.0742919921875,1.0827487513422966,75.80791897773743,-1.0936031341552734,8.51118278503418,39.49956130981445,37.75406265258789,40.593162536621094,36.8701286315918,0.9491779113124277,2.271111011505127,216.95889282226562,0.95,1.0,0.0,1.0,0.0,0.0,0.026831485331058502,0.2306426763534546,0.0,0.020510395988821983,0.039151377975940704,0.07471652328968048,-1.9589849710464478,-1.921797752380371,-1.850844383239746,0.0,1.0
704512,688,5,173.95245259121057,190.2,-0.0057929263799451295,1.6488306641578674,-1.5088402658700943,0.003098471584962681,0.0560546875,1.1470976009964944,24.266073215007783,0.14789606630802155,3.874293804168701,38.456146240234375,40.207977294921875,38.308250427246094,41.3281364440918,0.9907154554955092,2.490662097930908,97.61754608154297,0.975,1.0,0.0,1.0,0.0,0.0,0.02514706552028656,0.2321832925081253,0.0,0.019819725304841995,0.038696419447660446,0.07524244487285614,-1.9603657722473145,-1.9227042198181152,-1.8497984409332275,0.0,1.0
705536,689,6,162.8894338674401,190.66666666666666,-0.006122686609160155,5.220370069146156,-1.515006238222122,0.007163001695880666,0.0709228515625,1.0828066863119603,42.8293576002121,1.2922465801239014,5.524268627166748,36.1989860534668,43.76007080078125,34.90673828125,45.220611572265625,0.9840634773132524,1.7539758682250977,154.9329833984375,0.975,1.0,0.0,1.0,0.0,0.0,0.0270224679261446,0.2507595419883728,0.0,0.01803687773644924,0.037241753190755844,0.07457110285758972,-1.9639301300048828,-1.9256101846694946,-1.8511335849761963,0.0,1.0
706560,690,5,194.85424413994267,199.8,-0.005487116589210928,13.855297815799712,-1.5211526423692703,0.004794255983142648,0.052783203125,1.0260174192488194,62.28620755672455,1.477602481842041,8.016767501831055,40.38954162597656,39.562110900878906,38.91193389892578,41.653785705566406,0.9589380459142246,1.7984704971313477,186.56358337402344,0.925,1.0,0.0,1.0,0.0,0.0,0.025195375084877014,0.25128546357154846,0.0,0.01632033661007881,0.03685722127556801,0.0765138566493988,-1.9673621654510498,-1.9263863563537598,-1.8472702503204346,0.0,1.0
707584,691,4,192.4195468767412,204.75,-0.0026947672944515944,4.98042922616005,-1.5258619964122773,0.006210722801915836,0.0509033203125,1.2435883551836013,34.04785575866699,0.46877866983413696,5.177261829376221,32.93457794189453,37.923988342285156,32.465797424316406,38.962928771972656,0.9813631586977253,2.541518211364746,113.79893493652344,1.0,1.0,0.0,1.0,0.0,0.0,0.035382162779569626,0.26617977023124695,0.0,0.014197200536727905,0.03555004298686981,0.07636097818613052,-1.9716074466705322,-1.929003357887268,-1.847574234008789,0.0,1.0
708608,692,7,154.50380771123108,172.0,-0.0054244374972768124,3.676913909614086,-1.532112455368042,0.005412930955935735,0.0554443359375,1.189616784453392,40.17781264781952,-1.4289590120315552,4.328304290771484,42.804954528808594,35.11831283569336,44.233909606933594,34.87527084350586,0.9848096326657264,2.3157269954681396,145.2598419189453,0.95,1.0,0.0,1.0,0.0,0.0,0.03517131879925728,0.25627440214157104,0.0,0.014190202578902245,0.03514891490340233,0.07465459406375885,-1.9716215133666992,-1.9297937154769897,-1.850967526435852,0.0,1.0
709632,693,7,130.49803861565192,163.14285714285714,-0.00490028916974552,11.596359732747079,-1.5324963688850404,0.006497672390833031,0.060693359375,1.1332652017474174,62.70749442577362,-2.147397994995117,7.359197616577148,42.98851013183594,44.6533317565918,45.13590621948242,44.603885650634766,0.9728385348862688,2.2737343311309814,205.81320190429688,0.95,1.0,0.0,1.0,0.0,0.0,0.02147645689547062,0.24839450418949127,0.0,0.015011594630777836,0.035016681998968124,0.0728854313492775,-1.9699790477752686,-1.9300518035888672,-1.8544867038726807,0.0,1.0
710656,694,3,140.69634773842304,175.33333333333334,-0.0053109674947336314,9.95323076248169,-1.5331107378005981,0.00487240106012905,0.0501953125,1.256452826410532,74.98126363754272,1.2272433042526245,7.559969425201416,23.303892135620117,36.16079330444336,22.076650619506836,39.432220458984375,0.9562916776629048,2.2470579147338867,235.26956176757812,0.975,1.0,0.0,1.0,0.0,0.0,0.034958191215991974,0.23997120559215546,0.0,0.016052061691880226,0.03524002805352211,0.07360604405403137,-1.9678986072540283,-1.9296084642410278,-1.8530532121658325,0.0,1.0
711680,695,7,170.60858591328503,187.42857142857142,-0.005842586344806477,4.076369346678257,-1.5323884397745133,0.004186892394500319,0.070654296875,1.366474460810423,37.440547502040864,-0.479092538356781,5.129584312438965,46.03481674194336,39.46125411987305,46.51390838623047,40.57052230834961,0.9831024972025731,2.99055552482605,140.8092041015625,0.975,1.0,0.0,1.0,0.0,0.0,0.030806047841906548,0.2524856626987457,0.0,0.016094626858830452,0.03510836139321327,0.0731034204363823,-1.967813491821289,-1.9298686981201172,-1.854053020477295,0.0,1.0
712704,696,7,148.72775809901484,170.71428571428572,-0.004227689118124545,8.243043506145478,-1.5339787989854812,0.0060679602465825155,0.05751953125,1.2282199755311012,44.320310664176944,1.1346826553344727,6.252615451812744,35.07429504394531,39.119197845458984,33.939613342285156,40.36089324951172,0.9744527884193258,2.793541669845581,130.7566680908203,1.0,1.0,0.0,1.0,0.0,0.0,0.020197583362460136,0.23940448462963104,0.0,0.014786806888878345,0.034616924822330475,0.07222137600183487,-1.9704285860061646,-1.9308533668518066,-1.855807900428772,0.0,1.0
713728,697,3,204.73422052820914,219.33333333333334,-0.0035243416321463885,4.778844743967056,-1.5401419878005982,0.003957377195183654,0.040576171875,1.2698546215891837,60.594611692428586,3.229005813598633,4.888206481933594,22.7662296295166,35.117088317871094,19.53722381591797,37.83249282836914,0.9806240948416205,2.533458948135376,213.4010009765625,1.0,1.0,0.0,1.0,0.0,0.0,0.017921729013323784,0.23485511541366577,0.0,0.011905733495950699,0.0328243188560009,0.07004502415657043,-1.9761896133422852,-1.9344291687011719,-1.8601386547088623,0.0,1.0
714752,698,9,151.69429040657258,173.22222222222223,-0.005392393149668351,7.79813334941864,-1.5498247563838958,0.005574563315894921,0.0847900390625,1.0769363820552826,54.60967860221863,-2.460175037384033,5.675859451293945,34.766334533691406,34.8455924987793,37.22650909423828,34.4202766418457,0.9734681529949637,2.271395206451416,174.19139099121094,0.9,1.0,0.0,1.0,0.0,0.0,0.01608441211283207,0.24810659885406494,0.0,0.00891955941915512,0.031941525638103485,0.06949475407600403,-1.9821614027023315,-1.9361947774887085,-1.8612338304519653,0.0,1.0
715776,699,5,96.99109501005823,136.8,-0.006016399094369263,6.338152649998665,-1.5530981481075288,0.005783284988137893,0.065478515625,1.2043891482055187,55.291528177261355,-0.019365012645721436,5.964550018310547,30.514259338378906,34.69361114501953,30.53362274169922,35.00571823120117,0.9704432732063955,2.4391472339630127,189.75613403320312,0.95,1.0,0.0,1.0,0.0,0.0,0.023645030334591866,0.2607271075248718,0.0,0.007381667383015156,0.031649280339479446,0.07027413696050644,-1.9852368831634521,-1.9367789030075073,-1.8596826791763306,0.0,1.0
716800,700,7,140.2399500337921,172.28571428571428,-0.00621976371621713,2.6987414002418517,-1.5527621775865554,0.007214564418245572,0.061669921875,1.256545428931713,26.896837735176085,1.3478474617004395,3.8095927238464355,31.503074645996094,39.006649017333984,30.155229568481445,40.366851806640625,0.9904615066389336,2.2416796684265137,99.42200469970703,1.0,1.0,0.0,1.0,0.0,0.0,0.02347482740879059,0.24484720826148987,0.0,0.007871809415519238,0.031792279332876205,0.07107087224721909,-1.9842567443847656,-1.93649423122406,-1.8580970764160156,0.0,1.0
717824,701,5,151.7568042314354,180.8,-0.004395039827795699,3.0596474304795267,-1.551847204566002,0.005613969673868268,0.0537841796875,1.1573567271232605,28.28684083223343,0.6907755136489868,4.251714706420898,34.32084655761719,38.334381103515625,33.63007354736328,38.329376220703125,0.9876986892145561,2.9398882389068604,102.29723358154297,0.975,1.0,0.0,1.0,0.0,0.0,0.024468978866934776,0.23674094676971436,0.0,0.009296168573200703,0.032172564417123795,0.06922852993011475,-1.9814082384109497,-1.935732364654541,-1.8617637157440186,0.0,1.0
718848,702,5,172.02611652579108,191.8,-0.005043134291190654,2.345618276298046,-1.5514534145593644,0.005020542767306324,0.051806640625,1.143928861618042,32.77018984556198,1.973307490348816,3.588576555252075,29.28863525390625,37.26350784301758,27.315326690673828,38.373619079589844,0.9907257895091903,2.6982619762420654,123.2865982055664,1.0,1.0,0.0,1.0,0.0,0.0,0.02828366495668888,0.23824340105056763,0.0,0.009915666654706001,0.03147458657622337,0.0666724219918251,-1.9801692962646484,-1.9371153116226196,-1.8668524026870728,0.0,1.0
719872,703,8,158.17118448735056,183.75,-0.006396678485907614,7.587120330333709,-1.5587101429700851,0.009295424140873365,0.0792236328125,1.2665633395314218,42.83544654846192,0.9550478458404541,6.092957973480225,32.58638000488281,41.63233184814453,31.63133430480957,42.091121673583984,0.9785812126490566,2.513685941696167,113.53177642822266,1.0,1.0,0.0,1.0,0.0,0.0,0.028149381279945374,0.23890748620033264,0.0,0.008749952539801598,0.030016301199793816,0.06504332274198532,-1.9825005531311035,-1.9400304555892944,-1.8700964450836182,0.0,1.0
720896,704,4,167.6423088943422,175.0,-0.005446070223115385,3.79503270983696,-1.5650676757097244,0.005437393680040259,0.071240234375,1.0977223716676234,34.8695415019989,1.4847304821014404,4.196444988250732,37.975399017333984,32.313053131103516,36.49066925048828,32.61594772338867,0.9831341938913345,2.439373731613159,102.73881530761719,0.95,1.0,0.0,1.0,0.0,0.0,0.016480954363942146,0.23131117224693298,0.0,0.007609704975038767,0.02970462292432785,0.0654938817024231,-1.9847809076309204,-1.9406520128250122,-1.8691991567611694,0.0,1.0
721920,705,4,214.63978230492106,229.5,-0.004722080088686198,5.230325354635715,-1.5660702675580978,0.0042789501705556175,0.0576416015625,1.3188525475561619,60.04222226142883,3.5219838619232178,5.0912184715271,29.781147003173828,38.15235137939453,26.25916290283203,41.408695220947266,0.9821925867936623,2.5600481033325195,211.61354064941406,0.975,1.0,0.0,1.0,0.0,0.0,0.01675327494740486,0.23920275270938873,0.0,0.007501192856580019,0.029313787817955017,0.06540428847074509,-1.9849978685379028,-1.941436767578125,-1.869377613067627,0.0,1.0
722944,706,6,177.1380382471693,205.5,-0.005514157121069729,3.275689572095871,-1.5695027887821198,0.0061205406440421935,0.059912109375,1.1017857782542706,34.743929862976074,2.3358206748962402,3.571780204772949,30.473215103149414,38.004878997802734,28.137393951416016,38.51247787475586,0.9911673561927048,2.1658718585968018,95.61316680908203,0.975,1.0,0.0,1.0,0.0,0.0,0.0076029300689697266,0.24107076227664948,0.0,0.007353812921792269,0.02868647687137127,0.06491221487522125,-1.985292673110962,-1.942689299583435,-1.870357632637024,0.0,1.0
723968,707,3,179.22804086666727,197.66666666666666,-0.004536947910673916,1.4272318325936795,-1.5722040593624116,0.006581852614181117,0.067724609375,1.3324890419840814,17.23605179786682,1.1477856636047363,2.830185890197754,43.377952575683594,40.34743881225586,42.230167388916016,40.3432502746582,0.9950796275812003,2.5786194801330566,55.9736328125,1.0,1.0,0.0,1.0,0.0,0.0,0.014622040092945099,0.23053225874900818,0.0,0.0072656967677176,0.02825927920639515,0.0628051683306694,-1.985468864440918,-1.9435372352600098,-1.8745545148849487,0.0,1.0
724992,708,6,201.53129530385127,220.66666666666666,-0.005128424020949751,2.965384414792061,-1.5758299469947814,0.004671793471788988,0.0634033203125,1.0624762296676635,28.69787939786911,0.9440581798553467,4.155616283416748,36.0858039855957,34.28839874267578,35.141746520996094,33.983009338378906,0.9853115350912066,1.635391354560852,83.89790344238281,0.975,1.0,0.0,1.0,0.0,0.0,0.014741916209459305,0.23314808309078217,0.0,0.005982959643006325,0.027431441470980644,0.06314622610807419,-1.9880342483520508,-1.9451956748962402,-1.8738751411437988,0.0,1.0
726016,709,6,152.41962749372354,178.16666666666666,-0.00469015744747594,4.365746799111366,-1.5771050065755845,0.005957380031759385,0.0579345703125,1.1134226463735104,38.19534795284271,-0.48297882080078125,5.174952507019043,45.345123291015625,39.82981491088867,45.828102111816406,38.35933303833008,0.983119078709208,2.3231441974639893,123.2392578125,0.975,1.0,0.0,1.0,0.0,0.0,0.02167580835521221,0.2533552646636963,0.0,0.006241669878363609,0.028347792103886604,0.06608977913856506,-1.9875168800354004,-1.9433706998825073,-1.868012547492981,0.0,1.0
727040,710,6,146.574200501159,154.5,-0.005455076810903847,10.275326842069626,-1.572617280483246,0.0070585771507467145,0.0626708984375,0.9735701352357864,40.79047305583954,-0.37015795707702637,6.532144069671631,39.681732177734375,35.4744873046875,40.05188751220703,34.591217041015625,0.966093793785704,1.6666675806045532,102.41184997558594,0.95,1.0,0.0,1.0,0.0,0.0,0.021556049585342407,0.2635277807712555,0.0,0.002053849631920457,0.028585681691765785,0.06839893013238907,-1.9958922863006592,-1.9428976774215698,-1.8634151220321655,0.0,1.0
728064,711,6,158.79504123526942,177.5,-0.004465110582532361,4.282949797809124,-1.5722002893686295,0.009536443531396798,0.06591796875,1.3315171614289283,36.86343587636948,1.3860700130462646,4.809152126312256,35.87107849121094,41.34782028198242,34.485008239746094,42.08540725708008,0.9864720550042031,2.5456416606903076,113.57826232910156,0.975,1.0,0.0,1.0,0.0,0.0,0.026290705427527428,0.25853779911994934,0.0,0.0003495094133540988,0.028483130037784576,0.06884332746267319,-1.9993009567260742,-1.9431062936782837,-1.8625304698944092,0.0,1.0
729088,712,6,179.3261163815914,196.0,-0.005555382752208971,6.189344131946564,-1.5775350749492645,0.005714717312366701,0.0595458984375,1.1946289122104645,33.80546293258667,-0.05748718976974487,5.575224876403809,33.991180419921875,39.14421463012695,34.048667907714844,39.40953826904297,0.9797143214162004,2.1870782375335693,131.24581909179688,0.975,1.0,0.0,1.0,0.0,0.0,0.016883565112948418,0.23741820454597473,0.0,-0.0015393676003441215,0.026574624702334404,0.0681832879781723,-2.0030786991119385,-1.9469190835952759,-1.863844394683838,0.0,1.0
730112,713,4,172.48481515054397,190.0,-0.004140076535986736,4.023178200423717,-1.5868998318910599,0.006287384510505945,0.064697265625,1.2437958717346191,29.3684289932251,1.0379629135131836,4.405101299285889,42.595062255859375,41.159427642822266,41.55710220336914,41.43815231323242,0.9885455763818103,2.6768646240234375,93.8530044555664,0.975,1.0,0.0,1.0,0.0,0.0,0.014973280020058155,0.23150771856307983,0.0,-0.0013742379378527403,0.025783294811844826,0.06667660176753998,-2.002748489379883,-1.9485009908676147,-1.8668440580368042,0.0,1.0
731136,714,5,191.74291757034453,199.4,-0.004862118724850007,2.266617543250322,-1.5918823510408402,0.004422138893278316,0.0586669921875,1.2041299924254418,27.95384110212326,1.0704978704452515,3.6116888523101807,35.216529846191406,39.499698638916016,34.146026611328125,40.70456314086914,0.9916394842623738,2.1554739475250244,94.9111099243164,0.975,1.0,0.0,1.0,0.0,0.0,0.022442644461989403,0.214851513504982,0.0,-0.0030054226517677307,0.024638114497065544,0.06619289517402649,-2.0060107707977295,-1.9507867097854614,-1.8678072690963745,0.0,1.0
732160,715,7,167.0931792524522,187.71428571428572,-0.003781250468455255,2.7358370184898377,-1.5996049642562866,0.004539443280373234,0.04453125,1.255060003697872,27.428251671791077,-0.6007019281387329,3.583425283432007,36.865360260009766,41.335933685302734,37.466064453125,40.62322235107422,0.992484788553805,2.6626341342926025,68.32766723632812,1.0,1.0,0.0,1.0,0.0,0.0,0.026758477091789246,0.23235146701335907,0.0,-0.004725550767034292,0.023345952853560448,0.0645214393734932,-2.009450912475586,-1.9533677101135254,-1.871135950088501,0.0,1.0
733184,716,5,154.34569443049594,171.0,-0.004403052804991603,6.66931853890419,-1.6050161004066468,0.00640954955451889,0.0619140625,1.0860106073319913,54.932214212417605,0.8885666728019714,6.221047878265381,25.330547332763672,33.83694076538086,24.44198226928711,35.287925720214844,0.966197797999275,2.169360637664795,172.2986602783203,0.975,1.0,0.0,1.0,0.0,0.0,0.021133244037628174,0.2347363829612732,0.0,-0.0052825212478637695,0.0227727759629488,0.06419559568166733,-2.0105650424957275,-1.9545120000839233,-1.8717849254608154,0.0,1.0
734208,717,7,128.22177443547096,155.28571428571428,-0.0066778648237232115,3.148338773846626,-1.6063427418470382,0.008481455048604402,0.096337890625,1.279293292760849,26.30048087835312,-0.1277991086244583,4.3494977951049805,38.1712646484375,40.72675704956055,38.29906463623047,41.71693801879883,0.9885943861667015,2.70029616355896,77.46621704101562,0.95,1.0,0.0,1.0,0.0,0.0,0.010690412484109402,0.22963650524616241,0.0,-0.005351130850613117,0.023065438494086266,0.06403438746929169,-2.010702133178711,-1.9539284706115723,-1.8721059560775757,0.0,1.0
735232,718,6,150.5371414113429,180.0,-0.006173451786162331,3.4003243431448937,-1.6066262185573579,0.007368992432020605,0.0642333984375,1.100050438940525,25.584624242782592,-0.7140657901763916,4.134825229644775,42.584442138671875,39.085323333740234,43.29851150512695,39.078948974609375,0.9888085378869095,2.1299352645874023,83.5689926147461,0.95,1.0,0.0,1.0,0.0,0.0,0.014241733588278294,0.23299622535705566,0.0,-0.007104802411049604,0.02236849255859852,0.06271117925643921,-2.014209270477295,-1.9553190469741821,-1.874741792678833,0.0,1.0
736256,719,6,180.61760419937752,208.16666666666666,-0.005988492234610021,8.801596516370774,-1.6099690437316894,0.010488781925232615,0.075146484375,1.0937693618237971,55.983271431922915,0.7124638557434082,6.878235340118408,24.46615219116211,38.5376091003418,23.75368881225586,40.01078796386719,0.9681444962832387,2.3162825107574463,155.43722534179688,0.975,1.0,0.0,1.0,0.0,0.0,0.020956985652446747,0.23436449468135834,0.0,-0.0076880985870957375,0.022200271487236023,0.06316139549016953,-2.015375852584839,-1.9556564092636108,-1.873844861984253,0.0,1.0
737280,720,4,128.0977673611213,151.25,-0.004664348438382149,3.421328216791153,-1.6126021206378938,0.0036421733821043745,0.054541015625,1.1791640639305114,30.734335589408875,0.34988725185394287,4.488376617431641,39.4832763671875,40.515647888183594,39.133392333984375,42.34714126586914,0.9877275000945356,2.383800983428955,102.14714050292969,0.95,1.0,0.0,1.0,0.0,0.0,0.02193278633058071,0.2288224995136261,0.0,-0.008547731675207615,0.02114870212972164,0.061969466507434845,-2.0170950889587402,-1.9577549695968628,-1.8762195110321045,0.0,1.0
738304,721,4,154.20076586833255,186.75,-0.005735597026068717,5.331814423203468,-1.6199476271867752,0.00486317062022863,0.0691162109375,1.2921875163912773,62.3738338470459,3.0923209190368652,5.614011764526367,27.467514038085938,37.645870208740234,24.375194549560547,39.93917465209961,0.9777611701053504,3.040799140930176,233.30076599121094,1.0,1.0,0.0,1.0,0.0,0.0,0.017320776358246803,0.23985782265663147,0.0,-0.009316910058259964,0.019898710772395134,0.061243921518325806,-2.0186333656311035,-1.9602519273757935,-1.8776650428771973,0.0,1.0
739328,722,6,179.2147526181599,194.33333333333334,-0.005425971955992282,1.7751280449330806,-1.6252612441778183,0.006727349040738772,0.061181640625,1.1917151391506196,21.0647140622139,-0.12575852870941162,3.424680471420288,43.42420196533203,33.907039642333984,43.54996109008789,33.991939544677734,0.9897985856401064,2.2098751068115234,75.48649597167969,1.0,1.0,0.0,1.0,0.0,0.0,0.01557086780667305,0.24658800661563873,0.0,-0.009312611073255539,0.019514955580234528,0.060989800840616226,-2.018624782562256,-1.9610214233398438,-1.878171443939209,0.0,1.0
740352,723,9,157.5673081694398,177.77777777777777,-0.005620406346861273,9.605670440196992,-1.622846183180809,0.004032953297428321,0.058251953125,1.108645000308752,55.443349027633666,-0.8104006052017212,6.762711048126221,33.0745849609375,41.75117874145508,33.88498306274414,42.864009857177734,0.973763598362079,2.291917562484741,168.40478515625,0.95,1.0,0.0,1.0,0.0,0.0,0.022820889949798584,0.2456221729516983,0.0,-0.007915958762168884,0.020877830684185028,0.06230860948562622,-2.015831470489502,-1.958300232887268,-1.8755438327789307,0.0,1.0
741376,724,5,117.6484390790685,150.0,-0.004658091976307332,4.493829579651356,-1.6180793821811676,0.005300514880218543,0.0668212890625,1.3441264808177948,49.213578057289126,1.263761043548584,5.398071765899658,27.43675994873047,37.521156311035156,26.17300033569336,38.28119659423828,0.9793021663394205,2.938924789428711,163.4540252685547,1.0,1.0,0.0,1.0,0.0,0.0,0.007187039125710726,0.23865389823913574,0.0,-0.008447513915598392,0.020420372486114502,0.06361586600542068,-2.016894578933716,-1.9592170715332031,-1.8729395866394043,0.0,1.0
742400,725,4,171.54303872478332,195.25,-0.003980795247480273,3.3687660694122314,-1.6204164326190948,0.0025810162143898195,0.052587890625,1.1655075177550316,38.29706531763077,1.047370433807373,4.708752155303955,41.943824768066406,36.469322204589844,40.896453857421875,37.674930572509766,0.9833292036339518,2.2613093852996826,128.80899047851562,1.0,1.0,0.0,1.0,0.0,0.0,0.013516736216843128,0.2324194461107254,0.0,-0.006089822389185429,0.02061583288013935,0.06321723014116287,-2.012179374694824,-1.9588227272033691,-1.8737337589263916,0.0,1.0
743424,726,7,183.41325284324907,202.28571428571428,-0.006621018401347101,2.7842595368623733,-1.6198254466056823,0.008416331898479257,0.085546875,1.1023823730647564,28.309417796134948,1.5170214176177979,3.8821277618408203,30.963783264160156,38.90167236328125,29.446762084960938,39.046897888183594,0.9900412906678007,2.0656113624572754,100.16383361816406,0.95,1.0,0.0,1.0,0.0,0.0,0.020722730085253716,0.22788169980049133,0.0,-0.00569900730624795,0.02058023028075695,0.06360667943954468,-2.0113978385925293,-1.958895206451416,-1.8729579448699951,0.0,1.0
744448,727,5,170.72155144334366,167.4,-0.005748174933250994,14.751320230960847,-1.6200617909431458,0.009140559585648588,0.08623046875,1.2301396936178208,67.93993875980377,1.4611009359359741,7.6986260414123535,39.55997848510742,33.96000671386719,38.098880767822266,36.156341552734375,0.9486085392167816,2.820615530014038,199.69717407226562,0.95,1.0,0.0,1.0,0.0,0.0,0.01048020925372839,0.22679270803928375,0.0,-0.006032824981957674,0.020686792209744453,0.06514152139425278,-2.0120654106140137,-1.9586869478225708,-1.8699009418487549,0.0,1.0
745472,728,5,189.59547034320826,209.6,-0.006506789947161451,2.8095184110105036,-1.6209330409765244,0.005306753213517368,0.0688720703125,1.1466264948248863,25.13095703125,1.0512059926986694,4.101098537445068,36.69160461425781,37.93585968017578,35.640403747558594,39.081878662109375,0.9883130661641706,2.064741373062134,90.96041870117188,1.0,1.0,0.0,1.0,0.0,0.0,0.023282477632164955,0.22934363782405853,0.0,-0.006436890922486782,0.019881950691342354,0.06622038781642914,-2.012873649597168,-1.9603015184402466,-1.8677524328231812,0.0,1.0
746496,729,5,166.43676296466157,189.0,-0.0052280211995821444,2.6609435737133027,-1.6247323125600814,0.006881696144409944,0.0877197265625,1.5420988023281097,32.16066635847092,1.6762611865997314,3.6149446964263916,32.30786895751953,41.369590759277344,30.631607055664062,41.66386032104492,0.9923644415258565,3.8118462562561035,110.93384552001953,1.0,1.0,0.0,1.0,0.0,0.0,0.02168440632522106,0.24044761061668396,0.0,-0.006782361771911383,0.0199991874396801,0.06582991778850555,-2.0135645866394043,-1.9600650072097778,-1.868530035018921,0.0,1.0
747520,730,4,162.86297495930353,174.5,-0.004803177900612354,1.0756542135030032,-1.6189546406269073,0.005675757117569446,0.054248046875,1.4162320367991925,17.987739205360413,0.4473666846752167,2.7230896949768066,41.78938293457031,38.38412094116211,41.342018127441406,39.0323486328125,0.9949670722533285,2.714763641357422,60.39949417114258,0.975,1.0,0.0,1.0,0.0,0.0,0.017852453514933586,0.23739831149578094,0.0,-0.004798026289790869,0.021495722234249115,0.06708880513906479,-2.0095958709716797,-1.9570738077163696,-1.866023302078247,0.0,1.0
748544,731,7,183.56652112497886,197.71428571428572,-0.006418557511642576,2.4230154275894167,-1.6132294535636902,0.006549182637536432,0.0883056640625,1.086965525150299,32.611109054088594,1.1096441745758057,3.9314327239990234,44.341575622558594,41.147003173828125,43.231929779052734,42.10948181152344,0.9908709569345471,2.302006721496582,108.41281127929688,0.95,1.0,0.0,1.0,0.0,0.0,0.023525157943367958,0.24381817877292633,0.0,-0.00384748843498528,0.021764395758509636,0.06685902178287506,-2.007694959640503,-1.9565372467041016,-1.866480827331543,0.0,1.0
749568,732,6,184.47390855313947,204.5,-0.0032525625778362156,5.960819113254547,-1.6124896645545959,0.0031434790405910464,0.0501708984375,1.209274986386299,53.27584316730499,1.0132381916046143,5.8976664543151855,28.01189422607422,38.09885025024414,26.9986572265625,39.06998062133789,0.9760372495861024,3.045294761657715,186.42835998535156,0.975,1.0,0.0,1.0,0.0,0.0,0.01247632596641779,0.23118692636489868,0.0,-0.00540154566988349,0.021738702431321144,0.066807821393013,-2.010802984237671,-1.956588625907898,-1.8665827512741089,0.0,1.0
750592,733,5,169.87524419921513,188.8,-0.0056969276396557685,2.7076333656907083,-1.6135744959115983,0.006729450586135499,0.067919921875,1.1716898061335086,31.709597992897034,-0.9808763265609741,3.9024014472961426,43.9561882019043,38.392333984375,44.93706512451172,38.60107421875,0.9896682246743844,2.3074371814727783,110.17495727539062,0.95,1.0,0.0,1.0,0.0,0.0,0.023885508999228477,0.23195412755012512,0.0,-0.006347836460918188,0.02152877487242222,0.06683459132909775,-2.012695550918579,-1.957010269165039,-1.8665294647216797,0.0,1.0
751616,734,7,144.24392557045002,168.71428571428572,-0.0051546532195061445,6.8602565109729765,-1.6159085899591445,0.00694440211809706,0.0732177734375,1.3982036389410495,54.1717942237854,-1.3386478424072266,5.805028438568115,37.543434143066406,41.97785186767578,38.882080078125,40.4664421081543,0.9808764584335706,2.5566062927246094,167.5038604736328,0.9,1.0,0.0,1.0,0.0,0.0,0.028729481622576714,0.24602638185024261,0.0,-0.007496306672692299,0.021041743457317352,0.06536392122507095,-2.0149922370910645,-1.9579787254333496,-1.8694579601287842,0.0,1.0
752640,735,4,127.73536057502609,149.75,-0.004983863641973585,2.9700998559594156,-1.6179500460624694,0.008095250788028353,0.0851806640625,1.2339041158556938,43.83266475200653,-0.044448018074035645,4.4177069664001465,37.073524475097656,39.29511642456055,37.11797332763672,39.67848205566406,0.9873608867991907,3.4079573154449463,120.65581512451172,0.975,1.0,0.0,1.0,0.0,0.0,0.015168634243309498,0.2437136173248291,0.0,-0.008916906081140041,0.0207163505256176,0.06512153893709183,-2.0178332328796387,-1.9586281776428223,-1.8699407577514648,0.0,1.0
753664,736,6,197.93833368780426,213.16666666666666,-0.004611307207960635,3.1972303822636605,-1.6172035843133927,0.008460930551518687,0.060498046875,1.2745891407132148,42.78479644060135,1.815360426902771,4.648772716522217,39.06760025024414,43.242496490478516,37.25223922729492,45.87057113647461,0.9884427350805239,2.353999137878418,147.8964385986328,1.0,1.0,0.0,1.0,0.0,0.0,0.026268675923347473,0.24076421558856964,0.0,-0.0071991547010838985,0.02139251120388508,0.06635704636573792,-2.0143980979919434,-1.9572817087173462,-1.8674803972244263,0.0,1.0
754688,737,5,187.2939687799283,182.2,-0.004958114761393517,5.197918777167797,-1.612904116511345,0.004065289866412058,0.0541259765625,1.2560092866420747,46.85625147819519,0.9365696310997009,5.83339786529541,40.53152084350586,39.345420837402344,39.594947814941406,40.89311599731445,0.9780186275885335,2.169206380844116,173.12791442871094,0.925,1.0,0.0,1.0,0.0,0.0,0.029468020424246788,0.2465573400259018,0.0,-0.006322986446321011,0.02205042727291584,0.06668384373188019,-2.012645721435547,-1.9559627771377563,-1.8668296337127686,0.0,1.0
755712,738,5,165.88713551586608,183.6,-0.004754074208904058,1.8881919801235199,-1.6082268893718719,0.003897095266438555,0.0529052734375,1.2122365690767765,26.415942752361296,0.8462662696838379,3.4589123725891113,37.56080627441406,38.387691497802734,36.71453857421875,39.11524200439453,0.9918811375635399,2.6965954303741455,84.81578826904297,0.95,1.0,0.0,1.0,0.0,0.0,0.025376444682478905,0.2370825707912445,0.0,-0.004847186617553234,0.02282830886542797,0.06675556302070618,-2.0096943378448486,-1.9544068574905396,-1.8666868209838867,0.0,1.0
756736,739,7,174.4644307402359,186.85714285714286,-0.003947772271931172,13.684487116336822,-1.6074224054813384,0.0030349460139404982,0.0615234375,1.233244527876377,56.530835723876955,-0.7906183004379272,7.756796360015869,37.3886833190918,42.289730072021484,38.179298400878906,43.17939376831055,0.9663569804166816,2.447777271270752,154.90647888183594,1.0,1.0,0.0,1.0,0.0,0.0,0.022139161825180054,0.23881162703037262,0.0,-0.005591376684606075,0.022242605686187744,0.06583476811647415,-2.0111825466156006,-1.9555784463882446,-1.8685203790664673,0.0,1.0
757760,740,4,156.24748543445696,183.0,-0.004059311025775969,2.6895901262760162,-1.611147293448448,0.0074040803548996335,0.06650390625,1.4862113416194915,38.37085199356079,1.6106994152069092,3.6653175354003906,37.506431579589844,37.36098098754883,35.89573287963867,38.202720642089844,0.9903753109041602,3.592965841293335,136.2271728515625,1.0,1.0,0.0,1.0,0.0,0.0,0.03267938643693924,0.2514873743057251,0.0,-0.005797475576400757,0.022073404863476753,0.06606900691986084,-2.011594772338867,-1.9559186697006226,-1.868053913116455,0.0,1.0
758784,741,6,175.00872222716671,176.83333333333334,-0.005126236146315933,1.8364091575145722,-1.6132084101438522,0.00392416854883777,0.05693359375,1.34775947406888,33.45828902721405,1.1652157306671143,3.524397850036621,35.8902473449707,41.722537994384766,34.72502899169922,43.40055465698242,0.992864434552547,2.9689149856567383,119.23442840576172,0.975,1.0,0.0,1.0,0.0,0.0,0.033960696309804916,0.24497106671333313,0.0,-0.0063242423348128796,0.021061906591057777,0.06415615230798721,-2.012648344039917,-1.9579359292984009,-1.8718634843826294,0.0,1.0
759808,742,5,184.42941184309726,192.6,-0.0051270521595142785,2.0576682932674886,-1.6184502363204956,0.004000170742801856,0.0448974609375,1.2617749929428101,36.622897267341614,1.4658288955688477,3.6806414127349854,42.00220489501953,40.06684875488281,40.536376953125,42.38745880126953,0.99156127763267,1.9639352560043335,128.3107147216797,0.95,1.0,0.0,1.0,0.0,0.0,0.019149495288729668,0.22553744912147522,0.0,-0.00594203220680356,0.02057497575879097,0.06302636116743088,-2.0118839740753174,-1.9589042663574219,-1.874113917350769,0.0,1.0
760832,743,7,176.50434700670388,202.0,-0.004592337971553206,9.849484395980834,-1.619980326294899,0.005988568165048491,0.0756591796875,1.162431413680315,57.66890351772308,-0.6702439785003662,6.780924320220947,30.903640747070312,36.39229202270508,31.573884963989258,36.55646514892578,0.9652816643061265,2.2525577545166016,231.61288452148438,0.975,1.0,0.0,1.0,0.0,0.0,0.017324799671769142,0.22672298550605774,0.0,-0.006456227041780949,0.02057005651295185,0.06140938773751259,-2.0129122734069824,-1.958909511566162,-1.8773354291915894,0.0,1.0
761856,744,5,100.981996074263,142.2,-0.0037306837271898984,3.4800148382782936,-1.62355195581913,0.003819014981854707,0.0495361328125,1.302575522661209,28.37013602256775,-0.42804285883903503,4.451486587524414,33.10159683227539,39.332298278808594,33.529640197753906,39.30942153930664,0.9871911100021246,2.5867977142333984,107.58158874511719,1.0,1.0,0.0,1.0,0.0,0.0,0.009589822962880135,0.220395028591156,0.0,-0.010102715343236923,0.019107969477772713,0.06096469238400459,-2.020204782485962,-1.9618353843688965,-1.8782215118408203,0.0,1.0
762880,745,6,156.7740351589413,186.66666666666666,-0.005118752206908539,1.9827887892723084,-1.6338508307933808,0.005399443255737424,0.0618408203125,1.1659168623387814,20.092756140232087,-0.08737808465957642,3.312495470046997,39.763572692871094,35.33247756958008,39.8509521484375,35.30916213989258,0.991210536044371,2.486138105392456,71.84868621826172,0.975,1.0,0.0,1.0,0.0,0.0,0.007714647799730301,0.22420236468315125,0.0,-0.013428420759737492,0.017094621434807777,0.06061811000108719,-2.026855230331421,-1.9658608436584473,-1.878912091255188,0.0,1.0
763904,746,5,188.45445520245866,210.0,-0.0034676226088777183,1.8076314389705659,-1.641464313864708,0.005760926916263997,0.0577392578125,1.3650214225053787,24.220582616329192,0.9542348384857178,3.603470802307129,39.84282684326172,41.82533264160156,38.88859558105469,42.25970458984375,0.9925772775405681,2.6227476596832275,73.74100494384766,1.0,1.0,0.0,1.0,0.0,0.0,0.035628315061330795,0.23002417385578156,0.0,-0.0127364257350564,0.017228614538908005,0.060477811843156815,-2.0254714488983154,-1.9655903577804565,-1.8791916370391846,0.0,1.0
764928,747,4,152.7175555800531,176.75,-0.005318627273663878,2.972176793217659,-1.6402008652687072,0.0038961581100011244,0.040576171875,1.18044463545084,39.06116993427277,1.1911956071853638,4.182340145111084,34.411128997802734,40.27080154418945,33.219932556152344,41.55833435058594,0.9892140566233278,1.8824728727340698,120.33013916015625,1.0,1.0,0.0,1.0,0.0,0.0,0.027268946170806885,0.22178097069263458,0.0,-0.01276679988950491,0.0170796699821949,0.05970938876271248,-2.0255322456359863,-1.9658876657485962,-1.880722999572754,0.0,1.0
765952,748,6,198.96310139050703,212.83333333333334,-0.0039528125897049906,3.595679111778736,-1.6431571274995804,0.0032693754066713153,0.0461669921875,1.202105014026165,29.84116278886795,0.5115783214569092,4.580584526062012,37.94988250732422,40.84554672241211,37.43830108642578,41.40943908691406,0.9874237158732098,2.0169930458068848,87.64844512939453,0.95,1.0,0.0,1.0,0.0,0.0,0.024771131575107574,0.229747474193573,0.0,-0.013567318208515644,0.016123531386256218,0.05852194502949715,-2.027132987976074,-1.9677962064743042,-1.883089542388916,0.0,1.0
766976,749,7,165.7996235282733,180.14285714285714,-0.004997049295343459,2.5674224689602854,-1.6479144364595413,0.007884850168193226,0.07685546875,1.3902127206325532,35.93605108261109,-0.1842852234840393,4.387183666229248,35.091644287109375,41.7220458984375,35.27593231201172,42.20601272583008,0.9889429208917273,2.9938242435455322,119.34435272216797,1.0,1.0,0.0,1.0,0.0,0.0,0.03118751011788845,0.23288121819496155,0.0,-0.015185907483100891,0.01598447374999523,0.058625273406505585,-2.030369520187378,-1.968076229095459,-1.8828835487365723,0.0,1.0
768000,750,3,135.08760121520524,160.0,-0.005821014288812876,1.5399844419211148,-1.6454810231924057,0.0066138876893091945,0.0673095703125,1.3862412959337234,22.065789759159088,0.3667074143886566,3.2248809337615967,43.12267303466797,37.00600051879883,42.75596618652344,36.7820930480957,0.9924057809864862,2.946240186691284,68.93290710449219,1.0,1.0,0.0,1.0,0.0,0.0,0.02880842238664627,0.2376701831817627,0.0,-0.014006334356963634,0.016591010615229607,0.05821378529071808,-2.028010845184326,-1.9668623208999634,-1.8837037086486816,0.0,1.0
769024,751,6,159.1215517906808,174.5,-0.0065998019417747855,1.4279833354055882,-1.6437673360109328,0.006911065820895601,0.075537109375,1.0842418611049651,19.283238029479982,0.06879687309265137,2.9835097789764404,44.336570739746094,41.586273193359375,44.26776885986328,42.15538024902344,0.9948529903401973,2.0433409214019775,57.83955764770508,1.0,1.0,0.0,1.0,0.0,0.0,0.029839197173714638,0.2383318692445755,0.0,-0.01549731194972992,0.016398010775446892,0.0594610758125782,-2.030992031097412,-1.9672508239746094,-1.8812178373336792,0.0,1.0
770048,752,7,171.08362787071044,187.57142857142858,-0.004057266272138804,3.563056840002537,-1.647781378030777,0.004515698918839917,0.050439453125,1.4198205947875977,37.095381355285646,-0.4726123809814453,4.580843448638916,30.639978408813477,36.67919921875,31.112586975097656,37.340675354003906,0.9844026375575315,2.987689733505249,121.7406234741211,0.95,1.0,0.0,1.0,0.0,0.0,0.02162322588264942,0.23794403672218323,0.0,-0.017545074224472046,0.015160735696554184,0.058438558131456375,-2.0350866317749023,-1.9697226285934448,-1.8832557201385498,0.0,1.0
771072,753,6,130.806180398671,159.33333333333334,-0.004332282900577411,4.141200518608093,-1.656102755665779,0.00478441512095742,0.0480224609375,1.1407218486070634,44.36809689998627,0.5944851636886597,5.281979084014893,40.03062438964844,43.09947967529297,39.436134338378906,44.95155334472656,0.9849807166563944,2.3092827796936035,147.90614318847656,1.0,1.0,0.0,1.0,0.0,0.0,0.014264934696257114,0.23411238193511963,0.0,-0.018101224675774574,0.013920721597969532,0.05789703503251076,-2.036198616027832,-1.9722009897232056,-1.8843351602554321,0.0,1.0
772096,754,5,183.33181691408095,210.2,-0.0048670396907255055,3.6832879394292832,-1.660630029439926,0.007540152026922442,0.064892578125,1.3887920141220094,43.20867656469345,0.6526331305503845,5.082842826843262,29.3189640045166,39.669044494628906,28.666332244873047,41.11294174194336,0.9835823914958799,2.9814066886901855,153.12677001953125,1.0,1.0,0.0,1.0,0.0,0.0,0.009916293434798717,0.22277945280075073,0.0,-0.019288763403892517,0.013789250515401363,0.05717797577381134,-2.0385727882385254,-1.972460389137268,-1.8857685327529907,0.0,1.0
773120,755,4,178.72193968667597,213.25,-0.004407062995596789,4.4418399184942245,-1.6608986496925353,0.005149991172947921,0.059375,1.0239323571324348,36.91142451763153,0.9048222899436951,5.109926700592041,37.647422790527344,35.63581085205078,36.74259948730469,36.34176254272461,0.9794384406357255,2.180072069168091,131.4085235595703,0.925,1.0,0.0,1.0,0.0,0.0,0.017460763454437256,0.22969277203083038,0.0,-0.020542167127132416,0.013651522807776928,0.05678866431117058,-2.041078567504883,-1.9727362394332886,-1.8865445852279663,0.0,1.0
774144,756,6,154.50754075785227,179.33333333333334,-0.004833673627581447,8.485640379786492,-1.6626215368509292,0.005823369615245611,0.096728515625,1.329048966616392,58.945338821411134,0.33870914578437805,6.892971515655518,35.87494659423828,42.9544677734375,35.53623962402344,45.071136474609375,0.9742488743231836,2.5667853355407715,155.45594787597656,0.975,1.0,0.0,1.0,0.0,0.0,0.01987462304532528,0.2341231405735016,0.0,-0.020361045375466347,0.013122177682816982,0.05467723309993744,-2.0407164096832275,-1.9737906455993652,-1.8907543420791626,0.0,1.0
775168,757,5,175.62265020123476,191.0,-0.005341861071065069,4.382736554741859,-1.6659706026315688,0.005628329205501359,0.0518798828125,1.3154131531715394,25.863412702083586,-0.08404752612113953,4.282210350036621,43.46027374267578,40.88308334350586,43.5443229675293,40.66682052612305,0.9890289365066778,2.8045706748962402,69.46476745605469,0.975,1.0,0.0,1.0,0.0,0.0,0.01631934382021427,0.2360771894454956,0.0,-0.020550275221467018,0.01268464419990778,0.05324885621666908,-2.0410947799682617,-1.9746628999710083,-1.8936028480529785,0.0,1.0
776192,758,5,178.8190675177541,193.0,-0.003520206199027598,3.2939299888908864,-1.6669340938329698,0.005609175020072144,0.0508544921875,1.270371150970459,49.7226683139801,2.3475217819213867,4.751629829406738,22.96770477294922,34.10099792480469,20.620180130004883,35.96706008911133,0.9805843897428145,2.62484073638916,189.7420196533203,1.0,1.0,0.0,1.0,0.0,0.0,0.02293442189693451,0.22243283689022064,0.0,-0.02027164027094841,0.012848318554461002,0.05389045923948288,-2.0405378341674805,-1.9743348360061646,-1.8923232555389404,0.0,1.0
777216,759,6,180.86151723758599,198.83333333333334,-0.0038431087043136357,1.6683660604059696,-1.666409420967102,0.008315302294795402,0.05830078125,1.3519976288080215,19.494098126888275,1.1190708875656128,3.167386770248413,39.034385681152344,37.39409637451172,37.915313720703125,37.899757385253906,0.9928254250900534,3.2472708225250244,62.04054260253906,1.0,1.0,0.0,1.0,0.0,0.0,0.022694213315844536,0.22884374856948853,0.0,-0.020334597676992416,0.012657642364501953,0.05338899791240692,-2.040663480758667,-1.974717140197754,-1.893323302268982,0.0,1.0
778240,760,7,153.72824460426006,179.14285714285714,-0.004878901195479557,4.363606850802898,-1.6693722397089004,0.006617807017755694,0.071923828125,1.2917437374591827,38.107255005836485,1.1097203493118286,5.103587627410889,28.606287002563477,40.47517013549805,27.496566772460938,41.3143424987793,0.9841008529218279,2.677659273147583,141.0134735107422,1.0,1.0,0.0,1.0,0.0,0.0,0.02703225612640381,0.21687772870063782,0.0,-0.0217177402228117,0.011784336529672146,0.0536806657910347,-2.043428659439087,-1.9764646291732788,-1.8927416801452637,0.0,1.0
779264,761,4,136.5071305180403,165.75,-0.0038964755251072345,1.7058883592486382,-1.6784443318843842,0.0048789289008709606,0.05244140625,1.3248351126909257,31.047429871559142,1.3300440311431885,3.4662532806396484,33.805850982666016,32.902496337890625,32.475807189941406,34.27677917480469,0.9889015337319101,2.9429328441619873,114.34322357177734,1.0,1.0,0.0,1.0,0.0,0.0,0.03253920003771782,0.23073849081993103,0.0,-0.023793229833245277,0.009763048030436039,0.0518483929336071,-2.047577381134033,-1.9805021286010742,-1.8963960409164429,0.0,1.0
780288,762,7,164.16173499338885,188.28571428571428,-0.004660464916378259,1.3203981235623359,-1.68653524518013,0.004950898312381468,0.0586669921875,1.2889339730143548,20.512087643146515,0.6777015328407288,2.770123243331909,32.42451477050781,40.21512222290039,31.746809005737305,41.00142288208008,0.9952551832158338,2.8329834938049316,63.09563446044922,1.0,1.0,0.0,1.0,0.0,0.0,0.0405900813639164,0.24140775203704834,0.0,-0.02441786229610443,0.009340387769043446,0.05274404585361481,-2.048825979232788,-1.9813486337661743,-1.8946095705032349,0.0,1.0
781312,763,7,140.4417599716023,164.71428571428572,-0.00589464062359184,1.3461771465837955,-1.6890060871839523,0.006413171566964593,0.0596435546875,1.0823599725961686,24.75446209907532,1.3675605058670044,2.667733907699585,30.88730239868164,39.27541732788086,29.51974105834961,39.495975494384766,0.9953863631771339,2.2939414978027344,83.39591217041016,0.975,1.0,0.0,1.0,0.0,0.0,0.033138226717710495,0.22435301542282104,0.0,-0.025294452905654907,0.008619296364486217,0.05218983069062233,-2.0505781173706055,-1.9827890396118164,-1.8957149982452393,0.0,1.0
782336,764,4,131.32400189506166,161.75,-0.002066934396862052,8.368658643960952,-1.6944483160972594,0.003412701033812482,0.02890625,1.152902589738369,56.95588359832764,0.20504099130630493,6.748790264129639,37.77086639404297,37.659202575683594,37.565818786621094,37.66826248168945,0.9678848774126285,2.013343572616577,205.6145782470703,1.0,1.0,0.0,1.0,0.0,0.0,0.02551131881773472,0.21884021162986755,0.0,-0.023743057623505592,0.007535092532634735,0.050101764500141144,-2.0474772453308105,-1.9849554300308228,-1.8998801708221436,0.0,1.0
783360,765,8,171.23467286476216,182.875,-0.0059126679203473035,7.296165615320206,-1.700527486205101,0.005859575654903892,0.065625,1.1961006179451943,62.00984332561493,-0.7794649004936218,6.873603820800781,29.77928352355957,39.36713409423828,30.558746337890625,40.63788604736328,0.9695139346385488,2.5514979362487793,206.84408569335938,1.0,1.0,0.0,1.0,0.0,0.0,0.032749902456998825,0.23463444411754608,0.0,-0.02398533560335636,0.007012169808149338,0.048587579280138016,-2.047961473464966,-1.9859976768493652,-1.902901291847229,0.0,1.0
784384,766,5,116.64217804882124,153.6,-0.004375875927507877,1.789870524406433,-1.705488133430481,0.0046216091432143,0.0561279296875,1.1831193685531616,24.10139956474304,0.4682217836380005,3.693504571914673,26.36277198791504,35.57633972167969,25.89455223083496,37.10930252075195,0.9892215889636301,2.7082650661468506,86.43644714355469,0.95,1.0,0.0,1.0,0.0,0.0,0.031039223074913025,0.21799030900001526,0.0,-0.023930929601192474,0.005339255090802908,0.04672250524163246,-2.0478527545928955,-1.989341139793396,-1.9066228866577148,0.0,1.0
785408,767,7,123.45901359819547,155.71428571428572,-0.003386312851216644,13.117163491249084,-1.7165100425481796,0.006280776951462031,0.078076171875,1.2535013534128665,48.87275166511536,-1.9823038578033447,7.242863178253174,54.32050323486328,38.82110595703125,56.30280303955078,38.42699432373047,0.9651915464669942,3.2343480587005615,142.15858459472656,0.9,1.0,0.0,1.0,0.0,0.0,0.0238689836114645,0.2262982428073883,0.0,-0.026340022683143616,0.0035739317536354065,0.04666744917631149,-2.0526678562164307,-1.9928703308105469,-1.9067327976226807,0.0,1.0
786432,768,5,156.92492424564807,179.6,-0.004653829813469202,7.257524845004082,-1.7195147544145584,0.005631284952687565,0.062158203125,1.1144813902676105,56.46511871814728,-0.7897763252258301,6.471231937408447,39.62139129638672,44.08381271362305,40.41116714477539,44.83009719848633,0.9784515705685984,2.5782673358917236,165.76303100585938,0.95,1.0,0.0,1.0,0.0,0.0,0.021985411643981934,0.22931203246116638,0.0,-0.02533656917512417,0.0048627229407429695,0.05018269643187523,-2.0506622791290283,-1.990299105644226,-1.8997187614440918,0.0,1.0
787456,769,6,168.75872483586036,189.83333333333334,-0.004562064382480457,10.987338611483574,-1.710373470187187,0.005115290122921579,0.0517333984375,1.1202892534434796,63.11573798656464,-1.4308326244354248,7.31266975402832,33.45008087158203,39.347900390625,34.88091278076172,39.05215835571289,0.965461080098534,2.513122320175171,172.24778747558594,0.975,1.0,0.0,1.0,0.0,0.0,0.02593647502362728,0.23239022493362427,0.0,-0.02364097535610199,0.006037410814315081,0.04973716661334038,-2.0472731590270996,-1.9879493713378906,-1.9006075859069824,0.0,1.0
788480,770,4,172.73864229191025,185.25,-0.004123262403300032,8.64917126595974,-1.7035081505775451,0.0052781413978664204,0.0437255859375,1.2183889970183372,64.3574850320816,3.302259922027588,6.734774112701416,30.67819595336914,40.51714324951172,27.375938415527344,44.40596008300781,0.9723707944223844,2.4767160415649414,220.94406127929688,1.0,1.0,0.0,1.0,0.0,0.0,0.026593679562211037,0.23835860192775726,0.0,-0.023526296019554138,0.007311718538403511,0.05255584791302681,-2.047043800354004,-1.9854050874710083,-1.8949849605560303,0.0,1.0
789504,771,6,170.4010739029944,185.83333333333334,-0.004806872410699725,4.5551529943943025,-1.6985616236925125,0.003683917358284816,0.0517822265625,1.1569287836551667,43.08234593868256,1.5147596597671509,5.062163352966309,35.67113494873047,38.19182586669922,34.156375885009766,41.05772018432617,0.982431630296725,2.193140983581543,136.1547088623047,1.0,1.0,0.0,1.0,0.0,0.0,0.009327881969511509,0.22256344556808472,0.0,-0.022460633888840675,0.0073225367814302444,0.051340483129024506,-2.0449137687683105,-1.985382080078125,-1.897409200668335,0.0,1.0
790528,772,5,192.6231524004297,212.0,-0.005708197713829577,6.231679454445839,-1.703480714559555,0.005531967298884411,0.0622802734375,1.3735830292105675,71.3259512424469,4.286943435668945,4.830269813537598,26.531570434570312,36.7040901184082,22.244626998901367,39.278968811035156,0.9826813544739884,3.165935516357422,233.97335815429688,1.0,1.0,0.0,1.0,0.0,0.0,0.015354816801846027,0.22382305562496185,0.0,-0.023454030975699425,0.005813371390104294,0.05054750666022301,-2.0468995571136475,-1.9883993864059448,-1.8989909887313843,0.0,1.0
791552,773,5,184.19676565702005,210.6,-0.006081928173080087,6.3863894760608675,-1.7087351590394975,0.004569928318960592,0.073095703125,1.224055653065443,39.191307830810544,0.54473876953125,5.127323150634766,31.251800537109375,36.0069694519043,30.707063674926758,35.097808837890625,0.9797227868625545,2.3634910583496094,114.78636169433594,0.975,1.0,0.0,1.0,0.0,0.0,0.02058248408138752,0.21929237246513367,0.0,-0.022688886150717735,0.006019644904881716,0.04981987178325653,-2.045370101928711,-1.9879850149154663,-1.9004426002502441,0.0,1.0
792576,774,6,149.1430408060228,176.5,-0.005043490062234923,4.1517820119857785,-1.7074547797441482,0.005173468297289219,0.069189453125,1.2011931613087654,36.84405477046967,-0.9930335879325867,4.935719013214111,40.76358413696289,39.053184509277344,41.756614685058594,37.63385772705078,0.9840269424726666,2.4517576694488525,112.98745727539062,1.0,1.0,0.0,1.0,0.0,0.0,0.029538875445723534,0.22243504226207733,0.0,-0.021239114925265312,0.005538997706025839,0.04883533716201782,-2.0424718856811523,-1.9889450073242188,-1.902406930923462,0.0,1.0
793600,775,4,154.61108209501933,177.5,-0.006166690459940583,3.7789700835943223,-1.710739067196846,0.00435247335844906,0.061865234375,1.1601533822715282,33.74423279762268,-0.5251709222793579,4.738625526428223,34.1390380859375,36.70039749145508,34.664207458496094,36.84466552734375,0.9833289383039404,2.3008038997650146,97.66034698486328,0.95,1.0,0.0,1.0,0.0,0.0,0.032737016677856445,0.22004064917564392,0.0,-0.01864035241305828,0.005465478170663118,0.04707927629351616,-2.037276268005371,-1.9890899658203125,-1.9059109687805176,0.0,1.0
794624,776,7,156.9841859486212,187.28571428571428,-0.007573379937093705,1.1304244481027126,-1.7096657931804657,0.00685197624261491,0.079248046875,1.15389352068305,16.04424455165863,0.0763101577758789,2.8714683055877686,36.193763732910156,37.32057571411133,36.117454528808594,38.12076187133789,0.9940801398117818,2.031558036804199,49.0020866394043,0.925,1.0,0.0,1.0,0.0,0.0,0.03685775026679039,0.22536246478557587,0.0,-0.01779046840965748,0.005872161593288183,0.047889843583106995,-2.0355772972106934,-1.988277792930603,-1.904293417930603,0.0,1.0
795648,777,6,156.11728826315345,183.5,-0.004739059403073042,4.533794116973877,-1.7108443826436996,0.0075267771288054066,0.071240234375,1.3728009313344955,41.02797088623047,2.4020440578460693,4.767299175262451,27.200376510620117,37.67479705810547,24.79833221435547,39.85612487792969,0.9839880943730963,2.8979201316833496,144.45169067382812,0.975,1.0,0.0,1.0,0.0,0.0,0.02301987074315548,0.22500376403331757,0.0,-0.019043587148189545,0.004521613474935293,0.04758715257048607,-2.0380825996398926,-1.9909791946411133,-1.9048974514007568,0.0,1.0
796672,778,6,155.27966320731906,184.0,-0.005583539156941697,3.720263335108757,-1.7184411823749541,0.005920692323707044,0.0796875,1.212925487756729,30.630344533920287,1.2670674324035645,4.318366050720215,27.457157135009766,38.01192092895508,26.19009017944336,37.941864013671875,0.9870937725690809,2.173785924911499,85.82220458984375,0.975,1.0,0.0,1.0,0.0,0.0,0.02480529248714447,0.22424179315567017,0.0,-0.019380763173103333,0.0038412977010011673,0.046541813760995865,-2.0387566089630127,-1.9923378229141235,-1.906983494758606,0.0,1.0
797696,779,4,146.21029835737164,172.5,-0.004907837859354914,1.6001207280904055,-1.720984661579132,0.006714147789170966,0.0577392578125,1.095594336092472,21.01757891178131,1.1733390092849731,3.1369669437408447,45.7777099609375,39.33788299560547,44.6043701171875,40.260658264160156,0.9936408667856248,2.455601692199707,80.48930358886719,0.975,1.0,0.0,1.0,0.0,0.0,0.02635272778570652,0.2201569527387619,0.0,-0.02007823809981346,0.00347311538644135,0.04608308523893356,-2.0401511192321777,-1.9930726289749146,-1.907899022102356,0.0,1.0
798720,780,5,179.19302239724726,199.2,-0.006597946374677121,3.7896572552621364,-1.7253182172775268,0.007251579366857186,0.06162109375,1.199977108091116,41.77771399021149,1.9956674575805664,4.544391632080078,39.24723815917969,41.042320251464844,37.25157165527344,41.91158676147461,0.9877400758599769,2.5516488552093506,134.30198669433594,0.975,1.0,0.0,1.0,0.0,0.0,0.015673715621232986,0.2246386557817459,0.0,-0.018449867144227028,0.002499771537259221,0.04387279972434044,-2.036895513534546,-1.9950166940689087,-1.9123106002807617,0.0,1.0
799744,781,6,191.75665351859712,203.83333333333334,-0.004553484081407077,4.088448713719845,-1.727803173661232,0.006652671033225488,0.0570556640625,1.0987999424338342,44.5188713312149,0.8620632886886597,4.863616943359375,40.34223175048828,38.696495056152344,39.48017120361328,38.8165397644043,0.9842029675796345,2.4029603004455566,161.99391174316406,0.95,1.0,0.0,1.0,0.0,0.0,0.032436616718769073,0.23283442854881287,0.0,-0.01854238100349903,0.002777554327622056,0.04507073014974594,-2.0370805263519287,-1.9944629669189453,-1.9099195003509521,0.0,1.0
800768,782,6,186.02891444102553,195.83333333333334,-0.005920290245558135,9.552804756164551,-1.7238443791866302,0.00731860267551383,0.086962890625,1.077566283941269,37.94538037776947,-0.5048240423202515,5.973989486694336,39.462345123291016,36.6396484375,39.96717071533203,36.14276123046875,0.9734156352075096,2.013650894165039,95.3056640625,0.975,1.0,0.0,1.0,0.0,0.0,0.037151921540498734,0.22455692291259766,0.0,-0.01994534768164158,0.0035772903356701136,0.0476311594247818,-2.0398855209350586,-1.9928666353225708,-1.9048097133636475,0.0,1.0
801792,783,7,132.35313963713165,161.28571428571428,-0.004818208533106372,5.708624100685119,-1.7210779577493667,0.005079157366708387,0.066015625,1.1797009631991386,47.061764168739316,0.9218844175338745,5.921988487243652,29.99516487121582,41.58760070800781,29.073280334472656,42.98290252685547,0.9797228310859618,2.1425671577453613,149.3202362060547,0.975,1.0,0.0,1.0,0.0,0.0,0.025282643735408783,0.21889157593250275,0.0,-0.021132981404662132,0.003739668056368828,0.04748918488621712,-2.042259693145752,-1.9925413131713867,-1.9050929546356201,0.0,1.0
802816,784,5,153.46163757543036,178.6,-0.0055040361825376746,5.157840497791767,-1.7237924128770827,0.006583349501306656,0.0513427734375,1.2689104124903678,47.68762555122375,-1.1172523498535156,5.355846405029297,43.86597442626953,38.85323715209961,44.98322677612305,38.07866668701172,0.9809978911946642,2.4245660305023193,197.01527404785156,0.975,1.0,0.0,1.0,0.0,0.0,0.0242747962474823,0.2251223474740982,0.0,-0.022136854007840157,0.002627704059705138,0.04722873494029045,-2.04426646232605,-1.9947643280029297,-1.9056127071380615,0.0,1.0
803840,785,4,191.753083896322,203.0,-0.003708208701573312,5.696344278752804,-1.7288856118917466,0.004666038912546355,0.0587890625,1.3426470726728439,45.874082279205325,1.7935431003570557,5.464199066162109,26.37960433959961,36.91488265991211,24.586063385009766,39.2312126159668,0.9780896156397576,2.9020543098449707,151.1525421142578,0.975,1.0,0.0,1.0,0.0,0.0,0.028199821710586548,0.22215531766414642,0.0,-0.02135590836405754,0.0023134436924010515,0.047196220606565475,-2.0427052974700928,-1.99539315700531,-1.9056775569915771,0.0,1.0
804864,786,6,156.30614484505358,174.0,-0.004583046218613163,2.7858674079179764,-1.7294757694005967,0.0034215468374895865,0.05458984375,1.141328639537096,37.333570551872256,-0.5104181170463562,4.11356258392334,41.137569427490234,39.19900894165039,41.647987365722656,38.6844596862793,0.9889874967430183,2.3567349910736084,112.4135971069336,0.975,1.0,0.0,1.0,0.0,0.0,0.045480091124773026,0.22716660797595978,0.0,-0.02094905450940132,0.0022271450143307447,0.044639166444540024,-2.0418920516967773,-1.995562195777893,-1.910780906677246,0.0,1.0
805888,787,7,143.3781640792508,163.42857142857142,-0.004805418686009944,3.4598792806267737,-1.7289984107017518,0.004698680702131241,0.05615234375,1.137696760892868,39.17107198238373,-0.09047450125217438,4.897299766540527,37.366275787353516,40.14057159423828,37.45675277709961,40.471832275390625,0.9851150874469043,2.1216752529144287,141.36441040039062,1.0,1.0,0.0,1.0,0.0,0.0,0.03403710946440697,0.2205362468957901,0.0,-0.021472273394465446,0.002680585952475667,0.044425275176763535,-2.042937994003296,-1.9946552515029907,-1.911207914352417,0.0,1.0
806912,788,6,159.79723483695207,175.33333333333334,-0.005365037324372679,3.4184031754732134,-1.7258124679327012,0.007982115806953516,0.0598876953125,1.285572674125433,23.680800902843476,0.7336651086807251,4.128273010253906,42.721946716308594,41.558799743652344,41.98828125,41.71761703491211,0.990132415838448,2.9280037879943848,56.35917663574219,0.95,1.0,0.0,1.0,0.0,0.0,0.040292173624038696,0.22340425848960876,0.0,-0.019831286743283272,0.003099231980741024,0.044065751135349274,-2.0396573543548584,-1.9938182830810547,-1.9119255542755127,0.0,1.0
807936,789,6,173.64097125612582,188.83333333333334,-0.003893221286125481,4.076595602929592,-1.7266365528106689,0.004674909092136659,0.0416259765625,1.3560843005776406,46.52213957309723,1.7478790283203125,5.051265716552734,27.728313446044922,39.77914810180664,25.98043441772461,41.90045166015625,0.9838753786694684,2.5947604179382324,174.51663208007812,1.0,1.0,0.0,1.0,0.0,0.0,0.03269774839282036,0.22063091397285461,0.0,-0.02123776264488697,0.0022691546473652124,0.04391803592443466,-2.042469024658203,-1.9954770803451538,-1.9122203588485718,0.0,1.0
808960,790,5,164.47113664234894,184.4,-0.005630848533473909,2.124015049636364,-1.7320486664772035,0.004520138651423622,0.063818359375,1.3906308487057686,31.550416219234467,0.5779336094856262,3.747535228729248,38.90305709838867,39.142940521240234,38.32512283325195,39.919395446777344,0.9908339001738125,3.5326504707336426,99.841064453125,1.0,1.0,0.0,1.0,0.0,0.0,0.02910907007753849,0.22223734855651855,0.0,-0.020657306537032127,0.0013898027827963233,0.04219867289066315,-2.041308641433716,-1.9972342252731323,-1.9156527519226074,0.0,1.0
809984,791,5,181.2672015399827,194.2,-0.005003124382346869,3.8209826171398165,-1.740652823448181,0.006305078502919059,0.0595703125,1.3316899299621583,33.28611719608307,1.4671146869659424,4.086545467376709,42.68310546875,40.2714958190918,41.21599197387695,41.418670654296875,0.9897028461217794,3.0343222618103027,119.79068756103516,0.975,1.0,0.0,1.0,0.0,0.0,0.03173062577843666,0.220540389418602,0.0,-0.021677818149328232,-0.0006601116037927568,0.03962760791182518,-2.043348789215088,-2.0013301372528076,-1.9207862615585327,0.0,1.0
811008,792,6,184.93077113330642,198.0,-0.005208562011830509,2.2819882348179816,-1.745070219039917,0.006866220974188764,0.0681884765625,1.172012659907341,32.31920038461685,1.3797072172164917,3.7679712772369385,44.91255187988281,46.250396728515625,43.53284454345703,47.23383331298828,0.9933628092985769,2.581873655319214,109.96651458740234,1.0,1.0,0.0,1.0,0.0,0.0,0.031241193413734436,0.22068217396736145,0.0,-0.021892322227358818,0.00042640560423024,0.041412610560655594,-2.0437777042388916,-1.999159336090088,-1.9172221422195435,0.0,1.0
812032,793,2,175.5985437919203,190.5,-0.0040501698502339424,6.69239974617958,-1.7379453837871552,0.006151542105362751,0.055859375,1.189864620566368,62.805113554000854,0.9023339152336121,6.073837757110596,34.299293518066406,33.28999710083008,33.3969612121582,33.76376724243164,0.9667111485521411,2.4350194931030273,214.54238891601562,0.95,1.0,0.0,1.0,0.0,0.0,0.03586135804653168,0.22329850494861603,0.0,-0.022618988528847694,0.0012273145839571953,0.043526142835617065,-2.0452301502227783,-1.997559905052185,-1.913002610206604,0.0,1.0
813056,794,7,209.7388779136791,214.14285714285714,-0.005027906858595088,2.9615803457796575,-1.7334750682115554,0.005984143834211864,0.067529296875,1.035473921149969,21.974671161174776,-0.8677908182144165,3.7406649589538574,57.091896057128906,41.243804931640625,57.959686279296875,40.925533294677734,0.9917741620075636,2.424832820892334,70.47422790527344,0.95,1.0,0.0,1.0,0.0,0.0,0.05237607657909393,0.22659337520599365,0.0,-0.02161385491490364,0.002205081982538104,0.04502566531300545,-2.0432209968566895,-1.995606780052185,-1.910009503364563,0.0,1.0
814080,795,4,158.21623592303038,184.0,-0.005112269992241636,4.0158111825585365,-1.7273660868406295,0.004375638921919745,0.0579833984375,1.1211923196911813,28.968852615356447,1.200696587562561,4.040487289428711,30.614700317382812,40.007102966308594,29.414003372192383,39.497276306152344,0.9898001621228462,2.2260982990264893,71.7494888305664,1.0,1.0,0.0,1.0,0.0,0.0,0.027580035850405693,0.21434830129146576,0.0,-0.023518290370702744,0.002999105490744114,0.046568844467401505,-2.047027826309204,-1.9940204620361328,-1.906929612159729,0.0,1.0
815104,796,4,237.08339730500552,245.5,-0.0032005818444304167,1.6867102339863778,-1.7274754226207734,0.00462356631323928,0.0433837890625,1.0642022646963596,27.405213272571565,0.005269523710012436,3.56538724899292,45.10860061645508,35.365211486816406,45.10333251953125,36.19548416137695,0.9898360873079642,2.4373514652252197,87.75413513183594,0.9,1.0,0.0,1.0,0.0,0.0,0.027684414759278297,0.21500054001808167,0.0,-0.02482687681913376,0.0019842388574033976,0.04452773928642273,-2.0496435165405273,-1.996047019958496,-1.9110033512115479,0.0,1.0
816128,797,8,170.3303714992731,184.75,-0.0039839880890212955,4.751557376980782,-1.734107455611229,0.00399089456332149,0.067626953125,1.2943381384015082,32.34293322563171,-0.278408944606781,4.903970718383789,45.23930358886719,45.528411865234375,45.5177116394043,45.401493072509766,0.988398055645656,2.647265672683716,97.34622955322266,1.0,1.0,0.0,1.0,0.0,0.0,0.052635859698057175,0.2220810353755951,0.0,-0.026250768452882767,0.0013936314499005675,0.04451910778880119,-2.0524895191192627,-1.9972280263900757,-1.9110205173492432,0.0,1.0
817152,798,7,147.96798890507515,167.28571428571428,-0.003176287724636495,7.569800782203674,-1.737111672759056,0.005380239278019871,0.059228515625,1.2488203145563603,71.09234957695007,-2.108344078063965,6.008929252624512,42.302860260009766,41.048011779785156,44.41120910644531,39.732086181640625,0.9785706054506795,2.6501004695892334,220.4811553955078,0.975,1.0,0.0,1.0,0.0,0.0,0.036636244505643845,0.21923421323299408,0.0,-0.02673248015344143,0.0005043469718657434,0.042481016367673874,-2.053452253341675,-1.999003291130066,-1.9150890111923218,0.0,1.0
818176,799,5,165.49392541925988,169.0,-0.004528070136439055,3.5242164701223375,-1.7405834645032883,0.0066086997467209585,0.05966796875,1.1595624893903733,46.536138677597044,-1.7140612602233887,4.480104446411133,39.929595947265625,40.18410873413086,41.64366149902344,39.949676513671875,0.9875701017152303,2.112766742706299,140.67733764648438,1.0,1.0,0.0,1.0,0.0,0.0,0.034672025591135025,0.2231973260641098,0.0,-0.027619635686278343,0.0005683790659531951,0.04184427112340927,-2.055225133895874,-1.998874545097351,-1.9163602590560913,0.0,1.0
819200,800,4,155.8680987644617,175.25,-0.005639001308009028,2.5108182497322558,-1.7393327504396439,0.003499022129108198,0.0736083984375,1.165020225942135,28.41664491891861,-1.3653324842453003,4.051588535308838,46.26908874511719,42.34708023071289,47.634422302246094,43.025596618652344,0.9908461521768994,2.226503610610962,99.93058776855469,0.975,1.0,0.0,1.0,0.0,0.0,0.021427907049655914,0.21845461428165436,0.0,-0.0282137468457222,0.0007053941953927279,0.04297752305865288,-2.0564124584198,-1.9986013174057007,-1.914097785949707,0.0,1.0
820224,801,8,156.07413169313335,186.75,-0.005509708891622722,15.39515641927719,-1.738407450914383,0.008978213454247453,0.0568359375,1.197408463060856,88.62525143623353,-3.200392246246338,8.081009864807129,37.82115936279297,36.35013198852539,41.02155303955078,36.233394622802734,0.9505781068814927,2.340088129043579,295.7262268066406,1.0,1.0,0.0,1.0,0.0,0.0,0.0345483161509037,0.21498891711235046,0.0,-0.027966482564806938,0.0010405346984043717,0.04507250338792801,-2.0559184551239014,-1.9979337453842163,-1.9099160432815552,0.0,1.0
821248,802,6,141.0573812468182,162.5,-0.0037556875264272093,5.735195563733578,-1.7406463950872422,0.005425040199770592,0.0513427734375,1.2618882268667222,49.874571561813354,0.7502389550209045,6.259484767913818,41.30095291137695,43.11737823486328,40.550716400146484,45.64252471923828,0.9789247610093031,2.747162103652954,242.53756713867188,0.975,1.0,0.0,1.0,0.0,0.0,0.023043205961585045,0.22284159064292908,0.0,-0.02972869761288166,-0.00040933358832262456,0.04332240670919418,-2.0594398975372314,-2.0008304119110107,-1.9134093523025513,0.0,1.0
822272,803,6,141.64148534982328,169.83333333333334,-0.005348468705778942,3.7587392956018446,-1.7452550143003465,0.006022245694475714,0.064501953125,1.054862992465496,30.135066294670104,-0.5217527151107788,4.381817817687988,34.27088165283203,40.9361457824707,34.792633056640625,40.992244720458984,0.9885423722889969,2.469838857650757,86.4387435913086,0.95,1.0,0.0,1.0,0.0,0.0,0.02173038385808468,0.22010540962219238,0.0,-0.030289070680737495,4.7823286877246574e-05,0.045736972242593765,-2.0605595111846924,-1.999918818473816,-1.9085898399353027,0.0,1.0
823296,804,6,147.85441415719677,176.83333333333334,-0.006033674138598144,1.5194523587822915,-1.7418548524379731,0.006486857922573109,0.071728515625,1.3063022211194038,25.86762931346893,-0.6336621046066284,3.007105588912964,38.28833770751953,39.481388092041016,38.9219970703125,39.236907958984375,0.9941988706803503,2.746166944503784,90.20621490478516,0.975,1.0,0.0,1.0,0.0,0.0,0.03960864618420601,0.2285325825214386,0.0,-0.029534434899687767,0.0001959272922249511,0.047501340508461,-2.059051752090454,-1.9996248483657837,-1.9050687551498413,0.0,1.0
824320,805,5,187.9032665159373,186.6,-0.0023153262212872506,7.402482478320598,-1.7443779706954956,0.0057103946164716035,0.0518310546875,1.5902538284659387,66.54885778427123,2.266692638397217,6.778970241546631,27.8238525390625,36.4432373046875,25.557161331176758,39.24037551879883,0.9653986069177236,3.6792943477630615,216.07557678222656,1.0,1.0,0.0,1.0,0.0,0.0,0.03455342724919319,0.22104643285274506,0.0,-0.030408497899770737,-0.0008275710861198604,0.0481855645775795,-2.060798168182373,-2.0016720294952393,-1.9037034511566162,0.0,1.0
825344,806,7,128.7951757085629,156.28571428571428,-0.004370530298911035,6.9284583002328874,-1.7505147069692613,0.006446569840773009,0.0658447265625,1.1282343775033952,53.877123951911926,-0.31034812331199646,6.312926769256592,43.927467346191406,42.10725402832031,44.23781204223633,41.64552688598633,0.9775225197448745,2.4978697299957275,145.76683044433594,1.0,1.0,0.0,1.0,0.0,0.0,0.04654337093234062,0.2261844426393509,0.0,-0.03103664144873619,-0.0014444281114265323,0.04906336963176727,-2.0620534420013428,-2.002906084060669,-1.9019519090652466,0.0,1.0
826368,807,5,169.157505456305,182.6,-0.004820635099895299,2.8484873712062835,-1.7502861768007278,0.00885066054033814,0.0667724609375,1.2239179998636245,35.84911533594131,0.7553339004516602,4.111762046813965,35.60559844970703,39.13905715942383,34.85026550292969,39.43782043457031,0.9889634016339777,2.578146457672119,108.77950286865234,1.0,1.0,0.0,1.0,0.0,0.0,0.025174245238304138,0.22019913792610168,0.0,-0.030638666823506355,-0.0006349856848828495,0.049819719046354294,-2.06125807762146,-2.001288652420044,-1.9004429578781128,0.0,1.0
827392,808,5,184.47142497415652,196.0,-0.006284468213561922,2.2422992281615732,-1.7442909359931946,0.003025124089617748,0.0589599609375,1.3062389567494392,28.344840633869172,0.5859845280647278,3.9097847938537598,27.331424713134766,36.781394958496094,26.745437622070312,37.90700912475586,0.9887007570274801,2.4120781421661377,81.5150375366211,1.0,1.0,0.0,1.0,0.0,0.0,0.038132864981889725,0.2268393337726593,0.0,-0.02974664978682995,-0.00010223794379271567,0.05000373721122742,-2.0594756603240967,-2.0002243518829346,-1.9000757932662964,0.0,1.0
828416,809,7,140.4453705784883,162.28571428571428,-0.004927342711016536,0.9778520692139864,-1.7408708304166793,0.005558683586423285,0.0541259765625,1.026507666707039,16.908620643615723,-0.24845555424690247,2.573857307434082,43.90034103393555,39.37242889404297,44.14879608154297,39.26791763305664,0.9957264923203761,2.4414684772491455,51.755462646484375,0.925,1.0,0.0,1.0,0.0,0.0,0.03119255043566227,0.2248789221048355,0.0,-0.02699331007897854,0.0010786060011014342,0.04985469952225685,-2.053973436355591,-1.9978643655776978,-1.900373101234436,0.0,1.0
829440,810,6,147.10395663958505,169.16666666666666,-0.004705778253264725,3.0796971201896666,-1.735720971226692,0.0013369414446060546,0.047265625,1.116265968233347,45.477868711948396,-0.08432278037071228,4.604376316070557,37.43282699584961,44.59839630126953,37.51715087890625,46.1579704284668,0.9893413261305202,2.4845826625823975,149.59774780273438,0.975,1.0,0.0,1.0,0.0,0.0,0.03136437013745308,0.22174108028411865,0.0,-0.02747173048555851,0.0010955436155200005,0.052536338567733765,-2.054929733276367,-1.9978338479995728,-1.8950238227844238,0.0,1.0
830464,811,5,164.9216208728232,184.0,-0.0041753706871531905,2.677315603941679,-1.737057888507843,0.003547418984817341,0.052734375,1.0397873125970363,24.528730607032777,-0.4452703595161438,3.772477388381958,44.69409942626953,39.90998458862305,45.139366149902344,39.54622268676758,0.9910650892876606,1.7931984663009644,81.02217102050781,0.975,1.0,0.0,1.0,0.0,0.0,0.03494603931903839,0.21513718366622925,0.0,-0.025756390765309334,0.0009652239386923611,0.05161203071475029,-2.0515012741088867,-1.9980939626693726,-1.8968675136566162,0.0,1.0
831488,812,6,181.88405155163537,195.33333333333334,-0.005455150082707405,1.7155952136963606,-1.735540109872818,0.005017582391155883,0.070849609375,1.1955512322485446,21.175977563858034,0.3185800015926361,3.308811902999878,35.84474182128906,40.444889068603516,35.52616500854492,41.18853759765625,0.993307060639156,2.7913222312927246,74.55458068847656,0.95,1.0,0.0,1.0,0.0,0.0,0.04056181758642197,0.2260521948337555,0.0,-0.025323770940303802,0.00156407558824867,0.050938691943883896,-2.0506367683410645,-1.996895432472229,-1.8982106447219849,0.0,1.0
832512,813,5,164.57947190678027,181.0,-0.005248367844615132,6.386485984921455,-1.7330403447151184,0.005087072917376645,0.0555419921875,1.2594599574804306,42.44713706970215,0.265227735042572,6.034816741943359,39.40260314941406,42.20523452758789,39.13737487792969,43.51587677001953,0.9795546042036559,2.281869649887085,139.1287384033203,1.0,1.0,0.0,1.0,0.0,0.0,0.040101420134305954,0.21907466650009155,0.0,-0.02402459643781185,0.0017034903867170215,0.05084292218089104,-2.0480399131774902,-1.9966169595718384,-1.8984017372131348,0.0,1.0
833536,814,6,185.47638039402202,194.83333333333334,-0.006221381708746776,4.317886321246624,-1.7302063018083573,0.008617235926794819,0.0732421875,1.4048617780208588,64.10285761356354,1.8924237489700317,5.089132308959961,30.26077651977539,38.35038375854492,28.36835479736328,40.4080810546875,0.9823904585944292,2.4217631816864014,228.31143188476562,1.0,1.0,0.0,1.0,0.0,0.0,0.025264238938689232,0.21440759301185608,0.0,-0.02333415299654007,0.002772829495370388,0.05204387381672859,-2.0466599464416504,-1.9944802522659302,-1.8960061073303223,0.0,1.0
834560,815,3,181.8429656590719,204.0,-0.004278520471416414,9.509586465358733,-1.726882940530777,0.0033664094269624913,0.0513427734375,1.1172348469495774,65.76246345043182,0.9802809953689575,7.243504047393799,32.88138198852539,36.68609619140625,31.901100158691406,38.74424743652344,0.9610152749557024,1.9766063690185547,244.69473266601562,1.0,1.0,0.0,1.0,0.0,0.0,0.018797442317008972,0.2143353819847107,0.0,-0.02231760136783123,0.0024458589032292366,0.050032760947942734,-2.0446279048919678,-1.9951318502426147,-1.9000178575515747,0.0,1.0
835584,816,7,155.80772242227343,170.57142857142858,-0.0038613072596490384,3.0073229052126407,-1.7319873541593551,0.006632132246159017,0.0532470703125,1.0770678259432316,22.64914869070053,-0.7546917200088501,4.039774417877197,42.127532958984375,33.157859802246094,42.882225036621094,32.23523712158203,0.9851563301340918,3.047266960144043,68.09937286376953,0.95,1.0,0.0,1.0,0.0,0.0,0.03311903774738312,0.21236389875411987,0.0,-0.024881526827812195,0.0012695819605141878,0.0496537983417511,-2.049752712249756,-1.997482419013977,-1.9007738828659058,0.0,1.0
836608,817,7,137.0812837372801,168.85714285714286,-0.00453793719643727,2.2878505006432532,-1.7366914570331573,0.0070222738882876005,0.057470703125,1.192713589966297,28.29236993789673,0.7298020124435425,3.453263521194458,27.24383544921875,36.12540054321289,26.51403045654297,36.47924041748047,0.9908623572446714,2.3049113750457764,77.85059356689453,1.0,1.0,0.0,1.0,0.0,0.0,0.029709244146943092,0.21815702319145203,0.0,-0.025851048529148102,0.0009943582117557526,0.04994506388902664,-2.0516905784606934,-1.9980329275131226,-1.9001928567886353,0.0,1.0
837632,818,5,139.72256045152363,169.2,-0.0037512365146540106,2.7121980734169484,-1.7414269894361496,0.005390954358153977,0.0519775390625,1.0223552256822586,26.739477384090424,1.304943323135376,4.229285717010498,33.094085693359375,38.31471252441406,31.789140701293945,39.33750534057617,0.9878156346962385,2.219890594482422,102.5471420288086,0.975,1.0,0.0,1.0,0.0,0.0,0.02260899543762207,0.21421243250370026,0.0,-0.02619670331478119,-0.0006368626491166651,0.048249609768390656,-2.0523815155029297,-2.0012917518615723,-1.9035755395889282,0.0,1.0
838656,819,5,155.70360255260016,176.4,-0.006421785685233772,4.3859493166208265,-1.7534979581832886,0.0004518388130236417,0.0501953125,1.1571330212056636,39.51834714412689,1.4177297353744507,4.794795036315918,31.92184829711914,39.05279541015625,30.50411605834961,40.210140228271484,0.9849257454640599,2.5663723945617676,148.1520538330078,0.975,1.0,0.0,1.0,0.0,0.0,0.027710609138011932,0.21549394726753235,0.0,-0.028038324788212776,-0.0031377046834677458,0.04456097260117531,-2.0560619831085205,-2.0062859058380127,-1.910936951637268,0.0,1.0
839680,820,7,165.30807618425334,181.85714285714286,-0.003919398202560842,5.718860729038715,-1.7611482083797454,0.006024722935399041,0.0600830078125,1.1899243347346782,37.125654792785646,0.9298865795135498,5.838136196136475,30.751022338867188,36.46110153198242,29.821134567260742,37.535247802734375,0.9743617180497295,2.261112689971924,109.22639465332031,0.95,1.0,0.0,1.0,0.0,0.0,0.031697582453489304,0.23227334022521973,0.0,-0.026467440649867058,-0.0022831305395811796,0.045685384422540665,-2.052922487258911,-2.004579544067383,-1.908692717552185,0.0,1.0
840704,821,6,150.4012555397691,171.5,-0.006103040429297835,1.7986139088869095,-1.7572236835956574,0.006559711242152844,0.0813720703125,1.3806587412953377,26.28267902135849,0.32235801219940186,3.3201510906219482,33.71843719482422,39.34748840332031,33.396080017089844,40.1133918762207,0.9928799733906826,2.708498954772949,98.98123168945312,1.0,1.0,0.0,1.0,0.0,0.0,0.03443477675318718,0.2278180867433548,0.0,-0.027467941865324974,-0.002623745473101735,0.04573310539126396,-2.054922103881836,-2.0052602291107178,-1.908597469329834,0.0,1.0
841728,822,6,125.15589066467976,155.33333333333334,-0.004657503368798643,4.7599921226501465,-1.7621835947036744,0.003770822469959967,0.0437255859375,1.082564188539982,33.48803569078446,0.7606421709060669,4.811123371124268,39.01116180419922,38.297157287597656,38.250518798828125,37.32006072998047,0.9842180770685464,1.8843003511428833,99.41126251220703,1.0,1.0,0.0,1.0,0.0,0.0,0.029760634526610374,0.2122269570827484,0.0,-0.029275668784976006,-0.0036162203177809715,0.04268889129161835,-2.058534622192383,-2.0072405338287354,-1.9146740436553955,0.0,1.0
842752,823,6,158.8932717100995,184.33333333333334,-0.0034101202385500074,2.4467148780822754,-1.7646531462669373,0.004711312988365535,0.0453125,1.3372509837150575,24.56772346496582,1.3759266138076782,3.733189344406128,43.28117370605469,43.2612419128418,41.905250549316406,44.62211608886719,0.9925533305832929,2.629263162612915,84.8999252319336,1.0,1.0,0.0,1.0,0.0,0.0,0.026959655806422234,0.21345585584640503,0.0,-0.029161062091588974,-0.003550568362697959,0.04314262419939041,-2.058305501937866,-2.007110357284546,-1.9137682914733887,0.0,1.0
843776,824,4,223.6740399509231,221.0,-0.006658295926172286,3.199971279501915,-1.7641616582870483,0.007537863313336857,0.0767578125,1.176638799160719,36.82950772047043,0.9252820611000061,4.325398921966553,26.430984497070312,34.85408020019531,25.505706787109375,36.044837951660156,0.9845991363629302,2.4766738414764404,120.54615783691406,0.925,1.0,0.0,1.0,0.0,0.0,0.016443058848381042,0.20965994894504547,0.0,-0.02835852839052677,-0.0034959849435836077,0.04365583881735802,-2.056701898574829,-2.0070018768310547,-1.9127438068389893,0.0,1.0
844800,825,6,162.64865417933618,184.83333333333334,-0.004900023562368005,3.770424817502499,-1.764140647649765,0.005612908340117429,0.052392578125,1.207614228874445,40.229361701011655,1.5288565158843994,4.980329513549805,45.338871002197266,39.530189514160156,43.81001281738281,40.843143463134766,0.9841270268432643,2.1731419563293457,163.22146606445312,0.925,1.0,0.0,1.0,0.0,0.0,0.03442559018731117,0.21424442529678345,0.0,-0.028140971437096596,-0.0033780662342906,0.045531272888183594,-2.056267023086548,-2.0067672729492188,-1.909000277519226,0.0,1.0
845824,826,6,166.51552479579047,180.0,-0.005007185484282672,3.736186847090721,-1.76516555249691,0.003739183871948626,0.05830078125,1.059535237401724,34.79410659074783,0.6620955467224121,4.859496593475342,38.22772216796875,40.608428955078125,37.56562423706055,40.950172424316406,0.9856797649722281,3.0144107341766357,132.6504364013672,0.925,1.0,0.0,1.0,0.0,0.0,0.027917489409446716,0.2120625227689743,0.0,-0.02863362617790699,-0.0040067085064947605,0.04497700184583664,-2.0572516918182373,-2.008023500442505,-1.9101066589355469,0.0,1.0
846848,827,6,176.76633086457116,195.16666666666666,-0.008586736617144198,9.485347303748132,-1.765918532013893,0.011481932672904805,0.0903564453125,1.1979410827159882,67.02334725856781,3.086380958557129,6.573948860168457,26.84642791748047,39.152130126953125,23.760047912597656,40.80168151855469,0.9718069583303544,2.6305973529815674,215.96444702148438,1.0,1.0,0.0,1.0,0.0,0.0,0.0193244069814682,0.21294564008712769,0.0,-0.0304450374096632,-0.0034014403354376554,0.046636518090963364,-2.0608713626861572,-2.0068156719207764,-1.906794548034668,0.0,1.0
847872,828,4,184.00167922894073,191.0,-0.005155613418901339,2.1780083015561105,-1.7660615563392639,0.0049665852435282435,0.0593994140625,1.3849964335560798,22.160683596134184,0.2713831663131714,3.8120827674865723,38.79499816894531,39.3419303894043,38.52361297607422,41.03277587890625,0.9906111296279001,2.6671690940856934,74.58322143554688,1.0,1.0,0.0,1.0,0.0,0.0,0.023388264700770378,0.2081303894519806,0.0,-0.03165019676089287,-0.004618057515472174,0.04541242867708206,-2.063279151916504,-2.009244441986084,-1.9092375040054321,0.0,1.0
848896,829,7,166.68794149320752,186.28571428571428,-0.004905644420068711,3.3339505910873415,-1.7742261171340943,0.004106159768707584,0.0583740234375,1.1294704645872116,28.446574330329895,0.17483752965927124,4.0563201904296875,34.923736572265625,40.17333984375,34.7489013671875,40.2689323425293,0.9898049683454426,2.830359935760498,90.00022888183594,0.975,1.0,0.0,1.0,0.0,0.0,0.028232380747795105,0.21897628903388977,0.0,-0.03286989405751228,-0.005655925255268812,0.04478345811367035,-2.065716028213501,-2.0113184452056885,-1.9104928970336914,0.0,1.0
849920,830,7,137.8679829692093,156.71428571428572,-0.0057124253653455526,8.11619009077549,-1.7780198186635972,0.005575556593248621,0.087939453125,1.245462616533041,39.02839925289154,-0.03483101725578308,6.1200103759765625,32.77878952026367,41.77785873413086,32.813621520996094,41.253719329833984,0.9785408767766635,2.7814581394195557,151.6499481201172,0.925,1.0,0.0,1.0,0.0,0.0,0.019375137984752655,0.21885381639003754,0.0,-0.0333033911883831,-0.005760412197560072,0.04657938703894615,-2.066582202911377,-2.011528730392456,-1.9069085121154785,0.0,1.0
850944,831,5,132.60815360204407,155.4,-0.004842683608876542,4.134923177957535,-1.7772462636232376,0.007677060485002584,0.06806640625,1.3508521363139152,35.07526822090149,0.0846061110496521,4.871199607849121,43.69474411010742,37.03585433959961,43.610137939453125,36.41395568847656,0.9827007564594511,2.495842218399048,102.73033905029297,1.0,1.0,0.0,1.0,0.0,0.0,0.02820284105837345,0.22182516753673553,0.0,-0.0318756178021431,-0.005501756444573402,0.0467616431415081,-2.063729763031006,-2.011011838912964,-1.906544804573059,0.0,1.0
851968,832,6,192.8153068787628,197.66666666666666,-0.00628955002175644,6.715515127778053,-1.7771770715713502,0.007824752949818502,0.0873291015625,1.4938872158527374,61.532013940811154,1.7209678888320923,6.4901957511901855,28.40911293029785,36.322200775146484,26.68814468383789,38.61579513549805,0.9680720304541107,3.668710470199585,194.09559631347656,1.0,1.0,0.0,1.0,0.0,0.0,0.022810323163866997,0.21901927888393402,0.0,-0.033617738634347916,-0.006025558803230524,0.047762028872966766,-2.0672101974487305,-2.012059450149536,-1.9045485258102417,0.0,1.0
852992,833,6,139.28883188454267,165.33333333333334,-0.00549542015651241,4.27895313501358,-1.7818971663713454,0.004852294207375962,0.0602294921875,1.1113011449575425,26.810836911201477,-1.2250498533248901,4.380966663360596,40.3319091796875,43.13426208496094,41.55695724487305,42.0330696105957,0.9896843855764053,2.427896738052368,70.61428833007812,0.95,1.0,0.0,1.0,0.0,0.0,0.027294568717479706,0.2095288336277008,0.0,-0.0336490161716938,-0.006858052685856819,0.04550563544034958,-2.067272663116455,-2.013720750808716,-1.909051537513733,0.0,1.0
854016,834,5,148.83717760553304,171.8,-0.006850792397744954,5.8761694729328156,-1.7838302195072173,0.007206751647754572,0.08193359375,1.0228949800133704,47.598046731948855,-0.7331948280334473,5.941287040710449,41.16193389892578,38.48984146118164,41.89512634277344,39.28349685668945,0.9761730322496314,2.1078789234161377,156.0578155517578,0.95,1.0,0.0,1.0,0.0,0.0,0.023368647322058678,0.21286462247371674,0.0,-0.03444286063313484,-0.00665010092779994,0.047586359083652496,-2.0688583850860596,-2.0133068561553955,-1.904899001121521,0.0,1.0
855040,835,6,188.63398706592685,203.33333333333334,-0.00629330261144787,2.0360616661608217,-1.7819235801696778,0.003801767420372926,0.0670654296875,1.138920558989048,21.195554423332215,0.8026078939437866,3.4478700160980225,33.63462448120117,40.36158752441406,32.83201599121094,41.572303771972656,0.9927026480213933,1.969595193862915,70.43143463134766,1.0,1.0,0.0,1.0,0.0,0.0,0.029501115903258324,0.21335478127002716,0.0,-0.034992948174476624,-0.0063341520726680756,0.04867148399353027,-2.0699572563171387,-2.012676477432251,-1.9027338027954102,0.0,1.0
856064,836,4,176.2593073299403,198.75,-0.004870681138709187,5.587964762747288,-1.782007598876953,0.00670118406706024,0.0570068359375,1.2849473670125007,50.56173932552338,2.439338207244873,5.676063060760498,31.81655502319336,42.3481559753418,29.377216339111328,45.30622100830078,0.9820350729483187,2.417341709136963,162.28309631347656,1.0,1.0,0.0,1.0,0.0,0.0,0.022150354459881783,0.21027089655399323,0.0,-0.03485186770558357,-0.006708592642098665,0.04795076698064804,-2.0696754455566406,-2.0134239196777344,-1.9041719436645508,0.0,1.0
857088,837,5,166.52168729058164,183.0,-0.0037509596208110453,0.8854215122759342,-1.7828029900789262,0.006669742440863047,0.064501953125,1.2203443080186844,21.509027302265167,1.04343581199646,2.5920937061309814,44.66740798950195,34.0661506652832,43.62397003173828,34.80561065673828,0.9942103105802754,1.8564534187316895,94.42081451416016,0.975,1.0,0.0,1.0,0.0,0.0,0.02623121440410614,0.2238117754459381,0.0,-0.03499467298388481,-0.006500245537608862,0.04893980175256729,-2.069960832595825,-2.0130093097686768,-1.9021984338760376,0.0,1.0
858112,838,8,173.66186380332422,190.375,-0.0036255689221434293,4.295691032707691,-1.7826394706964492,0.005318401448312216,0.0676513671875,1.2467814311385155,37.856066823005676,0.48707816004753113,5.276063919067383,35.498477935791016,44.599979400634766,35.01140213012695,44.92488098144531,0.9860057150379845,3.287635564804077,128.0792236328125,0.975,1.0,0.0,1.0,0.0,0.0,0.02695249579846859,0.21153408288955688,0.0,-0.03640737757086754,-0.006795262452214956,0.049175940454006195,-2.072782516479492,-2.0135982036590576,-1.901727318763733,0.0,1.0
859136,839,4,146.01816811187973,164.5,-0.004509303113445639,2.646477095782757,-1.7885523378849029,0.006567504539270885,0.05,1.1458377122879029,29.318424463272095,1.0878071784973145,3.8774728775024414,31.991519927978516,32.57197189331055,30.90371322631836,33.85346221923828,0.9858287083159111,2.5677859783172607,91.8857650756836,0.975,1.0,0.0,1.0,0.0,0.0,0.011107890866696835,0.2032976746559143,0.0,-0.038507234305143356,-0.008445553481578827,0.05089695751667023,-2.0769765377044678,-2.016895055770874,-1.8982938528060913,0.0,1.0
860160,840,6,192.56609883867714,213.5,-0.0035572967841289937,3.3555769115686416,-1.7997743248939515,0.007733536184241529,0.0814453125,1.4108566597104073,54.098498821258545,2.6554994583129883,4.791040420532227,28.005056381225586,40.98529052734375,25.349557876586914,43.0460205078125,0.9863351888990041,3.430067777633667,209.3565673828125,0.975,1.0,0.0,1.0,0.0,0.0,0.023125886917114258,0.20894329249858856,0.0,-0.04237918555736542,-0.010422348976135254,0.049564965069293976,-2.084707736968994,-2.020843267440796,-1.9009511470794678,0.0,1.0
861184,841,5,130.5555432811785,163.0,-0.006923982183798217,4.493973983824253,-1.805952712893486,0.006764960984583013,0.0837158203125,1.1415954411029816,43.334425473213194,1.7186756134033203,5.18025016784668,41.17414855957031,39.249229431152344,39.45547103881836,39.85594940185547,0.982580359463882,2.822436809539795,162.1868438720703,1.0,1.0,0.0,1.0,0.0,0.0,0.02146691083908081,0.21251410245895386,0.0,-0.04253841191530228,-0.00999639742076397,0.05070038139820099,-2.0850255489349365,-2.019991397857666,-1.8986860513687134,0.0,1.0
862208,842,5,205.83006418383448,210.2,-0.004578041681088507,4.588338184356689,-1.8011233776807785,0.0084471632813802,0.0594482421875,1.2414750434458255,48.9581140756607,1.604679822921753,4.811373710632324,25.451988220214844,34.708492279052734,23.847305297851562,36.54237747192383,0.9807838322467111,2.1588430404663086,177.69821166992188,0.975,1.0,0.0,1.0,0.0,0.0,0.01637154631316662,0.20917414128780365,0.0,-0.042864084243774414,-0.009548897854983807,0.05120367929339409,-2.0856757164001465,-2.0190982818603516,-1.8976820707321167,0.0,1.0
863232,843,4,212.08102911097416,227.5,-0.00264167616260238,7.878203949332237,-1.799656057357788,0.0030511500022839754,0.0287841796875,1.0656017675995826,51.407881426811215,4.197043418884277,5.903607368469238,33.37236785888672,39.217987060546875,29.175325393676758,42.369964599609375,0.9773397671965665,2.3839852809906006,166.10311889648438,1.0,1.0,0.0,1.0,0.0,0.0,0.024133877828717232,0.2046189308166504,0.0,-0.041846852749586105,-0.009433135390281677,0.051401279866695404,-2.0836448669433594,-2.0188686847686768,-1.8972878456115723,0.0,1.0
864256,844,7,164.0870593952007,182.42857142857142,-0.004821987415198237,4.560913373529911,-1.7979606926441192,0.008620739770412911,0.0765380859375,1.1630802035331727,34.581914615631106,-0.49635177850723267,5.012458801269531,41.231117248535156,40.34979248046875,41.72747039794922,39.06725311279297,0.9845681142725411,2.3296058177948,121.42103576660156,0.95,1.0,0.0,1.0,0.0,0.0,0.01498731691390276,0.21246711909770966,0.0,-0.041924990713596344,-0.008705136366188526,0.05295342952013016,-2.083800792694092,-2.0174152851104736,-1.8941919803619385,0.0,1.0
865280,845,4,143.5194222788587,162.75,-0.002670452103484422,2.5605809718370436,-1.7960460036993027,0.00262147321482189,0.0424072265625,1.1473433569073677,27.659295797348022,1.596367597579956,3.317805767059326,40.30632781982422,34.149723052978516,38.709957122802734,33.851200103759766,0.9905609663806562,1.8552378416061401,90.02561950683594,1.0,1.0,0.0,1.0,0.0,0.0,0.012292656116187572,0.21596412360668182,0.0,-0.042124193161726,-0.009200464934110641,0.05283718556165695,-2.084198474884033,-2.0184035301208496,-1.8944238424301147,0.0,1.0
866304,846,6,175.47264094987483,203.33333333333334,-0.00333878209348768,8.783751699328423,-1.799775156378746,0.006068312165734824,0.0502685546875,1.1860669642686843,58.50168061256409,1.5156441926956177,6.56616735458374,32.823909759521484,37.05526351928711,31.308265686035156,37.927494049072266,0.968600406357364,1.9282549619674683,177.0821990966797,1.0,1.0,0.0,1.0,0.0,0.0,0.018482273444533348,0.2120758593082428,0.0,-0.042780742049217224,-0.009587434120476246,0.0529276579618454,-2.0855093002319336,-2.019176483154297,-1.8942434787750244,0.0,1.0
867328,847,5,178.28924170075464,194.6,-0.0054944086819887165,1.4339438021183013,-1.8044057071208954,0.003935243882006034,0.0629150390625,1.2264047898352146,24.03252363204956,1.218329668045044,2.959416627883911,34.830780029296875,37.88192367553711,33.61245346069336,39.28346252441406,0.9938969316792707,2.6998629570007324,95.49393463134766,0.975,1.0,0.0,1.0,0.0,0.0,0.018765198066830635,0.2135036587715149,0.0,-0.044646795839071274,-0.011308657936751842,0.050379008054733276,-2.0892343521118164,-2.022611379623413,-1.8993271589279175,0.0,1.0
868352,848,8,155.46020945990836,185.875,-0.006904601422138512,3.747443275153637,-1.8148226231336593,0.005317179880512413,0.07763671875,1.3717213869094849,37.653307819366454,0.6775023341178894,4.355640411376953,33.00379943847656,44.693939208984375,32.3262939453125,44.69331359863281,0.9905025551843716,2.601402997970581,115.59516143798828,1.0,1.0,0.0,1.0,0.0,0.0,0.013246703892946243,0.21597684919834137,0.0,-0.047622982412576675,-0.012493851594626904,0.050380680710077286,-2.0951740741729736,-2.024977684020996,-1.89932382106781,0.0,1.0
869376,849,2,142.63365003864163,167.0,-0.004780993127496913,1.56975900195539,-1.8191238164901733,0.0057038703555008395,0.0424560546875,1.1550102949142456,21.57363955974579,0.5296651721000671,3.3980958461761475,53.102027893066406,33.83359909057617,52.57236099243164,32.856056213378906,0.9899127005739061,2.749228000640869,74.08062744140625,1.0,1.0,0.0,1.0,0.0,0.0,0.009580712765455246,0.20531444251537323,0.0,-0.04747414216399193,-0.012710962444543839,0.048445574939250946,-2.094877004623413,-2.0254108905792236,-1.9031845331192017,0.0,1.0
870400,850,7,211.85174307734275,220.71428571428572,-0.006375594169367105,5.242491193115711,-1.8174896538257599,0.006077144305163529,0.0799560546875,1.2138105183839798,46.87350772619247,-0.14625360071659088,5.84739351272583,44.29563903808594,47.35653305053711,44.44188690185547,47.31407165527344,0.9847536870999878,2.3109612464904785,145.9783477783203,1.0,1.0,0.0,1.0,0.0,0.0,0.02296663261950016,0.21783989667892456,0.0,-0.04576686769723892,-0.011818234808743,0.048745203763246536,-2.0914697647094727,-2.023627519607544,-1.9025866985321045,0.0,1.0
871424,851,4,183.11153587831834,195.0,-0.0033402111614122985,2.9288244917988777,-1.8137041240930558,0.004838169651338831,0.04423828125,1.1431105956435204,25.174662363529205,1.1629467010498047,3.8107450008392334,33.879878997802734,39.03250503540039,32.71693420410156,39.19261932373047,0.9904683748196778,2.02235746383667,85.0508041381836,1.0,1.0,0.0,1.0,0.0,0.0,0.008595879189670086,0.2151087373495102,0.0,-0.04519875347614288,-0.011996389366686344,0.04798015579581261,-2.0903360843658447,-2.0239837169647217,-1.9041132926940918,0.0,1.0
872448,852,5,203.7289769243778,205.6,-0.004315256635891274,2.2223303534090517,-1.819421374797821,0.0028433782033971513,0.03974609375,1.1874034330248833,29.088417279720307,-0.29872697591781616,3.9263782501220703,48.191627502441406,42.461463928222656,48.490352630615234,43.10989761352539,0.9914494450441518,2.439098358154297,99.4857406616211,1.0,1.0,0.0,1.0,0.0,0.0,0.025700880214571953,0.22770413756370544,0.0,-0.047016263008117676,-0.013723122887313366,0.04588455706834793,-2.093963384628296,-2.0274314880371094,-1.9082952737808228,0.0,1.0
873472,853,6,170.7713146204286,185.16666666666666,-0.005508232826832682,2.403569605946541,-1.8279178380966186,0.005776565105770714,0.066357421875,1.3242532558739186,30.03656357526779,1.9824341535568237,3.7013742923736572,40.72701644897461,43.0045280456543,38.74458312988281,43.480865478515625,0.9925920555821037,2.7164809703826904,105.83065795898438,0.975,1.0,0.0,1.0,0.0,0.0,0.0308718029409647,0.21701961755752563,0.0,-0.04899029806256294,-0.014343147166073322,0.0459139347076416,-2.097902297973633,-2.0286662578582764,-1.9082366228103638,0.0,1.0
874496,854,4,229.64951692761872,228.25,-0.005407044081948698,1.2817232087254524,-1.8317709118127823,0.005683162859349977,0.0647705078125,1.2803078964352608,28.009764385223388,1.1039624214172363,2.7400007247924805,33.25836944580078,38.224952697753906,32.1544075012207,38.98619842529297,0.9948618420921731,2.5534350872039795,92.77984619140625,0.95,1.0,0.0,1.0,0.0,0.0,0.017075106501579285,0.20641197264194489,0.0,-0.04994017258286476,-0.015267334878444672,0.04439328610897064,-2.099797487258911,-2.0305113792419434,-1.9112716913223267,0.0,1.0
875520,855,6,161.79998583016533,188.66666666666666,-0.003870916285086423,2.1340201653540136,-1.8346719533205031,0.004004132193222177,0.0579345703125,1.1830475732684136,25.451270151138306,-0.42551037669181824,3.573263645172119,37.97264099121094,38.952735900878906,38.39814758300781,38.36507034301758,0.9915849984271395,2.023285388946533,90.5641860961914,0.975,1.0,0.0,1.0,0.0,0.0,0.015613262541592121,0.2354225069284439,0.0,-0.048360466957092285,-0.01513636950403452,0.04457589611411095,-2.0966455936431885,-2.0302505493164062,-1.91090726852417,0.0,1.0
876544,856,6,133.8310177350515,166.16666666666666,-0.005377064133062959,6.2618021875619885,-1.8345961719751358,0.004655797102896031,0.066015625,0.9600852474570274,44.903533005714415,-1.5238488912582397,5.391804218292236,41.18721389770508,37.7574348449707,42.711063385009766,36.258323669433594,0.9796078365418167,1.8928784132003784,145.30517578125,0.875,1.0,0.0,1.0,0.0,0.0,0.01150822639465332,0.2028360515832901,0.0,-0.04741692543029785,-0.015445607714354992,0.04342075064778328,-2.0947628021240234,-2.0308682918548584,-1.9132130146026611,0.0,1.0
877568,857,6,138.13894646648416,172.16666666666666,-0.005702199734514579,3.9961930364370346,-1.8350955575704575,0.007330754809663631,0.09775390625,1.1780410334467888,35.73438732624054,-0.0760454535484314,4.975649833679199,44.15575408935547,41.12453842163086,44.2318000793457,40.75331497192383,0.9853614664100006,2.790968894958496,113.66490173339844,0.975,1.0,0.0,1.0,0.0,0.0,0.020219692960381508,0.21323221921920776,0.0,-0.046089645475149155,-0.015116381458938122,0.044252943247556686,-2.092113971710205,-2.030212163925171,-1.911551833152771,0.0,1.0
878592,858,4,196.31371109200754,200.75,-0.004943193832878024,4.656450332701207,-1.8354641556739808,0.007097039898508228,0.0597412109375,1.3177237913012505,43.68639297485352,1.183718204498291,5.058790683746338,38.23463439941406,39.98233413696289,37.05091857910156,41.6622428894043,0.9839912624313614,2.3392093181610107,153.06077575683594,1.0,1.0,0.0,1.0,0.0,0.0,0.004931348375976086,0.2164037823677063,0.0,-0.047081008553504944,-0.015799274668097496,0.04274168610572815,-2.094092607498169,-2.0315754413604736,-1.9145686626434326,0.0,1.0
879616,859,6,193.43080044540747,212.33333333333334,-0.003935149183962494,1.865608775615692,-1.8410123080015182,0.005084252674714662,0.0603759765625,1.419900819659233,37.156169259548186,1.5609657764434814,3.2763121128082275,36.511810302734375,38.669227600097656,34.950843811035156,39.65806198120117,0.992821404338777,2.8816237449645996,121.58718872070312,1.0,1.0,0.0,1.0,0.0,0.0,0.019518638029694557,0.21803615987300873,0.0,-0.04830480366945267,-0.01684093475341797,0.042030129581689835,-2.096534490585327,-2.0336546897888184,-1.9159891605377197,0.0,1.0
880640,860,5,178.76257289534766,191.4,-0.0055124336504377425,2.5241489544510842,-1.8450547069311143,0.0028014978641294876,0.0489013671875,1.2040219157934189,21.585181570053102,-0.4015347957611084,3.596195936203003,33.629974365234375,41.87797927856445,34.03150939941406,41.24695587158203,0.9926257936610622,2.0733110904693604,74.20610046386719,0.975,1.0,0.0,1.0,0.0,0.0,0.013073685579001904,0.21459758281707764,0.0,-0.04776691645383835,-0.017004910856485367,0.04221493378281593,-2.095461130142212,-2.033982753753662,-1.91562020778656,0.0,1.0
881664,861,5,147.97637792014342,173.8,-0.0035326282668393105,1.1657187011092902,-1.8472454458475114,0.007098325986589771,0.068994140625,1.4776172891259194,22.322150921821596,1.1854469776153564,3.0904505252838135,49.063106536865234,36.87358093261719,47.877655029296875,38.39990234375,0.9929755396226053,3.133338451385498,85.96403503417969,0.975,1.0,0.0,1.0,0.0,0.0,0.01183229312300682,0.21310462057590485,0.0,-0.049036964774131775,-0.017847327515482903,0.04181750863790512,-2.0979952812194824,-2.035660982131958,-1.91641366481781,0.0,1.0
882688,862,6,189.31172948500716,209.5,-0.004794777475763112,2.264520724862814,-1.8517836958169938,0.008521028720133472,0.0723388671875,1.405302807688713,30.05151734352112,0.49610382318496704,3.8374135494232178,33.358516693115234,43.75886535644531,32.86241149902344,44.0284423828125,0.9923096669092553,2.7774384021759033,95.62445068359375,0.95,1.0,0.0,1.0,0.0,0.0,0.011199168860912323,0.21878711879253387,0.0,-0.04951421916484833,-0.01829671300947666,0.04088956117630005,-2.098947525024414,-2.0365612506866455,-1.9182664155960083,0.0,1.0
883712,863,4,180.86530627089854,183.25,-0.006617587723303587,3.5693164087831972,-1.8512161314487456,0.005504163126170169,0.064208984375,1.2795709662139416,44.11522812843323,-1.3031864166259766,4.5828986167907715,48.20967102050781,32.69898223876953,49.512855529785156,31.89948081970215,0.9803568123763826,2.1143746376037598,177.22235107421875,0.975,1.0,0.0,1.0,0.0,0.0,0.017217639833688736,0.22360879182815552,0.0,-0.04863644391298294,-0.017521820962429047,0.043049659579992294,-2.097196340560913,-2.0350115299224854,-1.9139537811279297,0.0,1.0
884736,864,7,162.12580370711675,183.28571428571428,-0.0036704309517517687,3.2269078314304354,-1.8428132385015488,0.005364192821434699,0.0600830078125,1.1762550070881843,31.84452990293503,-1.1349446773529053,4.102292060852051,47.486595153808594,43.684234619140625,48.621543884277344,43.748191833496094,0.9911813173768684,2.4952824115753174,85.50262451171875,1.0,1.0,0.0,1.0,0.0,0.0,0.029518693685531616,0.2204122692346573,0.0,-0.047153495252132416,-0.015580583363771439,0.04736382141709328,-2.0942370891571045,-2.031139373779297,-1.9053431749343872,0.0,1.0
885760,865,4,141.325078171653,166.75,-0.004597758012823761,2.2943903878331184,-1.8371406883001327,0.006547983849304728,0.05888671875,1.4484772875905036,24.74871584177017,0.30812084674835205,3.285703182220459,29.94512939453125,37.67704391479492,29.637008666992188,38.89252471923828,0.9923949330070652,3.215404748916626,79.08585357666016,1.0,1.0,0.0,1.0,0.0,0.0,0.0012785574654117227,0.20114363729953766,0.0,-0.04866774380207062,-0.01618317887187004,0.04855723679065704,-2.0972588062286377,-2.0323402881622314,-1.9029617309570312,0.0,1.0
886784,866,6,202.65647830275748,224.5,-0.003946754158823751,6.913876731693745,-1.8457343578338623,0.007124842883786187,0.066552734375,1.4549490123987199,58.82020919322967,1.4686143398284912,6.85774564743042,29.96925926208496,42.454933166503906,28.50064468383789,46.17353439331055,0.9739080575800292,3.4897685050964355,211.0990447998047,0.975,1.0,0.0,1.0,0.0,0.0,0.012224498204886913,0.2171017974615097,0.0,-0.05135589465498924,-0.018283670768141747,0.04614737257361412,-2.102621555328369,-2.036529779434204,-1.9077707529067993,0.0,1.0
887808,867,6,152.9463983970519,183.16666666666666,-0.004680362131330185,4.951646634936333,-1.8536266922950744,0.003167910428601317,0.0671875,1.1657853670418263,43.57803390026093,0.07906827330589294,5.465731143951416,38.796630859375,40.74455261230469,38.71756362915039,40.971885681152344,0.9820047699724337,2.7031948566436768,139.69374084472656,0.975,1.0,0.0,1.0,0.0,0.0,0.016314251348376274,0.22171121835708618,0.0,-0.05083190277218819,-0.018076281994581223,0.04461833834648132,-2.101576328277588,-2.0361173152923584,-1.9108225107192993,0.0,1.0
888832,868,6,171.3092439855693,176.0,-0.004633365420158952,2.1727445043623446,-1.8540994226932526,0.00891011018975405,0.0841796875,1.5892045244574546,34.17116711139679,1.0950767993927002,3.862945795059204,33.68893051147461,39.491207122802734,32.59385681152344,41.15929412841797,0.9904316647174143,4.426663875579834,117.47235107421875,0.975,1.0,0.0,1.0,0.0,0.0,0.0107124550268054,0.2068120390176773,0.0,-0.05177602916955948,-0.019265716895461082,0.04402993246912956,-2.103459596633911,-2.0384905338287354,-1.9119969606399536,0.0,1.0
889856,869,5,143.8485835370869,173.2,-0.004944638430606574,3.7919833973050117,-1.8630294054746628,0.004679838901211042,0.07216796875,1.2030763387680055,29.42406690120697,0.33635058999061584,4.6434454917907715,39.620445251464844,43.18346405029297,39.284095764160156,43.65618133544922,0.9884376607264141,2.0680294036865234,85.4798355102539,1.0,1.0,0.0,1.0,0.0,0.0,0.02672775834798813,0.21227532625198364,0.0,-0.05360428988933563,-0.0205853134393692,0.04235358163714409,-2.1071059703826904,-2.041126251220703,-1.9153434038162231,0.0,1.0
890880,870,4,160.79508483295797,186.75,-0.006749935040716082,1.7312477841973304,-1.8677130162715911,0.006256643665255979,0.0664794921875,1.1778198517858982,30.545952093601226,1.6386982202529907,3.21085786819458,36.94258499145508,36.645355224609375,35.30388641357422,38.14844512939453,0.9923227749825078,2.2715933322906494,111.37525177001953,0.975,1.0,0.0,1.0,0.0,0.0,0.007476916071027517,0.20776838064193726,0.0,-0.055632904171943665,-0.020939091220498085,0.04145768657326698,-2.1111512184143066,-2.0418283939361572,-1.9171321392059326,0.0,1.0
891904,871,8,187.72672780070428,200.0,-0.0037231978261843325,2.4572915099561214,-1.8705970346927643,0.005526866852596868,0.0508544921875,1.2081087924540044,22.95680068731308,0.814285159111023,3.6782145500183105,41.32494354248047,47.30677032470703,40.51066207885742,48.0059928894043,0.9939545667523609,2.3657238483428955,80.81755828857422,0.975,1.0,0.0,1.0,0.0,0.0,0.014563347212970257,0.20401407778263092,0.0,-0.05666590854525566,-0.021754465997219086,0.041170112788677216,-2.113210678100586,-2.0434582233428955,-1.9177062511444092,0.0,1.0
892928,872,3,162.84470610291905,187.33333333333334,-0.006018725500325672,7.729805001616478,-1.8745939999818801,0.0033194264018675313,0.083154296875,1.2343841418623924,41.04065337181091,0.003042757511138916,6.385157108306885,40.20241165161133,35.06624984741211,40.19936752319336,35.93323516845703,0.9668438196406033,2.315272331237793,117.12508392333984,0.975,1.0,0.0,1.0,0.0,0.0,0.00683513144031167,0.20386528968811035,0.0,-0.05835333466529846,-0.021999316290020943,0.043196674436330795,-2.116574287414551,-2.0439441204071045,-1.9136602878570557,0.0,1.0
893952,873,5,175.34676689043974,201.4,-0.006053952622460201,4.904304142296314,-1.8746555209159852,0.009520434866135474,0.1002197265625,1.5822776809334755,46.61853737831116,1.35835599899292,5.431787967681885,37.506839752197266,46.02491760253906,36.14848327636719,46.91952133178711,0.9860716525462367,2.9848217964172363,175.17910766601562,1.0,1.0,0.0,1.0,0.0,0.0,0.020551947876811028,0.21907798945903778,0.0,-0.05933431163430214,-0.021865321323275566,0.044416990131139755,-2.1185295581817627,-2.0436744689941406,-1.911224365234375,0.0,1.0
894976,874,3,192.76903818834649,208.0,-0.004769063659477979,2.903117146342993,-1.8786807745695113,0.005723263404797762,0.054150390625,1.316859021782875,49.44416623115539,1.9654533863067627,4.34451150894165,36.912784576416016,36.77914810180664,34.94733428955078,39.00553894042969,0.9860466492170031,2.8659071922302246,188.75228881835938,0.975,1.0,0.0,1.0,0.0,0.0,-0.010323661379516125,0.1982961744070053,0.0,-0.05977405607700348,-0.023647496476769447,0.042005620896816254,-2.11940598487854,-2.0472309589385986,-1.916038155555725,0.0,1.0
896000,875,8,208.487391803101,222.875,-0.005408963497029617,1.8966863021254539,-1.889222827553749,0.00755772995762527,0.08955078125,1.295765219628811,16.689422285556795,0.1270010769367218,3.1811206340789795,42.672115325927734,38.78097152709961,42.54511260986328,38.008121490478516,0.9932714270115985,2.5553455352783203,37.57798767089844,1.0,1.0,0.0,1.0,0.0,0.0,0.012743927538394928,0.2089204490184784,0.0,-0.06119200214743614,-0.024941973388195038,0.04123099520802498,-2.1222314834594727,-2.049809694290161,-1.9175846576690674,0.0,1.0
897024,876,4,125.66584543084957,147.0,-0.0057623018568847325,4.559274727106095,-1.894841331243515,0.006545279046986252,0.073046875,1.3420395985245706,49.192088913917544,1.368123173713684,5.300863265991211,38.68137741088867,39.78688430786133,37.313255310058594,41.24906539916992,0.9822493857905816,2.897284984588623,158.5293731689453,0.975,1.0,0.0,1.0,0.0,0.0,0.00949886068701744,0.2082367092370987,0.0,-0.06203155592083931,-0.025784259662032127,0.04070883244276047,-2.123904228210449,-2.0514919757843018,-1.9186272621154785,0.0,1.0
898048,877,7,191.36997662103198,209.71428571428572,-0.004629529255907983,4.246710115671158,-1.8998996913433075,0.006790040136547759,0.071435546875,1.3614418849349021,39.636144399642944,0.5854202508926392,5.250293254852295,34.4861946105957,43.13234329223633,33.90077209472656,44.38022994995117,0.9851829747002889,2.739720582962036,147.22335815429688,1.0,1.0,0.0,1.0,0.0,0.0,0.021800115704536438,0.21548958122730255,0.0,-0.061498239636421204,-0.02644551359117031,0.039839740842580795,-2.1228415966033936,-2.0528106689453125,-1.9203625917434692,0.0,1.0
899072,878,4,185.65381888290142,209.25,-0.004266816697781906,2.799072831124067,-1.904056930541992,0.005643787492590491,0.056689453125,1.3254979871213437,40.746635699272154,1.8657598495483398,4.233608245849609,41.76210021972656,39.27153778076172,39.89634323120117,41.37757110595703,0.9883784123009939,3.0883901119232178,169.98118591308594,0.925,1.0,0.0,1.0,0.0,0.0,0.011994333006441593,0.1975552886724472,0.0,-0.06235736981034279,-0.02731419913470745,0.037604961544275284,-2.1245534420013428,-2.0545475482940674,-1.9248255491256714,0.0,1.0
900096,879,4,220.07543734906307,225.0,-0.003034312278032303,5.927848449349403,-1.9067497909069062,0.004341546077921521,0.0506591796875,1.441006314754486,36.10804077386856,1.971274971961975,5.072737693786621,38.122215270996094,39.82097244262695,36.15093994140625,41.57688903808594,0.9837721457770754,2.5671651363372803,102.5333251953125,1.0,1.0,0.0,1.0,0.0,0.0,0.006774334702640772,0.20136326551437378,0.0,-0.06409955769777298,-0.02730286307632923,0.03869877755641937,-2.128023862838745,-2.054518461227417,-1.9226410388946533,0.0,1.0
901120,880,6,164.01827517176062,193.66666666666666,-0.004321057716151699,6.2686528950929645,-1.9090437471866608,0.00594064927281579,0.0494140625,1.2921662718057632,44.633799123764035,1.1973626613616943,5.942531108856201,33.970306396484375,42.98339080810547,32.77294158935547,44.91160202026367,0.9808864402570902,2.148364782333374,163.48568725585938,1.0,1.0,0.0,1.0,0.0,0.0,0.009844976477324963,0.20909057557582855,0.0,-0.06542056798934937,-0.02829645574092865,0.03757113590836525,-2.130654811859131,-2.0565006732940674,-1.9248930215835571,0.0,1.0
902144,881,4,213.49223383525924,225.75,-0.004271762078860775,5.145671213418245,-1.910615861415863,0.0031931566321873107,0.049072265625,1.1088484950363635,40.964239311218265,0.5995121598243713,5.547532081604004,39.765438079833984,37.344539642333984,39.165924072265625,37.941734313964844,0.9779328916879549,1.8014144897460938,129.99700927734375,0.975,1.0,0.0,1.0,0.0,0.0,0.00037844059988856316,0.1954389065504074,0.0,-0.06539221107959747,-0.027222469449043274,0.03850460425019264,-2.130598306655884,-2.05436110496521,-1.923028826713562,0.0,1.0
903168,882,6,198.14899330639764,216.83333333333334,-0.003706705232616514,4.730220347642899,-1.9076897501945496,0.005157738574780524,0.0572021484375,1.6542053543031217,50.369979572296145,3.33701753616333,4.879222869873047,35.22754669189453,42.04346466064453,31.890527725219727,43.753028869628906,0.9865319622203502,3.9230077266693115,191.7655792236328,0.975,1.0,0.0,1.0,0.0,0.0,0.015020806342363358,0.2088892012834549,0.0,-0.06642913818359375,-0.028092747554183006,0.037067711353302,-2.1326632499694824,-2.0560925006866455,-1.925898551940918,0.0,1.0
904192,883,3,178.33386071590863,193.66666666666666,-0.004788944742176682,5.1149558335542675,-1.915280717611313,0.0064464819050044754,0.0565673828125,1.1864655166864395,35.61902468204498,1.6415512561798096,5.305156707763672,34.65406799316406,38.86385726928711,33.012516021728516,39.265384674072266,0.981366064279999,2.3480749130249023,102.80894470214844,0.95,1.0,0.0,1.0,0.0,0.0,-0.00474966038018465,0.21248126029968262,0.0,-0.06968451291322708,-0.029421858489513397,0.033841509371995926,-2.139143943786621,-2.058746337890625,-1.932342767715454,0.0,1.0
905216,884,6,197.66783310503413,206.0,-0.0036630093411076812,3.454973028600216,-1.9232992202043533,0.0037221965423668733,0.06376953125,1.2800568461418151,36.0983699798584,1.2921984195709229,4.403092861175537,49.332313537597656,40.52806854248047,48.04011535644531,40.055419921875,0.9881966878800058,2.6679747104644775,136.48440551757812,1.0,1.0,0.0,1.0,0.0,0.0,0.022203391417860985,0.2016986608505249,0.0,-0.0698060691356659,-0.03073035180568695,0.03212084621191025,-2.13938570022583,-2.0613534450531006,-1.93578040599823,0.0,1.0
906240,885,6,174.02882159757266,186.5,-0.0037832786736544223,3.743773490190506,-1.92842638194561,0.007926168384437915,0.071630859375,1.5574114941060544,31.303973150253295,0.6662545800209045,4.46068000793457,44.98143005371094,40.3864631652832,44.31517028808594,39.94708251953125,0.9878008236348089,3.483213186264038,91.88059997558594,0.975,1.0,0.0,1.0,0.0,0.0,0.019504321739077568,0.2037009745836258,0.0,-0.06955990195274353,-0.03099830448627472,0.03173954784870148,-2.1388957500457764,-2.0618927478790283,-1.936542272567749,0.0,1.0
907264,886,5,161.59701153038492,176.6,-0.004493593046208844,14.394411632418633,-1.9312379240989686,0.004838585157995112,0.0595947265625,1.3233986809849738,62.28332653045654,-0.021663188934326172,8.216935157775879,33.00641632080078,38.47813034057617,33.028076171875,39.09495162963867,0.9543971631302965,2.3951995372772217,163.2331085205078,0.975,1.0,0.0,1.0,0.0,0.0,-0.0007029064581729472,0.19812707602977753,0.0,-0.06997663527727127,-0.031962741166353226,0.031112605705857277,-2.1397252082824707,-2.063817262649536,-1.937794804573059,0.0,1.0
908288,887,6,182.16444364720255,206.66666666666666,-0.005252740089781582,1.2008111752569675,-1.9377322226762772,0.0037028795093647206,0.066943359375,1.341676913201809,14.379190802574158,0.7151165008544922,2.567246675491333,42.81138610839844,44.82966995239258,42.09626770019531,45.31181716918945,0.9967205266745183,2.4802088737487793,47.088287353515625,0.975,1.0,0.0,1.0,0.0,0.0,0.016947509720921516,0.20786502957344055,0.0,-0.07225918769836426,-0.0332234725356102,0.030463121831417084,-2.1442673206329346,-2.066326379776001,-1.9390926361083984,0.0,1.0
909312,888,6,170.13319867413756,171.66666666666666,-0.005440304876537993,5.525985358655452,-1.9388394832611084,0.006211275565146934,0.0716796875,1.379690980911255,32.90500236749649,0.06034749746322632,5.366312503814697,45.0648193359375,38.61183166503906,45.00447082519531,37.911651611328125,0.9806842683679479,3.0456652641296387,82.50699615478516,0.95,1.0,0.0,1.0,0.0,0.0,0.011785116046667099,0.2054937332868576,0.0,-0.06910746544599533,-0.031557854264974594,0.031589869409799576,-2.1379952430725098,-2.063009262084961,-1.9368412494659424,0.0,1.0
910336,889,6,170.25968836062665,177.0,-0.00584703161730431,6.351427340507508,-1.9286257177591324,0.004787646447948646,0.060888671875,1.1683258399367333,40.13352982997894,-0.6857906579971313,5.702608585357666,46.508365631103516,45.235965728759766,47.194156646728516,44.69508361816406,0.98410796852322,2.796746015548706,105.99571228027344,1.0,1.0,0.0,1.0,0.0,0.0,0.017913339659571648,0.20725801587104797,0.0,-0.06910768151283264,-0.030459849163889885,0.03292643278837204,-2.137995719909668,-2.060819149017334,-1.9341709613800049,0.0,1.0
911360,890,3,187.54455373001315,195.33333333333334,-0.006383733474649489,4.679032054543495,-1.9274957478046417,0.009419943325337955,0.0926513671875,1.3232978641986848,38.24205904006958,-0.6613619327545166,5.155691623687744,41.849517822265625,34.40571594238281,42.51087951660156,32.704689025878906,0.9775450213867444,2.86891770362854,110.36097717285156,0.925,1.0,0.0,1.0,0.0,0.0,0.009940545074641705,0.2055150717496872,0.0,-0.07199648022651672,-0.031249798834323883,0.035135891288518906,-2.143744707107544,-2.0623841285705566,-1.9297571182250977,0.0,1.0
912384,891,7,158.13468609769038,179.42857142857142,-0.00383303357521072,3.6587191082537176,-1.9364020198583602,0.005965623364318162,0.0446044921875,1.1728762082755566,39.343802988529205,1.4976750612258911,5.261458396911621,42.796791076660156,45.00013732910156,41.29911804199219,47.310028076171875,0.9863294955633377,2.2426135540008545,146.43995666503906,0.975,1.0,0.0,1.0,0.0,0.0,0.01842731423676014,0.20360976457595825,0.0,-0.0741674154996872,-0.03363816812634468,0.03250521793961525,-2.1480634212493896,-2.0671463012695312,-1.9350124597549438,0.0,1.0
913408,892,3,197.6076283752817,208.0,-0.006630195741308853,5.143207368254662,-1.9483703672885895,0.005098248040303588,0.075390625,1.2738148480653764,61.41746122837067,1.0380915403366089,5.684024810791016,36.87261962890625,36.082489013671875,35.834529876708984,37.59965896606445,0.9751847310534055,2.1850476264953613,199.74673461914062,0.975,1.0,0.0,1.0,0.0,0.0,-0.005476217716932297,0.20326782763004303,0.0,-0.0749337375164032,-0.034587208181619644,0.029142580926418304,-2.149587631225586,-2.0690457820892334,-1.941731333732605,0.0,1.0
914432,893,7,225.40179893741183,232.28571428571428,-0.004706343612633645,9.602656877040863,-1.951918935775757,0.005044229922350496,0.05283203125,1.3796076096594334,58.298356604576114,3.2961947917938232,6.4347991943359375,37.5062141418457,48.57716751098633,34.210018157958984,51.16273880004883,0.9824528916595578,2.4834556579589844,193.72695922851562,0.975,1.0,0.0,1.0,0.0,0.0,0.01945125125348568,0.21123455464839935,0.0,-0.07596337050199509,-0.03529570251703262,0.028263818472623825,-2.15163516998291,-2.0704524517059326,-1.9434874057769775,0.0,1.0
915456,894,2,170.27157033481436,204.0,-0.004895099508576095,12.127086862921715,-1.9557485103607177,0.006002279826498124,0.081591796875,1.4674292340874673,52.39889647960663,-0.27899685502052307,6.936442852020264,46.586769104003906,36.30421829223633,46.865760803222656,36.058773040771484,0.9634944022388564,3.8214831352233887,143.18093872070312,1.0,1.0,0.0,1.0,0.0,0.0,0.003078443231061101,0.2029273808002472,0.0,-0.07612455636262894,-0.03547388315200806,0.02825455740094185,-2.1519556045532227,-2.0708119869232178,-1.943505883216858,0.0,1.0
916480,895,6,233.47976344504755,236.66666666666666,-0.004557396424934268,2.258416821807623,-1.9556884467601776,0.005477878045348916,0.065966796875,1.3915117353200912,29.82584590911865,0.9217500686645508,3.8773488998413086,34.039146423339844,39.92899703979492,33.117393493652344,41.21303176879883,0.9905704081523196,3.106630802154541,105.58707427978516,1.0,1.0,0.0,1.0,0.0,0.0,0.011771286837756634,0.1995815932750702,0.0,-0.07710719108581543,-0.035667672753334045,0.02805517241358757,-2.15390944480896,-2.071197748184204,-1.9439043998718262,0.0,1.0
917504,896,5,154.11218046957515,181.8,-0.005665615084581077,1.1101175919175148,-1.9571696162223815,0.0029814277237164787,0.048583984375,1.0571352772414684,18.694836020469666,0.1770426332950592,2.779573440551758,45.024051666259766,37.55380630493164,44.847007751464844,37.87771224975586,0.994521667849332,2.455805778503418,66.06802368164062,0.95,1.0,0.0,1.0,0.0,0.0,0.01783115789294243,0.20598207414150238,0.0,-0.07666216790676117,-0.035733263939619064,0.027654161676764488,-2.153024673461914,-2.0713248252868652,-1.9447057247161865,0.0,1.0
918528,897,7,161.90501102254333,185.57142857142858,-0.004703988024266437,10.135671424865723,-1.954534614086151,0.005602383922087029,0.0760009765625,1.0931532472372054,53.32337927818298,-0.8242758512496948,6.861034393310547,48.96967697143555,45.352928161621094,49.79395294189453,43.58985137939453,0.9771140709704332,2.011382818222046,158.5437774658203,1.0,1.0,0.0,1.0,0.0,0.0,0.025354458019137383,0.21910078823566437,0.0,-0.07503384351730347,-0.03452847898006439,0.02970307134091854,-2.1497867107391357,-2.0689280033111572,-1.9406113624572754,0.0,1.0
919552,898,4,183.97777308333582,190.0,-0.00535306574893184,5.770782619714737,-1.9481003552675247,0.00597424661682453,0.0864013671875,1.2737616419792175,56.84830343723297,1.0451087951660156,5.617393970489502,39.64644241333008,39.96733474731445,38.60133361816406,41.56420135498047,0.9802458041054393,2.296511173248291,188.36289978027344,1.0,1.0,0.0,1.0,0.0,0.0,0.004877289291471243,0.1963687241077423,0.0,-0.07501217722892761,-0.034040238708257675,0.030346402898430824,-2.1497435569763184,-2.0679538249969482,-1.9393258094787598,0.0,1.0
920576,899,7,201.497869503325,216.71428571428572,-0.004681458999402821,9.662202244997024,-1.9490588903427124,0.008876373914245051,0.0750732421875,1.4713269218802452,72.93066742420197,1.0204856395721436,7.5721940994262695,33.22975158691406,41.753318786621094,32.20926284790039,44.80189514160156,0.9671101798463732,3.152268171310425,229.00828552246094,1.0,1.0,0.0,1.0,0.0,0.0,0.016092583537101746,0.1971239298582077,0.0,-0.07668804377317429,-0.03477201610803604,0.030797651037573814,-2.153076171875,-2.0694072246551514,-1.9384241104125977,0.0,1.0
921600,900,3,203.34554420943084,220.66666666666666,-0.0039398233406245705,3.615229232609272,-1.9512155771255493,0.006068048860470299,0.0727294921875,1.1774245634675027,31.44463963508606,0.11802598834037781,4.722937107086182,39.36236572265625,38.2920036315918,39.24433898925781,38.98011016845703,0.9847872354037781,2.7456252574920654,99.79547119140625,0.975,1.0,0.0,1.0,0.0,0.0,0.008154161274433136,0.18769259750843048,0.0,-0.07733475416898727,-0.034790001809597015,0.030700214207172394,-2.1543619632720947,-2.0694408416748047,-1.9386188983917236,0.0,1.0
922624,901,5,151.0622046370407,189.2,-0.0032475845946464688,7.369005280733108,-1.9559262812137603,0.004432141172583215,0.045703125,1.2398747637867928,59.39899718761444,1.0928010940551758,6.771721363067627,41.67461013793945,41.893775939941406,40.581809997558594,42.89801788330078,0.9738724257079866,3.034372329711914,193.33761596679688,1.0,1.0,0.0,1.0,0.0,0.0,0.015641141682863235,0.20635449886322021,0.0,-0.07766305655241013,-0.03633863106369972,0.02827555686235428,-2.1550145149230957,-2.0725338459014893,-1.943463921546936,0.0,1.0
923648,902,4,205.98040371343023,214.75,-0.00648962208069861,3.291753315925598,-1.9648531556129456,0.006417769916879479,0.085400390625,1.4193314135074615,34.84314240217209,1.1830475330352783,4.145317077636719,41.558448791503906,40.833370208740234,40.375404357910156,42.258792877197266,0.9896941189745473,2.6099092960357666,120.3176040649414,1.0,1.0,0.0,1.0,0.0,0.0,0.02407766692340374,0.20574529469013214,0.0,-0.08044859766960144,-0.037598226219415665,0.025750311091542244,-2.160551071166992,-2.0750439167022705,-1.948510766029358,0.0,1.0
924672,903,7,211.3048240979153,212.14285714285714,-0.00501210090587847,3.098476904630661,-1.9682942122220992,0.005764983975677751,0.0610107421875,1.3408467680215836,29.165169286727906,0.879895806312561,3.984618663787842,38.93585205078125,39.490055084228516,38.05595397949219,39.88228225708008,0.9898188201531131,2.945977210998535,111.7302474975586,1.0,1.0,0.0,1.0,0.0,0.0,0.008323599584400654,0.20169226825237274,0.0,-0.0809628888964653,-0.037590257823467255,0.025627775117754936,-2.1615729331970215,-2.07502818107605,-1.9487556219100952,0.0,1.0
925696,904,7,138.14328952492951,163.57142857142858,-0.004211906011914834,5.955034333467483,-1.96772098839283,0.0068277267055236734,0.062109375,1.2525386556982994,50.67731139659882,-0.9688307046890259,5.628293991088867,35.616294860839844,42.26939392089844,36.585121154785156,42.16048812866211,0.9822702936624678,2.4638125896453857,167.95729064941406,1.0,1.0,0.0,1.0,0.0,0.0,0.015720991417765617,0.20584450662136078,0.0,-0.08115648478269577,-0.03737371787428856,0.02500460296869278,-2.1619575023651123,-2.0745913982391357,-1.9500012397766113,0.0,1.0
926720,905,4,148.02524674773923,166.5,-0.004383783391676843,7.43578206896782,-1.9658206164836884,0.003896859880478587,0.0779052734375,1.459832027554512,47.23959279060364,-2.1586837768554688,5.890556335449219,34.64958953857422,37.52739715576172,36.80826950073242,36.82413101196289,0.9753614124876103,3.2284555435180664,148.82879638671875,0.975,1.0,0.0,1.0,0.0,0.0,0.01627107337117195,0.21139024198055267,0.0,-0.07803313434123993,-0.036966923624277115,0.023157315328717232,-2.155750274658203,-2.073791742324829,-1.9536936283111572,0.0,1.0
927744,906,6,133.284141708001,165.83333333333334,-0.0054155310906935485,2.094566384330392,-1.9673190593719483,0.004958006613014732,0.0555419921875,1.1636899381875991,23.91118985414505,1.050842523574829,3.301304340362549,50.20746612548828,37.87873840332031,49.15662384033203,38.99872970581055,0.992404085147419,2.3795273303985596,88.52153015136719,1.0,1.0,0.0,1.0,0.0,0.0,0.014078646898269653,0.21856068074703217,0.0,-0.07880078256130219,-0.03815783932805061,0.0207575261592865,-2.157276153564453,-2.0761725902557373,-1.9584908485412598,0.0,1.0
928768,907,4,199.47562461604525,214.75,-0.004289357480593026,4.397983790934086,-1.9732970148324966,0.006530605760053732,0.068505859375,1.437214258313179,50.84261651039124,2.718564510345459,4.678236484527588,33.121856689453125,43.07515335083008,30.403291702270508,45.25053787231445,0.9882046522298468,2.8612239360809326,155.8550262451172,1.0,1.0,0.0,1.0,0.0,0.0,0.0005110260099172592,0.20962326228618622,0.0,-0.07918579131364822,-0.03860405087471008,0.01946341060101986,-2.158041477203369,-2.077057123184204,-1.9610780477523804,0.0,1.0
929792,908,6,189.87562694308738,197.83333333333334,-0.003447118715848774,5.054896235466003,-1.9745414555072784,0.005115678858419415,0.0767578125,1.377496987581253,33.7898729801178,-1.133524775505066,4.875552177429199,42.57391357421875,36.40800857543945,43.70744323730469,35.49664306640625,0.9820669663515107,3.561522960662842,100.63009643554688,1.0,1.0,0.0,1.0,0.0,0.0,0.013452083803713322,0.2069549411535263,0.0,-0.0806359127163887,-0.03854435309767723,0.021317215636372566,-2.1609232425689697,-2.0769379138946533,-1.9573720693588257,0.0,1.0
930816,909,8,159.57285484158876,171.25,-0.003429199266247451,7.175051137804985,-1.9734661638736726,0.005407868922338821,0.0675048828125,1.4221308469772338,46.488565158844,-1.0515764951705933,6.020998954772949,37.73411560058594,41.24433135986328,38.78569030761719,41.75717544555664,0.978688774324445,2.5007784366607666,151.75991821289062,1.0,1.0,0.0,1.0,0.0,0.0,0.03544001281261444,0.22365672886371613,0.0,-0.08119838684797287,-0.03829951584339142,0.021122414618730545,-2.1620407104492188,-2.076444625854492,-1.9577614068984985,0.0,1.0
931840,910,7,141.04139438139688,163.42857142857142,-0.0043092416715808214,3.314489321410656,-1.9741239249706268,0.004112200801318977,0.0493896484375,1.292032039165497,26.781289041042328,-0.03696510195732117,4.229519367218018,27.995580673217773,39.59406280517578,28.03254508972168,40.46883010864258,0.9885890483630159,2.1465978622436523,78.67955017089844,1.0,1.0,0.0,1.0,0.0,0.0,0.0065864697098731995,0.2092084288597107,0.0,-0.08196757733821869,-0.03925514593720436,0.020121637731790543,-2.1635689735412598,-2.0783488750457764,-1.9597620964050293,0.0,1.0
932864,911,3,128.91155968626333,153.33333333333334,-0.004710919293574989,2.250826229155064,-1.9813531070947648,0.008919278687972109,0.0690673828125,1.5449442982673645,26.202930510044098,-0.9557461738586426,3.270425796508789,46.64555740356445,36.140995025634766,47.60129928588867,35.410003662109375,0.9918114234979438,3.561372756958008,89.20462036132812,1.0,1.0,0.0,1.0,0.0,0.0,0.018266115337610245,0.19896963238716125,0.0,-0.08166087418794632,-0.04011091962456703,0.018813390284776688,-2.162959575653076,-2.080064058303833,-1.962377667427063,0.0,1.0
933888,912,6,182.14592076187466,201.0,-0.004765093396417797,4.920799827575683,-1.9862598955631257,0.004437953824526631,0.047802734375,1.252531312406063,54.371940755844115,2.3691468238830566,5.450545310974121,34.78755187988281,42.27519989013672,32.41840362548828,45.17071533203125,0.9833770298370416,2.521416425704956,177.47154235839844,0.975,1.0,0.0,1.0,0.0,0.0,0.006136408541351557,0.19690386950969696,0.0,-0.0815448984503746,-0.04143473878502846,0.017512930557131767,-2.162729263305664,-2.0827043056488037,-1.964977741241455,0.0,1.0
934912,913,4,185.8057136451706,200.0,-0.008855434122961015,8.17974795103073,-1.9941626369953156,0.00677251500019338,0.1051513671875,1.4860994890332222,56.32982778549194,2.2603907585144043,6.4336700439453125,26.528688430786133,38.35893630981445,24.268299102783203,40.441802978515625,0.9718690466317256,3.7845852375030518,182.5304718017578,1.0,1.0,0.0,1.0,0.0,0.0,-0.0006940471939742565,0.1918996125459671,0.0,-0.08232651650905609,-0.04231822118163109,0.01595870591700077,-2.1642820835113525,-2.0844664573669434,-1.9680852890014648,0.0,1.0
935936,914,5,181.99641683565451,204.6,-0.006434876727871597,1.2010434567928314,-1.9983200579881668,0.006900079188926611,0.094482421875,1.5980227291584015,24.72018849849701,0.3892629146575928,2.995631694793701,39.5097541809082,36.66880416870117,39.12049102783203,38.088233947753906,0.9933260431809766,3.512260675430298,88.76160430908203,1.0,1.0,0.0,1.0,0.0,0.0,0.019406532868742943,0.20184557139873505,0.0,-0.08255554735660553,-0.04284856840968132,0.016207506880164146,-2.1647369861602783,-2.085522413253784,-1.9675878286361694,0.0,1.0
936960,915,8,167.8671156711072,188.75,-0.005062485171947628,2.320861096680164,-2.0011770516633987,0.006429063992982265,0.0585205078125,1.425789199769497,28.767982649803162,1.513733148574829,3.312499523162842,26.44347381591797,39.85559844970703,24.92974281311035,41.09413528442383,0.9930923071464217,2.7892770767211914,107.2411880493164,1.0,1.0,0.0,1.0,0.0,0.0,0.0005889299209229648,0.1995185911655426,0.0,-0.0829714983701706,-0.043345559388399124,0.01532590389251709,-2.1655633449554443,-2.0865116119384766,-1.9693505764007568,0.0,1.0
937984,916,3,116.74734022499716,154.66666666666666,-0.00528904483653605,3.260926124453545,-2.0039960205554963,0.0032377464449382387,0.051171875,1.2204009309411048,40.953267180919646,0.8147473335266113,4.591552734375,31.289581298828125,35.75215530395508,30.47483253479004,36.80607986450195,0.9835064308663204,2.1516735553741455,121.41333770751953,1.0,1.0,0.0,1.0,0.0,0.0,0.008256611414253712,0.19165268540382385,0.0,-0.08367208391427994,-0.04385143145918846,0.0160689577460289,-2.166954755783081,-2.087514877319336,-1.9678648710250854,0.0,1.0
939008,917,9,160.466441869325,188.0,-0.004882929683662951,3.1396205268800257,-2.0067776441574097,0.007351439881313126,0.0739990234375,1.5641191110014916,45.0848544716835,2.764835834503174,4.158905982971191,27.36463165283203,44.25116729736328,24.599794387817383,46.20314407348633,0.9911669900831317,2.649118185043335,165.61375427246094,1.0,1.0,0.0,1.0,0.0,0.0,0.01189780980348587,0.20285750925540924,0.0,-0.08418367058038712,-0.044257789850234985,0.015273087657988071,-2.167970657348633,-2.0883235931396484,-1.9694561958312988,0.0,1.0
940032,918,5,143.47758181799253,154.2,-0.0053278948529623445,6.7985893219709395,-2.009307885169983,0.0051214916296885345,0.072802734375,1.4043132483959198,48.157480692863466,-0.5183460116386414,5.91645622253418,50.11781311035156,36.08557891845703,50.63615798950195,35.24871063232422,0.9731183440048818,3.0140669345855713,151.95364379882812,1.0,1.0,0.0,1.0,0.0,0.0,0.021104030311107635,0.20450633764266968,0.0,-0.08456581830978394,-0.044587407261133194,0.015542693436145782,-2.168729543685913,-2.0889830589294434,-1.9689171314239502,0.0,1.0
941056,919,6,180.3315617681251,190.0,-0.004646073363255709,2.807290753722191,-2.008703798055649,0.00805812709586462,0.09384765625,1.177259346842766,34.745725107192996,0.5972469449043274,4.151437759399414,36.9881591796875,38.05284881591797,36.39091110229492,38.219154357910156,0.9880979227718991,2.6068737506866455,98.01637268066406,1.0,1.0,0.0,1.0,0.0,0.0,0.017642637714743614,0.20897714793682098,0.0,-0.08304869383573532,-0.043902695178985596,0.015870925039052963,-2.1657166481018066,-2.0876171588897705,-1.9682607650756836,0.0,1.0
942080,920,6,142.37133955808466,171.16666666666666,-0.005154323461465537,5.437953497469425,-2.0045196175575257,0.006212554001831449,0.07275390625,1.3849780231714248,37.513762426376346,-0.6524101495742798,5.489351749420166,37.934715270996094,42.400272369384766,38.58712387084961,41.50003433227539,0.9832388113755622,2.698322057723999,118.03022766113281,1.0,1.0,0.0,1.0,0.0,0.0,0.011790460906922817,0.21180620789527893,0.0,-0.08079834282398224,-0.04342878982424736,0.015637274831533432,-2.161245822906494,-2.086681365966797,-1.968727946281433,0.0,1.0
943104,921,3,178.93933201546466,187.33333333333334,-0.006693645269842818,2.745654296875,-2.0004561245441437,0.007463783613638952,0.105810546875,1.5362715691328048,31.490252470970155,-0.9878478646278381,3.7708611488342285,41.49835205078125,37.98488998413086,42.48619842529297,37.64934539794922,0.9901449382901096,3.8436696529388428,99.17078399658203,1.0,1.0,0.0,1.0,0.0,0.0,0.00011555850505828857,0.20652388036251068,0.0,-0.07944013923406601,-0.042421456426382065,0.014884970150887966,-2.1585469245910645,-2.0846810340881348,-1.9702322483062744,0.0,1.0
944128,922,7,169.811219752376,194.57142857142858,-0.005977895471733064,3.6381962075829506,-1.9984930485486985,0.007133775143302046,0.09541015625,1.2895526379346847,25.89871906042099,0.43231743574142456,4.436812877655029,35.24781036376953,41.144588470458984,34.81549072265625,42.0809440612793,0.9883716856091234,2.5720980167388916,78.29027557373047,1.0,1.0,0.0,1.0,0.0,0.0,0.022112196311354637,0.20659826695919037,0.0,-0.07999102771282196,-0.04315231740474701,0.0143312131986022,-2.159641742706299,-2.0861358642578125,-1.9713395833969116,0.0,1.0
945152,923,7,151.38198178866566,172.42857142857142,-0.005125368770677596,2.3093167409300803,-2.0062322676181794,0.004858625758788549,0.061279296875,1.5210960730910301,25.31422710418701,-0.2876691520214081,3.902364730834961,40.25337219238281,44.0631103515625,40.541046142578125,44.15556335449219,0.9921565805372106,3.17436146736145,81.4869155883789,1.0,1.0,0.0,1.0,0.0,0.0,0.017176292836666107,0.20470170676708221,0.0,-0.0817350298166275,-0.04484034702181816,0.013847076334059238,-2.163106918334961,-2.0894925594329834,-1.972307562828064,0.0,1.0
946176,924,4,155.91789287737203,181.5,-0.004170250851893797,2.9967777490615846,-2.013446110486984,0.00556697177089518,0.0709716796875,1.5310049936175347,30.2257221698761,-0.522854208946228,4.211870193481445,33.608489990234375,35.843509674072266,34.13134765625,35.47754669189453,0.9861920598975783,3.1061482429504395,87.23566436767578,1.0,1.0,0.0,1.0,0.0,0.0,0.0064287688583135605,0.20425526797771454,0.0,-0.08302418142557144,-0.04513818398118019,0.015038572251796722,-2.16566801071167,-2.0900847911834717,-1.9699251651763916,0.0,1.0
947200,925,6,182.28615696998705,188.16666666666666,-0.004568298417143524,4.450116980075836,-2.014215898513794,0.0038067826157202945,0.0380859375,1.4516848653554917,54.070146310329434,2.576096534729004,5.878532409667969,35.88793182373047,44.31708526611328,33.31183624267578,47.45817947387695,0.9824047463522732,2.953474998474121,235.7691650390625,1.0,1.0,0.0,1.0,0.0,0.0,0.02272186614573002,0.22238749265670776,0.0,-0.08374956995248795,-0.04554097726941109,0.015356882475316525,-2.1671085357666016,-2.0908801555633545,-1.96928870677948,0.0,1.0
948224,926,6,146.9525999333513,164.83333333333334,-0.00297955505666323,4.203181354701519,-2.0188910603523254,0.008626298143644818,0.06982421875,1.4518773674964904,37.68816618919372,1.5409820079803467,4.887279033660889,33.683555603027344,36.83877944946289,32.14257049560547,38.32481384277344,0.9823995487731111,3.9277501106262207,118.90503692626953,1.0,1.0,0.0,1.0,0.0,0.0,0.012983175925910473,0.21993015706539154,0.0,-0.0872117280960083,-0.046744320541620255,0.015410195104777813,-2.173982620239258,-2.0932719707489014,-1.969182014465332,0.0,1.0
949248,927,5,183.0627114009793,192.6,-0.005087912839371711,5.110941249132156,-2.027925890684128,0.005344731330114883,0.070458984375,1.4805065780878066,45.93723387718201,-0.455822616815567,5.459353446960449,46.34309387207031,39.80815505981445,46.798919677734375,40.288330078125,0.9811921848272785,3.037172555923462,141.53298950195312,1.0,1.0,0.0,1.0,0.0,0.0,0.034522850066423416,0.21331726014614105,0.0,-0.08996190130710602,-0.04855706915259361,0.013460012152791023,-2.1794400215148926,-2.096881866455078,-1.9730815887451172,0.0,1.0
950272,928,6,166.1152061058214,189.33333333333334,-0.004331556352553889,2.188194878399372,-2.0366130411624908,0.00626458759943489,0.0599365234375,1.4040530130267144,39.462852966785434,1.6322696208953857,3.638777732849121,29.339876174926758,38.3585319519043,27.707609176635742,39.27772521972656,0.991001147917187,2.9961280822753906,133.8571014404297,1.0,1.0,0.0,1.0,0.0,0.0,0.005881014745682478,0.1999845802783966,0.0,-0.09248128533363342,-0.04945075139403343,0.013661408796906471,-2.1844370365142822,-2.098651885986328,-1.9726788997650146,0.0,1.0
951296,929,4,164.21712297372136,181.0,-0.005072406132239848,3.8333236619830133,-2.0429135620594026,0.004777135484619066,0.0964111328125,1.4024635285139084,24.025893652439116,-0.4637666344642639,4.350153923034668,59.26116943359375,42.86430358886719,59.724937438964844,42.37751770019531,0.9897004618075047,2.857945680618286,78.24417877197266,0.975,1.0,0.0,1.0,0.0,0.0,0.020096110180020332,0.20765402913093567,0.0,-0.09352394938468933,-0.050876304507255554,0.010486556217074394,-2.186504364013672,-2.101496458053589,-1.9790276288986206,0.0,1.0
952320,930,4,156.02101584306916,160.25,-0.006121969292871654,8.245983128249645,-2.0521488726139068,0.006817730082548224,0.08427734375,1.290006835758686,55.46586019992829,0.8721046447753906,7.015246391296387,36.12800216674805,40.83798599243164,35.255897521972656,43.15102005004883,0.9704908173719526,2.5177488327026367,179.52188110351562,1.0,1.0,0.0,1.0,0.0,0.0,0.023006582632660866,0.21236684918403625,0.0,-0.09495536983013153,-0.05229485407471657,0.00964292697608471,-2.1893420219421387,-2.1043219566345215,-1.9807147979736328,0.0,1.0
953344,931,8,198.87211978154693,202.25,-0.003615868545603007,7.67130022495985,-2.059134316444397,0.005406540003605187,0.0477783203125,1.1219472296535968,43.095907139778134,-1.1097660064697266,5.912420272827148,54.071624755859375,39.792930603027344,55.18138885498047,38.59553527832031,0.9779240850010847,2.6477181911468506,126.96807861328125,0.925,1.0,0.0,1.0,0.0,0.0,0.042524050921201706,0.22536730766296387,0.0,-0.09766022115945816,-0.05320071801543236,0.0098589351400733,-2.194701910018921,-2.106109619140625,-1.9802827835083008,0.0,1.0
954368,932,6,152.8434614141062,174.16666666666666,-0.0028561330400407314,8.579942297935485,-2.0608605265617372,0.00519592758937506,0.0591552734375,1.3028018832206727,57.672137880325316,0.8233120441436768,6.745832443237305,28.96469497680664,36.62557601928711,28.14138412475586,37.67975616455078,0.966076381890131,2.7686028480529785,168.80628967285156,1.0,1.0,0.0,1.0,0.0,0.0,-0.0030961688607931137,0.21062028408050537,0.0,-0.09809877723455429,-0.052996981889009476,0.009147042408585548,-2.195570707321167,-2.1057052612304688,-1.9817063808441162,0.0,1.0
955392,933,4,211.672155984928,224.25,-0.004332146816886961,3.343378084897995,-2.0621468901634215,0.008424145761819091,0.0734375,1.543528389930725,37.62416825294495,1.6103044748306274,4.186456680297852,36.870731353759766,39.34534454345703,35.26042556762695,40.594139099121094,0.9886784332858266,3.0630719661712646,107.12809753417969,1.0,1.0,0.0,1.0,0.0,0.0,0.007398474495857954,0.19457277655601501,0.0,-0.10110519081354141,-0.05382522940635681,0.009465783834457397,-2.201524257659912,-2.1073431968688965,-1.9810689687728882,0.0,1.0
956416,934,4,147.6628259051126,166.0,-0.005444985895883292,19.944518637657165,-2.064492917060852,0.0031771610112627966,0.0641357421875,1.2919205635786057,80.45143933296204,1.6777575016021729,9.417048454284668,27.555173873901367,39.08114242553711,25.87741470336914,43.59275436401367,0.9419375914305319,2.473473310470581,255.53134155273438,1.0,1.0,0.0,1.0,0.0,0.0,0.010329467244446278,0.1938258558511734,0.0,-0.10112284868955612,-0.05336320772767067,0.009639237076044083,-2.201559066772461,-2.106422185897827,-1.9807220697402954,0.0,1.0
957440,935,7,191.43795924703218,210.85714285714286,-0.004242821875959635,1.7451580964028834,-2.061705785989761,0.003995521989418193,0.058154296875,1.3985010340809823,21.434149861335754,0.4513380527496338,3.0478603839874268,48.6084098815918,44.77104949951172,48.157073974609375,45.497528076171875,0.9953655776803106,3.1835947036743164,68.52279663085938,1.0,1.0,0.0,1.0,0.0,0.0,0.037060800939798355,0.21841812133789062,0.0,-0.1011122390627861,-0.05313369631767273,0.009942807257175446,-2.2015380859375,-2.105966567993164,-1.9801150560379028,0.0,1.0
958464,936,3,120.28277526467222,145.0,-0.004631667659850791,5.750161476433277,-2.0628923416137694,0.007906952769553754,0.06630859375,1.307858620584011,85.34618425369263,3.525599956512451,5.39771842956543,30.03628921508789,36.35397720336914,26.51068878173828,39.20276641845703,0.9779546715174574,3.0648345947265625,329.1622314453125,1.0,1.0,0.0,1.0,0.0,0.0,-5.4454121709568426e-05,0.20792987942695618,0.0,-0.10305740684270859,-0.05387182533740997,0.008599016815423965,-2.205388307571411,-2.1074295043945312,-1.982802391052246,0.0,1.0
959488,937,7,238.54952677430165,238.0,-0.0038838797714561223,8.798314797878266,-2.066131228208542,0.0033589429716812448,0.063818359375,1.4002978026866912,50.519872713088986,-0.7405408620834351,6.299468517303467,35.87480163574219,42.872032165527344,36.6153450012207,43.51904296875,0.9784096471917235,2.4351344108581543,196.9711151123047,1.0,1.0,0.0,1.0,0.0,0.0,0.03138965740799904,0.20703981816768646,0.0,-0.10436791181564331,-0.053942468017339706,0.008732187561690807,-2.2079811096191406,-2.107571840286255,-1.9825360774993896,0.0,1.0
960512,938,5,141.12094113321834,142.0,-0.0057877446059137585,1.1495538299903274,-2.0640309154987335,0.004699449113104492,0.0423828125,1.2173703573644161,17.53776364326477,0.7333948612213135,2.760394811630249,56.70722198486328,30.852630615234375,55.97382354736328,31.510915756225586,0.9919950611247579,3.132899761199951,59.61671829223633,0.975,1.0,0.0,1.0,0.0,0.0,0.02964439056813717,0.2084890455007553,0.0,-0.10144542157649994,-0.05313367769122124,0.008629955351352692,-2.202197790145874,-2.105968475341797,-1.9827405214309692,0.0,1.0
961536,939,6,170.86369839396068,182.0,-0.004079625371377915,12.284472563862801,-2.060164099931717,0.006339942940394394,0.0643798828125,1.468871507048607,86.43671817779541,2.4653046131134033,8.46663761138916,28.24869155883789,40.526248931884766,25.783388137817383,43.79899215698242,0.9563535239954347,2.7687296867370605,302.07196044921875,1.0,1.0,0.0,1.0,0.0,0.0,0.02147219330072403,0.20339597761631012,0.0,-0.10325110703706741,-0.05311456695199013,0.008253986947238445,-2.2057714462280273,-2.105926513671875,-1.983492374420166,0.0,1.0
962560,940,5,194.2197166296889,215.2,-0.00523822734830901,6.648541459441185,-2.063014900684357,0.0029637950588949024,0.0600830078125,1.5354291751980782,48.57209951877594,1.12587308883667,6.226924419403076,28.40270233154297,37.71813201904297,27.276830673217773,39.148040771484375,0.9727449634573329,3.296947956085205,147.3573760986328,1.0,1.0,0.0,1.0,0.0,0.0,0.015063241124153137,0.19942925870418549,0.0,-0.10620223730802536,-0.05394725501537323,0.00867984164506197,-2.2116096019744873,-2.107567071914673,-1.9826407432556152,0.0,1.0
963584,941,6,154.27729433234558,185.66666666666666,-0.0053202791488729416,4.1273650377988815,-2.067412781715393,0.005683883835445158,0.0792724609375,1.5533066391944885,40.575505590438844,0.10100311040878296,5.048130989074707,37.71717071533203,34.067955017089844,37.616172790527344,34.2110481262207,0.9780431931929722,2.882986545562744,139.50474548339844,0.975,1.0,0.0,1.0,0.0,0.0,0.023869233205914497,0.20587703585624695,0.0,-0.10720806568861008,-0.05436012148857117,0.00856748130172491,-2.2135984897613525,-2.1083834171295166,-1.9828654527664185,0.0,1.0
964608,942,5,190.71425521012281,208.8,-0.004927461798069998,6.210849457979203,-2.0717293977737428,0.007962510811921675,0.07275390625,1.4899598687887192,50.249414563179016,2.640760660171509,5.516156196594238,30.786333084106445,35.74031066894531,28.145572662353516,37.737937927246094,0.9761791957107738,3.306567668914795,161.1510467529297,1.0,1.0,0.0,1.0,0.0,0.0,0.008385838009417057,0.19074739515781403,0.0,-0.10696630924940109,-0.05569157004356384,0.007458599749952555,-2.213120460510254,-2.111046075820923,-1.9850831031799316,0.0,1.0
965632,943,5,167.75920578086692,198.8,-0.004918176436331123,3.1126877814531326,-2.076332139968872,0.0057318019476952035,0.0660400390625,1.224442008137703,23.113966083526613,1.3382219076156616,3.7503342628479004,38.4915885925293,41.1112174987793,37.15336608886719,41.67401885986328,0.9916781619961499,2.9184937477111816,80.70162963867188,1.0,1.0,0.0,1.0,0.0,0.0,0.022167950868606567,0.20657619833946228,0.0,-0.10389082133769989,-0.055405426770448685,0.005378369241952896,-2.2070372104644775,-2.1104941368103027,-1.9892433881759644,0.0,1.0
966656,944,6,144.5851876510263,169.83333333333334,-0.0053791750455275174,6.285222691297531,-2.0724834144115447,0.0075604039622703565,0.077392578125,1.2112953178584576,53.43563396930695,1.7946776151657104,5.927748203277588,29.23999786376953,34.74309539794922,27.44532012939453,36.140174865722656,0.9708899808136946,2.946545362472534,167.2404327392578,0.95,1.0,0.0,1.0,0.0,0.0,0.005745220463722944,0.19800713658332825,0.0,-0.10184196382761002,-0.054756175726652145,0.0025839442387223244,-2.2029826641082764,-2.1092209815979004,-1.994832158088684,0.0,1.0
967680,945,6,204.2605421331765,223.16666666666666,-0.004676061717327684,6.188979506492615,-2.0715790390968323,0.004657101316843182,0.0603515625,1.3605655923485755,45.210920977592465,1.0144476890563965,6.173929214477539,35.04875183105469,38.75003433227539,34.034305572509766,40.149105072021484,0.9746148873033407,2.5729331970214844,136.18978881835938,1.0,1.0,0.0,1.0,0.0,0.0,0.01324638444930315,0.19587725400924683,0.0,-0.10279902070760727,-0.05513499677181244,0.0007550966111011803,-2.2048768997192383,-2.109971761703491,-1.9984898567199707,0.0,1.0
968704,946,5,145.0264990581483,180.0,-0.007632173481397331,4.980457523465157,-2.073271018266678,0.009163637171150185,0.1177734375,1.1690712571144104,38.07921597957611,-0.8237341046333313,4.909756660461426,34.01542663574219,38.994510650634766,34.83915710449219,37.72738265991211,0.9841469424711233,1.9205483198165894,116.70482635498047,1.0,1.0,0.0,1.0,0.0,0.0,0.020740307867527008,0.20720069110393524,0.0,-0.10295544564723969,-0.05504610016942024,0.0008896198123693466,-2.205186367034912,-2.1097910404205322,-1.9982208013534546,0.0,1.0
969728,947,4,126.643277586815,151.25,-0.005989983363542705,1.7849147602915765,-2.071459197998047,0.005690959875937551,0.0771240234375,1.3156323865056039,19.997138184309005,-0.23348091542720795,3.410088062286377,42.74755859375,34.01038360595703,42.981040954589844,33.696041107177734,0.9899467130960107,2.1081533432006836,69.94134521484375,0.95,1.0,0.0,1.0,0.0,0.0,0.013597813434898853,0.2086433470249176,0.0,-0.10235987603664398,-0.054613422602415085,0.0013679839903488755,-2.204007625579834,-2.108936309814453,-1.99726402759552,0.0,1.0
970752,948,7,169.84566997364988,192.42857142857142,-0.004307331284508109,6.311542630195618,-2.0721404016017915,0.006145519198616967,0.05458984375,1.2970008336007595,41.45804572105408,1.712464451789856,5.7767133712768555,36.95405578613281,44.055389404296875,35.24159240722656,45.68413162231445,0.982806531474613,3.689082622528076,131.90975952148438,0.975,1.0,0.0,1.0,0.0,0.0,0.0276947021484375,0.20713116228580475,0.0,-0.10255614668130875,-0.05565653741359711,0.00048378147766925395,-2.2043962478637695,-2.1110100746154785,-1.9990323781967163,0.0,1.0
971776,949,6,152.84578776408478,182.83333333333334,-0.006412491633091122,1.563026200979948,-2.0748367249965667,0.006577556754928082,0.072265625,1.2089493408799172,18.35237467288971,-0.03150937706232071,3.2128193378448486,39.574867248535156,40.38612747192383,39.60637283325195,39.82674026489258,0.9936713925834756,2.3775076866149902,55.22063446044922,1.0,1.0,0.0,1.0,0.0,0.0,0.027900248765945435,0.20072810351848602,0.0,-0.10091960430145264,-0.05476740375161171,-0.0005635743727907538,-2.2011568546295166,-2.1092498302459717,-2.001127243041992,0.0,1.0
972800,950,5,193.44434295244852,195.2,-0.006009185046423227,2.9463324725627897,-2.073918181657791,0.004542772137210704,0.0725830078125,1.3661837428808212,35.3145822763443,1.261456847190857,4.696720123291016,36.65135955810547,41.03211975097656,35.3899040222168,43.02153015136719,0.9868978828319882,2.332623243331909,122.80763244628906,1.0,1.0,0.0,1.0,0.0,0.0,0.01881686970591545,0.19615930318832397,0.0,-0.10184638202190399,-0.05614517629146576,-0.0028513590805232525,-2.202991485595703,-2.11199688911438,-2.0057027339935303,0.0,1.0
973824,951,4,172.83856730140144,195.5,-0.005314132466446608,1.6878899492323398,-2.0802933990955355,0.007070186664350331,0.0655029296875,1.3774332478642464,20.292455756664275,0.22022861242294312,3.1549484729766846,48.10376739501953,36.298126220703125,47.88353729248047,35.93916702270508,0.992445316958321,2.668445587158203,65.92332458496094,1.0,1.0,0.0,1.0,0.0,0.0,0.026588937267661095,0.20942626893520355,0.0,-0.100860096514225,-0.056239817291498184,-0.0031997598707675934,-2.2010388374328613,-2.112194061279297,-2.006399393081665,0.0,1.0
974848,952,7,183.5693247192838,191.85714285714286,-0.004836848867125809,3.1823703035712243,-2.0796228766441347,0.004031126759946347,0.05478515625,1.4260495528578758,31.91578698158264,0.9433460235595703,4.370044708251953,32.344940185546875,40.5150032043457,31.401592254638672,41.81620407104492,0.9883657060856627,2.7358009815216064,91.28317260742188,1.0,1.0,0.0,1.0,0.0,0.0,0.015139785595238209,0.1942925602197647,0.0,-0.10226383805274963,-0.05631360411643982,-0.004088535439223051,-2.20381760597229,-2.112332582473755,-2.0081770420074463,0.0,1.0
975872,953,5,143.19431513871285,171.6,-0.004495993722230196,4.756947390735149,-2.078191602230072,0.005319295232766308,0.0543701171875,1.0142884612083436,43.73156890869141,1.3913264274597168,5.230463981628418,28.594066619873047,34.8895149230957,27.202741622924805,36.021881103515625,0.9775254737353307,1.9538112878799438,121.80355834960938,1.0,1.0,0.0,1.0,0.0,0.0,-7.8463381214533e-05,0.18165327608585358,0.0,-0.10036215931177139,-0.05556422099471092,-0.0037674426566809416,-2.2000529766082764,-2.1108553409576416,-2.0075347423553467,0.0,1.0
976896,954,4,225.67481881842266,243.25,-0.005553821043577045,3.716090192645788,-2.071396106481552,0.005977028631605208,0.0575927734375,1.2142075560986996,38.18894084692001,2.9730401039123535,4.568338394165039,34.017974853515625,41.05466842651367,31.04493522644043,43.81350326538086,0.9876179807285447,2.8305790424346924,144.99546813964844,0.975,1.0,0.0,1.0,0.0,0.0,0.027109811082482338,0.20049208402633667,0.0,-0.09933216124773026,-0.05422737076878548,-0.001956593245267868,-2.1980135440826416,-2.1081905364990234,-2.003913164138794,0.0,1.0
977920,955,6,165.98308976339638,193.0,-0.004017180576920509,1.962113643437624,-2.0677616238594054,0.0024706532596610485,0.0628662109375,1.1732430815696717,26.485613679885866,0.10089844465255737,3.652557373046875,44.888954162597656,42.573585510253906,44.788047790527344,42.490535736083984,0.9926393932903651,2.3069207668304443,99.38143920898438,0.95,1.0,0.0,1.0,0.0,0.0,0.02310277335345745,0.1959550827741623,0.0,-0.0996759757399559,-0.054395273327827454,-0.0026745102368295193,-2.1986944675445557,-2.1085193157196045,-2.0053489208221436,0.0,1.0
978944,956,4,176.72260393487727,205.75,-0.00424356905859895,2.9352665066719057,-2.062684839963913,0.0030351496010553093,0.0528076171875,1.2085067994892598,35.10501143932343,1.6533071994781494,4.015019416809082,36.28529739379883,38.44339370727539,34.631996154785156,39.17584991455078,0.9890923334782631,2.4345972537994385,107.36888122558594,0.975,1.0,0.0,1.0,0.0,0.0,0.02032035030424595,0.19713230431079865,0.0,-0.09783497452735901,-0.052152108401060104,-4.292617813916877e-05,-2.1950480937957764,-2.1040544509887695,-2.0000858306884766,0.0,1.0
979968,957,5,214.9111092209261,220.4,-0.005938163632526994,3.091814769804478,-2.0547414302825926,0.006281330026104115,0.0699951171875,1.464961162209511,31.633138120174408,0.8207899332046509,4.075285911560059,47.607635498046875,43.07706832885742,46.78684616088867,43.51933288574219,0.991049982533698,3.838841199874878,107.36675262451172,1.0,1.0,0.0,1.0,0.0,0.0,0.025892479345202446,0.2064414769411087,0.0,-0.09936017543077469,-0.05234983563423157,0.0015513509279116988,-2.1980690956115723,-2.1044423580169678,-1.9968973398208618,0.0,1.0
980992,958,3,180.20142330664507,204.66666666666666,-0.0036190041690133514,3.95109423995018,-2.0589333951473234,0.0061298428539885205,0.06826171875,1.4988737091422082,45.373147988319396,2.1582283973693848,4.787087440490723,28.03854751586914,31.871479034423828,25.880319595336914,34.170654296875,0.9774400393407102,3.0465826988220215,148.03854370117188,1.0,1.0,0.0,1.0,0.0,0.0,-0.0003944657219108194,0.1943727731704712,0.0,-0.10054878145456314,-0.053031932562589645,0.0018637845059856772,-2.200422525405884,-2.1057872772216797,-1.9962724447250366,0.0,1.0
982016,959,7,212.63240258180005,226.85714285714286,-0.004830448521533981,4.506712387502193,-2.0583290636539457,0.005498740141047165,0.05546875,1.2688622981309892,39.8346382856369,0.9644055366516113,5.141239643096924,47.27430725097656,49.28744125366211,46.309898376464844,49.992713928222656,0.9891191403078631,2.1848831176757812,119.50079345703125,1.0,1.0,0.0,1.0,0.0,0.0,0.031430866569280624,0.20949792861938477,0.0,-0.09993135184049606,-0.05214475467801094,0.0023253392428159714,-2.19920015335083,-2.1040256023406982,-1.9953492879867554,0.0,1.0
983040,960,5,152.75263537136658,164.8,-0.007327266020001844,2.6924443423748015,-2.054161715507507,0.004633622034452856,0.0738037109375,1.2499571934342384,27.702324092388153,-0.16541631519794464,4.020843982696533,41.28626251220703,34.748252868652344,41.45167541503906,34.27138137817383,0.9866103750828057,2.1099205017089844,89.84607696533203,1.0,1.0,0.0,1.0,0.0,0.0,-0.002481747418642044,0.1931154727935791,0.0,-0.10139841586351395,-0.05189254507422447,0.002785193268209696,-2.2021045684814453,-2.1035120487213135,-1.994429588317871,0.0,1.0
984064,961,5,177.70343541552444,194.2,-0.0054570452659390865,3.3333647057414053,-2.051334935426712,0.0040779062313959,0.0539306640625,1.2834577322006226,38.98975856304169,-0.4639965295791626,4.794630527496338,42.31818389892578,42.59326171875,42.78218078613281,44.01473617553711,0.987328484615501,2.558184862136841,133.52691650390625,1.0,1.0,0.0,1.0,0.0,0.0,0.02379930578172207,0.19957107305526733,0.0,-0.1015089601278305,-0.05123669281601906,0.0033570972736924887,-2.2023234367370605,-2.1022047996520996,-1.9932857751846313,0.0,1.0
985088,962,6,194.20570866318977,211.16666666666666,-0.005008412495953962,5.999616652727127,-2.05257910490036,0.0051389306609053165,0.0604248046875,1.4169657811522485,49.660829472541806,0.9870936274528503,6.009849548339844,31.352397918701172,40.175235748291016,30.36530303955078,42.0164909362793,0.9776225608558522,2.814953565597534,162.80160522460938,1.0,1.0,0.0,1.0,0.0,0.0,0.01415515597909689,0.2067122757434845,0.0,-0.10439156740903854,-0.05243537947535515,0.0017821758519858122,-2.2080280780792236,-2.1045825481414795,-1.9964356422424316,0.0,1.0
986112,963,5,148.72101769857846,181.6,-0.0065519394760485735,2.272521799057722,-2.061099374294281,0.006009637509123422,0.070556640625,1.2506847180426122,43.464234268665315,1.5559685230255127,3.938246488571167,35.89118194580078,34.522735595703125,34.335208892822266,35.24840545654297,0.986986464146201,3.268429756164551,179.64483642578125,0.95,1.0,0.0,1.0,0.0,0.0,0.014798510819673538,0.19278866052627563,0.0,-0.10747599601745605,-0.053895529359579086,-0.0013711994979530573,-2.214128255844116,-2.1074864864349365,-2.002742290496826,0.0,1.0
987136,964,6,168.29000879159938,191.16666666666666,-0.005970428953878582,4.10481761097908,-2.070930653810501,0.006833749238285236,0.0871826171875,1.4454001232981681,42.14491121768951,-0.7404825091362,5.073354721069336,51.6406364440918,41.14670944213867,52.38111877441406,38.86804962158203,0.9847973180751127,2.8322582244873047,149.1700439453125,1.0,1.0,0.0,1.0,0.0,0.0,0.03146639093756676,0.21683691442012787,0.0,-0.1096358448266983,-0.05567682161927223,-0.0025937536265701056,-2.218397378921509,-2.1110217571258545,-2.005187511444092,0.0,1.0
988160,965,4,179.99020276801917,186.25,-0.0061615241575054824,2.8268999472260474,-2.080486315488815,0.004600074377958663,0.0872802734375,1.5120746105909348,39.19760308265686,0.8430904746055603,4.198446750640869,41.154876708984375,40.33625030517578,40.31178283691406,39.80377960205078,0.9891660627079721,3.6389942169189453,128.9604949951172,0.975,1.0,0.0,1.0,0.0,0.0,0.007473157253116369,0.20588868856430054,0.0,-0.11071490496397018,-0.057095181196928024,-0.004498598165810108,-2.220529556274414,-2.1138527393341064,-2.0089972019195557,0.0,1.0
989184,966,5,203.4132077355158,215.4,-0.00561481430195272,4.5408480137586595,-2.0841129064559936,0.007765939462115057,0.0729248046875,1.4817906469106674,38.219882297515866,0.8323407769203186,4.9562811851501465,50.186317443847656,40.290382385253906,49.353973388671875,41.09356689453125,0.9848675543514313,3.3120391368865967,118.77018737792969,1.0,1.0,0.0,1.0,0.0,0.0,0.028118478134274483,0.19593174755573273,0.0,-0.11140637844800949,-0.056700170040130615,-0.0036604837514460087,-2.221895456314087,-2.113053560256958,-2.0073208808898926,0.0,1.0
990208,967,5,225.14122669216627,230.4,-0.007098830776521936,3.177826438844204,-2.080829453468323,0.005911753527470864,0.0682861328125,1.3033365041017533,43.872127532958984,1.5822248458862305,4.342574119567871,31.70296859741211,38.60839080810547,30.120742797851562,40.59855651855469,0.9873488196364977,2.8147034645080566,163.90728759765625,1.0,1.0,0.0,1.0,0.0,0.0,0.01407025009393692,0.19406208395957947,0.0,-0.11119391024112701,-0.05635535344481468,-0.002437940565869212,-2.221475839614868,-2.11236572265625,-2.004875898361206,0.0,1.0
991232,968,5,195.3972833193272,209.4,-0.005202480393927544,7.969790542125702,-2.0833920896053315,0.006254220104892738,0.06474609375,1.4001983731985093,65.03193418979644,2.0983939170837402,6.7672553062438965,34.83279800415039,41.246360778808594,32.73440170288086,43.889774322509766,0.9730813142170176,2.506399631500244,210.1078643798828,1.0,1.0,0.0,1.0,0.0,0.0,0.02551565319299698,0.20303092896938324,0.0,-0.11274208873510361,-0.05762272700667381,-0.0038345518987625837,-2.2245335578918457,-2.1148886680603027,-2.007668972015381,0.0,1.0
992256,969,6,173.34674343351284,197.5,-0.0049812029930762945,2.465483570098877,-2.0887633502483367,0.005084909620927646,0.0625732421875,1.2451251573860644,22.174321436882018,-0.2858210802078247,3.488274097442627,31.703508377075195,36.3441276550293,31.989328384399414,36.160213470458984,0.9907880252274615,2.8936104774475098,56.376747131347656,0.975,1.0,0.0,1.0,0.0,0.0,0.01259392499923706,0.19681008160114288,0.0,-0.11231432855129242,-0.05777847766876221,-0.004140278324484825,-2.223688840866089,-2.115198850631714,-2.0082805156707764,0.0,1.0
993280,970,4,171.59288975393625,192.75,-0.0046997655386803675,3.364007759094238,-2.087047255039215,0.006787641489063389,0.0664306640625,1.290949310362339,33.66902941465378,-0.039405256509780884,5.124192237854004,54.10148620605469,41.690391540527344,54.14088821411133,41.844154357910156,0.984892976573114,3.1402664184570312,140.34861755371094,1.0,1.0,0.0,1.0,0.0,0.0,0.03002961538732052,0.191903755068779,0.0,-0.11217524856328964,-0.05731019005179405,-0.004042133688926697,-2.223414182662964,-2.1142642498016357,-2.008084297180176,0.0,1.0
994304,971,6,183.32282090767765,199.5,-0.005807166808517649,6.9979960232973095,-2.0866186916828156,0.0060713532293448225,0.088427734375,1.4721073150634765,51.67944359779358,-0.10332748293876648,6.566429138183594,38.757835388183594,38.2728157043457,38.86116409301758,39.18880844116211,0.970564075121421,2.7704453468322754,149.23159790039062,0.975,1.0,0.0,1.0,0.0,0.0,0.019005799666047096,0.18847352266311646,0.0,-0.1134246215224266,-0.057691652327775955,-0.0020754425786435604,-2.225881338119507,-2.115015745162964,-2.004150867462158,0.0,1.0
995328,972,3,177.851663558793,203.0,-0.0035498115350492297,6.749406814575195,-2.0880055665969848,0.006451777345500886,0.06572265625,1.3874393999576569,56.45140550136566,1.4785363674163818,6.233861923217773,30.913955688476562,39.336463928222656,29.4354190826416,40.827388763427734,0.9748855484817114,2.5540881156921387,192.3860626220703,1.0,1.0,0.0,1.0,0.0,0.0,0.018939316272735596,0.18949222564697266,0.0,-0.11279430240392685,-0.05751500651240349,-0.0010494893649592996,-2.2246367931365967,-2.114663600921631,-2.00209903717041,0.0,1.0
996352,973,7,174.34650026405475,196.85714285714286,-0.004155841795727611,1.5704886391758919,-2.0887622356414797,0.006652894272701815,0.0724365234375,1.2620461858808993,22.913880109786987,1.864816665649414,2.803183078765869,48.4178466796875,43.47293472290039,46.55303192138672,44.4001350402832,0.9958421861563735,2.8974449634552,84.25615692138672,0.975,1.0,0.0,1.0,0.0,0.0,0.04272361099720001,0.1991800218820572,0.0,-0.11447703093290329,-0.05815301835536957,-0.0003824078885372728,-2.227959156036377,-2.1159298419952393,-2.000764846801758,0.0,1.0
997376,974,4,184.54538685774406,180.5,-0.005973048077430576,7.532980465888977,-2.0912605106830595,0.006688842643052339,0.074853515625,1.4594618037343026,41.027044570446016,1.4431567192077637,6.297372817993164,41.296382904052734,42.089027404785156,39.85322570800781,43.96616744995117,0.9776137645664695,3.20249080657959,119.89793395996094,1.0,1.0,0.0,1.0,0.0,0.0,0.021143579855561256,0.2054654061794281,0.0,-0.11447573453187943,-0.05820764601230621,-0.0011479115346446633,-2.227956533432007,-2.116041898727417,-2.002295732498169,0.0,1.0
998400,975,4,239.38694209233202,243.25,-0.005269193300046026,3.9612902328372,-2.0916661083698274,0.005132379385759123,0.077099609375,1.3105890080332756,28.057685220241545,0.6693347692489624,4.260309219360352,36.71314239501953,35.40869903564453,36.0438117980957,35.371177673339844,0.9855235414280824,2.8652546405792236,78.28408813476562,1.0,1.0,0.0,1.0,0.0,0.0,0.021412096917629242,0.20469430088996887,0.0,-0.11560060828924179,-0.058456797152757645,-0.0008992655202746391,-2.2301769256591797,-2.1165268421173096,-2.001798629760742,0.0,1.0
999424,976,8,169.69647899286096,187.25,-0.00593916954821907,3.9977469459176063,-2.093469798564911,0.004673512955196202,0.05712890625,1.303660051524639,40.187763524055484,-1.615006685256958,4.150349140167236,49.095462799072266,45.12083435058594,50.71046829223633,44.839725494384766,0.9915391282531643,2.733412981033325,126.59039306640625,0.975,1.0,0.0,1.0,0.0,0.0,0.031517550349235535,0.20797167718410492,0.0,-0.11599837243556976,-0.0588599257171154,0.0013404362834990025,-2.230961799621582,-2.117326259613037,-1.9973191022872925,0.0,1.0
1000448,977,4,167.3159292113594,188.0,-0.005282953032292426,3.0172075629234314,-2.0966424465179445,0.0032134113760548646,0.06962890625,1.5474831372499467,30.569086718559266,-0.12508583068847656,4.022686004638672,40.27491760253906,38.023075103759766,40.40000534057617,38.57954788208008,0.9888072249439911,2.756552219390869,90.5542984008789,1.0,1.0,0.0,1.0,0.0,0.0,0.03472522646188736,0.2218860536813736,0.0,-0.11655618250370026,-0.059414323419332504,0.00030278306803666055,-2.232062339782715,-2.1184284687042236,-1.999394416809082,0.0,1.0
1001472,978,6,205.1086752499098,209.33333333333334,-0.0027886936906725166,3.7791966632008553,-2.0998107969760893,0.007481478570844047,0.071630859375,1.6113834619522094,34.51372528076172,0.7399706840515137,4.969264030456543,43.22237777709961,41.85359191894531,42.48240661621094,43.19176483154297,0.9859032611447855,3.5606400966644287,110.06668853759766,1.0,1.0,0.0,1.0,0.0,0.0,0.038958027958869934,0.21450494229793549,0.0,-0.11773126572370529,-0.059840112924575806,0.0003897809365298599,-2.2343807220458984,-2.1192657947540283,-1.9992204904556274,0.0,1.0
1002496,979,5,153.22308177333795,178.6,-0.0036176600377075376,3.343052588403225,-2.10373477935791,0.006493845701334067,0.060009765625,1.5050520688295363,51.43323080539703,0.6546888947486877,5.008695125579834,34.56774139404297,40.70656967163086,33.913047790527344,42.115867614746094,0.9848601977158999,3.193729877471924,181.68499755859375,1.0,1.0,0.0,1.0,0.0,0.0,0.020880157127976418,0.19989800453186035,0.0,-0.11855708807706833,-0.06072340905666351,0.00019691399938892573,-2.236009359359741,-2.1210174560546875,-1.9996061325073242,0.0,1.0
1003520,980,5,187.97547887859105,199.6,-0.00500749705825001,4.99345430135727,-2.105761504173279,0.005434928325121291,0.077197265625,1.3685891643166541,36.436057603359224,-0.1090485006570816,5.722606182098389,45.993377685546875,45.925010681152344,46.1024284362793,45.558441162109375,0.9844729393108562,2.4961917400360107,130.5988006591797,1.0,1.0,0.0,1.0,0.0,0.0,0.024408534169197083,0.2000521421432495,0.0,-0.11870326101779938,-0.06041787937283516,0.0020794416777789593,-2.236297607421875,-2.1204018592834473,-1.995841145515442,0.0,1.0
1004544,981,5,162.0748320223915,176.2,-0.004049462382681668,9.782210244238376,-2.1070752143859863,0.00771437308867462,0.063427734375,1.1724138766527177,42.3109448671341,-1.5375709533691406,6.297523021697998,46.220340728759766,39.013153076171875,47.757911682128906,37.745479583740234,0.973943418857121,2.4208569526672363,138.5270233154297,0.95,1.0,0.0,1.0,0.0,0.0,0.03433256968855858,0.19418790936470032,0.0,-0.12095627188682556,-0.06126058101654053,0.0014922565314918756,-2.240739583969116,-2.1220760345458984,-1.9970154762268066,0.0,1.0
1005568,982,7,193.4222706163608,207.71428571428572,-0.004700808611232787,5.239847066998482,-2.1109197795391084,0.0052979414671426635,0.0584228515625,1.2725743994116783,35.91242125034332,0.13339006900787354,5.278937816619873,39.401817321777344,40.62794494628906,39.26842498779297,41.77486038208008,0.9831172438567534,2.1843254566192627,116.91373443603516,1.0,1.0,0.0,1.0,0.0,0.0,0.03663889318704605,0.19698143005371094,0.0,-0.1231597512960434,-0.06191130355000496,0.002324214670807123,-2.245081663131714,-2.1233527660369873,-1.9953515529632568,0.0,1.0
1006592,983,5,130.13902554603743,149.2,-0.007335394521942362,20.782749128341674,-2.114082467556,0.008451651957875584,0.0981201171875,1.1574787773191928,72.76014637947083,-0.9087441563606262,9.441455841064453,39.119224548339844,41.962886810302734,40.0279655456543,43.867923736572266,0.9493770802561943,2.24637508392334,189.77664184570312,0.975,1.0,0.0,1.0,0.0,0.0,0.046670738607645035,0.19540709257125854,0.0,-0.12336160987615585,-0.06193548068404198,0.0011940868571400642,-2.2454793453216553,-2.123399257659912,-1.9976118803024292,0.0,1.0
1007616,984,5,169.01133598629482,194.4,-0.005736776418052614,2.4575969114899636,-2.117737925052643,0.006994548926013522,0.0720703125,1.3542371436953544,43.88030525445938,2.0857014656066895,4.041852951049805,33.991973876953125,35.400726318359375,31.906269073486328,37.523582458496094,0.9869642298768595,3.586897373199463,189.72268676757812,1.0,1.0,0.0,1.0,0.0,0.0,0.01641286164522171,0.18911033868789673,0.0,-0.1242116391658783,-0.06380341202020645,-0.0010806105565279722,-2.2471535205841064,-2.1271235942840576,-2.0021612644195557,0.0,1.0
1008640,985,5,202.9824726952249,229.0,-0.004916253057308495,8.922688919305802,-2.127301478385925,0.005975033604772762,0.0680419921875,1.4869902387261391,66.07493817806244,4.25974702835083,6.479119300842285,20.67463493347168,39.05177688598633,16.414888381958008,42.00090026855469,0.9724735479245159,3.0560758113861084,246.3828582763672,1.0,1.0,0.0,1.0,0.0,0.0,0.016149986535310745,0.19082672894001007,0.0,-0.12418173253536224,-0.06435263901948929,-0.0024830782786011696,-2.2470946311950684,-2.128220796585083,-2.0049662590026855,0.0,1.0
1009664,986,3,218.92047405114212,235.66666666666666,-0.004246103682089597,4.883008289337158,-2.128372859954834,0.005853228870546445,0.0673828125,1.5830728963017464,28.681066727638246,1.0049078464508057,4.529414653778076,40.67364501953125,38.20376205444336,39.66873550415039,38.22189712524414,0.9859436712791257,3.1648170948028564,84.32767486572266,1.0,1.0,0.0,1.0,0.0,0.0,0.03319602087140083,0.20450177788734436,0.0,-0.12564776837825775,-0.06460943073034286,-0.0036666328087449074,-2.24998140335083,-2.128716230392456,-2.007333278656006,0.0,1.0
1010688,987,7,179.7658041463669,193.42857142857142,-0.004187892214395106,2.400296350568533,-2.1348276257514955,0.0027736340474803,0.04013671875,1.2896075308322907,21.778922021389008,0.46260279417037964,3.6196343898773193,41.902305603027344,37.25859832763672,41.439701080322266,37.09870910644531,0.9905620767940884,3.3994319438934326,65.82176208496094,0.975,1.0,0.0,1.0,0.0,0.0,0.04149414598941803,0.20047052204608917,0.0,-0.12651173770427704,-0.06683952361345291,-0.008156467229127884,-2.2516822814941406,-2.133173704147339,-2.016312599182129,0.0,1.0
1011712,988,7,149.65667068184823,168.85714285714286,-0.0026072599866893142,12.857776260375976,-2.1479233622550966,0.0056640502298250794,0.0641357421875,1.6425659015774727,55.82552421092987,-0.16962820291519165,7.742975234985352,35.95474624633789,41.878990173339844,36.12437438964844,43.03300857543945,0.9658159649621066,3.144782304763794,174.12347412109375,1.0,1.0,0.0,1.0,0.0,0.0,0.033716585487127304,0.20779360830783844,0.0,-0.12908872961997986,-0.06856166571378708,-0.00972446333616972,-2.2567529678344727,-2.1365787982940674,-2.0194482803344727,0.0,1.0
1012736,989,4,147.76059182845512,169.0,-0.005046364234294743,1.8122692242264749,-2.1572409212589263,0.0066516945458715785,0.0711669921875,1.3438527412712573,21.40086121559143,0.8524852395057678,3.1629278659820557,49.91697311401367,40.6473503112793,49.064483642578125,40.84600830078125,0.9939450009210814,2.882812738418579,67.46575927734375,0.975,1.0,0.0,1.0,0.0,0.0,0.030125102028250694,0.19152729213237762,0.0,-0.13013002276420593,-0.06996665894985199,-0.011155279353260994,-2.258800983428955,-2.139376401901245,-2.0223095417022705,0.0,1.0
1013760,990,5,206.78437927390308,204.8,-0.006030942720826715,3.049128532409668,-2.165535068511963,0.007782106951344759,0.09384765625,1.7036359950900077,29.845238316059113,-0.41715681552886963,4.167865753173828,44.41832733154297,36.848304748535156,44.835479736328125,37.12316131591797,0.9872064127420043,2.8992526531219482,104.8159408569336,1.0,1.0,0.0,1.0,0.0,0.0,0.03587674722075462,0.19429947435855865,0.0,-0.1321566104888916,-0.0715072825551033,-0.013084076344966888,-2.2627851963043213,-2.142425775527954,-2.0261666774749756,0.0,1.0
1014784,991,5,197.0398196568819,211.2,-0.0060868371714605015,6.016823929548264,-2.1742830157279966,0.00570562383509241,0.073291015625,1.4938481330871582,50.70315146446228,1.3666205406188965,6.256326198577881,35.575172424316406,39.49898147583008,34.20854949951172,41.15337371826172,0.9749119458552076,2.3969576358795166,196.4062042236328,1.0,1.0,0.0,1.0,0.0,0.0,0.026931412518024445,0.19565531611442566,0.0,-0.13316413760185242,-0.07277978211641312,-0.013682710938155651,-2.2647650241851807,-2.1449623107910156,-2.0273637771606445,0.0,1.0
1015808,992,5,164.96448038432428,184.8,-0.005681643343996257,3.3630108296871186,-2.179551696777344,0.007085200207075104,0.0694580078125,1.2741522878408431,31.874904251098634,1.5743064880371094,4.206630706787109,49.891998291015625,41.16718292236328,48.317691802978516,41.282386779785156,0.9895584135159551,2.2776196002960205,110.20866394042969,1.0,1.0,0.0,1.0,0.0,0.0,0.02605169452726841,0.17513248324394226,0.0,-0.13190636038780212,-0.07332900911569595,-0.0154015077278018,-2.2622933387756348,-2.146070957183838,-2.0308005809783936,0.0,1.0
1016832,993,5,228.98970681480787,222.0,-0.0038545699208043516,4.117132607102394,-2.18085121512413,0.005628433352103457,0.07021484375,1.4387522347271442,39.585009241104125,1.5759623050689697,4.659241199493408,41.01598358154297,37.706485748291016,39.440025329589844,38.21223068237305,0.9847314334452865,2.976552724838257,133.8520050048828,0.975,1.0,0.0,1.0,0.0,0.0,0.019333330914378166,0.18706130981445312,0.0,-0.12990187108516693,-0.07294171303510666,-0.016499999910593033,-2.258352279663086,-2.1453192234039307,-2.032996892929077,0.0,1.0
1017856,994,5,175.6192793931931,200.4,-0.005657471262384206,5.022803477942944,-2.1802220821380613,0.0046719774603843685,0.063037109375,1.4851006761193275,33.64448881149292,0.32153159379959106,5.286081314086914,45.581016540527344,38.04923629760742,45.25948715209961,37.16226577758789,0.9806991803280602,2.816774368286133,119.06112670898438,1.0,1.0,0.0,1.0,0.0,0.0,0.02710896171629429,0.19554732739925385,0.0,-0.13137999176979065,-0.07358264923095703,-0.01537632942199707,-2.261258602142334,-2.1465694904327393,-2.030750274658203,0.0,1.0
1018880,995,4,236.1596475216034,246.25,-0.006364182423567399,9.112589222192764,-2.1875756323337554,0.003969488022266887,0.061767578125,1.4022720202803611,58.59410605430603,3.186034679412842,6.200085163116455,29.45623016357422,38.84807586669922,26.27019500732422,41.02086639404297,0.9745283989777096,2.984830617904663,174.7810516357422,1.0,1.0,0.0,1.0,0.0,0.0,0.0217715036123991,0.1969246119260788,0.0,-0.13468116521835327,-0.07543410360813141,-0.015306505374610424,-2.2677454948425293,-2.1502230167388916,-2.0306105613708496,0.0,1.0
1019904,996,6,208.78962055911052,218.5,-0.005216032220050693,4.94711916744709,-2.1989131569862366,0.007809075812110678,0.0625732421875,1.415285375714302,51.459268474578856,3.2689132690429688,5.050144672393799,41.1639404296875,42.5788688659668,37.8950309753418,45.162479400634766,0.9859324218786877,3.207814931869507,177.4671630859375,1.0,1.0,0.0,1.0,0.0,0.0,0.013625233434140682,0.19589674472808838,0.0,-0.13558313250541687,-0.07694077491760254,-0.01764530874788761,-2.269516706466675,-2.1532225608825684,-2.0352869033813477,0.0,1.0
1020928,997,3,201.5253481077108,223.33333333333334,-0.005369877628982067,10.028773778676987,-2.203298819065094,0.006989138963399455,0.06806640625,1.532491597533226,66.08170454502105,1.250991940498352,7.446137428283691,40.811492919921875,34.45362854003906,39.56050109863281,35.080448150634766,0.9532919041631107,3.5514273643493652,174.64437866210938,1.0,1.0,0.0,1.0,0.0,0.0,0.02913268655538559,0.20319049060344696,0.0,-0.13403405249118805,-0.07698564976453781,-0.01938754878938198,-2.2664742469787598,-2.153334379196167,-2.0387701988220215,0.0,1.0
1021952,998,5,237.68335481140107,255.2,-0.007960443932097406,5.470170542597771,-2.2010435283184053,0.007675483194179833,0.0802978515625,1.3661448046565057,35.17597391605377,1.8929026126861572,4.370965957641602,39.72239685058594,41.97443771362305,37.829498291015625,42.47919845581055,0.9891561102920851,2.8221614360809326,101.79935455322266,1.0,1.0,0.0,1.0,0.0,0.0,0.031145066022872925,0.21730346977710724,0.0,-0.1340373307466507,-0.07639705389738083,-0.019229725003242493,-2.2664806842803955,-2.1521708965301514,-2.03845477104187,0.0,1.0
1022976,999,5,187.40668642203428,210.0,-0.004406456125434488,3.756522333621979,-2.204481339454651,0.006690824628458358,0.0629638671875,1.604855315387249,33.8728770494461,0.5776617527008057,4.626763343811035,40.02265167236328,43.02037048339844,39.44499206542969,43.64434814453125,0.9884333856606115,3.5416390895843506,115.43888854980469,1.0,1.0,0.0,1.0,0.0,0.0,0.004310691729187965,0.2051885724067688,0.0,-0.13613735139369965,-0.07818470150232315,-0.020868174731731415,-2.2706050872802734,-2.1557013988494873,-2.0417304039001465,0.0,1.0
1024000,1000,5,167.80703285268098,185.8,-0.0038638225756585597,2.071021220088005,-2.210315579175949,0.005216702551115305,0.0611083984375,1.4952878266572953,33.16392455101013,-0.1620754599571228,4.045609951019287,44.553382873535156,34.862178802490234,44.71546173095703,33.09435272216797,0.9865333717367869,2.641568899154663,110.8242416381836,1.0,1.0,0.0,1.0,0.0,0.0,0.030096905305981636,0.19679509103298187,0.0,-0.13440769910812378,-0.07780050486326218,-0.020230090245604515,-2.2672083377838135,-2.1549582481384277,-2.040454626083374,0.0,1.0
