total_env_steps,update,completed_episodes,completed_episode_return_mean,completed_episode_length_mean,actor_policy_loss,critic_loss,entropy,approx_kl,clip_fraction,actor_grad_norm,critic_grad_norm,advantage_raw_mean,advantage_raw_std,value_target_mean,value_target_std,value_prediction_mean_pre,value_prediction_std_pre,explained_variance_pre,actor_grad_norm_max,critic_grad_norm_max,actor_grad_clip_fraction,critic_grad_clip_fraction,value_normalizer_mean,value_normalizer_std,value_normalizer_count,hard_speed_accel_violations,action_mean,action_std,action_saturation_ratio,raw_log_std_min,raw_log_std_mean,raw_log_std_max,clamped_log_std_min,clamped_log_std_mean,clamped_log_std_max,raw_log_std_gt_max_ratio,finite
1024,1,2,151.48800505530028,117.5,-0.003926400537602603,163.32409629821777,-0.24471430405974387,0.003144897481251974,0.0484375,0.640188305079937,65.31106624603271,18.539480209350586,5.450939655303955,18.584644317626953,5.446759223937988,0.045165084302425385,0.17448000609874725,-0.0015354822848192562,1.2727477550506592,91.51251983642578,0.7,1.0,0.0,1.0,0.0,0.0,-0.009166118688881397,0.22590097784996033,0.0,0.253147155046463,0.25496262311935425,0.2566491663455963,-1.5042505264282227,-1.5008572340011597,-1.4976825714111328,0.0,1.0
2048,2,7,191.4754931204779,168.14285714285714,-0.003885452856775373,141.9208089828491,-0.24618458226323128,0.00459923119051382,0.0335693359375,0.6228321731090546,44.27140102386475,14.789300918579102,9.917553901672363,15.262237548828125,8.475473403930664,0.4729377329349518,2.561096429824829,-0.3692450123000459,1.1714385747909546,54.7881965637207,0.675,1.0,0.0,1.0,0.0,0.0,-0.004868700634688139,0.2269938439130783,0.0,0.2544536888599396,0.2547213137149811,0.2551177144050598,-1.5017987489700317,-1.5012874603271484,-1.5005533695220947,0.0,1.0
3072,3,6,200.0273979657693,180.66666666666666,-0.005630919220857322,117.1852195739746,-0.24856051877141,0.003459559979091864,0.040380859375,0.6207285992801189,63.533783721923825,13.832513809204102,9.204069137573242,15.492141723632812,8.758228302001953,1.6596282720565796,1.970047950744629,-0.10440208869173073,1.1163477897644043,81.70182037353516,0.75,1.0,0.0,1.0,0.0,0.0,-0.0027167387306690216,0.22415390610694885,0.0,0.2534030079841614,0.25404858589172363,0.2547854781150818,-1.5037702322006226,-1.5025668144226074,-1.5011764764785767,0.0,1.0
4096,4,6,204.7536402519969,180.0,-0.003924159484449774,111.76650848388672,-0.25152978822588923,0.001794586308824364,0.0431640625,0.6606237009167671,80.53899688720703,14.686273574829102,7.753406524658203,17.027286529541016,8.202688217163086,2.3410139083862305,2.8176326751708984,0.10654489171138304,1.1553875207901,91.65008544921875,0.675,1.0,0.0,1.0,0.0,0.0,-0.0024381570983678102,0.22532473504543304,0.0,0.2520221173763275,0.2538314461708069,0.2548021078109741,-1.5063629150390625,-1.5029455423355103,-1.5011452436447144,0.0,1.0
5120,5,2,238.06052659527006,187.0,-0.004238639370305464,114.08951416015626,-0.25350591242313386,0.0035975728620542212,0.0287109375,0.6162677854299545,95.5684440612793,15.61318588256836,7.438968658447266,18.644554138183594,8.643723487854004,3.031369686126709,4.48541259765625,0.25933175216796256,1.4147197008132935,102.89680480957031,0.6,1.0,0.0,1.0,0.0,0.0,0.0031599290668964386,0.2252800017595291,0.0,0.25028473138809204,0.2533927857875824,0.257679283618927,-1.509627342224121,-1.503806471824646,-1.4957528114318848,0.0,1.0
6144,6,7,218.84326817305717,195.71428571428572,-0.005663781799376011,101.83614807128906,-0.25595526322722434,0.004139699212100822,0.0419921875,0.5865446649491787,100.33602619171143,15.215654373168945,8.442313194274902,16.99266815185547,9.109665870666504,1.7770144939422607,7.607083797454834,0.14114862824644037,1.0344069004058838,136.2519073486328,0.7,1.0,0.0,1.0,0.0,0.0,-0.012055390514433384,0.22357486188411713,0.0,0.2508109211921692,0.25292840600013733,0.25624778866767883,-1.5086383819580078,-1.5046731233596802,-1.4984347820281982,0.0,1.0
7168,7,6,176.18388356030766,154.16666666666666,-0.004651071055559441,108.47488536834717,-0.25644450485706327,0.004602911540132482,0.047802734375,0.6246803887188435,106.28600368499755,14.512006759643555,8.83486557006836,20.03921890258789,10.80935287475586,5.527210712432861,7.421520709991455,0.3319629750903216,1.0082411766052246,123.67689514160156,0.725,1.0,0.0,1.0,0.0,0.0,-0.02002517692744732,0.22626818716526031,0.0,0.2509292960166931,0.25336208939552307,0.2547109127044678,-1.508415937423706,-1.503831386566162,-1.5013163089752197,0.0,1.0
8192,8,8,200.77774751948215,181.625,-0.004994574154261499,81.47977313995361,-0.2543016538023949,0.005634824866137933,0.039404296875,0.5886180572211742,95.313747215271,11.790382385253906,8.990071296691895,17.914432525634766,14.601435661315918,6.124048233032227,9.229883193969727,0.6209162527454263,1.0533427000045776,120.88138580322266,0.625,1.0,0.0,1.0,0.0,0.0,-0.027428800240159035,0.22551606595516205,0.0,0.25027069449424744,0.2535753548145294,0.2555549740791321,-1.5096538066864014,-1.5034648180007935,-1.4997334480285645,0.0,1.0
9216,9,6,175.26933813951905,152.33333333333334,-0.005460197431966662,93.31680240631104,-0.25083366483449937,0.004553411596862134,0.0486572265625,0.6503249198198319,99.67689838409424,13.838443756103516,7.443988800048828,20.98019027709961,13.323486328125,7.141747951507568,11.10874080657959,0.6878411269373237,1.1890102624893188,116.4132080078125,0.7,1.0,0.0,1.0,0.0,0.0,-0.012521491385996342,0.22595465183258057,0.0,0.25204214453697205,0.2547404170036316,0.2566928267478943,-1.5063252449035645,-1.5012545585632324,-1.497600793838501,0.0,1.0
10240,10,6,200.1831330379971,159.0,-0.0057753721601329746,83.70500011444092,-0.2455892249941826,0.004044389912451152,0.053662109375,0.625853157043457,119.97162551879883,12.920801162719727,6.677450180053711,27.201980590820312,10.161505699157715,14.281181335449219,7.084648132324219,0.5681776280073312,1.1141211986541748,148.55238342285156,0.725,1.0,0.0,1.0,0.0,0.0,-0.017602309584617615,0.22916047275066376,0.0,0.25235265493392944,0.2551206350326538,0.25831979513168335,-1.5057421922683716,-1.500570297241211,-1.4945533275604248,0.0,1.0
11264,11,5,178.25154687469922,173.8,-0.005372765881475061,82.97313852310181,-0.24508765637874602,0.0034497865446610375,0.0482421875,0.6766493447124958,110.68408546447753,12.155538558959961,8.707257270812988,23.365188598632812,16.05792236328125,11.209650993347168,11.156171798706055,0.7059751409419202,1.4553197622299194,170.53616333007812,0.7,1.0,0.0,1.0,0.0,0.0,-0.01172657310962677,0.22538012266159058,0.0,0.2515823245048523,0.25498947501182556,0.25966519117355347,-1.5071890354156494,-1.5007833242416382,-1.4920353889465332,0.0,1.0
12288,12,6,209.59521807583204,173.16666666666666,-0.005379227630328387,83.2069055557251,-0.24560553953051567,0.00545355988870142,0.032275390625,0.5610336147248745,116.37106571197509,12.103962898254395,7.667770862579346,29.966556549072266,12.571962356567383,17.862594604492188,9.005584716796875,0.6280092472174326,0.982478141784668,155.64321899414062,0.575,1.0,0.0,1.0,0.0,0.0,-0.023795926943421364,0.2204284369945526,0.0,0.25122344493865967,0.2552345097064972,0.2599186599254608,-1.5078632831573486,-1.5003204345703125,-1.4915611743927002,0.0,1.0
13312,13,8,183.12295839170798,181.375,-0.005887729139067233,75.59479970932007,-0.24900415688753127,0.005594283569371328,0.0465087890625,0.6113056026399135,82.81239614486694,8.233835220336914,11.350076675415039,22.12990951538086,19.365692138671875,13.896076202392578,15.48633098602295,0.6564961968872479,1.0342992544174194,122.4959945678711,0.7,1.0,0.0,1.0,0.0,0.0,-0.0259177777916193,0.22613084316253662,0.0,0.24786266684532166,0.253195196390152,0.259731650352478,-1.5141830444335938,-1.504163146018982,-1.4919109344482422,0.0,1.0
14336,14,5,156.87801470851898,156.4,-0.00601569406571798,80.18613681793212,-0.25944399982690813,0.004188707028515637,0.0678466796875,0.6818748079240322,102.42635250091553,9.397696495056152,10.0703125,31.06329345703125,14.566123008728027,21.66559600830078,8.132692337036133,0.5220329903279954,1.1444538831710815,136.30426025390625,0.775,1.0,0.0,1.0,0.0,0.0,-0.03253373131155968,0.2277929037809372,0.0,0.2460811734199524,0.25213608145713806,0.2591327130794525,-1.517537236213684,-1.5061613321304321,-1.4930317401885986,0.0,1.0
15360,15,4,189.05585159765877,172.75,-0.004735682890168391,103.3553430557251,-0.2595515951514244,0.004082234557427,0.042236328125,0.6034254744648934,121.16130485534669,11.13705062866211,11.150989532470703,32.26434326171875,18.27439308166504,21.127290725708008,12.773582458496094,0.6276589553305766,1.261313557624817,177.296630859375,0.65,1.0,0.0,1.0,0.0,0.0,-0.04670551046729088,0.22038422524929047,0.0,0.24649764597415924,0.25323477387428284,0.2609553337097168,-1.51675283908844,-1.5041090250015259,-1.4896222352981567,0.0,1.0
16384,16,3,247.51939270371818,211.0,-0.004720732022542506,96.56434917449951,-0.2543385624885559,0.006378670866251923,0.063720703125,0.595820739865303,110.4556827545166,10.620656967163086,10.53500747680664,34.31942367553711,17.976093292236328,23.698766708374023,12.50809097290039,0.656537703132071,0.9889191389083862,133.1610107421875,0.625,1.0,0.0,1.0,0.0,0.0,-0.04678860306739807,0.21966677904129028,0.0,0.24626006186008453,0.2534791827201843,0.26151618361473083,-1.517200231552124,-1.5036505460739136,-1.4885737895965576,0.0,1.0
17408,17,9,236.56497123299272,221.11111111111111,-0.006297966698184609,86.27802906036376,-0.251839467138052,0.005668690353923011,0.0609619140625,0.6562461614608764,72.545405960083,7.582038879394531,12.402775764465332,24.665590286254883,25.152952194213867,17.083553314208984,22.824186325073242,0.7568580797942241,1.367281436920166,108.88178253173828,0.7,1.0,0.0,1.0,0.0,0.0,-0.036199312657117844,0.22564809024333954,0.0,0.2465660125017166,0.25458261370658875,0.2618436813354492,-1.516624093055725,-1.5015588998794556,-1.4879616498947144,0.0,1.0
18432,18,4,117.56970231765084,101.5,-0.005573974357685074,80.01841106414795,-0.2450980804860592,0.00634923927282216,0.045703125,0.6079621307551861,107.37875938415527,10.367355346679688,8.590972900390625,40.8955078125,10.313661575317383,30.528152465820312,3.2772557735443115,0.30616071226827046,1.1818835735321045,130.33029174804688,0.575,1.0,0.0,1.0,0.0,0.0,-0.04308276250958443,0.22223158180713654,0.0,0.24692580103874207,0.2555600702762604,0.26337435841560364,-1.515946626663208,-1.49972403049469,-1.4851020574569702,0.0,1.0
19456,19,7,209.35402028320553,188.42857142857142,-0.006372850388288498,80.5148302078247,-0.2390023313462734,0.006161031905503478,0.060205078125,0.6080400511622429,77.20509052276611,6.664433002471924,12.120147705078125,32.64398956298828,20.520292282104492,25.97955894470215,15.781373023986816,0.6511419720062923,1.0602530241012573,103.78404998779297,0.7,1.0,0.0,1.0,0.0,0.0,-0.0301169753074646,0.22329673171043396,0.0,0.24453967809677124,0.2569383680820465,0.2677910327911377,-1.5204418897628784,-1.4971747398376465,-1.4768636226654053,0.0,1.0
20480,20,5,217.00884749837041,182.6,-0.004329542128834874,78.61480827331543,-0.23036851361393929,0.004392457824724261,0.03720703125,0.5861898198723793,103.64606323242188,9.050210952758789,11.25007438659668,31.951766967773438,24.118717193603516,22.90155601501465,20.987770080566406,0.7824283574421274,1.0438036918640137,196.499755859375,0.725,1.0,0.0,1.0,0.0,0.0,-0.040558427572250366,0.2236654907464981,0.0,0.24346470832824707,0.25846853852272034,0.27117231488227844,-1.5224688053131104,-1.4943243265151978,-1.470569372177124,0.0,1.0
21504,21,4,181.09422706361184,173.5,-0.005427757027791813,75.29893140792846,-0.22468162402510644,0.0046433809897280295,0.042724609375,0.6190266266465188,128.9538143157959,9.101518630981445,11.441146850585938,28.20697021484375,27.379240036010742,19.105453491210938,26.1292781829834,0.8253790599110786,1.0759156942367554,258.375,0.65,1.0,0.0,1.0,0.0,0.0,-0.03701089322566986,0.22312690317630768,0.0,0.2422434240579605,0.25881025195121765,0.27475056052207947,-1.5247727632522583,-1.4937044382095337,-1.4639205932617188,0.0,1.0
22528,22,8,221.5497890530438,193.0,-0.0063907359610311685,100.48606224060059,-0.22475043088197708,0.007007422683818732,0.0559326171875,0.6129446066915989,109.22132797241211,9.372310638427734,13.52928638458252,36.45415496826172,22.515056610107422,27.08184051513672,22.026947021484375,0.6389197676571067,1.1177188158035278,152.30856323242188,0.7,1.0,0.0,1.0,0.0,0.0,-0.04770906642079353,0.2211494743824005,0.0,0.24081723392009735,0.25870779156684875,0.27567237615585327,-1.5274649858474731,-1.4939192533493042,-1.462209939956665,0.0,1.0
23552,23,5,192.77275070903949,165.0,-0.005235105869360268,48.12445411682129,-0.22419966906309127,0.0033074976396164856,0.042529296875,0.6135786760598421,99.66480827331543,8.078080177307129,8.420552253723145,27.447444915771484,25.455913543701172,19.36936378479004,23.969314575195312,0.890578214925634,0.9218549728393555,336.719482421875,0.725,1.0,0.0,1.0,0.0,0.0,-0.06675458699464798,0.2272433489561081,0.0,0.2390432357788086,0.25903308391571045,0.2774595022201538,-1.5308163166046143,-1.4933395385742188,-1.4588956832885742,0.0,1.0
24576,24,7,173.18809050119134,164.14285714285714,-0.006434444920159876,72.67207250595092,-0.22418745905160903,0.0062270375288790095,0.0560546875,0.6108555302023888,82.00667667388916,7.681295394897461,10.843339920043945,39.20347595214844,23.4736328125,31.522178649902344,20.92669677734375,0.7866142077849754,1.0514219999313354,106.53351593017578,0.7,1.0,0.0,1.0,0.0,0.0,-0.03140784054994583,0.22683486342430115,0.0,0.23866033554077148,0.2586525082588196,0.2780013680458069,-1.531540036201477,-1.4940261840820312,-1.4578914642333984,0.0,1.0
25600,25,7,161.77589974108062,160.85714285714286,-0.005456620187032968,89.13128004074096,-0.2259042114019394,0.006203667516820133,0.0472900390625,0.6595304287970066,92.20623064041138,4.685737133026123,14.861287117004395,27.6807804107666,28.417560577392578,22.995040893554688,28.028261184692383,0.7265114081837171,1.2529237270355225,188.0329132080078,0.8,1.0,0.0,1.0,0.0,0.0,-0.05179254338145256,0.2232058048248291,0.0,0.23743027448654175,0.25862619280815125,0.2802218496799469,-1.5338659286499023,-1.4941277503967285,-1.4537792205810547,0.0,1.0
26624,26,7,181.64930872535973,160.28571428571428,-0.006712344870902598,41.609694194793704,-0.2263552039861679,0.004215491029026452,0.0423828125,0.5927580416202545,75.93642253875733,7.961318492889404,6.8841471672058105,34.46725082397461,22.445743560791016,26.505929946899414,21.414060592651367,0.9059340893399853,0.8857896327972412,146.25588989257812,0.7,1.0,0.0,1.0,0.0,0.0,-0.048127371817827225,0.22309835255146027,0.0,0.23630933463573456,0.25830045342445374,0.28151965141296387,-1.5359865427017212,-1.4947562217712402,-1.4513781070709229,0.0,1.0
27648,27,4,218.75604601894224,203.5,-0.004660558816976845,40.02782826423645,-0.2324697956442833,0.003187939261260908,0.047607421875,0.5805361479520798,75.22469062805176,7.6640944480896,7.698956489562988,33.97672653198242,24.292415618896484,26.312633514404297,23.803735733032227,0.8995563820710978,1.2049968242645264,163.66961669921875,0.625,1.0,0.0,1.0,0.0,0.0,-0.020944222807884216,0.22664064168930054,0.0,0.23469442129135132,0.2563460171222687,0.27965548634529114,-1.539043664932251,-1.4984245300292969,-1.4548275470733643,0.0,1.0
28672,28,5,199.1864078137575,197.4,-0.004945225617848337,62.374610137939456,-0.24181851372122765,0.005883484995865729,0.0370361328125,0.6020012125372887,101.50438652038574,7.148334980010986,10.821005821228027,38.368465423583984,26.055635452270508,31.220130920410156,24.384675979614258,0.8275227048030531,0.9894720911979675,221.69482421875,0.725,1.0,0.0,1.0,0.0,0.0,-0.03284332528710365,0.22316302359104156,0.0,0.2341076284646988,0.2552148997783661,0.27989035844802856,-1.540155053138733,-1.5005158185958862,-1.4543927907943726,0.0,1.0
29696,29,5,167.18605421614615,161.0,-0.005438594869337976,44.42568492889404,-0.24711854979395867,0.003675558987015393,0.0423583984375,0.5704380787909031,105.19819660186768,6.774895668029785,10.201605796813965,33.77287292480469,25.015443801879883,26.997976303100586,24.732240676879883,0.8336891567544986,0.9270676374435425,293.4079284667969,0.625,1.0,0.0,1.0,0.0,0.0,-0.05080394074320793,0.2227550745010376,0.0,0.23423157632350922,0.2544693648815155,0.27939388155937195,-1.5399202108383179,-1.5019558668136597,-1.4553120136260986,0.0,1.0
30720,30,6,225.59346387647147,207.66666666666666,-0.004838733933866024,51.67168474197388,-0.2515955060720444,0.0014778249373193831,0.046728515625,0.6644209355115891,95.91676683425904,6.0979814529418945,10.916338920593262,35.357154846191406,27.053985595703125,29.25917625427246,25.71335792541504,0.8371860582997365,1.1670334339141846,231.19728088378906,0.8,1.0,0.0,1.0,0.0,0.0,-0.0639844685792923,0.2254832535982132,0.0,0.23279492557048798,0.253316193819046,0.2765914499759674,-1.54264235496521,-1.50408935546875,-1.4605050086975098,0.0,1.0
31744,31,6,197.5305369350937,176.5,-0.004617845779284835,37.219630002975464,-0.25854586735367774,0.005798452859744429,0.0444091796875,0.6356930300593376,84.10111684799195,5.899234771728516,8.860841751098633,31.615331649780273,27.72865867614746,25.71609878540039,27.210128784179688,0.8978843542585084,1.1750279664993286,229.9479522705078,0.725,1.0,0.0,1.0,0.0,0.0,-0.05113266408443451,0.2263021022081375,0.0,0.23074157536029816,0.25243470072746277,0.2762765884399414,-1.5465362071990967,-1.5057753324508667,-1.461089015007019,0.0,1.0
32768,32,6,175.27829508777597,170.0,-0.004267844138666987,46.50165529251099,-0.26459886506199837,0.004189771601522807,0.037744140625,0.6011326037347317,50.104529809951785,7.556983947753906,7.157876491546631,36.6121826171875,29.930166244506836,29.055198669433594,29.111326217651367,0.9428060380541476,0.9444738626480103,111.63294982910156,0.7,1.0,0.0,1.0,0.0,0.0,-0.04331669211387634,0.225291445851326,0.0,0.22595752775669098,0.2507273256778717,0.276345431804657,-1.5556221008300781,-1.509001612663269,-1.4609613418579102,0.0,1.0
33792,33,6,187.78396020298078,169.83333333333334,-0.0038191983243450523,70.33074054718017,-0.2737900368869305,0.0026215973557555117,0.0495849609375,0.555452324450016,71.53128776550292,6.889584541320801,11.134868621826172,41.23857879638672,28.894460678100586,34.348995208740234,27.761028289794922,0.8514950174069015,1.0860289335250854,100.68916320800781,0.475,1.0,0.0,1.0,0.0,0.0,-0.05411943793296814,0.2217705398797989,0.0,0.22436384856700897,0.2495930790901184,0.2756192684173584,-1.5586532354354858,-1.5111302137374878,-1.462308406829834,0.0,1.0
34816,34,6,211.46801293360136,165.5,-0.004466104274615646,26.466900682449342,-0.27583070322871206,0.004634322512720246,0.0409423828125,0.5811323575675488,70.36519346237182,7.1449384689331055,5.164390563964844,44.309486389160156,20.676006317138672,37.16454315185547,19.254451751708984,0.9376114610006824,1.014948844909668,160.4025115966797,0.675,1.0,0.0,1.0,0.0,0.0,-0.049331795424222946,0.2234811782836914,0.0,0.2258039265871048,0.25013574957847595,0.27519690990448,-1.5559141635894775,-1.5101176500320435,-1.4630922079086304,0.0,1.0
35840,35,4,147.83564709532817,145.25,-0.0056489811569917945,54.513585042953494,-0.2696931555867195,0.005589427807717584,0.0666015625,0.5712069772183895,127.74091262817383,5.0185370445251465,12.467364311218262,23.424808502197266,33.91419982910156,18.406269073486328,33.7988166809082,0.8648592863124961,0.900876522064209,291.4884948730469,0.5,1.0,0.0,1.0,0.0,0.0,-0.062350425869226456,0.22149601578712463,0.0,0.22579224407672882,0.2518663704395294,0.2777213752269745,-1.5559364557266235,-1.50687837600708,-1.4584102630615234,0.0,1.0
36864,36,5,280.04509951020475,245.0,-0.0052070169884245844,54.23478708267212,-0.2633017748594284,0.003810463134141173,0.058837890625,0.6440788410604,110.68055944442749,9.791662216186523,9.03148078918457,50.45592498779297,25.554719924926758,40.664268493652344,31.28104591369629,0.8750961862415327,1.0520527362823486,196.30967712402344,0.7,1.0,0.0,1.0,0.0,0.0,-0.08222391456365585,0.2171608954668045,0.0,0.22558602690696716,0.2514644265174866,0.27661022543907166,-1.556328535079956,-1.5076184272766113,-1.460470199584961,0.0,1.0
37888,37,7,191.68692440944503,192.85714285714286,-0.004378363816067576,53.02410135269165,-0.27094419449567797,0.002706266948371194,0.034423828125,0.640995392203331,71.48625836372375,2.73404598236084,11.802865028381348,35.338470458984375,30.97393798828125,32.60442352294922,29.5584774017334,0.8547948588323615,0.951249897480011,203.14695739746094,0.775,1.0,0.0,1.0,0.0,0.0,-0.09273648262023926,0.2199186235666275,0.0,0.22421105206012726,0.24957232177257538,0.27382636070251465,-1.5589439868927002,-1.5111619234085083,-1.4656367301940918,0.0,1.0
38912,38,7,150.1305938027144,146.57142857142858,-0.005676376493647694,36.05984830856323,-0.28053944036364553,0.004409381771984045,0.049560546875,0.6800498776137829,68.27578897476197,4.11277437210083,9.185378074645996,46.83490753173828,26.0534725189209,42.722129821777344,22.42108726501465,0.8757023769996064,1.2737706899642944,122.62760162353516,0.825,1.0,0.0,1.0,0.0,0.0,-0.08003667742013931,0.22213459014892578,0.0,0.22230671346187592,0.24837785959243774,0.27290162444114685,-1.5625689029693604,-1.5133934020996094,-1.4673545360565186,0.0,1.0
39936,39,6,182.919582990119,164.66666666666666,-0.0048127383342944086,62.13656158447266,-0.2827501311898232,0.004297479167871643,0.0432373046875,0.6162122897803783,121.09711875915528,2.7223312854766846,13.797294616699219,41.826377868652344,31.608232498168945,39.10404586791992,27.66155242919922,0.8094594331041598,1.1681182384490967,294.162841796875,0.675,1.0,0.0,1.0,0.0,0.0,-0.08511912822723389,0.22410014271736145,0.0,0.22150103747844696,0.24877415597438812,0.2745572030544281,-1.5641034841537476,-1.5126938819885254,-1.4642796516418457,0.0,1.0
40960,40,5,159.20916700064822,159.0,-0.004543810070026666,30.666128158569336,-0.2820259727537632,0.004121250768366736,0.0371826171875,0.6166890829801559,62.76196784973145,4.749641418457031,8.326372146606445,45.645179748535156,27.27947425842285,40.895538330078125,26.54840087890625,0.9068378160931434,1.5031057596206665,143.98733520507812,0.65,1.0,0.0,1.0,0.0,0.0,-0.10934022814035416,0.22030600905418396,0.0,0.22235946357250214,0.24847938120365143,0.2738785445690155,-1.5624685287475586,-1.5132142305374146,-1.4655396938323975,0.0,1.0
41984,41,9,163.71399014046807,149.55555555555554,-0.0038658750359900295,31.44153790473938,-0.28396849036216737,0.004611635506444145,0.035302734375,0.6290058374404908,45.73565049171448,2.482884407043457,8.869885444641113,40.958045959472656,29.566078186035156,38.47516632080078,27.49650001525879,0.9099987340643355,1.1118557453155518,79.6789321899414,0.75,1.0,0.0,1.0,0.0,0.0,-0.11348902434110641,0.21858717501163483,0.0,0.2223295271396637,0.24793817102909088,0.2733669579029083,-1.5625255107879639,-1.5142631530761719,-1.4664900302886963,0.0,1.0
43008,42,5,172.42734379095202,151.2,-0.00429018591530621,46.46319842338562,-0.28445974737405777,0.006084123146138154,0.0597412109375,0.5609190676361322,58.279580450057985,3.9724998474121094,10.143271446228027,45.52693557739258,26.704347610473633,41.55443572998047,25.495325088500977,0.8557246292451685,0.9921236634254456,108.78072357177734,0.6,1.0,0.0,1.0,0.0,0.0,-0.0912010446190834,0.22235320508480072,0.0,0.2222440242767334,0.248697891831398,0.2752229869365692,-1.5626883506774902,-1.512826919555664,-1.4630438089370728,0.0,1.0
44032,43,9,156.2438093272463,130.0,-0.005354971392080188,18.04390094280243,-0.2814810127019882,0.00456933556124568,0.0489990234375,0.70668750628829,56.35543785095215,2.8675272464752197,7.137176513671875,44.5347900390625,28.04342269897461,41.667266845703125,28.078819274902344,0.9352274829525861,1.2726527452468872,158.83169555664062,0.8,1.0,0.0,1.0,0.0,0.0,-0.06722196191549301,0.22805693745613098,0.0,0.22121669352054596,0.24852867424488068,0.2738862633705139,-1.5646451711654663,-1.5131607055664062,-1.4655253887176514,0.0,1.0
45056,44,7,212.84797155322946,182.42857142857142,-0.004031190287787467,33.817169308662415,-0.28232803866267203,0.004515553964301944,0.0477294921875,0.5940237991511822,105.33360552787781,6.732111930847168,10.486592292785645,40.83486557006836,29.553428649902344,34.102752685546875,33.07894515991211,0.8740920897719928,1.1093623638153076,252.87384033203125,0.675,1.0,0.0,1.0,0.0,0.0,-0.06741552799940109,0.22871370613574982,0.0,0.22097836434841156,0.24880005419254303,0.2736673951148987,-1.5650992393493652,-1.5126274824142456,-1.4659318923950195,0.0,1.0
46080,45,6,157.46375841790714,143.33333333333334,-0.003662678465479985,25.74059479236603,-0.28046698942780496,0.0061475550319300964,0.0586669921875,0.7032526575028897,70.1972192287445,0.9678642153739929,9.600213050842285,40.41810607910156,31.046316146850586,39.45024108886719,27.63115119934082,0.9043815734248788,1.5284322500228882,148.56430053710938,0.7,1.0,0.0,1.0,0.0,0.0,-0.07267776131629944,0.2254473716020584,0.0,0.2210734486579895,0.24894344806671143,0.27346453070640564,-1.564918041229248,-1.5123499631881714,-1.4663087129592896,0.0,1.0
47104,46,6,134.8846617496591,137.66666666666666,-0.0034302924177609384,16.827559304237365,-0.28139316886663435,0.003191307572706137,0.033447265625,0.718269444257021,46.62795872688294,3.8196702003479004,6.418208122253418,44.57640075683594,27.78307342529297,40.75672912597656,26.750646591186523,0.946633712811584,1.3992421627044678,120.48651123046875,0.725,1.0,0.0,1.0,0.0,0.0,-0.07826939970254898,0.2235845923423767,0.0,0.220843106508255,0.24837754666805267,0.2736920714378357,-1.565356969833374,-1.5134164094924927,-1.465886116027832,0.0,1.0
48128,47,7,190.64805652143488,166.57142857142858,-0.004231212468585,17.700825142860413,-0.2870197854936123,0.004926129391242285,0.03828125,0.6259206429123878,56.00672059059143,2.928896427154541,7.208389759063721,43.97468185424805,28.20885467529297,41.0457878112793,26.916906356811523,0.9347011325925633,1.027050256729126,211.129150390625,0.75,1.0,0.0,1.0,0.0,0.0,-0.04997222498059273,0.23057325184345245,0.0,0.21789345145225525,0.2470160573720932,0.2712804675102234,-1.5709812641143799,-1.515976071357727,-1.4703681468963623,0.0,1.0
49152,48,8,147.49633643149107,152.875,-0.0045335426984820515,86.48717679977418,-0.2925471760332584,0.002147567841166165,0.0423583984375,0.6229587100446224,111.49535827636718,2.779662609100342,15.194714546203613,40.325435638427734,39.441349029541016,37.5457763671875,39.901248931884766,0.8515837028748976,1.2273938655853271,270.3334655761719,0.75,1.0,0.0,1.0,0.0,0.0,-0.046523332595825195,0.23258911073207855,0.0,0.2173781841993332,0.24660910665988922,0.2710655629634857,-1.5719645023345947,-1.5167484283447266,-1.470767855644226,0.0,1.0
50176,49,4,151.26154572241717,162.75,-0.004759742354508489,31.17557291984558,-0.29423719868063924,0.006164262586389668,0.04609375,0.672956857830286,77.55525426864624,2.365304946899414,10.208715438842773,35.86106491088867,33.79996109008789,33.495758056640625,30.695575714111328,0.9087758535831101,1.4735991954803467,167.78944396972656,0.65,1.0,0.0,1.0,0.0,0.0,-0.0504273883998394,0.23092640936374664,0.0,0.21819058060646057,0.24636530876159668,0.2718864679336548,-1.570414423942566,-1.5172004699707031,-1.4692413806915283,0.0,1.0
51200,50,7,216.4887040291062,176.14285714285714,-0.004250008496455848,23.0034019947052,-0.2951779134571552,0.0047520396736217664,0.0362060546875,0.6680492661893368,56.338098001480105,6.090002059936523,6.302323818206787,53.01795959472656,26.507076263427734,46.92795944213867,27.45334243774414,0.9434701626968893,1.1573899984359741,141.09852600097656,0.7,1.0,0.0,1.0,0.0,0.0,-0.0896974578499794,0.2200271040201187,0.0,0.2192055881023407,0.246249720454216,0.2710201144218445,-1.5684784650802612,-1.5174447298049927,-1.4708523750305176,0.0,1.0
52224,51,6,187.321412329502,149.83333333333334,-0.0052484443556750195,15.787814903259278,-0.2938522003591061,0.005806770524941385,0.0478515625,0.6787657324224711,40.72718105316162,1.3249268531799316,6.908504962921143,50.871337890625,26.67363166809082,49.546409606933594,23.126609802246094,0.9329183311731116,1.096824049949646,91.05989837646484,0.775,1.0,0.0,1.0,0.0,0.0,-0.09987077862024307,0.22347453236579895,0.0,0.22000686824321747,0.24693499505519867,0.2714542746543884,-1.566950798034668,-1.5161081552505493,-1.4700449705123901,0.0,1.0
53248,52,7,189.54721618564213,160.71428571428572,-0.004749782249564305,10.03533695936203,-0.2885627470910549,0.0050792193767847495,0.04375,0.6543211415410042,36.85224299430847,3.648275375366211,4.5638556480407715,53.469940185546875,28.249032974243164,49.82166290283203,28.355093002319336,0.9738990306899602,1.3311691284179688,76.97662353515625,0.675,1.0,0.0,1.0,0.0,0.0,-0.10996827483177185,0.2193545401096344,0.0,0.22092655301094055,0.2479671835899353,0.2723056972026825,-1.5651979446411133,-1.514173984527588,-1.4684619903564453,0.0,1.0
54272,53,7,166.38866851923294,154.57142857142858,-0.0050143128726631405,13.882416224479675,-0.28164878860116005,0.003782038095232565,0.0395263671875,0.5890103034675122,39.59831533432007,1.7212834358215332,6.23993444442749,51.83612823486328,32.58133316040039,50.114845275878906,28.754793167114258,0.963320596548277,0.9999831318855286,79.38641357421875,0.7,1.0,0.0,1.0,0.0,0.0,-0.09662220627069473,0.2267126888036728,0.0,0.2217264622449875,0.24943165481090546,0.2738116681575775,-1.5636740922927856,-1.5114315748214722,-1.4656639099121094,0.0,1.0
55296,54,6,219.32539480124956,172.16666666666666,-0.0029167486587539314,14.684637558460235,-0.27899123951792715,0.0029361467153648847,0.02626953125,0.5993337407708168,88.39101452827454,1.9490938186645508,8.493797302246094,42.54180145263672,33.69325256347656,40.592708587646484,35.85622787475586,0.9364496548411086,1.2371593713760376,312.2987365722656,0.6,1.0,0.0,1.0,0.0,0.0,-0.08613047003746033,0.22818811237812042,0.0,0.21911945939064026,0.24850915372371674,0.2722044289112091,-1.5686427354812622,-1.5132040977478027,-1.4686503410339355,0.0,1.0
56320,55,5,178.12073943472447,169.0,-0.004494425887241959,9.226978504657746,-0.2850915387272835,0.0043673651351127775,0.040966796875,0.5900186903774738,27.94707579612732,2.8052053451538086,4.224230766296387,59.38078308105469,26.91059684753418,56.57558059692383,26.054710388183594,0.9753595545329897,0.9721212387084961,57.78653335571289,0.625,1.0,0.0,1.0,0.0,0.0,-0.07880602031946182,0.228303462266922,0.0,0.21863287687301636,0.24766181409358978,0.27051910758018494,-1.569570779800415,-1.5147647857666016,-1.4717843532562256,0.0,1.0
57344,56,7,195.68986421271757,177.71428571428572,-0.005146162083838135,18.445937275886536,-0.2873846426606178,0.004860838466265704,0.0429931640625,0.5628094434738159,62.70776515007019,2.250511646270752,8.35260009765625,50.48038864135742,34.347679138183594,48.22987747192383,33.902366638183594,0.9408644573277664,1.2874201536178589,149.09075927734375,0.575,1.0,0.0,1.0,0.0,0.0,-0.07632318884134293,0.2237498164176941,0.0,0.22037985920906067,0.24788445234298706,0.268106609582901,-1.566239833831787,-1.5143204927444458,-1.4762756824493408,0.0,1.0
58368,57,5,168.75662135548868,167.0,-0.004182180925272405,38.216821455955504,-0.2836534321308136,0.003696598863461986,0.035693359375,0.5555991403758526,116.13926200866699,-1.1789193153381348,12.886810302734375,47.54854965209961,34.154693603515625,48.72747039794922,33.95158767700195,0.8576392805139377,0.9071686267852783,283.5222473144531,0.575,1.0,0.0,1.0,0.0,0.0,-0.07664132118225098,0.2198663353919983,0.0,0.22245337069034576,0.2488386482000351,0.26780328154563904,-1.5622897148132324,-1.512526035308838,-1.4768407344818115,0.0,1.0
59392,58,5,184.9842708507018,166.8,-0.004111410514451563,12.273818802833556,-0.27878824099898336,0.0037893143700785,0.0393798828125,0.5247700296342372,43.10017805099487,3.5382392406463623,5.6342854499816895,57.43565368652344,29.63191032409668,53.89741134643555,29.996402740478516,0.9638458287387183,1.055206060409546,106.03179931640625,0.5,1.0,0.0,1.0,0.0,0.0,-0.08323115855455399,0.2245279848575592,0.0,0.2243112474679947,0.24943023920059204,0.26744720339775085,-1.558753252029419,-1.5113896131515503,-1.4775042533874512,0.0,1.0
60416,59,8,194.35333055179257,166.125,-0.0047318893601186575,28.206555342674257,-0.2787379898130894,0.005052219617937226,0.0401611328125,0.5591024130582809,115.48040113449096,2.903870105743408,10.4794921875,48.63496398925781,39.72835159301758,45.73109436035156,42.865867614746094,0.9304208077431401,1.116956114768982,370.490478515625,0.525,1.0,0.0,1.0,0.0,0.0,-0.0527401901781559,0.22172172367572784,0.0,0.22269605100154877,0.24871845543384552,0.26513317227363586,-1.561827540397644,-1.5127264261245728,-1.4818191528320312,0.0,1.0
61440,60,5,145.79189836007524,141.0,-0.003775710507761687,15.397489845752716,-0.27880758196115496,0.005681535795156378,0.046484375,0.6681390143930912,84.80898575782776,1.8841586112976074,7.954629421234131,41.823699951171875,37.76657485961914,39.939537048339844,39.67458724975586,0.9556366136266724,1.143463373184204,278.452392578125,0.8,1.0,0.0,1.0,0.0,0.0,-0.0866222009062767,0.22378134727478027,0.0,0.22102458775043488,0.2499135136604309,0.268011212348938,-1.5650112628936768,-1.510529637336731,-1.476453423500061,0.0,1.0
62464,61,8,208.7507597064983,182.875,-0.004983055836055428,17.151681196689605,-0.27397636845707896,0.007243680926330853,0.05126953125,0.6209694661200047,99.92645177841186,2.9987452030181885,8.955379486083984,49.51599884033203,32.91620635986328,46.51725769042969,36.8477668762207,0.9259801251468993,1.0691665410995483,301.6671447753906,0.725,1.0,0.0,1.0,0.0,0.0,-0.10108675807714462,0.23219448328018188,0.0,0.22115617990493774,0.25000128149986267,0.26921331882476807,-1.564760446548462,-1.5103472471237183,-1.4742146730422974,0.0,1.0
63488,62,6,176.31461293879212,141.33333333333334,-0.004945439635775983,9.318982434272765,-0.275497754663229,0.004738634807290509,0.03623046875,0.6409499831497669,41.37541038990021,0.6526220440864563,6.024402141571045,56.745384216308594,27.05841064453125,56.0927619934082,25.83552360534668,0.9504294929414775,1.2033418416976929,118.15784454345703,0.775,1.0,0.0,1.0,0.0,0.0,-0.050283774733543396,0.22291891276836395,0.0,0.22276927530765533,0.24950532615184784,0.26767095923423767,-1.5616881847381592,-1.5112801790237427,-1.4770872592926025,0.0,1.0
64512,63,6,205.6205993411804,182.33333333333334,-0.004595864238217473,15.273859333992004,-0.27970087006688116,0.0075388359575299544,0.0531005859375,0.6478120677173138,48.18474907875061,3.27441668510437,6.597445011138916,53.68003845214844,32.7591667175293,50.40562438964844,32.33347702026367,0.9594411317922571,1.3708549737930298,110.28462219238281,0.725,1.0,0.0,1.0,0.0,0.0,-0.053484756499528885,0.22202737629413605,0.0,0.22133253514766693,0.24835191667079926,0.26562148332595825,-1.5644245147705078,-1.513431429862976,-1.4809081554412842,0.0,1.0
65536,64,5,186.31721552750565,162.2,-0.0043699851434212175,6.10929428935051,-0.28600718155503274,0.005848758076899685,0.0421875,0.6544501170516014,38.74917266368866,1.7760555744171143,5.338083744049072,45.90981674194336,30.826223373413086,44.13376235961914,32.56388473510742,0.9700132006382506,1.2660253047943115,127.43682861328125,0.675,1.0,0.0,1.0,0.0,0.0,-0.10295740514993668,0.2222575694322586,0.0,0.22098210453987122,0.24758082628250122,0.26277783513069153,-1.5650920867919922,-1.5148593187332153,-1.4862161874771118,0.0,1.0
66560,65,5,212.79732896617702,187.6,-0.007170243817381561,7.274770611524582,-0.28780457377433777,0.003438324836315587,0.055517578125,0.6543502435088158,31.651382946968077,2.190507650375366,4.6689558029174805,55.45469284057617,34.748497009277344,53.264183044433594,33.66535949707031,0.981946249295867,1.2255134582519531,102.1001968383789,0.7,1.0,0.0,1.0,0.0,0.0,-0.05655323341488838,0.22444193065166473,0.0,0.22251631319522858,0.24755720794200897,0.2604529559612274,-1.5621697902679443,-1.5149097442626953,-1.4905617237091064,0.0,1.0
67584,66,8,196.09089297693316,172.375,-0.0060175855527631935,15.613220143318177,-0.28799432814121245,0.005471710721030832,0.0769775390625,0.6914089970290661,51.58216609954834,1.7090928554534912,7.703608989715576,49.82145309448242,36.21968460083008,48.11235809326172,37.04369354248047,0.9547624363575153,1.2314093112945557,114.79985809326172,0.8,1.0,0.0,1.0,0.0,0.0,-0.06292887777090073,0.22579070925712585,0.0,0.2228984385728836,0.2475641518831253,0.2610471546649933,-1.561442255973816,-1.5148648023605347,-1.4894505739212036,0.0,1.0
68608,67,5,163.24514666548117,155.4,-0.0040747806546278294,8.01005791425705,-0.2915320210158825,0.00385241945477901,0.039892578125,0.6184916257858276,41.96706490516662,1.8244850635528564,5.10728120803833,42.18934631347656,31.85871124267578,40.36486053466797,31.6275634765625,0.9743005920194989,1.1762421131134033,120.44525909423828,0.7,1.0,0.0,1.0,0.0,0.0,-0.08103418350219727,0.22334513068199158,0.0,0.2205483615398407,0.2459098845720291,0.2607651948928833,-1.5659186840057373,-1.5180110931396484,-1.4899778366088867,0.0,1.0
69632,68,7,189.60209372270376,151.71428571428572,-0.004741670726798475,9.531916218996049,-0.2991117902100086,0.0012049355544149875,0.0395751953125,0.6784579627215862,49.68004999160767,1.634135127067566,6.450888156890869,59.711029052734375,30.110368728637695,58.07689666748047,31.386768341064453,0.9541006159301239,1.0113470554351807,143.09242248535156,0.875,1.0,0.0,1.0,0.0,0.0,-0.05482393503189087,0.22630006074905396,0.0,0.21825659275054932,0.24552571773529053,0.2620457112789154,-1.5702884197235107,-1.5187410116195679,-1.487584114074707,0.0,1.0
70656,69,6,176.0626714005576,167.0,-0.006571938376873731,16.900515067577363,-0.2975677728652954,0.007460983078635764,0.067431640625,0.6226281456649303,81.90641760826111,2.6234805583953857,7.655821323394775,46.63427734375,35.47947311401367,44.01079559326172,35.24787139892578,0.953438254845007,1.319867730140686,297.7596435546875,0.75,1.0,0.0,1.0,0.0,0.0,-0.05757824704051018,0.2313028872013092,0.0,0.21787212789058685,0.24641753733158112,0.2641376852989197,-1.5710220336914062,-1.5171051025390625,-1.4836769104003906,0.0,1.0
71680,70,6,214.03829294217044,175.0,-0.005648939107777551,8.891573590040206,-0.2912609733641148,0.004172307399858255,0.0317138671875,0.5554872464388609,62.30922360420227,2.648475170135498,6.153506755828857,54.13981246948242,34.42256164550781,51.491336822509766,35.95406723022461,0.9680435137120266,0.9445087313652039,213.68455505371094,0.6,1.0,0.0,1.0,0.0,0.0,-0.062378913164138794,0.2270258516073227,0.0,0.22021833062171936,0.2475520819425583,0.2648635506629944,-1.5665476322174072,-1.5149599313735962,-1.4823222160339355,0.0,1.0
72704,71,7,195.97073139443248,168.14285714285714,-0.00584647775394842,14.668360829353333,-0.2887870594859123,0.009496620442951098,0.0689453125,0.583297049254179,79.2664454460144,0.04312771558761597,8.679708480834961,57.590763092041016,33.04248809814453,57.547637939453125,32.53899002075195,0.9309975024919115,1.0709913969039917,252.00340270996094,0.6,1.0,0.0,1.0,0.0,0.0,-0.04498016834259033,0.2311568260192871,0.0,0.22111593186855316,0.24709774553775787,0.26388242840766907,-1.5648372173309326,-1.5157548189163208,-1.484153389930725,0.0,1.0
73728,72,6,180.5542547820717,161.0,-0.0033676229766570033,12.919518339633942,-0.29410276636481286,0.003516273887362331,0.0253173828125,0.6542616479098797,62.083176946640016,0.09651902318000793,7.696981430053711,54.71563720703125,33.38787078857422,54.61911392211914,32.99082946777344,0.9468548786202216,1.214883804321289,170.47381591796875,0.775,1.0,0.0,1.0,0.0,0.0,-0.050356436520814896,0.2308153659105301,0.0,0.22083088755607605,0.2456885576248169,0.2598883807659149,-1.565380334854126,-1.5184015035629272,-1.4916176795959473,0.0,1.0
74752,73,4,142.8123588118109,150.5,-0.0035905923519749194,15.069523024559022,-0.2995665431022644,0.0020534487965051086,0.031884765625,0.5663519360125064,100.1064710855484,0.07928003370761871,9.003765106201172,50.310386657714844,42.08948516845703,50.231101989746094,42.72810363769531,0.9542384163197315,1.0329571962356567,421.94293212890625,0.575,1.0,0.0,1.0,0.0,0.0,-0.033513762056827545,0.22090163826942444,0.0,0.22262021899223328,0.2453392893075943,0.2584209740161896,-1.56197190284729,-1.5190582275390625,-1.4943640232086182,0.0,1.0
75776,74,7,244.72558624644984,214.28571428571428,-0.0070265097368974235,29.466654193401336,-0.30227829664945605,0.004877434948866721,0.0590576171875,0.6057623028755188,138.3358817100525,2.17693829536438,11.89101791381836,44.43244934082031,38.37248229980469,42.255516052246094,43.949371337890625,0.9039719081677458,1.0312635898590088,420.1569519042969,0.675,1.0,0.0,1.0,0.0,0.0,-0.05500344559550285,0.22750411927700043,0.0,0.22324979305267334,0.24438481032848358,0.2570125460624695,-1.5607733726501465,-1.520833134651184,-1.4970016479492188,0.0,1.0
76800,75,7,161.57654784561194,159.0,-0.0041119060944765804,17.419530618190766,-0.3063351154327393,0.006610946633736603,0.0573486328125,0.6393894970417022,70.81375637054444,-0.23776580393314362,8.661038398742676,45.740264892578125,35.726165771484375,45.97803497314453,36.74049377441406,0.941228452463708,1.098153829574585,206.517333984375,0.75,1.0,0.0,1.0,0.0,0.0,-0.07416532188653946,0.22925937175750732,0.0,0.22461523115634918,0.24452628195285797,0.2564868628978729,-1.558174967765808,-1.5205641984939575,-1.4979866743087769,0.0,1.0
77824,76,7,172.5087869909547,149.85714285714286,-0.004505121544934809,9.186179083585738,-0.3047929860651493,0.0050903302006190644,0.0509765625,0.6685108177363872,36.288687562942506,0.9519410729408264,6.23806095123291,51.570125579833984,32.314178466796875,50.61817932128906,33.55667495727539,0.9627339758701242,1.2843763828277588,105.83958435058594,0.725,1.0,0.0,1.0,0.0,0.0,-0.07882234454154968,0.22626915574073792,0.0,0.22346250712871552,0.24451987445354462,0.2571300268173218,-1.560368537902832,-1.52060067653656,-1.496781587600708,0.0,1.0
78848,77,4,198.68782129766248,177.5,-0.0033409981639124452,7.112664657831192,-0.3035870909690857,0.0048171988266403785,0.048681640625,0.65355916172266,30.407080686092378,2.7677178382873535,5.434276103973389,51.860435485839844,33.118377685546875,49.09272003173828,34.679298400878906,0.9730756411124218,1.4828143119812012,83.13499450683594,0.675,1.0,0.0,1.0,0.0,0.0,-0.03783673420548439,0.23711401224136353,0.0,0.22373750805854797,0.2450084537267685,0.25744563341140747,-1.5598450899124146,-1.519680142402649,-1.4961904287338257,0.0,1.0
79872,78,6,163.2342586630963,153.16666666666666,-0.0045124408206902444,21.01912181377411,-0.29992917478084563,0.0036487622579443268,0.050927734375,0.6445959523320198,67.08715348243713,-0.22952377796173096,9.097806930541992,45.96335983276367,32.14678192138672,46.1928825378418,31.210397720336914,0.9199062657882628,1.1893478631973267,176.78622436523438,0.725,1.0,0.0,1.0,0.0,0.0,-0.04538557305932045,0.23490026593208313,0.0,0.22383153438568115,0.24582858383655548,0.2583916187286377,-1.5596661567687988,-1.518126368522644,-1.4944188594818115,0.0,1.0
80896,79,7,196.63226933666118,178.0,-0.006914885842707008,12.718804383277893,-0.2977340370416641,0.002952796863974072,0.04873046875,0.6274900905787945,45.29422640800476,0.43593794107437134,7.16428279876709,56.717681884765625,34.0369987487793,56.281742095947266,35.22005081176758,0.9556959976795023,0.9900642037391663,112.13256072998047,0.775,1.0,0.0,1.0,0.0,0.0,-0.05893268063664436,0.23428860306739807,0.0,0.2226567417383194,0.24563167989253998,0.25941506028175354,-1.561902403831482,-1.518489956855774,-1.4925034046173096,0.0,1.0
81920,80,7,226.4844968852593,190.14285714285714,-0.004283824446611106,7.597909900546074,-0.3028820067644119,0.005860255313746165,0.0462646484375,0.7294715441763401,52.47279567718506,4.214003086090088,4.817543983459473,42.68489074707031,26.54110336303711,38.47088623046875,28.49863624572754,0.967053184903313,1.2004023790359497,150.50155639648438,0.925,1.0,0.0,1.0,0.0,0.0,-0.06258367747068405,0.23828986287117004,0.0,0.21933139860630035,0.2439795881509781,0.2574421763420105,-1.568238615989685,-1.5216184854507446,-1.4961968660354614,0.0,1.0
82944,81,6,162.90677975944712,136.0,-0.005175998248159885,7.182571405172348,-0.3090210996568203,0.006411758587637451,0.0458251953125,0.5907715745270252,37.537467169761655,0.5160560607910156,5.58376407623291,61.247825622558594,30.53034019470215,60.73176574707031,29.319650650024414,0.9665504060747913,0.9674566388130188,112.66972351074219,0.625,1.0,0.0,1.0,0.0,0.0,-0.02557615004479885,0.23907703161239624,0.0,0.2182336151599884,0.2438703030347824,0.25674858689308167,-1.5703322887420654,-1.5218619108200073,-1.497496247291565,0.0,1.0
83968,82,3,199.6589681909807,175.33333333333334,-0.005119212262798101,6.755973434448242,-0.3086851492524147,0.005212409266096074,0.047216796875,0.611351665109396,57.67723245620728,0.2955653667449951,5.632940292358398,59.306640625,29.1783447265625,59.011077880859375,28.469528198242188,0.9627308900656543,1.4245774745941162,255.4429931640625,0.65,1.0,0.0,1.0,0.0,0.0,-0.034557048231363297,0.2389771193265915,0.0,0.21831649541854858,0.24403154850006104,0.258095383644104,-1.570174217224121,-1.5215684175491333,-1.4949735403060913,0.0,1.0
84992,83,8,202.88549339750074,173.75,-0.002759341965429485,12.47277203798294,-0.3102868221700191,0.0029179392426158302,0.0271240234375,0.6248251177370548,45.16117105484009,0.06366203725337982,7.23378849029541,62.21533203125,31.420814514160156,62.15167236328125,30.546218872070312,0.9469974488023655,0.9241887927055359,122.68631744384766,0.7,1.0,0.0,1.0,0.0,0.0,-0.052781540900468826,0.22755298018455505,0.0,0.21628467738628387,0.2429255098104477,0.2575061023235321,-1.574051856994629,-1.5236283540725708,-1.496077060699463,0.0,1.0
86016,84,6,144.55210461388774,165.16666666666666,-0.0031315181928221135,40.49809489250183,-0.3119217835366726,0.0029588217017590067,0.042041015625,0.6151783674955368,108.36449155807495,-2.190964698791504,11.432387351989746,46.68413543701172,35.78474426269531,48.875099182128906,34.78215026855469,0.8979347159882713,1.0464832782745361,288.65802001953125,0.75,1.0,0.0,1.0,0.0,0.0,-0.036443907767534256,0.2296162098646164,0.0,0.2191254198551178,0.24408666789531708,0.2582643926143646,-1.5686314105987549,-1.5214171409606934,-1.494657039642334,0.0,1.0
87040,85,5,198.4288696483658,180.6,-0.00408163508400321,21.98626501560211,-0.3080238215625286,0.003558755823178217,0.0396728515625,0.6052612245082856,115.27351884841919,1.2965576648712158,9.769768714904785,52.202423095703125,33.91374588012695,50.90586471557617,35.501983642578125,0.917011669549803,1.11697518825531,345.4649353027344,0.55,1.0,0.0,1.0,0.0,0.0,-0.005312519613653421,0.23402458429336548,0.0,0.21969850361347198,0.24346868693828583,0.25623562932014465,-1.5675386190414429,-1.5225862264633179,-1.4984575510025024,0.0,1.0
88064,86,7,222.72105334230923,185.42857142857142,-0.0040567803895100955,10.742692250013352,-0.3130417011678219,0.005403023124381434,0.0334228515625,0.5941354647278786,75.57890212535858,3.846079111099243,6.850048065185547,56.50769805908203,30.798900604248047,52.66162109375,32.38446807861328,0.9505328570240218,1.0117741823196411,279.1079406738281,0.675,1.0,0.0,1.0,0.0,0.0,-0.02498011104762554,0.23919327557086945,0.0,0.22048909962177277,0.24276413023471832,0.25496694445610046,-1.5660316944122314,-1.5238767862319946,-1.5008361339569092,0.0,1.0
89088,87,4,192.54977410645446,155.0,-0.003735500754555687,18.244189202785492,-0.3173781350255013,0.003168615364120342,0.045361328125,0.6561648920178413,81.34005312919616,-1.5391637086868286,8.234135627746582,53.822662353515625,32.82820510864258,55.36182403564453,31.337900161743164,0.9370868008578213,1.1225192546844482,239.2917022705078,0.8,1.0,0.0,1.0,0.0,0.0,-0.025530988350510597,0.23129598796367645,0.0,0.21880744397640228,0.24170087277889252,0.2567768692970276,-1.5692377090454102,-1.5259041786193848,-1.4974431991577148,0.0,1.0
90112,88,7,192.2419900902696,189.57142857142858,-0.005529909976758063,7.9417375266551975,-0.3209805466234684,0.0037602535201585853,0.0545654296875,0.6568883530795574,44.06807057857513,1.8328008651733398,5.511279582977295,58.53848648071289,37.97621536254883,56.705684661865234,38.179100036621094,0.9789388771298436,0.9954890012741089,141.39410400390625,0.725,1.0,0.0,1.0,0.0,0.0,-0.03261353448033333,0.23712031543254852,0.0,0.2178264707326889,0.24210746586322784,0.2571173906326294,-1.5711090564727783,-1.5251526832580566,-1.496805191040039,0.0,1.0
91136,89,5,219.18501928249256,188.8,-0.0040729357162490485,14.406893718242646,-0.31579762771725656,0.008075024791469331,0.05595703125,0.6591358490288257,64.08168740272522,1.7270928621292114,7.1942901611328125,58.0823974609375,28.446413040161133,56.355308532714844,28.262012481689453,0.9360381771071957,1.2741894721984863,168.0062255859375,0.7,1.0,0.0,1.0,0.0,0.0,-0.04802447184920311,0.2544310688972473,0.0,0.2192154824733734,0.24324017763137817,0.2582091987133026,-1.5684596300125122,-1.5230342149734497,-1.494760513305664,0.0,1.0
92160,90,3,263.3146622719509,227.0,-0.004941122385207564,27.410699582099916,-0.30960517227649687,0.005528110337036196,0.0336181640625,0.6204078398644924,80.67079763412475,-1.8676133155822754,9.706788063049316,62.85664367675781,29.174779891967773,64.72425842285156,26.28982925415039,0.8893029736848989,1.1226805448532104,172.76304626464844,0.675,1.0,0.0,1.0,0.0,0.0,-0.07439684122800827,0.23626600205898285,0.0,0.21912236511707306,0.24419952929019928,0.2607260048389435,-1.5686371326446533,-1.5212393999099731,-1.490051031112671,0.0,1.0
93184,91,8,198.36518216339812,190.25,-0.007131277839653194,18.94011261463165,-0.30729520320892334,0.0038025548303266985,0.0749755859375,0.6796309716999531,48.65590143203735,-0.7021754384040833,7.925060749053955,55.2540283203125,32.80375289916992,55.956199645996094,31.835285186767578,0.9416342394359594,1.0900636911392212,135.16319274902344,0.75,1.0,0.0,1.0,0.0,0.0,-0.08222460001707077,0.2365293651819229,0.0,0.21866926550865173,0.24388988316059113,0.2593769133090973,-1.569501280784607,-1.521829605102539,-1.492574691772461,0.0,1.0
94208,92,7,172.12692809178844,154.14285714285714,-0.003949961956823245,9.054556000232697,-0.3115604408085346,0.0013295786397065968,0.03369140625,0.76264543607831,38.862540531158444,-0.09119844436645508,5.9075846672058105,54.097389221191406,31.66852378845215,54.1885871887207,30.442935943603516,0.9652011979545514,1.2876291275024414,123.975341796875,0.9,1.0,0.0,1.0,0.0,0.0,-0.09975340217351913,0.2383023202419281,0.0,0.21741187572479248,0.24278342723846436,0.25830063223838806,-1.5719002485275269,-1.5238877534866333,-1.4945893287658691,0.0,1.0
95232,93,7,150.1391328779996,143.42857142857142,-0.005477573280222714,14.480869972705841,-0.3163296699523926,0.006169456096540671,0.0626953125,0.6671110697090625,52.93235387802124,-1.7874324321746826,7.450338840484619,53.32977294921875,34.47085952758789,55.117210388183594,32.28298568725586,0.9532859192668843,1.2216612100601196,150.81427001953125,0.65,1.0,0.0,1.0,0.0,0.0,-0.10948822647333145,0.23483972251415253,0.0,0.2163504958152771,0.24251161515712738,0.2599290609359741,-1.5739262104034424,-1.524434208869934,-1.4915416240692139,0.0,1.0
96256,94,6,181.71749482103448,162.16666666666666,-0.00463233987102285,4.217803227901459,-0.3180484302341938,0.0036149008403299375,0.0386962890625,0.6919778496026993,25.910961663722993,-0.25669005513191223,4.51242733001709,55.21500015258789,34.30812454223633,55.4716911315918,34.244998931884766,0.9827007819718735,1.329801321029663,106.73258209228516,0.725,1.0,0.0,1.0,0.0,0.0,-0.07313462346792221,0.23190365731716156,0.0,0.21507766842842102,0.24167652428150177,0.2597845196723938,-1.5763568878173828,-1.5260162353515625,-1.491811990737915,0.0,1.0
97280,95,7,189.1645488933365,166.0,-0.004838594736065715,13.121107429265976,-0.3246274389326572,0.004935568985820283,0.073388671875,0.8016449429094792,65.26116647720337,0.3218172788619995,7.581480503082275,48.42222213745117,31.067684173583984,48.10040283203125,31.808433532714844,0.9404488412348277,1.681674599647522,200.6737823486328,0.85,1.0,0.0,1.0,0.0,0.0,-0.0804511085152626,0.23535260558128357,0.0,0.21368896961212158,0.2405545711517334,0.25817009806632996,-1.5790104866027832,-1.528136134147644,-1.4948337078094482,0.0,1.0
98304,96,4,166.9883415663344,158.5,-0.005137958528939635,7.453616964817047,-0.3282574638724327,0.0033435019053285942,0.0437744140625,0.6488340303301812,26.393901538848876,0.6834105253219604,5.109462738037109,63.35297393798828,32.57976531982422,62.66956329345703,31.986469268798828,0.9754045643411434,0.9224444031715393,69.39262390136719,0.8,1.0,0.0,1.0,0.0,0.0,-0.0354732982814312,0.23147280514240265,0.0,0.21479058265686035,0.24063563346862793,0.2577187716960907,-1.576905369758606,-1.5279754400253296,-1.4956789016723633,0.0,1.0
99328,97,7,194.8439919879839,178.85714285714286,-0.0035673953068908306,18.56273102760315,-0.32441591918468476,0.002311946978443302,0.0334716796875,0.6775377221405506,85.70784630775452,0.6549724340438843,9.655265808105469,47.543235778808594,36.891544342041016,46.88826370239258,38.98423767089844,0.9315024880916184,1.1226942539215088,246.65911865234375,0.825,1.0,0.0,1.0,0.0,0.0,-0.056671347469091415,0.24831444025039673,0.0,0.21782858669757843,0.2415592223405838,0.2588810920715332,-1.5711050033569336,-1.526185154914856,-1.4935026168823242,0.0,1.0
100352,98,5,209.18684874427623,169.2,-0.005519890887080691,4.672807219624519,-0.3238412767648697,0.00694158433470875,0.063720703125,0.7015842072665691,44.51326276063919,2.2641656398773193,4.550891876220703,56.357398986816406,30.252370834350586,54.093231201171875,31.97975730895996,0.9773705375530076,1.6152549982070923,170.9376983642578,0.85,1.0,0.0,1.0,0.0,0.0,-0.08652842044830322,0.2323615998029709,0.0,0.21764862537384033,0.2404714822769165,0.25831401348114014,-1.5714484453201294,-1.5282683372497559,-1.494564175605774,0.0,1.0
101376,99,7,215.88823477133897,195.14285714285714,-0.004782540758606046,8.370115369558334,-0.3272678330540657,0.0059280326386215165,0.0570068359375,0.7926386579871177,31.83902225494385,0.1646099090576172,5.46038818359375,51.263023376464844,34.128929138183594,51.098411560058594,32.9628791809082,0.9744022522960669,1.9768047332763672,69.87049102783203,0.825,1.0,0.0,1.0,0.0,0.0,-0.1207958459854126,0.23228701949119568,0.0,0.21755559742450714,0.24104821681976318,0.2586434483528137,-1.5716259479522705,-1.527159571647644,-1.4939475059509277,0.0,1.0
102400,100,5,151.77812567359564,161.4,-0.004360998538322747,26.88177764415741,-0.3251559093594551,0.004441208126081619,0.047412109375,0.5641955811530351,119.50318961143493,-3.8574278354644775,10.201629638671875,68.25729370117188,37.20695114135742,72.11471557617188,33.13996887207031,0.9248219705180176,1.0903699398040771,321.1880798339844,0.575,1.0,0.0,1.0,0.0,0.0,-0.024477200582623482,0.2288687527179718,0.0,0.21543516218662262,0.24074511229991913,0.258786141872406,-1.575674057006836,-1.5277448892593384,-1.4936803579330444,0.0,1.0
103424,101,6,203.86767568469736,202.16666666666666,-0.00458075845381245,27.89749643802643,-0.32909985780715945,0.005499040332506411,0.0355224609375,0.6394287578761577,128.05496621131897,-1.3930559158325195,10.92731761932373,47.08154296875,37.683475494384766,48.47459411621094,37.480812072753906,0.9159137099309858,1.515486240386963,407.59710693359375,0.7,1.0,0.0,1.0,0.0,0.0,0.011134997941553593,0.24312154948711395,0.0,0.21358002722263336,0.23975174129009247,0.2583366334438324,-1.5792187452316284,-1.529623031616211,-1.4945218563079834,0.0,1.0
104448,102,5,217.31318799015872,187.6,-0.003218331141397357,9.290644609928131,-0.3310301385819912,0.004495295367087237,0.026416015625,0.7021900862455368,29.778591918945313,1.3843882083892822,5.356026649475098,56.19203186035156,35.48323440551758,54.807640075683594,36.86488723754883,0.9772155251677291,1.0265980958938599,68.35076904296875,0.925,1.0,0.0,1.0,0.0,0.0,-0.013241026550531387,0.23425604403018951,0.0,0.21216221153736115,0.24021142721176147,0.25990280508995056,-1.5819296836853027,-1.5288052558898926,-1.4915907382965088,0.0,1.0
105472,103,5,209.63557663842022,200.4,-0.005431028996827081,30.465826630592346,-0.3262821428477764,0.004421318546519615,0.0523193359375,0.6403964176774025,74.73715929985046,-1.0171962976455688,9.99039077758789,48.98166275024414,36.417991638183594,49.99885940551758,37.9559326171875,0.9247454052900774,1.3156732320785522,178.1331024169922,0.725,1.0,0.0,1.0,0.0,0.0,-0.06660325080156326,0.23104630410671234,0.0,0.21106497943401337,0.24158978462219238,0.2625724673271179,-1.584028720855713,-1.526244044303894,-1.4865999221801758,0.0,1.0
106496,104,6,195.85188988783406,166.0,-0.00619698926457204,5.3192882418632506,-0.3206373952329159,0.006311854302475694,0.0656494140625,0.6482219241559506,30.522470235824585,2.1063904762268066,4.73487663269043,61.387733459472656,33.919471740722656,59.281341552734375,36.27754211425781,0.9805141580669613,1.68635892868042,102.51393127441406,0.7,1.0,0.0,1.0,0.0,0.0,-0.03947026655077934,0.2378605157136917,0.0,0.21032077074050903,0.24175824224948883,0.26463866233825684,-1.5854530334472656,-1.5259283781051636,-1.4827418327331543,0.0,1.0
107520,105,4,224.68212996300025,205.25,-0.005269621405750513,9.401164841651916,-0.3225281335413456,0.002836410203599371,0.0330322265625,0.6479986563324929,62.97653410434723,1.1661334037780762,6.674435615539551,48.84361267089844,31.73746109008789,47.6774787902832,31.95094871520996,0.9557732809918716,0.9983754754066467,190.2570343017578,0.825,1.0,0.0,1.0,0.0,0.0,-0.008054262958467007,0.23781149089336395,0.0,0.2099996656179428,0.24113614857196808,0.2633185386657715,-1.5860676765441895,-1.5270715951919556,-1.4852063655853271,0.0,1.0
108544,106,7,207.12680724488933,208.0,-0.005911351914983242,22.413976871967314,-0.32606579437851907,0.003638537201914005,0.0575439453125,0.7315291099250316,58.49731259346008,1.011080265045166,8.465904235839844,49.777496337890625,41.46411895751953,48.76641845703125,40.845359802246094,0.9583128883892478,1.3352066278457642,142.32386779785156,0.8,1.0,0.0,1.0,0.0,0.0,-0.022822940722107887,0.2505967617034912,0.0,0.21014101803302765,0.24064083397388458,0.26111066341400146,-1.5857970714569092,-1.528017520904541,-1.489331841468811,0.0,1.0
109568,107,4,160.3203104664098,137.75,-0.0053397821029648185,23.76167312860489,-0.32668584063649175,0.00532220427703578,0.0500244140625,0.6244073435664177,133.91711921691893,-0.5247498154640198,10.347912788391113,58.88787841796875,31.32611083984375,59.412628173828125,31.802946090698242,0.8908829565592931,1.0495460033416748,380.35302734375,0.8,1.0,0.0,1.0,0.0,0.0,-0.000908970192540437,0.23315949738025665,0.0,0.21171095967292786,0.24096722900867462,0.2619660198688507,-1.5827927589416504,-1.5273743867874146,-1.487733006477356,0.0,1.0
110592,108,5,271.80784778508263,213.6,-0.00663412114372477,4.858003830909729,-0.32589629516005514,0.00468774428445613,0.0465576171875,0.6303513772785664,26.079139709472656,0.11972224712371826,4.656923294067383,66.97183990478516,31.83378791809082,66.85211944580078,32.538902282714844,0.9785996156025266,0.9968810081481934,66.83721923828125,0.8,1.0,0.0,1.0,0.0,0.0,-0.07096788287162781,0.2282625436782837,0.0,0.21277670562267303,0.24048523604869843,0.26223447918891907,-1.5807545185089111,-1.5282598733901978,-1.4872313737869263,0.0,1.0
111616,109,6,207.87234696881796,173.83333333333334,-0.0041416877531446515,13.70992997288704,-0.32903566882014273,0.004492906286031939,0.03212890625,0.6606741324067116,82.21944117546082,2.199873447418213,7.162968635559082,48.95563507080078,40.8256721496582,46.755760192871094,40.874610900878906,0.9692163985580933,1.253354787826538,255.8512725830078,0.75,1.0,0.0,1.0,0.0,0.0,-0.10868952423334122,0.2449299693107605,0.0,0.2135392278432846,0.24020780622959137,0.26272672414779663,-1.5792967081069946,-1.5288084745407104,-1.486311674118042,0.0,1.0
112640,110,5,221.72713153450565,194.4,-0.004682544461684301,18.596788597106933,-0.33107970505952833,0.0019456768364761955,0.050634765625,0.691269688308239,109.74879655838012,-0.901688814163208,8.970318794250488,58.57829284667969,36.95530700683594,59.47998046875,38.150943756103516,0.9410800807196443,1.227283000946045,322.044921875,0.75,1.0,0.0,1.0,0.0,0.0,-0.027326121926307678,0.22628231346607208,0.0,0.21273672580718994,0.23944847285747528,0.26235541701316833,-1.5808310508728027,-1.5302181243896484,-1.487005352973938,0.0,1.0
113664,111,5,244.51288918582122,202.2,-0.004792922956403345,7.934676465392113,-0.3347044587135315,0.004064722222392447,0.038232421875,0.644268310815096,58.73398594856262,2.6480154991149902,6.51832389831543,68.27693176269531,34.940059661865234,65.62892150878906,38.487464904785156,0.9651963644081598,1.2531323432922363,188.19451904296875,0.775,1.0,0.0,1.0,0.0,0.0,-0.014729008078575134,0.23496395349502563,0.0,0.2111167013645172,0.23917067050933838,0.2659943103790283,-1.5839297771453857,-1.530814528465271,-1.480212688446045,0.0,1.0
114688,112,6,230.53994527443783,203.33333333333334,-0.0060777245729696,11.690544033050537,-0.3341936029493809,0.006148898985702545,0.0437744140625,0.6298056088387967,92.62565631866455,0.34032702445983887,7.55225944519043,49.971656799316406,39.77397918701172,49.63133239746094,41.10529708862305,0.9639458112405346,1.0092953443527222,281.8020324707031,0.7,1.0,0.0,1.0,0.0,0.0,-0.007631818298250437,0.2389790117740631,0.0,0.2100951224565506,0.23998981714248657,0.26794859766960144,-1.585884928703308,-1.5292822122573853,-1.4765701293945312,0.0,1.0
115712,113,5,226.74165903589315,204.8,-0.004182564036455005,23.10563843846321,-0.32569465339183806,0.005725327842810657,0.0438720703125,0.6600803524255753,105.90155243873596,0.8519629836082458,10.569225311279297,51.44484329223633,35.02099609375,50.59288024902344,38.728843688964844,0.9089186765473588,1.334014892578125,284.4613342285156,0.675,1.0,0.0,1.0,0.0,0.0,-0.04247673228383064,0.24180708825588226,0.0,0.21148467063903809,0.24203042685985565,0.26895496249198914,-1.5832257270812988,-1.5254055261611938,-1.4746956825256348,0.0,1.0
116736,114,5,221.8701665434308,199.8,-0.005600824940484017,15.944530761241912,-0.31574630588293073,0.00602460636437172,0.0552978515625,0.6396437801420689,74.05329093933105,1.8349463939666748,8.444867134094238,57.88322448730469,37.3292236328125,56.04827880859375,39.515872955322266,0.9488214842019025,1.3253005743026733,201.379638671875,0.725,1.0,0.0,1.0,0.0,0.0,-0.02540849708020687,0.23190157115459442,0.0,0.21319590508937836,0.24332685768604279,0.2681064009666443,-1.5799530744552612,-1.5229569673538208,-1.476276159286499,0.0,1.0
117760,115,5,231.62684046391354,209.6,-0.007367989944759757,36.04088115692139,-0.31188544631004333,0.009747048298595472,0.0843994140625,0.6948998630046844,127.29839220046998,3.146170139312744,11.999497413635254,47.211631774902344,39.279571533203125,44.065460205078125,44.05094909667969,0.9066761409548663,1.4998806715011597,382.2825012207031,0.75,1.0,0.0,1.0,0.0,0.0,-0.06184126064181328,0.23521584272384644,0.0,0.2142585963010788,0.24315880239009857,0.2663756012916565,-1.5779218673706055,-1.5232658386230469,-1.479501724243164,0.0,1.0
118784,116,4,244.13278510229952,179.5,-0.0039560080273076895,4.351688030362129,-0.3143077254295349,0.0038763866148656236,0.0326171875,0.6483002439141273,46.41198444366455,-0.46755197644233704,4.634584426879883,63.192989349365234,29.010709762573242,63.66054153442383,30.50411605834961,0.9744785790113272,1.144769310951233,177.5723114013672,0.625,1.0,0.0,1.0,0.0,0.0,-0.04868210479617119,0.23252958059310913,0.0,0.21306809782981873,0.24257171154022217,0.2661178708076477,-1.5801973342895508,-1.5243829488754272,-1.4799823760986328,0.0,1.0
119808,117,7,230.53396617754544,212.0,-0.005173272313550114,30.669970679283143,-0.3166005045175552,0.00491307904740097,0.0507568359375,0.6297705635428429,195.55344638824462,4.241190433502197,11.175893783569336,39.87506866455078,43.29134750366211,35.633880615234375,48.08575439453125,0.9333558108166168,1.1739428043365479,669.601318359375,0.75,1.0,0.0,1.0,0.0,0.0,-0.02803337760269642,0.25456419587135315,0.0,0.21338757872581482,0.24267052114009857,0.2665649354457855,-1.5795866250991821,-1.5241942405700684,-1.4791487455368042,0.0,1.0
120832,118,4,209.71705558685096,198.25,-0.004291916114743799,11.69136689901352,-0.3125842913985252,0.004574244523246307,0.0423095703125,0.6720104709267616,75.612522315979,2.821367025375366,7.067660331726074,42.93271255493164,29.09223175048828,40.11134719848633,32.201656341552734,0.9409802553207718,1.2881730794906616,227.01605224609375,0.75,1.0,0.0,1.0,0.0,0.0,0.0347389280796051,0.23568472266197205,0.0,0.21526554226875305,0.2438964694738388,0.26945748925209045,-1.575998067855835,-1.5218771696090698,-1.4737601280212402,0.0,1.0
121856,119,5,218.76885897177127,198.2,-0.005314490816090256,20.411579132080078,-0.30674834176898,0.0058053945511346685,0.065478515625,0.6917734526097774,73.01420159339905,-0.7018487453460693,9.048029899597168,56.38440704345703,38.245887756347656,57.08625793457031,38.868011474609375,0.9440321511713673,1.3083640336990356,196.93714904785156,0.85,1.0,0.0,1.0,0.0,0.0,-0.048364412039518356,0.2337525635957718,0.0,0.21696309745311737,0.24460281431674957,0.2700352668762207,-1.5727567672729492,-1.5205472707748413,-1.472684621810913,0.0,1.0
122880,120,8,173.1917898650898,166.0,-0.0038989141641650347,19.20078855752945,-0.3034224174916744,0.003454357449663803,0.0305419921875,0.5403450492769479,98.64186930656433,-1.5454604625701904,9.305315971374512,48.3868522644043,39.71086120605469,49.93231201171875,40.92973327636719,0.9450909916157822,0.8227096199989319,268.9625549316406,0.6,1.0,0.0,1.0,0.0,0.0,-0.0299872737377882,0.23515532910823822,0.0,0.21683746576309204,0.2451227903366089,0.2724752128124237,-1.5729964971542358,-1.5195598602294922,-1.4681470394134521,0.0,1.0
123904,121,5,176.50381359158422,169.6,-0.005585202923975885,9.198584544658662,-0.3030139282345772,0.003499902553448919,0.0423095703125,0.6367630898952484,80.01647453308105,0.9440580606460571,6.6798787117004395,55.71814727783203,38.12061309814453,54.77408981323242,39.973350524902344,0.9692944186444521,1.1530290842056274,265.8957214355469,0.75,1.0,0.0,1.0,0.0,0.0,0.014955651946365833,0.23228001594543457,0.0,0.2156817466020584,0.2444716840982437,0.27267345786094666,-1.5752031803131104,-1.5207995176315308,-1.4677784442901611,0.0,1.0
124928,122,6,199.4123664905085,176.0,-0.004462672572117299,9.398399996757508,-0.30775057077407836,0.002074646505934652,0.0340576171875,0.558275681734085,57.74332981109619,-1.3342010974884033,6.449827194213867,63.906494140625,35.186073303222656,65.24069213867188,34.62148666381836,0.9663988195794309,0.9249215126037598,200.61825561523438,0.55,1.0,0.0,1.0,0.0,0.0,0.02197333239018917,0.22263017296791077,0.0,0.2169114649295807,0.24362583458423615,0.2704053223133087,-1.5728552341461182,-1.5223954916000366,-1.4719960689544678,0.0,1.0
125952,123,4,197.7943575866791,192.5,-0.004377017682418227,22.57163425683975,-0.3126105636358261,0.003685475399834104,0.0312255859375,0.5401313468813896,72.54840769767762,1.436995267868042,9.366517066955566,41.48622131347656,34.83681869506836,40.049224853515625,36.66326141357422,0.9277098333629148,0.9748517274856567,165.5464324951172,0.6,1.0,0.0,1.0,0.0,0.0,0.027294309809803963,0.23812341690063477,0.0,0.21702733635902405,0.24283887445926666,0.26963067054748535,-1.5726341009140015,-1.5238527059555054,-1.473437786102295,0.0,1.0
126976,124,6,208.2838163160133,199.16666666666666,-0.003915204957593232,12.461435532569885,-0.31553713232278824,0.0017435001573176123,0.0360595703125,0.6565414302051067,51.836566591262816,1.734283447265625,6.608017921447754,47.25812911987305,36.34187316894531,45.523841857910156,36.987998962402344,0.9669380962154503,1.281309962272644,146.16830444335938,0.725,1.0,0.0,1.0,0.0,0.0,0.002644673688337207,0.24225826561450958,0.0,0.2150898277759552,0.24251168966293335,0.2684056758880615,-1.57633376121521,-1.5244866609573364,-1.47571861743927,0.0,1.0
128000,125,4,206.50979875730627,184.25,-0.004063677974045277,6.06497201025486,-0.3157062716782093,0.00645182122971164,0.0572509765625,0.7637934677302838,37.55371170043945,2.255326509475708,4.82272481918335,63.97188186645508,31.812320709228516,61.716552734375,32.366798400878906,0.9770176639061569,1.458823323249817,111.63876342773438,0.85,1.0,0.0,1.0,0.0,0.0,-0.019649649038910866,0.23450520634651184,0.0,0.2154790610074997,0.24306003749370575,0.26884332299232483,-1.5755902528762817,-1.5234586000442505,-1.4749035835266113,0.0,1.0
129024,126,8,201.98772079877688,182.125,-0.005927983019500971,35.32085914611817,-0.30948773622512815,0.0037001877732109278,0.0437255859375,0.5746167883276939,133.53378171920775,-4.5332770347595215,10.725478172302246,65.47647094726562,37.17723083496094,70.00975036621094,33.21468734741211,0.9167701382587622,0.9750962853431702,321.9256591796875,0.675,1.0,0.0,1.0,0.0,0.0,0.013983305543661118,0.23101012408733368,0.0,0.21793130040168762,0.24481414258480072,0.27084070444107056,-1.570909023284912,-1.5201219320297241,-1.4711861610412598,0.0,1.0
130048,127,6,170.90008593040025,175.0,-0.003452092601219192,24.876484179496764,-0.3033397704362869,0.0037530181172769515,0.0335693359375,0.5558452576398849,110.29370980262756,-0.23726695775985718,10.269392013549805,44.88551330566406,35.29355239868164,45.122779846191406,34.77814865112305,0.9153360048734921,0.8913841843605042,291.4569396972656,0.65,1.0,0.0,1.0,0.0,0.0,0.03212103620171547,0.23829740285873413,0.0,0.21693368256092072,0.24446779489517212,0.2715549170970917,-1.5728129148483276,-1.5207895040512085,-1.4698578119277954,0.0,1.0
131072,128,4,237.57663785179778,182.75,-0.006742389337159693,3.859549006819725,-0.3052220784127712,0.006744147445715498,0.0587646484375,0.5862693764269352,38.464318823814395,-0.044191718101501465,4.881059646606445,63.52439880371094,29.102245330810547,63.56858825683594,30.64431381225586,0.9718696469967212,0.9179160594940186,120.9976806640625,0.725,1.0,0.0,1.0,0.0,0.0,0.014395364560186863,0.2280130386352539,0.0,0.2184104472398758,0.24479162693023682,0.2727697491645813,-1.5699949264526367,-1.5201926231384277,-1.467599630355835,0.0,1.0
132096,129,7,201.73727633711738,196.28571428571428,-0.005106237018480897,11.402753669023515,-0.3042962998151779,0.003093871705641504,0.060400390625,0.6217918410897255,69.7029242515564,0.9709086418151855,7.109832286834717,50.396236419677734,46.13040542602539,49.42532730102539,47.364341735839844,0.9762455909621376,1.2583956718444824,204.817138671875,0.625,1.0,0.0,1.0,0.0,0.0,0.010442632250487804,0.22925478219985962,0.0,0.2187252938747406,0.24435842037200928,0.27155014872550964,-1.5693944692611694,-1.5210086107254028,-1.4698667526245117,0.0,1.0
133120,130,4,210.24445583337803,205.25,-0.004085877403849736,20.37152075767517,-0.3069864474236965,0.004022118817374576,0.0389892578125,0.6280410148203373,124.89697976112366,0.6694846153259277,9.901283264160156,45.54248046875,36.48421859741211,44.87300109863281,38.81132507324219,0.9263499815240718,1.237343192100525,391.3230895996094,0.575,1.0,0.0,1.0,0.0,0.0,0.03286629542708397,0.2281707376241684,0.0,0.21805112063884735,0.2442237138748169,0.26987287402153015,-1.5706804990768433,-1.521225929260254,-1.4729869365692139,0.0,1.0
134144,131,4,253.9977618005516,225.25,-0.003649210510775447,3.692662498354912,-0.311321334540844,0.0013498576314304954,0.023583984375,0.752554402500391,44.35981729030609,0.6978994011878967,4.880707740783691,59.860469818115234,35.50806427001953,59.162567138671875,38.02558517456055,0.9811065329850526,1.3484898805618286,166.16368103027344,0.85,1.0,0.0,1.0,0.0,0.0,-0.029375506564974785,0.23882243037223816,0.0,0.21657463908195496,0.2421061396598816,0.26725950837135315,-1.573498249053955,-1.5252227783203125,-1.4778540134429932,0.0,1.0
135168,132,7,211.2294611335171,184.42857142857142,-0.005102902138605714,17.775805914402007,-0.3199802041053772,0.0061463095538783815,0.0577880859375,0.6274718880653382,86.967284822464,-0.17148375511169434,8.947554588317871,56.624786376953125,36.399574279785156,56.79627227783203,36.572200775146484,0.9395750753765738,1.0093077421188354,281.6837158203125,0.775,1.0,0.0,1.0,0.0,0.0,-0.022646501660346985,0.25698187947273254,0.0,0.21781256794929504,0.24226321280002594,0.2668042778968811,-1.5711356401443481,-1.5249314308166504,-1.4787025451660156,0.0,1.0
136192,133,5,153.32447851910746,151.4,-0.004646894935285672,10.806380951404572,-0.3172765724360943,0.004294180759461597,0.0458984375,0.6212486743927002,90.16647474765777,-1.1087831258773804,7.696791648864746,57.712947845458984,34.687522888183594,58.82173538208008,34.92994689941406,0.9507651109563704,1.0840574502944946,310.1396484375,0.65,1.0,0.0,1.0,0.0,0.0,0.012774254195392132,0.24204038083553314,0.0,0.2166319191455841,0.24243028461933136,0.26749399304389954,-1.573388934135437,-1.5246225595474243,-1.4774171113967896,0.0,1.0
137216,134,4,262.0483091972928,223.25,-0.005874995177146047,9.106093022227288,-0.31753214746713637,0.006906290429469664,0.044189453125,0.6325108058750629,81.15713543891907,2.390674591064453,7.171722888946533,52.95561981201172,35.07405471801758,50.56494140625,37.27947998046875,0.958190494762786,1.2144427299499512,225.4934844970703,0.8,1.0,0.0,1.0,0.0,0.0,0.020447440445423126,0.26110541820526123,0.0,0.2174108475446701,0.24229121208190918,0.2662893235683441,-1.5719021558761597,-1.5248528718948364,-1.4796626567840576,0.0,1.0
138240,135,7,221.08962893302754,212.0,-0.00803943226346746,27.803887176513673,-0.3181797653436661,0.00594209272385342,0.0692626953125,0.6331660777330399,181.8930136680603,-1.4103975296020508,11.433236122131348,56.29706573486328,42.55598068237305,57.70745849609375,44.14762496948242,0.9278199524529964,1.1499552726745605,594.2437744140625,0.7,1.0,0.0,1.0,0.0,0.0,0.05019859969615936,0.25048038363456726,0.0,0.21789269149303436,0.24219278991222382,0.2656340003013611,-1.5709826946258545,-1.5250277519226074,-1.4808847904205322,0.0,1.0
139264,136,5,172.06380108549374,168.2,-0.0027696128934621813,7.584122580289841,-0.3198387913405895,0.0018738396727712825,0.0375732421875,0.6192113235592842,59.82526478767395,-1.9225142002105713,5.930464744567871,64.16715240478516,36.47425842285156,66.08966064453125,35.018211364746094,0.9735634641026896,1.3150339126586914,196.42747497558594,0.7,1.0,0.0,1.0,0.0,0.0,0.04052506759762764,0.24331289529800415,0.0,0.2161104828119278,0.24143391847610474,0.26571130752563477,-1.5743844509124756,-1.5264853239059448,-1.4807405471801758,0.0,1.0
140288,137,5,203.5098928630846,183.2,-0.006628457922488451,15.897504389286041,-0.32512896284461024,0.006320648724795319,0.069580078125,0.7074064441025257,104.37553033828735,1.1703770160675049,8.786855697631836,50.07704162597656,35.06930923461914,48.90666198730469,38.37903594970703,0.9372212675029934,1.4653373956680298,346.41424560546875,0.75,1.0,0.0,1.0,0.0,0.0,-0.07604857534170151,0.24827322363853455,0.0,0.2132667452096939,0.24056686460971832,0.2650171220302582,-1.5798176527023315,-1.528114914894104,-1.4820356369018555,0.0,1.0
141312,138,6,241.31958494463007,182.0,-0.004019483455340378,6.152920031547547,-0.32894454821944236,0.006445978055126034,0.04833984375,0.7693830519914627,40.75345976352692,0.5542286038398743,5.329010009765625,66.93719482421875,30.924602508544922,66.38296508789062,33.17325210571289,0.9703048999537525,1.44277024269104,142.33250427246094,0.875,1.0,0.0,1.0,0.0,0.0,0.020107271149754524,0.258707731962204,0.0,0.21110045909881592,0.24020648002624512,0.26660531759262085,-1.583960771560669,-1.528865933418274,-1.4790735244750977,0.0,1.0
142336,139,6,192.41536362912822,175.5,-0.005141630035359413,13.548955887556076,-0.3321137100458145,0.004282534882077016,0.0509521484375,0.620968621969223,51.63833749294281,0.3486188054084778,7.659340858459473,55.00615310668945,33.768646240234375,54.657535552978516,34.33489990234375,0.9485535365997484,1.0033494234085083,116.219482421875,0.725,1.0,0.0,1.0,0.0,0.0,-0.003179197432473302,0.25598806142807007,0.0,0.20898115634918213,0.23925770819187164,0.266332745552063,-1.5880178213119507,-1.5306586027145386,-1.479581594467163,0.0,1.0
143360,140,7,205.32502595463612,183.28571428571428,-0.004943003295920789,6.029511851072312,-0.3352950751781464,0.004645559957134537,0.0507080078125,0.6682432845234871,32.264549469947816,-1.2004250288009644,4.710093021392822,51.4725456237793,35.02797317504883,52.6729736328125,34.725990295410156,0.9819187274934658,1.051621675491333,67.8619613647461,0.725,1.0,0.0,1.0,0.0,0.0,-0.068454310297966,0.2747449278831482,0.0,0.2092808336019516,0.2393408864736557,0.26665088534355164,-1.5874439477920532,-1.5304843187332153,-1.478988528251648,0.0,1.0
144384,141,4,148.1882392613436,155.0,-0.003956018877215683,7.218093171715736,-0.3359444461762905,0.0037214042589766906,0.0374267578125,0.6467346407473087,45.79054548740387,-1.4850828647613525,5.8655242919921875,58.62480926513672,31.278179168701172,60.109893798828125,30.334747314453125,0.9648333706783803,1.040908932685852,170.39903259277344,0.75,1.0,0.0,1.0,0.0,0.0,-0.005463754292577505,0.248622328042984,0.0,0.20917309820652008,0.23866550624370575,0.2638492286205292,-1.5876502990722656,-1.5317587852478027,-1.4842153787612915,0.0,1.0
145408,142,7,189.62701374696567,176.28571428571428,-0.004410329821985215,18.179960870742796,-0.34029987901449205,0.005624588920909446,0.044091796875,0.6285479739308357,73.14656357765197,-0.8518193960189819,8.79628849029541,60.33110427856445,36.611167907714844,61.18292236328125,37.22077178955078,0.9422739552293786,1.2756282091140747,174.3018341064453,0.7,1.0,0.0,1.0,0.0,0.0,0.0722898468375206,0.2597649395465851,0.0,0.20696371793746948,0.23828089237213135,0.2628214955329895,-1.5918830633163452,-1.5324993133544922,-1.486134648323059,0.0,1.0
146432,143,5,215.1669680628841,180.2,-0.005632599169621244,5.938603587448597,-0.33986167460680006,0.005210546526359394,0.0575439453125,0.757446126639843,47.19918115139008,2.601008653640747,5.062502861022949,50.881187438964844,31.06072235107422,48.280181884765625,33.32325744628906,0.9734351480202743,1.127652645111084,148.357177734375,0.925,1.0,0.0,1.0,0.0,0.0,0.004307970870286226,0.2796303331851959,0.0,0.20620770752429962,0.2385801076889038,0.26277267932891846,-1.5933324098587036,-1.5319470167160034,-1.4862258434295654,0.0,1.0
147456,144,6,221.64373235614468,190.83333333333334,-0.007562927820254117,3.1596470445394518,-0.33542050048708916,0.008583643320889678,0.073388671875,0.6436992742121219,31.373965668678284,-0.5070024728775024,4.023768424987793,62.73250198364258,34.14335632324219,63.239505767822266,34.244991302490234,0.986111557949904,1.0604594945907593,83.5059814453125,0.725,1.0,0.0,1.0,0.0,0.0,-0.018964819610118866,0.24900348484516144,0.0,0.2076794058084488,0.24001286923885345,0.26377931237220764,-1.5905115604400635,-1.5292211771011353,-1.4843459129333496,0.0,1.0
148480,145,5,172.87853340656847,174.2,-0.0043147550546564165,18.32591676712036,-0.33451115936040876,0.0027786370090325365,0.0282958984375,0.7115493088960647,82.06513338088989,-3.1366612911224365,7.947917461395264,48.72621154785156,36.43164825439453,51.86287307739258,34.791961669921875,0.9524063369159422,1.1192243099212646,228.68930053710938,0.875,1.0,0.0,1.0,0.0,0.0,0.031928595155477524,0.24125824868679047,0.0,0.2048717439174652,0.23830293118953705,0.2617458403110504,-1.5958945751190186,-1.532468318939209,-1.4881445169448853,0.0,1.0
149504,146,8,179.19239186340803,175.625,-0.0040471829357557,13.125913161039353,-0.3418695107102394,0.005999084580980707,0.0428955078125,0.6160137176513671,92.49894018173218,-0.07615271210670471,7.98834228515625,46.6057243347168,40.63577651977539,46.68187713623047,40.13011932373047,0.9613547327396577,0.9070656895637512,254.3138885498047,0.775,1.0,0.0,1.0,0.0,0.0,-0.005382678005844355,0.25655031204223633,0.0,0.2037760615348816,0.23811985552310944,0.2610379457473755,-1.5979969501495361,-1.5328184366226196,-1.4894678592681885,0.0,1.0
150528,147,3,181.54446146569572,172.66666666666666,-0.003627453063381836,8.270314556360244,-0.3410269610583782,0.0043253706331597645,0.0408203125,0.6762209914624691,64.5226003408432,0.325674831867218,6.783833026885986,49.6948127746582,32.9351692199707,49.369140625,34.82576370239258,0.9575741510381589,1.321948766708374,278.1796875,0.8,1.0,0.0,1.0,0.0,0.0,0.02388089708983898,0.2752082049846649,0.0,0.20329925417900085,0.23828089237213135,0.26054608821868896,-1.598912000656128,-1.5325344800949097,-1.4903874397277832,0.0,1.0
151552,148,7,213.11163151912044,189.0,-0.004818890755996108,16.81552512049675,-0.34370625391602516,0.002720548263459932,0.0333740234375,0.6747497633099556,114.65294408798218,1.725523591041565,9.758463859558105,54.90917205810547,40.02751159667969,53.183650970458984,44.36124801635742,0.9405645199625722,1.5551097393035889,405.3687438964844,0.7,1.0,0.0,1.0,0.0,0.0,0.04515417292714119,0.2462586909532547,0.0,0.20332220196723938,0.2369031459093094,0.2578577399253845,-1.5988680124282837,-1.5351017713546753,-1.4954185485839844,0.0,1.0
152576,149,4,191.48648464619635,175.75,-0.004988402663730085,11.60346715450287,-0.35027092695236206,0.007297661418851931,0.0456298828125,0.6567041568458081,89.44954872131348,2.9469335079193115,7.270771026611328,46.134029388427734,36.2293815612793,43.187095642089844,38.55710220336914,0.9597246698921796,1.079233169555664,310.05340576171875,0.825,1.0,0.0,1.0,0.0,0.0,0.012981702573597431,0.26421284675598145,0.0,0.20296576619148254,0.2366008162498474,0.2572987973690033,-1.5995522737503052,-1.5356642007827759,-1.4964654445648193,0.0,1.0
153600,150,7,249.77259845745007,207.85714285714286,-0.0057586510200053455,6.536412000656128,-0.35010467320680616,0.007112382815103046,0.053125,0.8299620322883129,85.03156390190125,2.480313301086426,6.075253009796143,52.64019775390625,35.199745178222656,50.159881591796875,38.001380920410156,0.9702114297464124,1.5478596687316895,307.8142395019531,0.95,1.0,0.0,1.0,0.0,0.0,-0.0328485332429409,0.24825023114681244,0.0,0.20393884181976318,0.2365722805261612,0.25581198930740356,-1.5976845026016235,-1.5357204675674438,-1.4992516040802002,0.0,1.0
154624,151,4,177.0043863590766,177.75,-0.004808626347221434,8.40971685051918,-0.3517084538936615,0.005655993889376987,0.050537109375,0.739057456701994,60.27419078350067,0.05754882097244263,6.585577964782715,53.222450256347656,32.90345001220703,53.16490173339844,32.53636932373047,0.95994054819943,1.1987470388412476,180.79974365234375,0.95,1.0,0.0,1.0,0.0,0.0,0.04031401500105858,0.25429192185401917,0.0,0.20439276099205017,0.23613665997982025,0.2556905448436737,-1.596813440322876,-1.5365562438964844,-1.4994792938232422,0.0,1.0
155648,152,5,241.09786962307788,207.8,-0.0036397158750332893,12.128637087345123,-0.35475858896970747,0.0037803738872753457,0.032421875,0.6865154348313809,71.72613184452057,2.315985679626465,7.651714324951172,52.16273880004883,34.14091491699219,49.84675216674805,38.682891845703125,0.94976954449538,1.1964086294174194,222.41943359375,0.85,1.0,0.0,1.0,0.0,0.0,0.002021688036620617,0.252506822347641,0.0,0.20356932282447815,0.23534612357616425,0.25498420000076294,-1.5983936786651611,-1.5380412340164185,-1.5008037090301514,0.0,1.0
156672,153,7,181.20238423257067,182.85714285714286,-0.004196954029612243,26.827780961990356,-0.35716249570250513,0.0046506275699357506,0.0486572265625,0.6511909388005733,92.6860466003418,-2.549807548522949,10.04460620880127,50.671875,34.2681884765625,53.221683502197266,33.076881408691406,0.9140821198338822,1.408227801322937,203.2331085205078,0.75,1.0,0.0,1.0,0.0,0.0,0.03574562445282936,0.2625202536582947,0.0,0.2045612335205078,0.2355956882238388,0.2544325292110443,-1.5964902639389038,-1.5375481843948364,-1.5018384456634521,0.0,1.0
157696,154,5,177.95894278177207,156.6,-0.0064517855062149465,4.0906387776136395,-0.3550998866558075,0.004954988443932962,0.0514404296875,0.7253173135221005,39.1543928861618,1.277008295059204,4.700809478759766,57.136253356933594,28.91228675842285,55.8592414855957,29.552391052246094,0.9735649333364089,1.3046298027038574,117.90738677978516,0.85,1.0,0.0,1.0,0.0,0.0,0.1627686321735382,0.23895524442195892,0.0,0.2078402042388916,0.23565512895584106,0.25220248103141785,-1.5902034044265747,-1.5373965501785278,-1.5060241222381592,0.0,1.0
158720,155,6,195.0282955094259,175.0,-0.003230450442060828,12.844484531879425,-0.3536567211151123,0.0016499174176715314,0.02958984375,0.7600953690707684,85.43854870796204,0.1864258050918579,7.7280731201171875,57.20581817626953,32.46441650390625,57.01939010620117,29.081941604614258,0.9433333857224634,1.3864737749099731,230.05201721191406,0.875,1.0,0.0,1.0,0.0,0.0,0.15285460650920868,0.2441965639591217,0.0,0.20778559148311615,0.2363222986459732,0.25284209847450256,-1.5903080701828003,-1.536155104637146,-1.5048232078552246,0.0,1.0
159744,156,6,212.85828995885848,190.0,-0.003776486893184483,5.25554092824459,-0.352564575523138,0.006032525761111174,0.061962890625,0.7424711726605893,56.763559341430664,1.1543676853179932,5.548482894897461,51.40325164794922,36.48427963256836,50.248878479003906,37.60331726074219,0.9768720593850682,1.278221845626831,178.10882568359375,0.775,1.0,0.0,1.0,0.0,0.0,0.06463157385587692,0.276482492685318,0.0,0.20729556679725647,0.2358340173959732,0.2511153519153595,-1.5912470817565918,-1.53707754611969,-1.5080664157867432,0.0,1.0
160768,157,5,177.9048528858089,167.8,-0.005044240783900022,8.85732274055481,-0.35721369087696075,0.002084492373978719,0.0383544921875,0.7099295042455196,60.53015365600586,-1.188899040222168,6.334779739379883,50.47737121582031,31.51454734802246,51.66627502441406,31.151987075805664,0.9595944621759037,1.245247483253479,172.30189514160156,0.85,1.0,0.0,1.0,0.0,0.0,0.08943703770637512,0.2764192819595337,0.0,0.20671404898166656,0.23475469648838043,0.24924001097679138,-1.5923616886138916,-1.5391077995300293,-1.5115916728973389,0.0,1.0
161792,158,5,194.50284562325754,171.8,-0.004747095284983516,4.725753492116928,-0.36094747930765153,0.00407194576546317,0.0399658203125,0.6971736937761307,39.27349482774734,1.5210659503936768,4.839249610900879,50.35173034667969,31.672073364257812,48.830665588378906,32.88999938964844,0.9766545132261619,1.266295075416565,130.87969970703125,0.825,1.0,0.0,1.0,0.0,0.0,0.09287911653518677,0.2646044194698334,0.0,0.20656949281692505,0.2347801923751831,0.2505253851413727,-1.5926387310028076,-1.5390645265579224,-1.5091750621795654,0.0,1.0
162816,159,6,217.1027861103878,193.33333333333334,-0.004774286469910294,7.574971082806587,-0.3624146990478039,0.0029048102864180692,0.03935546875,0.8471630632877349,102.07084686756134,4.782412528991699,5.408730506896973,47.21746826171875,40.58195114135742,42.435054779052734,44.39557647705078,0.9822366505543355,1.707100510597229,336.97021484375,0.9,1.0,0.0,1.0,0.0,0.0,0.08222560584545135,0.2618664801120758,0.0,0.2035199999809265,0.23380352556705475,0.25017935037612915,-1.5984883308410645,-1.5409420728683472,-1.5098254680633545,0.0,1.0
163840,160,5,238.68489727597125,196.6,-0.004501149605493993,17.389855760335923,-0.36666815504431727,0.006615266551671084,0.06591796875,0.6663712143898011,143.1957622051239,3.7513527870178223,9.302166938781738,39.27772521972656,39.6502685546875,35.52637481689453,44.36056137084961,0.9449603167773407,1.276110291481018,532.5010986328125,0.75,1.0,0.0,1.0,0.0,0.0,0.1508159339427948,0.24899983406066895,0.0,0.20397888123989105,0.2336953729391098,0.2504669427871704,-1.5976076126098633,-1.5411404371261597,-1.5092849731445312,0.0,1.0
164864,161,5,237.94744528620578,214.0,-0.007372835435671732,7.932386839389801,-0.37087835669517516,0.005064824516011868,0.064990234375,0.7189009703695775,55.797601914405824,0.9535845518112183,6.063447952270508,56.14912414550781,33.4047966003418,55.19554138183594,35.860591888427734,0.9670525674866122,1.2962244749069214,177.1233367919922,0.8,1.0,0.0,1.0,0.0,0.0,0.04339587688446045,0.27115073800086975,0.0,0.20231321454048157,0.23160843551158905,0.24826960265636444,-1.6008051633834839,-1.5450706481933594,-1.5134172439575195,0.0,1.0
165888,162,7,184.67573189402125,177.57142857142858,-0.006055067712441087,38.72575657367706,-0.3785050094127655,0.005196770450857003,0.043212890625,0.6929130375385284,110.62498178482056,-3.127466917037964,11.821709632873535,55.85417175292969,36.59849548339844,58.98163986206055,35.56484603881836,0.8956640249638748,1.2175017595291138,255.8245849609375,0.8,1.0,0.0,1.0,0.0,0.0,-0.018839001655578613,0.2604775130748749,0.0,0.20129814743995667,0.2322864979505539,0.24971063435077667,-1.602754831314087,-1.5438035726547241,-1.5107066631317139,0.0,1.0
166912,163,6,167.92957852287154,163.16666666666666,-0.002862689399626106,8.786402514576912,-0.37137863487005235,0.004072858553263359,0.0317626953125,0.7426464319229126,66.01484241485596,-0.35389482975006104,6.943730354309082,48.550872802734375,30.68816566467285,48.90476608276367,29.934589385986328,0.9488030818897071,1.2014191150665283,260.2998962402344,0.925,1.0,0.0,1.0,0.0,0.0,-0.030298953875899315,0.25863051414489746,0.0,0.20239172875881195,0.23332296311855316,0.2501038610935211,-1.6006543636322021,-1.5418287515640259,-1.5099674463272095,0.0,1.0
167936,164,5,172.73023206191294,162.0,-0.0037147455848753454,8.283347102999688,-0.3699855230748653,0.002686943615844939,0.031201171875,0.7223239071667195,56.284110522270204,-0.1806134581565857,6.610212326049805,51.760684967041016,35.45170974731445,51.94129943847656,36.44596481323242,0.9652338574126362,1.3346483707427979,197.52142333984375,0.8,1.0,0.0,1.0,0.0,0.0,0.11506390571594238,0.2535911798477173,0.0,0.20009085536003113,0.23266606032848358,0.2506450414657593,-1.6050747632980347,-1.5431103706359863,-1.5089502334594727,0.0,1.0
168960,165,8,175.14148270015477,159.875,-0.004005105985561386,18.056788647174834,-0.3713670402765274,0.0006278184926486574,0.040869140625,0.5839765623211861,65.07252521514893,-1.5083495378494263,8.546833038330078,58.63529586791992,34.15521240234375,60.143646240234375,33.501953125,0.9373823884800598,0.9637271165847778,168.8804168701172,0.65,1.0,0.0,1.0,0.0,0.0,0.04160449653863907,0.2574256658554077,0.0,0.19970661401748657,0.23325759172439575,0.2501762807369232,-1.6058132648468018,-1.5420030355453491,-1.5098313093185425,0.0,1.0
169984,166,8,172.06151261273132,163.75,-0.005305194947868586,29.06422531604767,-0.36790184304118156,0.0028841362756793385,0.0431396484375,0.6062063485383987,88.5084665775299,-0.6813367009162903,10.460052490234375,43.361061096191406,35.16503143310547,44.04239273071289,35.73055648803711,0.9115198850005445,0.9551304578781128,239.4618682861328,0.65,1.0,0.0,1.0,0.0,0.0,0.08001205325126648,0.264133095741272,0.0,0.1993936151266098,0.23373085260391235,0.2526246905326843,-1.606415033340454,-1.5411020517349243,-1.5052313804626465,0.0,1.0
171008,167,4,145.48906220478298,144.5,-0.00512494605500251,10.557051259279252,-0.36765024065971375,0.003329981218848843,0.0424560546875,0.6592864457517862,51.82107322216034,0.8242377042770386,6.829444408416748,50.388343811035156,32.19272232055664,49.564109802246094,32.739349365234375,0.9549955600157115,1.5254535675048828,144.56201171875,0.75,1.0,0.0,1.0,0.0,0.0,0.11035581678152084,0.23867304623126984,0.0,0.2003336250782013,0.2330746203660965,0.2519713044166565,-1.604608178138733,-1.5423306226730347,-1.5064584016799927,0.0,1.0
172032,168,7,191.68225813445997,176.0,-0.006472260970622301,5.143834972381592,-0.3709012448787689,0.004227221486507915,0.0426025390625,0.7056538298726082,33.07168083190918,0.6640397310256958,5.012138366699219,48.32637405395508,35.75831604003906,47.662330627441406,36.45318603515625,0.9803531906826444,0.9979448914527893,96.33708190917969,0.875,1.0,0.0,1.0,0.0,0.0,0.07955747097730637,0.262457013130188,0.0,0.19974038004875183,0.23301339149475098,0.25137951970100403,-1.6057484149932861,-1.5424660444259644,-1.5075700283050537,0.0,1.0
173056,169,6,194.5378175438068,168.83333333333334,-0.004025047755567357,5.4607734233140945,-0.37196738496422765,0.003582359517167788,0.029833984375,0.6589790135622025,58.66310658454895,3.5031864643096924,5.230546474456787,48.67864990234375,28.848020553588867,45.17546081542969,32.32176208496094,0.9671252839954871,1.26095449924469,216.71913146972656,0.775,1.0,0.0,1.0,0.0,0.0,-0.014480680227279663,0.24089720845222473,0.0,0.2000398188829422,0.23239852488040924,0.24932599067687988,-1.605172872543335,-1.5436224937438965,-1.511430025100708,0.0,1.0
174080,170,5,191.6249695684026,174.0,-0.004972368577728048,5.064105108380318,-0.37545809596776963,0.003350323262566235,0.0370849609375,0.6733571074903011,25.647666692733765,-0.01429653912782669,4.717818260192871,56.30039596557617,30.93312644958496,56.31468963623047,30.078519821166992,0.9767386546230736,1.2324349880218506,56.87225341796875,0.775,1.0,0.0,1.0,0.0,0.0,-0.0051538944244384766,0.253418505191803,0.0,0.19949451088905334,0.23190438747406006,0.25016140937805176,-1.606221079826355,-1.5445739030838013,-1.5098592042922974,0.0,1.0
175104,171,7,207.51037226485545,173.57142857142858,-0.004609608853934332,5.7803278237581255,-0.37883125245571136,0.005248558973835316,0.0476806640625,0.7267441757023334,84.05711252689362,3.0929384231567383,5.391811370849609,48.57391357421875,30.23572540283203,45.48097610473633,32.354183197021484,0.968199889890933,1.19891357421875,286.588134765625,0.9,1.0,0.0,1.0,0.0,0.0,0.0654410645365715,0.2595847547054291,0.0,0.1972450166940689,0.23112016916275024,0.25026893615722656,-1.6105475425720215,-1.5460554361343384,-1.5096571445465088,0.0,1.0
176128,172,5,199.78879524715958,171.0,-0.005920338758733124,5.812839382886887,-0.3857367545366287,0.008184596680803225,0.05458984375,0.7487349085509777,48.70931973457336,2.821190357208252,4.733954906463623,47.41978454589844,31.0595760345459,44.59859085083008,32.364315032958984,0.9767695710607542,1.3528790473937988,176.8494110107422,0.875,1.0,0.0,1.0,0.0,0.0,-0.023133883252739906,0.2497977465391159,0.0,0.19650651514530182,0.22964757680892944,0.24905091524124146,-1.611968755722046,-1.5488677024841309,-1.5119473934173584,0.0,1.0
177152,173,5,209.02780362799058,189.2,-0.0042720254452433435,24.79807789325714,-0.3942619949579239,0.0020089838770218195,0.0490478515625,0.6556275144219399,91.10842208862304,1.4679644107818604,9.803628921508789,48.86085510253906,32.960411071777344,47.39289093017578,32.2161865234375,0.9115315316273901,1.3495674133300781,244.20082092285156,0.8,1.0,0.0,1.0,0.0,0.0,0.010586944408714771,0.24418364465236664,0.0,0.19504408538341522,0.2281026840209961,0.2461153119802475,-1.6147842407226562,-1.551790714263916,-1.5174729824066162,0.0,1.0
178176,174,5,223.23350436113938,201.4,-0.005554676731117069,4.755547381937504,-0.40048167780041694,0.0032685328405932523,0.0411865234375,0.5964422762393952,78.62564449310302,2.476623058319092,5.231467247009277,47.72166442871094,30.37285804748535,45.24504089355469,31.97126007080078,0.9703328618200012,0.9720450639724731,309.2958984375,0.7,1.0,0.0,1.0,0.0,0.0,0.023353710770606995,0.25715601444244385,0.0,0.19253979623317719,0.22731904685497284,0.24502310156822205,-1.6196093559265137,-1.553277850151062,-1.5195307731628418,0.0,1.0
179200,175,7,176.76134852759716,172.28571428571428,-0.005799338617362082,6.367729383707046,-0.40305427387356757,0.005727785304770805,0.06669921875,0.651271790266037,49.436639833450315,-2.0543887615203857,5.244140625,54.47453308105469,38.782169342041016,56.52892303466797,36.37729263305664,0.9817154392079624,1.190720796585083,140.84608459472656,0.725,1.0,0.0,1.0,0.0,0.0,-0.022127429023385048,0.26512622833251953,0.0,0.1937706470489502,0.22761476039886475,0.24470841884613037,-1.6172373294830322,-1.5527228116989136,-1.520123839378357,0.0,1.0
180224,176,5,157.2626676675555,146.2,-0.002211745938984677,7.786155867576599,-0.3999383009970188,0.0023892339086160064,0.018603515625,0.6546306073665619,59.82080268859863,1.1797075271606445,6.161973476409912,50.79879379272461,29.806333541870117,49.61908721923828,29.873884201049805,0.9572611805083846,1.177626371383667,194.8486785888672,0.725,1.0,0.0,1.0,0.0,0.0,0.017681417986750603,0.24701671302318573,0.0,0.19485555589199066,0.2280273586511612,0.24479490518569946,-1.615147352218628,-1.5519169569015503,-1.519960880279541,0.0,1.0
181248,177,8,196.9445531677788,189.625,-0.004903240181738511,11.694989120960235,-0.4001617103815079,0.0050623339586309156,0.040234375,0.8180891513824463,56.445631694793704,-0.2685173749923706,6.934478759765625,48.021324157714844,43.62191390991211,48.28984069824219,43.9460334777832,0.9747292446692024,1.4237910509109497,141.37660217285156,0.9,1.0,0.0,1.0,0.0,0.0,0.08704107999801636,0.25441473722457886,0.0,0.19740264117717743,0.22753161191940308,0.24392259120941162,-1.6102442741394043,-1.5528435707092285,-1.5216052532196045,0.0,1.0
182272,178,6,187.1022468436806,178.5,-0.005938525963574648,17.97286878824234,-0.40236901566386224,0.0059833547231392,0.0605712890625,0.7432394467294217,94.70929718017578,-2.211003541946411,9.102331161499023,49.723388671875,38.451324462890625,51.93438720703125,36.91835403442383,0.9439619972716766,1.6036683320999146,232.4016571044922,0.85,1.0,0.0,1.0,0.0,0.0,0.02957686223089695,0.264020174741745,0.0,0.19936443865299225,0.22729307413101196,0.24324770271778107,-1.606471061706543,-1.5532608032226562,-1.5228780508041382,0.0,1.0
183296,179,3,164.02788044651015,173.66666666666666,-0.0038820883084554223,6.656287035346031,-0.4007731296122074,0.004930423616315238,0.0456787109375,0.5658968433737754,55.09435663223267,0.6203434467315674,6.762169361114502,62.205135345458984,33.300987243652344,61.58478546142578,32.019100189208984,0.958765777815371,1.0845036506652832,226.75506591796875,0.525,1.0,0.0,1.0,0.0,0.0,0.04140119627118111,0.2383921891450882,0.0,0.20161184668540955,0.2283766269683838,0.24214573204517365,-1.6021522283554077,-1.5511690378189087,-1.5249570608139038,0.0,1.0
184320,180,7,228.70654500823625,188.42857142857142,-0.0036323426116723566,20.75674722790718,-0.39134345650672914,0.0026931023574434223,0.02529296875,0.6421149216592312,99.91088080406189,1.2513227462768555,9.80043888092041,46.183406829833984,37.55205535888672,44.93208312988281,40.377174377441406,0.9318880108412697,1.0640678405761719,311.733642578125,0.725,1.0,0.0,1.0,0.0,0.0,-0.010099791921675205,0.25065967440605164,0.0,0.2038702666759491,0.2305208295583725,0.2440328299999237,-1.5978161096572876,-1.5471224784851074,-1.521397352218628,0.0,1.0
185344,181,6,196.30079499114322,185.33333333333334,-0.005151495430618524,10.193346360325814,-0.3841247297823429,0.004189295033575036,0.041845703125,0.7081918127834796,76.3215448141098,-1.3995389938354492,7.869480133056641,53.03386306762695,33.175479888916016,54.43340301513672,34.62099075317383,0.9437324969560626,1.1453509330749512,220.9308624267578,0.825,1.0,0.0,1.0,0.0,0.0,-0.045443009585142136,0.2547435462474823,0.0,0.20238646864891052,0.23011940717697144,0.24604780972003937,-1.600664496421814,-1.5478883981704712,-1.5176000595092773,0.0,1.0
186368,182,4,183.85949930332222,186.25,-0.004902865691110492,23.121443378925324,-0.3868452288210392,0.006314192517311312,0.043017578125,0.6307534888386727,123.20232095718384,-1.8462201356887817,10.183145523071289,41.792808532714844,39.47421646118164,43.63903045654297,41.7901611328125,0.9334517155312625,0.9759308099746704,352.5705871582031,0.775,1.0,0.0,1.0,0.0,0.0,0.0034134816378355026,0.24382947385311127,0.0,0.20060327649116516,0.230394646525383,0.24762742221355438,-1.6040899753570557,-1.5473614931106567,-1.5146257877349854,0.0,1.0
187392,183,7,171.7732066208168,173.57142857142858,-0.004822466697078198,8.563832038640976,-0.38592207357287406,0.006710434090928174,0.051806640625,0.6793858475983143,68.32959377765656,3.346296787261963,6.443188190460205,43.34796142578125,34.43192672729492,40.00166702270508,37.963768005371094,0.9649829936017047,1.170360803604126,227.21731567382812,0.825,1.0,0.0,1.0,0.0,0.0,0.037263765931129456,0.2511236369609833,0.0,0.19955867528915405,0.22995108366012573,0.24838736653327942,-1.60609769821167,-1.5482507944107056,-1.5131956338882446,0.0,1.0
188416,184,5,197.60394160079107,195.0,-0.005438042560126632,10.292979091405869,-0.3921117424964905,0.004014708931208588,0.046337890625,0.7131726138293744,60.63260712623596,0.07920891046524048,7.074675559997559,46.608741760253906,37.33916091918945,46.52953338623047,38.27959060668945,0.9641008629803572,1.275636076927185,152.96456909179688,0.85,1.0,0.0,1.0,0.0,0.0,0.04647180810570717,0.2603178322315216,0.0,0.19586943089962006,0.22848732769489288,0.24857008457183838,-1.6131950616836548,-1.5510553121566772,-1.5128519535064697,0.0,1.0
189440,185,6,174.49718450594182,166.16666666666666,-0.004579172073863447,10.836557590961457,-0.398917455971241,0.005366201109427493,0.052734375,0.6653684131801129,61.661940169334414,1.9400161504745483,6.609464168548584,52.69461441040039,33.9777946472168,50.754600524902344,34.75067901611328,0.9621607865945065,1.4043664932250977,149.58998107910156,0.625,1.0,0.0,1.0,0.0,0.0,0.0542399138212204,0.2521549463272095,0.0,0.19478194415569305,0.22756142914295197,0.24778816103935242,-1.6152892112731934,-1.5528041124343872,-1.5143232345581055,0.0,1.0
190464,186,4,232.1151521001343,185.75,-0.004049313033465296,16.93682669401169,-0.400614769756794,0.005924109480110929,0.0385986328125,0.6339913502335548,82.28433847427368,1.2030415534973145,8.411144256591797,47.40167999267578,32.411476135253906,46.198638916015625,34.635738372802734,0.9326538771927945,1.3873100280761719,203.33642578125,0.675,1.0,0.0,1.0,0.0,0.0,0.058249566704034805,0.24937386810779572,0.0,0.194420725107193,0.22818444669246674,0.24956776201725006,-1.6159849166870117,-1.5516457557678223,-1.5109753608703613,0.0,1.0
191488,187,6,192.56122878954466,193.0,-0.004806181869935244,4.624256338179111,-0.39731123447418215,0.006572347535984591,0.047314453125,0.6335855163633823,41.014994621276855,1.1527007818222046,4.7296462059021,52.78518295288086,34.80812454223633,51.632484436035156,35.35722351074219,0.9815372656129268,1.1074994802474976,128.47445678710938,0.7,1.0,0.0,1.0,0.0,0.0,0.058485206216573715,0.24907726049423218,0.0,0.1956130713224411,0.22834694385528564,0.24974602460861206,-1.6136887073516846,-1.5513266324996948,-1.5106401443481445,0.0,1.0
192512,188,7,207.42125224288455,192.85714285714286,-0.004592721880180761,12.632016670703887,-0.396299435198307,0.003673603369679768,0.0416748046875,0.6978139884769916,101.9378692150116,1.456099033355713,8.261101722717285,46.83484649658203,37.80695343017578,45.378746032714844,39.141448974609375,0.9522544879348023,1.0585176944732666,336.1159973144531,0.85,1.0,0.0,1.0,0.0,0.0,0.02993176132440567,0.25023990869522095,0.0,0.1964515745639801,0.22861959040164948,0.2491154670715332,-1.6120744943618774,-1.5507845878601074,-1.5118260383605957,0.0,1.0
193536,189,5,201.06802406466076,185.2,-0.006669855589279905,12.344180032610893,-0.39309715628623965,0.0043753753212513406,0.058544921875,0.6779692269861698,88.30860872268677,0.6073580980300903,7.689098834991455,39.92567443847656,32.91326141357422,39.31831741333008,33.79491424560547,0.9454230744498443,1.054162859916687,249.79100036621094,0.875,1.0,0.0,1.0,0.0,0.0,0.006921818014234304,0.2620692253112793,0.0,0.19695515930652618,0.22968308627605438,0.24868467450141907,-1.6111053228378296,-1.5487583875656128,-1.5126363039016724,0.0,1.0
194560,190,5,158.82798321648937,177.4,-0.0057609183131717145,10.805361813306808,-0.38900661617517474,0.0054865248297573995,0.0456787109375,0.7308734104037284,49.64237794876099,0.33018064498901367,6.605838775634766,51.96405792236328,31.63334083557129,51.633880615234375,30.589553833007812,0.9563920287277391,1.260351538658142,137.6748504638672,0.9,1.0,0.0,1.0,0.0,0.0,0.03503498435020447,0.252035915851593,0.0,0.1967056691646576,0.22975997626781464,0.2476300746202469,-1.6115853786468506,-1.5486208200454712,-1.5146207809448242,0.0,1.0
195584,191,6,221.8513724743128,194.0,-0.005263753916369751,20.034598809480666,-0.39049071073532104,0.0071810570734669454,0.046533203125,0.6909457072615623,129.30513792037965,1.9163585901260376,9.750593185424805,45.13482666015625,37.70834732055664,43.218467712402344,40.774627685546875,0.9331368101248227,1.4876141548156738,398.9035339355469,0.825,1.0,0.0,1.0,0.0,0.0,0.0728541687130928,0.26724934577941895,0.0,0.19549453258514404,0.2291666865348816,0.2470155507326126,-1.6139168739318848,-1.5497616529464722,-1.515777587890625,0.0,1.0
196608,192,5,143.03110379116907,162.4,-0.004313910636119545,15.402842807769776,-0.3931866824626923,0.006038332056778018,0.0615234375,0.6125223577022553,63.381352233886716,-0.0977867841720581,8.268211364746094,48.11687469482422,34.691219329833984,48.21466064453125,34.481937408447266,0.9431953364268176,1.1938351392745972,133.89329528808594,0.65,1.0,0.0,1.0,0.0,0.0,0.007994423620402813,0.24916911125183105,0.0,0.1953292340040207,0.2289465069770813,0.2473526895046234,-1.6142351627349854,-1.5501704216003418,-1.5151429176330566,0.0,1.0
197632,193,6,201.26925239125583,190.0,-0.006712995446287095,8.51214796602726,-0.3946099914610386,0.0036280885615269653,0.053662109375,0.7808704540133476,80.9424720287323,2.184953451156616,6.741924285888672,43.94071578979492,36.86008071899414,41.75576400756836,39.95236587524414,0.9665454484085467,1.3125096559524536,266.07257080078125,0.875,1.0,0.0,1.0,0.0,0.0,0.04194207116961479,0.2539900541305542,0.0,0.19493210315704346,0.2287079244852066,0.2471177577972412,-1.6150000095367432,-1.5506173372268677,-1.51558518409729,0.0,1.0
198656,194,6,153.4355213677022,162.0,-0.004493515356443822,24.990075731277464,-0.39662346094846723,0.003837765596108511,0.0485107421875,0.6054210282862187,90.14646997451783,-2.208768129348755,10.090436935424805,60.36524200439453,35.1051139831543,62.574012756347656,31.56516456604004,0.9173811398378767,1.0190609693527222,210.37242126464844,0.725,1.0,0.0,1.0,0.0,0.0,0.0048247468657791615,0.22190073132514954,0.0,0.19822096824645996,0.2282124012708664,0.24472911655902863,-1.6086699962615967,-1.551529049873352,-1.5200848579406738,0.0,1.0
199680,195,4,254.7140997622535,210.0,-0.0061580188339576125,8.96197712123394,-0.3995820671319962,0.004586637657484971,0.052099609375,0.7224875055253506,84.15125887393951,5.197294235229492,5.36679744720459,42.3372802734375,34.260765075683594,37.139991760253906,36.487022399902344,0.9754621682971029,1.355804204940796,276.65045166015625,0.775,1.0,0.0,1.0,0.0,0.0,0.04391602799296379,0.24692407250404358,0.0,0.19730275869369507,0.22737665474414825,0.24551546573638916,-1.6104364395141602,-1.5531107187271118,-1.518602967262268,0.0,1.0
200704,196,4,256.8405105955674,225.5,-0.005095307098235935,6.356968754529953,-0.4064406491816044,0.004774115124018863,0.059521484375,0.7103166811168193,67.1479058265686,2.188298463821411,6.182303428649902,51.787872314453125,33.52444839477539,49.59957504272461,36.920074462890625,0.965992294072779,1.3080368041992188,226.46197509765625,0.8,1.0,0.0,1.0,0.0,0.0,0.05484716221690178,0.23524992167949677,0.0,0.1966530978679657,0.22597022354602814,0.24382567405700684,-1.6116865873336792,-1.5557783842086792,-1.5217880010604858,0.0,1.0
201728,197,8,203.64245686642332,194.75,-0.00449744809884578,18.78959972858429,-0.4151784509420395,0.004908952562254853,0.0386962890625,0.6298414073884487,87.44683389663696,-1.0105855464935303,8.949031829833984,45.978946685791016,41.98112106323242,46.989532470703125,42.20907211303711,0.9545593952883877,1.1066087484359741,229.29698181152344,0.7,1.0,0.0,1.0,0.0,0.0,0.058042362332344055,0.23704612255096436,0.0,0.1955597996711731,0.22430796921253204,0.24172668159008026,-1.6137912273406982,-1.558928370475769,-1.5257480144500732,0.0,1.0
202752,198,7,165.94772652789442,164.57142857142858,-0.004944932798389345,8.01175931096077,-0.42534151673316956,0.004953040819964371,0.0403076171875,0.623691302537918,55.25556609630585,-0.4374831020832062,6.190316677093506,44.629398345947266,33.70899963378906,45.06687927246094,32.520042419433594,0.9662764008029299,1.1241124868392944,160.5486602783203,0.65,1.0,0.0,1.0,0.0,0.0,0.08547652512788773,0.23994004726409912,0.0,0.1938045471906662,0.22227948904037476,0.23795105516910553,-1.6171720027923584,-1.5627721548080444,-1.5328810214996338,0.0,1.0
203776,199,3,237.73753354745645,191.66666666666666,-0.005165637924801558,5.593194657564164,-0.4344188250601292,0.0055133495174231936,0.0667236328125,0.7575639002025127,58.060416388511655,2.628389358520508,5.708238124847412,55.25646209716797,29.859682083129883,52.628074645996094,31.27335548400879,0.9634545108356636,1.4866316318511963,200.01170349121094,0.8,1.0,0.0,1.0,0.0,0.0,0.043457865715026855,0.23844550549983978,0.0,0.1918942630290985,0.2213829904794693,0.2370445281267166,-1.6208539009094238,-1.5644983053207397,-1.5345954895019531,0.0,1.0
204800,200,6,194.53667309479943,192.83333333333334,-0.0030965556506998837,16.333859539031984,-0.4362461678683758,0.0027619558677542955,0.028125,0.6368183858692646,101.36809701919556,1.622644305229187,8.898212432861328,50.4638671875,36.78950881958008,48.84122085571289,38.86443328857422,0.9414997659170611,1.3367689847946167,339.2615966796875,0.7,1.0,0.0,1.0,0.0,0.0,0.05249297618865967,0.24156582355499268,0.0,0.19181448221206665,0.22162304818630219,0.23670004308223724,-1.6210076808929443,-1.5640455484390259,-1.5352472066879272,0.0,1.0
205824,201,5,263.84508215980657,209.0,-0.006106554914731532,10.284708186984062,-0.43406796976923945,0.0077142470050603155,0.0576904296875,0.6273999087512493,96.92664175033569,4.44660758972168,6.535368919372559,49.395179748535156,30.745498657226562,44.948577880859375,33.936805725097656,0.9548167771927532,1.235155463218689,339.6514892578125,0.7,1.0,0.0,1.0,0.0,0.0,0.051758963614702225,0.23774123191833496,0.0,0.19279836118221283,0.22207903861999512,0.23683683574199677,-1.6191110610961914,-1.5631980895996094,-1.5349884033203125,0.0,1.0
206848,202,6,208.93531953954763,189.5,-0.006620917178224772,24.78731563091278,-0.43221466839313505,0.004261285337270238,0.0764404296875,0.687956915050745,85.62093496322632,-0.42464232444763184,9.561570167541504,50.846214294433594,38.919620513916016,51.27085876464844,37.662742614746094,0.939643889981414,1.341882348060608,178.01329040527344,0.775,1.0,0.0,1.0,0.0,0.0,0.06923675537109375,0.2597896158695221,0.0,0.19562117755413055,0.22236083447933197,0.23702575266361237,-1.6136730909347534,-1.5625993013381958,-1.5346310138702393,0.0,1.0
207872,203,5,173.59807287160925,161.8,-0.006244073837297037,4.8869379460811615,-0.42784264832735064,0.007539115866529755,0.0432373046875,0.5950862735509872,35.24649490118027,0.6520925760269165,5.108313083648682,61.14165496826172,30.72071075439453,60.489559173583984,30.764039993286133,0.9723501639474401,1.1871070861816406,106.39701080322266,0.675,1.0,0.0,1.0,0.0,0.0,0.030469125136733055,0.2347421944141388,0.0,0.1988840401172638,0.22357596457004547,0.23615781962871552,-1.607394814491272,-1.5602716207504272,-1.5362732410430908,0.0,1.0
208896,204,7,182.48746080396958,182.57142857142858,-0.005627282313071191,15.194063782691956,-0.4236340768635273,0.00348150466743391,0.039111328125,0.6150672644376755,69.10668864250184,-2.7570748329162598,7.939605712890625,55.535484313964844,33.88139724731445,58.29255676269531,30.53895378112793,0.9450869818385497,1.0312855243682861,162.677001953125,0.7,1.0,0.0,1.0,0.0,0.0,0.08449158072471619,0.24182388186454773,0.0,0.20029042661190033,0.22344718873500824,0.23589101433753967,-1.6046911478042603,-1.5605072975158691,-1.536778211593628,0.0,1.0
209920,205,5,214.16359059352916,173.0,-0.004557366587687284,3.3643791675567627,-0.42774579375982286,0.0027577495071454904,0.0559326171875,0.7082219772040844,65.90963300466538,3.1209237575531006,4.332727909088135,51.723167419433594,28.63376235961914,48.60224914550781,31.04526710510254,0.9771036677875388,1.232038140296936,252.8865509033203,0.9,1.0,0.0,1.0,0.0,0.0,0.10692348331212997,0.2356569468975067,0.0,0.20052404701709747,0.22238875925540924,0.23340170085430145,-1.604242205619812,-1.5625146627426147,-1.5414924621582031,0.0,1.0
210944,206,5,228.3780318309292,214.2,-0.004428756126435474,12.02825266122818,-0.4337084122002125,0.005174082082521636,0.040869140625,0.7308672703802586,110.56283750534058,3.6837382316589355,7.5437092781066895,42.2400016784668,35.31483459472656,38.5562629699707,37.48832321166992,0.954369467850104,1.1043049097061157,363.90826416015625,0.9,1.0,0.0,1.0,0.0,0.0,0.06958351284265518,0.25398966670036316,0.0,0.1986023485660553,0.2212439328432083,0.23406922817230225,-1.6079365015029907,-1.564705491065979,-1.5402277708053589,0.0,1.0
211968,207,5,179.93057184714954,175.2,-0.0056297730770893395,9.774023520946503,-0.4366864636540413,0.006269278259424027,0.0467529296875,0.6255289748311043,62.65582513809204,-0.9102896451950073,6.886905193328857,59.47151184082031,35.058895111083984,60.381797790527344,32.72096633911133,0.961412046226317,1.2072068452835083,255.21299743652344,0.65,1.0,0.0,1.0,0.0,0.0,0.048526156693696976,0.23443475365638733,0.0,0.19823479652404785,0.2218991070985794,0.23445133864879608,-1.6086434125900269,-1.5634664297103882,-1.539504051208496,0.0,1.0
212992,208,7,178.60708908203745,172.0,-0.004714010597672314,13.245075738430023,-0.43617516979575155,0.005024917572154663,0.0513916015625,0.6307221718132496,59.935005044937135,-1.0033314228057861,7.658602714538574,50.5295524597168,37.86888885498047,51.53288650512695,37.23046875,0.9590989910375186,1.1808505058288574,151.59986877441406,0.675,1.0,0.0,1.0,0.0,0.0,0.02911996655166149,0.23482225835323334,0.0,0.19944295287132263,0.22054226696491241,0.23213371634483337,-1.6063201427459717,-1.5660080909729004,-1.5438958406448364,0.0,1.0
214016,209,4,195.98079481376115,176.75,-0.004323194644530304,10.994506418704987,-0.442231597006321,0.004176492874103132,0.0473388671875,0.6832833461463451,50.190636014938356,0.7321031093597412,6.769743919372559,43.95932388305664,35.65431213378906,43.22722244262695,36.98845672607422,0.9639487455834614,1.0087002515792847,125.4715805053711,0.875,1.0,0.0,1.0,0.0,0.0,0.04915500059723854,0.23659002780914307,0.0,0.19830870628356934,0.220460906624794,0.23413808643817902,-1.6085011959075928,-1.56617271900177,-1.5400973558425903,0.0,1.0
215040,210,7,197.25828536501686,199.42857142857142,-0.004440577677451074,14.57950201034546,-0.4448107160627842,0.002467690636694897,0.02607421875,0.6413731828331948,72.4414487361908,1.1862118244171143,8.102259635925293,48.467655181884766,38.65817642211914,47.28144073486328,40.021522521972656,0.9560731950733874,1.0526156425476074,197.49810791015625,0.675,1.0,0.0,1.0,0.0,0.0,-0.002241865498945117,0.26075589656829834,0.0,0.1938764899969101,0.2191045731306076,0.23576252162456512,-1.6170333623886108,-1.568800449371338,-1.5370213985443115,0.0,1.0
216064,211,5,171.66213015721587,169.8,-0.006126069510355592,42.66986567974091,-0.45153477489948274,0.0051228537849965505,0.0654296875,0.6431342341005802,127.59376039505005,0.2979177236557007,12.730425834655762,48.13935089111328,35.25438690185547,47.8414306640625,37.9426155090332,0.8696054093168113,1.1736931800842285,397.0687255859375,0.8,1.0,0.0,1.0,0.0,0.0,0.03672649338841438,0.23665139079093933,0.0,0.19272543489933014,0.21864533424377441,0.23440341651439667,-1.6192514896392822,-1.5696806907653809,-1.5395947694778442,0.0,1.0
217088,212,6,207.12938712006044,188.5,-0.004628441040404141,16.140935611724853,-0.4509389266371727,0.00513928433356341,0.05078125,0.7155545331537724,96.78078289031983,-0.06941002607345581,9.202167510986328,44.52093505859375,37.25944900512695,44.59034729003906,37.756248474121094,0.9390031534665146,1.1952356100082397,316.7940979003906,0.8,1.0,0.0,1.0,0.0,0.0,0.07411247491836548,0.2450283318758011,0.0,0.1929938942193985,0.219164177775383,0.23573815822601318,-1.6187341213226318,-1.5686835050582886,-1.5370675325393677,0.0,1.0
218112,213,5,186.00276164570147,181.6,-0.0047029269131599,13.401106882095338,-0.4509208984673023,0.00249502301303437,0.0511474609375,0.6135621182620525,83.16008405685425,0.7248777747154236,8.331768035888672,45.256107330322266,37.827247619628906,44.53123092651367,41.31013488769531,0.9514862439342565,1.061406135559082,221.8852996826172,0.725,1.0,0.0,1.0,0.0,0.0,0.07512345910072327,0.24892763793468475,0.0,0.1891392022371292,0.2183368057012558,0.23531600832939148,-1.6261687278747559,-1.5703239440917969,-1.5378665924072266,0.0,1.0
219136,214,7,165.68985105196037,158.71428571428572,-0.0038428855303209277,10.265153908729554,-0.45682895332574847,0.0039001533470582215,0.040185546875,0.656187828630209,60.59202270507812,-0.6565037965774536,6.9842143058776855,50.061676025390625,33.49448013305664,50.71818161010742,33.222965240478516,0.956520084108667,1.0899555683135986,191.89341735839844,0.825,1.0,0.0,1.0,0.0,0.0,0.09295006841421127,0.2558906674385071,0.0,0.1859608292579651,0.2174542397260666,0.2356496900320053,-1.6323070526123047,-1.5720043182373047,-1.5372350215911865,0.0,1.0
220160,215,5,160.8255535823627,168.0,-0.00702681471593678,12.627489984035492,-0.4610489055514336,0.007307255196792539,0.08916015625,0.73601790741086,58.17314410209656,-0.22504937648773193,7.548120975494385,38.64167404174805,37.068519592285156,38.866722106933594,37.324005126953125,0.9585363776481676,1.396486759185791,171.0994873046875,0.825,1.0,0.0,1.0,0.0,0.0,0.09921029955148697,0.2419023960828781,0.0,0.1849755197763443,0.21695373952388763,0.2386699914932251,-1.6342114210128784,-1.5729981660842896,-1.5315217971801758,0.0,1.0
221184,216,7,188.1677575793892,181.42857142857142,-0.004368229431565851,11.401804524660111,-0.4621277779340744,0.004486459433974232,0.0451416015625,0.7865354843437672,85.93879027366638,2.745327949523926,7.444884777069092,43.68288040161133,36.145477294921875,40.93755340576172,39.0616340637207,0.9575763521184897,1.702149510383606,240.2046356201172,0.925,1.0,0.0,1.0,0.0,0.0,0.05865492299199104,0.25692352652549744,0.0,0.18492336571216583,0.2169031947851181,0.24030084908008575,-1.6343122720718384,-1.57308828830719,-1.528440237045288,0.0,1.0
222208,217,4,158.50405746309036,175.75,-0.0040136867784895,11.415964204072953,-0.46329296976327894,0.0052041478222236036,0.0349365234375,0.701528400182724,67.84075801372528,3.0553078651428223,7.1480393409729,44.16875457763672,33.186988830566406,41.11344909667969,35.01443099975586,0.9536085300359777,1.2311443090438843,188.37416076660156,0.85,1.0,0.0,1.0,0.0,0.0,0.022672409191727638,0.23509599268436432,0.0,0.1843002885580063,0.21658211946487427,0.23968318104743958,-1.635516881942749,-1.57370126247406,-1.5296070575714111,0.0,1.0
223232,218,7,241.2116602456846,196.71428571428572,-0.004509305284591392,15.259629303216935,-0.46464319378137586,0.004175408797163982,0.0449951171875,0.6934137776494026,95.2446266412735,4.355484962463379,8.290767669677734,44.14008331298828,33.119651794433594,39.78459930419922,37.4455680847168,0.9373360288536413,1.1156319379806519,291.7890319824219,0.825,1.0,0.0,1.0,0.0,0.0,-0.010827206075191498,0.26280954480171204,0.0,0.18679793179035187,0.21644149720668793,0.2393912672996521,-1.6306896209716797,-1.5739566087722778,-1.5301586389541626,0.0,1.0
224256,219,5,213.89318778307847,184.2,-0.005817981553263962,10.713738560676575,-0.4653218388557434,0.005891952590900473,0.043896484375,0.6975812524557113,106.65515079498292,5.198058128356934,6.1572980880737305,43.74738311767578,29.48324203491211,38.54932403564453,32.050968170166016,0.9563856012388335,1.306930422782898,365.064453125,0.85,1.0,0.0,1.0,0.0,0.0,0.021639889106154442,0.25409263372421265,0.0,0.18829867243766785,0.21630710363388062,0.23692558705806732,-1.627791404724121,-1.5741857290267944,-1.534820556640625,0.0,1.0
225280,220,7,231.89323421534732,187.57142857142858,-0.0049830934731289744,6.649292898178101,-0.4656167834997177,0.005999268122832291,0.0623779296875,0.6807981938123703,52.85696051120758,2.630664348602295,5.982995986938477,52.16119384765625,29.775758743286133,49.53052520751953,31.132877349853516,0.9596250759462553,1.205440640449524,193.60523986816406,0.875,1.0,0.0,1.0,0.0,0.0,0.0345342792570591,0.24280592799186707,0.0,0.1880304515361786,0.2163105607032776,0.23670361936092377,-1.6283092498779297,-1.57415771484375,-1.5352404117584229,0.0,1.0
226304,221,3,200.61191286596218,168.33333333333334,-0.0035878562019206585,7.621080783009529,-0.46593103036284444,0.0016589714883593842,0.0295654296875,0.6577259667217732,48.50724375247955,1.858008861541748,6.154934883117676,50.10495376586914,25.369367599487305,48.24694061279297,25.165132522583008,0.941138997089116,1.1770579814910889,148.17236328125,0.7,1.0,0.0,1.0,0.0,0.0,0.09025194495916367,0.2371063381433487,0.0,0.18956273794174194,0.2160721868276596,0.23552963137626648,-1.6253514289855957,-1.5745893716812134,-1.5374622344970703,0.0,1.0
227328,222,8,193.35025078888646,182.625,-0.0048838078859262165,21.619745540618897,-0.4683381974697113,0.0039598049042979255,0.041259765625,0.6332580298185349,77.28401026725768,0.11085820198059082,9.314696311950684,49.771907806396484,34.07036590576172,49.661048889160156,34.177120208740234,0.9252547323922583,1.0237478017807007,200.8614501953125,0.75,1.0,0.0,1.0,0.0,0.0,0.06715036183595657,0.24718640744686127,0.0,0.1905185431241989,0.215659499168396,0.2327146977186203,-1.6235071420669556,-1.5753636360168457,-1.5427944660186768,0.0,1.0
228352,223,6,172.47312556476558,161.83333333333334,-0.005330528295598924,4.295802617073059,-0.46911399737000464,0.005246225337032229,0.05693359375,0.7408189073204994,28.41938784122467,0.8583493828773499,4.543854236602783,53.98536682128906,30.663267135620117,53.12702178955078,29.692367553710938,0.9780410353358997,1.2630003690719604,80.60834503173828,0.85,1.0,0.0,1.0,0.0,0.0,0.028466058894991875,0.2564676105976105,0.0,0.18979512155056,0.2157907485961914,0.23256495594978333,-1.6249029636383057,-1.5751386880874634,-1.5430783033370972,0.0,1.0
229376,224,5,185.84838593089444,182.2,-0.004858309612609446,4.749009245634079,-0.4690887279808521,0.004909896974277217,0.0463623046875,0.7184974372386932,35.96109890937805,0.07224634289741516,4.702301979064941,46.09922790527344,35.200767517089844,46.0269775390625,35.21670150756836,0.9821549886544748,1.2137960195541382,99.73921203613281,0.85,1.0,0.0,1.0,0.0,0.0,0.06623299419879913,0.29346972703933716,0.0,0.1895468831062317,0.2155781388282776,0.2325039952993393,-1.6253819465637207,-1.5755258798599243,-1.5431938171386719,0.0,1.0
230400,225,6,194.4125657367159,172.5,-0.004039774357806891,5.753823687136173,-0.4697398982942104,0.00619826430483954,0.0388671875,0.7596925653517246,61.875796461105345,2.3055849075317383,5.949377536773682,52.94233322143555,33.207035064697266,50.636749267578125,36.76922607421875,0.9679016404430053,1.3834691047668457,223.5492706298828,0.925,1.0,0.0,1.0,0.0,0.0,-0.0032136652152985334,0.25542134046554565,0.0,0.19118304550647736,0.21568888425827026,0.22922714054584503,-1.6222254037857056,-1.5752946138381958,-1.549410343170166,0.0,1.0
231424,226,6,179.87904552103691,160.0,-0.004907969263149426,3.8519272550940515,-0.4701052352786064,0.0037336657202104106,0.0476806640625,0.7219743713736534,23.510025799274445,0.6788809895515442,4.279410362243652,53.185882568359375,33.166866302490234,52.50700378417969,32.386688232421875,0.983352118396201,1.3363996744155884,60.92091369628906,0.9,1.0,0.0,1.0,0.0,0.0,-0.037521105259656906,0.2679733335971832,0.0,0.19077420234680176,0.21519339084625244,0.22866229712963104,-1.623013973236084,-1.576253056526184,-1.5504827499389648,0.0,1.0
232448,227,7,208.20006802875926,166.57142857142858,-0.0038055347511544825,4.780643303692341,-0.4707058772444725,0.0065369804986403325,0.0383056640625,0.6619484059512615,53.55925794839859,2.411062717437744,5.612163543701172,49.00448226928711,31.15118408203125,46.593421936035156,34.27663803100586,0.9675427654676534,1.114300012588501,165.3018341064453,0.825,1.0,0.0,1.0,0.0,0.0,-0.04576105996966362,0.23338308930397034,0.0,0.1932373195886612,0.21598458290100098,0.22814583778381348,-1.61826491355896,-1.5747199058532715,-1.5514636039733887,0.0,1.0
233472,228,7,160.36850552041548,150.14285714285714,-0.005214580171741545,7.531761506199837,-0.4657931253314018,0.004236385878175497,0.0451416015625,0.7207758218050003,43.691931104660036,-0.2732805013656616,5.787956237792969,46.01384735107422,33.64649963378906,46.28712463378906,34.291358947753906,0.9704082496795317,1.1546660661697388,128.193359375,0.8,1.0,0.0,1.0,0.0,0.0,-0.05233903229236603,0.25568196177482605,0.0,0.1925497055053711,0.21638983488082886,0.22870807349681854,-1.6195902824401855,-1.5739688873291016,-1.5503958463668823,0.0,1.0
234496,229,5,170.76628771481367,164.8,-0.004414487665053457,6.033034801483154,-0.46411098912358284,0.004246615945885423,0.0494873046875,0.690426017343998,33.083705973625186,1.1694722175598145,5.298415184020996,51.66065979003906,33.2691535949707,50.49118423461914,34.372440338134766,0.9746365451910344,1.2685799598693848,97.97620391845703,0.875,1.0,0.0,1.0,0.0,0.0,-0.059316691011190414,0.2613964378833771,0.0,0.1944248378276825,0.21682779490947723,0.22867974638938904,-1.6159770488739014,-1.5731024742126465,-1.5504496097564697,0.0,1.0
235520,230,7,194.076578464978,167.0,-0.004796607024036348,8.023783242702484,-0.4627712845802307,0.006445784405514132,0.047802734375,0.7014282710850239,42.2670645236969,0.028866291046142578,6.0327887535095215,48.76683044433594,29.6204833984375,48.73796844482422,28.81639289855957,0.9585187410770769,1.2395141124725342,118.93283081054688,0.85,1.0,0.0,1.0,0.0,0.0,-0.018529320135712624,0.258988618850708,0.0,0.19427865743637085,0.21676598489284515,0.22881250083446503,-1.6162586212158203,-1.5732460021972656,-1.5501976013183594,0.0,1.0
236544,231,5,159.05472110074192,156.6,-0.005552128632552921,5.016403302550316,-0.46442620977759363,0.005013255091034808,0.0506103515625,0.7454756446182728,41.94037642478943,0.5393210649490356,4.84706449508667,52.904701232910156,35.43825149536133,52.365379333496094,34.61373519897461,0.9812926178127802,1.5258466005325317,129.63809204101562,0.85,1.0,0.0,1.0,0.0,0.0,0.04805251955986023,0.26364028453826904,0.0,0.192931666970253,0.21607182919979095,0.22787918150424957,-1.61885404586792,-1.5745491981506348,-1.55197012424469,0.0,1.0
237568,232,8,191.53027617110342,173.75,-0.005329051191802136,4.112584412097931,-0.46833388730883596,0.0031363971254904756,0.0544677734375,0.9213226787745953,37.68213577270508,0.49803823232650757,4.51125955581665,49.53245162963867,38.46927261352539,49.03441619873047,38.42705154418945,0.986247941917504,1.671063780784607,135.36541748046875,0.95,1.0,0.0,1.0,0.0,0.0,0.06296331435441971,0.2931566536426544,0.0,0.19181030988693237,0.2156570702791214,0.22796957194805145,-1.6210157871246338,-1.5753707885742188,-1.5517984628677368,0.0,1.0
238592,233,5,190.84743131337513,162.6,-0.004612180456751958,5.846617041528225,-0.47104415819048884,0.005942005846009124,0.058544921875,0.7574652373790741,45.660822939872745,2.028254747390747,5.870461463928223,48.498374938964844,35.4561653137207,46.470123291015625,38.7744026184082,0.9725867207775726,1.4129904508590698,143.02662658691406,0.925,1.0,0.0,1.0,0.0,0.0,0.053339507430791855,0.2834719121456146,0.0,0.1906190663576126,0.2148457020521164,0.22855021059513092,-1.6233131885528564,-1.5769037008285522,-1.5506956577301025,0.0,1.0
239616,234,6,180.280481666018,168.83333333333334,-0.005352209601551294,19.29936616420746,-0.4754944421350956,0.002858336776262149,0.049658203125,0.7650662250816822,72.93629536628723,-1.5536376237869263,8.741053581237793,49.931697845458984,34.60784912109375,51.48533630371094,33.44371032714844,0.9362062116641157,1.3443963527679443,175.99282836914062,0.875,1.0,0.0,1.0,0.0,0.0,0.012844104319810867,0.2788794934749603,0.0,0.18972612917423248,0.2144373506307602,0.2291136533021927,-1.6250360012054443,-1.5776952505111694,-1.5496257543563843,0.0,1.0
240640,235,6,162.48238815182575,163.5,-0.005923335574334487,10.616262263059616,-0.47246470749378205,0.004607435181969777,0.0607421875,0.6933030240237713,59.01368868350983,-1.3373432159423828,7.154791831970215,51.848514556884766,38.211631774902344,53.185855865478516,37.38144302368164,0.9649407285844208,1.0732578039169312,147.3739776611328,0.9,1.0,0.0,1.0,0.0,0.0,0.002916214056313038,0.2755778729915619,0.0,0.1913502812385559,0.21582020819187164,0.23222805559635162,-1.6219029426574707,-1.5750657320022583,-1.5437169075012207,0.0,1.0
241664,236,8,182.73165051819507,174.25,-0.003849513828754425,11.10427854657173,-0.46613182947039605,0.004704990150639787,0.0471923828125,0.8022302702069283,63.625675201416016,0.3052016496658325,7.637860298156738,42.214786529541016,36.14457321166992,41.909584045410156,37.39966583251953,0.9553463287834616,1.5441691875457764,176.432373046875,1.0,1.0,0.0,1.0,0.0,0.0,0.04791362211108208,0.2769993245601654,0.0,0.19261397421360016,0.21665768325328827,0.23477306962013245,-1.6194664239883423,-1.5734691619873047,-1.5388946533203125,0.0,1.0
242688,237,3,126.49146703387287,160.66666666666666,-0.0059479648130945865,9.650210744142532,-0.46470521986484525,0.006391550284752157,0.04990234375,0.7733034513890743,74.15633318424224,2.5409750938415527,6.780574321746826,39.788536071777344,32.734554290771484,37.24755859375,35.0621337890625,0.9570937978853501,1.4185582399368286,245.93104553222656,0.9,1.0,0.0,1.0,0.0,0.0,-0.02012796700000763,0.2599064111709595,0.0,0.19148384034633636,0.21607230603694916,0.23528818786144257,-1.6216453313827515,-1.574568271636963,-1.537919282913208,0.0,1.0
243712,238,8,193.07598258852587,174.375,-0.006304490834008902,5.865730452537536,-0.46962271332740785,0.004527382894593757,0.0650390625,0.7553759947419166,50.869078159332275,0.5093497037887573,5.928214073181152,44.91777038574219,37.50459671020508,44.408424377441406,40.589439392089844,0.9750150348806597,1.254646897315979,145.04678344726562,0.875,1.0,0.0,1.0,0.0,0.0,0.09442150592803955,0.28535667061805725,0.0,0.18948186933994293,0.21500812470912933,0.234405517578125,-1.6255073547363281,-1.5766206979751587,-1.539590835571289,0.0,1.0
244736,239,5,167.28880297922984,166.6,-0.0058334213797934355,7.616079258918762,-0.47296730652451513,0.003464609790535178,0.060205078125,0.7854869671165943,55.649543619155885,0.9636428952217102,6.173281192779541,44.24761199951172,34.960968017578125,43.283973693847656,35.68142318725586,0.9688207829750473,1.2913432121276855,188.9735870361328,0.875,1.0,0.0,1.0,0.0,0.0,0.1520979404449463,0.27580079436302185,0.0,0.19056376814842224,0.21514375507831573,0.23341599106788635,-1.6234198808670044,-1.5763672590255737,-1.541465401649475,0.0,1.0
245760,240,7,172.64147781748338,150.42857142857142,-0.004922333499416709,22.715153777599333,-0.4736852772533894,0.004304125384078361,0.047705078125,0.7449551239609719,84.47163133621216,1.9732816219329834,9.3025541305542,41.257781982421875,35.9044189453125,39.28449630737305,39.70012283325195,0.9328712424709571,1.5628637075424194,257.05926513671875,0.95,1.0,0.0,1.0,0.0,0.0,0.08182668685913086,0.2822287976741791,0.0,0.19081954658031464,0.21443672478199005,0.23392465710639954,-1.6229264736175537,-1.577712893486023,-1.540501594543457,0.0,1.0
246784,241,7,211.93288604212992,179.57142857142858,-0.004783149098511785,7.71424777507782,-0.4793466031551361,0.0007285187966772355,0.032421875,0.7226569831371308,64.81794292926789,3.374479293823242,6.582833766937256,44.63386535644531,33.687461853027344,41.25938415527344,37.34981155395508,0.9618153122422245,1.1180007457733154,218.44508361816406,0.85,1.0,0.0,1.0,0.0,0.0,0.04735136404633522,0.2546018064022064,0.0,0.19091613590717316,0.21304704248905182,0.23293724656105042,-1.6227402687072754,-1.5803686380386353,-1.542372703552246,0.0,1.0
247808,242,4,163.0427126899643,174.75,-0.003960448550060391,15.000503128767013,-0.48382153287529944,0.0033704283967381345,0.0517578125,0.7702056601643562,57.77518491744995,0.8526801466941833,7.546414375305176,46.554656982421875,31.56620979309082,45.70197296142578,30.734514236450195,0.9428473421467966,1.6947890520095825,130.50454711914062,0.85,1.0,0.0,1.0,0.0,0.0,0.14733703434467316,0.25804978609085083,0.0,0.1923481523990631,0.2137049287557602,0.23318509757518768,-1.6199787855148315,-1.5790835618972778,-1.5419028997421265,0.0,1.0
248832,243,7,198.6737793387847,176.42857142857142,-0.00420782053261064,4.243734350800514,-0.47764140740036964,0.0047471459824009795,0.0506591796875,0.7931708663702011,36.061831665039065,0.5346552133560181,4.399311065673828,51.606170654296875,32.53640365600586,51.07151412963867,32.360206604003906,0.9817177233398622,1.5078173875808716,97.11206817626953,0.825,1.0,0.0,1.0,0.0,0.0,0.12797267735004425,0.26367631554603577,0.0,0.19410668313503265,0.21459174156188965,0.2344997525215149,-1.616589903831482,-1.5774167776107788,-1.539412260055542,0.0,1.0
249856,244,5,163.67467535037372,170.4,-0.006057883694302291,23.878681123256683,-0.47733437195420264,0.004262087112874724,0.0701904296875,0.8062301822006702,91.00412340164185,0.18808628618717194,9.901288032531738,42.53827667236328,35.37807846069336,42.35019302368164,34.78137969970703,0.9216723828651661,1.428814172744751,210.5159912109375,0.9,1.0,0.0,1.0,0.0,0.0,0.09929580241441727,0.2614211142063141,0.0,0.19322755932807922,0.21356558799743652,0.23393765091896057,-1.618283748626709,-1.579360842704773,-1.5404770374298096,0.0,1.0
250880,245,6,187.77335363442137,191.83333333333334,-0.0044824520940892395,10.953983062505722,-0.4806674264371395,0.002781440231774468,0.055615234375,0.6448066525161267,64.27582387924194,1.0530892610549927,7.044355869293213,41.6774787902832,38.72856140136719,40.6243896484375,38.308292388916016,0.9669158622936997,1.070550560951233,185.8374481201172,0.725,1.0,0.0,1.0,0.0,0.0,0.10297038406133652,0.28847673535346985,0.0,0.1937214583158493,0.21419084072113037,0.2357371598482132,-1.617332100868225,-1.5781826972961426,-1.5370694398880005,0.0,1.0
251904,246,6,179.42602010679207,171.0,-0.004587160388473422,11.888314306735992,-0.47670008763670924,0.0032146265933988617,0.0367919921875,0.7261485695838928,68.34667778015137,-0.12646245956420898,7.8987250328063965,45.65668487548828,35.97123718261719,45.78314971923828,36.531333923339844,0.9517826659451716,1.2043589353561401,192.53582763671875,0.95,1.0,0.0,1.0,0.0,0.0,0.06433386355638504,0.2813139259815216,0.0,0.19300375878810883,0.21451182663440704,0.23775985836982727,-1.6187150478363037,-1.5775890350341797,-1.5332425832748413,0.0,1.0
252928,247,4,177.31922690307124,177.75,-0.004136877367272973,7.303393083810806,-0.47428794875741004,0.005148423694481608,0.045361328125,0.7348640784621239,46.33360960483551,1.6393805742263794,5.773068904876709,40.18634796142578,33.08510971069336,38.546966552734375,34.900535583496094,0.9695527313123733,1.3560210466384888,164.58087158203125,0.925,1.0,0.0,1.0,0.0,0.0,0.06859663128852844,0.2900380492210388,0.0,0.19354210793972015,0.21487490832805634,0.23856911063194275,-1.6176776885986328,-1.5768704414367676,-1.531712532043457,0.0,1.0
253952,248,7,196.79383622791076,183.28571428571428,-0.004589515598490834,3.8301790192723275,-0.4780548378825188,0.0034435071574989706,0.037060546875,0.7539544880390168,27.949217092990875,0.9211700558662415,4.538474082946777,51.876346588134766,31.449047088623047,50.955177307128906,32.4902229309082,0.9791740555558074,1.161281943321228,84.95484924316406,0.95,1.0,0.0,1.0,0.0,0.0,0.09137558937072754,0.278856486082077,0.0,0.19202566146850586,0.21311043202877045,0.2378527671098709,-1.6206005811691284,-1.5802613496780396,-1.5330668687820435,0.0,1.0
254976,249,7,149.28839336533605,148.85714285714286,-0.006600364326732233,13.331297636032104,-0.4854061335325241,0.004598956189875025,0.069189453125,0.7742881059646607,83.2171058177948,0.531840443611145,7.797210216522217,47.44213104248047,35.9976806640625,46.91028594970703,36.302032470703125,0.9530830866966458,1.3358482122421265,229.26490783691406,0.875,1.0,0.0,1.0,0.0,0.0,0.05608510971069336,0.2654213011264801,0.0,0.19048209488391876,0.2128906399011612,0.23786786198616028,-1.6235774755477905,-1.5806885957717896,-1.5330383777618408,0.0,1.0
256000,250,6,202.3828488812898,178.5,-0.003075287095271051,5.116662457585335,-0.4873234435915947,0.0032638788907206617,0.02978515625,0.7715540863573551,45.1036358833313,0.6707056164741516,5.335454940795898,50.46630859375,32.00883865356445,49.79560852050781,32.07095718383789,0.9722154626894797,1.3836350440979004,130.2771453857422,0.875,1.0,0.0,1.0,0.0,0.0,0.04194346442818642,0.26883363723754883,0.0,0.18829035758972168,0.2118571549654007,0.2368919551372528,-1.627807378768921,-1.5826716423034668,-1.5348840951919556,0.0,1.0
257024,251,5,161.97686422819274,160.8,-0.006807849154574797,7.207567211985588,-0.4906380698084831,0.0053844394758925775,0.067578125,0.7119014270603656,47.228308129310605,0.47290968894958496,6.067480087280273,49.48291015625,34.71086502075195,49.01000213623047,34.48638153076172,0.9694447546891887,1.347863793373108,139.10484313964844,0.8,1.0,0.0,1.0,0.0,0.0,0.07183796167373657,0.28792235255241394,0.0,0.1887287050485611,0.21232743561267853,0.2360493540763855,-1.6269611120224,-1.5817475318908691,-1.5364785194396973,0.0,1.0
258048,252,8,166.37295998459666,170.625,-0.00427775027055759,17.30493695139885,-0.4865807183086872,0.005378303401812445,0.05615234375,0.7557465016841889,82.07263975143432,-2.6141138076782227,8.45468807220459,46.45800018310547,40.891361236572266,49.07211685180664,38.95394515991211,0.9572503977940641,1.3810029029846191,233.3297576904297,0.975,1.0,0.0,1.0,0.0,0.0,0.08668079972267151,0.26276853680610657,0.0,0.1898886263370514,0.2129715085029602,0.2367524653673172,-1.6247224807739258,-1.58053719997406,-1.535148024559021,0.0,1.0
259072,253,4,149.71724083509247,159.25,-0.005011078424286097,8.297311580181121,-0.4809993416070938,0.0026862234983127562,0.042919921875,0.6564642906188964,50.585529112815856,0.3550143539905548,6.3221330642700195,49.84355163574219,33.929832458496094,49.4885368347168,33.833290100097656,0.9652812703927717,1.4099692106246948,165.4528045654297,0.7,1.0,0.0,1.0,0.0,0.0,0.018027791753411293,0.22956420481204987,0.0,0.19205939769744873,0.21434767544269562,0.2388775646686554,-1.6205354928970337,-1.577920913696289,-1.5311294794082642,0.0,1.0
260096,254,5,212.2160697927552,200.6,-0.005230021988973021,13.125203043222427,-0.48085385486483573,0.005231669871136546,0.037646484375,0.7317465573549271,102.76368045806885,3.882455348968506,8.489105224609375,32.96950149536133,39.4657096862793,29.08704948425293,43.67030715942383,0.9537316418083416,1.1392102241516113,340.87744140625,0.85,1.0,0.0,1.0,0.0,0.0,0.061500366777181625,0.2607015073299408,0.0,0.18832114338874817,0.2126484513282776,0.239574134349823,-1.6277480125427246,-1.581162929534912,-1.5298130512237549,0.0,1.0
261120,255,5,231.99071515111095,203.2,-0.0046285867807455364,5.573551227152348,-0.49056027084589005,0.007291394573985599,0.054541015625,0.6511092752218246,55.713044667243956,2.3432185649871826,5.548248767852783,49.76177215576172,36.654624938964844,47.418556213378906,40.34755325317383,0.9770884615237703,1.2046600580215454,230.482666015625,0.8,1.0,0.0,1.0,0.0,0.0,-0.022816771641373634,0.23973511159420013,0.0,0.18797285854816437,0.2113952487707138,0.23897092044353485,-1.6284204721450806,-1.5835824012756348,-1.5309529304504395,0.0,1.0
262144,256,6,206.8941224143764,178.66666666666666,-0.005042757123010233,6.039754697680474,-0.4967700347304344,0.006597672984935343,0.053759765625,0.7824203006923198,48.28047142028809,1.670237421989441,5.49416971206665,48.70154571533203,36.1292724609375,47.03130340576172,37.65608596801758,0.9768747893697539,1.1979906558990479,145.88670349121094,0.875,1.0,0.0,1.0,0.0,0.0,0.02090938203036785,0.23026037216186523,0.0,0.18757280707359314,0.2102358192205429,0.2380191534757614,-1.6291929483413696,-1.585781455039978,-1.532752275466919,0.0,1.0
263168,257,6,174.72295002954357,177.5,-0.00440994490054436,11.971863675117493,-0.502585069835186,0.0010659912557457573,0.0438232421875,0.6840680181980133,92.13568983078002,2.7570548057556152,7.193525314331055,40.743526458740234,34.914180755615234,37.986473083496094,37.30586624145508,0.9575497935017279,1.0893739461898804,289.0960998535156,0.875,1.0,0.0,1.0,0.0,0.0,0.0401323139667511,0.2658170461654663,0.0,0.1882614940404892,0.20949743688106537,0.23555725812911987,-1.6278631687164307,-1.5871812105178833,-1.5374099016189575,0.0,1.0
264192,258,8,194.74717132591164,178.375,-0.006746696057962254,11.081803610920906,-0.5021974876523018,0.0057101714075542985,0.051171875,0.7167768940329552,94.03861227035523,0.7254239320755005,8.497971534729004,44.53865051269531,35.9066276550293,43.81322479248047,38.12998580932617,0.9439879726728972,1.3055224418640137,306.63134765625,0.925,1.0,0.0,1.0,0.0,0.0,0.05832453444600105,0.25227653980255127,0.0,0.1901073157787323,0.21069340407848358,0.2368580549955368,-1.624300479888916,-1.5848909616470337,-1.5349482297897339,0.0,1.0
265216,259,4,171.20748799257865,187.0,-0.004362365580163896,18.204327619075777,-0.49670068398118017,0.0032403767298092136,0.031494140625,0.7265531718730927,117.02934532165527,2.7653658390045166,8.64747428894043,38.491817474365234,37.8283576965332,35.72644805908203,40.91508483886719,0.9477431032341014,1.4854542016983032,364.75128173828125,0.9,1.0,0.0,1.0,0.0,0.0,0.025218971073627472,0.2597770392894745,0.0,0.19000600278377533,0.21088816225528717,0.2365911453962326,-1.6244959831237793,-1.584503173828125,-1.5354533195495605,0.0,1.0
266240,260,3,217.36085122534277,197.33333333333334,-0.006755039736162871,5.662173780798912,-0.5023962207138538,0.008740576020500157,0.06982421875,0.7175139918923378,70.05215046405792,1.8356657028198242,5.668804168701172,39.877288818359375,32.81232452392578,38.04161834716797,35.692752838134766,0.9701524279701368,1.3918074369430542,232.80569458007812,0.775,1.0,0.0,1.0,0.0,0.0,-0.0023489149753004313,0.25374022126197815,0.0,0.18767347931861877,0.20844076573848724,0.23205502331256866,-1.6289985179901123,-1.5891813039779663,-1.5440449714660645,0.0,1.0
267264,261,6,204.50585155921524,192.16666666666666,-0.004916356678586453,5.27000290453434,-0.5164143681526184,0.00401661637442885,0.04375,0.8108162589371204,61.59550340175629,2.546234369277954,5.304428577423096,40.91810607910156,42.42605972290039,38.37187194824219,43.85091781616211,0.9843680997254961,1.3247430324554443,200.94171142578125,0.975,1.0,0.0,1.0,0.0,0.0,0.02792910300195217,0.2927861511707306,0.0,0.18475894629955292,0.20654349029064178,0.2302115112543106,-1.6346300840377808,-1.5928155183792114,-1.547541856765747,0.0,1.0
268288,262,6,177.1664316930575,184.5,-0.004478122328873724,6.4998744308948515,-0.5217324495315552,0.007045136856322643,0.07587890625,0.8947179444134236,63.08600630760193,0.4716661870479584,5.805955410003662,47.034423828125,35.336936950683594,46.56275939941406,36.13978576660156,0.97300461593526,1.6556590795516968,193.6424102783203,0.95,1.0,0.0,1.0,0.0,0.0,0.09822962433099747,0.27047115564346313,0.0,0.185475692152977,0.20671230554580688,0.23063898086547852,-1.6332446336746216,-1.592486023902893,-1.5467307567596436,0.0,1.0
269312,263,6,194.32625537205732,181.83333333333334,-0.005030339286895469,9.69939751625061,-0.5180832087993622,0.006212150899227708,0.04775390625,0.8151852265000343,55.13433384895325,0.6304501891136169,6.745769023895264,51.42351150512695,36.54508590698242,50.793060302734375,36.3441276550293,0.9659274193820065,1.4981857538223267,148.93792724609375,0.9,1.0,0.0,1.0,0.0,0.0,0.063753142952919,0.2687241733074188,0.0,0.18599866330623627,0.2078455686569214,0.23232442140579224,-1.63223397731781,-1.5903269052505493,-1.543534278869629,0.0,1.0
270336,264,5,251.71937937870365,214.6,-0.0032183800474740567,15.8720911860466,-0.5118453353643417,0.00481227501295507,0.03916015625,0.8180766925215721,103.70962829589844,4.254284381866455,8.579119682312012,42.91507339477539,33.868167877197266,38.660789489746094,37.15121841430664,0.935834432435468,1.2001606225967407,318.08721923828125,0.95,1.0,0.0,1.0,0.0,0.0,0.02520833909511566,0.2830590605735779,0.0,0.18667635321617126,0.2085220217704773,0.23407042026519775,-1.6309245824813843,-1.5890482664108276,-1.5402255058288574,0.0,1.0
271360,265,4,215.62373855327402,218.0,-0.006528838677331806,21.128480219841002,-0.5101610422134399,0.005801201255235355,0.0741455078125,0.6640909589827061,78.10561594963073,-1.1961638927459717,8.702491760253906,45.86003875732422,38.27354049682617,47.05620193481445,36.22243118286133,0.9483000749880143,1.0134055614471436,171.82456970214844,0.825,1.0,0.0,1.0,0.0,0.0,-0.05391031131148338,0.2717055380344391,0.0,0.18628166615962982,0.20865844190120697,0.23518534004688263,-1.6316871643066406,-1.5888042449951172,-1.538114070892334,0.0,1.0
272384,266,8,171.7465519758959,176.0,-0.004873710888205096,6.012713128328324,-0.5063424617052078,0.004731433825509157,0.03310546875,0.6564800165593624,41.42977890968323,0.31369370222091675,5.382441997528076,58.62200164794922,39.83808135986328,58.30830764770508,38.7490119934082,0.9817458374519644,1.2381900548934937,134.3989715576172,0.75,1.0,0.0,1.0,0.0,0.0,-0.0013065170496702194,0.27667859196662903,0.0,0.18705444037914276,0.21001052856445312,0.2367442399263382,-1.6301941871643066,-1.586221694946289,-1.5351636409759521,0.0,1.0
273408,267,4,186.65835802543245,183.75,-0.005221871851244941,12.725282561779022,-0.5012212842702866,0.007504480445641093,0.0632568359375,0.658152174949646,63.4780207157135,-0.09315884113311768,7.769197940826416,48.32579040527344,34.34729766845703,48.4189453125,34.26344680786133,0.9488356806586363,1.186874270439148,180.5266876220703,0.75,1.0,0.0,1.0,0.0,0.0,-0.013542861677706242,0.2776855230331421,0.0,0.1867629438638687,0.21029452979564667,0.23715630173683167,-1.6307573318481445,-1.5856512784957886,-1.53438401222229,0.0,1.0
274432,268,8,190.63876333447956,182.125,-0.005348604824393988,5.579826885461808,-0.4969584845006466,0.0034918455567094497,0.0501953125,0.7059434339404106,41.87173097133636,-0.47351568937301636,5.338066577911377,47.53101348876953,38.126277923583984,48.0045280456543,37.81078338623047,0.980397150843356,1.1027263402938843,111.39971160888672,0.825,1.0,0.0,1.0,0.0,0.0,-0.014733322896063328,0.2804460823535919,0.0,0.189121812582016,0.21150904893875122,0.23841892182826996,-1.6262023448944092,-1.583333969116211,-1.5319963693618774,0.0,1.0
275456,269,5,165.49852767776048,181.4,-0.004251155455131083,11.925873678922652,-0.48961090222001075,0.0036816865889704787,0.0533203125,0.7086250610649586,81.78771395683289,-1.2031052112579346,7.4437336921691895,44.45232391357422,35.00341796875,45.655426025390625,33.818546295166016,0.9547768570095319,1.5195114612579346,242.07115173339844,0.775,1.0,0.0,1.0,0.0,0.0,0.024695098400115967,0.23755070567131042,0.0,0.19049139320850372,0.21278487145900726,0.24043911695480347,-1.6235594749450684,-1.5809135437011719,-1.5281790494918823,0.0,1.0
276480,270,5,191.07285496701493,187.6,-0.005250607273774221,19.33900784254074,-0.4867378123104572,0.005417793431843165,0.0559814453125,0.7270462788641453,144.07232818603515,0.572271466255188,10.668102264404297,42.128334045410156,38.903831481933594,41.556060791015625,41.74502182006836,0.9248048840891651,1.3971891403198242,395.254638671875,0.75,1.0,0.0,1.0,0.0,0.0,0.04026475176215172,0.2558610439300537,0.0,0.19100508093833923,0.2121082991361618,0.23950840532779694,-1.6225686073303223,-1.5821901559829712,-1.5299372673034668,0.0,1.0
277504,271,5,153.4266353928689,174.4,-0.004122486209962517,35.55783414840698,-0.4920520968735218,0.004463971099175979,0.0547119140625,0.7193463914096355,91.10996584892273,-3.5112667083740234,10.755119323730469,47.49500274658203,40.3250846862793,51.00626754760742,38.667091369628906,0.928865556585532,1.184885859489441,198.65701293945312,0.875,1.0,0.0,1.0,0.0,0.0,0.03775264695286751,0.2650030553340912,0.0,0.19127222895622253,0.21134640276432037,0.23692746460437775,-1.6220533847808838,-1.5836210250854492,-1.5348169803619385,0.0,1.0
278528,272,8,163.29947388771717,158.625,-0.0050681701279245315,6.51782536804676,-0.49296885430812837,0.004318793593847658,0.036328125,0.7086849093437195,43.003950548172,-0.523135244846344,5.535510063171387,52.061431884765625,38.184471130371094,52.58456802368164,39.98262405395508,0.9789844051950314,1.0821737051010132,119.50312805175781,0.875,1.0,0.0,1.0,0.0,0.0,0.0013224612921476364,0.2524596154689789,0.0,0.19095256924629211,0.2118327021598816,0.235989511013031,-1.6226699352264404,-1.5826975107192993,-1.5365917682647705,0.0,1.0
279552,273,7,161.80674767928693,151.14285714285714,-0.004557718627620488,11.075204291939736,-0.4928495787084103,0.002243914378050249,0.0361328125,0.7156126253306866,45.6328590631485,0.5951017737388611,7.225440502166748,46.337730407714844,38.41405487060547,45.74262619018555,39.22357940673828,0.9646207682923456,1.5243821144104004,126.71266174316406,0.85,1.0,0.0,1.0,0.0,0.0,-0.004403200000524521,0.25004273653030396,0.0,0.18877609074115753,0.21101850271224976,0.2355421632528305,-1.6268696784973145,-1.5842690467834473,-1.5374385118484497,0.0,1.0
280576,274,4,180.4618409272712,176.25,-0.004749344257288612,8.719477343559266,-0.4944554254412651,0.004900783742778003,0.0533447265625,0.6624111458659172,68.08663399219513,0.8226903676986694,7.1588873863220215,39.62753677368164,33.96010971069336,38.804847717285156,35.136756896972656,0.955562157978501,1.2550231218338013,260.89129638671875,0.875,1.0,0.0,1.0,0.0,0.0,-0.02740660309791565,0.24913173913955688,0.0,0.19132596254348755,0.21188956499099731,0.2360696941614151,-1.6219497919082642,-1.582588791847229,-1.5364400148391724,0.0,1.0
281600,275,8,150.1874322741035,152.125,-0.0025789090374018996,20.572621476650237,-0.48745431303977965,0.004156443283136468,0.038916015625,0.6926744818687439,80.3859932422638,-3.0580198764801025,8.965092658996582,50.94575881958008,36.68019104003906,54.003780364990234,35.13661575317383,0.9402625974183297,1.7512065172195435,200.44346618652344,0.7,1.0,0.0,1.0,0.0,0.0,-0.037613239139318466,0.23548942804336548,0.0,0.19293837249279022,0.21322371065616608,0.2374105602502823,-1.6188411712646484,-1.5800172090530396,-1.5339031219482422,0.0,1.0
282624,276,6,172.7097873679794,160.0,-0.00636060704709962,9.003854164481163,-0.4813301585614681,0.00570578904444119,0.06630859375,0.7492793783545494,63.50820496082306,0.29971760511398315,7.00847864151001,44.153099060058594,36.627201080322266,43.8533821105957,37.56346893310547,0.9633865989648761,1.3507061004638672,199.48495483398438,0.875,1.0,0.0,1.0,0.0,0.0,-0.05604032054543495,0.25598594546318054,0.0,0.19366686046123505,0.2139229029417038,0.23584625124931335,-1.6174372434616089,-1.5786901712417603,-1.536862850189209,0.0,1.0
283648,277,7,172.06496586147702,161.57142857142858,-0.006274864944862202,26.14728021621704,-0.4803881414234638,0.006956854929740075,0.076025390625,0.6936938852071762,99.5255974292755,1.8599811792373657,11.259682655334473,41.84274673461914,36.1235466003418,39.98276901245117,40.40414047241211,0.9028435730466776,0.9572428464889526,249.66653442382812,0.875,1.0,0.0,1.0,0.0,0.0,-0.03910694643855095,0.28816401958465576,0.0,0.19171231985092163,0.21337930858135223,0.23661118745803833,-1.6212047338485718,-1.5797333717346191,-1.5354154109954834,0.0,1.0
284672,278,5,215.45701549201362,182.4,-0.0029027214273810386,4.771454481780529,-0.4840868316590786,0.006454606779152527,0.0437255859375,0.6514596544206143,36.741807794570924,0.8544432520866394,5.139251708984375,54.9784049987793,31.38766098022461,54.12396240234375,34.05307388305664,0.973190925209625,1.2740790843963623,129.4977264404297,0.8,1.0,0.0,1.0,0.0,0.0,-0.022820184007287025,0.24500663578510284,0.0,0.1925506591796875,0.21300382912158966,0.23665563762187958,-1.6195884943008423,-1.5804365873336792,-1.5353312492370605,0.0,1.0
285696,279,5,174.8891261959903,150.6,-0.004837981011951343,11.497071504592896,-0.48506001085042955,0.009362528166093398,0.06708984375,0.8129494346678257,92.50743899345397,3.0973165035247803,7.846561431884766,46.94349670410156,32.59446334838867,43.8461799621582,36.72809600830078,0.942047653156588,1.3990119695663452,301.71893310546875,0.95,1.0,0.0,1.0,0.0,0.0,0.03330128267407417,0.2643445134162903,0.0,0.19436855614185333,0.2128906100988388,0.23594295978546143,-1.616085410118103,-1.5806585550308228,-1.5366798639297485,0.0,1.0
286720,280,8,199.68626588132824,189.5,-0.0033606229932047426,13.160761797428131,-0.4828179754316807,0.004687753607868217,0.0451416015625,0.7015043020248413,50.66913206577301,-0.8137122392654419,7.232507228851318,42.045963287353516,38.29671859741211,42.859676361083984,38.926082611083984,0.9643339874758725,1.3162052631378174,131.20248413085938,0.775,1.0,0.0,1.0,0.0,0.0,0.007473951671272516,0.27632200717926025,0.0,0.19427451491355896,0.21378420293331146,0.23823456466197968,-1.6162666082382202,-1.5789750814437866,-1.532344937324524,0.0,1.0
287744,281,5,127.5646622382238,140.4,-0.00550105245783925,17.190162217617036,-0.4783927917480469,0.008019025945395697,0.0698974609375,0.6600861571729183,73.24700570106506,-3.030905246734619,7.737122535705566,43.6810417175293,35.762516021728516,46.711944580078125,33.3525276184082,0.9531938637198146,1.3897862434387207,240.84593200683594,0.775,1.0,0.0,1.0,0.0,0.0,-0.03104359842836857,0.2440745085477829,0.0,0.19634494185447693,0.21430571377277374,0.23914560675621033,-1.6122797727584839,-1.5779494047164917,-1.5306228399276733,0.0,1.0
288768,282,8,162.60350398869264,162.5,-0.0031698902836069464,7.372615653276443,-0.4792481131851673,0.0037440999658429064,0.030078125,0.723403325676918,48.69763162136078,0.5688941478729248,5.778285026550293,42.07503128051758,36.3903923034668,41.506134033203125,37.55227279663086,0.9747870045518559,1.2506992816925049,150.56800842285156,0.8,1.0,0.0,1.0,0.0,0.0,-0.042051661759614944,0.24269023537635803,0.0,0.19482988119125366,0.21329565346240997,0.24031321704387665,-1.6151968240737915,-1.5799293518066406,-1.5284168720245361,0.0,1.0
289792,283,4,151.95951528150013,155.25,-0.0035604098258772863,19.879914462566376,-0.484648972004652,0.0024671901090187022,0.0331787109375,0.6698272932320833,117.64270253181458,3.006803512573242,9.758235931396484,35.83256149291992,36.79759216308594,32.82575988769531,40.51729965209961,0.9296759723489231,1.1905936002731323,331.2303771972656,0.8,1.0,0.0,1.0,0.0,0.0,-0.012475644238293171,0.24947196245193481,0.0,0.1946040391921997,0.21277786791324615,0.24095728993415833,-1.6156318187713623,-1.5809277296066284,-1.52720046043396,0.0,1.0
290816,284,5,212.08080604898814,202.6,-0.004397686407901347,7.755216836929321,-0.4853004701435566,0.0071596366149606185,0.0532470703125,0.6928893536329269,84.06503944396972,2.819154739379883,7.160573959350586,38.55696105957031,38.221343994140625,35.73780822753906,42.99601364135742,0.9649018896714837,1.39032781124115,363.31640625,0.8,1.0,0.0,1.0,0.0,0.0,0.0036480494309216738,0.2416984587907791,0.0,0.1933133602142334,0.21314233541488647,0.2418074607849121,-1.618118405342102,-1.580212950706482,-1.5255955457687378,0.0,1.0
291840,285,6,210.08359564075033,192.33333333333334,-0.005180958262644708,11.56756392121315,-0.48470536842942236,0.004286906096967869,0.0420654296875,0.7800509072840214,75.52906405925751,2.7564098834991455,7.163498401641846,41.96300506591797,34.8927001953125,39.20659637451172,38.18161392211914,0.9578515938472453,1.3013972043991089,240.46726989746094,0.9,1.0,0.0,1.0,0.0,0.0,-0.018168479204177856,0.24372774362564087,0.0,0.1910194754600525,0.2124842256307602,0.2410007119178772,-1.6225409507751465,-1.5814851522445679,-1.527118444442749,0.0,1.0
292864,286,7,199.3601494559636,177.0,-0.005177677981555462,13.39847702383995,-0.48961594253778457,0.006394389287743251,0.0577880859375,0.7178469523787498,56.40407326221466,1.7535548210144043,7.5828142166137695,46.13914489746094,33.774757385253906,44.385589599609375,35.78247833251953,0.9495946834061442,1.0476953983306885,150.8574981689453,0.925,1.0,0.0,1.0,0.0,0.0,-0.03526977077126503,0.2516342103481293,0.0,0.18893635272979736,0.21192008256912231,0.24225054681301117,-1.6265603303909302,-1.5825862884521484,-1.524759292602539,0.0,1.0
293888,287,5,171.28034221439978,156.4,-0.0038370945025235415,8.004960632324218,-0.49145218282938,0.0033303207310382277,0.0337158203125,0.788463194668293,50.731429719924925,1.264180064201355,6.038011074066162,49.58395004272461,35.307464599609375,48.31977081298828,36.00806427001953,0.9707547877451234,1.504547357559204,152.7705841064453,0.9,1.0,0.0,1.0,0.0,0.0,-0.07842682301998138,0.24270480871200562,0.0,0.1872144192457199,0.21178285777568817,0.24451309442520142,-1.629885196685791,-1.5828804969787598,-1.5204919576644897,0.0,1.0
294912,288,6,175.89119733577374,169.33333333333334,-0.003272752766497433,10.475423055887223,-0.49327925220131874,0.003038545895833522,0.02763671875,0.7190238483250141,60.671948885917665,1.3899894952774048,6.9788408279418945,41.269630432128906,32.90737533569336,39.879642486572266,33.48581314086914,0.9550240788495801,1.1259896755218506,197.75868225097656,0.85,1.0,0.0,1.0,0.0,0.0,0.022261396050453186,0.266329824924469,0.0,0.18598294258117676,0.21123844385147095,0.24533379077911377,-1.6322643756866455,-1.5839511156082153,-1.5189452171325684,0.0,1.0
295936,289,6,223.23563669369085,187.33333333333334,-0.005070813931524754,4.496479332447052,-0.4997921116650105,0.0034488388322643005,0.0374755859375,0.859446570277214,41.13655489683151,1.4257540702819824,5.492044448852539,49.26726150512695,31.98147964477539,47.84150695800781,35.742279052734375,0.9705102547509376,1.5420910120010376,135.7571563720703,0.9,1.0,0.0,1.0,0.0,0.0,0.013650160282850266,0.2551496624946594,0.0,0.18416202068328857,0.20930986106395721,0.24435250461101532,-1.6357841491699219,-1.5876522064208984,-1.5207947492599487,0.0,1.0
296960,290,8,155.55946357236022,150.625,-0.004681447648908943,14.987368059158324,-0.5094907015562058,0.002171352227742318,0.0467041015625,0.689880657941103,67.42950921058655,-1.497485876083374,8.076765060424805,48.370338439941406,32.781314849853516,49.867828369140625,31.72650909423828,0.939295310710029,1.2508502006530762,185.74879455566406,0.85,1.0,0.0,1.0,0.0,0.0,-0.015990419313311577,0.2284419983625412,0.0,0.18264608085155487,0.20841671526432037,0.24260976910591125,-1.6387163400650024,-1.589338779449463,-1.5240814685821533,0.0,1.0
297984,291,6,161.2460412702916,150.16666666666666,-0.00486144230235368,15.976116380095482,-0.5076891958713532,0.007196795014897362,0.0747314453125,0.7579129032790661,69.14840278625488,1.0682401657104492,8.445215225219727,49.107330322265625,35.73331069946289,48.03908920288086,36.563045501708984,0.9441433510628352,1.406436562538147,171.67633056640625,0.775,1.0,0.0,1.0,0.0,0.0,-0.08654754608869553,0.23536215722560883,0.0,0.18150819838047028,0.20990417897701263,0.2455414980649948,-1.640918254852295,-1.586538314819336,-1.5185539722442627,0.0,1.0
299008,292,6,206.71272688089766,177.83333333333334,-0.003313368116505444,8.955249363183976,-0.5007990419864654,0.00478231646848144,0.0440673828125,0.738539420813322,49.46847758293152,0.6306389570236206,6.368920803070068,44.769126892089844,33.98960876464844,44.138492584228516,34.50952911376953,0.9648893116191042,1.1664355993270874,129.03335571289062,0.925,1.0,0.0,1.0,0.0,0.0,-0.0010597854852676392,0.2620488703250885,0.0,0.18157735466957092,0.21029263734817505,0.24478451907634735,-1.640784502029419,-1.5857683420181274,-1.5199804306030273,0.0,1.0
300032,293,7,170.14908710813458,145.85714285714286,-0.004035561886848882,3.857993575930595,-0.5010993763804436,0.006295680585026275,0.0501220703125,0.7921641252934932,46.46894121170044,0.2749038338661194,4.7862114906311035,57.3260498046875,29.245141983032227,57.051143646240234,29.18187713623047,0.9732159520148496,1.3998003005981445,152.5176239013672,0.925,1.0,0.0,1.0,0.0,0.0,-0.035716813057661057,0.24595598876476288,0.0,0.1817343831062317,0.21001656353473663,0.2435300648212433,-1.6404805183410645,-1.5862960815429688,-1.5223455429077148,0.0,1.0
301056,294,8,147.57135247644848,146.25,-0.0036605057073757054,11.085526403784751,-0.5030078604817391,0.005104945164930541,0.0463623046875,0.7169225849211216,49.72586717605591,-1.5865886211395264,6.8027729988098145,48.799861907958984,37.51353073120117,50.38645553588867,35.55123519897461,0.9671151321005893,1.370334267616272,113.54618072509766,0.825,1.0,0.0,1.0,0.0,0.0,0.00611777463927865,0.25223952531814575,0.0,0.1800050586462021,0.20964199304580688,0.2439436912536621,-1.6438285112380981,-1.5870131254196167,-1.5215654373168945,0.0,1.0
302080,295,5,171.61024519166412,142.0,-0.005384400096954778,8.516556537151336,-0.507290942966938,0.0035640793154016136,0.0362548828125,0.715808555483818,53.50725402832031,1.6164577007293701,6.4143967628479,44.80727005004883,38.55706787109375,43.19081115722656,39.918575286865234,0.9723239739808736,1.281554102897644,134.61007690429688,0.9,1.0,0.0,1.0,0.0,0.0,0.0064178649336099625,0.24215692281723022,0.0,0.17848879098892212,0.20827685296535492,0.2433503270149231,-1.6467655897140503,-1.5896519422531128,-1.5226844549179077,0.0,1.0
303104,296,6,190.9709874357476,165.16666666666666,-0.0032101475866511465,20.815114974975586,-0.5168448075652122,0.0027087553855380973,0.0306396484375,0.6676738418638706,43.00070369243622,1.4626398086547852,7.960494041442871,52.02033996582031,29.378705978393555,50.557701110839844,31.53226661682129,0.926579934018291,1.364621877670288,118.71244812011719,0.725,1.0,0.0,1.0,0.0,0.0,-0.03760048374533653,0.22562916576862335,0.0,0.17622940242290497,0.20659969747066498,0.24182359874248505,-1.6511452198028564,-1.5928622484207153,-1.5255650281906128,0.0,1.0
304128,297,6,228.7632896270956,198.0,-0.007152529747691006,11.330544131994248,-0.5231003165245056,0.00436285120958928,0.0501953125,0.586602721363306,70.16694633960724,4.853644371032715,6.523827075958252,39.310829162597656,39.087284088134766,34.457183837890625,42.85663604736328,0.972143032507559,1.2534016370773315,235.71751403808594,0.6,1.0,0.0,1.0,0.0,0.0,-0.06823741644620895,0.22707884013652802,0.0,0.17361554503440857,0.20612786710262299,0.24079647660255432,-1.6562161445617676,-1.5938020944595337,-1.5275042057037354,0.0,1.0
305152,298,7,184.87169398891774,162.0,-0.004096653941087425,15.078609824180603,-0.5202924877405166,0.006857736718666274,0.0429443359375,0.7626826152205467,61.76285462379455,-1.5658913850784302,8.11828899383545,45.0628776550293,34.256961822509766,46.62876892089844,35.426002502441406,0.943839453310166,1.4447931051254272,171.08460998535156,0.875,1.0,0.0,1.0,0.0,0.0,0.004746570717543364,0.23735617101192474,0.0,0.17523102462291718,0.20799978077411652,0.2422625869512558,-1.6530815362930298,-1.590212345123291,-1.5247366428375244,0.0,1.0
306176,299,5,144.24585977224606,156.4,-0.004160252446308732,7.471751672029495,-0.5117875948548317,0.003538506358745508,0.046337890625,0.6432462431490421,48.09555284976959,-0.3820628523826599,5.939205646514893,45.55451965332031,34.57513427734375,45.93657684326172,34.45174789428711,0.9704927341533256,1.0088562965393066,141.45391845703125,0.7,1.0,0.0,1.0,0.0,0.0,0.05030393600463867,0.23977024853229523,0.0,0.17516610026359558,0.20832671225070953,0.24219529330730438,-1.6532074213027954,-1.5895825624465942,-1.524863600730896,0.0,1.0
307200,300,5,214.95681349922498,204.4,-0.008828120975522324,15.506554758548736,-0.5101611852645874,0.00970622654131148,0.0851806640625,0.72359539270401,115.17018337249756,5.310462951660156,8.615206718444824,45.62620162963867,38.80066680908203,40.315738677978516,44.57405090332031,0.9506993049570929,1.1931967735290527,363.9373474121094,0.875,1.0,0.0,1.0,0.0,0.0,0.03236530348658562,0.2539592981338501,0.0,0.17579658329486847,0.20897828042507172,0.24294550716876984,-1.6519845724105835,-1.5883291959762573,-1.52344810962677,0.0,1.0
308224,301,6,210.89235503923828,185.66666666666666,-0.006033587921410799,7.09283938407898,-0.5059771925210953,0.007702162150235381,0.0611328125,0.7506701231002808,45.899320650100705,1.8890941143035889,5.751181125640869,48.4814567565918,27.155597686767578,46.59236145019531,27.846527099609375,0.955146602358055,1.3394663333892822,164.31784057617188,0.85,1.0,0.0,1.0,0.0,0.0,-0.006571118254214525,0.24155621230602264,0.0,0.1785077154636383,0.20980626344680786,0.24583223462104797,-1.6467289924621582,-1.5867209434509277,-1.5180060863494873,0.0,1.0
309248,302,7,177.95687478479633,151.14285714285714,-0.007025692262686789,5.828484210371971,-0.5049021184444428,0.006520368935889564,0.0533935546875,0.7217306658625603,34.81914663314819,0.4661208987236023,5.2660017013549805,51.86683654785156,30.908063888549805,51.40071105957031,30.629125595092773,0.9709719127518427,1.6375365257263184,94.95028686523438,0.85,1.0,0.0,1.0,0.0,0.0,-0.0691586285829544,0.22976040840148926,0.0,0.17769736051559448,0.20907193422317505,0.2452220469713211,-1.6482993364334106,-1.5881409645080566,-1.5191558599472046,0.0,1.0
310272,303,8,174.9136177205481,154.0,-0.005263923469465226,4.728900337219239,-0.5079611524939537,0.006556211353745312,0.0517822265625,0.7326415084302426,35.30802986621857,0.04035264253616333,4.776153564453125,49.82241439819336,29.30065155029297,49.78205871582031,28.638330459594727,0.9734293603450845,1.2908985614776611,104.84829711914062,0.825,1.0,0.0,1.0,0.0,0.0,-0.08335771411657333,0.24200697243213654,0.0,0.17679382860660553,0.2091551274061203,0.24497613310813904,-1.6500507593154907,-1.5879746675491333,-1.5196192264556885,0.0,1.0
311296,304,6,154.08056626749973,152.5,-0.004262442560866475,4.864936569333077,-0.5067589700222015,0.007551492829225026,0.069287109375,0.8469791777431965,31.34447491168976,0.4718673527240753,4.651834011077881,49.2187385559082,35.49306106567383,48.74687194824219,34.088706970214844,0.982822436396414,2.0052971839904785,81.69964599609375,0.9,1.0,0.0,1.0,0.0,0.0,-0.0454939566552639,0.2328270673751831,0.0,0.1757088601589203,0.20934228599071503,0.24660947918891907,-1.6521546840667725,-1.5876466035842896,-1.5165421962738037,0.0,1.0
312320,305,7,160.68600867055287,146.71428571428572,-0.0049871699651703235,10.758574825525283,-0.5044717818498612,0.0027143014332978053,0.0542236328125,0.772658746689558,50.67385320663452,-1.2161157131195068,6.641563415527344,49.297935485839844,32.73311996459961,50.51405334472656,32.06862258911133,0.9588314151349447,1.4338265657424927,134.07855224609375,0.875,1.0,0.0,1.0,0.0,0.0,-0.010826009325683117,0.2585901618003845,0.0,0.17717234790325165,0.20995478332042694,0.2468155324459076,-1.6493170261383057,-1.586490511894226,-1.5161542892456055,0.0,1.0
313344,306,8,173.68643093685495,152.75,-0.004487340612104163,10.0748406291008,-0.5028750032186509,0.0031804747486603446,0.030224609375,0.6996193356812,48.49889080524444,0.07259225845336914,6.4372711181640625,52.38105010986328,34.99537658691406,52.30845642089844,34.379493713378906,0.9661637513246394,1.2590844631195068,132.2069091796875,0.875,1.0,0.0,1.0,0.0,0.0,-0.06829933822154999,0.252415269613266,0.0,0.17985504865646362,0.20971684157848358,0.2453630566596985,-1.6441190242767334,-1.5869001150131226,-1.518890142440796,0.0,1.0
314368,307,6,185.79856887784328,153.5,-0.0075890684267506,5.2760176956653595,-0.5027893498539925,0.008496670034946873,0.0778076171875,0.8274469576776028,34.39219534397125,0.1550580859184265,4.88034200668335,53.13136672973633,29.88348388671875,52.9763069152832,30.675758361816406,0.9733290766870026,1.533247709274292,90.50621032714844,0.85,1.0,0.0,1.0,0.0,0.0,-0.028126351535320282,0.26535722613334656,0.0,0.18117086589336395,0.21037542819976807,0.24448151886463165,-1.641571283340454,-1.5856045484542847,-1.5205515623092651,0.0,1.0
315392,308,6,135.88667409626933,140.66666666666666,-0.006347087270114571,16.659724414348602,-0.5003588534891605,0.003584970378142316,0.0535400390625,0.6898257076740265,81.225749874115,-1.987471580505371,8.519763946533203,52.503273010253906,33.447566986083984,54.49074172973633,31.71634292602539,0.935117731702199,1.1152695417404175,259.0994567871094,0.85,1.0,0.0,1.0,0.0,0.0,0.05374479293823242,0.2452625185251236,0.0,0.181986466050148,0.21004848182201385,0.24201546609401703,-1.6399927139282227,-1.5862069129943848,-1.525202989578247,0.0,1.0
316416,309,6,201.47241806915227,158.66666666666666,-0.0065668051189277325,3.993588449805975,-0.49885962456464766,0.007658621936570853,0.064306640625,0.7705294661223888,47.60288028717041,1.2779762744903564,5.535242557525635,50.629920959472656,32.02000045776367,49.35194396972656,35.51937484741211,0.9701165570505752,1.1195971965789795,165.1130828857422,0.975,1.0,0.0,1.0,0.0,0.0,0.03787066414952278,0.26409685611724854,0.0,0.18350380659103394,0.21134436130523682,0.24387046694755554,-1.6370571851730347,-1.5837440490722656,-1.5217036008834839,0.0,1.0
317440,310,7,167.70022773374697,151.14285714285714,-0.004598794685443863,8.070200875401497,-0.4955066621303558,0.005047803759225644,0.044482421875,0.7259755574166775,50.9837785243988,1.443933129310608,6.172397136688232,50.550819396972656,37.7132453918457,49.10688781738281,39.030006408691406,0.9732132568970338,1.1669793128967285,158.45675659179688,0.875,1.0,0.0,1.0,0.0,0.0,0.034498732537031174,0.2825982868671417,0.0,0.18141219019889832,0.21037578582763672,0.2432100474834442,-1.6411041021347046,-1.5855852365493774,-1.522948980331421,0.0,1.0
318464,311,7,181.1110753271542,173.71428571428572,-0.004122131166514009,12.308301758766174,-0.5051702842116356,0.0027650538206216877,0.0449951171875,0.7306743256747723,53.17743258476257,-1.2211047410964966,6.803781509399414,46.81999206542969,35.717430114746094,48.04109573364258,34.322872161865234,0.9637138956641357,1.3628746271133423,127.57813262939453,0.85,1.0,0.0,1.0,0.0,0.0,0.0049983481876552105,0.29073745012283325,0.0,0.18201416730880737,0.2084406465291977,0.24037182331085205,-1.6399390697479248,-1.5892857313156128,-1.5283061265945435,0.0,1.0
319488,312,4,147.5465216193524,151.25,-0.0041840312536805865,11.258094847202301,-0.5122632786631585,0.004631435935152695,0.0433349609375,0.704146958142519,66.69230794906616,-1.4355926513671875,7.419188499450684,52.45991134643555,34.433563232421875,53.895503997802734,34.71613693237305,0.9535753214770245,1.1597553491592407,185.48194885253906,0.775,1.0,0.0,1.0,0.0,0.0,-0.06527514010667801,0.26001065969467163,0.0,0.18124446272850037,0.20843951404094696,0.24019746482372284,-1.641428828239441,-1.5892919301986694,-1.5286355018615723,0.0,1.0
320512,313,9,166.18462478023312,155.66666666666666,-0.005723783950088546,3.47149321436882,-0.509361381828785,0.003941038125776686,0.036279296875,0.742707246541977,29.94607594013214,-0.605876624584198,4.23049259185791,49.79045104980469,33.801124572753906,50.396324157714844,33.32149124145508,0.9843353927824257,1.2057212591171265,104.2689437866211,0.875,1.0,0.0,1.0,0.0,0.0,-0.052610740065574646,0.2678477168083191,0.0,0.1799292415380478,0.20915482938289642,0.2407737523317337,-1.6439752578735352,-1.5879135131835938,-1.5275471210479736,0.0,1.0
321536,314,7,166.93602821284532,142.28571428571428,-0.00539989770622924,4.807014578580857,-0.5058115467429161,0.004771149232692551,0.045556640625,0.7378883570432663,43.6033433675766,0.040256232023239136,5.477264404296875,52.993690490722656,31.918487548828125,52.95343017578125,32.872886657714844,0.9705528805881991,1.513121247291565,155.2273712158203,0.8,1.0,0.0,1.0,0.0,0.0,0.018644558265805244,0.23670844733715057,0.0,0.1791224628686905,0.20944182574748993,0.24340827763080597,-1.6455379724502563,-1.587420105934143,-1.5225751399993896,0.0,1.0
322560,315,6,179.5442743791807,150.5,-0.005346500652376562,5.117467123270035,-0.5055520996451378,0.00951435626775492,0.0740234375,0.8405295580625534,62.454726982116696,1.5597525835037231,5.512903213500977,44.78289794921875,29.09709930419922,43.223148345947266,31.25542640686035,0.9641027384339439,1.2755424976348877,218.3608856201172,1.0,1.0,0.0,1.0,0.0,0.0,-0.005870396271348,0.2609619200229645,0.0,0.1782068908214569,0.20939897000789642,0.24572522938251495,-1.6473119258880615,-1.5875086784362793,-1.5182077884674072,0.0,1.0
323584,316,7,166.44484847561733,154.71428571428572,-0.005495801707729698,4.614162522554397,-0.5048942625522613,0.002544494954054244,0.0523681640625,0.7135351806879043,33.00407354831695,1.112878680229187,4.453367233276367,49.31206512451172,31.76447296142578,48.199180603027344,31.480621337890625,0.9803440648839472,1.2704520225524902,104.52930450439453,0.9,1.0,0.0,1.0,0.0,0.0,0.02816312201321125,0.27950581908226013,0.0,0.17890220880508423,0.20976746082305908,0.24755293130874634,-1.6459646224975586,-1.5868430137634277,-1.514765977859497,0.0,1.0
324608,317,7,150.1125939780447,147.57142857142858,-0.005161328904796392,8.315118879079819,-0.5035285264253616,0.003978971633478068,0.057080078125,0.7733643718063832,45.99095010757446,-1.5916681289672852,5.876523017883301,45.53947448730469,37.355072021484375,47.131141662597656,35.66071319580078,0.9752519093129861,1.6744072437286377,113.43306732177734,0.9,1.0,0.0,1.0,0.0,0.0,0.024636507034301758,0.28782448172569275,0.0,0.1795170158147812,0.20991022884845734,0.24766208231449127,-1.6447737216949463,-1.5865548849105835,-1.514560580253601,0.0,1.0
325632,318,8,164.00607458054662,145.375,-0.004938715253956616,5.872920745611191,-0.5009210005402565,0.005122898501576855,0.0725830078125,0.8226435713469982,43.92788214683533,-0.4088607728481293,5.4088616371154785,54.24524688720703,35.813812255859375,54.65410614013672,35.847923278808594,0.9771907687845995,1.4517368078231812,132.57888793945312,0.925,1.0,0.0,1.0,0.0,0.0,0.00970462802797556,0.2809320092201233,0.0,0.18107327818870544,0.21064414083957672,0.2481478601694107,-1.6417601108551025,-1.585134506225586,-1.5136463642120361,0.0,1.0
326656,319,6,151.48191185058906,159.83333333333334,-0.007100639096461236,7.133187633752823,-0.4991881996393204,0.004828777427610476,0.0577392578125,0.79885967746377,51.64274334907532,-2.3429317474365234,5.186305999755859,41.37921142578125,37.07835006713867,43.722145080566406,35.8619270324707,0.9804351963946925,1.3724110126495361,138.80300903320312,0.85,1.0,0.0,1.0,0.0,0.0,0.09773260354995728,0.27231231331825256,0.0,0.1803297996520996,0.21029289066791534,0.24810583889484406,-1.6431996822357178,-1.585814118385315,-1.5137253999710083,0.0,1.0
327680,320,9,158.0702886176318,137.11111111111111,-0.005069737957092002,3.4174144588410855,-0.5033805564045906,0.003003082046052441,0.0343994140625,0.7852659694850445,31.902972757816315,0.682698130607605,4.649773597717285,47.01069641113281,32.5607795715332,46.32799530029297,34.64215850830078,0.9796073356394837,1.4367859363555908,94.03780364990234,0.95,1.0,0.0,1.0,0.0,0.0,0.0425226055085659,0.2560996413230896,0.0,0.17923064529895782,0.20917905867099762,0.24777846038341522,-1.645328402519226,-1.5879597663879395,-1.5143414735794067,0.0,1.0
328704,321,6,145.06554655974745,133.83333333333334,-0.004370446043321863,4.82832832634449,-0.5078692182898521,0.004511670846841298,0.0488525390625,0.663014704734087,45.76534068584442,-0.44459331035614014,5.141049861907959,47.95457077026367,32.61027145385742,48.399166107177734,32.92350387573242,0.975146086091085,1.3415167331695557,148.9038543701172,0.825,1.0,0.0,1.0,0.0,0.0,-0.012461232952773571,0.26628968119621277,0.0,0.18026165664196014,0.20912091434001923,0.2470310926437378,-1.643331527709961,-1.5880684852600098,-1.515748381614685,0.0,1.0
329728,322,7,151.87189360498203,130.28571428571428,-0.005627281579654664,20.102565056085588,-0.5102115929126739,0.005914001401106361,0.0700927734375,0.6350912533700466,87.68241591453553,-1.9598597288131714,9.36966609954834,52.78342819213867,32.928218841552734,54.7432861328125,32.93940353393555,0.9190323011570407,1.2592451572418213,272.08758544921875,0.675,1.0,0.0,1.0,0.0,0.0,-0.07416270673274994,0.25461432337760925,0.0,0.17634105682373047,0.2077702134847641,0.2459450662136078,-1.6509287357330322,-1.5906537771224976,-1.5177936553955078,0.0,1.0
330752,323,9,138.13562176083383,134.88888888888889,-0.005128747399430722,6.324996164441108,-0.5177585035562515,0.0073664579511387275,0.0599365234375,0.8116404362022877,45.773965907096866,-0.47632575035095215,5.593022346496582,40.56261444091797,38.17918014526367,41.038936614990234,38.793331146240234,0.9785394985972575,1.7447667121887207,152.7473602294922,0.975,1.0,0.0,1.0,0.0,0.0,0.036373693495988846,0.27236875891685486,0.0,0.17440646886825562,0.20712034404277802,0.24566292762756348,-1.6546812057495117,-1.5919080972671509,-1.5183250904083252,0.0,1.0
331776,324,6,145.7472281085918,132.66666666666666,-0.005474765284452588,4.810054767131805,-0.5167113587260246,0.005682788416743278,0.0489990234375,0.8145054958760738,49.0601007938385,-0.06033746898174286,5.481873512268066,50.35353469848633,32.790550231933594,50.41387176513672,34.079246520996094,0.9720513639395482,1.664249062538147,165.59144592285156,0.925,1.0,0.0,1.0,0.0,0.0,0.0497925840318203,0.2783562242984772,0.0,0.17448410391807556,0.20821940898895264,0.24726107716560364,-1.654530644416809,-1.5898469686508179,-1.5153154134750366,0.0,1.0
332800,325,7,173.19319419802687,147.42857142857142,-0.004105870705097913,6.594435024261474,-0.5124399274587631,0.005171225609956309,0.044873046875,0.7686759918928147,67.51966705322266,1.4886646270751953,6.683105945587158,41.89311218261719,33.3310546875,40.404449462890625,36.810489654541016,0.9597969892106714,1.2715206146240234,267.20379638671875,0.9,1.0,0.0,1.0,0.0,0.0,-0.059238046407699585,0.26120105385780334,0.0,0.17432789504528046,0.20795856416225433,0.24492384493350983,-1.6548336744308472,-1.590299129486084,-1.519717812538147,0.0,1.0
333824,326,8,170.5482759611219,145.0,-0.00578700409969315,5.795826241374016,-0.5156355917453765,0.00572872334450949,0.0635986328125,0.7915695428848266,30.783128476142885,-0.6694595813751221,4.90403938293457,48.826473236083984,32.0586051940918,49.495933532714844,31.605504989624023,0.9765998508307778,1.5716941356658936,79.65450286865234,0.875,1.0,0.0,1.0,0.0,0.0,-0.07053246349096298,0.2609005570411682,0.0,0.17150530219078064,0.20760078728199005,0.24445095658302307,-1.660313367843628,-1.5910135507583618,-1.5206091403961182,0.0,1.0
334848,327,9,145.50408096615834,141.88888888888889,-0.005698204541113227,12.894908374547958,-0.5191568195819855,0.002970584847207647,0.0544921875,0.694042231887579,49.05986547470093,-0.4814239740371704,7.50733757019043,41.217105865478516,29.386423110961914,41.69852828979492,30.422948837280273,0.9347352881920724,1.4201436042785645,114.27294921875,0.875,1.0,0.0,1.0,0.0,0.0,-0.052134763449430466,0.2754347324371338,0.0,0.1695147454738617,0.20645339787006378,0.24350659549236298,-1.6641809940338135,-1.5932387113571167,-1.5223897695541382,0.0,1.0
335872,328,6,117.85176018558163,118.16666666666667,-0.006237010983750224,6.785438185930252,-0.5243252351880073,0.0032374035436077975,0.0470458984375,0.7343314670026302,38.51762007474899,-0.6219254732131958,5.744745254516602,46.001853942871094,31.681529998779297,46.623779296875,31.991594314575195,0.9671201893164671,1.220109224319458,140.04168701171875,0.85,1.0,0.0,1.0,0.0,0.0,-0.03722691535949707,0.2662181854248047,0.0,0.1681583970785141,0.20614272356033325,0.24345044791698456,-1.6668177843093872,-1.593809962272644,-1.5224956274032593,0.0,1.0
336896,329,8,166.61360153780575,145.625,-0.0046126179862767454,3.3245024025440215,-0.525441113114357,0.003215789808018599,0.05458984375,0.7856913708150387,26.33125661611557,1.4264848232269287,4.454128742218018,46.304412841796875,30.52963638305664,44.8779296875,32.496089935302734,0.9787145794911296,1.6335115432739258,90.00292205810547,0.875,1.0,0.0,1.0,0.0,0.0,-0.054746802896261215,0.26579317450523376,0.0,0.16941922903060913,0.2059480994939804,0.2436005026102066,-1.664366602897644,-1.5941885709762573,-1.5222126245498657,0.0,1.0
337920,330,7,155.4678384690927,133.71428571428572,-0.005554063094314188,2.6497936971485614,-0.5276764243841171,0.004271729357424192,0.062451171875,0.8599718570709228,37.24084634780884,1.8159799575805664,3.844409465789795,45.33603286743164,28.748323440551758,43.520050048828125,30.920774459838867,0.982117252599824,1.7710422277450562,145.2872772216797,0.925,1.0,0.0,1.0,0.0,0.0,0.012475572526454926,0.27494242787361145,0.0,0.16783346235752106,0.2050282508134842,0.2411365807056427,-1.667449712753296,-1.5959343910217285,-1.5268619060516357,0.0,1.0
338944,331,7,159.84507489169863,139.71428571428572,-0.0047232865239493545,3.9252133309841155,-0.5308235347270965,0.004282256304577459,0.0412353515625,0.7502766162157058,30.34916183948517,0.6520412564277649,4.673910617828369,48.732017517089844,27.75409698486328,48.079978942871094,27.42683219909668,0.9716399813760831,1.5367047786712646,94.70643615722656,0.875,1.0,0.0,1.0,0.0,0.0,-0.06589541584253311,0.26240408420562744,0.0,0.1681337058544159,0.20524758100509644,0.24103328585624695,-1.6668658256530762,-1.5955020189285278,-1.5270570516586304,0.0,1.0
339968,332,8,155.27921406255595,146.875,-0.004404758219607174,3.208616442978382,-0.5301095351576806,0.004608358119730838,0.044287109375,0.7166267909109593,31.155621349811554,0.07242420315742493,4.441088676452637,44.255828857421875,29.307008743286133,44.18339920043945,28.8447322845459,0.9770366180596302,1.1695588827133179,102.16592407226562,0.8,1.0,0.0,1.0,0.0,0.0,0.001918518333695829,0.2705071270465851,0.0,0.16811679303646088,0.20488393306732178,0.23938356339931488,-1.6668987274169922,-1.5962027311325073,-1.5301731824874878,0.0,1.0
340992,333,7,142.9448670688736,139.28571428571428,-0.0060318629024550315,4.620111745595932,-0.5336001515388489,0.00366441289515933,0.0491455078125,0.7865384183824062,33.14115968942642,0.6213338971138,4.726084232330322,42.49599075317383,29.947586059570312,41.874656677246094,30.868789672851562,0.9750954149584932,1.1405571699142456,83.88287353515625,0.9,1.0,0.0,1.0,0.0,0.0,-0.1002393364906311,0.24584391713142395,0.0,0.16674333810806274,0.20445828139781952,0.23931743204593658,-1.669569969177246,-1.5970244407653809,-1.530298113822937,0.0,1.0
342016,334,6,162.07090337502277,133.33333333333334,-0.004713475750759244,5.297258812189102,-0.5343426540493965,0.0030974438224802723,0.0436279296875,0.7399457283318043,39.611890935897826,1.4802244901657104,5.0817365646362305,40.700157165527344,30.845172882080078,39.219932556152344,32.146759033203125,0.9728574967258111,1.5119197368621826,134.44833374023438,0.9,1.0,0.0,1.0,0.0,0.0,-0.13323341310024261,0.2512083351612091,0.0,0.16565562784671783,0.20445235073566437,0.2402222454547882,-1.6716864109039307,-1.5970600843429565,-1.5285886526107788,0.0,1.0
343040,335,8,147.48388152807354,150.0,-0.004758068051887676,5.2803051441907884,-0.5373742520809174,0.006471852889808361,0.0487060546875,0.7138098612427711,41.01029343605042,1.6410999298095703,4.7413740158081055,40.937835693359375,34.52456283569336,39.29673385620117,34.955284118652344,0.9811395462158218,1.11925208568573,107.77898406982422,0.875,1.0,0.0,1.0,0.0,0.0,-0.06988231837749481,0.2851606607437134,0.0,0.16332310438156128,0.2030932903289795,0.23886531591415405,-1.6762275695800781,-1.5996766090393066,-1.531152606010437,0.0,1.0
344064,336,5,179.07917911617065,158.6,-0.0056378822540864345,3.8482984378933907,-0.5442564412951469,0.004705021045811009,0.0546142578125,0.7954399876296521,44.10455846786499,1.3208131790161133,4.59694242477417,45.81849670410156,30.989830017089844,44.49768829345703,32.1731071472168,0.9779960917535868,1.167503833770752,142.11270141601562,0.95,1.0,0.0,1.0,0.0,0.0,-0.0031635568011552095,0.286993145942688,0.0,0.16364282369613647,0.2024722546339035,0.2354842573404312,-1.6756048202514648,-1.6008416414260864,-1.5375480651855469,0.0,1.0
345088,337,8,163.23162086149046,166.5,-0.004703061876352876,5.573463663458824,-0.5436686962842942,0.004221350629813969,0.0561767578125,0.718838582187891,33.12048804759979,0.24252566695213318,5.351738452911377,43.497642517089844,38.00151824951172,43.25511932373047,37.04541778564453,0.9801670247507736,1.2216076850891113,95.38799285888672,0.8,1.0,0.0,1.0,0.0,0.0,0.004748013336211443,0.29139280319213867,0.0,0.16312499344348907,0.20345039665699005,0.23488849401474,-1.6766133308410645,-1.5989640951156616,-1.538676142692566,0.0,1.0
346112,338,8,157.6856359760247,141.125,-0.006862153392285108,1.6884906157851218,-0.5387662962079048,0.004008696378150489,0.05302734375,0.8171715654432774,23.591529810428618,0.23290014266967773,3.353116035461426,48.75090026855469,35.37529754638672,48.51800537109375,35.75510787963867,0.9910154362525893,1.5856363773345947,77.39938354492188,0.925,1.0,0.0,1.0,0.0,0.0,-0.06957919150590897,0.2583690285682678,0.0,0.16393883526325226,0.20362161099910736,0.23368142545223236,-1.6750284433364868,-1.5985946655273438,-1.5409624576568604,0.0,1.0
347136,339,4,164.9520631730475,139.25,-0.0034039734513498844,7.442370623350143,-0.5386289700865745,0.002195576298981905,0.02744140625,0.752248004078865,52.09549164772034,1.1176424026489258,6.118758201599121,49.47547149658203,28.335725784301758,48.357826232910156,28.74589729309082,0.9533708065792631,1.167942762374878,168.52059936523438,0.95,1.0,0.0,1.0,0.0,0.0,0.010442140512168407,0.28246909379959106,0.0,0.16197635233402252,0.20377658307552338,0.23636884987354279,-1.6788510084152222,-1.5983519554138184,-1.5358738899230957,0.0,1.0
348160,340,7,178.4929681501871,171.71428571428572,-0.005419071798678487,8.910361874103547,-0.5360416248440742,0.006298229623644147,0.0541748046875,0.7403160788118839,54.57198436260224,-0.9268242716789246,6.617315292358398,45.306976318359375,35.228614807128906,46.233802795410156,34.49333953857422,0.9647164338201941,1.4072978496551514,152.5931396484375,0.85,1.0,0.0,1.0,0.0,0.0,0.04391208291053772,0.2640300691127777,0.0,0.16124100983142853,0.20467279851436615,0.23957227170467377,-1.6802839040756226,-1.5966719388961792,-1.5298166275024414,0.0,1.0
349184,341,7,142.62558753020022,147.14285714285714,-0.005593029456213117,5.353178708255291,-0.530930657684803,0.0037689773846068418,0.04228515625,0.7049990452826023,49.061400818824765,-0.12060528993606567,5.777763843536377,48.66556167602539,29.273696899414062,48.78616714477539,28.787954330444336,0.9610448951240015,1.424467921257019,144.193603515625,0.825,1.0,0.0,1.0,0.0,0.0,0.07019587606191635,0.2532464861869812,0.0,0.161213681101799,0.20549160242080688,0.24130283296108246,-1.6803371906280518,-1.595114827156067,-1.526548147201538,0.0,1.0
350208,342,8,163.24410028076971,154.25,-0.005217419588007033,3.9002468958497047,-0.528789447247982,0.003716911164519843,0.049462890625,0.7354040078818798,40.43220992088318,0.12986516952514648,4.735507965087891,47.78005599975586,36.17041778564453,47.65019226074219,36.10099792480469,0.9828594007454738,1.2633358240127563,128.7559356689453,0.875,1.0,0.0,1.0,0.0,0.0,0.10377329587936401,0.2856334447860718,0.0,0.16090700030326843,0.20527195930480957,0.24371230602264404,-1.6809349060058594,-1.5955690145492554,-1.5220017433166504,0.0,1.0
351232,343,7,162.9547231769334,157.85714285714286,-0.005130295973503962,10.032918721437454,-0.5314263656735421,0.0040691688991501,0.066015625,0.9130331747233867,56.52968516349792,-0.19159454107284546,6.881426811218262,37.551700592041016,35.76216125488281,37.74329376220703,35.74325180053711,0.9629737667913125,1.7052531242370605,137.72508239746094,0.975,1.0,0.0,1.0,0.0,0.0,0.10447138547897339,0.2953188717365265,0.0,0.16111840307712555,0.20478403568267822,0.24361854791641235,-1.6805229187011719,-1.5964980125427246,-1.5221786499023438,0.0,1.0
352256,344,5,169.9127897800169,151.6,-0.005351010186132044,3.766763485968113,-0.5328436210751534,0.004017121352080722,0.0510498046875,0.809113048762083,43.347682571411134,2.1768033504486084,4.634462833404541,47.40513229370117,30.69852066040039,45.228328704833984,33.17356491088867,0.9772089716094544,1.4619296789169312,158.8195343017578,0.975,1.0,0.0,1.0,0.0,0.0,0.02525603584945202,0.2719612121582031,0.0,0.16056816279888153,0.20480911433696747,0.2444949895143509,-1.6815953254699707,-1.5964616537094116,-1.5205261707305908,0.0,1.0
353280,345,8,175.72042701585855,155.875,-0.004702678672038019,9.117818528413773,-0.5350362211465836,0.005390070873545483,0.0530029296875,0.9910190388560295,69.85489480495453,2.0816614627838135,7.108090400695801,39.23122787475586,35.335384368896484,37.14957046508789,38.48769760131836,0.9595343715891937,1.8858420848846436,197.65892028808594,1.0,1.0,0.0,1.0,0.0,0.0,0.13536524772644043,0.2966401278972626,0.0,0.15856420993804932,0.2038591057062149,0.24482688307762146,-1.6855030059814453,-1.5983036756515503,-1.5199005603790283,0.0,1.0
354304,346,5,153.65646333895427,158.2,-0.004902039421722293,4.912396614253521,-0.5388967350125313,0.003384358096809592,0.0545654296875,0.7312129400670528,44.66500701904297,-0.8295460939407349,5.1241326332092285,49.41685104370117,31.985414505004883,50.24639129638672,31.31446075439453,0.9743352699805194,1.1972486972808838,152.89572143554688,0.875,1.0,0.0,1.0,0.0,0.0,-0.007297001779079437,0.29151812195777893,0.0,0.1567506045103073,0.20383037626743317,0.2464800477027893,-1.6890414953231812,-1.5984147787094116,-1.516785979270935,0.0,1.0
355328,347,7,171.79567381434703,154.42857142857142,-0.005454318592092023,8.156537640094758,-0.5379624977707863,0.004571273614419624,0.03515625,0.7719567187130452,65.81188824176789,2.6268463134765625,6.411987781524658,46.6651725769043,33.492759704589844,44.038326263427734,35.54431915283203,0.9633491940297368,1.2763621807098389,227.216552734375,0.95,1.0,0.0,1.0,0.0,0.0,-0.0007598006050102413,0.2926085889339447,0.0,0.15751470625400543,0.20390556752681732,0.24543417990207672,-1.6875503063201904,-1.598257064819336,-1.5187561511993408,0.0,1.0
356352,348,5,197.20553789556885,160.0,-0.004527745174709707,7.339974907040596,-0.5376517400145531,0.004754290115670301,0.0387451171875,0.7850142769515515,61.434952068328855,0.3367423415184021,6.565762519836426,51.62324905395508,30.216838836669922,51.28650665283203,30.89510726928711,0.9527858409874447,1.3284696340560913,211.7239532470703,0.925,1.0,0.0,1.0,0.0,0.0,0.04488999769091606,0.2780177593231201,0.0,0.15711157023906708,0.2039715200662613,0.2451203167438507,-1.6883370876312256,-1.5981134176254272,-1.5193475484848022,0.0,1.0
357376,349,7,171.43787467642917,143.57142857142858,-0.0056378527195192875,8.168000495433807,-0.5413398623466492,0.005428549520729575,0.0482177734375,0.8089122220873832,54.08926513195038,0.10818886756896973,6.353111743927002,50.34677505493164,28.663759231567383,50.238582611083984,29.22331428527832,0.9508745380002236,1.4954332113265991,150.6771697998047,0.95,1.0,0.0,1.0,0.0,0.0,0.04028075560927391,0.27392590045928955,0.0,0.15579235553741455,0.20255373418331146,0.2422650307416916,-1.690911889076233,-1.6008315086364746,-1.524731993675232,0.0,1.0
358400,350,7,171.6524058385769,165.85714285714286,-0.006208771944511682,3.4359888091683386,-0.5456761315464973,0.007413998911215458,0.058056640625,0.8381787180900574,27.989328861236572,0.8067011833190918,4.186018943786621,49.20330047607422,34.200260162353516,48.396602630615234,34.58637237548828,0.9850189055180899,1.5488367080688477,88.07270812988281,0.95,1.0,0.0,1.0,0.0,0.0,0.09815308451652527,0.29467713832855225,0.0,0.15539447963237762,0.20298732817173004,0.2429855614900589,-1.6916886568069458,-1.6000117063522339,-1.5233725309371948,0.0,1.0
359424,351,8,159.9502947125086,130.25,-0.005445614719064906,5.422914299368858,-0.5433406114578248,0.008027218662027736,0.0619873046875,0.8135814167559147,56.4913654088974,1.2280552387237549,5.8024702072143555,47.62465286254883,34.10055160522461,46.39659881591797,37.10871887207031,0.9710463680188708,1.3350450992584229,190.07655334472656,0.925,1.0,0.0,1.0,0.0,0.0,0.1275300532579422,0.26746004819869995,0.0,0.155534029006958,0.20268504321575165,0.2438231110572815,-1.6914162635803223,-1.6005988121032715,-1.5217928886413574,0.0,1.0
360448,352,8,175.72777816869262,152.375,-0.004445911245420575,14.477605441212654,-0.5428645744919777,0.005210084491409361,0.0347900390625,0.8155722536146641,72.95901367664337,-0.023982524871826172,8.742469787597656,47.218414306640625,33.98286437988281,47.24239730834961,35.669891357421875,0.9338167153603789,1.257250428199768,212.19036865234375,0.925,1.0,0.0,1.0,0.0,0.0,0.16555900871753693,0.27369487285614014,0.0,0.15649816393852234,0.20378397405147552,0.2455788105726242,-1.6895341873168945,-1.5984734296798706,-1.5184836387634277,0.0,1.0
361472,353,7,174.00480252305383,146.0,-0.0054331005667336285,7.414783242344856,-0.5392138510942459,0.0022363942189258523,0.039599609375,0.9076357178390027,61.960602688789365,1.5492929220199585,6.100264549255371,44.02928924560547,28.7122859954834,42.47999572753906,30.6711483001709,0.9548599739356355,1.5268642902374268,258.33917236328125,0.95,1.0,0.0,1.0,0.0,0.0,0.16125307977199554,0.30487334728240967,0.0,0.15588761866092682,0.20319803059101105,0.24301770329475403,-1.6907259225845337,-1.5996180772781372,-1.5233118534088135,0.0,1.0
362496,354,8,137.46175612287942,141.625,-0.006728712923359126,8.452589431405068,-0.543362383544445,0.00635087815899169,0.0658447265625,0.7037760116159916,44.31738421916962,-0.3200809061527252,6.250503063201904,44.034515380859375,34.81142807006836,44.35459899902344,34.5286750793457,0.9677606506334415,1.1276246309280396,113.69015502929688,0.9,1.0,0.0,1.0,0.0,0.0,0.09653464704751968,0.2776147723197937,0.0,0.1565735936164856,0.20285381376743317,0.24240580201148987,-1.6893869638442993,-1.6002426147460938,-1.5244662761688232,0.0,1.0
363520,355,6,158.88170207194688,138.66666666666666,-0.0041596795665100215,12.021294313669205,-0.5466730251908303,0.000977654328744393,0.0481689453125,0.8868661724030972,74.36233644485473,0.5498794317245483,7.73191499710083,50.10845947265625,30.980276107788086,49.5585823059082,31.038818359375,0.9377121075999253,1.4914158582687378,207.60646057128906,0.975,1.0,0.0,1.0,0.0,0.0,0.1146368756890297,0.2883945405483246,0.0,0.154498890042305,0.20170831680297852,0.24171702563762665,-1.6934375762939453,-1.6024621725082397,-1.5257662534713745,0.0,1.0
364544,356,7,183.0342456103926,158.57142857142858,-0.005066681443713606,6.559180718660355,-0.5531429767608642,0.007093215570785105,0.052783203125,0.861441844701767,47.68957192897797,0.8585937023162842,5.766748905181885,42.072296142578125,31.88846206665039,41.21369934082031,33.50873565673828,0.9672964432029215,1.509334683418274,166.30625915527344,0.925,1.0,0.0,1.0,0.0,0.0,0.14098064601421356,0.27972573041915894,0.0,0.15492333471775055,0.2009594887495041,0.24007587134838104,-1.6926085948944092,-1.6038659811019897,-1.5288652181625366,0.0,1.0
365568,357,9,139.162426601967,125.33333333333333,-0.0060703531955368815,5.552287492156029,-0.5548291206359863,0.0042946332789142614,0.0686279296875,0.8883303888142109,32.301430869102475,-0.9723630547523499,4.861788749694824,45.299739837646484,33.69417953491211,46.27210235595703,33.49208068847656,0.9791799147904013,1.5700600147247314,86.93608856201172,0.975,1.0,0.0,1.0,0.0,0.0,0.16721157729625702,0.27681636810302734,0.0,0.15661776065826416,0.20104281604290009,0.23985399305820465,-1.689300775527954,-1.6036744117736816,-1.5292843580245972,0.0,1.0
366592,358,6,146.13264099143072,128.0,-0.004319815788767301,4.8271257191896435,-0.557115875184536,0.004372841224540025,0.0429931640625,0.7970251321792603,29.255534076690672,-0.7601897120475769,4.858232021331787,52.46393585205078,26.4879207611084,53.22412872314453,25.984148025512695,0.9663596299671267,1.404947280883789,82.45816802978516,0.925,1.0,0.0,1.0,0.0,0.0,0.08239693939685822,0.25835639238357544,0.0,0.15665395557880402,0.19962619245052338,0.23821373283863068,-1.6892300844192505,-1.6063785552978516,-1.5323843955993652,0.0,1.0
367616,359,10,130.47882117835505,125.6,-0.005439941573422402,11.789755982160568,-0.5625943839550018,0.003896429315500427,0.051904296875,0.9222684234380722,60.338367748260495,-2.7603793144226074,7.070806503295898,46.80458068847656,35.4586067199707,49.56495666503906,34.389686584472656,0.9602355907722986,1.6605029106140137,143.3177032470703,1.0,1.0,0.0,1.0,0.0,0.0,0.11366049200296402,0.2723056972026825,0.0,0.15805330872535706,0.19978894293308258,0.23859331011772156,-1.6864995956420898,-1.6060547828674316,-1.5316667556762695,0.0,1.0
368640,360,8,138.09323626897395,124.375,-0.003883651684736833,7.735763415694237,-0.5634005978703499,0.0024310462205903603,0.0304931640625,0.8074451267719269,51.04686148166657,0.8547623157501221,6.054785251617432,41.55470275878906,33.01450729370117,40.69994354248047,34.74826431274414,0.9663652758480522,1.9016790390014648,151.32205200195312,0.9,1.0,0.0,1.0,0.0,0.0,0.13999585807323456,0.2665465474128723,0.0,0.15864665806293488,0.19885922968387604,0.2403227686882019,-1.6853420734405518,-1.6078730821609497,-1.5283987522125244,0.0,1.0
369664,361,7,149.62772788627885,127.57142857142857,-0.004829295002855361,3.937717545032501,-0.5697141543030739,0.007508558462723159,0.0628662109375,0.83836425319314,32.345088315010074,1.0434346199035645,4.667347431182861,43.792747497558594,30.95339584350586,42.74931335449219,33.67048263549805,0.9772634989430311,1.4905674457550049,99.97534942626953,0.95,1.0,0.0,1.0,0.0,0.0,0.1334693878889084,0.26109087467193604,0.0,0.15738432109355927,0.19786745309829712,0.24037353694438934,-1.6878048181533813,-1.6097846031188965,-1.5283029079437256,0.0,1.0
370688,362,7,140.33563193178676,131.0,-0.005695790739264339,10.776957136392593,-0.5731600105762482,0.008645605597121176,0.06494140625,0.8277014002203942,62.230163145065305,0.8267989158630371,7.467448711395264,40.00164794921875,31.00200080871582,39.17485046386719,32.3463020324707,0.9419816937469496,1.5658345222473145,194.70950317382812,0.85,1.0,0.0,1.0,0.0,0.0,0.11408454179763794,0.28424179553985596,0.0,0.15912947058677673,0.19786952435970306,0.239605113863945,-1.6844004392623901,-1.6097450256347656,-1.5297545194625854,0.0,1.0
371712,363,8,153.63445979801773,142.375,-0.006912256614305079,5.6229311406612394,-0.5694051533937454,0.006823886993515771,0.0606689453125,0.74332879409194,44.525519001483914,0.5118676424026489,5.709201335906982,40.65076446533203,31.551959991455078,40.13890075683594,32.421897888183594,0.967258541220199,1.1298424005508423,139.34059143066406,0.875,1.0,0.0,1.0,0.0,0.0,-0.0033077504485845566,0.27409496903419495,0.0,0.16002194583415985,0.19888681173324585,0.24056677520275116,-1.6826602220535278,-1.607810139656067,-1.527937889099121,0.0,1.0
372736,364,6,142.6825949177948,132.0,-0.004234060563612729,3.6601357772946357,-0.5632516130805015,0.0029458347606123427,0.0346923828125,0.7834508687257766,23.876769518852235,0.4543164372444153,4.261240005493164,45.694854736328125,32.6812629699707,45.240535736083984,33.31661605834961,0.9829990079081744,1.7215697765350342,66.82090759277344,0.875,1.0,0.0,1.0,0.0,0.0,0.05476104095578194,0.2536577582359314,0.0,0.16105873882770538,0.20000503957271576,0.2405795454978943,-1.6806391477584839,-1.6056455373764038,-1.5279138088226318,0.0,1.0
373760,365,7,177.91184869121304,147.14285714285714,-0.003352465247735381,7.819623836874962,-0.5607925206422806,0.006075400562258438,0.0431640625,0.7406983971595764,59.46338310241699,1.9789355993270874,6.708886623382568,43.330078125,29.984142303466797,41.35114288330078,33.14204788208008,0.9499369112490785,1.3455500602722168,195.10623168945312,0.9,1.0,0.0,1.0,0.0,0.0,0.03796200454235077,0.27352413535118103,0.0,0.15990033745765686,0.19961726665496826,0.2402772158384323,-1.6828973293304443,-1.6064128875732422,-1.52848482131958,0.0,1.0
374784,366,8,174.7659198344429,154.25,-0.005641142325475812,5.635410657525062,-0.561432558298111,0.008235421273275279,0.060009765625,0.8600966967642307,49.33100967407226,2.624788522720337,5.317127227783203,49.95647430419922,30.4608211517334,47.331687927246094,32.42658996582031,0.9695301082126994,1.401094675064087,170.95553588867188,0.975,1.0,0.0,1.0,0.0,0.0,0.09017882496118546,0.28810885548591614,0.0,0.16035442054271698,0.20026862621307373,0.2395816296339035,-1.6820120811462402,-1.605148196220398,-1.529798984527588,0.0,1.0
375808,367,8,183.8447298026057,157.375,-0.005857319768983871,15.217891705036163,-0.5583748757839203,0.004059936535486486,0.06943359375,0.7612472958862782,109.26577568054199,2.8686156272888184,8.450495719909668,42.97390365600586,29.374509811401367,40.105289459228516,31.428264617919922,0.9172395014656352,1.2694307565689087,324.0247802734375,0.875,1.0,0.0,1.0,0.0,0.0,0.10277745127677917,0.2787947356700897,0.0,0.16069284081459045,0.20020367205142975,0.23791685700416565,-1.6813523769378662,-1.6052145957946777,-1.5329456329345703,0.0,1.0
376832,368,7,134.96301306649647,129.57142857142858,-0.006195795116946101,12.799988001585007,-0.5571539923548698,0.004516121535561979,0.056396484375,0.6893073536455632,56.94262928962708,-2.0859742164611816,7.337809085845947,45.52050018310547,31.104549407958984,47.606475830078125,28.309782028198242,0.9443474624547531,1.0440129041671753,165.81422424316406,0.925,1.0,0.0,1.0,0.0,0.0,0.033652085810899734,0.2667296528816223,0.0,0.15916389226913452,0.20105718076229095,0.23915599286556244,-1.684333324432373,-1.6036313772201538,-1.5306031703948975,0.0,1.0
377856,369,7,132.49238842949757,119.57142857142857,-0.005584005999844521,7.07262145280838,-0.5556677356362343,0.004226087298593484,0.04609375,0.7624299250543117,63.87256510257721,1.3099852800369263,5.919094562530518,39.8293342590332,26.982126235961914,38.51934814453125,27.356826782226562,0.9518763864137982,1.3245033025741577,231.24427795410156,0.925,1.0,0.0,1.0,0.0,0.0,0.03481119126081467,0.27568545937538147,0.0,0.15736763179302216,0.2003021091222763,0.24047589302062988,-1.6878373622894287,-1.6051133871078491,-1.5281095504760742,0.0,1.0
378880,370,8,155.85021318261158,139.75,-0.005263826786540448,6.6697828561067585,-0.5605561897158623,0.003277245814388152,0.046630859375,0.8100110098719597,63.632759261131284,1.5228354930877686,6.296490669250488,41.442047119140625,32.09901809692383,39.919212341308594,34.987953186035156,0.9615218994115483,1.6572434902191162,215.59397888183594,0.9,1.0,0.0,1.0,0.0,0.0,-0.0889512374997139,0.2727132737636566,0.0,0.1571127474308014,0.1994352787733078,0.239944189786911,-1.6883347034454346,-1.6067708730697632,-1.5291138887405396,0.0,1.0
379904,371,7,161.04298451129876,142.28571428571428,-0.005821755318902433,9.71056689620018,-0.566965003311634,0.005119809063035064,0.0508056640625,0.8557275772094727,53.05474636554718,2.6241517066955566,6.843391418457031,43.77100372314453,29.854963302612305,41.1468505859375,32.19279098510742,0.9474576272879669,1.3503636121749878,163.01377868652344,0.975,1.0,0.0,1.0,0.0,0.0,-0.020871661603450775,0.29907864332199097,0.0,0.15465134382247925,0.19820968806743622,0.23785637319087982,-1.6931397914886475,-1.6091275215148926,-1.533060073852539,0.0,1.0
380928,372,7,150.4887718200843,132.42857142857142,-0.00463215159252286,8.319360464811325,-0.5765114322304725,0.003977288921305444,0.042041015625,0.8049275852739811,67.18391110897065,2.5755934715270996,6.129180908203125,43.21449661254883,34.111331939697266,40.6389045715332,34.47722244262695,0.9677145018692187,1.4604934453964233,253.7293243408203,0.975,1.0,0.0,1.0,0.0,0.0,0.06944767385721207,0.28492534160614014,0.0,0.1498337984085083,0.19603638350963593,0.23694635927677155,-1.7025549411773682,-1.6133627891540527,-1.5347812175750732,0.0,1.0
381952,373,7,203.76610142193232,170.71428571428572,-0.004472831467865035,2.8311513170599936,-0.5852345004677773,0.002729567095229868,0.0522705078125,0.8584113761782646,31.44906611442566,1.663728952407837,3.6692867279052734,47.52352523803711,28.02431297302246,45.85979461669922,28.276697158813477,0.9828567404150236,1.4452258348464966,102.25623321533203,0.975,1.0,0.0,1.0,0.0,0.0,-0.013012394309043884,0.31113553047180176,0.0,0.14938287436962128,0.1955501288175583,0.2355514019727707,-1.7034369707107544,-1.6142774820327759,-1.5374209880828857,0.0,1.0
382976,374,8,139.24240653265315,136.25,-0.005710371676832438,11.782164639234542,-0.5868796691298485,0.003095296245010104,0.052099609375,0.7891065269708634,51.9200041770935,-3.1046903133392334,6.472280025482178,45.56560516357422,33.08212661743164,48.670291900634766,31.00395965576172,0.9617238887600055,1.3846979141235352,177.60137939453125,0.95,1.0,0.0,1.0,0.0,0.0,0.08951520919799805,0.29108187556266785,0.0,0.14942821860313416,0.195321187376976,0.23431162536144257,-1.7033482789993286,-1.6146761178970337,-1.5397685766220093,0.0,1.0
384000,375,7,126.44095790368624,127.14285714285714,-0.004595619544852525,8.513090512156486,-0.5897462353110313,0.0031563955388264732,0.05205078125,0.9100092880427837,48.20778429508209,-0.3623887896537781,6.444109916687012,48.80679702758789,33.07758331298828,49.16918182373047,32.194732666015625,0.9620459349214614,1.8805913925170898,131.41827392578125,0.95,1.0,0.0,1.0,0.0,0.0,0.1687033772468567,0.29172006249427795,0.0,0.14801660180091858,0.19425509870052338,0.23339946568012238,-1.7061100006103516,-1.6167473793029785,-1.541496753692627,0.0,1.0
385024,376,7,177.40302793760176,159.28571428571428,-0.004178263270296157,11.121803432703018,-0.596595610678196,0.004903791219112464,0.0334716796875,0.9683845460414886,82.60276288986206,1.250898838043213,7.64385986328125,41.362709045410156,31.920257568359375,40.1118049621582,33.547603607177734,0.9426553819531625,1.8034394979476929,285.9633483886719,1.0,1.0,0.0,1.0,0.0,0.0,0.2149646133184433,0.3123747706413269,0.0,0.14905045926570892,0.1933114379644394,0.23005416989326477,-1.7040871381759644,-1.6185232400894165,-1.5478404760360718,0.0,1.0
386048,377,7,160.6940685243571,132.85714285714286,-0.006402736739255488,5.6439767152071,-0.6012108445167541,0.0023069143237080423,0.05908203125,0.9018457472324372,45.94516472816467,0.6366136074066162,5.747620582580566,39.411094665527344,28.867753982543945,38.77448272705078,31.22637939453125,0.9603584839498608,1.5826518535614014,133.15672302246094,1.0,1.0,0.0,1.0,0.0,0.0,0.09498266130685806,0.2871536910533905,0.0,0.14719516038894653,0.19229964911937714,0.23069560527801514,-1.7077175378799438,-1.6205095052719116,-1.5466233491897583,0.0,1.0
387072,378,9,124.82228404068223,123.0,-0.005535808298736811,6.430080741643906,-0.6076032146811485,0.0021254487815895117,0.0392578125,0.8118990816175937,35.640704441070554,-0.14800000190734863,5.598250865936279,43.69706344604492,32.330421447753906,43.845062255859375,33.09352111816406,0.9700165255668601,1.9156802892684937,110.04317474365234,0.95,1.0,0.0,1.0,0.0,0.0,0.004937311168760061,0.3072156012058258,0.0,0.1441381275653839,0.19137124717235565,0.23258286714553833,-1.7137036323547363,-1.6223422288894653,-1.5430443286895752,0.0,1.0
388096,379,10,130.6791842204014,121.4,-0.0047185469651594755,4.01802194416523,-0.6126340076327323,0.0052585714031010864,0.0359130859375,0.8983145885169506,40.100176978111264,-0.7200437784194946,4.353574275970459,42.37199783325195,33.462764739990234,43.092041015625,32.842918395996094,0.9830734587988846,1.4997568130493164,136.22052001953125,0.975,1.0,0.0,1.0,0.0,0.0,0.15207046270370483,0.3199315071105957,0.0,0.14122839272022247,0.19042915105819702,0.23210576176643372,-1.719406247138977,-1.6241868734359741,-1.5439488887786865,0.0,1.0
389120,380,5,149.26732559461712,132.6,-0.005519246752373874,4.867490889132023,-0.6156551629304886,0.004435382131487131,0.0476806640625,0.8568997032940388,45.63547830581665,1.2440708875656128,5.033724308013916,45.301475524902344,29.396738052368164,44.057403564453125,29.789295196533203,0.9706788768580455,1.6426599025726318,170.31492614746094,0.925,1.0,0.0,1.0,0.0,0.0,0.15536774694919586,0.29961541295051575,0.0,0.1423492729663849,0.19074797630310059,0.23251517117023468,-1.717208981513977,-1.6235722303390503,-1.5431725978851318,0.0,1.0
390144,381,6,194.0028104465193,155.66666666666666,-0.004592063755262643,10.934750232100487,-0.6141409158706665,0.006571097641426604,0.06064453125,0.942435072362423,57.22512514591217,0.8719540238380432,7.35636043548584,43.57075881958008,31.982982635498047,42.69880676269531,33.48018264770508,0.9470960581443213,1.533900260925293,130.091552734375,0.975,1.0,0.0,1.0,0.0,0.0,0.0803438127040863,0.3120894134044647,0.0,0.14183641970157623,0.19070053100585938,0.23385494947433472,-1.7182142734527588,-1.6236776113510132,-1.5406336784362793,0.0,1.0
391168,382,8,146.48124331224847,138.875,-0.004618539125658572,2.4021928414702414,-0.6155850559473037,0.00841292119876016,0.0596923828125,0.8163125775754452,24.23357411623001,1.1720842123031616,3.5767874717712402,44.41485595703125,29.169662475585938,43.24277114868164,30.321008682250977,0.9849643075728264,1.3872514963150024,74.05140686035156,0.9,1.0,0.0,1.0,0.0,0.0,-0.031756337732076645,0.2676820755004883,0.0,0.13981032371520996,0.19010597467422485,0.23468977212905884,-1.7221871614456177,-1.6248340606689453,-1.5390524864196777,0.0,1.0
392192,383,9,137.6441753443535,132.55555555555554,-0.006737639883067459,5.828925517201424,-0.6191695719957352,0.0070751269813627005,0.066064453125,0.8340962678194046,40.35994431972504,0.2992601692676544,5.637654781341553,37.68389129638672,30.119935989379883,37.38462829589844,30.332687377929688,0.9649660736260247,1.7207192182540894,121.10456848144531,0.875,1.0,0.0,1.0,0.0,0.0,0.1250266581773758,0.2899478077888489,0.0,0.14009590446949005,0.18968836963176727,0.2336890697479248,-1.7216269969940186,-1.625654697418213,-1.5409479141235352,0.0,1.0
393216,384,5,157.7344149385503,161.4,-0.005153533193515613,5.563111612200737,-0.6203816771507263,0.004518808466673363,0.05849609375,1.01366585791111,34.3396895647049,1.0512020587921143,5.143165111541748,38.509361267089844,33.606510162353516,37.45815658569336,33.9111328125,0.9765785330975115,2.0025291442871094,86.26051330566406,1.0,1.0,0.0,1.0,0.0,0.0,0.11276760697364807,0.3004642724990845,0.0,0.13960543274879456,0.18969769775867462,0.23342359066009521,-1.7225890159606934,-1.6256154775619507,-1.5414509773254395,0.0,1.0
394240,385,8,150.62121718856525,141.0,-0.005173131014453247,6.36649429500103,-0.6213752225041389,0.004517012169526424,0.0489990234375,0.9114750601351261,38.85924332141876,0.5624986886978149,5.734741687774658,46.14228820800781,34.52685546875,45.57978820800781,36.17660140991211,0.9724124155733044,1.5180753469467163,118.7081069946289,0.95,1.0,0.0,1.0,0.0,0.0,0.0276680588722229,0.3223629593849182,0.0,0.13873563706874847,0.18901927769184113,0.2327052503824234,-1.7242953777313232,-1.626918911933899,-1.5428123474121094,0.0,1.0
395264,386,9,169.4145272672665,146.11111111111111,-0.006888167577562854,9.299699878692627,-0.6277952834963798,0.0038462383308797143,0.055126953125,0.8773787170648575,55.17878201007843,2.6479544639587402,6.594967842102051,43.22465515136719,30.770954132080078,40.576698303222656,33.6660041809082,0.9540650282184614,1.3654074668884277,163.44692993164062,1.0,1.0,0.0,1.0,0.0,0.0,-0.013240060769021511,0.34042930603027344,0.0,0.13843710720539093,0.18749110400676727,0.2293318212032318,-1.7248810529708862,-1.6298609972000122,-1.5492115020751953,0.0,1.0
396288,387,7,146.42456430173772,132.85714285714286,-0.00440656237769872,2.936276948451996,-0.6329310566186905,0.002455107177956961,0.0344482421875,0.8446514539420604,35.267044472694394,0.7176775932312012,4.362115383148193,42.52702713012695,29.349023818969727,41.809349060058594,29.538101196289062,0.977909427900951,1.5313338041305542,125.77359008789062,0.925,1.0,0.0,1.0,0.0,0.0,0.02251937799155712,0.3212801218032837,0.0,0.1399899423122406,0.1876966506242752,0.22913360595703125,-1.7218348979949951,-1.6294326782226562,-1.5495878458023071,0.0,1.0
397312,388,6,134.43948669704346,147.0,-0.006180455139838159,7.607313811779022,-0.6332417473196983,0.005464947990549263,0.063232421875,0.8474556885659694,44.94966835975647,1.0049998760223389,5.996093273162842,37.478607177734375,31.860675811767578,36.473609924316406,31.149959564208984,0.9645817800111959,1.3126180171966553,121.64004516601562,0.95,1.0,0.0,1.0,0.0,0.0,0.07627768069505692,0.33157554268836975,0.0,0.1388157457113266,0.18697728216648102,0.2277182787656784,-1.7241381406784058,-1.6308127641677856,-1.5522758960723877,0.0,1.0
398336,389,7,154.0569946043523,146.71428571428572,-0.006641137637780048,7.640578007698059,-0.6360399037599563,0.0058104739990085365,0.0642333984375,0.8034377649426461,45.10688519477844,-0.8239860534667969,6.294813632965088,41.71690368652344,31.81538963317871,42.5408935546875,31.7584285736084,0.9608536504610129,1.4277015924453735,125.04740905761719,0.925,1.0,0.0,1.0,0.0,0.0,0.05279650166630745,0.31796687841415405,0.0,0.13906018435955048,0.1869826763868332,0.22799445688724518,-1.723658561706543,-1.6308013200759888,-1.5517511367797852,0.0,1.0
399360,390,10,125.10842934812572,125.6,-0.005097722308710218,4.342383973300457,-0.6349226117134095,0.005171590165991802,0.0560791015625,0.8666545048356056,38.83929946422577,-1.44212806224823,4.615603923797607,38.16810989379883,31.836898803710938,39.6102409362793,29.88595199584961,0.9789818009747893,1.360779047012329,115.19562530517578,0.975,1.0,0.0,1.0,0.0,0.0,-0.022273816168308258,0.3446062207221985,0.0,0.13770465552806854,0.18730318546295166,0.22895118594169617,-1.726318359375,-1.6302070617675781,-1.5499342679977417,0.0,1.0
400384,391,7,132.75610673687146,134.85714285714286,-0.004932682914659381,5.7800201117992405,-0.6343773826956749,0.006009710162470583,0.05859375,0.9624164134263993,37.45795180797577,-0.5941715240478516,5.272289752960205,41.01842498779297,34.90426254272461,41.61259078979492,34.558170318603516,0.9771838878099641,1.7346402406692505,94.71076202392578,1.0,1.0,0.0,1.0,0.0,0.0,-0.04507432505488396,0.3214395344257355,0.0,0.13688898086547852,0.18701183795928955,0.22806161642074585,-1.727919340133667,-1.6307721138000488,-1.5516235828399658,0.0,1.0
401408,392,8,144.05958927893283,130.75,-0.005544513900531456,4.6468680307269095,-0.6382280573248863,0.00484385913296137,0.0516845703125,0.859630648046732,55.56167063713074,2.7317934036254883,4.781936168670654,38.703819274902344,28.693191528320312,35.97202682495117,31.29605484008789,0.9722252672526653,1.2807972431182861,212.7730712890625,0.975,1.0,0.0,1.0,0.0,0.0,-0.10166949033737183,0.3097279369831085,0.0,0.1366889774799347,0.1859070211648941,0.22720175981521606,-1.7283120155334473,-1.6329001188278198,-1.5532572269439697,0.0,1.0
402432,393,7,147.39074386097488,139.85714285714286,-0.004374057945096865,2.496747386455536,-0.643258249759674,0.004161320242565126,0.0474365234375,0.9014852404594421,23.05764285326004,-1.1148755550384521,3.493776321411133,41.674957275390625,30.760746002197266,42.78983688354492,30.54245376586914,0.987099797883752,1.4570038318634033,71.81961822509766,1.0,1.0,0.0,1.0,0.0,0.0,-0.0018702857196331024,0.3168521821498871,0.0,0.13571693003177643,0.18551214039325714,0.22634080052375793,-1.7302204370498657,-1.6336613893508911,-1.5548934936523438,0.0,1.0
403456,394,7,122.74757627810597,121.28571428571429,-0.005409823020454496,3.0448469325900076,-0.6424107611179352,0.006884784944122657,0.0687744140625,0.9128221325576306,23.903293859958648,0.26681068539619446,3.851313829421997,47.05158996582031,30.63225555419922,46.7847785949707,30.79172706604004,0.984192621445676,1.4926488399505615,65.27070617675781,0.95,1.0,0.0,1.0,0.0,0.0,-0.019987186416983604,0.2898413836956024,0.0,0.13708388805389404,0.18616831302642822,0.22814293205738068,-1.7275367975234985,-1.6323992013931274,-1.551469087600708,0.0,1.0
404480,395,8,150.42123528925586,148.0,-0.006650659255683422,9.997819551825524,-0.6405179649591446,0.00304977258638246,0.0521484375,0.939608483761549,55.28568351268768,0.4449364244937897,6.9041361808776855,37.817893981933594,33.5208854675293,37.372955322265625,34.61261749267578,0.957578324863813,1.560333013534546,154.58409118652344,0.975,1.0,0.0,1.0,0.0,0.0,0.023296894505620003,0.3103710412979126,0.0,0.13822762668132782,0.18592427670955658,0.2285594642162323,-1.7252920866012573,-1.6328563690185547,-1.550678014755249,0.0,1.0
405504,396,6,146.71616813303663,140.83333333333334,-0.006519628525711596,3.094948263466358,-0.641918683052063,0.00780246990325395,0.064306640625,0.7987095490098,27.593425130844118,1.0334265232086182,3.7395787239074707,38.02784729003906,32.91181564331055,36.99441909790039,32.55040740966797,0.9870895403893105,1.3128563165664673,79.2678451538086,0.975,1.0,0.0,1.0,0.0,0.0,0.017284641042351723,0.28506022691726685,0.0,0.14002318680286407,0.1860351413488388,0.22670337557792664,-1.7217695713043213,-1.6326075792312622,-1.5542043447494507,0.0,1.0
406528,397,6,148.9762159030729,132.0,-0.006329510995419696,2.768104126304388,-0.6422453582286834,0.005940274818567559,0.049658203125,0.8397809505462647,27.01645256280899,0.7901183366775513,4.01613187789917,48.924827575683594,28.88840675354004,48.134708404541016,29.826143264770508,0.9806728076716151,1.4852858781814575,76.34198760986328,1.0,1.0,0.0,1.0,0.0,0.0,0.05376666784286499,0.3094552159309387,0.0,0.14128164947032928,0.18537668883800507,0.2243543565273285,-1.7193018198013306,-1.6338571310043335,-1.558671236038208,0.0,1.0
407552,398,10,151.53968588628737,141.3,-0.007571386912604794,12.357783281803131,-0.648559994995594,0.0036231329228030517,0.06494140625,0.8936484470963478,57.58478946685791,-1.1283109188079834,7.630961894989014,44.069122314453125,35.09635925292969,45.19743728637695,35.41152572631836,0.9527246873281954,1.8915011882781982,150.36676025390625,0.925,1.0,0.0,1.0,0.0,0.0,0.04985774680972099,0.30513080954551697,0.0,0.1415683776140213,0.183847114443779,0.2215857207775116,-1.7187397480010986,-1.636746883392334,-1.5639421939849854,0.0,1.0
408576,399,8,163.83993823743634,145.0,-0.0067378693958744405,6.689590862393379,-0.6544674664735795,0.00867561664490495,0.0728271484375,1.0022959962487221,72.73156037330628,2.5205225944519043,6.297697067260742,37.507171630859375,31.40113639831543,34.98664855957031,35.003509521484375,0.9597771537552745,1.891715407371521,242.00723266601562,0.925,1.0,0.0,1.0,0.0,0.0,0.033772170543670654,0.3434719741344452,0.0,0.14335046708583832,0.1838100701570511,0.22122561931610107,-1.7152469158172607,-1.636807918548584,-1.5646281242370605,0.0,1.0
409600,400,6,138.8602779609143,120.33333333333333,-0.0028495064820162953,6.870580124855041,-0.654758571088314,0.008071531519817654,0.0455078125,0.8618250109255314,70.58134384155274,3.3311214447021484,6.215304851531982,41.76499938964844,27.25074005126953,38.433876037597656,28.985597610473633,0.9479802507938224,1.5791494846343994,219.87673950195312,0.95,1.0,0.0,1.0,0.0,0.0,-0.014350805431604385,0.298866331577301,0.0,0.14382867515087128,0.18343113362789154,0.22046341001987457,-1.7143099308013916,-1.6375356912612915,-1.5660805702209473,0.0,1.0
410624,401,7,165.86543486778956,148.85714285714286,-0.007149104715790599,2.6512889698147775,-0.6544380873441696,0.0046634375350549815,0.0675537109375,0.8562724098563195,28.909600174427034,-0.03525850921869278,3.814194679260254,41.620243072509766,27.869632720947266,41.65549850463867,27.35460090637207,0.9812697639499539,1.2917183637619019,88.547607421875,0.975,1.0,0.0,1.0,0.0,0.0,-0.0011487305164337158,0.33141952753067017,0.0,0.14348752796649933,0.18404746055603027,0.22218848764896393,-1.7149783372879028,-1.6363614797592163,-1.5627940893173218,0.0,1.0
411648,402,8,133.65620283426932,147.625,-0.004344826174201444,6.90414322912693,-0.6504202470183372,0.004439721893868409,0.0625,0.9206910863518715,37.032404112815854,0.6062922477722168,5.600078582763672,39.27040100097656,36.53432083129883,38.66410827636719,36.23261642456055,0.9765044231669882,1.8065338134765625,95.02899169921875,0.975,1.0,0.0,1.0,0.0,0.0,-0.06175364926457405,0.3183453381061554,0.0,0.14263853430747986,0.18465399742126465,0.2240476757287979,-1.7166420221328735,-1.6352068185806274,-1.5592548847198486,0.0,1.0
412672,403,8,132.81041944715423,120.75,-0.004486806516069919,5.61238409280777,-0.6483666226267815,0.004482840065611527,0.0417724609375,0.7583243638277054,38.328831100463866,-1.381209135055542,5.2913498878479,48.40045166015625,32.36235046386719,49.78166198730469,30.670547485351562,0.973266684590317,1.332484245300293,108.51592254638672,0.875,1.0,0.0,1.0,0.0,0.0,-0.015672268345952034,0.25981757044792175,0.0,0.14406272768974304,0.18501168489456177,0.22188591957092285,-1.7138514518737793,-1.6345024108886719,-1.5633703470230103,0.0,1.0
413696,404,7,188.0108688440474,164.57142857142858,-0.005706017528427765,9.240724024176597,-0.6509012460708619,0.005837635463103652,0.0486328125,0.934742982685566,65.31012144088746,3.8386058807373047,6.10933256149292,37.629058837890625,33.41025924682617,33.79045104980469,34.2869987487793,0.9665629592613899,1.4523087739944458,198.04835510253906,1.0,1.0,0.0,1.0,0.0,0.0,0.027993297204375267,0.3359062969684601,0.0,0.14162065088748932,0.18302421271800995,0.22014352679252625,-1.718637228012085,-1.6383405923843384,-1.5666903257369995,0.0,1.0
414720,405,6,138.35920325971725,141.33333333333334,-0.005866094201337546,3.970303475856781,-0.6592140838503837,0.007058208553644363,0.066015625,0.8828997291624546,42.724794840812685,0.47286081314086914,4.561366081237793,39.25921630859375,31.1191349029541,38.786354064941406,30.452838897705078,0.978515026157873,1.6291155815124512,147.7891082763672,0.925,1.0,0.0,1.0,0.0,0.0,0.0024978083092719316,0.30312541127204895,0.0,0.1408744752407074,0.1830524355173111,0.22268587350845337,-1.7201001644134521,-1.6383260488510132,-1.5618469715118408,0.0,1.0
415744,406,6,165.72041009256824,141.66666666666666,-0.005730017583118752,2.25896342843771,-0.6601636797189713,0.004064346392988227,0.05771484375,0.9083577990531921,25.30119059085846,0.6106958985328674,3.671119451522827,43.68927001953125,30.05812644958496,43.078575134277344,30.464340209960938,0.9850832822259594,1.5866066217422485,70.1256332397461,0.975,1.0,0.0,1.0,0.0,0.0,-0.03324078395962715,0.27833688259124756,0.0,0.13892368972301483,0.1823003888130188,0.22360694408416748,-1.7239264249801636,-1.639787197113037,-1.560093641281128,0.0,1.0
416768,407,8,146.55580746796642,140.5,-0.006780519126914441,5.449039676785469,-0.6629355102777481,0.00414982443471672,0.04599609375,0.8078298337757588,38.760322189331056,-0.4372810125350952,5.155262470245361,44.694183349609375,31.433897018432617,45.13146209716797,31.95054817199707,0.9731029181139229,1.6703827381134033,102.56266021728516,0.925,1.0,0.0,1.0,0.0,0.0,0.013069123029708862,0.2795984447002411,0.0,0.13955678045749664,0.18238180875778198,0.22232244908809662,-1.722684383392334,-1.639609694480896,-1.562538981437683,0.0,1.0
417792,408,8,150.15988551984466,140.875,-0.004660851066000759,4.362045986950397,-0.663559065759182,0.0052750609582290055,0.0506103515625,0.9222869873046875,46.802668762207034,0.6515355110168457,5.314796447753906,43.79566192626953,36.844364166259766,43.144126892089844,37.619754791259766,0.9791919632543572,1.6090816259384155,164.9296875,1.0,1.0,0.0,1.0,0.0,0.0,-0.038050178438425064,0.31291529536247253,0.0,0.14032545685768127,0.18164952099323273,0.219452902674675,-1.7211768627166748,-1.6409894227981567,-1.5680068731307983,0.0,1.0
418816,409,7,166.7339709731776,149.14285714285714,-0.004373084101825952,2.2045300625264646,-0.6685869857668877,0.004501107790565584,0.033837890625,0.9297375604510307,23.265975630283357,1.0995410680770874,3.5138347148895264,47.3862419128418,29.46682357788086,46.28669738769531,30.478361129760742,0.9857801150439452,1.38865065574646,63.03828430175781,0.975,1.0,0.0,1.0,0.0,0.0,-0.04557260498404503,0.32403817772865295,0.0,0.14199014008045197,0.18073654174804688,0.21603575348854065,-1.7179129123687744,-1.6427422761917114,-1.5745271444320679,0.0,1.0
419840,410,8,145.15847081608808,128.75,-0.006176371933543123,3.6517257273197172,-0.6728098228573799,0.008224324815091676,0.0725341796875,0.8613059550523758,28.35728814601898,-0.48115384578704834,4.299116134643555,47.9180793762207,28.54157066345215,48.39923095703125,27.951749801635742,0.977311666797356,1.4736347198486328,91.11598205566406,0.975,1.0,0.0,1.0,0.0,0.0,-0.03013642132282257,0.2867259979248047,0.0,0.14126145839691162,0.18047265708446503,0.21505099534988403,-1.7193413972854614,-1.6432271003723145,-1.5764079093933105,0.0,1.0
420864,411,8,136.50157682474662,116.875,-0.004977163422154263,5.505304633080959,-0.6723146319389344,0.005783607983903494,0.0594970703125,0.8713513299822807,41.28956983089447,0.3158387839794159,5.7335734367370605,44.08186340332031,31.547605514526367,43.766021728515625,33.311649322509766,0.9669692888046497,1.877359390258789,136.159423828125,0.925,1.0,0.0,1.0,0.0,0.0,0.059154484421014786,0.2898637056350708,0.0,0.14129765331745148,0.18062840402126312,0.21393154561519623,-1.7192704677581787,-1.6429238319396973,-1.5785468816757202,0.0,1.0
421888,412,7,150.05209612951052,138.71428571428572,-0.005546741303987801,5.682096090912819,-0.6742223188281059,0.008421664622437675,0.0612060546875,0.9140301801264286,46.57182502746582,1.954856514930725,5.1092305183410645,42.686580657958984,29.88725471496582,40.73172378540039,31.294723510742188,0.9707760507913069,1.511569619178772,147.60049438476562,0.975,1.0,0.0,1.0,0.0,0.0,-0.009354658424854279,0.3231152296066284,0.0,0.1395474225282669,0.17980468273162842,0.21320047974586487,-1.7227027416229248,-1.644534945487976,-1.579944372177124,0.0,1.0
422912,413,7,174.85104906025444,142.85714285714286,-0.0061277544125914575,5.4919640749692915,-0.6784444883465767,0.0038977385178441183,0.0630615234375,0.874638956785202,37.72462365627289,0.5228363871574402,5.3018269538879395,44.04316711425781,28.87095832824707,43.52033233642578,29.435497283935547,0.9662768122178674,1.6388189792633057,122.03842163085938,0.9,1.0,0.0,1.0,0.0,0.0,-0.014494537375867367,0.32536396384239197,0.0,0.13677352666854858,0.1791272759437561,0.21305905282497406,-1.7281460762023926,-1.6458473205566406,-1.5802147388458252,0.0,1.0
423936,414,8,133.0116270797389,131.375,-0.006806325493380427,9.936720398068427,-0.6806911304593086,0.006779973111406434,0.05478515625,0.8876865483820439,69.0384548664093,0.8343518376350403,7.462404727935791,43.350608825683594,30.821430206298828,42.516258239746094,31.739477157592773,0.9413791563960276,1.5379384756088257,218.45616149902344,0.975,1.0,0.0,1.0,0.0,0.0,0.004335614386945963,0.33327943086624146,0.0,0.13774022459983826,0.17944395542144775,0.2137267291545868,-1.7262486219406128,-1.6452401876449585,-1.578938364982605,0.0,1.0
424960,415,7,165.09918300330474,139.85714285714286,-0.0040435534727294,8.04765352010727,-0.6796566426753998,0.0031017528875963763,0.0390625,0.8645163901150227,46.23653621673584,-0.7179739475250244,6.302785873413086,43.750274658203125,30.655529022216797,44.46824645996094,31.153474807739258,0.9577285198182783,1.2311736345291138,131.8735809326172,0.975,1.0,0.0,1.0,0.0,0.0,-0.001989747164770961,0.3051888942718506,0.0,0.13622674345970154,0.17888270318508148,0.21359769999980927,-1.7292194366455078,-1.6463332176208496,-1.5791850090026855,0.0,1.0
425984,416,9,140.62348283079174,129.77777777777777,-0.0032616139389574526,4.02477603405714,-0.6856975749135017,0.004042085481341928,0.022314453125,0.8224633261561394,33.53666050434113,1.2565503120422363,4.6036200523376465,41.814266204833984,31.11284065246582,40.557716369628906,33.3803825378418,0.9781062802904281,1.417436122894287,108.42411041259766,0.975,1.0,0.0,1.0,0.0,0.0,-0.09839854389429092,0.2809253931045532,0.0,0.13547353446483612,0.17752070724964142,0.21184119582176208,-1.7306984663009644,-1.6489835977554321,-1.5825437307357788,0.0,1.0
427008,417,8,157.26632273317705,136.0,-0.006501319026574493,3.4062431916594504,-0.6903300493955612,0.005163679686666001,0.08125,0.8782070606946946,25.078168153762817,-0.10127487778663635,4.379612922668457,41.61299133300781,30.30853843688965,41.714263916015625,31.129783630371094,0.9791194753206149,1.6022720336914062,83.82637023925781,0.95,1.0,0.0,1.0,0.0,0.0,-0.08203581720590591,0.2842916250228882,0.0,0.13418243825435638,0.17781633138656616,0.2124740332365036,-1.733234167098999,-1.648415207862854,-1.5813332796096802,0.0,1.0
428032,418,5,131.87701195665323,144.4,-0.0037206000299192963,2.0150759421288966,-0.6873504176735878,0.0036394514056155456,0.034375,0.8374839827418328,19.93763256072998,-0.22180235385894775,3.6164777278900146,50.051612854003906,32.133033752441406,50.273414611816406,32.828609466552734,0.9873331663673708,1.6291428804397583,57.89191818237305,1.0,1.0,0.0,1.0,0.0,0.0,0.013131644576787949,0.31600120663642883,0.0,0.1324535459280014,0.1781918853521347,0.215018630027771,-1.7366312742233276,-1.6477285623550415,-1.5764697790145874,0.0,1.0
429056,419,10,165.15365301098234,144.6,-0.0046957327052950856,4.534210753440857,-0.683329626917839,0.004091272884397768,0.041943359375,0.807804299890995,35.15120565891266,1.4574769735336304,4.738369941711426,46.437744140625,30.881277084350586,44.980262756347656,31.795339584350586,0.9764566958077816,1.2229093313217163,100.31314849853516,0.875,1.0,0.0,1.0,0.0,0.0,-0.019164113327860832,0.3235897719860077,8.138020833333333e-05,0.13230638206005096,0.17928074300289154,0.21446219086647034,-1.7369204759597778,-1.645626187324524,-1.5775327682495117,0.0,1.0
430080,420,6,161.35393301682407,133.33333333333334,-0.004790607065660879,3.22470633238554,-0.6808732241392136,0.005390542912937235,0.05263671875,1.031086865067482,28.48178608417511,2.0121090412139893,3.7361371517181396,47.695281982421875,27.148225784301758,45.68317413330078,28.090248107910156,0.9810607504428874,1.6825203895568848,83.83072662353516,0.975,1.0,0.0,1.0,0.0,0.0,0.015392865985631943,0.3312137722969055,0.0,0.1312817931175232,0.17879422008991241,0.2133171558380127,-1.7389345169067383,-1.6465646028518677,-1.579721212387085,0.0,1.0
431104,421,9,158.99705760720002,133.77777777777777,-0.004665643634507432,3.785853515565395,-0.6826402887701988,0.004546171952097211,0.0624267578125,0.9395884513854981,30.384535098075865,1.4791560173034668,4.243359088897705,43.97936248779297,31.21839141845703,42.500205993652344,31.784677505493164,0.9815244018271634,1.6167439222335815,104.6800765991211,0.925,1.0,0.0,1.0,0.0,0.0,-0.0872848629951477,0.2708621621131897,0.0,0.13266406953334808,0.17906497418880463,0.2141364961862564,-1.7362174987792969,-1.6460527181625366,-1.5781551599502563,0.0,1.0
432128,422,8,145.98740762794182,125.625,-0.0052670353092253205,5.68292827308178,-0.6800628542900086,0.007151901184988674,0.05400390625,0.7999208748340607,35.922605240345,1.2489687204360962,5.090481281280518,43.87636947631836,27.565439224243164,42.62739944458008,28.478361129760742,0.9658973741463535,1.2548636198043823,92.42756652832031,0.975,1.0,0.0,1.0,0.0,0.0,-0.0473746657371521,0.28033027052879333,0.0,0.13360749185085297,0.179486945271492,0.213041290640831,-1.7343637943267822,-1.6452139616012573,-1.5802485942840576,0.0,1.0
433152,423,8,138.54400453432112,142.0,-0.004101512598572299,11.206416648626327,-0.6793522134423255,0.004334764755913057,0.0577392578125,0.7966760143637657,59.91692769527435,-0.01521572470664978,7.3608598709106445,39.66470718383789,32.33306884765625,39.67992401123047,32.327110290527344,0.9481721358706482,1.2563164234161377,191.58779907226562,0.875,1.0,0.0,1.0,0.0,0.0,-0.03723665699362755,0.30255356431007385,8.138020833333333e-05,0.1345183104276657,0.17927305400371552,0.2150861769914627,-1.732574462890625,-1.6456336975097656,-1.576340675354004,0.0,1.0
434176,424,7,126.30230596103912,117.42857142857143,-0.00626138427760452,8.470160338282586,-0.6790135502815247,0.002395376784261316,0.0478515625,0.7873108498752117,47.30193977355957,-0.5348505973815918,6.301916122436523,45.413970947265625,27.850353240966797,45.948822021484375,26.54776954650879,0.9487983669408512,1.3106728792190552,138.52850341796875,0.9,1.0,0.0,1.0,0.0,0.0,-0.03541675582528114,0.25338873267173767,0.0,0.13719767332077026,0.17976169288158417,0.21568842232227325,-1.72731351852417,-1.644663691520691,-1.5751904249191284,0.0,1.0
435200,425,8,139.46354897985685,130.75,-0.006300512771122158,4.824556185305118,-0.6760857224464416,0.004708807334827725,0.0557861328125,0.8705932661890984,34.81135869026184,-0.05616116523742676,5.203567028045654,47.33082580566406,31.398191452026367,47.38698959350586,31.323570251464844,0.9725341485890671,1.3188230991363525,102.11756134033203,1.0,1.0,0.0,1.0,0.0,0.0,-0.0015896148979663849,0.25970709323883057,0.0,0.136579230427742,0.18026600778102875,0.21730320155620575,-1.7285274267196655,-1.6436854600906372,-1.5721075534820557,0.0,1.0
436224,426,8,166.6247430586731,134.125,-0.0041759590385481715,2.6436247013509275,-0.67489253282547,0.004152581155358348,0.04638671875,0.8986666440963745,25.313853335380553,1.8176467418670654,3.854572057723999,50.48998260498047,29.280567169189453,48.67233657836914,30.928129196166992,0.9826702067803629,1.9524993896484375,83.3384017944336,0.925,1.0,0.0,1.0,0.0,0.0,0.0052778818644583225,0.3061860501766205,0.0,0.13731974363327026,0.1800568550825119,0.21826927363872528,-1.7270739078521729,-1.6441072225570679,-1.5702643394470215,0.0,1.0
437248,427,7,164.0789553942472,135.14285714285714,-0.0050991081399843095,2.8258027702569963,-0.6766841843724251,0.004713799919409211,0.042578125,0.9175332963466645,27.613932847976685,1.025939702987671,4.059149265289307,45.481163024902344,27.423633575439453,44.455223083496094,29.580642700195312,0.9780911270570034,1.9719617366790771,102.10673522949219,0.975,1.0,0.0,1.0,0.0,0.0,0.05418209359049797,0.30343207716941833,0.0,0.1351996213197708,0.1796964854001999,0.22022321820259094,-1.7312363386154175,-1.6448224782943726,-1.5665383338928223,0.0,1.0
438272,428,7,146.45721318735383,137.85714285714286,-0.004892522259615362,5.092564606666565,-0.676814004778862,0.0035317213056259788,0.0458984375,0.8751790903508663,32.56242485046387,0.7073835134506226,5.058053493499756,46.272186279296875,29.108070373535156,45.56480407714844,28.84635353088379,0.9698046614929728,1.8269274234771729,104.31220245361328,0.95,1.0,0.0,1.0,0.0,0.0,0.0038592517375946045,0.3002156913280487,0.0,0.13328950107097626,0.18001298606395721,0.22275874018669128,-1.7349885702133179,-1.6442729234695435,-1.5617082118988037,0.0,1.0
439296,429,8,156.23857104167186,151.125,-0.005392788728931919,4.234597995877266,-0.6764355421066284,0.004240440948342439,0.06552734375,0.884114246815443,27.766805052757263,0.5091562867164612,4.609520435333252,41.80904006958008,34.739036560058594,41.29988098144531,34.29484558105469,0.9823933817556021,1.6954951286315918,72.43879699707031,0.975,1.0,0.0,1.0,0.0,0.0,-0.03038278967142105,0.3354836106300354,0.0,0.13285647332668304,0.17975999414920807,0.22466500103473663,-1.7358394861221313,-1.6447993516921997,-1.5580803155899048,0.0,1.0
440320,430,7,160.68488433151995,149.71428571428572,-0.0053119145333766936,4.291267284750939,-0.6778663009405136,0.004111243355146144,0.0427978515625,0.8886637143790722,49.64281787872314,1.4888650178909302,4.536634922027588,38.34856414794922,32.56211853027344,36.85969924926758,32.87809371948242,0.9805892462995613,1.3781110048294067,180.09268188476562,0.975,1.0,0.0,1.0,0.0,0.0,0.07003626972436905,0.31251999735832214,0.0,0.13266192376613617,0.17973129451274872,0.2250906229019165,-1.7362217903137207,-1.6448489427566528,-1.5572707653045654,0.0,1.0
441344,431,4,144.96207356767897,143.0,-0.006719847064232454,5.980294165015221,-0.6776235222816467,0.00517012076015817,0.0723876953125,0.8702056281268596,36.630800533294675,0.8943313360214233,5.083794116973877,41.277259826660156,30.600021362304688,40.38292694091797,29.50542449951172,0.972398514690439,1.5550973415374756,92.30946350097656,0.95,1.0,0.0,1.0,0.0,0.0,0.1250958889722824,0.2881200313568115,0.0,0.13300009071826935,0.17980468273162842,0.22490040957927704,-1.735557198524475,-1.6447033882141113,-1.5576324462890625,0.0,1.0
442368,432,6,169.7686918441146,169.33333333333334,-0.005067729821894318,4.527589936554432,-0.6738225072622299,0.006312597054056823,0.0576904296875,0.8676114164292812,34.77067396640778,1.420328140258789,4.930579662322998,45.397029876708984,37.05922317504883,43.97670364379883,36.22317886352539,0.9822987739801617,1.4437153339385986,122.79153442382812,0.925,1.0,0.0,1.0,0.0,0.0,0.09060125797986984,0.28640830516815186,0.0,0.13371281325817108,0.1813969612121582,0.22803209722042084,-1.734156847000122,-1.6416410207748413,-1.5516796112060547,0.0,1.0
443392,433,7,165.35830452219372,164.57142857142858,-0.0042063243337906895,8.209674879908562,-0.6675738573074341,0.0046460298675810915,0.0459716796875,0.9686459615826607,74.7610787153244,0.23959320783615112,7.217792510986328,41.41509246826172,36.1461296081543,41.17549514770508,36.6046142578125,0.9601264224259665,1.6355549097061157,237.04100036621094,1.0,1.0,0.0,1.0,0.0,0.0,0.13172100484371185,0.3204503655433655,0.0,0.1316167712211609,0.18110138177871704,0.23035390675067902,-1.7382760047912598,-1.6422686576843262,-1.547271728515625,0.0,1.0
444416,434,6,163.11067413278334,164.66666666666666,-0.005930432910099625,7.9835490614175795,-0.6707976341247559,0.0060316750154015605,0.07607421875,1.079744280129671,50.18195893764496,-2.0598576068878174,5.637332916259766,39.04193878173828,37.99900817871094,41.10179901123047,37.096031188964844,0.9779908699068608,1.7444177865982056,160.23509216308594,0.975,1.0,0.0,1.0,0.0,0.0,0.08212397247552872,0.34784457087516785,0.0,0.13086554408073425,0.18110616505146027,0.23062162101268768,-1.7397528886795044,-1.642276644706726,-1.5467637777328491,0.0,1.0
445440,435,9,145.68227203642923,147.22222222222223,-0.0068664632737636564,5.362146584689617,-0.6723243027925492,0.005959987232927233,0.053564453125,0.9124253913760185,49.104569387435916,0.3121615946292877,5.8723649978637695,43.53447341918945,37.179840087890625,43.222312927246094,38.432010650634766,0.9750534163213262,1.6932015419006348,150.2536163330078,0.95,1.0,0.0,1.0,0.0,0.0,0.09243693947792053,0.32982543110847473,0.0,0.12831348180770874,0.18010200560092926,0.22967250645160675,-1.74477219581604,-1.6442152261734009,-1.5485649108886719,0.0,1.0
446464,436,6,148.15864057865892,131.16666666666666,-0.007225729449419305,7.233167216181755,-0.6748636439442635,0.008641207995242439,0.0869140625,0.794755594432354,57.42185385227204,-1.3989644050598145,6.246579647064209,44.51381301879883,31.21598243713379,45.91277313232422,30.634231567382812,0.9599566329835317,1.3645461797714233,175.49240112304688,0.9,1.0,0.0,1.0,0.0,0.0,0.05544312670826912,0.30376431345939636,0.0,0.1253259778022766,0.18082500994205475,0.23308028280735016,-1.7506521940231323,-1.642914891242981,-1.5421016216278076,0.0,1.0
447488,437,6,166.11989463852217,149.66666666666666,-0.004353818570962176,2.7393971525132654,-0.6738067150115967,0.0048681556872907095,0.055712890625,0.9000053338706493,30.94028433561325,1.6408653259277344,3.8615739345550537,48.63001251220703,30.70804214477539,46.98914337158203,32.508235931396484,0.9841866299918949,1.4524717330932617,117.29723358154297,0.975,1.0,0.0,1.0,0.0,0.0,0.0387202687561512,0.3345429599285126,0.0,0.1259809136390686,0.17984271049499512,0.23284709453582764,-1.7493627071380615,-1.6448084115982056,-1.5425435304641724,0.0,1.0
448512,438,7,181.7885010689864,169.0,-0.004364962130784989,7.041235429048538,-0.6798704713582993,0.005355452887306456,0.0407958984375,0.8595106028020382,42.829989552497864,1.0755199193954468,5.959899425506592,35.175079345703125,31.99271583557129,34.09955596923828,33.221839904785156,0.9652963134578539,1.3353883028030396,112.84112548828125,0.95,1.0,0.0,1.0,0.0,0.0,0.07105138897895813,0.32022351026535034,0.0,0.12583987414836884,0.179117813706398,0.23180077970027924,-1.7496404647827148,-1.6461881399154663,-1.5445271730422974,0.0,1.0
449536,439,8,116.71740905529964,126.5,-0.009862683026585727,5.829786464571953,-0.68011594414711,0.009558260986523237,0.1006103515625,0.8689363479614258,45.225429606437686,-0.4958648085594177,5.826183795928955,38.41301727294922,34.749755859375,38.90888595581055,33.867977142333984,0.9718897438651121,1.3262883424758911,141.21405029296875,0.95,1.0,0.0,1.0,0.0,0.0,0.049424588680267334,0.2996630370616913,0.0,0.12580101191997528,0.17980645596981049,0.23341405391693115,-1.749716877937317,-1.6448745727539062,-1.5414690971374512,0.0,1.0
450560,440,8,145.65878100614225,134.375,-0.0055911088129505515,12.670754420757294,-0.6757912799715996,0.0038608213755651375,0.048291015625,0.7244229800999165,62.28277587890625,-1.3951106071472168,7.7512617111206055,45.53374481201172,32.586647033691406,46.928855895996094,32.83049011230469,0.94341967635918,1.2515779733657837,172.48162841796875,0.925,1.0,0.0,1.0,0.0,0.0,0.040640901774168015,0.3135847747325897,0.0,0.12662649154663086,0.18050837516784668,0.23330116271972656,-1.7480919361114502,-1.6434988975524902,-1.5416829586029053,0.0,1.0
451584,441,6,141.78627351196045,142.5,-0.0034546202630735936,5.412245881557465,-0.6737797617912292,0.004049913430935703,0.048681640625,0.89376500248909,48.17520275115967,1.6518745422363281,5.231801509857178,40.34883499145508,32.885501861572266,38.69696044921875,34.53498840332031,0.9746899176777944,1.7011934518814087,156.6706085205078,0.975,1.0,0.0,1.0,0.0,0.0,0.04771957919001579,0.30342215299606323,0.0,0.12798570096492767,0.1803893893957138,0.23124529421329498,-1.7454171180725098,-1.6436944007873535,-1.5455806255340576,0.0,1.0
452608,442,8,150.1731602247035,155.625,-0.006440297071821988,7.074523916840553,-0.6746800050139428,0.0044306715280981734,0.07216796875,0.8935427069664001,39.57617404460907,-0.4703676104545593,5.653369903564453,40.723243713378906,37.63565444946289,41.19361114501953,37.07603454589844,0.977436016244307,1.350884199142456,131.9546356201172,0.975,1.0,0.0,1.0,0.0,0.0,0.025713443756103516,0.33907225728034973,0.0,0.12701426446437836,0.1802646666765213,0.2300795018672943,-1.747328758239746,-1.6439223289489746,-1.5477924346923828,0.0,1.0
453632,443,7,157.64850397053047,131.42857142857142,-0.004422981000971049,7.706990301609039,-0.6757562652230262,0.003996710763021838,0.033935546875,1.0132808282971382,59.65222296714783,-0.0535312294960022,6.1593546867370605,41.577552795410156,29.903305053710938,41.63108444213867,31.53680419921875,0.9575740075911584,1.9304343461990356,178.10438537597656,1.0,1.0,0.0,1.0,0.0,0.0,0.07687755674123764,0.3442452549934387,0.0,0.12602783739566803,0.1799241304397583,0.2292584478855133,-1.7492704391479492,-1.6446036100387573,-1.5493508577346802,0.0,1.0
454656,444,8,146.1336676112162,137.5,-0.006141853303415701,5.215922249853611,-0.6765051320195198,0.007618060229287948,0.05888671875,0.8732184410095215,42.899148643016815,1.1564580202102661,5.788182258605957,47.26816940307617,33.03596496582031,46.11170959472656,35.01091766357422,0.9693019770843276,1.5747692584991455,134.21463012695312,1.0,1.0,0.0,1.0,0.0,0.0,0.006170193199068308,0.3245627284049988,0.0,0.12575958669185638,0.1804203987121582,0.23050816357135773,-1.7497984170913696,-1.643645167350769,-1.5469789505004883,0.0,1.0
455680,445,8,140.9063379865972,133.125,-0.0042947795824147764,6.413034522533417,-0.6715804859995842,0.0038602699220064095,0.0468017578125,0.7050960198044777,41.51617069244385,0.3941905200481415,5.322446823120117,39.366764068603516,30.04604721069336,38.972572326660156,30.168411254882812,0.9686203636858715,1.3984631299972534,113.9507827758789,0.925,1.0,0.0,1.0,0.0,0.0,0.042237285524606705,0.32083189487457275,0.0,0.1271345168352127,0.18122494220733643,0.2319255769252777,-1.7470921277999878,-1.6421102285385132,-1.544290542602539,0.0,1.0
456704,446,8,149.61243516511536,144.75,-0.005068918783217668,10.427978125214576,-0.6689000457525254,0.004355897374625784,0.0589599609375,0.8925393491983413,68.41415202617645,1.4815860986709595,6.738460063934326,41.65994644165039,35.33991622924805,40.17835998535156,36.79756164550781,0.9636428137926214,1.5321613550186157,245.9610595703125,0.95,1.0,0.0,1.0,0.0,0.0,0.05366098880767822,0.31922248005867004,0.0,0.12803122401237488,0.18147607147693634,0.23256966471672058,-1.7453275918960571,-1.641616940498352,-1.5430693626403809,0.0,1.0
457728,447,6,157.4413603873711,140.33333333333334,-0.00378723171306774,4.394074575603009,-0.6666665017604828,0.002697355656709988,0.0435302734375,0.9762822963297367,30.35510323047638,-0.151439368724823,4.758875370025635,50.09174346923828,29.45516014099121,50.24317932128906,28.223196029663086,0.9738972705007398,1.617495059967041,98.19783020019531,0.925,1.0,0.0,1.0,0.0,0.0,0.025193072855472565,0.3284659683704376,0.0,0.1284809708595276,0.18192018568515778,0.23327024281024933,-1.7444427013397217,-1.6407572031021118,-1.5417416095733643,0.0,1.0
458752,448,8,168.0870131384678,143.0,-0.005738318501971662,8.859023934602737,-0.6664554074406623,0.0030754146064282395,0.0385986328125,0.7881577417254448,48.133828735351564,-0.35145068168640137,6.5859599113464355,46.23545455932617,33.727569580078125,46.58690643310547,35.85171890258789,0.9618698776531915,1.413482427597046,155.7308349609375,1.0,1.0,0.0,1.0,0.0,0.0,0.07859332114458084,0.31034159660339355,0.0,0.12650693953037262,0.1814427226781845,0.23337143659591675,-1.7483272552490234,-1.6416956186294556,-1.541549801826477,0.0,1.0
459776,449,7,144.20764301416494,135.14285714285714,-0.004704729816876352,9.175950330495834,-0.6667194813489914,0.004258471402863506,0.0473388671875,0.836679308116436,52.89521780014038,-0.6716139316558838,6.71774959564209,47.139015197753906,30.065086364746094,47.81062698364258,29.292049407958984,0.9500744696347184,1.5630338191986084,160.5813446044922,0.975,1.0,0.0,1.0,0.0,0.0,0.04927411675453186,0.3611704111099243,0.0,0.12596040964126587,0.18237300217151642,0.2342109978199005,-1.7494031190872192,-1.6399224996566772,-1.539959192276001,0.0,1.0
460800,450,8,149.54798093889826,135.75,-0.008128013712121174,9.880575612187386,-0.6605136230587959,0.006185628712410107,0.0692626953125,0.8977787271142006,58.12103049755096,-0.2728040814399719,7.357644081115723,44.326255798339844,32.32794189453125,44.599063873291016,33.974124908447266,0.9482009949854934,1.6353908777236938,165.49468994140625,0.925,1.0,0.0,1.0,0.0,0.0,-0.03823979198932648,0.3176414668560028,0.0,0.1289244294166565,0.1829722374677658,0.23369303345680237,-1.743570327758789,-1.6387289762496948,-1.540940523147583,0.0,1.0
461824,451,6,144.8545812502149,145.0,-0.004585788038093596,6.15442586094141,-0.6632096245884895,0.0029619338980410247,0.0370849609375,0.8265202775597572,49.17251725196839,2.131411075592041,5.9254937171936035,34.11829376220703,32.3504753112793,31.986881256103516,35.288848876953125,0.9664503741575254,1.3213356733322144,179.15330505371094,1.0,1.0,0.0,1.0,0.0,0.0,0.01384358573704958,0.32834404706954956,0.0,0.12612077593803406,0.18131498992443085,0.23164385557174683,-1.7490874528884888,-1.6419345140457153,-1.5448247194290161,0.0,1.0
462848,452,7,153.5441983376929,156.85714285714286,-0.00533933931728825,7.4994834661483765,-0.6719825536012649,0.003918013625661842,0.049658203125,0.9705847874283791,57.7341067314148,1.3942151069641113,6.4992523193359375,36.80128860473633,33.78219223022461,35.407073974609375,34.97605514526367,0.9629872695609577,1.6157625913619995,172.420654296875,0.975,1.0,0.0,1.0,0.0,0.0,-0.054355863481760025,0.3538471460342407,0.0,0.12330999970436096,0.18038247525691986,0.23045557737350464,-1.754622459411621,-1.6437567472457886,-1.5470788478851318,0.0,1.0
463872,453,8,147.65800901083782,135.25,-0.003863083035685122,6.534448671340942,-0.6749672248959542,0.0035454280994599687,0.0414306640625,0.9613906480371952,41.97718210220337,0.3350587487220764,5.414021015167236,44.91851806640625,32.68391799926758,44.583457946777344,31.89015007019043,0.972560787196381,1.586529016494751,112.21116638183594,0.975,1.0,0.0,1.0,0.0,0.0,-0.06876052916049957,0.34090712666511536,0.0,0.12295909225940704,0.18037556111812592,0.2290617674589157,-1.755313754081726,-1.6437593698501587,-1.5497243404388428,0.0,1.0
464896,454,8,151.48639640083186,138.875,-0.004446389724034816,4.561047366261482,-0.6750932618975639,0.0057021522428840395,0.0486083984375,0.9321520633995533,32.906668519973756,1.7019208669662476,4.8184027671813965,38.71760559082031,29.158220291137695,37.01568603515625,30.323293685913086,0.972692360382645,1.4613935947418213,119.70503234863281,0.975,1.0,0.0,1.0,0.0,0.0,0.11019627004861832,0.334856778383255,0.0,0.12295656651258469,0.18001298606395721,0.22867131233215332,-1.7553186416625977,-1.644454836845398,-1.550465703010559,0.0,1.0
465920,455,9,131.3819114305436,131.44444444444446,-0.00581086971797049,7.937512660026551,-0.6802314594388008,0.004467115203442518,0.0482666015625,0.7981453172862529,44.581537580490114,-0.8180996179580688,5.882852554321289,38.8749885559082,31.37759780883789,39.69308853149414,29.534955978393555,0.9648490886890051,1.3082529306411743,125.22366333007812,0.9,1.0,0.0,1.0,0.0,0.0,0.07330920547246933,0.3276250660419464,0.0,0.12205710262060165,0.17862237989902496,0.22725291550159454,-1.7570909261703491,-1.6471432447433472,-1.5531599521636963,0.0,1.0
466944,456,4,135.80174561834812,139.25,-0.006467736070044338,7.743984487652779,-0.6840199306607246,0.005263528066279832,0.05849609375,0.9242900021374225,70.3355928182602,2.300933837890625,6.489136219024658,34.50094985961914,32.29234313964844,32.20001983642578,35.199459075927734,0.9596192278894372,1.8479249477386475,237.96803283691406,0.9,1.0,0.0,1.0,0.0,0.0,0.12439634650945663,0.34347066283226013,0.0,0.12529349327087402,0.1791159063577652,0.22827909886837006,-1.7507160902023315,-1.6461626291275024,-1.5512105226516724,0.0,1.0
467968,457,8,144.1402017819022,147.125,-0.0050449571805074814,4.6348917618393894,-0.6798444464802742,0.005263890961941797,0.0369873046875,0.9070130437612534,30.900634956359863,0.6084625720977783,4.798609733581543,41.49209976196289,33.57378005981445,40.883636474609375,33.65126037597656,0.9795717873547526,1.490983247756958,93.72681427001953,0.95,1.0,0.0,1.0,0.0,0.0,-0.03051278553903103,0.3276042342185974,0.0,0.12553633749485016,0.17968690395355225,0.22939170897006989,-1.7502379417419434,-1.6450668573379517,-1.5490978956222534,0.0,1.0
468992,458,9,137.76575587287073,131.33333333333334,-0.006573405093513429,4.398260726034641,-0.6797218084335327,0.005177163795451634,0.069921875,0.8607574425637722,35.06858859062195,-0.760750949382782,4.793808937072754,40.24912643432617,30.56838607788086,41.0098762512207,29.861841201782227,0.9754067202811477,1.333482027053833,108.59525299072266,0.925,1.0,0.0,1.0,0.0,0.0,-0.0003538057208061218,0.29829782247543335,0.0,0.1263531595468521,0.17911779880523682,0.2275291085243225,-1.7486300468444824,-1.646130084991455,-1.5526351928710938,0.0,1.0
470016,459,7,146.4177763180537,145.42857142857142,-0.00472884263144806,7.050464516878128,-0.6821690753102303,0.0029442933620885013,0.041259765625,0.9231692180037498,58.71428196430206,0.7266263961791992,6.533670425415039,32.586463928222656,32.68941879272461,31.85984230041504,33.7143669128418,0.9600515398093726,1.3465505838394165,199.26966857910156,0.975,1.0,0.0,1.0,0.0,0.0,0.09163671731948853,0.35420724749565125,0.0,0.1282084435224533,0.17883767187595367,0.22831828892230988,-1.744978904724121,-1.6466559171676636,-1.5511361360549927,0.0,1.0
471040,460,6,128.73410652049168,137.5,-0.006934936670586467,4.942878171801567,-0.6843579515814782,0.004373920324724168,0.065869140625,0.8930011875927448,34.822973573207854,0.6455309391021729,4.9774932861328125,38.90607452392578,33.331809997558594,38.26054382324219,33.94285583496094,0.9777000667558258,1.9124915599822998,102.01534271240234,0.975,1.0,0.0,1.0,0.0,0.0,0.03575901687145233,0.33194732666015625,0.0,0.12833693623542786,0.17843647301197052,0.22787711024284363,-1.7447260618209839,-1.647422194480896,-1.5519740581512451,0.0,1.0
472064,461,7,139.87194363905013,152.14285714285714,-0.007571789261419326,6.060881787538529,-0.6837193891406059,0.0072784902557032185,0.0706298828125,0.932930114120245,40.920454263687134,0.04875296354293823,5.620967864990234,33.760292053222656,36.39270782470703,33.71154022216797,36.768619537353516,0.9761442261685997,1.8547399044036865,106.73723602294922,0.975,1.0,0.0,1.0,0.0,0.0,0.13335810601711273,0.3474332392215729,0.0,0.12888048589229584,0.17920811474323273,0.22967234253883362,-1.7436567544937134,-1.645938754081726,-1.548565149307251,0.0,1.0
473088,462,8,145.40348499159467,142.75,-0.006189824815373867,7.985424560308457,-0.6790784001350403,0.005092792691721115,0.056005859375,0.9592045448720455,63.05015790462494,0.10827219486236572,6.28333044052124,37.80916213989258,32.72477722167969,37.700889587402344,33.76607131958008,0.9631339657090205,1.6174826622009277,199.5906219482422,0.95,1.0,0.0,1.0,0.0,0.0,0.13966487348079681,0.3652896285057068,8.138020833333333e-05,0.12712475657463074,0.18009620904922485,0.23333342373371124,-1.7471113204956055,-1.6442910432815552,-1.5416218042373657,0.0,1.0
474112,463,7,140.71438197980655,140.85714285714286,-0.004467837774427608,7.6227448135614395,-0.6792448222637176,0.004465950513258576,0.0466796875,0.8399386018514633,40.398249936103824,0.0768442451953888,6.116433620452881,42.75694274902344,33.44884490966797,42.68009948730469,33.1314811706543,0.9665624575016564,1.2329148054122925,119.56891632080078,0.925,1.0,0.0,1.0,0.0,0.0,0.0680280551314354,0.3580840826034546,0.0,0.12778010964393616,0.17878474295139313,0.23063991963863373,-1.7458217144012451,-1.646807312965393,-1.5467290878295898,0.0,1.0
475136,464,5,142.85287464964549,139.0,-0.007024227594956756,6.129111632704735,-0.6828410640358925,0.005974893309758045,0.0548095703125,0.9386263526976109,36.68311970233917,-0.8156650066375732,5.265279293060303,32.71599578857422,33.73578643798828,33.53166198730469,33.06266403198242,0.9756409064619239,1.6731170415878296,96.62504577636719,0.975,1.0,0.0,1.0,0.0,0.0,0.09062901884317398,0.3297639787197113,0.0,0.12891283631324768,0.17949624359607697,0.2309214174747467,-1.7435930967330933,-1.6453996896743774,-1.5461950302124023,0.0,1.0
476160,465,8,134.92332339080977,140.125,-0.004083814984187484,3.703297174721956,-0.6772067010402679,0.005160959289059974,0.0525634765625,0.9984499596059322,32.41612890958786,-0.2116089165210724,5.000551223754883,44.584800720214844,31.854490280151367,44.796409606933594,33.77204513549805,0.9753569533785151,1.8504101037979126,109.92499542236328,0.95,1.0,0.0,1.0,0.0,0.0,0.0796361044049263,0.345440536737442,0.0,0.12900371849536896,0.18000547587871552,0.2329203188419342,-1.7434144020080566,-1.6444627046585083,-1.5424046516418457,0.0,1.0
477184,466,7,147.8565603590374,140.0,-0.0050123624969273806,10.548777744174004,-0.6790972769260406,0.005065425572684035,0.0630126953125,0.9165331497788429,57.96821279525757,1.7940654754638672,6.915842533111572,41.05712890625,34.750858306884766,39.2630615234375,36.90461730957031,0.9603941633212285,1.511385440826416,162.35313415527344,1.0,1.0,0.0,1.0,0.0,0.0,0.06555948406457901,0.36713385581970215,0.0,0.12952005863189697,0.1791197657585144,0.23225586116313934,-1.742398738861084,-1.6461430788040161,-1.5436642169952393,0.0,1.0
478208,467,8,148.563968987466,154.0,-0.0044463865808211265,9.585927253961563,-0.6824733465909958,0.004582908972224686,0.0501953125,1.139312044531107,46.20119700431824,0.0005140304565429688,6.297070026397705,37.77742004394531,34.451866149902344,37.77690887451172,34.36537551879883,0.9665919210178419,1.9983950853347778,102.27755737304688,0.975,1.0,0.0,1.0,0.0,0.0,0.04876548424363136,0.4039953649044037,0.0003255208333333333,0.12984097003936768,0.17890213429927826,0.23091401159763336,-1.7417676448822021,-1.6465682983398438,-1.5462090969085693,0.0,1.0
479232,468,8,157.64544829645206,137.25,-0.006050524784950539,6.001797592639923,-0.683839064836502,0.01031721451872727,0.0822998046875,1.0410297073423862,55.46887435913086,2.3785107135772705,5.419822692871094,39.180267333984375,32.23860168457031,36.8017578125,34.89651107788086,0.9717370339869214,1.8147796392440796,197.3367156982422,0.975,1.0,0.0,1.0,0.0,0.0,-0.008937150239944458,0.3701319694519043,0.0,0.12853442132472992,0.17862720787525177,0.23109543323516846,-1.744337558746338,-1.6471139192581177,-1.5458648204803467,0.0,1.0
480256,469,7,164.98215399320605,140.85714285714286,-0.0065742385340854526,4.2720129385590555,-0.6864905536174775,0.007226459764933679,0.0618896484375,0.8464128389954567,44.81055356264115,2.1695966720581055,5.220080375671387,38.74291229248047,32.42300033569336,36.57331848144531,35.45456314086914,0.9740792267502456,1.353730320930481,168.99652099609375,0.975,1.0,0.0,1.0,0.0,0.0,-0.018058782443404198,0.3301962614059448,0.00016276041666666666,0.1278335601091385,0.17781351506710052,0.2310679852962494,-1.7457164525985718,-1.648697018623352,-1.5459169149398804,0.0,1.0
481280,470,7,145.1942465612473,136.14285714285714,-0.00516056006308645,2.6877929128706457,-0.6909454464912415,0.0035318746347911658,0.0539794921875,0.9511536292731761,25.34735461473465,1.0537731647491455,3.7401795387268066,44.11854553222656,27.201282501220703,43.06477355957031,27.313161849975586,0.981093717233726,1.6006358861923218,80.62613677978516,0.975,1.0,0.0,1.0,0.0,0.0,-0.04150823876261711,0.300839900970459,0.0,0.12793712317943573,0.1772366315126419,0.23013415932655334,-1.7455127239227295,-1.6498088836669922,-1.5476887226104736,0.0,1.0
482304,471,7,174.236428460631,158.57142857142858,-0.005217377981171012,7.63715546131134,-0.6947297096252442,0.0042789250306668695,0.0417724609375,0.827498122304678,77.52604081630707,4.507269382476807,5.5830864906311035,32.747535705566406,29.7885799407959,28.24026870727539,32.9346809387207,0.964872346846018,1.5383485555648804,265.04840087890625,0.95,1.0,0.0,1.0,0.0,0.0,0.11701957136392593,0.3499387502670288,0.000244140625,0.127626433968544,0.1764327436685562,0.22840531170368195,-1.746124029159546,-1.6513251066207886,-1.5509707927703857,0.0,1.0
483328,472,7,163.6923516916058,140.57142857142858,-0.006802720506675542,3.480079883337021,-0.7001536786556244,0.006207227487175259,0.0750732421875,0.959740585833788,41.98850493431091,2.6291584968566895,4.146464824676514,42.08736038208008,28.860057830810547,39.45820236206055,30.610137939453125,0.9793575363592781,1.9532499313354492,138.11843872070312,0.975,1.0,0.0,1.0,0.0,0.0,-0.03538688272237778,0.3189084529876709,0.0,0.1252390742301941,0.1752498298883438,0.2268093228340149,-1.7508232593536377,-1.6536260843276978,-1.5540030002593994,0.0,1.0
484352,473,6,160.80622816534796,155.33333333333334,-0.003943061933387071,4.98429546803236,-0.7062375366687774,0.002617696901143063,0.03642578125,0.8476546749472618,40.772628700733186,2.6833648681640625,4.748403072357178,44.3779296875,30.95979881286621,41.69456481933594,31.26816177368164,0.9764766660926548,1.303324818611145,121.25069427490234,0.95,1.0,0.0,1.0,0.0,0.0,0.03652423247694969,0.3610832393169403,0.0,0.12687383592128754,0.17463962733745575,0.2246473878622055,-1.7476050853729248,-1.6547776460647583,-1.5581138134002686,0.0,1.0
485376,474,8,164.16958438525444,144.125,-0.007360389875248075,7.9317377358675,-0.7080040693283081,0.007411594886798411,0.075830078125,0.9315359175205231,44.52795083522797,-0.5266150236129761,5.908197402954102,45.94281005859375,30.415016174316406,46.469425201416016,29.59764862060547,0.9622658995661396,1.4847112894058228,127.09373474121094,0.975,1.0,0.0,1.0,0.0,0.0,0.09686293452978134,0.3502630591392517,0.0,0.1271083652973175,0.17456841468811035,0.22399766743183136,-1.7471435070037842,-1.6548810005187988,-1.5593500137329102,0.0,1.0
486400,475,6,140.9252036214567,141.33333333333334,-0.0035446070542093366,5.520882856845856,-0.7079641371965408,0.005574204200820531,0.032861328125,0.9324239596724511,30.078003334999085,0.15933704376220703,5.028487682342529,38.486637115478516,31.832050323486328,38.327301025390625,32.00940704345703,0.9750456923829661,1.6130702495574951,78.5942611694336,0.975,1.0,0.0,1.0,0.0,0.0,-0.010793653316795826,0.34054917097091675,0.0,0.1284703016281128,0.17464935779571533,0.2228144407272339,-1.7444636821746826,-1.6546999216079712,-1.5616021156311035,0.0,1.0
487424,476,8,142.64071626198984,138.875,-0.005742717860266566,2.5275053471326827,-0.7067607671022416,0.004844402021262795,0.0568115234375,0.9316317915916443,21.708713173866272,1.0102717876434326,3.7516653537750244,40.72522735595703,32.36832046508789,39.71495819091797,32.64772033691406,0.9865659233925093,1.476345181465149,63.71392822265625,0.975,1.0,0.0,1.0,0.0,0.0,0.02735018916428089,0.33389896154403687,0.0,0.1275222897529602,0.1746734380722046,0.22173023223876953,-1.7463289499282837,-1.6546624898910522,-1.563666820526123,0.0,1.0
488448,477,7,129.78125486846938,135.42857142857142,-0.006353088992182165,7.410916955769062,-0.7122121095657349,0.010087820776971058,0.0982421875,0.8835230521857739,50.415893697738646,1.6731127500534058,6.518872261047363,37.88727951049805,34.70117950439453,36.214168548583984,35.921932220458984,0.9647096071655955,1.563475489616394,168.52410888671875,0.925,1.0,0.0,1.0,0.0,0.0,-0.006847527343779802,0.3545864224433899,0.0,0.1265098750591278,0.17260976135730743,0.2176906168460846,-1.748321533203125,-1.658614993095398,-1.5713683366775513,0.0,1.0
489472,478,6,163.5493248263872,151.83333333333334,-0.00554279379430227,5.827261498570442,-0.7177125826478005,0.006245499021315481,0.053515625,0.8291467078030109,55.780378794670106,1.4537630081176758,5.5620903968811035,42.270721435546875,33.47059631347656,40.81695556640625,34.18654251098633,0.9723847366363985,1.478712797164917,209.04689025878906,0.95,1.0,0.0,1.0,0.0,0.0,-0.03744368255138397,0.315935879945755,0.0,0.12624648213386536,0.17366303503513336,0.21944601833820343,-1.7488399744033813,-1.6566165685653687,-1.568019986152649,0.0,1.0
490496,479,9,142.32948804270487,141.77777777777777,-0.005583556194324046,25.58627486228943,-0.71331155449152,0.0048677572238375435,0.0621826171875,0.8195861235260964,87.46960701942444,-3.7741756439208984,9.579784393310547,41.66727828979492,32.677146911621094,45.44145202636719,30.220600128173828,0.9140544971458487,1.4772735834121704,200.91477966308594,0.975,1.0,0.0,1.0,0.0,0.0,-0.05841316655278206,0.2950417995452881,0.0,0.12585173547267914,0.17316925525665283,0.21970292925834656,-1.749617099761963,-1.657580018043518,-1.5675301551818848,0.0,1.0
491520,480,8,133.06472794612972,130.875,-0.0060947639285586774,3.9299407705664633,-0.7159616917371749,0.007184195351146627,0.0645263671875,0.8827417850494385,33.37344536781311,1.1746397018432617,4.45482873916626,39.558876037597656,28.626874923706055,38.38423538208008,29.237844467163086,0.975783347531536,1.393057942390442,113.48053741455078,0.975,1.0,0.0,1.0,0.0,0.0,-0.005566909909248352,0.34208208322525024,0.0,0.1263219565153122,0.17342914640903473,0.219541996717453,-1.748691439628601,-1.6570459604263306,-1.5678369998931885,0.0,1.0
492544,481,8,127.0235643762301,124.75,-0.006669254554435611,8.196987062692642,-0.717241433262825,0.003833961728378199,0.0672119140625,0.882769948989153,50.593417048454285,-1.212799072265625,6.254670143127441,47.536354064941406,32.731536865234375,48.74915313720703,30.76872444152832,0.963484605661924,1.5128453969955444,130.2210693359375,0.975,1.0,0.0,1.0,0.0,0.0,0.09033051133155823,0.3038005530834198,0.0,0.12570688128471375,0.17212159931659698,0.217143252491951,-1.7499022483825684,-1.6595619916915894,-1.5724128484725952,0.0,1.0
493568,482,7,159.09177357493536,154.85714285714286,-0.004427270765881985,9.03772458434105,-0.7250559836626053,0.005622901521564927,0.0482421875,1.0255916252732278,42.389349174499515,0.5974358916282654,6.2642998695373535,39.346221923828125,35.14729690551758,38.74878692626953,36.62575149536133,0.9682340961087175,1.9947010278701782,117.65831756591797,0.975,1.0,0.0,1.0,0.0,0.0,0.10139104723930359,0.3434324264526367,0.000244140625,0.12627895176410675,0.17109884321689606,0.21429958939552307,-1.7487760782241821,-1.6615338325500488,-1.5778435468673706,0.0,1.0
494592,483,7,141.12953572287432,137.42857142857142,-0.006307929498143494,7.121626788377762,-0.7302033707499505,0.0032420718503999523,0.0385009765625,0.9183694809675217,59.271190118789676,1.1471290588378906,6.074969291687012,37.620887756347656,34.78310012817383,36.47376251220703,37.31565856933594,0.9694963605988676,1.3906890153884888,176.16854858398438,1.0,1.0,0.0,1.0,0.0,0.0,0.09147701412439346,0.34073352813720703,0.0,0.12389178574085236,0.1702469140291214,0.21504059433937073,-1.7534765005111694,-1.6632143259048462,-1.5764278173446655,0.0,1.0
495616,484,7,155.4058773874199,146.28571428571428,-0.005047984689008444,6.832489469647408,-0.7338724955916405,0.004875696219096426,0.0550048828125,0.9676432922482491,65.99068014621734,1.1838109493255615,6.547239303588867,41.91480255126953,32.13146209716797,40.730987548828125,34.00062561035156,0.9584801779173578,1.8053715229034424,233.04385375976562,0.975,1.0,0.0,1.0,0.0,0.0,0.06459067016839981,0.3598693609237671,0.0,0.12524054944515228,0.17000313103199005,0.21129091084003448,-1.7508203983306885,-1.663636326789856,-1.5835964679718018,0.0,1.0
496640,485,6,167.4427969383141,161.0,-0.005271403695223853,7.541273894906044,-0.7361844405531883,0.003158997415448539,0.057666015625,0.933468160033226,50.23947751522064,-0.13838167488574982,6.582406520843506,35.917388916015625,31.802446365356445,36.05577087402344,33.19514465332031,0.9571601123153961,1.5065760612487793,159.33367919921875,0.975,1.0,0.0,1.0,0.0,0.0,0.02066575177013874,0.3177553713321686,8.138020833333333e-05,0.12346883118152618,0.16899597644805908,0.21017611026763916,-1.7543095350265503,-1.6655840873718262,-1.5857298374176025,0.0,1.0
497664,486,8,138.97566923834347,144.75,-0.00474140250007622,7.9548142328858376,-0.7424554005265236,0.006229463807540014,0.0872314453125,1.1819350190460682,44.86850640773773,0.7459210753440857,6.656130313873291,38.5286979675293,32.966209411621094,37.78277587890625,34.38673400878906,0.9592333076071197,2.4011919498443604,128.7833709716797,0.975,1.0,0.0,1.0,0.0,0.0,0.19527989625930786,0.30519214272499084,0.0,0.12326762080192566,0.16825079917907715,0.2084037810564041,-1.7547059059143066,-1.6670392751693726,-1.5891237258911133,0.0,1.0
498688,487,6,160.14416073006814,139.33333333333334,-0.006141662847949192,5.294993562996387,-0.7461158022284508,0.005291048411163501,0.0665283203125,1.0611180037260055,62.418180918693544,3.442700147628784,4.885066509246826,37.89571762084961,30.997108459472656,34.45301818847656,32.93086242675781,0.9751630253739166,1.9381259679794312,215.96656799316406,1.0,1.0,0.0,1.0,0.0,0.0,-0.046180885285139084,0.34959179162979126,0.0,0.12139105796813965,0.16751332581043243,0.20744164288043976,-1.7584034204483032,-1.6684759855270386,-1.5909671783447266,0.0,1.0
499712,488,7,153.1038359112111,153.57142857142858,-0.007723008398897946,4.401624095439911,-0.749546904861927,0.0074258641587221065,0.0735595703125,0.8861032471060752,36.155419540405276,1.7569128274917603,4.826545715332031,45.06614303588867,30.696781158447266,43.309234619140625,29.78426742553711,0.9752777981265806,1.6568632125854492,103.5639419555664,0.975,1.0,0.0,1.0,0.0,0.0,0.014216865412890911,0.3135510981082916,0.0,0.1184433251619339,0.16748060286045074,0.20854409039020538,-1.7642148733139038,-1.6685700416564941,-1.5888549089431763,0.0,1.0
500736,489,7,174.74769571876544,141.71428571428572,-0.003124742762884125,2.9061688631772995,-0.7485998079180718,0.004174029226123821,0.028076171875,0.9684867516160012,26.81034986972809,0.613486647605896,4.101548671722412,43.919132232666016,31.886137008666992,43.30564498901367,33.07859802246094,0.9834540431824451,1.7777163982391357,84.70731353759766,1.0,1.0,0.0,1.0,0.0,0.0,0.15988554060459137,0.2837417721748352,0.0,0.11762859672307968,0.1673176884651184,0.20891901850700378,-1.765821933746338,-1.6689014434814453,-1.5881367921829224,0.0,1.0
501760,490,6,152.91213104767778,142.16666666666666,-0.0058065348188392815,3.981217773258686,-0.7488731145858765,0.004258662859501783,0.0452880859375,0.9988686181604862,33.29718430042267,0.5068395137786865,4.683478355407715,42.12483215332031,30.502222061157227,41.61799240112305,30.32703399658203,0.9764237850816988,1.8253545761108398,87.83902740478516,0.975,1.0,0.0,1.0,0.0,0.0,0.1392582803964615,0.3545663356781006,8.138020833333333e-05,0.1202702596783638,0.1678791642189026,0.2075478434562683,-1.7606126070022583,-1.667784571647644,-1.5907635688781738,0.0,1.0
502784,491,9,136.59410760748767,138.88888888888889,-0.005643728241557256,10.986604160070419,-0.7429654106497765,0.0025302502122940495,0.06044921875,0.9093574799597264,67.84280240535736,-1.2580112218856812,7.35499906539917,40.209327697753906,33.205448150634766,41.46733856201172,33.02736282348633,0.9509378575036729,1.5316424369812012,189.47549438476562,0.925,1.0,0.0,1.0,0.0,0.0,-0.029993154108524323,0.34960681200027466,0.0,0.12290839105844498,0.16910052299499512,0.2079453468322754,-1.75541353225708,-1.6653858423233032,-1.5900019407272339,0.0,1.0
503808,492,9,117.265415185001,135.33333333333334,-0.0052599745918996636,6.836188966035843,-0.7351666480302811,0.006275294983061031,0.0639404296875,0.8677063718438148,43.27091295719147,-1.3395991325378418,5.619067192077637,35.47882843017578,34.43544387817383,36.81842803955078,32.575355529785156,0.9733733122603504,1.4773224592208862,117.91986846923828,0.95,1.0,0.0,1.0,0.0,0.0,0.0026087563019245863,0.32978329062461853,0.0,0.122735396027565,0.17073333263397217,0.2109089344739914,-1.7557544708251953,-1.6622499227523804,-1.5843273401260376,0.0,1.0
504832,493,5,139.46275943638824,143.0,-0.005497721827123314,4.4510491892695425,-0.7290849447250366,0.0065835502682602964,0.0630859375,0.9992179334163666,52.023313307762145,2.9835355281829834,4.605125904083252,32.68330764770508,32.08172607421875,29.699771881103516,34.53170394897461,0.9793952358927562,1.8371059894561768,196.9384765625,0.975,1.0,0.0,1.0,0.0,0.0,0.02049909718334675,0.3179945945739746,0.0,0.12379463016986847,0.1706567406654358,0.20994281768798828,-1.7536678314208984,-1.6623560190200806,-1.5861763954162598,0.0,1.0
505856,494,7,185.71936927511666,166.57142857142858,-0.005796196660958231,14.25955959558487,-0.7306501284241677,0.004671427460561972,0.0687255859375,0.9933398008346558,91.75394492149353,1.866551160812378,9.079238891601562,40.698585510253906,36.86088562011719,38.832035064697266,40.155704498291016,0.939330919194535,1.586599349975586,259.0904846191406,1.0,1.0,0.0,1.0,0.0,0.0,0.08859366178512573,0.29573461413383484,0.0,0.12499001622200012,0.17054247856140137,0.20888741314411163,-1.7513136863708496,-1.6625596284866333,-1.5881973505020142,0.0,1.0
506880,495,6,138.9278664233749,140.0,-0.005357599182752892,10.978021743893624,-0.7310077399015427,0.005806608154671267,0.0619140625,0.7756654031574726,79.31936159133912,-1.566263198852539,7.690202236175537,41.761505126953125,32.06764221191406,43.3277702331543,32.53587341308594,0.9424902538982933,1.221330165863037,208.09432983398438,0.925,1.0,0.0,1.0,0.0,0.0,0.09204506874084473,0.31984230875968933,0.0,0.12307608872652054,0.17045187950134277,0.21320904791355133,-1.7550832033157349,-1.6627998352050781,-1.579927921295166,0.0,1.0
507904,496,8,143.22542944960873,143.125,-0.006286826613359153,3.6235067665576937,-0.7355211287736892,0.008505379864072894,0.0720947265625,0.9715184226632119,36.94026441574097,-0.03419391065835953,4.564266204833984,40.52238082885742,32.376014709472656,40.55657196044922,32.458126068115234,0.9801255489412604,1.7494702339172363,141.13087463378906,1.0,1.0,0.0,1.0,0.0,0.0,-0.08130839467048645,0.34106582403182983,0.0,0.12042060494422913,0.16911619901657104,0.21481043100357056,-1.760316252708435,-1.66542387008667,-1.5768674612045288,0.0,1.0
508928,497,7,135.2585304502434,132.42857142857142,-0.004409117344766855,4.37209180444479,-0.7415812656283378,0.006307739524345379,0.046044921875,0.8973195023834706,57.71387332677841,1.7885881662368774,5.205710411071777,39.70768737792969,32.45478439331055,37.919097900390625,34.7947998046875,0.9742722098764278,1.5649594068527222,216.81312561035156,0.9,1.0,0.0,1.0,0.0,0.0,-0.021390654146671295,0.372671514749527,0.0,0.12147252261638641,0.16837376356124878,0.21236416697502136,-1.7582428455352783,-1.6668494939804077,-1.5815434455871582,0.0,1.0
509952,498,7,166.24090621161753,151.28571428571428,-0.006077662110328674,6.0704692780971525,-0.7469205141067505,0.004473196115577593,0.05576171875,0.9330412968993187,40.54406191110611,0.5391461253166199,5.6968278884887695,39.23578643798828,31.848814010620117,38.69664001464844,31.995445251464844,0.9680051835931558,1.661676287651062,124.00653839111328,1.0,1.0,0.0,1.0,0.0,0.0,-0.09286580234766006,0.3055254817008972,0.0,0.12189953774213791,0.16730768978595734,0.2108881175518036,-1.7574013471603394,-1.6689130067825317,-1.5843671560287476,0.0,1.0
510976,499,8,143.7361578830451,145.625,-0.004229122528340667,6.183686077594757,-0.7501616925001144,0.006921762910496909,0.04716796875,0.879517600685358,54.134043073654176,1.1651756763458252,6.222836017608643,38.661922454833984,34.771854400634766,37.49674606323242,36.12550735473633,0.9679726494854395,1.3171372413635254,179.27976989746094,0.95,1.0,0.0,1.0,0.0,0.0,0.05477897822856903,0.3487105071544647,0.0,0.12219111621379852,0.16743765771389008,0.20985253155231476,-1.7568268775939941,-1.6686373949050903,-1.5863492488861084,0.0,1.0
512000,500,8,144.30903434885886,135.5,-0.005164484499255195,6.896403923630714,-0.7490193471312523,0.007244369135878515,0.0637451171875,1.130762507021427,60.98039047718048,1.134825348854065,5.887948513031006,43.362388610839844,27.36479949951172,42.22756576538086,28.2873592376709,0.9537040003102697,2.21846604347229,180.65699768066406,1.0,1.0,0.0,1.0,0.0,0.0,0.13142959773540497,0.35400068759918213,0.0,0.12157301604747772,0.16751843690872192,0.2119978964328766,-1.7580448389053345,-1.6685141324996948,-1.5822439193725586,0.0,1.0
513024,501,8,145.44945336430845,135.625,-0.005576405016472563,7.879474723339081,-0.7465368613600731,0.0056305126185179685,0.062158203125,1.0177884496748448,60.64412174224854,-0.6000982522964478,6.785067081451416,37.777565002441406,30.93347930908203,38.377662658691406,31.090208053588867,0.9518882992240414,2.175039052963257,199.07054138183594,0.95,1.0,0.0,1.0,0.0,0.0,0.013013658113777637,0.3240192234516144,0.0,0.12186191231012344,0.16849680244922638,0.21348902583122253,-1.75747549533844,-1.6666150093078613,-1.579392671585083,0.0,1.0
514048,502,7,122.38988518103773,126.85714285714286,-0.004850202857051044,12.779920607805252,-0.7400319948792458,0.0016260143704130315,0.058740234375,0.9448044925928116,57.842557954788205,-0.9052947759628296,7.490377426147461,42.77930450439453,32.878692626953125,43.684593200683594,31.528789520263672,0.9480986907250818,1.51474928855896,146.43434143066406,1.0,1.0,0.0,1.0,0.0,0.0,-0.013691425323486328,0.33464673161506653,0.0,0.12274552881717682,0.16943548619747162,0.2144104391336441,-1.7557344436645508,-1.6647826433181763,-1.5776317119598389,0.0,1.0
515072,503,8,130.7668980901549,139.625,-0.009356387372827157,5.413820564746857,-0.7358009576797485,0.0066502193338237705,0.1001220703125,1.0760795950889588,49.7666478395462,-0.8849321007728577,5.172479629516602,31.936445236206055,32.38357162475586,32.821380615234375,31.69220733642578,0.9744877948798812,1.896068811416626,163.93359375,1.0,1.0,0.0,1.0,0.0,0.0,0.09098666906356812,0.370098352432251,0.0,0.12498568743467331,0.1700471192598343,0.21511682868003845,-1.7513221502304077,-1.6635780334472656,-1.5762821435928345,0.0,1.0
516096,504,5,104.35367538867038,125.8,-0.005905561044346541,6.708065643906593,-0.7330160766839982,0.004134881538629997,0.05322265625,0.9345162093639374,59.62877123355865,1.1867375373840332,6.336409091949463,37.65729522705078,33.37031936645508,36.470558166503906,35.00155258178711,0.9639449838355425,1.7958297729492188,181.865478515625,1.0,1.0,0.0,1.0,0.0,0.0,0.04300622642040253,0.3304397165775299,0.0,0.12482702732086182,0.17023944854736328,0.21726909279823303,-1.7516345977783203,-1.6632510423660278,-1.5721726417541504,0.0,1.0
517120,505,8,161.5441228354701,150.625,-0.006020733862533234,5.632736253738403,-0.7335450828075409,0.0063709789086715315,0.0634521484375,0.9774263560771942,36.351665830612184,-1.1989235877990723,5.137302875518799,37.920616149902344,31.359580993652344,39.119537353515625,31.828290939331055,0.9731632533699968,1.7411987781524658,98.37772369384766,1.0,1.0,0.0,1.0,0.0,0.0,0.06785047054290771,0.3626338839530945,0.0,0.12529520690441132,0.1700107455253601,0.216508150100708,-1.7507127523422241,-1.66366708278656,-1.5736252069473267,0.0,1.0
518144,506,10,117.56372541682632,125.9,-0.004925761820049957,4.536782982945442,-0.7348058938980102,0.004750552472251002,0.0638427734375,0.9454302318394184,33.04588392972946,-0.42630404233932495,4.915154457092285,38.52800369262695,33.54547119140625,38.954307556152344,33.54779815673828,0.9785312642165422,1.4587748050689697,91.53398132324219,0.975,1.0,0.0,1.0,0.0,0.0,0.100194551050663,0.35313189029693604,0.00016276041666666666,0.1236855760216713,0.16992191970348358,0.2172071635723114,-1.753882646560669,-1.6638654470443726,-1.5722908973693848,0.0,1.0
519168,507,7,132.16846232563643,138.0,-0.0058299032272771,4.252714002132416,-0.7362920835614204,0.0062105589866405355,0.0627197265625,1.0542970851063729,36.63868410587311,0.016203612089157104,5.135088920593262,40.878089904785156,35.14204406738281,40.86188507080078,35.30587387084961,0.9786478302261744,1.6788986921310425,142.14205932617188,1.0,1.0,0.0,1.0,0.0,0.0,0.14421983063220978,0.31415677070617676,8.138020833333333e-05,0.12121470272541046,0.16931040585041046,0.2164110243320465,-1.7587510347366333,-1.6650723218917847,-1.5738105773925781,0.0,1.0
520192,508,7,156.4450958960434,146.57142857142858,-0.005924956063972786,5.267333360016346,-0.7383374080061913,0.006739989266498015,0.0684326171875,1.0114814296364785,45.489439368247986,1.0365681648254395,5.687079429626465,33.62068176269531,33.94870376586914,32.584110260009766,35.06599426269531,0.9719371229385024,1.7483946084976196,139.89199829101562,1.0,1.0,0.0,1.0,0.0,0.0,0.13127465546131134,0.3527595102787018,0.0,0.12105768918991089,0.16940297186374664,0.21472543478012085,-1.7590605020523071,-1.664859652519226,-1.577029824256897,0.0,1.0
521216,509,8,123.04040246179223,127.875,-0.00415007343981415,2.8788721039891243,-0.7400678396224976,0.003979125128535088,0.0445556640625,0.9791709199547768,35.905847382545474,-0.17011146247386932,4.328037261962891,37.31692123413086,33.8427848815918,37.48703384399414,34.16461181640625,0.9836450239213387,1.6972301006317139,117.6161117553711,1.0,1.0,0.0,1.0,0.0,0.0,0.12247081845998764,0.39168137311935425,8.138020833333333e-05,0.12015420198440552,0.16824312508106232,0.21316646039485931,-1.7608413696289062,-1.667136311531067,-1.5800093412399292,0.0,1.0
522240,510,7,122.79123980135435,136.0,-0.005874878296162933,5.524262665212154,-0.7456743761897087,0.004580923110188451,0.05517578125,0.8543036460876465,37.98719732761383,-1.3892126083374023,5.311849594116211,42.002418518066406,36.63481521606445,43.391632080078125,35.57627868652344,0.9789765690146971,1.5072202682495117,114.12346649169922,0.975,1.0,0.0,1.0,0.0,0.0,0.10731811076402664,0.35227084159851074,0.00016276041666666666,0.11959768831729889,0.16813212633132935,0.21018822491168976,-1.7619385719299316,-1.6673030853271484,-1.5857067108154297,0.0,1.0
523264,511,7,134.72863887927218,148.28571428571428,-0.008159557514591142,10.388722583651543,-0.7434013426303864,0.007711086263589096,0.1011474609375,0.862831836938858,67.47072432041168,1.2817209959030151,7.262100696563721,32.161224365234375,34.965232849121094,30.879501342773438,35.68998718261719,0.9568628253459583,1.2217833995819092,211.82565307617188,1.0,1.0,0.0,1.0,0.0,0.0,-0.012375582940876484,0.34940415620803833,0.0,0.11856874823570251,0.1686505228281021,0.20980437099933624,-1.763967514038086,-1.6663252115249634,-1.5864415168762207,0.0,1.0
524288,512,5,163.52631013239238,170.2,-0.005362967011751607,3.3099130749702455,-0.7447896495461463,0.004536426803679205,0.052392578125,1.0143097579479217,33.02415504455566,1.4613856077194214,4.138951778411865,30.977947235107422,32.50176239013672,29.516563415527344,34.24161148071289,0.9837831335104792,1.6085060834884644,99.75116729736328,1.0,1.0,0.0,1.0,0.0,0.0,-0.01123021263629198,0.34519797563552856,0.00016276041666666666,0.1171157956123352,0.16755978763103485,0.2085503488779068,-1.7668335437774658,-1.668444275856018,-1.5888428688049316,0.0,1.0
525312,513,7,150.49902818238314,147.57142857142858,-0.004957182961516082,5.723225177824498,-0.7503084972500801,0.0038435823982581495,0.05,0.850455155223608,40.555912780761716,0.924862802028656,5.773896217346191,40.361244201660156,30.26443862915039,39.436378479003906,32.26423263549805,0.963602402786896,1.378908395767212,126.03775024414062,0.975,1.0,0.0,1.0,0.0,0.0,0.12611491978168488,0.32086288928985596,0.0,0.11635220050811768,0.16703037917613983,0.20786115527153015,-1.7683401107788086,-1.6694755554199219,-1.590163230895996,0.0,1.0
526336,514,8,143.64509487795397,142.625,-0.006440107070375234,7.169528269767762,-0.7540576100349426,0.009080769823049195,0.0666259765625,1.0922176256775855,43.30025017261505,0.19160015881061554,5.958785057067871,34.69420623779297,31.034027099609375,34.50260543823242,32.04979705810547,0.9631328863372947,2.0988028049468994,110.0406265258789,0.95,1.0,0.0,1.0,0.0,0.0,0.052760448306798935,0.3432210385799408,0.0,0.11397204548120499,0.16606397926807404,0.2075514942407608,-1.7730377912521362,-1.6713567972183228,-1.5907566547393799,0.0,1.0
527360,515,8,140.06549754758436,138.375,-0.004390674069873058,8.042638766765595,-0.7617718249559402,0.00818335413641762,0.051904296875,1.0325109854340553,54.38652293682098,1.7322990894317627,6.487567901611328,38.68064880371094,33.26861572265625,36.9483528137207,35.76610565185547,0.9619727940882805,1.7353531122207642,163.94268798828125,1.0,1.0,0.0,1.0,0.0,0.0,0.09179282188415527,0.32313305139541626,0.0,0.11112210899591446,0.1643880158662796,0.20712533593177795,-1.7786660194396973,-1.6746445894241333,-1.5915733575820923,0.0,1.0
528384,516,8,123.196185325031,139.0,-0.006417347979731858,7.597642689943314,-0.7684218525886536,0.007789837749442086,0.0552978515625,1.0062757201492787,46.06572279930115,-0.5200594067573547,6.25603723526001,34.333335876464844,33.146541595458984,34.8533935546875,32.36262130737305,0.9643776802667196,1.905932903289795,145.97142028808594,0.95,1.0,0.0,1.0,0.0,0.0,0.10469847917556763,0.30553144216537476,0.0,0.11263950169086456,0.16430650651454926,0.20721037685871124,-1.775668978691101,-1.6747878789901733,-1.5914103984832764,0.0,1.0
529408,517,8,132.22934663013785,133.0,-0.005539532436523586,2.820060762763023,-0.7691655158996582,0.003210112068336457,0.0552001953125,1.0890185445547105,27.76384893655777,-0.1837436705827713,3.9176928997039795,32.254180908203125,31.10445785522461,32.43792724609375,31.763893127441406,0.9841358966234547,1.7446484565734863,76.45277404785156,1.0,1.0,0.0,1.0,0.0,0.0,0.08894962817430496,0.37739434838294983,0.0,0.11220026761293411,0.1635238081216812,0.2067158967256546,-1.776536464691162,-1.6763172149658203,-1.592358112335205,0.0,1.0
530432,518,8,101.49379484924856,122.75,-0.006707706768065691,10.37121519446373,-0.7723464339971542,0.0066918592012370935,0.07529296875,1.0374521762132645,60.79701449871063,-1.2911732196807861,7.125195026397705,34.78089904785156,34.524051666259766,36.07207489013672,34.81266784667969,0.9574058408828812,1.8260533809661865,229.09219360351562,0.975,1.0,0.0,1.0,0.0,0.0,0.10638727992773056,0.37747088074684143,0.0,0.11309923231601715,0.1637757271528244,0.20557990670204163,-1.7747610807418823,-1.675803542137146,-1.5945361852645874,0.0,1.0
531456,519,7,142.3473722526299,144.42857142857142,-0.0036063460633158685,5.446247664093971,-0.773623850941658,0.0024894387359381655,0.0408203125,0.9631293252110481,44.56435754299164,1.151214599609375,6.064162254333496,32.376800537109375,35.40909957885742,31.2255859375,36.932464599609375,0.9706700083598174,1.889072299003601,149.32855224609375,1.0,1.0,0.0,1.0,0.0,0.0,0.0069611892104148865,0.32734414935112,0.0,0.11111827194690704,0.16238389909267426,0.2047571837902069,-1.7786736488342285,-1.678531527519226,-1.5961142778396606,0.0,1.0
532480,520,8,164.71868294636346,140.0,-0.004759409301914275,4.039721306413412,-0.7847998529672623,0.00711366740433732,0.0523193359375,1.2749176695942879,46.40468405485153,2.6313726902008057,4.916477680206299,41.66692352294922,26.7169189453125,39.03554916381836,29.992759704589844,0.9661362236817984,2.208226203918457,167.83538818359375,1.0,1.0,0.0,1.0,0.0,0.0,0.05293997749686241,0.37924855947494507,0.0,0.1085721030831337,0.1603623479604721,0.20462700724601746,-1.7837049961090088,-1.6824568510055542,-1.5963640213012695,0.0,1.0
533504,521,5,119.84953100908811,123.0,-0.004325612750835717,6.0116755530238155,-0.7929272174835205,0.005039386967837345,0.046923828125,1.1037780553102494,50.45954509973526,1.13655686378479,5.890385150909424,39.34321594238281,30.784427642822266,38.20665740966797,30.67889976501465,0.9633878503515904,1.9608588218688965,158.4801483154297,1.0,1.0,0.0,1.0,0.0,0.0,0.08371637016534805,0.3312091827392578,0.0,0.10878563672304153,0.15971677005290985,0.20324495434761047,-1.783282995223999,-1.6837043762207031,-1.5990163087844849,0.0,1.0
534528,522,9,146.68523740085618,136.44444444444446,-0.00845743176760152,5.774650165438652,-0.7956862270832061,0.00574841694906354,0.0487548828125,1.0953783050179482,41.95409195423126,1.560773491859436,5.466212272644043,37.88878631591797,29.135395050048828,36.3280143737793,29.47884750366211,0.9648009328772417,2.1128764152526855,116.2513198852539,1.0,1.0,0.0,1.0,0.0,0.0,0.1518881767988205,0.3540208339691162,0.0,0.10885868966579437,0.1591363400220871,0.20125393569469452,-1.7831385135650635,-1.6848386526107788,-1.6028398275375366,0.0,1.0
535552,523,7,140.91244184476196,133.28571428571428,-0.004965103499125689,4.132039158046245,-0.7967137292027473,0.004606068694556598,0.0603515625,0.930149233341217,34.79431700706482,1.2380554676055908,4.7551045417785645,43.60066223144531,30.03812599182129,42.362606048583984,29.25054931640625,0.9749403802650191,1.5467743873596191,96.41817474365234,1.0,1.0,0.0,1.0,0.0,0.0,-0.015951065346598625,0.3503234088420868,0.0,0.10750821232795715,0.1597166359424591,0.20372997224330902,-1.7858080863952637,-1.6837252378463745,-1.5980854034423828,0.0,1.0
536576,524,8,132.99364191509497,142.375,-0.006307204649783671,5.978882223367691,-0.7917609989643097,0.005963222052378115,0.0786865234375,0.967473603785038,45.42841584682465,-0.6666049957275391,5.409093379974365,40.62038803100586,32.156009674072266,41.2869873046875,30.20113754272461,0.9717040251635606,1.7121915817260742,149.63882446289062,1.0,1.0,0.0,1.0,0.0,0.0,0.021866321563720703,0.35149627923965454,0.0,0.10783383995294571,0.16077515482902527,0.20451734960079193,-1.7851643562316895,-1.6816635131835938,-1.5965744256973267,0.0,1.0
537600,525,7,142.7926685893253,131.28571428571428,-0.004043144482420757,3.192452871799469,-0.7857075080275535,0.004197320772800594,0.0435302734375,1.1832029201090335,32.05654606819153,0.5028495788574219,3.9870388507843018,41.717529296875,32.934906005859375,41.21467590332031,32.92653274536133,0.9853449226041129,2.1963648796081543,96.1531753540039,0.975,1.0,0.0,1.0,0.0,0.0,0.09220659732818604,0.3681667447090149,0.0,0.1099206730723381,0.16171036660671234,0.20531855523586273,-1.781039834022522,-1.6798361539840698,-1.5950374603271484,0.0,1.0
538624,526,7,155.86324909669443,140.0,-0.00693027835804969,3.1448763385415077,-0.7809646606445313,0.006629712105495855,0.0775390625,1.0841245204210281,33.5158700466156,0.5861841440200806,4.737937927246094,42.79844665527344,29.603105545043945,42.21226501464844,30.769441604614258,0.9743844186585725,1.7428650856018066,106.5406723022461,1.0,1.0,0.0,1.0,0.0,0.0,-0.01900067739188671,0.35166049003601074,0.0,0.10819611698389053,0.1622825413942337,0.20643754303455353,-1.784448266029358,-1.6787415742874146,-1.5928916931152344,0.0,1.0
539648,527,8,144.68602382497323,140.125,-0.0059947841509711,4.2490272089838985,-0.7774189978837966,0.004752964562794659,0.050390625,0.9767451331019401,39.53339018821716,0.8014751076698303,5.0643134117126465,41.05061340332031,34.13933563232422,40.24913787841797,34.57482147216797,0.9779945118296991,1.5535575151443481,135.96453857421875,1.0,1.0,0.0,1.0,0.0,0.0,0.09032837301492691,0.3540732264518738,0.0,0.11008907109498978,0.16312597692012787,0.20580415427684784,-1.7807071208953857,-1.6771024465560913,-1.5941061973571777,0.0,1.0
540672,528,8,155.7982780473156,135.125,-0.0049528154544532296,4.148783825337887,-0.7732892662286759,0.005006448754284065,0.042724609375,0.9019881688058377,48.819045746326445,0.9269942045211792,5.330451965332031,42.93878936767578,32.65616989135742,42.01179504394531,33.758888244628906,0.9733561174770219,1.416212797164917,151.7672119140625,0.95,1.0,0.0,1.0,0.0,0.0,0.0878223180770874,0.32935476303100586,0.0,0.10886308550834656,0.16333073377609253,0.2057671844959259,-1.7831299304962158,-1.6767030954360962,-1.594177007675171,0.0,1.0
541696,529,7,144.13488709383017,133.71428571428572,-0.005532876681536436,2.327630977332592,-0.7739619448781013,0.004849850937898736,0.0630859375,1.0260432302951812,23.660374307632445,0.6423221230506897,3.3843517303466797,45.43380355834961,29.995037078857422,44.791481018066406,29.452850341796875,0.9872693038494029,1.6227916479110718,87.74381256103516,1.0,1.0,0.0,1.0,0.0,0.0,-0.018472710624337196,0.3706797957420349,8.138020833333333e-05,0.10973028093576431,0.1630760282278061,0.2060122787952423,-1.7814160585403442,-1.6772125959396362,-1.5937070846557617,0.0,1.0
542720,530,8,145.41109755686202,136.75,-0.005683627282269299,2.364836800098419,-0.7782444179058075,0.0067060277156997476,0.055859375,1.1073618084192276,33.15887560844421,0.23711931705474854,3.629922866821289,44.90477752685547,32.997772216796875,44.667659759521484,32.07490539550781,0.9878988798495102,1.8923020362854004,114.13900756835938,1.0,1.0,0.0,1.0,0.0,0.0,-0.06529248505830765,0.3674027919769287,8.138020833333333e-05,0.10873048007488251,0.16183501482009888,0.2044130563735962,-1.7833919525146484,-1.679587721824646,-1.5967745780944824,0.0,1.0
543744,531,7,124.20593597584677,133.42857142857142,-0.005826573295053095,3.881792649626732,-0.7840060114860534,0.0033127708549727684,0.0515869140625,1.0281526997685433,35.056380128860475,-1.477439522743225,4.498438835144043,36.58833312988281,35.667259216308594,38.065773010253906,35.502986907958984,0.9840931481370281,1.6526265144348145,147.6395721435547,1.0,1.0,0.0,1.0,0.0,0.0,0.04801124334335327,0.3705493211746216,0.0,0.10937269032001495,0.16117355227470398,0.2002663016319275,-1.7821227312088013,-1.6808511018753052,-1.6047375202178955,0.0,1.0
544768,532,8,140.09267092239745,140.375,-0.005362592975143343,3.985364060103893,-0.7842389643192291,0.004204119060887024,0.0541259765625,1.011642511188984,40.842363238334656,-1.1532084941864014,4.784712314605713,37.72880935668945,35.39006805419922,38.882015228271484,35.96977996826172,0.9817211545931557,1.8242942094802856,127.3792724609375,1.0,1.0,0.0,1.0,0.0,0.0,0.008111809380352497,0.407686322927475,8.138020833333333e-05,0.11192630976438522,0.1619386076927185,0.19985319674015045,-1.7770774364471436,-1.6793441772460938,-1.6055315732955933,0.0,1.0
545792,533,6,117.98600401509911,127.5,-0.006049146456643939,7.689653429389,-0.7767882168292999,0.0073799872770905495,0.064013671875,1.0039870306849479,56.137333726882936,-1.9032338857650757,6.048434257507324,35.44071960449219,34.30226135253906,37.34395217895508,33.88094711303711,0.9689085839250977,1.5688824653625488,148.3076934814453,1.0,1.0,0.0,1.0,0.0,0.0,0.15700386464595795,0.32262733578681946,0.0,0.11157403886318207,0.16352319717407227,0.20271597802639008,-1.7777732610702515,-1.6763014793395996,-1.600031852722168,0.0,1.0
546816,534,9,138.2121889169676,137.0,-0.00554096195846796,8.319717735052109,-0.7688377901911736,0.0022810323862358928,0.054638671875,1.0934690296649934,59.962207889556886,0.9090237617492676,7.266221046447754,41.31267547607422,34.54732894897461,40.403656005859375,35.90861511230469,0.9557627373510996,1.7878427505493164,172.68240356445312,1.0,1.0,0.0,1.0,0.0,0.0,0.1462721824645996,0.34476175904273987,8.138020833333333e-05,0.11237654089927673,0.16450755298137665,0.20178329944610596,-1.7761882543563843,-1.6743736267089844,-1.601822853088379,0.0,1.0
547840,535,8,123.08574437254244,131.25,-0.005171338596846908,6.847082015872002,-0.7641539320349693,0.005325130962592084,0.050341796875,0.942933765053749,66.16000771522522,-0.8044121265411377,6.369173049926758,43.688114166259766,33.95315933227539,44.492523193359375,33.28611373901367,0.9648110992414485,1.6121302843093872,223.39364624023438,1.0,1.0,0.0,1.0,0.0,0.0,-0.0030373234767466784,0.2990339696407318,0.0,0.11361667513847351,0.16535674035549164,0.2021017223596573,-1.7737393379211426,-1.672711730003357,-1.6012113094329834,0.0,1.0
548864,536,8,178.57405581213052,161.625,-0.0041699019027873875,6.643162755668163,-0.7627037480473519,0.006213073634717148,0.04853515625,1.0481039732694626,61.980125951766965,3.0883145332336426,5.9531145095825195,38.74479293823242,31.778654098510742,35.65647506713867,35.34296798706055,0.9649072471209944,2.104133367538452,198.21115112304688,1.0,1.0,0.0,1.0,0.0,0.0,0.05393727123737335,0.3406132459640503,0.0,0.1108059287071228,0.16462187469005585,0.20365239679813385,-1.7792906761169434,-1.6741899251937866,-1.5982341766357422,0.0,1.0
549888,537,7,144.97952989503506,134.0,-0.005489950871560722,8.196614915132523,-0.7683084413409234,0.003568026621360332,0.0503662109375,1.1554069615900517,54.51044504642486,1.5048085451126099,6.455486297607422,40.47967529296875,31.717905044555664,38.97486877441406,33.57465744018555,0.9585762922384292,2.3463945388793945,170.38795471191406,0.925,1.0,0.0,1.0,0.0,0.0,0.126717209815979,0.36769360303878784,8.138020833333333e-05,0.11154794692993164,0.16366533935070038,0.2017848640680313,-1.777824878692627,-1.675991177558899,-1.6018198728561401,0.0,1.0
550912,538,8,145.34304581365194,138.5,-0.0072020166262518615,4.115969043970108,-0.7703785419464111,0.006286190387618263,0.0711181640625,1.0326183401048183,32.04269464015961,0.05869150161743164,4.805991172790527,39.47547912597656,33.126007080078125,39.416786193847656,33.266666412353516,0.9789511805242227,2.0363450050354004,104.37661743164062,0.975,1.0,0.0,1.0,0.0,0.0,0.010790933854877949,0.3390967845916748,0.0,0.11042097955942154,0.16397283971309662,0.20304934680461884,-1.7800512313842773,-1.6754398345947266,-1.5993918180465698,0.0,1.0
551936,539,5,145.01988471479427,142.0,-0.004945673627662473,2.8537138499319554,-0.7704029604792595,0.00795903018442914,0.0623779296875,1.0641794890165328,35.645825397968295,0.6347200274467468,4.357520580291748,42.34034729003906,29.850421905517578,41.70562744140625,30.800064086914062,0.9786902660041353,1.8421852588653564,113.68221282958984,1.0,1.0,0.0,1.0,0.0,0.0,0.03210969641804695,0.3855643570423126,0.0,0.10912943631410599,0.16361698508262634,0.2041490226984024,-1.7826035022735596,-1.6761327981948853,-1.5972812175750732,0.0,1.0
552960,540,7,153.0697779754411,142.28571428571428,-0.00512557621113956,5.039868941903114,-0.7743419989943504,0.0025980246136896312,0.0527587890625,1.187863725423813,38.96575592756271,0.10894986987113953,5.398689270019531,37.86415100097656,33.79262161254883,37.75520324707031,33.56806564331055,0.9744769276346008,2.003927707672119,122.91559600830078,1.0,1.0,0.0,1.0,0.0,0.0,-0.023382768034934998,0.36047661304473877,0.0,0.10826559364795685,0.1625063568353653,0.20189020037651062,-1.7843108177185059,-1.6783052682876587,-1.6016175746917725,0.0,1.0
553984,541,8,139.4497381739803,137.75,-0.007720065966714174,6.3304346546530725,-0.779356487095356,0.006048364445450716,0.0623779296875,1.0432123631238936,50.59400486946106,1.4729571342468262,5.781839370727539,39.09907150268555,33.55851745605469,37.62611389160156,34.56071090698242,0.9703157187877204,1.6810370683670044,165.55743408203125,1.0,1.0,0.0,1.0,0.0,0.0,0.04071618244051933,0.35886505246162415,0.0,0.1068083867430687,0.16228047013282776,0.2036559134721756,-1.7871918678283691,-1.6787501573562622,-1.5982275009155273,0.0,1.0
555008,542,6,147.4194650495887,143.5,-0.005718487041303888,3.5275164991617203,-0.7811166748404503,0.007022517893346958,0.0658935546875,1.0341096386313438,31.0098845243454,1.1641024351119995,4.293288230895996,40.81483459472656,30.316524505615234,39.650733947753906,30.072898864746094,0.9799450635471622,1.6851590871810913,86.4793930053711,1.0,1.0,0.0,1.0,0.0,0.0,0.0279086921364069,0.3228408396244049,8.138020833333333e-05,0.10572568327188492,0.1617351621389389,0.2051389217376709,-1.7893329858779907,-1.6798490285873413,-1.5953819751739502,0.0,1.0
556032,543,8,147.71183981911284,152.125,-0.006991146400105208,2.625613544136286,-0.7855972573161125,0.00651551196933724,0.062451171875,1.056886363774538,24.693211030960082,0.031777381896972656,3.8339357376098633,36.094032287597656,33.843833923339844,36.062255859375,34.560306549072266,0.9871669300281991,1.9446855783462524,69.40889739990234,0.975,1.0,0.0,1.0,0.0,0.0,0.06246422603726387,0.4169937074184418,0.0,0.10735033452510834,0.1606873720884323,0.2046535760164261,-1.7861202955245972,-1.6818422079086304,-1.5963129997253418,0.0,1.0
557056,544,8,145.91208505935487,135.75,-0.005704535765107721,3.5422453083097936,-0.790647354722023,0.005057260037574451,0.066357421875,1.2372901529073714,35.56535077095032,1.7470507621765137,4.368485450744629,34.079833984375,29.499420166015625,32.332786560058594,31.742319107055664,0.9780701924599049,1.956343412399292,122.03834533691406,1.0,1.0,0.0,1.0,0.0,0.0,0.002959043951705098,0.41264647245407104,0.0,0.10603166371583939,0.1600341647863388,0.20535025000572205,-1.788727879524231,-1.6831440925598145,-1.5949766635894775,0.0,1.0
558080,545,8,124.37231985016135,132.75,-0.004402092425152659,7.164211809635162,-0.7923536494374275,0.0041229632814065555,0.0442626953125,0.9844515174627304,67.87539629936218,1.8592641353607178,6.308271884918213,37.13984298706055,35.25479507446289,35.28057861328125,36.80963134765625,0.9679827205512573,1.6615571975708008,231.76156616210938,0.975,1.0,0.0,1.0,0.0,0.0,-0.032238349318504333,0.3969506323337555,8.138020833333333e-05,0.10749354958534241,0.16035903990268707,0.20753100514411926,-1.785837173461914,-1.6825236082077026,-1.590795874595642,0.0,1.0
559104,546,8,139.70160624604222,126.0,-0.005169513076543808,8.722561463713646,-0.7926973924040794,0.004195279939449392,0.064306640625,1.071539545059204,55.14795033931732,0.2741289734840393,6.705902576446533,41.07888412475586,31.54275131225586,40.804752349853516,31.71755027770996,0.9548024009635369,1.9067590236663818,155.31883239746094,1.0,1.0,0.0,1.0,0.0,0.0,0.08295855671167374,0.37958773970603943,0.0003255208333333333,0.10762909054756165,0.15931187570095062,0.20615161955356598,-1.785569190979004,-1.6845258474349976,-1.5934399366378784,0.0,1.0
560128,547,7,125.17870946000194,130.71428571428572,-0.0077687186188995835,10.198643055558204,-0.7965893656015396,0.006830691926006693,0.07294921875,0.9631946489214898,44.33109002113342,-0.7223855257034302,6.776872158050537,36.94282531738281,31.65162467956543,37.66521453857422,30.80409812927246,0.9541576781091268,1.4031137228012085,104.28627014160156,1.0,1.0,0.0,1.0,0.0,0.0,-0.010298267006874084,0.3484719693660736,0.0,0.11059048771858215,0.1596679836511612,0.20472627878189087,-1.7797163724899292,-1.6838021278381348,-1.5961735248565674,0.0,1.0
561152,548,6,138.78477246004,145.16666666666666,-0.00563620738685131,3.211238369345665,-0.7967509508132935,0.007198822400823701,0.05244140625,0.9514310926198959,30.627107644081114,1.1471322774887085,3.8642029762268066,42.23503875732422,35.34259033203125,41.08790588378906,35.88055419921875,0.9880457265501801,1.331194519996643,91.64654541015625,0.975,1.0,0.0,1.0,0.0,0.0,0.04973061755299568,0.38076168298721313,8.138020833333333e-05,0.10801653563976288,0.15860137343406677,0.20484252274036407,-1.7848032712936401,-1.6859169006347656,-1.5959506034851074,0.0,1.0
562176,549,8,159.05856105684515,136.875,-0.004563910758588463,3.5045089691877367,-0.8030520528554916,0.0017559380605234765,0.03232421875,1.023491668701172,35.027309370040896,0.4966401755809784,4.585533618927002,43.01963806152344,29.254331588745117,42.52299880981445,30.115806579589844,0.9754303233592756,1.6122950315475464,114.1039047241211,1.0,1.0,0.0,1.0,0.0,0.0,0.22489170730113983,0.3086957633495331,8.138020833333333e-05,0.10630954056978226,0.15787772834300995,0.20516753196716309,-1.7881783246994019,-1.6873332262039185,-1.5953271389007568,0.0,1.0
563200,550,8,142.51305605977836,123.0,-0.00614364531938918,3.5715763702988625,-0.8069852307438851,0.006663054043019656,0.061865234375,1.074223692715168,42.7121298789978,1.0581146478652954,4.459644794464111,37.733238220214844,28.907760620117188,36.67512512207031,30.400041580200195,0.9762002911369819,1.8732857704162598,134.24339294433594,1.0,1.0,0.0,1.0,0.0,0.0,0.19343127310276031,0.34425151348114014,0.0,0.107281893491745,0.1571945995092392,0.2041710764169693,-1.7862555980682373,-1.6886367797851562,-1.5972387790679932,0.0,1.0
564224,551,8,147.80800873748905,135.5,-0.004574435879476368,3.985089159011841,-0.812920854985714,0.005000563814246561,0.05634765625,1.1537947073578834,37.42246959209442,1.9752057790756226,4.748657703399658,45.29380798339844,31.796619415283203,43.318599700927734,34.157291412353516,0.9776961525085822,2.022676467895508,143.34620666503906,0.975,1.0,0.0,1.0,0.0,0.0,0.17512892186641693,0.3462275564670563,0.0,0.10640062391757965,0.15567775070667267,0.20219630002975464,-1.7879981994628906,-1.6916052103042603,-1.6010297536849976,0.0,1.0
565248,552,8,140.35774152564352,135.375,-0.0059511431260034445,10.687514370679855,-0.820008610188961,0.00506563600647496,0.0765380859375,0.939333625882864,56.16155691146851,-0.747877836227417,6.697772026062012,36.971221923828125,30.006315231323242,37.719093322753906,29.093894958496094,0.9501763612494853,1.6550999879837036,176.8975372314453,0.95,1.0,0.0,1.0,0.0,0.0,0.16689397394657135,0.3254455327987671,0.0,0.10674618184566498,0.155159592628479,0.20173873007297516,-1.7873148918151855,-1.6925915479660034,-1.601908564567566,0.0,1.0
566272,553,9,122.56105543615831,133.77777777777777,-0.005414274299982935,3.877132372558117,-0.8207167655229568,0.003911682975012809,0.064697265625,0.8918532446026802,33.82106750011444,0.3900686502456665,4.529116153717041,31.83901596069336,32.395381927490234,31.44894790649414,33.17276382446289,0.9804538701150126,1.5509265661239624,98.89341735839844,0.95,1.0,0.0,1.0,0.0,0.0,0.17582225799560547,0.33399146795272827,0.0,0.10685140639543533,0.15542596578598022,0.20244711637496948,-1.7871067523956299,-1.6920939683914185,-1.6005480289459229,0.0,1.0
567296,554,6,130.04043790729244,144.83333333333334,-0.003029397991485894,2.9031484127044678,-0.8151730746030807,0.005697005812544375,0.039892578125,1.1419689640402795,40.46043946743011,0.8425650596618652,4.1749749183654785,37.80133819580078,33.86264419555664,36.958770751953125,34.5048942565918,0.9847992147637308,2.345407724380493,139.38107299804688,0.975,1.0,0.0,1.0,0.0,0.0,0.16221947968006134,0.3722548186779022,0.0,0.10682705044746399,0.15698449313640594,0.20651337504386902,-1.7871549129486084,-1.6890792846679688,-1.592746376991272,0.0,1.0
568320,555,6,180.22887514749638,147.16666666666666,-0.004626263037789613,3.7943361043930053,-0.8095252767205239,0.0029625427545397543,0.04931640625,1.219105139374733,58.985168266296384,2.1871509552001953,4.670173168182373,39.72698211669922,31.4107723236084,37.53982925415039,34.08085250854492,0.9778940735788747,2.039426565170288,198.53111267089844,0.975,1.0,0.0,1.0,0.0,0.0,-0.07472867518663406,0.3730439841747284,0.0,0.10732720792293549,0.1571071594953537,0.2085430920124054,-1.7861659526824951,-1.6888540983200073,-1.588856816291809,0.0,1.0
569344,556,9,143.11420998937146,133.44444444444446,-0.00627859418746084,3.8948266848921778,-0.8095208913087845,0.00618492387002334,0.0579833984375,0.9701186418533325,28.209802865982056,0.3604937195777893,4.493213653564453,47.8757438659668,28.150842666625977,47.5152473449707,27.280729293823242,0.9745239889083235,1.7146636247634888,73.3541259765625,1.0,1.0,0.0,1.0,0.0,0.0,0.1468556821346283,0.34882304072380066,0.0,0.10810109227895737,0.1573084443807602,0.20955409109592438,-1.7846360206604004,-1.6884757280349731,-1.5869207382202148,0.0,1.0
570368,557,8,133.8288519202277,135.25,-0.005554781248793006,3.5072903394699098,-0.8096586003899574,0.0052016226953128354,0.0774169921875,1.1485958322882652,29.68618675470352,0.24752819538116455,4.466243267059326,39.1644401550293,32.11185836791992,38.91691589355469,30.78618049621582,0.9806556578473631,1.9378803968429565,77.11955261230469,1.0,1.0,0.0,1.0,0.0,0.0,0.1749963015317917,0.35491469502449036,0.0,0.10718588531017303,0.15690107643604279,0.20699447393417358,-1.7864453792572021,-1.689250111579895,-1.5918241739273071,0.0,1.0
571392,558,6,130.4959630570869,131.5,-0.0062460485205519944,4.943750563263893,-0.8141395449638367,0.0026644444311386905,0.05068359375,1.249158726632595,46.27843954563141,-0.45712801814079285,5.3743438720703125,42.82019805908203,36.157379150390625,43.27732849121094,35.703285217285156,0.9779068833817556,1.7397267818450928,148.3337860107422,1.0,1.0,0.0,1.0,0.0,0.0,0.09328249841928482,0.37097421288490295,0.0,0.10437409579753876,0.15552791953086853,0.20576271414756775,-1.792006492614746,-1.6919299364089966,-1.5941855907440186,0.0,1.0
572416,559,9,154.73915780058996,141.44444444444446,-0.004910055786604061,3.1527122907340526,-0.8161590918898582,0.005789913164335303,0.05390625,0.9694007284939289,34.64522134065628,0.7912564277648926,4.417126178741455,39.012489318847656,33.52855682373047,38.22123718261719,34.3386344909668,0.9826439886289109,1.776066780090332,117.09519958496094,0.975,1.0,0.0,1.0,0.0,0.0,0.1270444691181183,0.3909086585044861,0.0,0.10487161576747894,0.15694236755371094,0.20673541724681854,-1.7910223007202148,-1.6891824007034302,-1.5923206806182861,0.0,1.0
573440,560,6,135.08584596511398,129.33333333333334,-0.004751423560082913,3.250120720267296,-0.8055176690220833,0.005787822596903425,0.0609375,1.0920940771698953,40.485822188854215,0.21414916217327118,4.711611270904541,45.50705337524414,28.521759033203125,45.292903900146484,29.297224044799805,0.9727110845364759,1.7534855604171753,161.36253356933594,1.0,1.0,0.0,1.0,0.0,0.0,0.13966672122478485,0.3796968460083008,8.138020833333333e-05,0.10741819441318512,0.15877015888690948,0.20801672339439392,-1.7859861850738525,-1.6856284141540527,-1.5898652076721191,0.0,1.0
574464,561,7,157.92245723494838,155.71428571428572,-0.003839249350130558,4.06919765919447,-0.7972342729568481,0.0035581961419666186,0.0451416015625,1.0579049602150916,33.47522661685944,-0.2681090831756592,4.960610866546631,41.30912780761719,33.73500061035156,41.577232360839844,33.926002502441406,0.9783773477897768,1.9686002731323242,109.31958770751953,1.0,1.0,0.0,1.0,0.0,0.0,7.30752944946289e-05,0.408103883266449,0.000244140625,0.10839986801147461,0.15950505435466766,0.20762811601161957,-1.7840454578399658,-1.684174656867981,-1.5906097888946533,0.0,1.0
575488,562,9,137.15561431418644,129.55555555555554,-0.005379594687838107,2.8745573848485946,-0.7992252856492996,0.0034086697720340452,0.048046875,1.0542647168040276,26.693037843704225,-1.1526286602020264,3.8053953647613525,41.70863723754883,31.540571212768555,42.861263275146484,31.72347640991211,0.985443383174097,1.8006389141082764,75.78797912597656,1.0,1.0,0.0,1.0,0.0,0.0,0.2674400210380554,0.3530024290084839,0.0011393229166666667,0.107138991355896,0.15795965492725372,0.20506912469863892,-1.7865381240844727,-1.6871591806411743,-1.5955158472061157,0.0,1.0
576512,563,6,135.91697425168942,131.5,-0.006353992922231555,3.668238292634487,-0.8106593549251556,0.005473068365245126,0.0603515625,1.108364836871624,50.53638143539429,1.53731369972229,5.03116512298584,37.99483871459961,34.978694915771484,36.457523345947266,37.12152099609375,0.9793114537642507,2.039926767349243,165.8695068359375,1.0,1.0,0.0,1.0,0.0,0.0,0.11572054773569107,0.3902241289615631,8.138020833333333e-05,0.10324002057313919,0.1558050960302353,0.20295384526252747,-1.79425048828125,-1.6913695335388184,-1.599575161933899,0.0,1.0
577536,564,8,170.78432888886095,149.625,-0.004032133147120476,3.8200553953647614,-0.8211701050400734,0.00416827144799754,0.044287109375,1.2764279067516326,36.04314583539963,1.9915106296539307,4.706456184387207,45.845367431640625,32.50496292114258,43.853858947753906,34.971527099609375,0.9790353024218753,2.26491379737854,116.1821517944336,1.0,1.0,0.0,1.0,0.0,0.0,0.09296111017465591,0.35831835865974426,0.0,0.10217706859111786,0.15461207926273346,0.20194590091705322,-1.796354055404663,-1.6937209367752075,-1.6015106439590454,0.0,1.0
578560,565,8,155.71067432610732,148.5,-0.005667358136270196,5.222045305371284,-0.8250129148364067,0.005893930238380562,0.0672607421875,0.9449911125004291,37.374648535251616,0.8302175402641296,5.274994850158691,37.24828338623047,32.76155090332031,36.418067932128906,33.21452331542969,0.9740752177076831,1.5553019046783447,104.8434066772461,0.95,1.0,0.0,1.0,0.0,0.0,0.004320589359849691,0.3582877218723297,0.0,0.1024048700928688,0.15446791052818298,0.20186835527420044,-1.795903205871582,-1.6939812898635864,-1.6016595363616943,0.0,1.0
579584,566,8,130.95703466795112,128.75,-0.006559310841839761,3.6093893319368364,-0.8269811511039734,0.0042885753297014165,0.068994140625,0.9887448370456695,36.69140247106552,-1.1373600959777832,4.307647228240967,40.50090026855469,30.996828079223633,41.63825988769531,29.727249145507812,0.9806871775537632,1.6207994222640991,137.7269287109375,1.0,1.0,0.0,1.0,0.0,0.0,0.060409124940633774,0.36569592356681824,0.0,0.10102611780166626,0.15360777080059052,0.20188450813293457,-1.7986323833465576,-1.6956671476364136,-1.6016285419464111,0.0,1.0
580608,567,8,135.20540300644132,132.875,-0.003899020800599828,3.427166736125946,-0.8334512993693352,0.004009978235990275,0.041064453125,1.0783301435410977,37.421139216423036,0.8565033078193665,4.373213291168213,38.11802291870117,31.8941707611084,37.26152038574219,31.98690414428711,0.9811990965435109,1.6623542308807373,131.26170349121094,0.975,1.0,0.0,1.0,0.0,0.0,-0.040294647216796875,0.3805336058139801,0.0,0.09965476393699646,0.15242569148540497,0.20071575045585632,-1.8013476133346558,-1.697980284690857,-1.6038738489151,0.0,1.0
581632,568,5,123.36784033589814,141.4,-0.004029349912889302,3.478823034465313,-0.8402630984783173,0.0027597101565334015,0.0385009765625,0.9174613133072853,37.936711478233335,0.3896045684814453,4.538907051086426,35.7408447265625,33.168827056884766,35.35123825073242,33.098575592041016,0.9812741136858406,1.558631181716919,127.01287078857422,1.0,1.0,0.0,1.0,0.0,0.0,-0.057140644639730453,0.3687078058719635,0.0,0.10164579004049301,0.15125419199466705,0.1962975561618805,-1.79740571975708,-1.7002015113830566,-1.6123709678649902,0.0,1.0
582656,569,10,145.46887188784407,143.0,-0.006109431164804846,9.097211199998856,-0.8488780379295349,0.005380126197997015,0.0718994140625,0.9860750034451484,60.94706563949585,-0.06839649379253387,7.045267105102539,36.69923782348633,34.52589416503906,36.76763916015625,35.677433013916016,0.9583605447445391,1.6399013996124268,166.80548095703125,1.0,1.0,0.0,1.0,0.0,0.0,-0.014914442785084248,0.3863247334957123,0.0,0.10119044780731201,0.1496063470840454,0.19370613992214203,-1.7983070611953735,-1.7034244537353516,-1.6173615455627441,0.0,1.0
583680,570,8,129.45668525062501,131.375,-0.0063409564987523485,3.539940242469311,-0.8547577559947968,0.00655844602297293,0.0744140625,1.1524246126413344,31.404063272476197,-0.5064787268638611,4.328808784484863,36.16946792602539,31.05841636657715,36.67594528198242,30.676740646362305,0.9805742304542887,2.0774686336517334,98.97785186767578,1.0,1.0,0.0,1.0,0.0,0.0,0.15932469069957733,0.385315477848053,0.00016276041666666666,0.10224033147096634,0.14938205480575562,0.19322818517684937,-1.7962288856506348,-1.70382821559906,-1.6182825565338135,0.0,1.0
584704,571,5,112.01957566964074,129.2,-0.00504357498139143,4.128901810944081,-0.8549542143940926,0.0017487934630480595,0.045458984375,0.9649462856352329,33.83340184688568,-1.2711186408996582,4.734485626220703,37.856651306152344,32.90248107910156,39.127769470214844,32.16345977783203,0.9792943783592872,1.5671195983886719,104.38195037841797,0.975,1.0,0.0,1.0,0.0,0.0,0.012215831317007542,0.40146446228027344,0.0,0.10224109143018723,0.1491812765598297,0.19411829113960266,-1.7962273359298706,-1.7042196989059448,-1.6165674924850464,0.0,1.0
585728,572,10,145.0481402000977,135.9,-0.004944669269025326,6.35068630874157,-0.8534829258918762,0.004727787681622431,0.0674072265625,1.1919840440154075,42.12572267055511,-0.2830977439880371,5.926428318023682,41.865211486816406,32.99996566772461,42.14830780029297,34.1143798828125,0.967747821533381,1.9581190347671509,131.6407928466797,1.0,1.0,0.0,1.0,0.0,0.0,0.08433973044157028,0.32351940870285034,8.138020833333333e-05,0.10373218357563019,0.1502574384212494,0.19529293477535248,-1.7932765483856201,-1.7021459341049194,-1.614305019378662,0.0,1.0
586752,573,5,124.17136632828877,122.4,-0.004668399342335761,4.379756528139114,-0.8491982653737068,0.005277402364299633,0.0494873046875,1.294352227449417,39.672137999534606,0.3224973678588867,5.335506439208984,33.95429229736328,32.382057189941406,33.631797790527344,34.17152404785156,0.9728517128335642,3.0284852981567383,122.114501953125,1.0,1.0,0.0,1.0,0.0,0.0,0.23761983215808868,0.34884727001190186,8.138020833333333e-05,0.10377650707960129,0.15006232261657715,0.19348537921905518,-1.7931888103485107,-1.7025080919265747,-1.6177870035171509,0.0,1.0
587776,574,9,132.266810418069,133.66666666666666,-0.004744991392362863,3.4823601320385933,-0.8550183326005936,0.006086015042092186,0.05888671875,1.1609594002366066,35.35831645727158,-0.8911074995994568,4.656355381011963,39.718116760253906,31.24633026123047,40.609222412109375,31.31545066833496,0.9777927803697806,2.286856174468994,106.8488998413086,0.975,1.0,0.0,1.0,0.0,0.0,0.21928991377353668,0.3273034691810608,8.138020833333333e-05,0.10250800102949142,0.14864377677440643,0.19120673835277557,-1.795699119567871,-1.7052453756332397,-1.6221797466278076,0.0,1.0
588800,575,7,130.51869173134443,135.71428571428572,-0.004139967146329582,3.0293356746435167,-0.8620001330971718,0.005029748058586847,0.0528076171875,1.2118046164512635,33.030042827129364,1.1590863466262817,4.198752403259277,36.025177001953125,33.747711181640625,34.866092681884766,34.620521545410156,0.9845206800596025,2.552593231201172,101.0427017211914,1.0,1.0,0.0,1.0,0.0,0.0,0.1978638917207718,0.3750610947608948,0.00048828125,0.10226000100374222,0.14758028090000153,0.1888490915298462,-1.7961899042129517,-1.7073310613632202,-1.6267287731170654,0.0,1.0
589824,576,8,152.12393988357223,137.375,-0.004978884232696146,4.913883559405804,-0.8625643745064735,0.005851157313736621,0.0598388671875,1.1049293667078017,40.19848330020905,1.6049342155456543,5.4735565185546875,41.635963439941406,30.206594467163086,40.031028747558594,31.509401321411133,0.9671651016087326,1.9272621870040894,129.3851318359375,1.0,1.0,0.0,1.0,0.0,0.0,-0.02533545531332493,0.3492591977119446,8.138020833333333e-05,0.10279186815023422,0.14880429208278656,0.19122353196144104,-1.7951372861862183,-1.7049368619918823,-1.6221473217010498,0.0,1.0
590848,577,7,141.7448317017799,141.0,-0.0052277975715696815,3.638942189514637,-0.8559715196490287,0.005293851034366526,0.0512939453125,1.0141525983810424,36.11713297367096,-0.533595085144043,4.348053455352783,34.542274475097656,30.456565856933594,35.07586669921875,30.656240463256836,0.9796188865660843,1.5809004306793213,111.74227142333984,1.0,1.0,0.0,1.0,0.0,0.0,0.06124693155288696,0.38338276743888855,0.00016276041666666666,0.1036589965224266,0.1491405963897705,0.19115599989891052,-1.7934213876724243,-1.7042604684829712,-1.6222774982452393,0.0,1.0
591872,578,8,135.23425032186444,126.0,-0.003698055923450738,4.354378108680248,-0.8577328592538833,0.003978942988032941,0.054833984375,1.23797305226326,45.384938907623294,0.26316210627555847,5.035573959350586,42.3640022277832,30.83160972595215,42.1008415222168,30.923572540283203,0.9733249295595471,1.983807921409607,159.47021484375,1.0,1.0,0.0,1.0,0.0,0.0,0.11195075511932373,0.3630225658416748,0.0,0.1021290197968483,0.14846894145011902,0.189845472574234,-1.7964491844177246,-1.7056020498275757,-1.6248056888580322,0.0,1.0
592896,579,8,138.81137483300358,132.75,-0.006158844230230898,3.7912411995232107,-0.8604367852210999,0.006104080898512621,0.0529296875,1.127155290544033,37.76550251245499,2.352273464202881,4.4113969802856445,35.84693908691406,30.622472763061523,33.494667053222656,31.635530471801758,0.9792474326586813,2.0715417861938477,127.47757720947266,1.0,1.0,0.0,1.0,0.0,0.0,0.17266373336315155,0.3776853680610657,8.138020833333333e-05,0.10195323824882507,0.1484774798154831,0.1902126520872116,-1.7967970371246338,-1.7055878639221191,-1.6240973472595215,0.0,1.0
593920,580,8,137.2104846095625,136.125,-0.00665837072301656,3.450203983485699,-0.8585138529539108,0.011572958789474796,0.08916015625,1.2507046237587929,39.98511254787445,1.1349449157714844,4.464911937713623,36.861751556396484,30.96603012084961,35.726806640625,30.076017379760742,0.9792099853490457,2.2154221534729004,136.25210571289062,1.0,1.0,0.0,1.0,0.0,0.0,0.16153398156166077,0.3952540159225464,0.000244140625,0.10440953820943832,0.14916126430034637,0.19022539258003235,-1.7919363975524902,-1.7042298316955566,-1.6240726709365845,0.0,1.0
594944,581,8,139.12420245341647,138.375,-0.0060392980347387494,3.804647906124592,-0.8595037341117859,0.005841501637769397,0.0727783203125,0.9955409362912178,47.0635543346405,1.3937002420425415,4.764329433441162,37.90684127807617,33.41619110107422,36.513145446777344,33.39114761352539,0.9796722304594495,1.440028190612793,188.1439971923828,1.0,1.0,0.0,1.0,0.0,0.0,0.17502300441265106,0.37285131216049194,8.138020833333333e-05,0.10207739472389221,0.1475125402212143,0.18788836896419525,-1.7965513467788696,-1.7074341773986816,-1.6285836696624756,0.0,1.0
595968,582,6,143.57318541834886,139.0,-0.005208612739806995,5.896723774075508,-0.8645278930664062,0.004633437699521892,0.0447998046875,0.9849977985024452,39.329968976974484,-0.07229781150817871,5.454371452331543,41.26373291015625,30.79468536376953,41.336036682128906,29.19224739074707,0.9686283130731682,2.101182222366333,101.61136627197266,1.0,1.0,0.0,1.0,0.0,0.0,0.18398010730743408,0.3856858015060425,0.0003255208333333333,0.1032504066824913,0.14847590029239655,0.18834592401981354,-1.7942298650741577,-1.7055662870407104,-1.6277000904083252,0.0,1.0
596992,583,8,140.0256558413651,127.75,-0.003914021060336381,5.020205926895142,-0.8610224545001983,0.004020084658986889,0.0481689453125,1.024455913156271,43.751975297927856,0.3381427526473999,5.495365142822266,44.69243621826172,32.80613708496094,44.35429000854492,32.76503372192383,0.9719403059002111,1.6835881471633911,129.29393005371094,0.975,1.0,0.0,1.0,0.0,0.0,0.005413112696260214,0.36296960711479187,0.00016276041666666666,0.10142911970615387,0.1476244181394577,0.188310444355011,-1.7978346347808838,-1.7072277069091797,-1.627768635749817,0.0,1.0
598016,584,8,136.46621395731307,130.375,-0.004900980123784393,7.7435005635023115,-0.8673095896840095,0.004826946546381805,0.06923828125,1.0331254050135612,41.96179895401001,-0.1228552907705307,6.213984489440918,44.467777252197266,33.205814361572266,44.590633392333984,33.14155197143555,0.9649803301237544,1.6817032098770142,117.96795654296875,1.0,1.0,0.0,1.0,0.0,0.0,0.08120086789131165,0.35386502742767334,0.0,0.0993388295173645,0.1468011885881424,0.18687361478805542,-1.8019733428955078,-1.7088559865951538,-1.6305434703826904,0.0,1.0
599040,585,8,157.24936984256536,142.375,-0.00525002197973663,5.7895358636975285,-0.8737570568919182,0.00378310216619866,0.056982421875,1.0345283448696136,36.02492620944977,-0.7664891481399536,5.1965460777282715,40.040283203125,32.00196075439453,40.8067741394043,32.04153823852539,0.9736320522171835,2.1374716758728027,93.50313568115234,0.975,1.0,0.0,1.0,0.0,0.0,0.10282395035028458,0.33269229531288147,0.0,0.09707328677177429,0.1451510637998581,0.1844809353351593,-1.806460976600647,-1.7120699882507324,-1.6351675987243652,0.0,1.0
600064,586,6,114.84498822163664,131.0,-0.004351504903752357,4.530221238732338,-0.8801560133695603,0.0010097136473632418,0.041357421875,1.1226421311497687,37.89845819473267,-0.3446929156780243,5.16687536239624,35.79363250732422,33.948585510253906,36.13832473754883,33.20594024658203,0.9768360487863829,2.1784021854400635,107.61154174804688,0.975,1.0,0.0,1.0,0.0,0.0,0.17066116631031036,0.36835020780563354,0.0,0.09603781998157501,0.14510110020637512,0.18418772518634796,-1.8085126876831055,-1.7121809720993042,-1.6357345581054688,0.0,1.0
601088,587,7,144.4193221123557,135.0,-0.004166811041068285,2.5306603729724886,-0.8770156979560852,0.0031022740382468327,0.04072265625,1.0496607303619385,23.95741523504257,0.0625365823507309,3.528649091720581,43.622737884521484,29.365947723388672,43.560203552246094,30.51471710205078,0.985561274382004,1.827798843383789,81.0545425415039,1.0,1.0,0.0,1.0,0.0,0.0,0.04104018211364746,0.36312809586524963,0.0,0.09767625480890274,0.14607460796833038,0.18534916639328003,-1.8052663803100586,-1.7102876901626587,-1.6334891319274902,0.0,1.0
602112,588,8,136.1538256729757,134.375,-0.007582998578436672,2.908077372610569,-0.8796773657202721,0.005296788542182185,0.0635986328125,0.8501895241439342,32.028772187232974,1.4473702907562256,4.1220784187316895,38.80518341064453,32.256404876708984,37.357810974121094,34.02840042114258,0.9836694569699846,1.4238522052764893,106.89873504638672,0.975,1.0,0.0,1.0,0.0,0.0,-0.015575644560158253,0.336017370223999,0.0,0.09707578271627426,0.1435045450925827,0.1815786361694336,-1.8064559698104858,-1.7152857780456543,-1.6407819986343384,0.0,1.0
603136,589,7,157.34230139888805,151.0,-0.0035962298279628158,3.019384019076824,-0.8932306587696075,0.005008388495480176,0.0404541015625,1.1951068446040154,42.60976263284683,2.077054738998413,4.153740882873535,44.266448974609375,32.4322624206543,42.189395904541016,33.76624298095703,0.9835969611734197,2.238682270050049,132.6625213623047,1.0,1.0,0.0,1.0,0.0,0.0,0.15828122198581696,0.36793020367622375,0.00016276041666666666,0.09874053299427032,0.14238420128822327,0.17886947095394135,-1.8031582832336426,-1.7174288034439087,-1.6460280418395996,0.0,1.0
604160,590,8,167.74649869650096,138.25,-0.005812904669437557,3.080593594908714,-0.898002976179123,0.004801444165059366,0.0518798828125,1.0340464100241662,32.899013459682465,1.6142024993896484,4.11468505859375,43.40380859375,28.830352783203125,41.78960418701172,29.84375,0.9796308310695216,1.595983862876892,133.3955841064453,1.0,1.0,0.0,1.0,0.0,0.0,0.03620731830596924,0.37816089391708374,0.0,0.0978497639298439,0.14147964119911194,0.17922700941562653,-1.8049226999282837,-1.7192134857177734,-1.6453354358673096,0.0,1.0
605184,591,7,142.26956855155785,130.57142857142858,-0.006174549064598978,6.456320151686668,-0.9022909551858902,0.004228432972740848,0.070361328125,1.0564845398068428,35.540347242355345,0.47530627250671387,4.953371524810791,48.02946472167969,34.63304138183594,47.55415725708008,34.234317779541016,0.9795440077552999,1.9390498399734497,113.48432159423828,1.0,1.0,0.0,1.0,0.0,0.0,-0.09651573747396469,0.36549171805381775,0.0,0.09910537302494049,0.14099140465259552,0.1776229739189148,-1.8024356365203857,-1.7201472520828247,-1.6484434604644775,0.0,1.0
606208,592,8,165.4705772276389,138.875,-0.0062873977760318665,2.0911982111632823,-0.904158067703247,0.005598054513393435,0.065576171875,1.1623248353600502,20.914714777469634,0.7019959092140198,3.4567654132843018,46.7339973449707,29.94806671142578,46.032005310058594,29.98917579650879,0.9866769951737188,1.7525675296783447,55.544532775878906,1.0,1.0,0.0,1.0,0.0,0.0,-0.07370533794164658,0.34572309255599976,0.0,0.09989240020513535,0.14104335010051727,0.17711855471134186,-1.8008770942687988,-1.7200289964675903,-1.649421215057373,0.0,1.0
607232,593,8,165.90695212519103,147.75,-0.005546632234472782,8.457486578822136,-0.9031297743320466,0.007641044667980168,0.06611328125,1.0591996535658836,47.583833360671996,-0.33475589752197266,6.62378454208374,38.56019592285156,31.335474014282227,38.89494323730469,31.07575035095215,0.9553172525957208,2.1846187114715576,135.81033325195312,0.975,1.0,0.0,1.0,0.0,0.0,0.11351636797189713,0.34687361121177673,0.0,0.09999284893274307,0.14112524688243866,0.1767035871744156,-1.8006781339645386,-1.7198628187179565,-1.6502257585525513,0.0,1.0
608256,594,6,92.8430525272861,120.66666666666667,-0.005184846103657037,6.552806454896927,-0.8960917532444,0.0033307427060208284,0.0505859375,1.0580960243940354,56.86363794803619,-1.2879219055175781,5.805613994598389,37.10942840576172,34.65654373168945,38.39734649658203,33.82484817504883,0.9719375342366435,2.148969888687134,161.12924194335938,1.0,1.0,0.0,1.0,0.0,0.0,-0.17991460859775543,0.2858838140964508,0.0,0.10261708498001099,0.14367660880088806,0.1789887696504593,-1.7954832315444946,-1.7148820161819458,-1.6457968950271606,0.0,1.0
609280,595,6,144.98583389159387,150.16666666666666,-0.00586278821574524,1.5639443844556808,-0.8841247901320457,0.005241278483299539,0.0593017578125,1.1126025393605232,20.551282668113707,0.036559686064720154,3.122558832168579,37.06219482421875,33.73052978515625,37.025634765625,33.59183883666992,0.9914301156338862,2.01936411857605,56.45381164550781,1.0,1.0,0.0,1.0,0.0,0.0,-0.14600349962711334,0.3501242995262146,0.0,0.10248766094446182,0.1445690393447876,0.17879123985767365,-1.7957392930984497,-1.7131463289260864,-1.6461796760559082,0.0,1.0
610304,596,8,144.88154675808732,149.625,-0.00278417106019333,4.249825593829155,-0.8824375823140145,0.005919309458113276,0.0481689453125,1.0329771757125854,38.52784888744354,0.2560786008834839,5.439544677734375,35.96308898925781,33.985225677490234,35.707008361816406,34.43926239013672,0.9743820257243703,1.8837062120437622,131.01075744628906,0.975,1.0,0.0,1.0,0.0,0.0,-0.038584817200899124,0.36369016766548157,0.00016276041666666666,0.10188128799200058,0.14449940621852875,0.17931132018566132,-1.796939492225647,-1.7132734060287476,-1.645172119140625,0.0,1.0
611328,597,8,141.36360158369257,134.75,-0.004903135588392615,4.7250086814165115,-0.8818084493279457,0.008270067554258275,0.0731201171875,1.1289512261748313,43.38351712226868,0.6267915368080139,5.597745418548584,47.06724548339844,32.8155517578125,46.44045639038086,33.93690490722656,0.9709017421167472,1.9739205837249756,117.36711883544922,1.0,1.0,0.0,1.0,0.0,0.0,-0.02967316471040249,0.36785390973091125,0.0,0.10328873246908188,0.14500856399536133,0.18064042925834656,-1.7941540479660034,-1.7122880220413208,-1.6425981521606445,0.0,1.0
612352,598,8,143.82978774566465,134.0,-0.0058862075791694226,4.989334325492382,-0.8792149171233177,0.00489128829940455,0.0641357421875,1.0119727820158004,41.125740432739256,-1.3098102807998657,4.985057830810547,46.604793548583984,29.840248107910156,47.91460418701172,28.109954833984375,0.9720915629067984,1.762122392654419,123.84054565429688,1.0,1.0,0.0,1.0,0.0,0.0,0.042958442121744156,0.3605036437511444,0.0,0.10468568652868271,0.1453131139278412,0.1825312077999115,-1.7913901805877686,-1.7116827964782715,-1.6389386653900146,0.0,1.0
613376,599,8,123.06764906889731,127.0,-0.003998877503909171,6.507147833704948,-0.8782237723469735,0.0032688070816220714,0.0439697265625,1.0932440966367722,67.25749006271363,-1.9825159311294556,5.679055213928223,33.52427291870117,36.0040397644043,35.50679016113281,35.05703353881836,0.9751200355852077,1.818493127822876,230.22242736816406,1.0,1.0,0.0,1.0,0.0,0.0,-0.04888962581753731,0.3988858759403229,0.00016276041666666666,0.10306791961193085,0.14519162476062775,0.18281766772270203,-1.794590950012207,-1.7119293212890625,-1.6383843421936035,0.0,1.0
614400,600,7,110.65986108006244,125.0,-0.006057758486713282,2.0014174923300745,-0.8771399646997452,0.004688438652374316,0.0541259765625,0.9452410966157914,28.235404801368713,0.8966224193572998,3.8815340995788574,36.91290283203125,34.74668884277344,36.01628112792969,36.60497283935547,0.987520993552585,1.644418716430664,94.6329345703125,1.0,1.0,0.0,1.0,0.0,0.0,-0.01327927689999342,0.3688966929912567,8.138020833333333e-05,0.10210718214511871,0.14599549770355225,0.18376104533672333,-1.796492338180542,-1.7103863954544067,-1.6365596055984497,0.0,1.0
615424,601,8,153.85280219342837,152.0,-0.006617514207027853,5.2138050436973575,-0.8768928095698356,0.006040696101263165,0.0576904296875,1.0348824664950371,55.622008085250854,-1.0234659910202026,5.394780158996582,40.759342193603516,36.76530456542969,41.782806396484375,36.95259475708008,0.9784686572010654,1.6540454626083374,195.63766479492188,1.0,1.0,0.0,1.0,0.0,0.0,0.030148804187774658,0.34415552020072937,0.0,0.09853887557983398,0.14466498792171478,0.1825651377439499,-1.8035576343536377,-1.7129884958267212,-1.6388729810714722,0.0,1.0
616448,602,8,132.7235763175812,132.625,-0.00504782609641552,3.5526256904006006,-0.8812590196728707,0.006267639572615735,0.062939453125,0.9510609701275825,30.61626728773117,0.8233474493026733,4.127311706542969,38.93232727050781,33.07347106933594,38.108978271484375,34.21571731567383,0.9844269037333205,1.504629135131836,91.56754302978516,1.0,1.0,0.0,1.0,0.0,0.0,0.12273716181516647,0.324882835149765,0.0,0.09864596277475357,0.14522242546081543,0.18156224489212036,-1.8033455610275269,-1.7119115591049194,-1.6408137083053589,0.0,1.0
617472,603,9,131.72599838434857,128.11111111111111,-0.005720905819907784,3.986811976134777,-0.8797281548380852,0.008044532318308484,0.078125,1.1641994066536427,35.3661368727684,-1.4508097171783447,4.697913646697998,40.35707473754883,31.287805557250977,41.80788803100586,30.715381622314453,0.9774545022542842,2.154250144958496,105.10308074951172,0.95,1.0,0.0,1.0,0.0,0.0,0.10133498907089233,0.3324149549007416,0.0,0.09644439071416855,0.14485658705234528,0.18385499715805054,-1.8077070713043213,-1.712660312652588,-1.6363779306411743,0.0,1.0
618496,604,7,128.32961451304263,127.14285714285714,-0.00496134401182644,5.4741064921021465,-0.8846885159611702,0.004552614323620219,0.0392822265625,1.039198948442936,52.899618685245514,-0.2552896738052368,5.882774353027344,41.52597427368164,31.481304168701172,41.78126525878906,32.1253776550293,0.9650812264963994,1.6555589437484741,187.9634552001953,1.0,1.0,0.0,1.0,0.0,0.0,-0.07398390024900436,0.36028853058815,0.0,0.09420067816972733,0.14351634681224823,0.18253475427627563,-1.812153935432434,-1.715279221534729,-1.6389317512512207,0.0,1.0
619520,605,8,132.3223037850092,131.0,-0.0067706514382734895,6.3176696509122845,-0.8919000580906868,0.006254481880750973,0.06142578125,1.0951142929494382,44.370413064956665,0.36832916736602783,5.832917213439941,40.660736083984375,32.67543411254883,40.29240417480469,32.488773345947266,0.9681339075999127,1.689034104347229,132.62596130371094,0.975,1.0,0.0,1.0,0.0,0.0,0.05263475701212883,0.38644176721572876,8.138020833333333e-05,0.09245426952838898,0.14270034432411194,0.18276947736740112,-1.815616488456726,-1.7168973684310913,-1.6384775638580322,0.0,1.0
620544,606,8,136.2935532723871,137.875,-0.004499309533275664,5.1926671922206875,-0.8910123139619828,0.005562724283663556,0.049658203125,1.126801598072052,39.969129705429076,0.4222068786621094,5.760613441467285,37.109214782714844,34.888816833496094,36.68701171875,36.39788818359375,0.972737543052142,2.0985960960388184,130.62164306640625,1.0,1.0,0.0,1.0,0.0,0.0,0.08051257580518723,0.3776718080043793,0.00016276041666666666,0.09297645837068558,0.14395923912525177,0.18499740958213806,-1.814581036567688,-1.7144579887390137,-1.634169101715088,0.0,1.0
621568,607,5,150.01524929867034,124.6,-0.0049380751443095505,3.90556980073452,-0.8861418023705483,0.006561597649124451,0.0593994140625,0.9175113648176193,26.343630743026733,0.47566187381744385,4.591375827789307,42.41887664794922,31.314647674560547,41.94321060180664,31.036087036132812,0.9785023643942004,1.5546144247055054,72.55551147460938,0.95,1.0,0.0,1.0,0.0,0.0,0.10560997575521469,0.33525577187538147,0.0,0.09215687215328217,0.14374859631061554,0.18636426329612732,-1.8162062168121338,-1.7148882150650024,-1.6315275430679321,0.0,1.0
622592,608,10,148.1088619432058,141.8,-0.0049600805970840154,5.813840338587761,-0.8899460047483444,0.007059679391386453,0.0619140625,1.1727471202611923,38.23569295406342,1.9348993301391602,5.639316082000732,34.01848220825195,29.190309524536133,32.08358383178711,32.464900970458984,0.9626770934238362,2.0683648586273193,112.0631332397461,1.0,1.0,0.0,1.0,0.0,0.0,0.08107835054397583,0.38907596468925476,0.0,0.09230473637580872,0.1430976241827011,0.18679367005825043,-1.8159130811691284,-1.7161612510681152,-1.6306979656219482,0.0,1.0
623616,609,9,116.71850091122207,116.44444444444444,-0.005263751733582467,5.808538243174553,-0.8938871026039124,0.007133202730619815,0.0781005859375,1.179137794673443,46.484564256668094,-1.3021656274795532,5.550485610961914,42.4683837890625,30.56229019165039,43.77054977416992,29.51980209350586,0.967016996080066,2.74918532371521,143.55047607421875,1.0,1.0,0.0,1.0,0.0,0.0,0.0766310915350914,0.35408374667167664,8.138020833333333e-05,0.09140080213546753,0.14220893383026123,0.1854059398174286,-1.817705750465393,-1.717902660369873,-1.6333794593811035,0.0,1.0
624640,610,6,157.13396068180532,146.83333333333334,-0.006085092609282583,5.071923522651195,-0.8965685203671455,0.005173877137713135,0.0692138671875,1.1181667760014533,43.24483494758606,2.5859336853027344,5.150274276733398,35.728126525878906,29.767375946044922,33.14219284057617,31.396406173706055,0.9700649765212439,1.9466880559921265,131.4115447998047,1.0,1.0,0.0,1.0,0.0,0.0,-0.022808285430073738,0.3574751317501068,8.138020833333333e-05,0.09260758012533188,0.1424967497587204,0.1842871904373169,-1.8153125047683716,-1.7173060178756714,-1.6355421543121338,0.0,1.0
625664,611,7,133.12040738670947,137.85714285714286,-0.008648920652922243,7.89109183549881,-0.8949815973639488,0.011768110204138793,0.07734375,1.0444865480065346,64.9044979095459,0.1248200535774231,6.753233432769775,44.867469787597656,33.43288803100586,44.74264907836914,33.556419372558594,0.9591985348093816,2.2490687370300293,219.8216094970703,0.975,1.0,0.0,1.0,0.0,0.0,-0.022118881344795227,0.3624128997325897,0.0,0.09007252752780914,0.1424657106399536,0.18587392568588257,-1.8203405141830444,-1.7173930406570435,-1.6324750185012817,0.0,1.0
626688,612,8,142.46750301008763,142.25,-0.0057849561562761664,4.6277530387043955,-0.8961197808384895,0.006657298933714628,0.0667236328125,0.9978738129138947,43.56977252960205,-1.1635384559631348,5.219573497772217,39.49736785888672,31.853219985961914,40.66090774536133,30.799331665039062,0.9731488203597735,1.821585774421692,161.87950134277344,0.975,1.0,0.0,1.0,0.0,0.0,0.012080552987754345,0.33389320969581604,0.0,0.09093000739812851,0.14233621954917908,0.1853998899459839,-1.8186395168304443,-1.7176384925842285,-1.6333911418914795,0.0,1.0
627712,613,8,129.42866515669022,123.75,-0.006482898385729641,5.699664029479027,-0.8958567276597023,0.0042592979516484775,0.073779296875,1.007983958721161,36.85515103340149,-0.18560080230236053,5.479764461517334,48.70677947998047,33.68833541870117,48.89237976074219,33.457786560058594,0.9735415379742184,1.7086806297302246,109.34651947021484,0.95,1.0,0.0,1.0,0.0,0.0,0.037056270986795425,0.32863956689834595,0.0,0.09130828082561493,0.142374649643898,0.18362274765968323,-1.8178892135620117,-1.7175545692443848,-1.6368271112442017,0.0,1.0
628736,614,9,142.06324493778513,132.77777777777777,-0.0048475389834493395,5.579759755730629,-0.8989134386181832,0.00358311786694685,0.0541259765625,1.1819134950637817,34.931992781162265,0.6136183738708496,5.198612213134766,38.87770462036133,34.50405502319336,38.26408386230469,36.01148223876953,0.9772995414246206,2.2210052013397217,99.90689086914062,1.0,1.0,0.0,1.0,0.0,0.0,0.11703018099069595,0.38402530550956726,0.0,0.08885614573955536,0.14114199578762054,0.18295015394687653,-1.82275390625,-1.7199960947036743,-1.6381280422210693,0.0,1.0
629760,615,6,130.99027008818962,133.33333333333334,-0.005141669511795044,6.104668372869492,-0.903551883995533,0.007453701840131543,0.0620849609375,1.1639862388372422,51.37250988483429,-0.1662714034318924,6.204442501068115,37.38691329956055,31.864158630371094,37.553184509277344,31.864351272583008,0.9620859080368546,2.0229694843292236,179.20779418945312,1.0,1.0,0.0,1.0,0.0,0.0,0.0642649382352829,0.4141736328601837,0.0,0.08962330222129822,0.1412353664636612,0.18248926103115082,-1.8212318420410156,-1.7197877168655396,-1.6390197277069092,0.0,1.0
630784,616,6,152.60421387368785,132.66666666666666,-0.00477141774026677,5.2481001883745195,-0.9023826822638512,0.004406368706258945,0.043505859375,1.1699037715792655,50.91158974170685,-0.7579774260520935,5.5981011390686035,42.25345230102539,31.127225875854492,43.01142883300781,32.1534538269043,0.9676554879203071,1.959190011024475,166.7847137451172,1.0,1.0,0.0,1.0,0.0,0.0,0.06376481056213379,0.3687755763530731,0.0,0.09289222210645676,0.14127664268016815,0.18015600740909576,-1.8147480487823486,-1.7196565866470337,-1.64353609085083,0.0,1.0
631808,617,9,135.3094969057903,141.55555555555554,-0.0067618225060869005,4.685014967620373,-0.9012052357196808,0.003737541208101902,0.0513916015625,1.1060677349567414,38.474473810195924,-0.5663971900939941,4.854198455810547,40.25777816772461,32.9326286315918,40.82417678833008,32.84883117675781,0.9782738762362011,1.9188077449798584,109.60211181640625,1.0,1.0,0.0,1.0,0.0,0.0,0.033856336027383804,0.362456738948822,0.0,0.09465260058641434,0.14140728116035461,0.17810660600662231,-1.81125807762146,-1.719372272491455,-1.6475062370300293,0.0,1.0
632832,618,9,132.01934946992523,124.0,-0.00691919926321134,5.3063762247562405,-0.9024408429861068,0.006894301003194414,0.0722412109375,1.0138600528240205,38.4919921875,-0.5871455073356628,5.245368003845215,45.576271057128906,31.41179847717285,46.163414001464844,29.801742553710938,0.9721152782299071,1.7274360656738281,126.49178314208984,1.0,1.0,0.0,1.0,0.0,0.0,-0.0070559740997850895,0.3734229505062103,0.0,0.09468425810337067,0.14107276499271393,0.17602719366550446,-1.8111953735351562,-1.720016598701477,-1.651537299156189,0.0,1.0
633856,619,5,145.16910601923382,152.8,-0.005830011493526399,2.6949939519166946,-0.899727912247181,0.009959413261094596,0.1055908203125,1.1608061499893665,32.53875296115875,0.26337099075317383,4.133550643920898,36.18928527832031,33.696075439453125,35.9259147644043,34.36617660522461,0.9849516822551504,2.5162410736083984,110.32007598876953,0.975,1.0,0.0,1.0,0.0,0.0,-0.10320073366165161,0.3696241080760956,0.0,0.09514930844306946,0.1425773799419403,0.17832373082637787,-1.8102736473083496,-1.7170969247817993,-1.647085428237915,0.0,1.0
634880,620,9,135.4469534906192,145.88888888888889,-0.004408194427378475,8.886382533609867,-0.8905611276626587,0.00552447053778451,0.0702392578125,1.1383959636092187,53.116060328483584,0.011341780424118042,6.521954536437988,38.253334045410156,35.699546813964844,38.24199295043945,36.35231018066406,0.9666243159868222,2.274998903274536,206.7477569580078,1.0,1.0,0.0,1.0,0.0,0.0,0.07687599211931229,0.38310685753822327,0.00016276041666666666,0.0971061959862709,0.1437871754169464,0.17924673855304718,-1.8063957691192627,-1.7147256135940552,-1.6452971696853638,0.0,1.0
635904,621,7,146.06527908846928,153.0,-0.004819252784363926,2.167944300174713,-0.8897077396512032,0.004467431383091025,0.0619384765625,1.314668060839176,20.32352511882782,0.41561031341552734,3.284977912902832,34.94906234741211,35.407127380371094,34.533451080322266,35.804012298583984,0.9913923716258617,2.137259006500244,72.89118957519531,1.0,1.0,0.0,1.0,0.0,0.0,-0.0495721697807312,0.4184867739677429,8.138020833333333e-05,0.09559507668018341,0.1426602154970169,0.17940932512283325,-1.8093900680541992,-1.7169216871261597,-1.6449823379516602,0.0,1.0
636928,622,6,136.97320421077828,139.0,-0.003927694074809552,3.7129167884588243,-0.8934445187449456,0.007886860739381519,0.0537841796875,1.0854191586375237,37.75081440210342,0.19204407930374146,5.112823486328125,30.90838623046875,32.1771125793457,30.71634292602539,33.15343475341797,0.974751971105367,1.9675273895263672,113.34457397460938,1.0,1.0,0.0,1.0,0.0,0.0,0.026247663423419,0.4080006182193756,0.0,0.09616617858409882,0.14317889511585236,0.18241597712039948,-1.808258295059204,-1.7159372568130493,-1.6391615867614746,0.0,1.0
637952,623,8,123.5633562231547,138.875,-0.006363326613791287,3.8965628296136856,-0.8890363544225692,0.005999794234230649,0.0716796875,1.16906276345253,44.208865356445315,-0.5963397026062012,4.597973346710205,26.251989364624023,33.747928619384766,26.848329544067383,34.2457389831543,0.9814374047648614,1.8197240829467773,140.56890869140625,1.0,1.0,0.0,1.0,0.0,0.0,0.0033186934888362885,0.3980675935745239,0.0,0.09581583738327026,0.14380836486816406,0.18452568352222443,-1.8089525699615479,-1.7147053480148315,-1.6350810527801514,0.0,1.0
638976,624,5,117.7734432121587,137.6,-0.006443337770178914,2.033816445618868,-0.8905371636152267,0.007978402034495957,0.070361328125,1.0086570918560027,28.91746379137039,-0.5884667038917542,3.6194839477539062,42.245155334472656,33.20490646362305,42.8336181640625,34.09215545654297,0.9881180215033887,1.591515064239502,106.46202850341797,1.0,1.0,0.0,1.0,0.0,0.0,-0.0429302342236042,0.3383951485157013,0.0,0.09351416677236557,0.14238417148590088,0.18231962621212006,-1.8135149478912354,-1.71749746799469,-1.639348030090332,0.0,1.0
640000,625,9,144.75536248260298,140.11111111111111,-0.005569700041087344,5.14961918592453,-0.898101469874382,0.005687240578117781,0.056982421875,0.9645523130893707,48.618052983283995,0.7484675645828247,5.745534896850586,37.70807647705078,31.623977661132812,36.95960998535156,34.39411163330078,0.966991340096879,1.5827051401138306,174.40054321289062,1.0,1.0,0.0,1.0,0.0,0.0,-0.06743665039539337,0.34016403555870056,0.0,0.09143893420696259,0.1416422426700592,0.1829044371843338,-1.8176300525665283,-1.718979001045227,-1.638216495513916,0.0,1.0
641024,626,9,123.79534766404997,125.0,-0.007273949703085236,4.624696955084801,-0.8992530956864357,0.006426235477556474,0.075537109375,0.9699199639260769,52.65346412658691,-1.1008789539337158,5.458099842071533,33.51902770996094,34.481468200683594,34.619911193847656,32.745025634765625,0.9749440154857748,1.5504063367843628,183.29730224609375,0.975,1.0,0.0,1.0,0.0,0.0,-0.01586981676518917,0.36103323101997375,0.0,0.09034353494644165,0.14205197989940643,0.18473277986049652,-1.8198028802871704,-1.7181898355484009,-1.6346806287765503,0.0,1.0
642048,627,9,117.35398808625256,116.33333333333333,-0.0037606208585202693,3.071249154210091,-0.8977597683668137,0.005077512293064501,0.03310546875,1.0163844145834446,34.520611262321474,0.16328337788581848,4.4568705558776855,37.51008987426758,31.842296600341797,37.34680938720703,32.945926666259766,0.9804092437971894,1.6430188417434692,128.33636474609375,0.975,1.0,0.0,1.0,0.0,0.0,0.004894615616649389,0.3662258982658386,0.0,0.08943137526512146,0.1419670283794403,0.1856652945280075,-1.8216125965118408,-1.718390941619873,-1.6328781843185425,0.0,1.0
643072,628,7,132.48499863767387,138.57142857142858,-0.005861631035804749,2.3370317578315736,-0.9006133109331131,0.0067377334242337385,0.050341796875,1.0863458946347238,28.265643429756164,-0.18072637915611267,3.6739509105682373,42.52597427368164,34.57175827026367,42.70669937133789,34.91567611694336,0.9887066228736078,1.7419146299362183,105.2413330078125,1.0,1.0,0.0,1.0,0.0,0.0,0.07422845810651779,0.38748306035995483,8.138020833333333e-05,0.08706508576869965,0.14108164608478546,0.1860838681459427,-1.8263084888458252,-1.7201365232467651,-1.6320693492889404,0.0,1.0
644096,629,7,146.89260131982905,139.42857142857142,-0.005752321996260435,2.8466415770351885,-0.9057350710034371,0.005341974370821845,0.0705810546875,1.0508688792586327,26.398457074165343,1.017859935760498,3.9553678035736084,39.84291458129883,32.9639778137207,38.82505416870117,32.89561462402344,0.9856022562672645,1.8877514600753784,80.11529541015625,0.975,1.0,0.0,1.0,0.0,0.0,0.04738478735089302,0.37608298659324646,0.0,0.08668376505374908,0.14047373831272125,0.18506796658039093,-1.8270654678344727,-1.7213133573532104,-1.6340327262878418,0.0,1.0
645120,630,7,141.3849268347937,133.28571428571428,-0.005020166363101453,8.817080399394035,-0.9076207935810089,0.003595137468073517,0.05458984375,1.0765012815594672,59.346344232559204,-1.4734878540039062,6.96749210357666,38.54558563232422,32.76456832885742,40.019073486328125,32.88815689086914,0.9547785876456748,2.0477676391601562,177.1859893798828,1.0,1.0,0.0,1.0,0.0,0.0,0.06238033249974251,0.3469678461551666,0.0,0.08713030070066452,0.1404215693473816,0.1848464161157608,-1.826179027557373,-1.7214194536209106,-1.6344609260559082,0.0,1.0
646144,631,8,141.37841333791033,139.0,-0.004474016861058772,3.8633209228515626,-0.9111042186617851,0.0025424168241443114,0.0391357421875,1.128160823881626,45.43837449550629,0.9296404123306274,5.179983139038086,37.99801254272461,31.237037658691406,37.06837463378906,32.786502838134766,0.9725009930303893,2.1018004417419434,144.07479858398438,1.0,1.0,0.0,1.0,0.0,0.0,0.12896065413951874,0.34149569272994995,0.0,0.08383375406265259,0.13883386552333832,0.1845759004354477,-1.8327242136001587,-1.7245649099349976,-1.634984016418457,0.0,1.0
647168,632,8,115.33480320927772,113.875,-0.007854930881876498,5.361485521495342,-0.9176185876131058,0.006603198270022403,0.075,1.067355541139841,38.885458898544314,-1.3609955310821533,5.302415370941162,35.45444869995117,30.91141700744629,36.8154411315918,30.714542388916016,0.9705754618247998,1.9438568353652954,119.22200775146484,0.975,1.0,0.0,1.0,0.0,0.0,-0.007290191948413849,0.36714521050453186,8.138020833333333e-05,0.08312157541513443,0.13880597054958344,0.18497255444526672,-1.8341386318206787,-1.724609375,-1.6342171430587769,0.0,1.0
648192,633,10,136.3552864916955,134.5,-0.005574817804154008,4.105515775084496,-0.9175085172057151,0.008406183298211545,0.067724609375,1.1477901950478553,36.07781200408935,2.140988826751709,4.628756046295166,36.94934844970703,32.232627868652344,34.80835723876953,34.177268981933594,0.9793776981095255,2.328585147857666,124.80315399169922,1.0,1.0,0.0,1.0,0.0,0.0,-0.006770616862922907,0.35238075256347656,0.0,0.08224356174468994,0.1387026309967041,0.18378885090351105,-1.8358827829360962,-1.724833607673645,-1.6365058422088623,0.0,1.0
649216,634,8,123.57116003977701,127.125,-0.003904236078960821,4.057202133536339,-0.9221103772521019,0.004203424409206491,0.04384765625,1.0736356407403946,28.212601161003114,-0.8642309904098511,4.505414962768555,33.96955871582031,30.63468360900879,34.83378601074219,30.765869140625,0.9783706814146027,1.9318374395370483,70.49795532226562,1.0,1.0,0.0,1.0,0.0,0.0,0.022214310243725777,0.38870272040367126,0.0,0.08203505724668503,0.13676021993160248,0.17970195412635803,-1.8362969160079956,-1.728588581085205,-1.6444154977798462,0.0,1.0
650240,635,7,119.67971616081806,120.28571428571429,-0.006832926732022316,2.4951013326644897,-0.9349338248372078,0.00609492916992167,0.06982421875,1.2266616970300674,26.856957924365997,0.958293080329895,4.093303203582764,35.77113723754883,31.427534103393555,34.812843322753906,33.21548080444336,0.9830360417253232,2.1511216163635254,92.22956848144531,0.975,1.0,0.0,1.0,0.0,0.0,-0.013262077234685421,0.3494030237197876,0.0,0.08060874789953232,0.134803906083107,0.17761458456516266,-1.8391307592391968,-1.7324331998825073,-1.648459792137146,0.0,1.0
651264,636,7,122.79262991727386,130.42857142857142,-0.006723432336002588,3.9242658853530883,-0.9428820833563805,0.003657759247289505,0.0532470703125,1.018530973792076,26.044147264957427,-1.0238428115844727,4.323509693145752,41.18193054199219,32.34299850463867,42.205772399902344,31.608644485473633,0.982130500469224,1.6640604734420776,71.58403778076172,1.0,1.0,0.0,1.0,0.0,0.0,0.03744715824723244,0.40487435460090637,0.0,0.08142209053039551,0.1342892199754715,0.1762799471616745,-1.8375147581100464,-1.7334085702896118,-1.6510472297668457,0.0,1.0
652288,637,8,128.61151640923924,132.875,-0.00870505217462778,6.735024189949035,-0.9416625365614891,0.010947819366992916,0.10107421875,1.1700305864214897,44.75098633766174,-0.695565402507782,5.6493821144104,34.1260986328125,31.424997329711914,34.82167053222656,30.69285774230957,0.9676814874063597,1.7710071802139282,167.75582885742188,0.975,1.0,0.0,1.0,0.0,0.0,-0.01603049971163273,0.4188387989997864,0.0,0.08231785893440247,0.13496887683868408,0.17718443274497986,-1.8357350826263428,-1.7320886850357056,-1.6492935419082642,0.0,1.0
653312,638,9,107.50776277431268,119.0,-0.006491773476591333,4.539523209631443,-0.9372367769479751,0.005963733211683575,0.0864013671875,0.961110033094883,33.62956669330597,-1.0279548168182373,4.940090656280518,33.915992736816406,32.42427444458008,34.943946838378906,31.684724807739258,0.9767871014437814,1.868099331855774,128.35671997070312,1.0,1.0,0.0,1.0,0.0,0.0,-0.07283823937177658,0.3775828182697296,0.0,0.08444561064243317,0.13586172461509705,0.17737245559692383,-1.8315091133117676,-1.730326771736145,-1.6489291191101074,0.0,1.0
654336,639,8,129.559690765101,130.625,-0.005924696789588779,4.867867341637611,-0.9362664386630059,0.006183676492946688,0.0551025390625,1.2163415841758252,38.391689562797545,1.1624135971069336,5.174319744110107,35.407135009765625,32.17668914794922,34.244720458984375,34.77098083496094,0.9741402842096921,2.1953542232513428,118.49629211425781,0.975,1.0,0.0,1.0,0.0,0.0,-0.11923453956842422,0.3626039922237396,0.0,0.08120441436767578,0.1348593682050705,0.17792753875255585,-1.8379472494125366,-1.732303500175476,-1.6478532552719116,0.0,1.0
655360,640,8,137.1370778584068,127.5,-0.006524024199461564,2.8423516675829887,-0.9445305943489075,0.007051757960289251,0.0697509765625,1.1651615887880324,34.28374820947647,1.6966564655303955,3.985671043395996,35.32115173339844,31.220956802368164,33.62449645996094,32.503936767578125,0.9837028934986954,2.0133328437805176,129.89230346679688,1.0,1.0,0.0,1.0,0.0,0.0,0.06196259334683418,0.4175892472267151,0.0,0.07882096618413925,0.13335175812244415,0.17537188529968262,-1.8426836729049683,-1.7352652549743652,-1.6528083086013794,0.0,1.0
656384,641,9,128.17983464228695,109.11111111111111,-0.008147412037942559,5.123114036023617,-0.9469961211085319,0.010319544894446152,0.0869384765625,1.109020647406578,41.43874764442444,-0.2734309434890747,5.384426116943359,37.71676254272461,28.8333797454834,37.99019241333008,28.57257843017578,0.9651271261064602,1.7103604078292847,121.9638671875,1.0,1.0,0.0,1.0,0.0,0.0,0.13671894371509552,0.37951070070266724,8.138020833333333e-05,0.07809574156999588,0.1346960812807083,0.17714864015579224,-1.8441252708435059,-1.7326507568359375,-1.6493629217147827,0.0,1.0
657408,642,8,127.68693178811827,131.25,-0.0054888786515221,10.795748189091682,-0.9389089450240136,0.006701703580620233,0.061181640625,1.1674428805708885,67.45979957580566,0.9226301312446594,7.413557052612305,34.377967834472656,32.52088165283203,33.45534133911133,34.318763732910156,0.9480328819497839,2.1011979579925537,184.53089904785156,0.975,1.0,0.0,1.0,0.0,0.0,0.11892486363649368,0.42624470591545105,8.138020833333333e-05,0.07913964241743088,0.13510115444660187,0.17614614963531494,-1.842050313949585,-1.7318453788757324,-1.6513066291809082,0.0,1.0
658432,643,8,139.04288840776,130.25,-0.003303925594082102,5.452357415854931,-0.9406822711229325,0.004999289810075425,0.05146484375,1.1485754132270813,47.555637741088866,1.1676225662231445,5.7846245765686035,33.67755126953125,30.17943000793457,32.509925842285156,31.947755813598633,0.9632609122549654,1.829196810722351,143.61700439453125,1.0,1.0,0.0,1.0,0.0,0.0,0.05337418615818024,0.4010022282600403,0.0,0.07715320587158203,0.13422657549381256,0.1743374466896057,-1.845999002456665,-1.7335790395736694,-1.6548151969909668,0.0,1.0
659456,644,8,102.84175482926466,117.875,-0.004617947805672884,2.2274253599345686,-0.9421223163604736,0.00260989769740263,0.052783203125,0.9664646998047829,22.382315027713776,0.8513978719711304,3.6450071334838867,38.452239990234375,32.80066680908203,37.60084533691406,31.57020378112793,0.9876510108758876,1.6415780782699585,74.38895416259766,1.0,1.0,0.0,1.0,0.0,0.0,-0.10651669651269913,0.35239896178245544,0.0,0.07792875170707703,0.1351693868637085,0.17419134080410004,-1.8444572687149048,-1.7317343950271606,-1.6550986766815186,0.0,1.0
660480,645,7,157.77110619979422,125.71428571428571,-0.007975259219529107,3.6008461490273476,-0.9360896721482277,0.006594070866412949,0.08681640625,0.9525661155581474,38.97468895912171,0.2843925356864929,4.847225189208984,38.176536560058594,26.528799057006836,37.892147064208984,27.732141494750977,0.9666150202554512,1.7060954570770264,133.52023315429688,0.925,1.0,0.0,1.0,0.0,0.0,-0.035101983696222305,0.34750694036483765,0.0,0.07956448942422867,0.13574530184268951,0.17136946320533752,-1.8412059545516968,-1.730553150177002,-1.6605772972106934,0.0,1.0
661504,646,9,117.28245644629318,128.11111111111111,-0.005946691549615935,4.521685603260994,-0.9345440730452538,0.0081464700109791,0.061865234375,1.0475446447730064,37.91961653232575,0.3187713623046875,4.86881685256958,36.10503387451172,33.55081558227539,35.7862663269043,34.029422760009766,0.9789408540042146,1.726521372795105,121.19355773925781,1.0,1.0,0.0,1.0,0.0,0.0,0.05351807549595833,0.3336879312992096,0.0,0.07999780774116516,0.1358741968870163,0.1702909618616104,-1.840344786643982,-1.7303012609481812,-1.662672519683838,0.0,1.0
662528,647,8,127.83543027536211,142.75,-0.004120024654548615,2.153422911465168,-0.9329284861683845,0.004824517857923638,0.0506591796875,0.9917405463755131,24.29868017435074,0.27276453375816345,3.3347907066345215,32.80406188964844,35.53133010864258,32.53129959106445,35.55270004272461,0.9911912510016346,1.6061618328094482,77.7417221069336,0.975,1.0,0.0,1.0,0.0,0.0,-0.1601298600435257,0.3620378375053406,0.0,0.08096783608198166,0.13635313510894775,0.17077088356018066,-1.8384172916412354,-1.7293572425842285,-1.6617400646209717,0.0,1.0
663552,648,8,150.93958919778225,134.625,-0.004749698075465858,2.508645109832287,-0.931774628162384,0.005880497497855686,0.0673095703125,1.0542176827788352,38.22290903329849,1.7803295850753784,4.028715133666992,34.50062561035156,28.117740631103516,32.720298767089844,29.986173629760742,0.9794707916899923,1.8853400945663452,128.90017700195312,1.0,1.0,0.0,1.0,0.0,0.0,-0.05648593604564667,0.4036963880062103,0.0,0.08003374189138412,0.13619041442871094,0.17146462202072144,-1.840273380279541,-1.7296868562698364,-1.6603924036026,0.0,1.0
664576,649,8,122.82349703051341,126.625,-0.006165082321967929,2.717407742142677,-0.9356485962867737,0.006585391644330229,0.0572509765625,1.0200349599123002,30.59901531934738,0.3751259446144104,4.410826683044434,38.458980560302734,34.44990539550781,38.08385467529297,35.17844772338867,0.9836067934146828,1.8394739627838135,94.16435241699219,1.0,1.0,0.0,1.0,0.0,0.0,-0.048772718757390976,0.3785281777381897,0.0,0.0791860893368721,0.13483521342277527,0.16949307918548584,-1.8419580459594727,-1.7323493957519531,-1.664223074913025,0.0,1.0
665600,650,8,145.78292787756908,127.75,-0.004252633801661432,3.3565336793661116,-0.9422470197081566,0.004457750970323105,0.0398681640625,1.0624050810933112,39.74398095607758,1.300269603729248,4.450845241546631,39.794151306152344,27.753398895263672,38.4938850402832,29.399330139160156,0.974281081610767,2.101055860519409,117.57847595214844,1.0,1.0,0.0,1.0,0.0,0.0,-0.0022051092237234116,0.41817376017570496,8.138020833333333e-05,0.07774844020605087,0.1343468874692917,0.1694735735654831,-1.844815731048584,-1.733319640159607,-1.664260983467102,0.0,1.0
666624,651,9,132.6514060538512,116.66666666666667,-0.00528101014206186,3.9187398701906204,-0.9439008310437202,0.0041674470805446616,0.04931640625,1.0939741022884846,51.73237478733063,2.331169843673706,5.086909294128418,38.866363525390625,28.806331634521484,36.535194396972656,30.664457321166992,0.9688159805109405,1.9512981176376343,179.02481079101562,0.975,1.0,0.0,1.0,0.0,0.0,0.08643043041229248,0.3607868254184723,0.0,0.07783601433038712,0.13398049771785736,0.167344868183136,-1.8446415662765503,-1.7340306043624878,-1.6683999300003052,0.0,1.0
667648,652,8,138.7967703140568,128.375,-0.004487045266432688,7.733765426278114,-0.9395888060331344,0.00475382907607127,0.0503173828125,1.08022590726614,48.55974247455597,1.1908873319625854,6.176159381866455,37.10051727294922,32.17756271362305,35.90962600708008,32.76918411254883,0.9631590563418788,1.7003719806671143,184.94784545898438,0.95,1.0,0.0,1.0,0.0,0.0,0.10280384868383408,0.39450642466545105,0.0,0.08050170540809631,0.13627411425113678,0.16873495280742645,-1.839343547821045,-1.729506015777588,-1.6656968593597412,0.0,1.0
668672,653,7,128.65724188819343,121.28571428571429,-0.007121340290177613,5.264167606830597,-0.930747053027153,0.004992851304996293,0.0861083984375,0.9574146561324597,31.169346940517425,0.037111520767211914,5.09274435043335,40.48143005371094,30.027915954589844,40.444313049316406,30.76856231689453,0.9712357254549552,2.0431103706359863,96.51775360107422,0.975,1.0,0.0,1.0,0.0,0.0,0.01297113299369812,0.3513858914375305,0.0,0.07975611090660095,0.13636480271816254,0.17020167410373688,-1.840825080871582,-1.7293397188186646,-1.6628459692001343,0.0,1.0
669696,654,11,137.36673832385387,125.18181818181819,-0.005680458867573179,3.7754279494285585,-0.9330891683697701,0.005833857940160669,0.0639404296875,1.283054345846176,29.751922249794006,0.2371661216020584,4.482834339141846,40.05607986450195,30.775718688964844,39.818912506103516,31.034204483032227,0.9787827559125956,2.181530237197876,105.4346923828125,1.0,1.0,0.0,1.0,0.0,0.0,-0.2190810590982437,0.3409721553325653,0.0,0.080164335668087,0.13565842807292938,0.1682935655117035,-1.840013861656189,-1.730728030204773,-1.6665549278259277,0.0,1.0
670720,655,7,126.49001608296491,120.85714285714286,-0.005105757230194285,2.397090657800436,-0.9355255052447319,0.004931257110729348,0.0615478515625,1.0102727651596068,23.826207435131074,-0.31355342268943787,3.6933181285858154,39.50800704956055,29.566612243652344,39.82155990600586,29.9794979095459,0.9843962015718646,1.7370498180389404,79.4274673461914,1.0,1.0,0.0,1.0,0.0,0.0,-0.11530085653066635,0.3775191307067871,0.0,0.07972687482833862,0.13574214279651642,0.16902774572372437,-1.8408832550048828,-1.7305666208267212,-1.6651276350021362,0.0,1.0
671744,656,7,126.11311704826635,123.71428571428571,-0.005131893523503095,3.49940731972456,-0.9335256025195122,0.005718056886689737,0.057080078125,0.9949703872203827,28.909344470500947,0.43933114409446716,4.758997917175293,37.5598258972168,30.768159866333008,37.1204948425293,31.619295120239258,0.976076321087681,1.890283465385437,100.90093994140625,1.0,1.0,0.0,1.0,0.0,0.0,-0.10204991698265076,0.38528528809547424,0.0,0.07765386998653412,0.13650521636009216,0.17136496305465698,-1.8450037240982056,-1.7291169166564941,-1.6605859994888306,0.0,1.0
672768,657,9,148.5880300733836,135.33333333333334,-0.007167854672297835,2.785526655614376,-0.9298790127038956,0.009229387759114615,0.0652587890625,1.0932617247104646,24.43297200202942,1.2729368209838867,3.6724417209625244,39.38360595703125,31.95118522644043,38.11066818237305,31.690935134887695,0.9867889935403766,1.9039658308029175,73.42536163330078,1.0,1.0,0.0,1.0,0.0,0.0,-0.10314121097326279,0.38153713941574097,8.138020833333333e-05,0.07904814183712006,0.13667742908000946,0.17076998949050903,-1.8422322273254395,-1.7287578582763672,-1.6617417335510254,0.0,1.0
673792,658,7,145.31672849442663,129.0,-0.007462479849345982,3.4292165867984297,-0.9338797181844711,0.006873452513536904,0.0746826171875,1.0908025324344635,25.3641429066658,-0.06282337754964828,4.176758289337158,47.19261169433594,32.52656173706055,47.25543212890625,32.49728012084961,0.9835106947724208,1.9636093378067017,68.32563781738281,1.0,1.0,0.0,1.0,0.0,0.0,-0.03459208086133003,0.3843768537044525,0.0,0.07759607583284378,0.13467417657375336,0.16806155443191528,-1.845118522644043,-1.7326788902282715,-1.6670061349868774,0.0,1.0
674816,659,9,135.02769191008463,118.88888888888889,-0.0063842836068943145,4.806570434570313,-0.944227135181427,0.005786083999555558,0.0552490234375,1.033993974328041,36.29090887308121,1.3280681371688843,5.214010715484619,43.268287658691406,29.891477584838867,41.940216064453125,30.922420501708984,0.969573700707754,1.6331912279129028,104.79230499267578,0.975,1.0,0.0,1.0,0.0,0.0,-0.017671948298811913,0.32957449555397034,0.0,0.07731345295906067,0.13412411510944366,0.16796502470970154,-1.8456804752349854,-1.7337455749511719,-1.66719388961792,0.0,1.0
675840,660,6,153.5572589941049,153.16666666666666,-0.005877423763740808,3.892726744711399,-0.9433465391397476,0.006993052134930622,0.066552734375,0.9257245019078255,35.04253153800964,0.22491195797920227,5.056352615356445,36.57240295410156,31.14917755126953,36.347496032714844,30.898136138916016,0.9736499429979735,1.4404261112213135,108.62100982666016,1.0,1.0,0.0,1.0,0.0,0.0,-0.14158444106578827,0.3197174370288849,0.0,0.07903417944908142,0.13447824120521545,0.16922298073768616,-1.8422598838806152,-1.7330487966537476,-1.6647480726242065,0.0,1.0
676864,661,10,116.69978757205885,121.8,-0.00804669558419846,3.1624506250023843,-0.9429172873497009,0.007892070048546885,0.093212890625,0.8388827711343765,32.89552365541458,0.36762377619743347,4.29781436920166,34.78447341918945,32.56643295288086,34.416847229003906,31.67680549621582,0.9825837375839453,1.2100396156311035,92.81845092773438,1.0,1.0,0.0,1.0,0.0,0.0,-0.1488548070192337,0.3216584026813507,0.0,0.0785907730460167,0.13419891893863678,0.16888636350631714,-1.8431413173675537,-1.733580470085144,-1.6654024124145508,0.0,1.0
677888,662,8,140.770969213383,129.625,-0.0062292667105793955,2.1934793543070557,-0.9481205210089684,0.006879362906329334,0.0645263671875,0.9689940065145493,27.551735281944275,0.7277982831001282,3.8020567893981934,42.93017578125,33.1583251953125,42.20237731933594,34.59348678588867,0.9868522314162601,1.8506271839141846,84.23174285888672,0.975,1.0,0.0,1.0,0.0,0.0,-0.12972865998744965,0.32243311405181885,0.0,0.07509692758321762,0.1325380504131317,0.16908970475196838,-1.8500878810882568,-1.7368659973144531,-1.6650071144104004,0.0,1.0
678912,663,8,144.48203981907608,125.75,-0.005091561586596072,3.660764157772064,-0.9515476062893867,0.006109378453402314,0.0508544921875,0.9641155831515789,33.15363037586212,0.2645750939846039,4.9202423095703125,45.95384979248047,28.627735137939453,45.689273834228516,28.416433334350586,0.9704607816042055,1.4881480932235718,106.854736328125,0.975,1.0,0.0,1.0,0.0,0.0,-0.019665705040097237,0.37147006392478943,0.0,0.07569538801908493,0.13375090062618256,0.17036975920200348,-1.8488976955413818,-1.7344951629638672,-1.6625194549560547,0.0,1.0
679936,664,6,122.48832122830902,130.33333333333334,-0.00534560713567771,2.6953169390559197,-0.9450705960392952,0.005733972485177219,0.0549560546875,1.1622596248984336,26.433053934574126,-0.8563293814659119,3.8945748805999756,35.174705505371094,35.11701202392578,36.031036376953125,35.09632110595703,0.9877005694298739,2.1440510749816895,75.13671112060547,1.0,1.0,0.0,1.0,0.0,0.0,0.09738942235708237,0.35818442702293396,0.0,0.07279728353023529,0.13407689332962036,0.17257042229175568,-1.8546620607376099,-1.733899474143982,-1.6582449674606323,0.0,1.0
680960,665,9,141.1048335659279,131.0,-0.006033024319913238,2.5965146221220494,-0.9464950352907181,0.007380319434741977,0.082861328125,1.0720889300107956,25.366490685939787,0.6687849760055542,3.7708113193511963,37.55253601074219,32.07057571411133,36.883750915527344,33.58412551879883,0.9861752857697857,1.8181860446929932,92.62715911865234,1.0,1.0,0.0,1.0,0.0,0.0,-0.01800321415066719,0.37359029054641724,0.0,0.07171357423067093,0.13342031836509705,0.1712295562028885,-1.8568181991577148,-1.7352079153060913,-1.6608489751815796,0.0,1.0
681984,666,6,139.02786993694377,133.16666666666666,-0.005669047101400792,3.0569732055068015,-0.9478381752967835,0.005643663619412109,0.0584716796875,1.0818106949329376,35.81710271835327,0.19299468398094177,4.573136329650879,37.418785095214844,31.38005256652832,37.22578811645508,32.832942962646484,0.9787616400613276,1.8370637893676758,138.84649658203125,1.0,1.0,0.0,1.0,0.0,0.0,-0.03971080854535103,0.3440651297569275,0.0,0.07145112007856369,0.13403379917144775,0.17108866572380066,-1.8573404550552368,-1.7340024709701538,-1.6611226797103882,0.0,1.0
683008,667,9,129.86109671771447,137.55555555555554,-0.005103988526389003,2.660644058138132,-0.9417433559894561,0.009351524608791805,0.0802490234375,1.1699146538972856,24.62823475599289,0.5045960545539856,4.289268970489502,36.66729736328125,31.02531623840332,36.16270446777344,31.13551902770996,0.9808867711735326,2.076559066772461,81.26808166503906,1.0,1.0,0.0,1.0,0.0,0.0,-0.06543876230716705,0.35530686378479004,0.0,0.07370082288980484,0.13532589375972748,0.17131085693836212,-1.8528646230697632,-1.7314605712890625,-1.6606910228729248,0.0,1.0
684032,668,9,130.49661061345097,131.77777777777777,-0.0050196978496387604,4.514305706322193,-0.9412309199571609,0.004526305029867217,0.0486328125,1.107676362991333,38.60623072385788,1.3220179080963135,4.76381778717041,36.27981948852539,28.988616943359375,34.957801818847656,29.623693466186523,0.9729943089171442,2.116518259048462,136.28109741210938,0.95,1.0,0.0,1.0,0.0,0.0,-0.056372929364442825,0.38758584856987,0.0,0.07368772476911545,0.1337483525276184,0.16902993619441986,-1.8528907299041748,-1.7345303297042847,-1.6651233434677124,0.0,1.0
685056,669,8,108.8264707294506,117.75,-0.006517409003572538,3.2149711057543753,-0.9449320137500763,0.007212051878741477,0.0900390625,1.0280162587761879,28.31738386154175,0.06279134750366211,4.243424415588379,38.183876037597656,33.720951080322266,38.12108612060547,33.483909606933594,0.9841644464396532,1.5951128005981445,89.1409912109375,1.0,1.0,0.0,1.0,0.0,0.0,-0.1566610336303711,0.32779064774513245,0.0,0.07477764785289764,0.13492842018604279,0.17007626593112946,-1.8507227897644043,-1.7322145700454712,-1.6630897521972656,0.0,1.0
686080,670,7,141.10962904145615,126.0,-0.005384786997456104,1.1832779705524445,-0.9410304814577103,0.005676001278334297,0.0513427734375,1.0750961974263191,16.715787529945374,-0.1098247841000557,2.7654576301574707,40.596336364746094,27.99917984008789,40.70616149902344,27.815717697143555,0.9902446384525665,1.7680968046188354,42.75469207763672,1.0,1.0,0.0,1.0,0.0,0.0,-0.03501366451382637,0.3790324032306671,0.0,0.07303296029567719,0.1339493989944458,0.17035219073295593,-1.8541932106018066,-1.7341562509536743,-1.6625535488128662,0.0,1.0
687104,671,8,129.3255974061171,128.625,-0.004995699948631227,3.7984321102499963,-0.9440116286277771,0.005686298846558202,0.054736328125,1.0251908853650094,38.88889648914337,0.5850669145584106,5.026819229125977,39.20976638793945,32.51384735107422,38.624698638916016,32.1619758605957,0.9760971431462058,1.5939732789993286,114.61183166503906,0.95,1.0,0.0,1.0,0.0,0.0,-0.10943766683340073,0.33280521631240845,0.0,0.07549154758453369,0.13490022718906403,0.17124465107917786,-1.8493030071258545,-1.732251524925232,-1.66081964969635,0.0,1.0
688128,672,10,136.42709340982088,128.6,-0.006122099404456094,2.821191172301769,-0.9395505592226983,0.005697975990187842,0.07216796875,1.0385397508740426,29.74075574874878,1.1036546230316162,4.036094665527344,38.302940368652344,34.241512298583984,37.19928741455078,34.84957504272461,0.986106334999032,1.7307111024856567,103.3690185546875,1.0,1.0,0.0,1.0,0.0,0.0,0.017798608168959618,0.3718677759170532,0.0,0.07551334798336029,0.1348344385623932,0.1709742397069931,-1.8492597341537476,-1.7324072122573853,-1.6613450050354004,0.0,1.0
689152,673,6,146.21316306135557,128.0,-0.003970767790451646,6.791104197502136,-0.9374560937285423,0.0030014355172170324,0.0504638671875,0.972836384922266,38.60485844612121,0.30322736501693726,5.949398040771484,42.64950942993164,30.807050704956055,42.34627914428711,30.67937660217285,0.962705407038744,1.6467112302780151,103.85820770263672,0.975,1.0,0.0,1.0,0.0,0.0,0.10390222072601318,0.35436251759529114,0.0,0.07704643905162811,0.1360708326101303,0.1710396558046341,-1.846211314201355,-1.7299481630325317,-1.6612179279327393,0.0,1.0
690176,674,7,139.54208280766932,132.85714285714286,-0.004821587534388527,3.221009124815464,-0.9307892188429833,0.0050703421860816885,0.0476806640625,1.1169954031705855,27.857083249092103,-0.2897268533706665,4.188098907470703,43.28818130493164,31.44074058532715,43.577911376953125,31.557113647460938,0.9822561305792016,1.6821105480194092,84.2576675415039,1.0,1.0,0.0,1.0,0.0,0.0,-0.06592204421758652,0.393957257270813,0.0,0.07812191545963287,0.13655361533164978,0.17106769979000092,-1.8440732955932617,-1.7290148735046387,-1.6611634492874146,0.0,1.0
691200,675,7,134.97430543979203,129.71428571428572,-0.005199850746430456,3.5527684509754183,-0.9329927161335945,0.0029908936747233385,0.0594970703125,1.118314927816391,37.305948638916014,0.6312189698219299,4.620852470397949,37.39435577392578,31.713016510009766,36.76313400268555,32.550357818603516,0.9787690666606438,2.0328638553619385,143.2349090576172,1.0,1.0,0.0,1.0,0.0,0.0,-0.14335690438747406,0.3401326537132263,0.0,0.07876045256853104,0.13541902601718903,0.16993458569049835,-1.842803955078125,-1.7312029600143433,-1.6633650064468384,0.0,1.0
692224,676,8,140.6958903548849,131.25,-0.006228075630497187,4.193456256389618,-0.9398867323994636,0.006762112393334974,0.0743896484375,1.1003174617886544,26.337418222427367,-0.7698924541473389,4.562995910644531,39.090476989746094,31.320024490356445,39.86037063598633,31.22587776184082,0.9787745972294609,1.8226947784423828,77.46696472167969,0.975,1.0,0.0,1.0,0.0,0.0,-0.02226734720170498,0.3474845588207245,0.0,0.07880524545907974,0.13436877727508545,0.1672590970993042,-1.8427150249481201,-1.7332459688186646,-1.6685667037963867,0.0,1.0
693248,677,8,121.80970021534031,136.375,-0.00679600709117949,2.7165255658328533,-0.9449238613247871,0.0077950291844899764,0.069677734375,0.9286129228770733,25.699829041957855,0.3556029796600342,4.168144702911377,37.38375473022461,33.4518928527832,37.02815246582031,33.74091339111328,0.9844745522317061,1.4657011032104492,87.32011413574219,0.975,1.0,0.0,1.0,0.0,0.0,-0.1398961991071701,0.3440941274166107,0.0,0.0814281478524208,0.13370688259601593,0.16580356657505035,-1.8375027179718018,-1.734518051147461,-1.6713985204696655,0.0,1.0
694272,678,10,140.44458924710244,116.1,-0.003078501089476049,5.580533806979656,-0.9479615390300751,0.005236838158452883,0.0336181640625,1.027394564449787,47.01656645536423,1.4764704704284668,5.5168867111206055,41.39933776855469,30.23503303527832,39.92286682128906,32.15236282348633,0.9667059036821409,2.1926403045654297,149.4185028076172,1.0,1.0,0.0,1.0,0.0,0.0,-0.1394449919462204,0.36972638964653015,0.0,0.08109518140554428,0.13335180282592773,0.16699764132499695,-1.838164210319519,-1.735201358795166,-1.6690752506256104,0.0,1.0
695296,679,8,126.42729724530454,129.75,-0.006393535021925345,5.401309783756733,-0.9500362783670425,0.006631790462415665,0.0600830078125,1.0919641822576522,40.78117105960846,0.1785188913345337,5.63914155960083,35.03678512573242,31.78533935546875,34.85826873779297,32.04685974121094,0.9685245246310312,1.8917914628982544,126.79283142089844,1.0,1.0,0.0,1.0,0.0,0.0,0.0676107332110405,0.36878126859664917,0.0,0.0791422575712204,0.1328246146440506,0.16641642153263092,-1.8420450687408447,-1.736251711845398,-1.670206069946289,0.0,1.0
696320,680,9,142.98833896944723,124.44444444444444,-0.0062111406412441285,9.102161529660226,-0.9552217498421669,0.005380074585264083,0.048828125,1.0854704327881337,56.3569530248642,0.025827527046203613,7.129446029663086,35.41230773925781,30.85378646850586,35.38648223876953,33.30619430541992,0.9466057380488743,1.6634950637817383,156.9491424560547,0.975,1.0,0.0,1.0,0.0,0.0,0.010879568755626678,0.40886548161506653,0.0,0.07793385535478592,0.13159260153770447,0.16495579481124878,-1.844447135925293,-1.7386702299118042,-1.673048496246338,0.0,1.0
697344,681,9,109.06786243043878,113.55555555555556,-0.005046504340134561,8.423841843008995,-0.963123032450676,0.006385499204043299,0.05751953125,0.9262246079742908,61.60179557800293,-0.9742456078529358,6.802581787109375,35.167701721191406,31.560344696044922,36.141944885253906,31.94928550720215,0.9535416148911301,1.7453687191009521,204.93017578125,0.975,1.0,0.0,1.0,0.0,0.0,-0.10997805744409561,0.38075166940689087,0.0,0.07774972170591354,0.1301979124546051,0.1650834083557129,-1.8448131084442139,-1.741414189338684,-1.672800064086914,0.0,1.0
698368,682,10,102.89066245224573,113.4,-0.005782277113758028,4.360240030288696,-0.9679067835211754,0.008361302020784934,0.063525390625,1.0255090177059174,33.61286449432373,-1.7362608909606934,4.120648384094238,41.54090881347656,31.907228469848633,43.27716827392578,30.27181053161621,0.9833216563139576,1.7956805229187012,103.90970611572266,1.0,1.0,0.0,1.0,0.0,0.0,-0.18183006346225739,0.35968223214149475,0.0,0.07801049202680588,0.13039958477020264,0.16541805863380432,-1.844294786453247,-1.7410191297531128,-1.6721488237380981,0.0,1.0
699392,683,8,129.12987876176223,121.625,-0.007270746631547809,5.932909440994263,-0.9658313781023026,0.004798260246752761,0.060302734375,1.0382276840507985,43.470118927955625,0.13085880875587463,5.704207420349121,41.0654296875,30.624685287475586,40.9345703125,31.339231491088867,0.9653065647650374,1.8766099214553833,128.66558837890625,0.975,1.0,0.0,1.0,0.0,0.0,-0.04052739217877388,0.3600633144378662,0.0,0.07807015627622604,0.1303994357585907,0.16516967117786407,-1.844176173210144,-1.7410197257995605,-1.6726322174072266,0.0,1.0
700416,684,8,130.82168244117534,128.625,-0.00709494297625497,5.433592107892037,-0.9662306502461433,0.006109235806798096,0.064794921875,1.0685708418488502,39.26161603927612,-1.0562262535095215,5.311253070831299,39.80320739746094,31.676124572753906,40.85942840576172,31.572532653808594,0.9718855274509901,2.11102557182312,118.91902923583984,1.0,1.0,0.0,1.0,0.0,0.0,-0.14913968741893768,0.3374464213848114,8.138020833333333e-05,0.07916976511478424,0.13049238920211792,0.16509687900543213,-1.8419904708862305,-1.7408238649368286,-1.6727739572525024,0.0,1.0
701440,685,8,115.7397132795493,117.5,-0.009195954905590043,4.197178764641285,-0.9645460426807404,0.006231960879813414,0.0816162109375,1.025145734846592,36.293378472328186,-1.5129287242889404,4.679941177368164,34.841426849365234,29.860502243041992,36.35435485839844,29.86480140686035,0.9754367066317264,2.0549604892730713,120.92090606689453,0.975,1.0,0.0,1.0,0.0,0.0,-0.041789352893829346,0.345295250415802,0.0,0.08071258664131165,0.13101162016391754,0.16509374976158142,-1.8389244079589844,-1.739794373512268,-1.6727800369262695,0.0,1.0
702464,686,8,118.97029106456898,123.375,-0.006186245032586158,2.476560081541538,-0.962566302716732,0.0052647472883109005,0.0623046875,0.9952245965600014,22.408402538299562,-0.1684773564338684,3.68224835395813,34.748687744140625,31.109024047851562,34.91716766357422,32.06433868408203,0.9859895080816927,1.8728623390197754,78.22663116455078,1.0,1.0,0.0,1.0,0.0,0.0,-0.048931654542684555,0.3507688641548157,0.0,0.080807626247406,0.13088788092136383,0.1652635782957077,-1.838735580444336,-1.740035891532898,-1.6724494695663452,0.0,1.0
703488,687,9,127.0192873262505,124.44444444444444,-0.004234210596769117,3.3668745867908,-0.9632269352674484,0.004414942588482518,0.04013671875,1.098187303543091,27.909311127662658,0.8251331448554993,4.556361198425293,37.6068115234375,30.03939437866211,36.78167724609375,31.398401260375977,0.976993322692918,1.7430882453918457,94.72956085205078,1.0,1.0,0.0,1.0,0.0,0.0,-0.09459894895553589,0.3418709337711334,0.0,0.08219534903764725,0.13094395399093628,0.16443149745464325,-1.8359785079956055,-1.7398886680603027,-1.6740691661834717,0.0,1.0
704512,688,8,126.83872752884474,128.75,-0.005218607262941077,4.734825243055821,-0.9637972921133041,0.0054366125652450135,0.0606689453125,1.163682435452938,35.54330966472626,0.9901645183563232,5.010614395141602,35.773902893066406,31.254423141479492,34.78374481201172,32.03181457519531,0.9742984724707616,2.2626430988311768,132.88833618164062,1.0,1.0,0.0,1.0,0.0,0.0,-0.11398976296186447,0.3573008179664612,0.0,0.08303559571504593,0.1305646449327469,0.16236667335033417,-1.834309458732605,-1.7406316995620728,-1.6780905723571777,0.0,1.0
705536,689,7,135.36911994786183,139.14285714285714,-0.004402006306918338,5.674516263604164,-0.9659380719065667,0.0055868970855954105,0.0520263671875,1.2515779435634613,42.6447119474411,1.0017125606536865,5.556155204772949,28.525197982788086,31.757862091064453,27.523487091064453,32.415565490722656,0.9693912076084369,1.808915615081787,136.57919311523438,1.0,1.0,0.0,1.0,0.0,0.0,0.03904557228088379,0.41611194610595703,0.0,0.08335237950086594,0.13021159172058105,0.16113781929016113,-1.833680272102356,-1.7412999868392944,-1.6804850101470947,0.0,1.0
706560,690,8,107.85464671713288,114.625,-0.0049157377623487266,2.0637053556740286,-0.9685263350605965,0.0036956964395358227,0.0634765625,1.1067891597747803,24.236516749858858,-0.1431942582130432,3.765958547592163,36.0699348449707,31.289901733398438,36.213130950927734,31.682722091674805,0.9855141947200371,1.558415174484253,100.37610626220703,1.0,1.0,0.0,1.0,0.0,0.0,0.026163259521126747,0.38344499468803406,0.0,0.08308736979961395,0.12965093553066254,0.15946079790592194,-1.8342065811157227,-1.7424025535583496,-1.683754324913025,0.0,1.0
707584,691,9,146.98664345281054,122.77777777777777,-0.004163146554492414,4.596538128703832,-0.9731428310275078,0.006823345912562217,0.0589111328125,1.2085655614733697,45.08606948852539,2.317695140838623,5.093371391296387,41.07264709472656,27.414758682250977,38.75495147705078,30.299413681030273,0.9654823003515777,2.2291059494018555,145.39306640625,1.0,1.0,0.0,1.0,0.0,0.0,0.011615756899118423,0.3785431981086731,0.0,0.08303172141313553,0.12853924930095673,0.15827912092208862,-1.8343170881271362,-1.7445894479751587,-1.6860589981079102,0.0,1.0
708608,692,8,141.80912849942433,136.875,-0.007025073928525671,5.0632974863052365,-0.9753780141472816,0.008391607654630207,0.075634765625,1.018907019495964,38.21819233894348,2.013467788696289,4.877503871917725,37.650779724121094,31.046710968017578,35.63731002807617,31.683874130249023,0.9753189252409509,1.636546015739441,119.61940002441406,1.0,1.0,0.0,1.0,0.0,0.0,0.024471061304211617,0.35112813115119934,0.0,0.0826185867190361,0.12961100041866302,0.16036352515220642,-1.8351377248764038,-1.7424813508987427,-1.6819943189620972,0.0,1.0
709632,693,8,155.97929632102955,145.125,-0.004537838400574401,6.212880738079548,-0.9691885530948638,0.005905600808910094,0.0531494140625,1.0797763660550117,45.75604288578033,2.4158473014831543,5.6176042556762695,35.40018081665039,29.84436798095703,32.984336853027344,31.788972854614258,0.9645694828926211,1.8597480058670044,132.81280517578125,1.0,1.0,0.0,1.0,0.0,0.0,0.01593623496592045,0.3801337778568268,0.0,0.08276204019784927,0.12989337742328644,0.16085898876190186,-1.8348528146743774,-1.7419332265853882,-1.6810284852981567,0.0,1.0
710656,694,6,153.1967347306274,135.83333333333334,-0.0043044329388067125,3.820521517843008,-0.9682829797267913,0.006152090388059151,0.04970703125,0.9997276790440083,41.100715172290805,2.3930904865264893,4.640820026397705,40.006710052490234,28.8594970703125,37.613616943359375,30.94891357421875,0.9741409842737236,1.561740756034851,161.7403564453125,0.975,1.0,0.0,1.0,0.0,0.0,0.10631968826055527,0.37706324458122253,0.0,0.08503908663988113,0.1300075203180313,0.16066722571849823,-1.8303306102752686,-1.7416871786117554,-1.6814022064208984,0.0,1.0
711680,695,8,130.52241268677324,145.0,-0.004461095505394042,5.808245015144348,-0.9686462804675102,0.006703063851455226,0.0554931640625,1.155562874674797,33.104322695732115,0.1266542673110962,4.937019348144531,33.50526428222656,31.276620864868164,33.378604888916016,30.641843795776367,0.9750833301302967,2.1392147541046143,100.24958038330078,1.0,1.0,0.0,1.0,0.0,0.0,0.13177667558193207,0.4032428562641144,0.0,0.0849265307188034,0.1299237161874771,0.16040410101413727,-1.8305541276931763,-1.7418562173843384,-1.6819151639938354,0.0,1.0
712704,696,8,139.96118571598237,128.5,-0.005684578546788543,9.564779633283615,-0.9669534519314766,0.0031237414266797716,0.0470947265625,0.9097004912793636,34.203148102760316,-0.9353199005126953,6.186233043670654,44.947845458984375,29.79584503173828,45.8831672668457,28.91827392578125,0.9568936618819286,1.4148846864700317,84.50015258789062,0.975,1.0,0.0,1.0,0.0,0.0,0.02762734889984131,0.36072003841400146,0.0,0.08431628346443176,0.13073410093784332,0.16037002205848694,-1.83176589012146,-1.7402914762496948,-1.6819815635681152,0.0,1.0
713728,697,7,122.77353933731115,129.42857142857142,-0.006550266593694687,6.178656578063965,-0.9630699142813682,0.007565483705548104,0.0640625,1.0362969934940338,37.84649374485016,-0.0002133697271347046,5.40384578704834,36.946754455566406,31.961307525634766,36.94697189331055,32.00184631347656,0.971413775796436,1.9849071502685547,102.72907257080078,1.0,1.0,0.0,1.0,0.0,0.0,-0.10151952505111694,0.37091076374053955,0.0,0.08454429358243942,0.13093771040439606,0.16072522103786469,-1.831313133239746,-1.7398890256881714,-1.6812891960144043,0.0,1.0
714752,698,5,136.69180368639383,125.0,-0.005456959002185613,2.330116143077612,-0.9656089454889297,0.004013633712020237,0.0498779296875,1.0148895591497422,22.12520980834961,0.14383432269096375,3.6358439922332764,41.37102508544922,30.571369171142578,41.22718811035156,30.497251510620117,0.9858557256269821,1.7251299619674683,75.69730377197266,1.0,1.0,0.0,1.0,0.0,0.0,-0.03489149361848831,0.373740553855896,0.0,0.08399007469415665,0.12988360226154327,0.1576801836490631,-1.832413673400879,-1.7419333457946777,-1.687227487564087,0.0,1.0
715776,699,10,143.6472402931764,138.2,-0.006643766746856272,6.666533310711384,-0.9728704318404198,0.006878267179126851,0.0656982421875,1.1186473228037357,23.7260883808136,-0.4659455418586731,5.400304794311523,36.23902130126953,31.694480895996094,36.70497131347656,32.30155944824219,0.9709685175639913,2.4452950954437256,65.59767150878906,0.95,1.0,0.0,1.0,0.0,0.0,-0.0668170377612114,0.394177109003067,0.0,0.08224887400865555,0.12848882377147675,0.15664298832416534,-1.8358721733093262,-1.74468994140625,-1.68925142288208,0.0,1.0
716800,700,7,111.70430095309906,123.14285714285714,-0.005194093438331038,3.64359612762928,-0.9795048922300339,0.005445889156544581,0.0710693359375,0.9651838064193725,21.211017370224,-0.633064329624176,4.157507419586182,39.100135803222656,32.139678955078125,39.73320007324219,31.8433780670166,0.9832666493417926,1.688791275024414,67.74539184570312,1.0,1.0,0.0,1.0,0.0,0.0,-0.0068855383433401585,0.37380439043045044,0.0,0.08105703443288803,0.1277642399072647,0.15678243339061737,-1.8382400274276733,-1.746124267578125,-1.6889793872833252,0.0,1.0
717824,701,9,126.68374481923011,135.88888888888889,-0.006533539312658832,2.4933918535709383,-0.981461250782013,0.005544434442708734,0.0695068359375,1.030306115746498,22.39038097858429,-0.3063774108886719,3.691614866256714,35.749176025390625,33.26091384887695,36.0555534362793,31.786840438842773,0.9876813146867046,1.582434058189392,77.12548065185547,0.95,1.0,0.0,1.0,0.0,0.0,-0.008597098290920258,0.4042075276374817,0.0,0.08041763305664062,0.1280898004770279,0.15805990993976593,-1.8395105600357056,-1.7454959154129028,-1.6864867210388184,0.0,1.0
718848,702,7,130.77659710454853,129.0,-0.004847099515609443,2.7508280485868455,-0.9807217836380004,0.005647171348391567,0.0560546875,1.1339892759919166,29.82097370624542,0.945526123046875,4.1287760734558105,35.438262939453125,34.550392150878906,34.492733001708984,35.81737518310547,0.9857197179145086,1.9735060930252075,93.11018371582031,1.0,1.0,0.0,1.0,0.0,0.0,0.0690189003944397,0.3594723641872406,0.0,0.07878834009170532,0.12747877836227417,0.1583825945854187,-1.8427485227584839,-1.746713638305664,-1.6858571767807007,0.0,1.0
719872,703,8,155.72826060586706,134.25,-0.005765153473475948,2.518397391587496,-0.9847848013043403,0.008064016961725429,0.0689208984375,1.0650171115994453,28.0004954457283,1.3250172138214111,4.1636061668396,39.81843948364258,27.403606414794922,38.49342346191406,29.10145378112793,0.9769153186135268,1.658129334449768,97.27066040039062,1.0,1.0,0.0,1.0,0.0,0.0,0.06809644401073456,0.3528154790401459,0.0,0.07703660428524017,0.12699364125728607,0.15947717428207397,-1.8462308645248413,-1.7476741075515747,-1.6837223768234253,0.0,1.0
720896,704,8,109.70517824255573,117.25,-0.005562993162311613,6.0763243466615675,-0.9841265976428986,0.008405702115851454,0.065478515625,1.1160219848155974,36.118044257164,-0.7709031105041504,5.255390644073486,35.53871536254883,31.338632583618164,36.30961990356445,30.435190200805664,0.9718777618652444,1.7824342250823975,88.70606231689453,1.0,1.0,0.0,1.0,0.0,0.0,0.07191584259271622,0.38815897703170776,0.0,0.07825133949518204,0.12798093259334564,0.15980902314186096,-1.8438160419464111,-1.7457213401794434,-1.6830753087997437,0.0,1.0
721920,705,9,120.54138610552572,118.88888888888889,-0.005840310722123832,4.059811107069254,-0.9761658608913422,0.004190860861854162,0.059228515625,1.0617359310388566,26.718293261528014,0.11143660545349121,4.672257900238037,38.98825454711914,29.95870590209961,38.8768196105957,29.474531173706055,0.9756775391887101,1.726499080657959,70.5068130493164,0.975,1.0,0.0,1.0,0.0,0.0,-0.03003266640007496,0.4058963358402252,0.0,0.07949826866388321,0.12943272292613983,0.16127702593803406,-1.8413375616073608,-1.742882251739502,-1.6802136898040771,0.0,1.0
722944,706,8,133.58949395104753,132.75,-0.0023286163690499962,4.430133231729269,-0.9684501692652703,0.004651291233312804,0.064501953125,1.1745392873883247,43.5063714504242,1.3229146003723145,4.990380764007568,36.83278274536133,35.48636245727539,35.50987243652344,36.69477844238281,0.9802237286062065,2.244736909866333,130.09278869628906,1.0,1.0,0.0,1.0,0.0,0.0,-0.1354127824306488,0.3834414780139923,0.0,0.07894084602594376,0.1304396539926529,0.1652526706457138,-1.8424454927444458,-1.7409343719482422,-1.6724706888198853,0.0,1.0
723968,707,9,136.67144362870653,134.77777777777777,-0.003650656738318503,3.44268419444561,-0.9670594304800033,0.0017302323030889966,0.0576171875,1.2242816746234895,22.943801057338714,0.2828618288040161,4.083054065704346,35.68964385986328,33.39546203613281,35.406776428222656,33.559051513671875,0.9850515770687776,2.1391186714172363,67.4041519165039,1.0,1.0,0.0,1.0,0.0,0.0,-0.1567596048116684,0.3427736163139343,0.0,0.07637353241443634,0.1299944370985031,0.1670888364315033,-1.8475492000579834,-1.7418346405029297,-1.6688978672027588,0.0,1.0
724992,708,7,147.4280771840612,132.0,-0.005617841123603284,3.577971699088812,-0.9708452701568604,0.0040641688276082276,0.04765625,1.2214465767145157,40.41626385450363,2.3124513626098633,4.340267181396484,36.310367584228516,29.405391693115234,33.9979133605957,32.32238006591797,0.9782139235106168,1.9302676916122437,128.4299774169922,1.0,1.0,0.0,1.0,0.0,0.0,-0.05067243054509163,0.4063931405544281,0.0,0.07608146965503693,0.12905915081501007,0.166188046336174,-1.8481299877166748,-1.7436600923538208,-1.6706503629684448,0.0,1.0
726016,709,7,133.0374225633,127.42857142857143,-0.005717610381543637,3.2422595262527465,-0.9781669601798058,0.006030440646281931,0.058837890625,1.0819326773285867,22.333122169971467,0.5622215867042542,4.428352355957031,40.92137145996094,31.32210922241211,40.35914611816406,31.161731719970703,0.9800114011173306,2.0132195949554443,69.261962890625,1.0,1.0,0.0,1.0,0.0,0.0,0.07654903084039688,0.3887079954147339,8.138020833333333e-05,0.07604379206895828,0.1277393102645874,0.16253745555877686,-1.8482048511505127,-1.7462197542190552,-1.677757740020752,0.0,1.0
727040,710,8,134.70960137089352,138.125,-0.0063724955834914,5.327343447506427,-0.9812104806303978,0.004633491653657984,0.0684326171875,1.092421681433916,38.40218658447266,0.12832170724868774,5.412762641906738,30.115528106689453,30.011287689208984,29.987205505371094,30.145719528198242,0.9674711541185974,2.1126768589019775,108.35015106201172,0.975,1.0,0.0,1.0,0.0,0.0,0.07319391518831253,0.40583235025405884,0.0,0.07829195261001587,0.12828536331653595,0.16152165830135345,-1.8437352180480957,-1.745139479637146,-1.6797369718551636,0.0,1.0
728064,711,8,128.1703237902127,129.25,-0.005102672160137445,5.024719029664993,-0.9784112215042114,0.007618687552167103,0.0583984375,1.16630919277668,49.82131292819977,1.3060908317565918,5.4288225173950195,34.42445373535156,30.707679748535156,33.11836624145508,31.70139503479004,0.9687451579850183,1.9038161039352417,175.56748962402344,1.0,1.0,0.0,1.0,0.0,0.0,0.0990702286362648,0.37841668725013733,0.0,0.07888490706682205,0.12814635038375854,0.16109739243984222,-1.8425565958023071,-1.7453866004943848,-1.6805638074874878,0.0,1.0
729088,712,7,124.60268164991591,127.42857142857143,-0.005540152685716749,3.059995673596859,-0.9791876882314682,0.006834246015932877,0.0560791015625,1.1478804543614387,38.352684104442595,0.09306403994560242,4.237898349761963,39.4819450378418,33.14718246459961,39.388877868652344,32.66259002685547,0.9836541363676865,1.8109599351882935,144.91921997070312,0.975,1.0,0.0,1.0,0.0,0.0,-0.05289730057120323,0.405723512172699,0.0,0.07784434407949448,0.12833912670612335,0.1608121544122696,-1.8446249961853027,-1.7450250387191772,-1.6811197996139526,0.0,1.0
730112,713,8,127.96517538007438,124.25,-0.007233274588361383,3.367403192818165,-0.9785436406731606,0.005505650769919157,0.0817626953125,1.038874939829111,21.027164268493653,-0.1963113248348236,4.235593318939209,44.166725158691406,30.80609703063965,44.363037109375,29.778949737548828,0.9810959371116118,2.16701602935791,53.140838623046875,0.95,1.0,0.0,1.0,0.0,0.0,-0.060044627636671066,0.35835158824920654,0.0,0.07610224932432175,0.1281612664461136,0.1598534882068634,-1.8480886220932007,-1.7454038858413696,-1.6829886436462402,0.0,1.0
731136,714,7,145.24588332277582,137.71428571428572,-0.0066145774791948496,2.6495992332696914,-0.9784663707017899,0.00805085175379645,0.0803466796875,1.1365357726812362,30.912065279483794,1.498924732208252,4.0906195640563965,38.41143798828125,31.53913116455078,36.912513732910156,31.892518997192383,0.983177952795938,1.9982722997665405,110.6772689819336,1.0,1.0,0.0,1.0,0.0,0.0,-0.03681304305791855,0.3675925135612488,0.0,0.07646452635526657,0.1285838633775711,0.15993379056453705,-1.8473682403564453,-1.7445549964904785,-1.68283212184906,0.0,1.0
732160,715,8,147.1437036089353,147.875,-0.005158925883006304,3.4113992497324945,-0.9789433255791664,0.0078278544722707,0.0536376953125,1.0795559898018836,28.798097932338713,-0.8299634456634521,4.327301979064941,39.04793167114258,33.92042541503906,39.87789535522461,33.59758377075195,0.9837253434886974,1.9238609075546265,90.02183532714844,1.0,1.0,0.0,1.0,0.0,0.0,-0.053416814655065536,0.3844902217388153,0.0,0.0743483230471611,0.12768550217151642,0.159431591629982,-1.8515766859054565,-1.7463455200195312,-1.6838113069534302,0.0,1.0
733184,716,8,129.08526729384877,120.375,-0.006544325069990009,7.552211597561836,-0.9837112173438072,0.00412639317655703,0.075146484375,1.047088634967804,48.87979290485382,0.5071007609367371,6.715231418609619,35.386474609375,34.47555923461914,34.87937545776367,36.135345458984375,0.9620598280133905,1.660237193107605,162.3727264404297,1.0,1.0,0.0,1.0,0.0,0.0,-0.004553248640149832,0.4129387438297272,0.0,0.07419987767934799,0.1271839439868927,0.1576288938522339,-1.8518719673156738,-1.747336745262146,-1.6873276233673096,0.0,1.0
734208,717,8,145.10552630992544,129.75,-0.004321635817177594,3.9215456411242484,-0.9836181953549386,0.00752566565934103,0.062109375,1.1730770513415336,37.8538911819458,-1.3240848779678345,4.642498970031738,41.30464172363281,30.191707611083984,42.628726959228516,29.896684646606445,0.9763556026598814,2.380552053451538,110.01318359375,1.0,1.0,0.0,1.0,0.0,0.0,-0.053558945655822754,0.36874204874038696,0.0,0.07430294901132584,0.1278357058763504,0.15792447328567505,-1.8516669273376465,-1.7460576295852661,-1.686750888824463,0.0,1.0
735232,718,8,126.07059886152905,125.125,-0.00543766246701125,3.032954715192318,-0.9797227859497071,0.0074927862893673595,0.0685791015625,0.9631892077624797,37.343033742904666,1.8206801414489746,4.153554439544678,47.26289367675781,31.38374900817871,45.44221496582031,32.06777572631836,0.9824841938491038,1.7767212390899658,136.44961547851562,0.95,1.0,0.0,1.0,0.0,0.0,-0.018985336646437645,0.35212528705596924,0.0,0.07620560377836227,0.12833406031131744,0.15903566777706146,-1.8478831052780151,-1.7450612783432007,-1.6845834255218506,0.0,1.0
736256,719,8,167.24243688114973,143.375,-0.005561699892859906,2.6286488845944405,-0.9801516592502594,0.005430079645884689,0.06181640625,1.067769904434681,34.04298456907272,0.5744727849960327,4.238839626312256,40.85034942626953,30.19544792175293,40.275875091552734,32.074363708496094,0.9802934301505117,2.001283884048462,107.62605285644531,1.0,1.0,0.0,1.0,0.0,0.0,0.1586216241121292,0.36423900723457336,0.0,0.07530144602060318,0.12735004723072052,0.15792539715766907,-1.8496811389923096,-1.7469881772994995,-1.6867491006851196,0.0,1.0
737280,720,7,143.0201484706393,120.57142857142857,-0.004811515379697084,1.3908051434904336,-0.9861522048711777,0.003938135520729702,0.0628662109375,0.9918874330818653,21.312044262886047,0.7879389524459839,2.827045202255249,41.31476593017578,29.48574447631836,40.526832580566406,30.05156135559082,0.9908073378344057,2.0530686378479004,72.56868743896484,0.95,1.0,0.0,1.0,0.0,0.0,0.0735246017575264,0.38599517941474915,0.0,0.074550099670887,0.12692266702651978,0.15722379088401794,-1.8511754274368286,-1.7478256225585938,-1.6881179809570312,0.0,1.0
738304,721,10,118.47678367688532,115.9,-0.006762881117174402,3.795584025233984,-0.9880642920732499,0.005930241126043257,0.0611572265625,1.0933655500411987,33.042144405841825,-1.502556324005127,4.688406944274902,41.68546676635742,30.55731773376465,43.18802261352539,29.22208023071289,0.9764592588533944,1.7062351703643799,105.99089813232422,1.0,1.0,0.0,1.0,0.0,0.0,-0.012284333817660809,0.4005300998687744,0.0,0.07302222400903702,0.12630464136600494,0.1574040949344635,-1.8542145490646362,-1.7490500211715698,-1.687766194343567,0.0,1.0
739328,722,8,153.1023191916853,127.625,-0.0039512881950940935,3.8455554522573947,-0.9926178172230721,0.005807901451771613,0.047314453125,1.0960136339068414,41.13399424552917,1.264082431793213,4.893298149108887,41.032657623291016,32.278438568115234,39.76857376098633,34.19652557373047,0.9770185089367488,1.7211964130401611,137.27920532226562,1.0,1.0,0.0,1.0,0.0,0.0,0.007278119679540396,0.39156922698020935,0.0,0.07263679802417755,0.1254577785730362,0.15776798129081726,-1.8549814224243164,-1.7507171630859375,-1.6870561838150024,0.0,1.0
740352,723,9,131.6420270861806,122.88888888888889,-0.004967591376043856,3.1561514608561994,-0.9955712288618088,0.003386887717351783,0.052392578125,1.1623722061514854,29.744283497333527,0.3152206242084503,4.543281078338623,42.67866134643555,30.059555053710938,42.363441467285156,31.291717529296875,0.9771558943642468,1.9170777797698975,91.35494995117188,1.0,1.0,0.0,1.0,0.0,0.0,-0.1745399832725525,0.3398459553718567,0.0,0.07269144058227539,0.12543486058712006,0.15762916207313538,-1.854872703552246,-1.7507694959640503,-1.6873270273208618,0.0,1.0
741376,724,8,132.52425776912895,115.5,-0.005275684886146337,3.5646361254155634,-0.9949798941612243,0.007954855408752338,0.0636962890625,1.0549222767353057,28.679929792881012,0.2836221158504486,4.788562297821045,44.137813568115234,30.162086486816406,43.85418701171875,30.97815704345703,0.9747949519867511,2.058095932006836,81.64326477050781,1.0,1.0,0.0,1.0,0.0,0.0,-0.09401697665452957,0.3856297433376312,0.0,0.07141857594251633,0.12573495507240295,0.15895800292491913,-1.857405185699463,-1.7501864433288574,-1.68473482131958,0.0,1.0
742400,725,9,134.41565096330592,127.0,-0.0048326777701731775,7.315554957091808,-0.9951712712645531,0.0025846159958746286,0.0479248046875,1.098551744222641,42.89433591365814,-0.27652907371520996,6.247504234313965,32.37279510498047,29.346193313598633,32.64932632446289,29.791940689086914,0.9546779511109074,1.9351215362548828,119.34432220458984,1.0,1.0,0.0,1.0,0.0,0.0,-0.06102825701236725,0.3890018165111542,0.0,0.06948714703321457,0.12528549134731293,0.15894493460655212,-1.8612489700317383,-1.75108802318573,-1.684760332107544,0.0,1.0
743424,726,9,109.25162790036376,114.11111111111111,-0.006560727895703167,2.867200757563114,-1.000403793156147,0.005933027547143865,0.071728515625,1.050562009215355,26.809118711948393,-0.02249768376350403,4.00391149520874,38.641563415527344,29.16030502319336,38.664066314697266,28.528270721435547,0.9811468075206083,1.7020156383514404,93.44998168945312,1.0,1.0,0.0,1.0,0.0,0.0,0.07076545804738998,0.3826553523540497,0.0,0.06708730757236481,0.12384764105081558,0.1576879620552063,-1.8660262823104858,-1.7539392709732056,-1.687212347984314,0.0,1.0
744448,727,7,138.5218510868215,131.42857142857142,-0.006249381951056421,5.510300481319428,-1.0052135586738586,0.0032071553767309526,0.05927734375,1.0805194705724717,30.652680969238283,-0.8417912721633911,5.22274112701416,36.70936965942383,31.17850685119629,37.55116271972656,30.893287658691406,0.9719400820492017,1.8038049936294556,83.53693389892578,1.0,1.0,0.0,1.0,0.0,0.0,-0.01007744949311018,0.3948311507701874,0.0,0.06624233722686768,0.12391439080238342,0.1582818627357483,-1.8677088022232056,-1.7538031339645386,-1.68605375289917,0.0,1.0
745472,728,9,123.7584041305094,118.77777777777777,-0.007196517544798553,5.6542050540447235,-1.0042079657316207,0.007853714811790268,0.083544921875,1.2374040141701699,36.78979654312134,0.3451061546802521,5.399503707885742,38.74888229370117,31.6875,38.403770446777344,32.20838928222656,0.9709643412685075,2.364154815673828,112.01724243164062,1.0,1.0,0.0,1.0,0.0,0.0,-0.12511228024959564,0.3546023368835449,0.0,0.06561725586652756,0.12417318671941757,0.15874408185482025,-1.8689534664154053,-1.7533220052719116,-1.6851520538330078,0.0,1.0
746496,729,9,121.43466807868383,121.11111111111111,-0.00652667447575368,4.16285839676857,-1.002964386343956,0.006754781903873663,0.080126953125,1.0035821586847304,31.054109978675843,-0.489391565322876,4.30613899230957,37.454673767089844,33.18096160888672,37.944061279296875,32.21632766723633,0.9831578290705424,1.9202687740325928,81.3612060546875,1.0,1.0,0.0,1.0,0.0,0.0,-0.07381865382194519,0.40077999234199524,0.0,0.06786491721868515,0.12413526326417923,0.15708956122398376,-1.8644781112670898,-1.753358244895935,-1.6883800029754639,0.0,1.0
747520,730,8,125.10766374336109,114.25,-0.006333223008550703,2.528315080702305,-1.006336471438408,0.006786158969043754,0.06943359375,1.123512041568756,23.808132815361024,0.4056364893913269,3.997352361679077,40.981590270996094,29.132715225219727,40.57595443725586,29.023452758789062,0.9811729221554832,2.0494959354400635,78.53314971923828,1.0,1.0,0.0,1.0,0.0,0.0,0.04933922365307808,0.3943192958831787,0.0,0.06610226631164551,0.12288326025009155,0.15707822144031525,-1.8679876327514648,-1.7558354139328003,-1.6884020566940308,0.0,1.0
748544,731,8,146.13768001278987,132.0,-0.005289753363467753,2.3536464892327786,-1.0118038535118103,0.005947865350754001,0.058935546875,1.2044329270720482,23.760515451431274,1.1732027530670166,3.4642386436462402,42.41790008544922,31.498952865600586,41.24469757080078,31.61031723022461,0.9879045127069804,1.8773804903030396,68.79362487792969,1.0,1.0,0.0,1.0,0.0,0.0,0.022593803703784943,0.40661031007766724,0.0,0.06567861884832382,0.12272479385137558,0.15758918225765228,-1.8688312768936157,-1.75613272190094,-1.6874051094055176,0.0,1.0
749568,732,9,127.80243326764837,120.88888888888889,-0.0042378010228276254,6.0534263253211975,-1.0097966581583022,0.003806502548104618,0.046484375,0.9929418668150902,35.385384702682494,-0.8743093609809875,5.498983383178711,41.864845275878906,31.842370986938477,42.73915481567383,30.751684188842773,0.9701768133406005,1.5109970569610596,112.93812561035156,1.0,1.0,0.0,1.0,0.0,0.0,-0.10085328668355942,0.38791224360466003,0.0,0.06716785579919815,0.12341237813234329,0.16029612720012665,-1.86586594581604,-1.7547959089279175,-1.6821256875991821,0.0,1.0
750592,733,8,119.5984066313434,118.625,-0.005962119379546493,2.9074702590703962,-1.0046233654022216,0.004957752661721315,0.06875,1.0207208432257175,33.02702882289886,-2.156787395477295,3.790186643600464,39.66427993774414,31.079654693603516,41.821067810058594,29.77630615234375,0.9851280187427455,1.6761916875839233,113.2944564819336,0.975,1.0,0.0,1.0,0.0,0.0,-0.09717073291540146,0.36658525466918945,0.0,0.06896930932998657,0.12443118542432785,0.16056492924690247,-1.8622796535491943,-1.7527681589126587,-1.681601643562317,0.0,1.0
751616,734,8,122.63388861111233,125.125,-0.005552403043839149,2.603205285221338,-1.001613476872444,0.007234677590895444,0.0595947265625,1.0058898761868478,22.790229761600493,-0.11667269468307495,4.101352691650391,34.90629959106445,33.42995834350586,35.022972106933594,34.17321014404297,0.9849484001354674,1.9549304246902466,75.90819549560547,1.0,1.0,0.0,1.0,0.0,0.0,-0.07613499462604523,0.34683629870414734,0.0,0.06675588339567184,0.12409388273954391,0.1613088697195053,-1.866686224937439,-1.7534676790237427,-1.6801517009735107,0.0,1.0
752640,735,8,150.18281942127464,151.625,-0.005058104486670345,10.674814376235009,-1.003569906949997,0.004955445863015484,0.03876953125,1.1796396166086196,81.89887745380402,2.485954761505127,7.570479869842529,32.02520751953125,32.884647369384766,29.53925132751465,35.91904830932617,0.9470018841366208,2.056230306625366,251.3172149658203,1.0,1.0,0.0,1.0,0.0,0.0,-0.062369901686906815,0.38518598675727844,0.0,0.06728305667638779,0.12418362498283386,0.15871798992156982,-1.8656365871429443,-1.7532793283462524,-1.685202956199646,0.0,1.0
753664,736,7,139.81863437410894,121.71428571428571,-0.0046423674328252675,4.181046786904335,-1.0023135006427766,0.006248866116220597,0.058837890625,1.1742831885814666,39.54091558456421,0.3589254319667816,5.296809673309326,42.287208557128906,31.218904495239258,41.92828369140625,32.4991455078125,0.9712131951129582,2.2369306087493896,118.39540100097656,1.0,1.0,0.0,1.0,0.0,0.0,0.048436570912599564,0.40439391136169434,0.0,0.06627003848552704,0.12449830770492554,0.1580197662115097,-1.8676536083221436,-1.7526768445968628,-1.6865649223327637,0.0,1.0
754688,737,8,129.5884501193674,123.875,-0.004459297406719997,2.668602346628904,-1.0020559906959534,0.004374563615419902,0.0460205078125,1.1035933956503867,22.711835169792174,0.5816651582717896,3.8818042278289795,41.783241271972656,28.13248634338379,41.201576232910156,28.72692108154297,0.980960698506314,2.0897793769836426,72.4309310913086,1.0,1.0,0.0,1.0,0.0,0.0,-0.15767820179462433,0.3949652910232544,0.0,0.06474768370389938,0.12418624758720398,0.15677005052566528,-1.870685338973999,-1.7532926797866821,-1.6890034675598145,0.0,1.0
755712,738,8,131.65837535807094,114.25,-0.005051991023356095,2.7612052924931048,-1.0045100510120393,0.007296676280384417,0.0611083984375,1.102993007004261,24.744613111019135,0.06311233341693878,3.9735095500946045,46.361351013183594,29.558717727661133,46.298240661621094,30.149404525756836,0.9819292030442996,1.6538957357406616,91.86265563964844,1.0,1.0,0.0,1.0,0.0,0.0,-0.06796733289957047,0.3890708088874817,0.0,0.06396600604057312,0.12373539060354233,0.15677136182785034,-1.8722422122955322,-1.754193902015686,-1.6890009641647339,0.0,1.0
756736,739,9,132.1051427398296,122.88888888888889,-0.004538418678566814,3.874906088411808,-1.0062757641077043,0.0044028604592313055,0.0445556640625,1.269556860625744,25.578811001777648,-0.15031445026397705,4.317550182342529,39.82972717285156,29.770851135253906,39.98004150390625,30.217418670654297,0.9789674335828225,2.1299636363983154,78.46465301513672,1.0,1.0,0.0,1.0,0.0,0.0,-0.12526333332061768,0.3851349651813507,0.0,0.06506656110286713,0.123466856777668,0.1564401090145111,-1.8700501918792725,-1.7546882629394531,-1.6896474361419678,0.0,1.0
757760,740,8,140.8868464245066,118.875,-0.004565052292309702,2.1679624684154986,-1.0075829803943634,0.0033192677874467336,0.0483154296875,1.1782370045781136,23.495112615823746,1.7639999389648438,3.3984086513519287,44.55854034423828,29.148679733276367,42.79454040527344,30.716064453125,0.9864070605173908,2.015537977218628,87.80989074707031,1.0,1.0,0.0,1.0,0.0,0.0,-0.11702797561883926,0.3940422832965851,0.0,0.06674355268478394,0.12331800907850266,0.15625368058681488,-1.8667107820510864,-1.7549799680709839,-1.6900113821029663,0.0,1.0
758784,741,10,135.8207416658998,119.9,-0.005285777291283012,3.9691214352846145,-1.0108474731445312,0.003933708349359221,0.0515869140625,1.2768440067768096,30.30113571882248,1.3209378719329834,4.573469161987305,33.631866455078125,26.207626342773438,32.31092834472656,27.215669631958008,0.9695465729132615,2.445305109024048,110.38108825683594,1.0,1.0,0.0,1.0,0.0,0.0,-0.2045453041791916,0.37691938877105713,8.138020833333333e-05,0.06610382348299026,0.12216296792030334,0.15440109372138977,-1.8679845333099365,-1.7572263479232788,-1.6936285495758057,0.0,1.0
759808,742,7,131.94646499725118,117.57142857142857,-0.005199467152124271,1.5947652362287044,-1.0152966886758805,0.006284091013367288,0.062060546875,0.9486044541001319,19.18409274816513,0.7195802927017212,3.331111431121826,48.0734977722168,28.50016212463379,47.35391616821289,29.797279357910156,0.9863389617702054,1.6536730527877808,54.66115951538086,1.0,1.0,0.0,1.0,0.0,0.0,0.06508906930685043,0.3852631151676178,0.0,0.06544651091098785,0.12212146073579788,0.15543027222156525,-1.8692935705184937,-1.7573224306106567,-1.691618800163269,0.0,1.0
760832,743,9,148.74594010538078,141.77777777777777,-0.0042379806691315025,6.051240567862988,-1.0159614264965058,0.0034702242468483747,0.0496826171875,1.1178322225809096,42.659848260879514,0.10907487571239471,5.888984203338623,34.924522399902344,30.588626861572266,34.815452575683594,30.510774612426758,0.9629352713716354,1.6084429025650024,113.51155853271484,1.0,1.0,0.0,1.0,0.0,0.0,-0.07691202312707901,0.3919470012187958,8.138020833333333e-05,0.06555023789405823,0.12162338942289352,0.15478789806365967,-1.8690869808197021,-1.758292555809021,-1.6928731203079224,0.0,1.0
761856,744,7,116.83302431292596,125.0,-0.00557702713413164,2.8613490372896195,-1.0216640412807465,0.0036406399522093125,0.046875,1.0463610291481018,27.627340388298034,0.2585447430610657,4.2947893142700195,40.880332946777344,32.868473052978516,40.621788024902344,31.99761962890625,0.9829264169886305,1.7103197574615479,85.76061248779297,1.0,1.0,0.0,1.0,0.0,0.0,-0.03032173030078411,0.3614358603954315,0.0,0.06319323182106018,0.12053728848695755,0.15453749895095825,-1.873781442642212,-1.76044499874115,-1.6933621168136597,0.0,1.0
762880,745,9,142.9618773622971,139.11111111111111,-0.0063827247358858585,3.656336396932602,-1.0259414106607436,0.003795762710797135,0.0612548828125,1.199339546263218,29.62992146015167,1.2931393384933472,4.417673110961914,34.881507873535156,34.40960693359375,33.58837127685547,35.75875473022461,0.9835173203166162,2.578570604324341,87.7099380493164,1.0,1.0,0.0,1.0,0.0,0.0,-0.10347577184438705,0.3524830639362335,0.0,0.05978201702237129,0.11998182535171509,0.1538669317960739,-1.8805781602859497,-1.761581301689148,-1.694671869277954,0.0,1.0
763904,746,8,139.24975508973827,130.625,-0.006448317307513207,1.8861620038747788,-1.0304617822170257,0.00697200430004159,0.07763671875,1.13417592048645,21.11467065811157,0.7391307950019836,3.4094486236572266,38.36714553833008,27.920345306396484,37.628013610839844,27.39156723022461,0.9850883152620994,2.3175227642059326,79.12199401855469,1.0,1.0,0.0,1.0,0.0,0.0,-0.15910840034484863,0.3528716266155243,0.0,0.05931507796049118,0.11907079815864563,0.15219342708587646,-1.8815088272094727,-1.763356328010559,-1.697941780090332,0.0,1.0
764928,747,8,111.10596635029728,118.75,-0.0035694929189048707,3.129296849668026,-1.0350331723690034,0.004452554612362292,0.0540771484375,1.0774409279227257,40.51942822933197,-0.3678402602672577,4.610889434814453,38.12477111816406,32.16326904296875,38.49261474609375,31.967458724975586,0.9794482361177432,1.7668962478637695,150.9532928466797,1.0,1.0,0.0,1.0,0.0,0.0,-0.05574408546090126,0.3974052965641022,0.0,0.05809386074542999,0.11841177195310593,0.15058709681034088,-1.8839428424835205,-1.7646536827087402,-1.7010818719863892,0.0,1.0
765952,748,7,128.5438300537583,126.14285714285714,-0.005030903883744031,4.499229475855827,-1.0381880819797515,0.005308411976147909,0.0733642578125,1.1278024710714818,34.12831301689148,-0.9689946174621582,4.8671464920043945,37.72814178466797,30.382665634155273,38.6971321105957,29.822742462158203,0.9743376109657815,2.005209445953369,91.85646057128906,0.975,1.0,0.0,1.0,0.0,0.0,-0.17641401290893555,0.36469876766204834,0.0,0.05869612470269203,0.11820761114358902,0.1499434858560562,-1.8827424049377441,-1.7650502920150757,-1.7023404836654663,0.0,1.0
766976,749,7,135.27141476992455,136.28571428571428,-0.004899616091279313,4.840706802904606,-1.0416359394788741,0.004734709595504682,0.0551513671875,1.2291906148195266,40.37318261861801,1.1982043981552124,5.271548271179199,41.273277282714844,30.449899673461914,40.0750732421875,31.415414810180664,0.9700287606929865,1.7424579858779907,134.84976196289062,1.0,1.0,0.0,1.0,0.0,0.0,-0.1258324533700943,0.35956546664237976,0.0,0.05808374658226967,0.11678054928779602,0.14811737835407257,-1.8839629888534546,-1.7678602933883667,-1.705912709236145,0.0,1.0
768000,750,8,146.81824564639146,130.75,-0.003693649673368782,1.8781892582774162,-1.0494358777999877,0.003771735409100074,0.048486328125,1.1818836882710457,30.408599531650545,0.9573022723197937,3.6536219120025635,43.55247116088867,27.6967830657959,42.59516906738281,29.190921783447266,0.9825984234515087,3.0529298782348633,133.42098999023438,1.0,1.0,0.0,1.0,0.0,0.0,-0.13223932683467865,0.3550916612148285,0.0,0.05754121392965317,0.11604543775320053,0.14782126247882843,-1.8850444555282593,-1.7693089246749878,-1.7064921855926514,0.0,1.0
769024,751,10,129.77412906994488,116.7,-0.005803979677148163,2.8633702412247657,-1.0497500449419022,0.008073519298341126,0.0627685546875,1.1348018214106559,23.409947860240937,0.42890462279319763,4.191622734069824,38.022186279296875,26.894073486328125,37.593284606933594,28.224163055419922,0.9757086713630625,1.8378605842590332,74.2808609008789,1.0,1.0,0.0,1.0,0.0,0.0,0.12448785454034805,0.3912406861782074,0.0,0.059171635657548904,0.11676681041717529,0.14996476471424103,-1.8817946910858154,-1.7678813934326172,-1.702298879623413,0.0,1.0
770048,752,8,110.85483388155022,119.25,-0.004464547373936511,7.788220793008804,-1.048253419995308,0.003893153346143663,0.05576171875,1.2691070400178432,47.84153184890747,-0.33875077962875366,6.2167181968688965,33.991432189941406,31.56630516052246,34.33018112182617,31.56001853942871,0.9612140122492019,2.1367273330688477,130.79396057128906,0.975,1.0,0.0,1.0,0.0,0.0,0.17967002093791962,0.37947773933410645,0.0,0.05904935300350189,0.11589661985635757,0.14955992996692657,-1.8820383548736572,-1.769579529762268,-1.7030906677246094,0.0,1.0
771072,753,8,122.45225971442372,121.0,-0.006158912170212716,5.073570315539837,-1.0547811925411223,0.008375429369334598,0.0724609375,1.12751846909523,38.98461570739746,1.2327098846435547,5.521580696105957,38.314910888671875,32.55950164794922,37.08220291137695,34.251708984375,0.9712411573627242,1.8121126890182495,130.0460662841797,0.975,1.0,0.0,1.0,0.0,0.0,-0.01736045815050602,0.372326523065567,0.0,0.05739287659525871,0.11503004282712936,0.14888231456279755,-1.8853400945663452,-1.7713052034378052,-1.7044161558151245,0.0,1.0
772096,754,9,155.45379205513498,140.66666666666666,-0.005373896576929838,6.3562703162431715,-1.0572546780109406,0.007764929677068722,0.068603515625,1.1270158499479295,47.56320025920868,2.674412250518799,5.555957794189453,35.997314453125,28.63858985900879,33.322898864746094,30.930809020996094,0.9623630302349105,2.217067241668701,150.77223205566406,1.0,1.0,0.0,1.0,0.0,0.0,-0.07535518705844879,0.41186487674713135,0.0,0.05613253265619278,0.11507442593574524,0.1507619321346283,-1.887852668762207,-1.7712230682373047,-1.7007399797439575,0.0,1.0
773120,755,7,129.6777669478407,126.85714285714286,-0.004991647275164724,2.7635455250740053,-1.0575560629367828,0.006249222847691272,0.0599609375,1.2077797502279282,32.86683011054993,1.0099384784698486,3.942019462585449,41.33616638183594,29.515396118164062,40.32623291015625,30.43476104736328,0.9821622403992989,2.299304246902466,125.70775604248047,0.975,1.0,0.0,1.0,0.0,0.0,-0.11945533752441406,0.3813089430332184,0.0,0.05636129900813103,0.11474520713090897,0.14791563153266907,-1.8873965740203857,-1.7718734741210938,-1.7063075304031372,0.0,1.0
774144,756,8,141.35114145029596,140.25,-0.006637893558945507,3.3596605971455573,-1.0636916637420655,0.005931548117951024,0.0629150390625,1.1277512550354003,26.17657160758972,0.4287083148956299,4.351183891296387,36.981529235839844,28.10620880126953,36.552818298339844,27.462743759155273,0.9760331864835857,1.8612432479858398,83.6024169921875,1.0,1.0,0.0,1.0,0.0,0.0,-0.03872200474143028,0.3790286183357239,0.0,0.05681246891617775,0.11284778267145157,0.14495600759983063,-1.886497139930725,-1.775577187538147,-1.712101697921753,0.0,1.0
775168,757,9,122.78784693231049,123.66666666666667,-0.005949789483565837,6.093178877234459,-1.0725561827421188,0.005814520629064646,0.0684814453125,1.1969446271657944,37.2329833984375,-0.6187194585800171,5.711972236633301,33.15540313720703,31.430709838867188,33.77412414550781,30.989686965942383,0.966973407070452,2.2974414825439453,94.12798309326172,1.0,1.0,0.0,1.0,0.0,0.0,0.1475914716720581,0.3654983937740326,0.0,0.05623665079474449,0.11218351125717163,0.1442231386899948,-1.8876451253890991,-1.776883602142334,-1.7135372161865234,0.0,1.0
776192,758,7,131.3131473083634,126.85714285714286,-0.004892156808637083,2.8465208664536474,-1.0737866133451461,0.007813157186319586,0.0683837890625,1.1622665852308274,25.181826305389404,0.8430259227752686,4.09164571762085,42.87690734863281,32.14451599121094,42.03388214111328,33.392513275146484,0.9837974921445058,1.8627610206604004,79.34571838378906,1.0,1.0,0.0,1.0,0.0,0.0,0.06314190477132797,0.3609643280506134,0.0,0.05642982944846153,0.1121828556060791,0.1435653567314148,-1.8872599601745605,-1.776883602142334,-1.7148258686065674,0.0,1.0
777216,759,8,137.41734610924215,125.375,-0.006757633609231562,3.6295940771698953,-1.0731831997632981,0.002478861801500898,0.07255859375,1.136130452156067,45.47932195663452,-0.37757939100265503,4.770226955413818,38.78080749511719,28.65665054321289,39.158390045166016,27.913156509399414,0.9722905940143746,1.8655836582183838,158.78240966796875,1.0,1.0,0.0,1.0,0.0,0.0,0.10071281343698502,0.376061350107193,0.0,0.05906923860311508,0.11238230019807816,0.1407436579465866,-1.8819987773895264,-1.7764791250228882,-1.7203567028045654,0.0,1.0
778240,760,6,124.624618384813,134.0,-0.004606939875520766,3.400287054479122,-1.0762197136878968,0.004376937895722221,0.0394287109375,1.0275045678019523,36.481583666801455,2.32061767578125,4.328362941741943,34.77455139160156,31.847389221191406,32.45393371582031,33.04598617553711,0.9815286052801168,1.799078345298767,114.65971374511719,1.0,1.0,0.0,1.0,0.0,0.0,0.021344183012843132,0.34248173236846924,0.0,0.05841502547264099,0.11066177487373352,0.13757377862930298,-1.8833026885986328,-1.779858946800232,-1.726575255393982,0.0,1.0
779264,761,9,144.00575295503572,131.66666666666666,-0.005450426251627505,4.317850209772587,-1.0886923730373383,0.00494554541510297,0.051318359375,1.2144725933670997,25.72074645757675,0.7985300421714783,4.832094669342041,39.049964904785156,31.080217361450195,38.25143814086914,31.73784637451172,0.975828544658815,2.6704373359680176,75.14897155761719,1.0,1.0,0.0,1.0,0.0,0.0,0.10211948305368423,0.3683527112007141,0.0,0.056362833827733994,0.10857296735048294,0.13552841544151306,-1.887393593788147,-1.7839727401733398,-1.730590581893921,0.0,1.0
780288,762,8,130.27690415574185,136.0,-0.005832424131222069,5.607138954102993,-1.0929469406604766,0.009238133383041714,0.0837158203125,1.1666736453771591,51.76156740188598,0.8814781308174133,5.7284321784973145,34.537960052490234,31.14274024963379,33.6564826965332,32.485191345214844,0.9661656443835247,1.7881028652191162,186.75033569335938,1.0,1.0,0.0,1.0,0.0,0.0,0.03962169215083122,0.3998631536960602,0.0,0.05711451917886734,0.10981077700853348,0.13632076978683472,-1.885895013809204,-1.7815345525741577,-1.7290349006652832,0.0,1.0
781312,763,8,137.18241111079237,127.75,-0.00529055898077786,3.53349227309227,-1.0864417046308517,0.007810142452945002,0.066552734375,1.2078828617930413,32.19395153522491,1.3539395332336426,4.395755290985107,35.93187713623047,29.4766788482666,34.57793426513672,31.415321350097656,0.9777612723239478,2.128215789794922,115.2577896118164,1.0,1.0,0.0,1.0,0.0,0.0,-0.014078285545110703,0.3556412160396576,0.0,0.05606057122349739,0.10987558960914612,0.13761694729328156,-1.8879961967468262,-1.781415343284607,-1.7264904975891113,0.0,1.0
782336,764,9,128.8761346500462,125.88888888888889,-0.00651815322926268,5.342121136188507,-1.0849995881319046,0.009330573926854413,0.07255859375,1.110178966075182,36.52312257289886,0.4547465443611145,5.448986053466797,39.56843566894531,30.736602783203125,39.113685607910156,30.62492561340332,0.9685717910390504,1.8878916501998901,103.71749877929688,0.95,1.0,0.0,1.0,0.0,0.0,0.10755939036607742,0.34394901990890503,0.0,0.05596964806318283,0.11095041036605835,0.13947156071662903,-1.8881773948669434,-1.779307246208191,-1.7228516340255737,0.0,1.0
783360,765,6,129.44475403717573,107.0,-0.005972054856829345,5.782967416942119,-1.0783583670854568,0.0024130438032443635,0.0568603515625,1.0293571442365645,37.73839135169983,-0.13216093182563782,5.64389181137085,43.325828552246094,29.435867309570312,43.45799255371094,30.2480411529541,0.9632376165337895,1.6815102100372314,111.23358154296875,1.0,1.0,0.0,1.0,0.0,0.0,0.07278914749622345,0.34698134660720825,0.0,0.05704871937632561,0.11156918853521347,0.13938401639461517,-1.88602614402771,-1.7780914306640625,-1.7230234146118164,0.0,1.0
784384,766,9,152.77454451698964,137.11111111111111,-0.006483315152581781,4.106875314563513,-1.0806176155805587,0.006105796949123032,0.071533203125,1.3064486280083656,53.1253002166748,1.0593234300613403,5.509167194366455,39.29627990722656,30.027870178222656,38.236961364746094,32.7674674987793,0.9663393220593001,2.3550634384155273,197.73287963867188,1.0,1.0,0.0,1.0,0.0,0.0,0.14872373640537262,0.33954405784606934,0.0,0.0555185042321682,0.1103506088256836,0.138231098651886,-1.8890769481658936,-1.7804971933364868,-1.725285291671753,0.0,1.0
785408,767,8,131.51802938161555,114.125,-0.005946470925118774,2.015434867143631,-1.086725467443466,0.004445675366150681,0.0578857421875,1.057728500664234,21.12255495786667,0.28016525506973267,3.580817461013794,45.664703369140625,28.84206199645996,45.3845329284668,28.031108856201172,0.9845861256124094,1.543273687362671,66.09982299804688,1.0,1.0,0.0,1.0,0.0,0.0,0.08573451638221741,0.35111650824546814,0.0,0.05392112955451012,0.10964745283126831,0.13815611600875854,-1.8922621011734009,-1.78188955783844,-1.7254323959350586,0.0,1.0
786432,768,8,146.4175423368215,130.375,-0.005246020827325992,2.44414976015687,-1.0915802776813508,0.005239527928642929,0.0521240234375,1.2101337596774102,24.854647517204285,1.2465546131134033,3.6105754375457764,42.89314270019531,29.807445526123047,41.64658737182617,30.941078186035156,0.9853275284547784,1.8372914791107178,87.71419525146484,1.0,1.0,0.0,1.0,0.0,0.0,0.017069533467292786,0.3543297350406647,0.0,0.053635045886039734,0.10854924470186234,0.13609763979911804,-1.892832636833191,-1.7840462923049927,-1.7294728755950928,0.0,1.0
787456,769,9,147.10475493944466,131.66666666666666,-0.00399350628722459,3.3520980566740035,-1.097416752576828,0.004049653607944492,0.034521484375,1.0813785791397095,27.53809553384781,0.4212420582771301,4.508549690246582,37.92095947265625,28.13642120361328,37.499717712402344,29.38024139404297,0.9743234918013658,1.5800455808639526,86.25469970703125,1.0,1.0,0.0,1.0,0.0,0.0,-0.10264042764902115,0.34031805396080017,0.0,0.05470636487007141,0.10795163363218307,0.13460780680179596,-1.8906962871551514,-1.785203456878662,-1.7323987483978271,0.0,1.0
788480,770,7,130.52365457974562,124.28571428571429,-0.004553108938853257,5.370331387221813,-1.0997332006692886,0.005831043986836449,0.0639404296875,1.0150689214468003,59.533351516723634,1.8716756105422974,5.977212429046631,32.63671112060547,28.55769157409668,30.76503562927246,30.982254028320312,0.9561922256311395,1.6776796579360962,223.10552978515625,1.0,1.0,0.0,1.0,0.0,0.0,-0.00798538327217102,0.3643057644367218,0.0,0.05491039901971817,0.10750696063041687,0.13446888327598572,-1.8902894258499146,-1.78607177734375,-1.7326714992523193,0.0,1.0
789504,771,9,128.05792938846906,130.22222222222223,-0.006441081309458241,4.67913571447134,-1.1003461986780168,0.006600205760332756,0.063525390625,1.12867169380188,36.68553643226623,0.3639008402824402,5.099538326263428,43.627960205078125,32.29314422607422,43.264060974121094,31.78135871887207,0.9750631788390477,1.83633291721344,95.43164825439453,1.0,1.0,0.0,1.0,0.0,0.0,0.06468668580055237,0.37807697057724,0.0,0.05427739396691322,0.10819125175476074,0.1373351365327835,-1.8915517330169678,-1.7847524881362915,-1.727043628692627,0.0,1.0
790528,772,8,132.52101633389685,115.25,-0.005919243162497878,6.030903744697571,-1.0954973220825195,0.005501218268182129,0.0687255859375,1.1497568264603615,42.03541918992996,1.0908560752868652,5.565530776977539,43.379940032958984,26.68990135192871,42.289085388183594,26.714862823486328,0.9565170239187213,1.7386454343795776,127.5219955444336,1.0,1.0,0.0,1.0,0.0,0.0,0.04333614185452461,0.3881946802139282,0.0,0.05459697172045708,0.10860573500394821,0.13910943269729614,-1.8909144401550293,-1.7839170694351196,-1.7235620021820068,0.0,1.0
791552,773,9,142.584854604519,124.11111111111111,-0.005051882076077163,3.6018891498446464,-1.0961699604988098,0.006529961818887387,0.0474609375,1.1494136817753315,35.45504033565521,1.251033067703247,4.617814540863037,42.13411331176758,28.84569549560547,40.883079528808594,30.225078582763672,0.9743722260903571,2.0339162349700928,136.73745727539062,0.975,1.0,0.0,1.0,0.0,0.0,0.015745146200060844,0.38581183552742004,0.0,0.05372479185461998,0.10813958197832108,0.13827943801879883,-1.8926537036895752,-1.7848526239395142,-1.7251904010772705,0.0,1.0
792576,774,9,140.61982873588207,128.77777777777777,-0.0063762034173123535,3.2010660588741304,-1.097316426038742,0.0063000192836625505,0.0705322265625,1.0997590377926827,26.507271933555604,-0.7938459515571594,4.375858306884766,41.35409164428711,28.602615356445312,42.1479377746582,29.3885498046875,0.9765946559775821,1.7998334169387817,75.0650634765625,1.0,1.0,0.0,1.0,0.0,0.0,0.03825980797410011,0.3610254228115082,0.0,0.053920552134513855,0.10852069407701492,0.13855889439582825,-1.8922632932662964,-1.784097671508789,-1.7246421575546265,0.0,1.0
793600,775,8,124.00620691522789,119.125,-0.005442888103425502,4.06660304069519,-1.090351179242134,0.004994945519138127,0.052197265625,1.2235200807452202,29.275118112564087,1.2506325244903564,4.5774970054626465,33.673500061035156,24.3436279296875,32.42286682128906,25.413009643554688,0.9646421725360641,1.8671610355377197,91.56071472167969,1.0,1.0,0.0,1.0,0.0,0.0,-0.03669300302863121,0.3685110807418823,0.0,0.056510310620069504,0.1103517934679985,0.13819392025470734,-1.8870995044708252,-1.7804745435714722,-1.725358247756958,0.0,1.0
794624,776,9,112.46203543552713,116.55555555555556,-0.006299795268569141,5.213231053948403,-1.0818182319402694,0.006746151267725509,0.071240234375,1.0037396855652332,38.98629231452942,-0.5662760734558105,5.627613544464111,42.6219596862793,34.52396011352539,43.188232421875,34.99008560180664,0.9734290397134402,1.6665338277816772,120.17076110839844,0.975,1.0,0.0,1.0,0.0,0.0,-0.04963536560535431,0.35962018370628357,0.0,0.05613352358341217,0.1110963448882103,0.13975565135478973,-1.8878507614135742,-1.7790160179138184,-1.7222943305969238,0.0,1.0
795648,777,7,161.92405033396042,133.0,-0.004572805389761925,6.129067423939705,-1.079978421330452,0.006837157598056365,0.071337890625,1.1986954092979432,57.8333815574646,1.4638185501098633,5.799147605895996,38.74040985107422,25.18376350402832,37.276588439941406,27.239791870117188,0.946974224517127,2.0261220932006836,179.4814453125,1.0,1.0,0.0,1.0,0.0,0.0,0.10426643490791321,0.4049343168735504,0.0,0.05574745312333107,0.11111018061637878,0.14111170172691345,-1.8886204957962036,-1.7790031433105469,-1.719635009765625,0.0,1.0
796672,778,10,117.70898633388072,114.7,-0.005736600654199719,3.0633508294820784,-1.0792930990457534,0.006086609102203511,0.0724853515625,1.105986861884594,35.948143696784975,-0.3483228087425232,4.431988716125488,42.32197189331055,30.369504928588867,42.670291900634766,30.049829483032227,0.9787028305536347,1.987230658531189,115.82024383544922,1.0,1.0,0.0,1.0,0.0,0.0,0.0873272716999054,0.3877321481704712,0.0,0.05425598844885826,0.1115032434463501,0.1423400193452835,-1.891594409942627,-1.7782377004623413,-1.7172271013259888,0.0,1.0
797696,779,7,162.2985929851193,137.28571428571428,-0.006150455819442869,4.955256527662277,-1.0757237941026687,0.004421166300016921,0.0681884765625,1.1501819908618927,35.4126175403595,1.5577664375305176,5.08060359954834,42.763790130615234,31.739805221557617,41.206024169921875,33.4887580871582,0.974377461346948,1.970531702041626,95.8926773071289,1.0,1.0,0.0,1.0,0.0,0.0,0.02081717737019062,0.36530113220214844,0.0,0.054165031760931015,0.1122637689113617,0.14251510798931122,-1.8917757272720337,-1.7767558097839355,-1.716883897781372,0.0,1.0
798720,780,7,130.96682830038952,116.57142857142857,-0.005995856621302665,2.481520785391331,-1.0784604668617248,0.007209227344719693,0.0730712890625,0.9976096495985984,25.533018720149993,-0.00818932056427002,4.220473766326904,43.46086883544922,26.38381576538086,43.46905517578125,25.797544479370117,0.9744113576897229,2.01802396774292,85.79349517822266,0.975,1.0,0.0,1.0,0.0,0.0,0.04523676261305809,0.37438681721687317,0.0,0.05129900202155113,0.11031394451856613,0.1409021019935608,-1.8974919319152832,-1.7806013822555542,-1.720046043395996,0.0,1.0
799744,781,8,130.70774103026838,129.875,-0.0039904824225232005,3.625415675342083,-1.0873102575540543,0.006262602556671481,0.0489501953125,1.1581619456410408,39.925320661067964,1.303244709968567,4.894959449768066,36.29364776611328,31.31841468811035,34.99040222167969,32.9682502746582,0.9755713967608766,1.9979168176651,134.4569549560547,1.0,1.0,0.0,1.0,0.0,0.0,0.09651123732328415,0.36586618423461914,0.0,0.051018670201301575,0.10972649604082108,0.14182494580745697,-1.898051142692566,-1.7817696332931519,-1.7182366847991943,0.0,1.0
800768,782,8,131.4833531222255,135.5,-0.006944462191313505,6.249364098906517,-1.0889241993427277,0.006299261884123553,0.07412109375,1.170328426361084,34.48629627227783,1.3198158740997314,5.4653754234313965,41.73972702026367,33.19696807861328,40.41991424560547,32.451744079589844,0.9728953890453448,2.1389410495758057,94.3166732788086,1.0,1.0,0.0,1.0,0.0,0.0,0.11302857846021652,0.37692955136299133,0.0,0.05158267542719841,0.10962005704641342,0.1413067877292633,-1.8969260454177856,-1.781961441040039,-1.719252586364746,0.0,1.0
801792,783,8,168.72972413724284,138.25,-0.007054042094387114,3.8332223899662496,-1.0935082614421845,0.006342197793128434,0.0709716796875,1.193344198167324,39.29010376930237,2.586935043334961,4.550974369049072,44.788570404052734,30.072172164916992,42.20163345336914,31.369354248046875,0.9770976975720758,2.118105173110962,134.59982299804688,1.0,1.0,0.0,1.0,0.0,0.0,0.02176719345152378,0.3636734187602997,0.0,0.0503278486430645,0.10772239416837692,0.13900482654571533,-1.899429202079773,-1.7856968641281128,-1.7237672805786133,0.0,1.0
802816,784,7,154.35797111492292,132.71428571428572,-0.004651812114752829,9.623348322510719,-1.1041345864534378,0.004573700134642422,0.0586181640625,1.1823598071932793,53.74905586242676,-0.31940317153930664,6.765726566314697,42.20733642578125,26.664438247680664,42.52674102783203,25.7437744140625,0.9356180743919303,2.200634717941284,136.92816162109375,1.0,1.0,0.0,1.0,0.0,0.0,0.13666357100009918,0.3626851439476013,0.0,0.05009283870458603,0.1067829430103302,0.1398494392633438,-1.8998980522155762,-1.7875555753707886,-1.722110390663147,0.0,1.0
803840,785,8,130.87364412037815,128.5,-0.007964349654503166,3.795284552872181,-1.1039958536624908,0.010184166413091588,0.0821533203125,1.070992076396942,35.85655035972595,-0.3859659433364868,4.618075370788574,38.86325454711914,33.068824768066406,39.24922180175781,32.72382736206055,0.9804977553786639,1.6141228675842285,119.70866394042969,1.0,1.0,0.0,1.0,0.0,0.0,0.08742871135473251,0.3715569078922272,0.0,0.049372732639312744,0.10765049606561661,0.1425478309392929,-1.9013346433639526,-1.785866379737854,-1.7168197631835938,0.0,1.0
804864,786,9,132.68036765002122,118.66666666666667,-0.005814744054805488,2.018973582983017,-1.1040514707565308,0.0033245156839257104,0.0562744140625,1.1457268953323365,19.068316888809203,0.567345917224884,3.514659881591797,44.760581970214844,29.939517974853516,44.1932373046875,30.618268966674805,0.986219115845752,1.817940354347229,59.12266540527344,1.0,1.0,0.0,1.0,0.0,0.0,0.023281319066882133,0.37222814559936523,0.0,0.04707832634449005,0.10604234784841537,0.14169996976852417,-1.9059128761291504,-1.7890334129333496,-1.7184817790985107,0.0,1.0
805888,787,8,127.04080622458982,118.25,-0.00516057838103734,6.552091863751412,-1.1092842280864716,0.0023539217523648403,0.0477783203125,1.173117569088936,38.3721138715744,-1.9554320573806763,5.429459571838379,43.397159576416016,29.10515785217285,45.35258865356445,28.532005310058594,0.9652004769823452,1.9006171226501465,116.26789093017578,1.0,1.0,0.0,1.0,0.0,0.0,0.09483390301465988,0.36996185779571533,0.000244140625,0.04936331883072853,0.10678596049547195,0.14240722358226776,-1.9013534784317017,-1.7875556945800781,-1.7170953750610352,0.0,1.0
806912,788,8,125.33013325615167,125.875,-0.006995238969102502,3.2676790967583655,-1.105797877907753,0.0068122162279905755,0.071337890625,1.1864675730466843,28.768741106987,-0.5114742517471313,4.262786388397217,38.475624084472656,29.26922035217285,38.987091064453125,29.289657592773438,0.9787888192297299,2.5726687908172607,89.94514465332031,1.0,1.0,0.0,1.0,0.0,0.0,0.23124323785305023,0.3423919379711151,0.0,0.05001160874962807,0.10667449980974197,0.14300189912319183,-1.9000600576400757,-1.7877782583236694,-1.7159299850463867,0.0,1.0
807936,789,7,124.44685525215766,121.42857142857143,-0.003018013096880168,3.425845005363226,-1.1128850638866425,0.005218060530023649,0.0470947265625,1.1609528332948684,32.3357693195343,0.799013614654541,4.8411149978637695,39.44367980957031,33.0877685546875,38.64466857910156,33.71111297607422,0.9785930032421238,2.508408308029175,107.4144058227539,1.0,1.0,0.0,1.0,0.0,0.0,0.16288842260837555,0.32983407378196716,0.0,0.04968024045228958,0.1042848601937294,0.13875779509544373,-1.9007211923599243,-1.792481541633606,-1.7242518663406372,0.0,1.0
808960,790,8,169.8138365074347,150.0,-0.004646227264311164,9.880311106145381,-1.1251201063394547,0.003980177330959123,0.041845703125,1.0640352293848991,78.82938981056213,3.598423480987549,7.867900848388672,36.46495819091797,32.64324951171875,32.86653518676758,36.614376068115234,0.9419060406460704,1.656758189201355,259.7631530761719,1.0,1.0,0.0,1.0,0.0,0.0,0.08139245957136154,0.36105120182037354,0.0,0.04742179065942764,0.10286787897348404,0.13645483553409576,-1.9052274227142334,-1.795270323753357,-1.728771686553955,0.0,1.0
809984,791,8,130.5039849067756,125.75,-0.004658638383261859,2.927834965288639,-1.1314680993556976,0.004977989679900929,0.069287109375,1.2333211660385133,27.64242595434189,0.15532338619232178,4.113759517669678,43.36343002319336,32.050689697265625,43.208106994628906,31.17711639404297,0.9835258527011858,2.4958174228668213,102.1390609741211,1.0,1.0,0.0,1.0,0.0,0.0,0.11080662161111832,0.39755526185035706,0.0,0.04515751078724861,0.1022135317325592,0.13605962693691254,-1.9097462892532349,-1.7965850830078125,-1.7295476198196411,0.0,1.0
811008,792,11,141.477498215604,113.36363636363636,-0.004731111170258373,2.276963475346565,-1.1316830515861511,0.003982235612056684,0.042919921875,1.136907197535038,27.952574646472932,0.5057788491249084,3.748546838760376,41.45820617675781,29.809110641479492,40.952430725097656,30.13136863708496,0.9841865063080051,2.0619797706604004,87.07665252685547,1.0,1.0,0.0,1.0,0.0,0.0,0.12219879776239395,0.3552481234073639,0.0,0.04422011971473694,0.10275798290967941,0.136301651597023,-1.911617398262024,-1.7955220937728882,-1.7290723323822021,0.0,1.0
812032,793,6,129.48820349618867,127.5,-0.003448489820584655,1.6505614440888166,-1.1321974247694016,0.004981417163799051,0.0511962890625,1.3477604597806931,24.92619521021843,-0.6442915797233582,3.3759753704071045,43.99920654296875,30.99529457092285,44.64350128173828,30.47132110595703,0.9881366596586472,2.363208770751953,85.0108413696289,1.0,1.0,0.0,1.0,0.0,0.0,0.11746390908956528,0.36298856139183044,0.0,0.04228392243385315,0.1015353724360466,0.1340271383523941,-1.915482521057129,-1.7979403734207153,-1.733539342880249,0.0,1.0
813056,794,7,146.04302129204154,139.0,-0.006672068679472431,5.013358952105046,-1.1404641628265382,0.0039476287623983804,0.0532958984375,1.2533087819814681,39.1444340467453,2.0360634326934814,5.042884826660156,37.22107696533203,28.97884750366211,35.18501281738281,30.59689712524414,0.969717214225961,2.148898124694824,124.48114013671875,1.0,1.0,0.0,1.0,0.0,0.0,0.16813510656356812,0.374583899974823,0.0,0.04106561467051506,0.10043979436159134,0.1315658986568451,-1.917914867401123,-1.8001059293746948,-1.7383760213851929,0.0,1.0
814080,795,9,143.0032048291242,136.33333333333334,-0.007873017649399117,3.4930344961583613,-1.1432094424962997,0.007127981590747368,0.089794921875,1.1762415811419487,24.585637259483338,0.6073768138885498,4.361847400665283,43.13949203491211,31.24637222290039,42.5321159362793,31.813940048217773,0.9805131454928023,2.2157816886901855,71.11236572265625,1.0,1.0,0.0,1.0,0.0,0.0,0.06617767363786697,0.3877204358577728,0.0,0.04105145484209061,0.10081406682729721,0.13182449340820312,-1.9179432392120361,-1.799375057220459,-1.7378677129745483,0.0,1.0
815104,796,8,147.5860572942576,125.25,-0.0060454938735347245,1.1056353323161603,-1.1433547914028168,0.00417831743543502,0.0752685546875,1.1234313756227494,10.657849794626236,0.42272716760635376,2.506723165512085,47.77753448486328,29.67007064819336,47.35480499267578,30.081825256347656,0.9928620155435007,2.350865125656128,30.911378860473633,1.0,1.0,0.0,1.0,0.0,0.0,0.01035773754119873,0.35885491967201233,0.0,0.04065101221203804,0.09985432773828506,0.1319412887096405,-1.9187427759170532,-1.8012609481811523,-1.7376381158828735,0.0,1.0
816128,797,8,145.69783656910047,129.125,-0.0061521709722001106,4.24348675608635,-1.1495092242956162,0.001780576680903323,0.0641845703125,1.214679080247879,30.732899522781373,0.43394720554351807,4.818912506103516,38.86957550048828,30.17313575744629,38.435630798339844,31.539472579956055,0.9744931280214876,2.081242322921753,86.94650268554688,1.0,1.0,0.0,1.0,0.0,0.0,0.18217025697231293,0.3818189799785614,8.138020833333333e-05,0.03835546225309372,0.09891846776008606,0.13151401281356812,-1.9233267307281494,-1.8031240701675415,-1.7384779453277588,0.0,1.0
817152,798,8,122.24453056068978,121.375,-0.004973658823291771,2.613844408094883,-1.1517818212509154,0.0055770036226022056,0.06064453125,1.2047951519489288,24.045917689800262,-1.459727168083191,3.71730375289917,41.731529235839844,31.388944625854492,43.191253662109375,30.605039596557617,0.9859750053957399,2.5135531425476074,74.23573303222656,1.0,1.0,0.0,1.0,0.0,0.0,0.07662903517484665,0.3555906116962433,0.0,0.037425264716148376,0.09940484911203384,0.13153167068958282,-1.9251843690872192,-1.802188754081726,-1.7384432554244995,0.0,1.0
818176,799,10,127.98233825616076,119.6,-0.0033952226804103702,4.3980059832334515,-1.1505136996507646,0.006195877249410842,0.057275390625,1.1371928304433823,38.97879763841629,-0.8013065457344055,5.112459659576416,39.46257400512695,29.55405616760254,40.263877868652344,29.062435150146484,0.9700755895777742,1.8941984176635742,157.55796813964844,1.0,1.0,0.0,1.0,0.0,0.0,-0.012424781918525696,0.3754804730415344,0.0,0.03659014403820038,0.09897526353597641,0.13159510493278503,-1.9268523454666138,-1.8030304908752441,-1.7383185625076294,0.0,1.0
819200,800,6,118.07561495786177,123.66666666666667,-0.004486354393884539,3.9116565100848675,-1.1498551785945892,0.004520675538515206,0.0541259765625,1.1170662105083466,32.96161069869995,0.24176016449928284,4.891785144805908,42.39453887939453,32.115177154541016,42.15277862548828,32.62187194824219,0.9767985997984131,2.0811188220977783,106.02920532226562,1.0,1.0,0.0,1.0,0.0,0.0,0.11457622051239014,0.38152551651000977,0.0,0.037770844995975494,0.09989016503095627,0.13306185603141785,-1.9244942665100098,-1.8012326955795288,-1.7354358434677124,0.0,1.0
820224,801,9,148.3665983295019,133.22222222222223,-0.007065398339182139,2.1930536791682242,-1.1484619915485381,0.0034855684294598176,0.081005859375,1.2589123532176019,21.130780971050264,-0.21633881330490112,3.6431660652160645,38.26502227783203,29.856294631958008,38.481361389160156,30.174144744873047,0.9851102927128532,2.116241216659546,54.88247299194336,1.0,1.0,0.0,1.0,0.0,0.0,0.12999874353408813,0.3947107195854187,0.0,0.03757511451840401,0.09907617419958115,0.1313420981168747,-1.9248851537704468,-1.8028360605239868,-1.7388160228729248,0.0,1.0
821248,802,8,125.03238517299458,114.625,-0.0054103020927868785,3.390727585554123,-1.1554984867572784,0.0044640155931119805,0.04697265625,1.3478015124797822,31.451979672908784,-0.2317950278520584,4.421939373016357,38.65083312988281,29.824331283569336,38.88262939453125,31.984594345092773,0.9780171414584083,2.5633292198181152,90.92796325683594,1.0,1.0,0.0,1.0,0.0,0.0,0.20936016738414764,0.36144283413887024,0.0,0.034487053751945496,0.09758871793746948,0.13195882737636566,-1.9310531616210938,-1.8057852983474731,-1.7376036643981934,0.0,1.0
822272,803,7,140.18494813687244,131.28571428571428,-0.006345150922425091,2.8522109642624853,-1.1613374322652816,0.004107722846674733,0.0544677734375,1.2714482739567756,30.99281725883484,1.3873586654663086,4.2114057540893555,38.062339782714844,28.330448150634766,36.674983978271484,30.118906021118164,0.9779022878686702,1.9959877729415894,136.92144775390625,0.975,1.0,0.0,1.0,0.0,0.0,0.1452784687280655,0.36885562539100647,0.0,0.032760489732027054,0.09730744361877441,0.13251176476478577,-1.9345024824142456,-1.8063501119613647,-1.7365168333053589,0.0,1.0
823296,804,9,149.1545711095501,131.33333333333334,-0.004593622771790251,7.996344739198685,-1.1647223442792893,0.004566909380082506,0.0638916015625,1.2001389920711518,47.601827311515805,1.1574821472167969,6.309506893157959,38.40837097167969,32.736656188964844,37.25088882446289,33.91979217529297,0.9628531398520344,2.517632246017456,136.71482849121094,1.0,1.0,0.0,1.0,0.0,0.0,0.12987364828586578,0.359468936920166,0.0,0.031540922820568085,0.09640831500291824,0.13105365633964539,-1.9369391202926636,-1.80813729763031,-1.7393829822540283,0.0,1.0
824320,805,7,135.29570865171104,128.85714285714286,-0.004739284503739327,2.790786215662956,-1.1687355369329453,0.005371439314330928,0.05771484375,1.242958776652813,37.364443838596344,0.9088046550750732,4.0106682777404785,40.37470626831055,29.852846145629883,39.46590042114258,29.93388557434082,0.9819506305295292,2.023507833480835,130.52734375,1.0,1.0,0.0,1.0,0.0,0.0,0.15957872569561005,0.3775845170021057,0.0,0.03129487484693527,0.09624945372343063,0.13115666806697845,-1.9374306201934814,-1.8084487915039062,-1.739180564880371,0.0,1.0
825344,806,10,136.8153707082418,141.2,-0.006382713309722021,3.748885338008404,-1.1698609709739685,0.007608064985834062,0.0658203125,1.0214049711823463,34.33334048986435,0.8998181819915771,4.736888885498047,35.174686431884766,32.28607177734375,34.27486801147461,33.14475631713867,0.9784743631403567,1.7799348831176758,115.90762329101562,0.975,1.0,0.0,1.0,0.0,0.0,0.05195408686995506,0.3723330795764923,0.0,0.032437171787023544,0.09560510516166687,0.12985393404960632,-1.9351483583450317,-1.8097052574157715,-1.7417421340942383,0.0,1.0
826368,807,8,133.38298187054028,119.375,-0.005980992683907971,2.1650082916021347,-1.174806120991707,0.006044310978904832,0.043603515625,1.135081973671913,22.938249337673188,0.23891448974609375,3.7252044677734375,43.211578369140625,27.2919921875,42.97266387939453,27.159915924072266,0.9813692758598207,1.7882012128829956,61.727691650390625,1.0,1.0,0.0,1.0,0.0,0.0,0.10087162256240845,0.35234373807907104,8.138020833333333e-05,0.03135684132575989,0.09482559561729431,0.13026386499404907,-1.9373068809509277,-1.8112515211105347,-1.7409359216690063,0.0,1.0
827392,808,8,107.81677586169153,118.5,-0.0047997932881116865,3.3927382305264473,-1.17441928088665,0.00792504172277404,0.075,1.1963011905550958,32.85342335700989,-1.690953016281128,4.099290370941162,37.205081939697266,34.94004440307617,38.89604187011719,33.698455810546875,0.986235183578205,2.368004083633423,110.4130859375,1.0,1.0,0.0,1.0,0.0,0.0,0.14150090515613556,0.37812694907188416,0.0,0.031183579936623573,0.09593063592910767,0.13247455656528473,-1.9376530647277832,-1.8090801239013672,-1.736590027809143,0.0,1.0
828416,809,7,134.66094935657674,130.42857142857142,-0.0029605115414597094,9.806765097379685,-1.1636560201644897,0.0050907180819194766,0.065185546875,1.0557723641395569,30.709106254577637,-0.16092702746391296,6.072002410888672,43.658355712890625,29.546846389770508,43.81928253173828,29.851295471191406,0.9577680118737061,1.821884274482727,103.21119689941406,1.0,1.0,0.0,1.0,0.0,0.0,-0.0908784568309784,0.3733230233192444,0.0,0.03280079364776611,0.09816795587539673,0.1362234503030777,-1.9344218969345093,-1.8046711683273315,-1.7292258739471436,0.0,1.0
829440,810,7,150.28556971653902,134.28571428571428,-0.0032887262641452253,4.717943161725998,-1.1548667550086975,0.004182598170882556,0.0324462890625,1.0795417830348015,40.976265370845795,2.5709338188171387,5.1962199211120605,37.34401321411133,29.496639251708984,34.77307891845703,31.630382537841797,0.9689665578288912,1.8578749895095825,130.9250030517578,1.0,1.0,0.0,1.0,0.0,0.0,0.07767964154481888,0.35612809658050537,0.0,0.033933356404304504,0.09875083714723587,0.13691703975200653,-1.9321593046188354,-1.8035163879394531,-1.7278642654418945,0.0,1.0
830464,811,8,144.29640610264704,144.625,-0.00663807651726529,5.00844122171402,-1.1521547853946685,0.003878520209400449,0.0584228515625,1.0136215060949325,34.89979741573334,0.772750735282898,5.144983768463135,34.46747589111328,31.78373908996582,33.694725036621094,32.003448486328125,0.9737965790072465,1.6985701322555542,114.30467987060547,1.0,1.0,0.0,1.0,0.0,0.0,-0.006842958275228739,0.39451512694358826,0.0,0.034692004323005676,0.09932456165552139,0.1389360874891281,-1.9306437969207764,-1.8023754358291626,-1.7239021062850952,0.0,1.0
831488,812,8,133.50333713828178,120.75,-0.00515468412777409,4.985732534527779,-1.1508562475442887,0.00513063051912468,0.063427734375,1.103027740865946,33.25082505941391,0.4494394063949585,5.185698986053467,41.389739990234375,28.157634735107422,40.94029998779297,29.776012420654297,0.9660826271865395,2.5980520248413086,93.37006378173828,0.975,1.0,0.0,1.0,0.0,0.0,0.08914843946695328,0.3666204810142517,0.0,0.033634252846241,0.09907639026641846,0.1391507238149643,-1.9327569007873535,-1.8028827905654907,-1.7234809398651123,0.0,1.0
832512,813,7,133.5788457236998,143.14285714285714,-0.005100929085165263,2.8512784227728845,-1.1550924152135849,0.005142056345357559,0.0577880859375,1.1415395826101302,27.772208762168884,0.20033089816570282,4.215409278869629,31.71736717224121,32.43543243408203,31.517040252685547,33.365638732910156,0.9831095939723578,2.0864384174346924,83.98301696777344,1.0,1.0,0.0,1.0,0.0,0.0,0.004644744098186493,0.3644063472747803,0.0,0.032351091504096985,0.09785941988229752,0.13698595762252808,-1.9353203773498535,-1.8052836656570435,-1.727729082107544,0.0,1.0
833536,814,9,124.69897312238042,128.11111111111111,-0.006342808454064652,6.060445475578308,-1.1574754685163497,0.00335480592912063,0.0558349609375,1.0753491967916489,55.77638416290283,2.145096778869629,5.515514373779297,33.622657775878906,32.19826889038086,31.477561950683594,32.808528900146484,0.9706568344839074,1.609254240989685,193.8007354736328,1.0,1.0,0.0,1.0,0.0,0.0,0.16987036168575287,0.36054232716560364,0.0,0.034375108778476715,0.09857836365699768,0.13677345216274261,-1.931276798248291,-1.8038430213928223,-1.7281461954116821,0.0,1.0
834560,815,8,153.01973028388196,127.75,-0.004084543930366636,5.993384245038032,-1.1558088481426239,0.0049502509704325345,0.055224609375,1.4217302218079566,44.2657258272171,1.824645757675171,5.677643299102783,42.84479522705078,26.44061851501465,41.0201530456543,26.540843963623047,0.9538902276489897,3.3887839317321777,140.54115295410156,0.975,1.0,0.0,1.0,0.0,0.0,0.1799662858247757,0.3696870505809784,0.0,0.03416947275400162,0.09809067100286484,0.13647787272930145,-1.931687593460083,-1.8048030138015747,-1.7287263870239258,0.0,1.0
835584,816,7,134.03272768408243,118.14285714285714,-0.005706253764219582,2.320278898626566,-1.1562193483114243,0.006596678192727268,0.06376953125,1.0362621605396272,22.841006541252135,-0.6503530740737915,3.3964693546295166,47.20869827270508,29.518997192382812,47.85905456542969,28.781007766723633,0.9867610906764268,1.5879713296890259,60.56123733520508,1.0,1.0,0.0,1.0,0.0,0.0,-0.014961968176066875,0.39273160696029663,0.0,0.03385910764336586,0.09882015734910965,0.1390961855649948,-1.9323076009750366,-1.803377628326416,-1.723587989807129,0.0,1.0
836608,817,10,138.62537532557798,126.2,-0.006737920443993062,2.233903354406357,-1.1527837604284286,0.007125270512187853,0.0615478515625,1.0708784818649293,20.620026302337646,0.5893471240997314,3.6221060752868652,40.514060974121094,27.154375076293945,39.924713134765625,28.060434341430664,0.9822072678152702,1.8900322914123535,74.18620300292969,1.0,1.0,0.0,1.0,0.0,0.0,0.05045850947499275,0.35399264097213745,0.0,0.03364918753504753,0.09888043999671936,0.1389877200126648,-1.9327269792556763,-1.803253173828125,-1.723800778388977,0.0,1.0
837632,818,8,126.28753308261577,115.125,-0.005640821577981114,4.804287947714329,-1.1550409078598023,0.006631035327154677,0.0564453125,0.9482344686985016,36.24777663946152,2.003260612487793,5.476165771484375,41.87636184692383,30.875085830688477,39.873104095458984,32.91557693481445,0.9685415838025313,1.2923731803894043,126.67118072509766,1.0,1.0,0.0,1.0,0.0,0.0,0.13538408279418945,0.35092541575431824,0.0,0.031170949339866638,0.09816178679466248,0.1397651582956314,-1.937678337097168,-1.8046964406967163,-1.722275733947754,0.0,1.0
838656,819,8,164.37529487433642,129.75,-0.004994896723655984,4.193523553013802,-1.159820818901062,0.005516073142644018,0.0480712890625,1.1432637825608254,37.9106258392334,2.8673384189605713,4.571275234222412,41.47517395019531,28.162660598754883,38.60783386230469,30.76921844482422,0.9736532326030253,1.9388353824615479,131.67645263671875,1.0,1.0,0.0,1.0,0.0,0.0,-0.029757199808955193,0.3507281243801117,0.0,0.02912762761116028,0.09724584966897964,0.13930253684520721,-1.9417612552642822,-1.8065305948257446,-1.7231831550598145,0.0,1.0
839680,820,9,138.04857572907892,132.88888888888889,-0.005596676748245955,5.914435730874539,-1.16514350771904,0.007029703598527703,0.0620361328125,1.1817342951893806,41.91696374416351,0.7050795555114746,5.614872455596924,39.63788604736328,30.10661506652832,38.93280792236328,29.735145568847656,0.9652178911053922,2.253533363342285,143.15206909179688,0.975,1.0,0.0,1.0,0.0,0.0,0.05796964094042778,0.4134392738342285,0.0,0.02595660649240017,0.09647630900144577,0.13982105255126953,-1.9480984210968018,-1.8080697059631348,-1.7221660614013672,0.0,1.0
840704,821,6,113.33377054255669,133.16666666666666,-0.005668918578885495,8.116616496443749,-1.1632575422525406,0.007821653435530606,0.067578125,1.0931198209524156,50.24366593360901,-1.1935780048370361,6.278499603271484,35.648311614990234,32.83854675292969,36.841888427734375,30.728004455566406,0.963445242717199,1.8634710311889648,165.1565704345703,1.0,1.0,0.0,1.0,0.0,0.0,0.011034637689590454,0.3682669401168823,0.0,0.02654499001801014,0.09820886701345444,0.13924594223499298,-1.9469225406646729,-1.8046568632125854,-1.7232942581176758,0.0,1.0
841728,822,8,140.09798436901664,129.75,-0.004908196785254404,5.022790947556496,-1.1518752545118331,0.005280299716105219,0.06416015625,0.9896070539951325,40.399282050132754,-0.39418214559555054,5.18635892868042,33.10829162597656,30.972124099731445,33.50247573852539,30.228044509887695,0.971959666298683,1.6305054426193237,119.31765747070312,1.0,1.0,0.0,1.0,0.0,0.0,0.06154127046465874,0.3910546600818634,0.0,0.027305493131279945,0.0998908057808876,0.1403890997171402,-1.9454026222229004,-1.8013471364974976,-1.7210519313812256,0.0,1.0
842752,823,8,127.36318519268268,125.375,-0.005430234828963876,4.908206851780415,-1.1458802342414856,0.0047004227817524225,0.0647216796875,1.1475819066166877,35.91727912425995,1.1425172090530396,5.23313570022583,38.58716583251953,26.733556747436523,37.44465255737305,28.678102493286133,0.9616813301729851,1.9908156394958496,121.53854370117188,1.0,1.0,0.0,1.0,0.0,0.0,0.14188243448734283,0.38697776198387146,0.0,0.02588183805346489,0.10011061280965805,0.14107726514339447,-1.9482479095458984,-1.8009271621704102,-1.7197026014328003,0.0,1.0
843776,824,7,126.4805983809375,125.42857142857143,-0.00568499251967296,3.834129637479782,-1.14590365588665,0.006301917764358222,0.0653076171875,1.1907324209809302,28.183549988269807,1.7701784372329712,4.773284435272217,36.71100997924805,29.447132110595703,34.940834045410156,31.10964012145996,0.9737246442652154,1.894679307937622,87.51344299316406,1.0,1.0,0.0,1.0,0.0,0.0,0.22264878451824188,0.3296130299568176,0.0,0.025065595284104347,0.1001417264342308,0.14125126600265503,-1.9498792886734009,-1.8008676767349243,-1.719361424446106,0.0,1.0
844800,825,11,122.20485786122778,112.0909090909091,-0.005842439690604806,6.795558819174767,-1.1433590352535248,0.004083553535747342,0.057373046875,0.9496503308415413,39.15301010608673,-1.5040905475616455,5.539613246917725,44.032962799072266,30.45220184326172,45.53705596923828,28.224430084228516,0.9669081127585977,1.5831372737884521,98.19182586669922,1.0,1.0,0.0,1.0,0.0,0.0,0.24779611825942993,0.32107019424438477,0.0,0.02547314018011093,0.10105828195810318,0.14387530088424683,-1.9490647315979004,-1.799074649810791,-1.7142186164855957,0.0,1.0
845824,826,7,131.82263730215786,117.42857142857143,-0.005046331661287695,4.454814644157887,-1.1401610106229783,0.0053899485239526255,0.047119140625,1.1263954892754555,44.15319812297821,0.020096875727176666,5.316284656524658,42.07170486450195,31.353885650634766,42.05160903930664,31.998153686523438,0.9712502734905087,1.8392014503479004,146.03802490234375,1.0,1.0,0.0,1.0,0.0,0.0,0.2030029147863388,0.3745757043361664,0.0,0.02540990337729454,0.10093954205513,0.14509320259094238,-1.9491910934448242,-1.7993048429489136,-1.7118330001831055,0.0,1.0
846848,827,10,113.25404539220604,121.7,-0.007151171745499596,9.786037665605544,-1.1427899807691575,0.007721233634219971,0.0861572265625,1.202129715681076,65.40269417762757,-1.399205207824707,6.877723217010498,35.10041046142578,30.761810302734375,36.49961853027344,29.73112678527832,0.9500120171930904,2.117461681365967,204.76072692871094,1.0,1.0,0.0,1.0,0.0,0.0,0.01114797592163086,0.41165000200271606,0.0,0.024847425520420074,0.10045035928487778,0.14415591955184937,-1.9503153562545776,-1.8002744913101196,-1.7136688232421875,0.0,1.0
847872,828,8,150.8135546168135,138.0,-0.005708690267056227,1.8899250008165835,-1.1469026625156402,0.004750346003856975,0.059814453125,0.9882666617631912,17.73984204530716,0.5845614671707153,3.360492706298828,40.20092010498047,31.991769790649414,39.61635971069336,31.916404724121094,0.9889660931278775,1.6253535747528076,49.298301696777344,1.0,1.0,0.0,1.0,0.0,0.0,0.12127244472503662,0.38308072090148926,0.0,0.02411837689578533,0.09930753707885742,0.14410650730133057,-1.9517725706100464,-1.8025336265563965,-1.7137656211853027,0.0,1.0
848896,829,6,137.1559902040665,120.66666666666667,-0.004803758766502142,2.877478429675102,-1.1565252453088761,0.005726331783807837,0.055615234375,1.2821138754487038,28.62544068098068,0.6318050026893616,4.3108391761779785,37.08237075805664,29.376859664916992,36.450565338134766,30.3466739654541,0.9784665868840677,2.121522903442383,91.44573211669922,1.0,1.0,0.0,1.0,0.0,0.0,0.24156320095062256,0.36028939485549927,0.0,0.022778447717428207,0.09707348793745041,0.14220081269741058,-1.9544509649276733,-1.806928038597107,-1.7174999713897705,0.0,1.0
849920,830,10,128.92221956881923,124.4,-0.006035558669827879,3.133230113983154,-1.166339385509491,0.006148154636321124,0.061669921875,1.1293149694800377,17.026403415203095,-0.3919215798377991,3.959991693496704,40.609474182128906,29.63047981262207,41.00139617919922,29.776269912719727,0.9821387759784396,2.032409906387329,43.83675765991211,1.0,1.0,0.0,1.0,0.0,0.0,0.2187311202287674,0.35893914103507996,0.0,0.0218295156955719,0.09649024158716202,0.14211082458496094,-1.956347942352295,-1.8080940246582031,-1.7176764011383057,0.0,1.0
850944,831,8,124.57232913051737,121.5,-0.00435687747085467,4.162206721305847,-1.1658466309309006,0.0022409919314668515,0.046484375,1.2091388270258903,33.878781700134276,0.6900665163993835,4.883682727813721,36.24634552001953,32.431617736816406,35.556278228759766,32.87505340576172,0.9773244569771596,2.1508774757385254,109.7606201171875,1.0,1.0,0.0,1.0,0.0,0.0,0.10740263015031815,0.38285884261131287,0.0,0.023625129833817482,0.0970630943775177,0.14236022531986237,-1.952758550643921,-1.8069443702697754,-1.717187523841858,0.0,1.0
851968,832,8,135.42815895869688,123.125,-0.004889457189710811,1.6161403104662895,-1.1669665336608888,0.004531928927463014,0.0412109375,1.0738629296422004,16.438450878858568,0.20258179306983948,3.2410504817962646,47.76535415649414,28.90243148803711,47.56277084350586,29.06036376953125,0.987425150552286,1.9767698049545288,46.71699523925781,1.0,1.0,0.0,1.0,0.0,0.0,0.15143829584121704,0.3551277220249176,0.0,0.02049546130001545,0.09576687216758728,0.14151057600975037,-1.9590147733688354,-1.8095308542251587,-1.7188529968261719,0.0,1.0
852992,833,8,148.1268766086133,132.75,-0.0045298812270630155,2.9232119381427766,-1.1734158605337144,0.0040321556487469936,0.05458984375,1.273705254495144,31.44506593942642,1.144389033317566,4.066752910614014,39.591922760009766,28.023128509521484,38.447532653808594,28.14286231994629,0.9789398110245806,2.123180866241455,94.52255249023438,1.0,1.0,0.0,1.0,0.0,0.0,0.09171098470687866,0.3779822289943695,0.0,0.0192644651979208,0.09541851282119751,0.14267617464065552,-1.9614758491516113,-1.8102264404296875,-1.7165682315826416,0.0,1.0
854016,834,11,122.26244897434873,104.9090909090909,-0.0031897913839202376,5.253506894409656,-1.1763104647397995,0.006468824198236689,0.045703125,1.1925675511360168,44.518560481071475,-0.994699239730835,5.821613788604736,45.847877502441406,30.95644187927246,46.84257507324219,31.01906394958496,0.9646341042937765,2.2663605213165283,142.73983764648438,1.0,1.0,0.0,1.0,0.0,0.0,0.13853734731674194,0.35886189341545105,0.0,0.020114921033382416,0.09442483633756638,0.1395845115184784,-1.9597755670547485,-1.8121675252914429,-1.7226300239562988,0.0,1.0
855040,835,6,148.28524461833558,133.33333333333334,-0.006019274052232504,3.8007836237549784,-1.1811867862939835,0.006198936952569056,0.0651611328125,1.1057072296738624,26.388473176956175,0.34823018312454224,4.477588176727295,44.07331466674805,30.366241455078125,43.72509002685547,30.876188278198242,0.9782576638542175,2.186119556427002,75.32777404785156,1.0,1.0,0.0,1.0,0.0,0.0,-0.08965050429105759,0.39222452044487,0.0,0.020990019664168358,0.09398990124464035,0.1388646960258484,-1.9580261707305908,-1.8130227327346802,-1.7240421772003174,0.0,1.0
856064,836,8,159.68536278838369,137.75,-0.0065524695324711505,2.073528514802456,-1.1809952199459075,0.008213141042506322,0.0884033203125,1.16250062212348,21.371953511238097,1.1854047775268555,3.2597806453704834,44.1907958984375,29.48892593383789,43.00538635253906,30.363142013549805,0.9877803480554685,1.8752524852752686,68.74778747558594,0.975,1.0,0.0,1.0,0.0,0.0,0.17977160215377808,0.40437403321266174,0.0,0.021495208144187927,0.09464160352945328,0.14034053683280945,-1.9570162296295166,-1.811735987663269,-1.7211472988128662,0.0,1.0
857088,837,10,139.68096827270156,112.1,-0.007074146252125502,2.2458270713686943,-1.1754779756069182,0.006710826003109105,0.0767822265625,1.2249899938702584,22.657146859169007,0.6437769532203674,3.775690793991089,46.1102294921875,28.48898696899414,45.46644973754883,29.53404426574707,0.9824353773854276,1.7964118719100952,90.8111572265625,1.0,1.0,0.0,1.0,0.0,0.0,0.12338302284479141,0.35676130652427673,0.0,0.02099708281457424,0.0955570638179779,0.1424274742603302,-1.9580119848251343,-1.809938907623291,-1.7170556783676147,0.0,1.0
858112,838,7,141.30568480731765,136.14285714285714,-0.005495922267436981,4.589013108611107,-1.171890452504158,0.003730800744961016,0.055126953125,1.097739678621292,34.46929044723511,-0.19019608199596405,5.089526176452637,42.075130462646484,31.136920928955078,42.26532745361328,31.301376342773438,0.973282036071162,1.9419431686401367,124.27161407470703,1.0,1.0,0.0,1.0,0.0,0.0,-0.01354601327329874,0.38867855072021484,0.0,0.020918551832437515,0.09598354250192642,0.14365851879119873,-1.9581689834594727,-1.80911386013031,-1.7146432399749756,0.0,1.0
859136,839,8,143.820645075934,141.5,-0.005210748303215951,1.9018038004636764,-1.1675520926713943,0.0044760813398170285,0.051171875,1.1977379083633424,21.057819974422454,0.10974593460559845,3.3178422451019287,39.10606384277344,32.666839599609375,38.996315002441406,32.51771926879883,0.9896843322952513,1.8854386806488037,70.61921691894531,1.0,1.0,0.0,1.0,0.0,0.0,0.07450470328330994,0.3739720284938812,0.0,0.021421313285827637,0.09697768837213516,0.14509643614292145,-1.95716392993927,-1.807149052619934,-1.7118265628814697,0.0,1.0
860160,840,7,153.38313369768912,132.71428571428572,-0.005478324455907568,2.2699606377631425,-1.1650654077529907,0.007747577974805608,0.062744140625,1.0644375026226043,23.848677402734758,1.908954381942749,3.6801178455352783,43.43868637084961,26.578590393066406,41.52973175048828,28.79184341430664,0.9808283483904434,1.8603123426437378,79.21788787841797,0.975,1.0,0.0,1.0,0.0,0.0,0.030497273430228233,0.37778666615486145,0.0,0.02222159504890442,0.09662249684333801,0.14401142299175262,-1.9555641412734985,-1.8078322410583496,-1.7139519453048706,0.0,1.0
861184,841,6,141.42483646633409,135.5,-0.008764559641713276,1.7945168912410736,-1.1686015665531158,0.005704899132251739,0.07001953125,1.0134307712316513,16.089084923267365,0.6728684902191162,3.2147505283355713,44.6219596862793,26.80628776550293,43.949092864990234,26.207645416259766,0.9856179344918202,2.291167974472046,43.84267807006836,1.0,1.0,0.0,1.0,0.0,0.0,0.08181033283472061,0.37149402499198914,0.0,0.020153474062681198,0.09599236398935318,0.1432042419910431,-1.9596985578536987,-1.809080719947815,-1.7155334949493408,0.0,1.0
862208,842,8,147.9493834242963,132.125,-0.005511864495929331,3.7070856876671314,-1.1726491630077363,0.005116936254489701,0.06357421875,1.1346432998776437,34.85364159345627,-0.7750621438026428,4.750357627868652,43.00480651855469,30.510026931762695,43.779869079589844,30.249906539916992,0.9757580545908957,2.350754499435425,107.57405090332031,1.0,1.0,0.0,1.0,0.0,0.0,0.021106788888573647,0.3826533257961273,0.0,0.01868380978703499,0.09524130076169968,0.14179496467113495,-1.9626367092132568,-1.8105798959732056,-1.7182955741882324,0.0,1.0
863232,843,11,133.9705716334335,126.36363636363636,-0.00560080052819103,1.3458629213273525,-1.174474185705185,0.006842374634288717,0.0742919921875,1.2353844135999679,18.67633785009384,0.9326764941215515,2.8177826404571533,43.595558166503906,33.62327194213867,42.66288757324219,33.08049774169922,0.9929767999775929,2.1069631576538086,61.82404327392578,1.0,1.0,0.0,1.0,0.0,0.0,0.13345742225646973,0.38235601782798767,0.0,0.018074339255690575,0.0953778326511383,0.1414143592119217,-1.963855266571045,-1.8103142976760864,-1.7190415859222412,0.0,1.0
864256,844,5,179.86774235750528,143.0,-0.006058672990184278,1.8781348031014204,-1.1734983652830124,0.0056949504083604555,0.066748046875,1.1377104222774506,24.773271369934083,1.5271095037460327,3.4995484352111816,41.65325164794922,27.922094345092773,40.12614059448242,29.288738250732422,0.98429173835079,1.8348767757415771,80.91964721679688,1.0,1.0,0.0,1.0,0.0,0.0,-0.04659256339073181,0.3709341585636139,0.0,0.020181521773338318,0.09568624943494797,0.14087337255477905,-1.9596424102783203,-1.8096885681152344,-1.720102310180664,0.0,1.0
865280,845,9,126.52540666016327,129.11111111111111,-0.005985022470122203,4.1135325819253925,-1.1708705425262451,0.007936345823691227,0.081298828125,1.1760561138391494,33.620103645324704,-1.3238484859466553,4.668221950531006,41.74703598022461,32.93738555908203,43.07088851928711,32.33816146850586,0.9799125528874436,1.7927072048187256,97.37867736816406,0.975,1.0,0.0,1.0,0.0,0.0,-0.021661221981048584,0.38198256492614746,0.0,0.01991882361471653,0.09631258249282837,0.14240820705890656,-1.960167646408081,-1.8084667921066284,-1.7170934677124023,0.0,1.0
866304,846,9,139.94690547434467,119.0,-0.005103085364680737,3.4445861868560312,-1.168846246600151,0.003940514984424226,0.06650390625,1.1643244355916977,20.722844564914702,-0.34711897373199463,4.024741172790527,42.827430725097656,28.937397003173828,43.1745491027832,29.17618751525879,0.9806555252275801,1.9573782682418823,51.08646011352539,1.0,1.0,0.0,1.0,0.0,0.0,-0.07235828042030334,0.37029269337654114,0.0,0.019222505390644073,0.09606911987066269,0.14333482086658478,-1.961559772491455,-1.8089531660079956,-1.7152775526046753,0.0,1.0
867328,847,8,111.97975326204494,112.875,-0.005295559752266854,3.3494073048233988,-1.173132386803627,0.0019645980719360523,0.0507080078125,1.2396168157458305,31.220125842094422,-0.5792439579963684,4.531272888183594,43.91710662841797,31.417564392089844,44.4963493347168,30.743074417114258,0.9791984636434242,2.740327835083008,122.71233367919922,0.975,1.0,0.0,1.0,0.0,0.0,0.10536041110754013,0.3862752914428711,0.0,0.019020792096853256,0.09483436495065689,0.1420276015996933,-1.9619630575180054,-1.8113783597946167,-1.7178394794464111,0.0,1.0
868352,848,8,153.18521097925992,134.375,-0.006673783663427457,3.8851625993847847,-1.1798835873603821,0.006978428729053121,0.0543212890625,1.2915276482701301,38.90516028404236,1.124854564666748,4.938019275665283,42.72789764404297,30.644426345825195,41.60304260253906,31.1405029296875,0.974034151825818,2.015932083129883,141.20689392089844,1.0,1.0,0.0,1.0,0.0,0.0,-0.04066228121519089,0.39904868602752686,0.0,0.020176004618406296,0.09395796060562134,0.13865172863006592,-1.9596534967422485,-1.8130741119384766,-1.7244600057601929,0.0,1.0
869376,849,8,149.5087454417974,133.0,-0.004988579673226923,2.71895744651556,-1.1838688373565673,0.005317606906464789,0.0541015625,1.1626002982258796,28.060419619083405,1.5554548501968384,3.655648946762085,42.711456298828125,32.335079193115234,41.15599822998047,33.56636428833008,0.9872185225499129,2.3741605281829834,97.29781341552734,1.0,1.0,0.0,1.0,0.0,0.0,0.15975762903690338,0.346552312374115,0.0,0.01967570371925831,0.09331626445055008,0.13722506165504456,-1.9606536626815796,-1.8143540620803833,-1.727259635925293,0.0,1.0
870400,850,8,143.97279518566302,134.25,-0.006724882137496025,2.124600873887539,-1.1879396915435791,0.008011551552044693,0.0600830078125,0.9836278095841408,20.51679822206497,0.006042838096618652,3.7623164653778076,40.583648681640625,30.64596939086914,40.577598571777344,30.232786178588867,0.9849282413953879,1.4669126272201538,73.48757934570312,1.0,1.0,0.0,1.0,0.0,0.0,0.057428304105997086,0.35003799200057983,8.138020833333333e-05,0.0197767186909914,0.09277314692735672,0.13700737059116364,-1.9604517221450806,-1.8154234886169434,-1.7276870012283325,0.0,1.0
871424,851,8,144.2087124273899,124.625,-0.005255386338103562,5.671085602045059,-1.1909887582063674,0.005732316202193033,0.052490234375,1.1766688376665115,46.361986351013186,1.0351697206497192,6.085167407989502,45.10734558105469,33.98560333251953,44.072174072265625,35.77130889892578,0.967940622801171,1.9577256441116333,148.4013671875,1.0,1.0,0.0,1.0,0.0,0.0,0.06628512591123581,0.3942304849624634,0.0,0.01973101682960987,0.09213712066411972,0.13682271540164948,-1.9605430364608765,-1.8166751861572266,-1.7280495166778564,0.0,1.0
872448,852,8,172.06064423129686,141.0,-0.006164010125212371,4.790266244858503,-1.1972334831953049,0.00669294876861386,0.06552734375,1.2637124627828598,48.494094133377075,1.8695993423461914,5.220696926116943,43.341983795166016,29.78093147277832,41.472389221191406,32.276710510253906,0.969268738890018,2.1497740745544434,168.6905975341797,1.0,1.0,0.0,1.0,0.0,0.0,0.005706729833036661,0.41680458188056946,0.0,0.01917268894612789,0.09069917351007462,0.13435231149196625,-1.96165931224823,-1.8195018768310547,-1.7329005002975464,0.0,1.0
873472,853,7,132.11988406460475,122.57142857142857,-0.0038104860752355306,5.395619493722916,-1.2036903142929076,0.0036305671092122793,0.04501953125,1.0809304766356944,35.847465348243716,-1.6006839275360107,5.0051679611206055,49.25646209716797,30.524614334106445,50.857147216796875,29.549379348754883,0.9731133363762932,3.042597770690918,110.03060150146484,0.975,1.0,0.0,1.0,0.0,0.0,-0.11368749290704727,0.3372226059436798,0.0,0.019624892622232437,0.09017395973205566,0.13164706528186798,-1.9607552289962769,-1.8205221891403198,-1.7382164001464844,0.0,1.0
874496,854,8,123.64448412500758,138.5,-0.005987918883329257,5.6695124983787535,-1.2054565638303756,0.002342024541576393,0.0538330078125,1.0310029245913028,38.18209000825882,-1.2947760820388794,5.511067867279053,39.844722747802734,36.369903564453125,41.139495849609375,35.95225524902344,0.9770391879839726,1.8144112825393677,108.34561920166016,0.925,1.0,0.0,1.0,0.0,0.0,0.006083320826292038,0.34929391741752625,0.0,0.01954788900911808,0.0900472104549408,0.1301579773426056,-1.9609092473983765,-1.8207794427871704,-1.7411441802978516,0.0,1.0
875520,855,7,145.21456763407733,145.28571428571428,-0.006879769451916218,4.036467963457108,-1.2036892116069793,0.0028691491490462793,0.076904296875,1.1224400967359542,34.127218222618104,0.12715142965316772,4.86598014831543,33.59999084472656,32.8125,33.47283935546875,32.464210510253906,0.9780081347328754,1.7914260625839233,109.0506591796875,1.0,1.0,0.0,1.0,0.0,0.0,-0.059791531413793564,0.3862726092338562,0.0,0.01902787946164608,0.09071581810712814,0.13103872537612915,-1.9619488716125488,-1.819471836090088,-1.7394123077392578,0.0,1.0
876544,856,8,149.63346648730388,127.375,-0.006578290939796716,1.7847654428333044,-1.2030019015073776,0.00457343533198582,0.071044921875,1.2234666749835015,20.046810114383696,0.8449779152870178,3.3084492683410645,46.11170959472656,28.22568702697754,45.26673126220703,29.472883224487305,0.9862608492803909,2.2211802005767822,66.04147338867188,1.0,1.0,0.0,1.0,0.0,0.0,0.13575120270252228,0.37737372517585754,0.0,0.017228703945875168,0.08993956446647644,0.1311916559934616,-1.9655460119247437,-1.8210195302963257,-1.7391116619110107,0.0,1.0
877568,857,8,132.59856775882793,122.5,-0.005025645636487752,2.606050817668438,-1.2067454218864442,0.007595569921249989,0.063330078125,1.1334176406264305,19.943334090709687,0.2563043236732483,3.8379058837890625,43.857948303222656,31.89034080505371,43.601646423339844,31.551847457885742,0.985516607901389,2.0116071701049805,54.71411895751953,1.0,1.0,0.0,1.0,0.0,0.0,-0.0200041551142931,0.3805622458457947,8.138020833333333e-05,0.014698339626193047,0.0898834764957428,0.13294430077075958,-1.970605492591858,-1.8211590051651,-1.7356668710708618,0.0,1.0
878592,858,8,140.29268697191512,134.625,-0.006141269963700324,6.1198755443096164,-1.2020895272493362,0.003916600883530919,0.0657958984375,1.0581224732100964,55.84034900665283,-1.688910722732544,5.458508014678955,42.39902114868164,33.86814498901367,44.087928771972656,32.29361343383789,0.9740244291714788,2.118537187576294,189.81507873535156,0.975,1.0,0.0,1.0,0.0,0.0,-0.18306894600391388,0.3336835503578186,0.0,0.015021748840808868,0.09147133678197861,0.13590824604034424,-1.969958782196045,-1.8180288076400757,-1.7298448085784912,0.0,1.0
879616,859,8,132.86872013589584,125.625,-0.005004145234124735,4.166593511402607,-1.1943549513816833,0.0027243139513302593,0.071435546875,1.3067214339971542,31.870980405807494,-0.4282090663909912,4.819978713989258,41.744354248046875,32.479644775390625,42.17256164550781,32.789546966552734,0.9779774410766999,2.1098732948303223,92.60215759277344,1.0,1.0,0.0,1.0,0.0,0.0,-0.005307523068040609,0.3972322344779968,0.0,0.015040530823171139,0.09242964535951614,0.13719388842582703,-1.9699212312698364,-1.816145420074463,-1.727320909500122,0.0,1.0
880640,860,8,148.0156633005629,124.875,-0.004262030695099383,1.7450815338641406,-1.193268045783043,0.007240312593057752,0.066259765625,1.2618856996297836,20.17838246226311,1.1775872707366943,3.4810714721679688,46.09535217285156,27.3248233795166,44.917762756347656,28.69605827331543,0.9837702765553217,2.160273790359497,68.06429290771484,0.975,1.0,0.0,1.0,0.0,0.0,-0.03798549994826317,0.36165767908096313,0.0,0.0142165906727314,0.09161930531263351,0.1363908052444458,-1.9715687036514282,-1.8177436590194702,-1.7288973331451416,0.0,1.0
881664,861,7,140.04895604988815,141.42857142857142,-0.004708903527352959,4.75251184552908,-1.1935616552829742,0.004215514383395203,0.05224609375,1.1465589106082916,32.89231398105621,0.9928687810897827,5.234399795532227,38.06459045410156,34.37871551513672,37.07172393798828,35.158599853515625,0.976817807875021,2.3166513442993164,105.28172302246094,1.0,1.0,0.0,1.0,0.0,0.0,-0.04506780207157135,0.38821694254875183,8.138020833333333e-05,0.015538266859948635,0.0928952693939209,0.1369876265525818,-1.968925952911377,-1.8152236938476562,-1.7277257442474365,0.0,1.0
882688,862,7,147.7908177597657,129.28571428571428,-0.00419835340580903,3.3025917530059816,-1.1850762069225311,0.003070496511645615,0.0636962890625,0.9078085139393807,26.335073435306548,-0.26253408193588257,4.2404022216796875,45.55304718017578,29.610628128051758,45.815582275390625,29.563581466674805,0.9794922106526438,1.5465904474258423,77.49153900146484,1.0,1.0,0.0,1.0,0.0,0.0,-0.03397446125745773,0.3729042112827301,0.0,0.015166990458965302,0.09411197155714035,0.1377280056476593,-1.9696683883666992,-1.8128395080566406,-1.7262725830078125,0.0,1.0
883712,863,8,135.64080715425143,128.875,-0.005170641391305253,2.750725211203098,-1.180682498216629,0.005197660755948163,0.0674072265625,1.0988941311836242,25.06394772529602,0.039563342928886414,4.067914962768555,42.79601287841797,34.442657470703125,42.756446838378906,34.12394714355469,0.9860507630491044,1.669748067855835,82.63976287841797,1.0,1.0,0.0,1.0,0.0,0.0,-0.07112475484609604,0.3438713550567627,0.0,0.015421543270349503,0.09429693967103958,0.13725291192531586,-1.9691593647003174,-1.8124604225158691,-1.7272050380706787,0.0,1.0
884736,864,8,164.1890971505431,152.5,-0.004396381031256169,8.848635280132294,-1.1791648149490357,0.004591300162428524,0.0417724609375,0.9528453797101974,42.69822783470154,1.1334158182144165,6.395451545715332,41.059722900390625,32.21465301513672,39.926307678222656,32.70670700073242,0.9605873631451722,2.012092113494873,124.90265655517578,0.975,1.0,0.0,1.0,0.0,0.0,-0.1122303232550621,0.35428860783576965,0.0,0.014904140494763851,0.09482472389936447,0.1395297646522522,-1.9701939821243286,-1.8114371299743652,-1.722737431526184,0.0,1.0
885760,865,8,146.25777307568583,127.125,-0.005858356837416067,2.148106111586094,-1.1764755100011826,0.006780848928610794,0.07255859375,1.290801677107811,25.262673211097717,-0.5741403698921204,3.637049913406372,44.41877746582031,30.676116943359375,44.992916107177734,30.018917083740234,0.9859428348645111,2.081709861755371,98.36231994628906,1.0,1.0,0.0,1.0,0.0,0.0,-0.03354687616229057,0.4067345857620239,0.0,0.014626624062657356,0.09525910019874573,0.13906078040599823,-1.970748782157898,-1.8105777502059937,-1.7236573696136475,0.0,1.0
886784,866,8,129.33615877424097,121.0,-0.004450723819900304,2.2851584628224373,-1.1757437467575074,0.0053384712024126205,0.051708984375,1.1923355042934418,27.350410890579223,-0.784110426902771,3.6261229515075684,45.62652587890625,29.193918228149414,46.41063690185547,29.080249786376953,0.9845723335330259,2.435821056365967,93.00103759765625,1.0,1.0,0.0,1.0,0.0,0.0,-0.05767836049199104,0.37258148193359375,0.0,0.012871996499598026,0.09489288926124573,0.13894198834896088,-1.974257469177246,-1.8113185167312622,-1.7238905429840088,0.0,1.0
887808,867,8,150.58767880064576,141.125,-0.004366381431464106,6.67967828810215,-1.178847473859787,0.004653976387635339,0.04091796875,1.194886188209057,55.68647229671478,1.2159950733184814,6.1600446701049805,41.347938537597656,31.886245727539062,40.1319465637207,35.00822830200195,0.9626783361951388,2.0790224075317383,183.74928283691406,1.0,1.0,0.0,1.0,0.0,0.0,0.03350247070193291,0.38664504885673523,0.0,0.010539209470152855,0.09433678537607193,0.1394863724708557,-1.9789223670959473,-1.8124428987503052,-1.7228225469589233,0.0,1.0
888832,868,8,130.66295890738223,131.5,-0.0030746587784960867,4.695049375295639,-1.1827200502157211,0.00245381522399839,0.043994140625,1.167603738605976,35.79798632860184,-1.253180980682373,5.18248987197876,41.44310760498047,31.033794403076172,42.6962890625,31.37847137451172,0.972112658634388,2.008690595626831,109.08751678466797,1.0,1.0,0.0,1.0,0.0,0.0,-0.08692356199026108,0.40253081917762756,0.0,0.010770685039460659,0.09351012110710144,0.1367100179195404,-1.9784594774246216,-1.8140562772750854,-1.7282707691192627,0.0,1.0
889856,869,9,128.83231149204508,110.77777777777777,-0.006730764464009553,3.5384765207767486,-1.1885007679462434,0.007828364842862357,0.058203125,1.1808716729283333,25.521122789382936,-0.2550373673439026,4.536494731903076,44.41986083984375,26.357112884521484,44.674903869628906,27.554443359375,0.9703759010533834,2.001884937286377,74.59564971923828,1.0,1.0,0.0,1.0,0.0,0.0,0.03746763616800308,0.3829655349254608,0.0,0.009869132190942764,0.09248767048120499,0.1351756751537323,-1.9802623987197876,-1.8160877227783203,-1.73128342628479,0.0,1.0
890880,870,8,129.27099718777598,115.625,-0.00565946965944022,2.7354928702116013,-1.1921835094690323,0.007098349319130648,0.06953125,1.1715739592909813,22.93296412229538,0.10998278856277466,4.208644866943359,46.172569274902344,29.857784271240234,46.062583923339844,29.684080123901367,0.9801313011198486,2.0716030597686768,69.06084442138672,1.0,1.0,0.0,1.0,0.0,0.0,0.10847315937280655,0.35581740736961365,0.0,0.008443047292530537,0.09243044257164001,0.13553836941719055,-1.9831143617630005,-1.8162115812301636,-1.7305710315704346,0.0,1.0
891904,871,7,147.38188195474353,120.0,-0.007721845549531281,2.668533281236887,-1.1891468316316605,0.0059209435217781,0.0803466796875,1.3672061622142793,25.02670693397522,-0.46701478958129883,4.126507759094238,45.76763916015625,26.295581817626953,46.234649658203125,26.909015655517578,0.9753736749530324,2.144927978515625,80.64119720458984,1.0,1.0,0.0,1.0,0.0,0.0,-0.013564180582761765,0.36922261118888855,0.0,0.00838792696595192,0.09339766949415207,0.13763195276260376,-1.9832245111465454,-1.814315915107727,-1.7264610528945923,0.0,1.0
892928,872,8,123.44752107930181,129.375,-0.0072895671823062,4.24878420829773,-1.182521578669548,0.005335329005902167,0.0561767578125,1.0394654646515846,46.59992418289185,-1.1355987787246704,4.949487686157227,39.82727813720703,34.357452392578125,40.9628791809082,32.856868743896484,0.9792471099530615,1.687472939491272,156.19224548339844,1.0,1.0,0.0,1.0,0.0,0.0,-0.10394608974456787,0.3404589295387268,0.0,0.011634035035967827,0.09472649544477463,0.1391804814338684,-1.9767329692840576,-1.8116673231124878,-1.723422646522522,0.0,1.0
893952,873,8,144.87619611594846,133.625,-0.005066565365996212,2.5579275831580164,-1.1801605582237245,0.0027788385210442356,0.0571044921875,1.2624915972352029,23.721518659591673,1.2875497341156006,3.888397455215454,45.87866973876953,33.90163040161133,44.591121673583984,34.120948791503906,0.9868447180700205,2.360668659210205,79.43699645996094,1.0,1.0,0.0,1.0,0.0,0.0,-0.12196416407823563,0.3542454242706299,0.00016276041666666666,0.010081803426146507,0.09363137930631638,0.13846029341220856,-1.9798370599746704,-1.8138298988342285,-1.7248356342315674,0.0,1.0
894976,874,7,156.23953585256,138.28571428571428,-0.006185232114512473,3.2672961972653867,-1.182569682598114,0.006670277008379344,0.0629638671875,1.0661903724074364,32.664300763607024,1.3927760124206543,4.359403133392334,39.87949752807617,32.54643630981445,38.486717224121094,33.61763000488281,0.9820589767070788,1.8379499912261963,125.43157958984375,1.0,1.0,0.0,1.0,0.0,0.0,0.12991011142730713,0.3628474473953247,0.0,0.011235618032515049,0.09478095173835754,0.1391001045703888,-1.977529764175415,-1.8115652799606323,-1.7235803604125977,0.0,1.0
896000,875,9,149.574134657944,141.0,-0.005976503057172522,1.417475701123476,-1.1793996810913085,0.006261016438656952,0.0615966796875,1.151840701699257,17.93452948331833,-0.32375627756118774,3.02569580078125,41.320369720458984,30.236202239990234,41.644126892089844,30.347644805908203,0.9899862665039597,1.7624098062515259,66.36697387695312,1.0,1.0,0.0,1.0,0.0,0.0,-0.05151324346661568,0.360249400138855,8.138020833333333e-05,0.009847965091466904,0.09369546175003052,0.13809902966022491,-1.9803047180175781,-1.8137078285217285,-1.7255444526672363,0.0,1.0
897024,876,7,138.55539230705028,138.71428571428572,-0.004814062267541885,3.6231501534581185,-1.1887919396162032,0.003789790427254047,0.0424072265625,1.3188604667782784,29.490512490272522,0.38576415181159973,4.7158660888671875,36.19415283203125,29.99784278869629,35.808387756347656,29.739479064941406,0.9752860083473797,2.5855178833007812,99.0859603881836,1.0,1.0,0.0,1.0,0.0,0.0,0.08329495042562485,0.4054052233695984,0.0,0.009266811423003674,0.09216302633285522,0.13684575259685516,-1.9814668893814087,-1.8167301416397095,-1.7280042171478271,0.0,1.0
898048,877,8,125.65540120796257,125.5,-0.006294911296572536,2.5108821012079714,-1.1955664068460465,0.007890828805102501,0.080859375,1.0906369872391224,23.91767692565918,0.07262269407510757,3.833456516265869,40.04777145385742,33.60020065307617,39.97514724731445,33.60877990722656,0.9869834055883018,1.948524832725525,68.72310638427734,0.975,1.0,0.0,1.0,0.0,0.0,0.09507180005311966,0.3810734152793884,0.0,0.010052661411464214,0.09149808436632156,0.13658422231674194,-1.9798953533172607,-1.8180217742919922,-1.7285176515579224,0.0,1.0
899072,878,8,156.69432983290397,134.875,-0.005589165637502447,2.6436104573309422,-1.2012387186288833,0.006241766233870294,0.0587158203125,1.272863534092903,34.853966164588925,2.291503429412842,3.7973012924194336,41.787410736083984,32.47210693359375,39.495906829833984,34.758487701416016,0.9863249419493926,1.977183222770691,134.02786254882812,1.0,1.0,0.0,1.0,0.0,0.0,0.06833183765411377,0.36200374364852905,0.0,0.00995511282235384,0.08995161205530167,0.13428275287151337,-1.9800903797149658,-1.8210638761520386,-1.7330372333526611,0.0,1.0
900096,879,8,153.5151038271601,132.375,-0.005701185786165297,2.0688930459320547,-1.2114362061023711,0.005839928016939666,0.0554931640625,1.042212139815092,21.95062028169632,0.3839229643344879,3.689640998840332,41.80138397216797,30.733198165893555,41.41746139526367,31.534807205200195,0.9855870552394785,1.8084701299667358,74.27591705322266,0.975,1.0,0.0,1.0,0.0,0.0,0.005271633621305227,0.3760499656200409,0.00016276041666666666,0.008491571061313152,0.08813092857599258,0.13159704208374023,-1.9830172061920166,-1.8246707916259766,-1.7383147478103638,0.0,1.0
901120,880,8,120.7669440327156,121.875,-0.008084254432469606,1.308236736804247,-1.2196622252464295,0.0035404468362685293,0.0827392578125,1.1411745354533196,13.682918709516525,-0.6167643666267395,2.8402719497680664,42.7964973449707,29.925289154052734,43.41326141357422,29.22215461730957,0.9909916933693365,1.7574963569641113,44.60441589355469,1.0,1.0,0.0,1.0,0.0,0.0,-0.09335396438837051,0.3546714782714844,0.0,0.008621284738183022,0.08726205676794052,0.12871943414211273,-1.982757806777954,-1.8263665437698364,-1.7439736127853394,0.0,1.0
902144,881,7,144.39574269743528,134.57142857142858,-0.00510992034105584,2.6182215005159377,-1.2234072804450988,0.0037984608236001803,0.0600830078125,1.245903518795967,26.13543860912323,-0.3047751784324646,4.052114963531494,42.01451873779297,32.115455627441406,42.31929397583008,31.3915958404541,0.9840802816172612,2.3903489112854004,82.11358642578125,1.0,1.0,0.0,1.0,0.0,0.0,-0.0051119704730808735,0.3704862892627716,0.0,0.010003676638007164,0.08701401203870773,0.12666352093219757,-1.9799933433532715,-1.8268476724624634,-1.7480190992355347,0.0,1.0
903168,882,8,136.24767859002037,136.5,-0.005743030167650431,3.3356100313365458,-1.2264456748962402,0.0011003224572050385,0.05712890625,1.2868708580732346,25.471580612659455,-0.23072078824043274,4.469283580780029,42.68256378173828,29.965015411376953,42.91328430175781,29.56987953186035,0.9777542619753965,2.4111058712005615,78.90652465820312,1.0,1.0,0.0,1.0,0.0,0.0,0.05910572409629822,0.36778882145881653,0.0,0.007958644069731236,0.08587577939033508,0.12585923075675964,-1.9840830564498901,-1.8291090726852417,-1.7496023178100586,0.0,1.0
904192,883,7,140.9562112269667,125.85714285714286,-0.004786668031010776,2.0908147133886814,-1.2357485055923463,0.0069389423515531234,0.0683837890625,1.2657957449555397,26.119288396835326,1.1808695793151855,3.248821496963501,42.8547248840332,30.622053146362305,41.673851013183594,31.160791397094727,0.9887440240070328,1.9458013772964478,72.3391342163086,1.0,1.0,0.0,1.0,0.0,0.0,0.001446487964130938,0.37374821305274963,0.0,0.006703248247504234,0.08396290987730026,0.12308130413293839,-1.9865937232971191,-1.8328920602798462,-1.7550729513168335,0.0,1.0
905216,884,8,153.1778270506242,134.75,-0.004975429299520329,5.396256266534328,-1.2454446405172348,0.003979820957465563,0.046728515625,1.3208293482661246,41.744002556800844,-0.08275353908538818,5.632453918457031,38.678043365478516,30.387723922729492,38.76079559326172,30.95551300048828,0.9656442878824436,2.2582104206085205,133.1768341064453,1.0,1.0,0.0,1.0,0.0,0.0,-0.10749250650405884,0.37556201219558716,0.0,0.006909465417265892,0.08277896046638489,0.12178368121385574,-1.9861812591552734,-1.8352278470993042,-1.757629632949829,0.0,1.0
906240,885,9,116.21310576274492,122.11111111111111,-0.005099692533258348,4.546056154370308,-1.249581989645958,0.006440313675557263,0.05302734375,1.1327453196048736,33.02957739830017,-1.133370041847229,4.892316818237305,42.81682586669922,32.2865104675293,43.9501953125,31.16425323486328,0.9770392001742302,1.7315324544906616,105.59369659423828,1.0,1.0,0.0,1.0,0.0,0.0,-0.0576699934899807,0.3803858458995819,0.0,0.007667167112231255,0.082579605281353,0.12085654586553574,-1.9846659898757935,-1.8356084823608398,-1.7594568729400635,0.0,1.0
907264,886,8,134.1929155804786,127.5,-0.005259734124410898,3.1380566358566284,-1.2491214513778686,0.004839770367834717,0.0544189453125,1.0853268668055533,18.590407693386076,-0.6936582326889038,3.675506114959717,41.45954895019531,30.388357162475586,42.15320587158203,29.19376564025879,0.9853708239775979,1.6009145975112915,54.4680290222168,1.0,1.0,0.0,1.0,0.0,0.0,-0.0019699782133102417,0.3902502954006195,0.00016276041666666666,0.00739275012165308,0.08298773318529129,0.12141058593988419,-1.9852147102355957,-1.834800124168396,-1.7583649158477783,0.0,1.0
908288,887,7,115.32853040191453,122.85714285714286,-0.00598460542387329,3.9018590450286865,-1.2495378255844116,0.0035168674992746675,0.066259765625,1.2646231323480606,32.77396581172943,-0.7463732957839966,4.626315593719482,37.7033805847168,33.3275032043457,38.44975280761719,32.79179763793945,0.9807307432463614,2.278313636779785,101.98660278320312,1.0,1.0,0.0,1.0,0.0,0.0,0.0661894828081131,0.3611723780632019,0.0,0.004770177416503429,0.0821746364235878,0.12178518623113632,-1.990459680557251,-1.8364276885986328,-1.7576267719268799,0.0,1.0
909312,888,8,129.78704061412185,131.625,-0.006550243339734152,2.5695314928889275,-1.24990414083004,0.006525600171880796,0.083740234375,0.9755657970905304,25.706172370910643,0.24084290862083435,3.8563857078552246,37.885963439941406,33.6805534362793,37.64512252807617,33.90779495239258,0.9868900069503824,1.6031380891799927,75.42374420166016,1.0,1.0,0.0,1.0,0.0,0.0,0.04159823805093765,0.3680341839790344,0.0,0.00504178274422884,0.08339916914701462,0.12364743649959564,-1.9899165630340576,-1.8340086936950684,-1.753957748413086,0.0,1.0
910336,889,9,138.95605802442546,122.66666666666667,-0.004811965930275619,2.611682318150997,-1.2483001321554184,0.003415281190245878,0.049462890625,1.1342254407703876,28.35669161081314,-0.5535160899162292,4.159873008728027,47.68865966796875,29.328781127929688,48.2421760559082,29.756750106811523,0.9798825899536647,1.9905824661254883,91.55215454101562,0.925,1.0,0.0,1.0,0.0,0.0,-0.038273122161626816,0.3808439075946808,0.0,0.0026592996437102556,0.08208712190389633,0.12261663377285004,-1.9946813583374023,-1.8366341590881348,-1.755988359451294,0.0,1.0
911360,890,8,145.83630249439045,131.5,-0.005534095887560398,1.7220896150916816,-1.2563996970653535,0.007752313633682206,0.0781005859375,1.4462428987026215,18.986125540733337,0.2570837438106537,3.447705030441284,38.97343063354492,29.103179931640625,38.716346740722656,29.949691772460938,0.9859660699945901,2.887113094329834,59.18288040161133,1.0,1.0,0.0,1.0,0.0,0.0,0.04157186672091484,0.37500903010368347,8.138020833333333e-05,0.0012672425946220756,0.08101430535316467,0.12151885032653809,-1.9974654912948608,-1.8387489318847656,-1.7581515312194824,0.0,1.0
912384,891,8,120.50574853123649,121.375,-0.005285504116909578,4.989475803077221,-1.2590146839618683,0.006191803871479351,0.0528564453125,1.1248856693506242,34.928079915046695,-0.4753303527832031,5.313404560089111,41.173927307128906,32.523963928222656,41.64925765991211,31.724933624267578,0.9733105981028302,1.853116512298584,130.48336791992188,1.0,1.0,0.0,1.0,0.0,0.0,0.022214269265532494,0.34920844435691833,0.0,0.0015100117307156324,0.08146264404058456,0.12281455099582672,-1.9969799518585205,-1.83786141872406,-1.7555984258651733,0.0,1.0
913408,892,8,159.211396630193,140.25,-0.006575203832471743,4.233872915804386,-1.260380494594574,0.004530197159328964,0.058935546875,1.2846411436796188,44.90066578388214,3.117626905441284,4.658097743988037,40.46046829223633,29.025087356567383,37.342838287353516,32.43277359008789,0.9742444937684287,2.1356070041656494,149.2646942138672,1.0,1.0,0.0,1.0,0.0,0.0,-0.10587166994810104,0.35308822989463806,0.0,-0.0005362275405786932,0.07979228347539902,0.12052582204341888,-2.001072406768799,-1.8411821126937866,-1.7601088285446167,0.0,1.0
914432,893,8,138.6414753801524,128.875,-0.005568082351237536,4.70679407864809,-1.2714673399925231,0.003979840752435848,0.0623291015625,1.0941640809178352,36.551520383358,-0.7126087546348572,5.161401748657227,41.289127349853516,29.11490821838379,42.001739501953125,28.0871524810791,0.9685728889993499,1.8520618677139282,121.37309265136719,0.975,1.0,0.0,1.0,0.0,0.0,-0.10083946585655212,0.3661286234855652,0.0,-0.0035833604633808136,0.0782470628619194,0.11946991831064224,-2.007166624069214,-1.8442538976669312,-1.7621904611587524,0.0,1.0
915456,894,7,130.7256186208135,121.85714285714286,-0.005713255942100659,2.178132177889347,-1.2796647548675537,0.0056833168826415205,0.0613525390625,1.0847687423229218,31.300086921453477,0.5146230459213257,3.9708657264709473,43.892826080322266,27.924686431884766,43.378204345703125,30.015012741088867,0.9797794126221487,1.8022536039352417,124.52538299560547,1.0,1.0,0.0,1.0,0.0,0.0,-0.03338168188929558,0.3540337383747101,0.0,-0.007267277222126722,0.07720979303121567,0.12048902362585068,-2.0145342350006104,-1.8463302850723267,-1.7601814270019531,0.0,1.0
916480,895,8,134.59852206384312,132.375,-0.005505938467103988,3.3139467135071756,-1.2800190329551697,0.005911989243759308,0.0584228515625,1.247339878976345,31.93996093273163,-0.7543874979019165,4.429314613342285,39.54315948486328,31.24982452392578,40.29754638671875,30.831039428710938,0.9799100926196169,1.802065372467041,101.3825912475586,1.0,1.0,0.0,1.0,0.0,0.0,-0.039042532444000244,0.362793892621994,0.00016276041666666666,-0.00713479146361351,0.07826852053403854,0.12267827987670898,-2.0142693519592285,-1.8442401885986328,-1.7558670043945312,0.0,1.0
917504,896,9,122.00576459757414,129.88888888888889,-0.0060520356171764435,3.465524783730507,-1.2732390731573104,0.0054704274371033534,0.0666748046875,1.1422382056713105,32.10589927434921,-0.6293517351150513,4.633155822753906,42.419281005859375,35.446197509765625,43.04863357543945,34.10334014892578,0.9829150174159202,1.9654484987258911,115.02166748046875,0.975,1.0,0.0,1.0,0.0,0.0,-0.10251268744468689,0.33754727244377136,0.0,-0.006772318854928017,0.07893368601799011,0.12474063783884048,-2.0135443210601807,-1.8429388999938965,-1.7518047094345093,0.0,1.0
918528,897,7,141.4670531214436,136.57142857142858,-0.004358680371660739,4.186065511405468,-1.271527922153473,0.006998515392479021,0.052099609375,1.1938091948628426,32.8021564245224,-0.7264663577079773,4.719969272613525,41.929988861083984,32.12980651855469,42.656455993652344,31.485807418823242,0.9784194695363974,2.4955475330352783,94.17566680908203,1.0,1.0,0.0,1.0,0.0,0.0,-0.1642397791147232,0.370983362197876,0.0,-0.008062151260674,0.07910053431987762,0.12505143880844116,-2.0161240100860596,-1.84261953830719,-1.7511926889419556,0.0,1.0
919552,898,7,155.58201783095075,128.28571428571428,-0.004458161559887231,5.2523535043001175,-1.269842055439949,0.007613868828047998,0.0497802734375,1.213077749311924,45.80138547420502,2.2604613304138184,5.403941631317139,37.976688385009766,29.345579147338867,35.716224670410156,32.13688278198242,0.9660893685807691,1.9369678497314453,152.86865234375,1.0,1.0,0.0,1.0,0.0,0.0,-0.08656418323516846,0.38117173314094543,0.0,-0.0077806743793189526,0.07964661717414856,0.12603767216205597,-2.015561103820801,-1.841542363166809,-1.7492510080337524,0.0,1.0
920576,899,7,143.2168512809159,138.14285714285714,-0.006005156505852938,1.6431614100933074,-1.2711006104946136,0.00795706006610999,0.08505859375,1.1570771411061287,23.195246970653535,1.3772518634796143,3.114140748977661,44.04305648803711,29.416479110717773,42.665802001953125,29.220924377441406,0.9887928526630632,1.9978078603744507,82.12801361083984,1.0,1.0,0.0,1.0,0.0,0.0,-0.08500238507986069,0.33170875906944275,0.0,-0.008010532706975937,0.07812497764825821,0.12407256662845612,-2.0160207748413086,-1.844538688659668,-1.7531204223632812,0.0,1.0
921600,900,9,153.67878172025902,146.33333333333334,-0.006642544560600072,1.38332423530519,-1.2757178157567979,0.005558799268328585,0.07919921875,1.1731563329696655,16.259164559841157,0.40871989727020264,2.974923849105835,39.24125671386719,33.30318069458008,38.83253479003906,33.31739807128906,0.9920204158496664,1.833625316619873,45.13875961303711,1.0,1.0,0.0,1.0,0.0,0.0,0.01219252124428749,0.37212908267974854,0.0,-0.007095796056091785,0.07898351550102234,0.12545448541641235,-2.0141913890838623,-1.8428350687026978,-1.750399112701416,0.0,1.0
922624,901,7,142.15041455157794,120.14285714285714,-0.00632282673032023,2.687126054614782,-1.2714860439300537,0.008309096460288856,0.0662841796875,1.2953530743718147,23.744354951381684,-0.3541185259819031,3.8121354579925537,49.418601989746094,29.498428344726562,49.77272033691406,28.941753387451172,0.9832991367628221,1.949026346206665,77.36038970947266,1.0,1.0,0.0,1.0,0.0,0.0,0.021260151639580727,0.3469642698764801,0.0,-0.006667512934654951,0.07880068570375443,0.12444332987070084,-2.0133347511291504,-1.843187928199768,-1.7523901462554932,0.0,1.0
923648,902,7,151.62064795414247,145.57142857142858,-0.005064996855799109,4.489566396176815,-1.277443790435791,0.004201344642206095,0.0690673828125,1.1663258984684943,40.71746075153351,1.196350336074829,5.742561340332031,38.68011474609375,30.932178497314453,37.483760833740234,32.54956817626953,0.9655340501310941,1.7022541761398315,120.79003143310547,1.0,1.0,0.0,1.0,0.0,0.0,-0.016842862591147423,0.32830795645713806,8.138020833333333e-05,-0.008130754344165325,0.07681772857904434,0.12123221904039383,-2.016261100769043,-1.8471211194992065,-1.7587164640426636,0.0,1.0
924672,903,9,129.1286243341068,124.11111111111111,-0.007829910761211067,6.286555498838425,-1.2845556616783143,0.003594657174835447,0.0774169921875,1.154223570227623,45.058218812942506,-2.227369785308838,5.672365188598633,41.039329528808594,31.768712997436523,43.26669692993164,30.126375198364258,0.9681192041125909,1.9708129167556763,119.26441192626953,1.0,1.0,0.0,1.0,0.0,0.0,0.026715783402323723,0.3641224503517151,0.0,-0.007271525915712118,0.07735079526901245,0.12045791000127792,-2.014542818069458,-1.846059799194336,-1.7602427005767822,0.0,1.0
925696,904,9,117.09333864817275,130.66666666666666,-0.00458028947468847,4.969216822087764,-1.2755016684532166,0.004101412554155104,0.0629638671875,1.064476488530636,41.09822306632996,-1.3868885040283203,5.179449558258057,39.15412139892578,33.6786003112793,40.54100799560547,32.180667877197266,0.9763484726513231,1.8094372749328613,142.4403839111328,1.0,1.0,0.0,1.0,0.0,0.0,0.049211811274290085,0.3614601492881775,0.0,-0.0034709235187619925,0.07940173149108887,0.12185132503509521,-2.006941795349121,-1.8419814109802246,-1.7574963569641113,0.0,1.0
926720,905,6,146.67291309081503,129.16666666666666,-0.005265188030898571,3.017549096792936,-1.2671451419591904,0.005235861259279773,0.0544677734375,1.2203044235706328,33.76662803888321,-0.07554802298545837,4.5327277183532715,42.78170394897461,29.154356002807617,42.85725402832031,30.464683532714844,0.9758280144884804,2.268019437789917,125.11609649658203,1.0,1.0,0.0,1.0,0.0,0.0,-0.018215695396065712,0.34619954228401184,0.0,-0.0037706722505390644,0.07969561964273453,0.12161165475845337,-2.0075414180755615,-1.841396450996399,-1.7579686641693115,0.0,1.0
927744,906,9,114.38192414129442,128.55555555555554,-0.0034723949967883526,2.283681607246399,-1.2662537097930908,0.005599687263020315,0.051513671875,1.2222000285983086,23.67687349319458,-0.8861113786697388,3.627068281173706,36.369781494140625,32.669891357421875,37.255889892578125,32.32295227050781,0.9876741717861705,2.070068597793579,71.63024139404297,1.0,1.0,0.0,1.0,0.0,0.0,-0.07933279871940613,0.33595356345176697,0.0,-0.0035375116858631372,0.08026125282049179,0.12232431024312973,-2.007075071334839,-1.8402823209762573,-1.7565643787384033,0.0,1.0
928768,907,7,133.5714939266009,125.42857142857143,-0.004333486710675061,4.177605639398098,-1.2630587846040726,0.005980826291488483,0.0659423828125,1.2356498643755913,39.91260381937027,2.046478509902954,4.733480930328369,39.32704162597656,29.396833419799805,37.28056335449219,31.678850173950195,0.9740725254133454,1.8932887315750122,134.31185913085938,1.0,1.0,0.0,1.0,0.0,0.0,0.06230859458446503,0.36816519498825073,0.0,-0.003904394106939435,0.08040765672922134,0.12410135567188263,-2.0078086853027344,-1.83999502658844,-1.753063678741455,0.0,1.0
929792,908,8,146.45729701429443,138.375,-0.006109722098335624,2.3000577807426454,-1.263931667804718,0.0061870950143202205,0.06103515625,1.0990389227867126,22.12975009679794,1.008009910583496,3.524981737136841,37.78618240356445,32.97929382324219,36.778167724609375,33.38774871826172,0.9885756630797914,1.714046597480774,77.84549713134766,1.0,1.0,0.0,1.0,0.0,0.0,0.038410484790802,0.34664100408554077,0.0,-0.006198535207659006,0.07998069375753403,0.12492504715919495,-2.012396812438965,-1.840856909751892,-1.7514415979385376,0.0,1.0
930816,909,8,149.7345194221976,127.25,-0.004131632647477091,3.7874290838837625,-1.2668594926595689,0.004037745356617961,0.0449462890625,1.2898810431361198,21.967333698272704,1.4453445672988892,4.040343761444092,45.08544921875,27.909517288208008,43.640106201171875,28.223974227905273,0.9790428619593551,2.5138494968414307,58.40877914428711,1.0,1.0,0.0,1.0,0.0,0.0,-0.06205950304865837,0.3719642162322998,0.0,-0.007494267541915178,0.07969164103269577,0.12536358833312988,-2.0149881839752197,-1.8414431810379028,-1.7505780458450317,0.0,1.0
931840,910,8,147.79158491776266,132.625,-0.005388102843426168,4.353259249031543,-1.2685018926858902,0.004220822885690723,0.0596923828125,1.1673605412244796,28.725549960136412,0.6883301734924316,4.936880111694336,42.605735778808594,33.95777893066406,41.91740417480469,34.40519332885742,0.9788638114381837,1.8962122201919556,72.0238037109375,1.0,1.0,0.0,1.0,0.0,0.0,-0.04514200612902641,0.3545309901237488,0.0,-0.0072242082096636295,0.07940246164798737,0.1252606064081192,-2.0144481658935547,-1.8420175313949585,-1.7507808208465576,0.0,1.0
932864,911,7,168.4640953044384,141.57142857142858,-0.004822524503106251,6.124739728868008,-1.2697867542505263,0.0075373288709670305,0.0697509765625,1.2693501114845276,46.650364542007445,1.2759662866592407,5.7807393074035645,44.513912200927734,32.475101470947266,43.237945556640625,33.408512115478516,0.9683141211693719,2.0302412509918213,148.06581115722656,1.0,1.0,0.0,1.0,0.0,0.0,-0.14431369304656982,0.31863313913345337,0.0,-0.007139436900615692,0.07919900119304657,0.1240919753909111,-2.0142786502838135,-1.8424173593521118,-1.7530821561813354,0.0,1.0
933888,912,7,155.56332507389257,144.28571428571428,-0.007014504342805594,2.222997161000967,-1.2682446748018266,0.011522755112673621,0.0848388671875,1.223207426071167,21.126374185085297,0.36250925064086914,3.6580758094787598,41.898231506347656,31.43625259399414,41.53572082519531,31.193557739257812,0.9864592141562682,2.1019153594970703,60.655792236328125,1.0,1.0,0.0,1.0,0.0,0.0,-0.03864510357379913,0.36121484637260437,0.0,-0.005962203722447157,0.08050963282585144,0.12575775384902954,-2.0119242668151855,-1.8398122787475586,-1.7498021125793457,0.0,1.0
934912,913,7,140.51124062110696,139.42857142857142,-0.0050940080313012,3.750899317860603,-1.2604588001966477,0.006021737061382737,0.06708984375,1.1303892120718957,25.950708305835725,1.0060453414916992,4.255392551422119,41.731285095214844,32.424766540527344,40.72523880004883,31.945161819458008,0.9827763398281782,1.8790490627288818,88.23368072509766,1.0,1.0,0.0,1.0,0.0,0.0,0.052153363823890686,0.37064287066459656,0.0,-0.006724594626575708,0.08102919161319733,0.12730230391025543,-2.01344895362854,-1.8388105630874634,-1.7467619180679321,0.0,1.0
935936,914,8,151.93754666972671,140.875,-0.006812324654310942,8.598346146941186,-1.256816667318344,0.006555932576884515,0.074755859375,1.1356070049107074,51.238902521133426,-0.3703787326812744,6.869218826293945,44.99091339111328,32.591041564941406,45.361289978027344,32.827537536621094,0.9555759457703676,1.7898931503295898,140.0932159423828,0.975,1.0,0.0,1.0,0.0,0.0,-0.04142804071307182,0.35571199655532837,0.0,-0.006293447222560644,0.0822802409529686,0.12992770969867706,-2.012586832046509,-1.8363304138183594,-1.7415969371795654,0.0,1.0
936960,915,8,140.00509390057766,132.875,-0.007457374141085893,4.357715630531311,-1.248048910498619,0.006623043249419425,0.090380859375,1.209970547258854,30.65755205154419,0.09396503865718842,4.914981365203857,40.54030227661133,32.98469161987305,40.44633865356445,32.99863052368164,0.9777966334500866,1.705483078956604,92.5220718383789,1.0,1.0,0.0,1.0,0.0,0.0,-0.02908989228308201,0.33452507853507996,0.0,-0.005422284826636314,0.08380525559186935,0.13056670129299164,-2.0108444690704346,-1.8333216905593872,-1.7403404712677002,0.0,1.0
937984,916,8,127.82254683878321,135.25,-0.007974324794486166,8.271177044510841,-1.2410443693399429,0.00647782004380133,0.0847900390625,1.0688474789261817,66.43046600818634,-1.8608012199401855,6.750286102294922,35.80567932128906,32.82731246948242,37.666481018066406,32.26486587524414,0.9577162317803638,1.8464308977127075,259.0604248046875,1.0,1.0,0.0,1.0,0.0,0.0,-0.09749908000230789,0.34274306893348694,0.0,-0.0036067194305360317,0.08451429009437561,0.1299799382686615,-2.0072133541107178,-1.8319066762924194,-1.7414942979812622,0.0,1.0
939008,917,8,129.89737778606067,126.25,-0.00598457200685516,3.093833554536104,-1.2385567128658295,0.004896300171094481,0.074853515625,1.0504367806017398,25.27761881351471,0.07297572493553162,4.33887243270874,42.79820251464844,31.22470474243164,42.72522735595703,31.08495330810547,0.9806911201887054,1.7432852983474731,85.74034118652344,0.975,1.0,0.0,1.0,0.0,0.0,0.01593378745019436,0.33329257369041443,0.0,-0.00548574747517705,0.08457284420728683,0.13086740672588348,-2.0109713077545166,-1.8318217992782593,-1.7397491931915283,0.0,1.0
940032,918,8,137.85905959560506,136.625,-0.00760450026136823,7.283367249369621,-1.2371570646762848,0.004301742318784818,0.0757080078125,1.1255133762955665,56.634079051017764,-1.4993185997009277,6.171994686126709,40.852012634277344,32.16823959350586,42.35133361816406,31.863109588623047,0.9631873944874727,2.5047545433044434,160.2888641357422,1.0,1.0,0.0,1.0,0.0,0.0,-0.07560030370950699,0.3477923572063446,8.138020833333333e-05,-0.006696673575788736,0.08528243750333786,0.13225358724594116,-2.0133931636810303,-1.8304404020309448,-1.7370243072509766,0.0,1.0
941056,919,8,131.59505980818662,130.0,-0.007069735042750836,2.5169673509895802,-1.2321299016475677,0.004820445808582008,0.0766845703125,1.0561130702495576,22.040036690235137,-0.6105082035064697,3.8596997261047363,43.1840705871582,31.20529556274414,43.794578552246094,29.389732360839844,0.9847014464781052,2.0438945293426514,80.14785766601562,0.95,1.0,0.0,1.0,0.0,0.0,0.1427324265241623,0.32459941506385803,0.0,-0.008341631852090359,0.08613608032464981,0.13519175350666046,-2.0166828632354736,-1.8287848234176636,-1.7312517166137695,0.0,1.0
942080,920,6,141.19349437358008,133.5,-0.005516719439765438,2.7506646007299422,-1.2260253429412842,0.006026106816716492,0.0624755859375,1.1477747082710266,32.00504906177521,-0.18602952361106873,4.3053717613220215,40.50674057006836,30.322723388671875,40.69276809692383,29.928966522216797,0.9798402604764808,1.718721628189087,103.24842071533203,1.0,1.0,0.0,1.0,0.0,0.0,-0.03717770799994469,0.35575056076049805,0.0,-0.008426738902926445,0.087360680103302,0.13687820732593536,-2.016853094100952,-1.8263753652572632,-1.727940559387207,0.0,1.0
943104,921,8,143.9827730861803,142.125,-0.005659392185043544,3.2652448363602162,-1.2233231782913208,0.005554351142200176,0.054833984375,1.0993799582123756,27.54648494720459,0.7960008382797241,4.5516815185546875,38.803184509277344,31.497224807739258,38.00718688964844,32.56756591796875,0.9791166981372035,1.9001827239990234,82.84307861328125,1.0,1.0,0.0,1.0,0.0,0.0,-0.13250762224197388,0.3466944098472595,0.0,-0.006463793106377125,0.0868314802646637,0.1352488398551941,-2.012927293777466,-1.827393651008606,-1.7311396598815918,0.0,1.0
944128,922,5,140.43264208035845,135.0,-0.00841286713257432,4.227118524163961,-1.2261579871177672,0.008065489694126881,0.0779296875,1.0918494060635566,43.14577479362488,0.6035193800926208,5.379016399383545,36.23786163330078,31.167051315307617,35.63433837890625,32.81719970703125,0.9702138566964358,1.816847801208496,167.07359313964844,1.0,1.0,0.0,1.0,0.0,0.0,-0.08007123321294785,0.3324977457523346,0.0,-0.006052320823073387,0.08662435412406921,0.13553626835346222,-2.0121045112609863,-1.8277994394302368,-1.7305752038955688,0.0,1.0
945152,923,8,156.2871083589376,152.5,-0.006553817202802748,4.85176922082901,-1.223471450805664,0.0066911833826452495,0.0685791015625,1.0704614505171777,30.607419312000275,1.8938124179840088,5.169333457946777,42.10593032836914,32.34264373779297,40.212120056152344,33.961402893066406,0.9744542867836132,1.671691656112671,88.31940460205078,1.0,1.0,0.0,1.0,0.0,0.0,0.015340510755777359,0.3294837474822998,0.0,-0.005396335851401091,0.0876920148730278,0.1357249915599823,-2.0107924938201904,-1.8256734609603882,-1.7302045822143555,0.0,1.0
946176,924,8,144.0616351445387,143.25,-0.006196249910863117,3.493774963915348,-1.2197291910648347,0.0027007372409570962,0.0622314453125,1.147621488571167,23.535094261169434,0.1786593496799469,4.495659828186035,42.66993713378906,33.6472282409668,42.49127197265625,33.11772155761719,0.9821479408290816,1.7645304203033447,78.00154876708984,1.0,1.0,0.0,1.0,0.0,0.0,-0.02806728519499302,0.33103299140930176,0.0,-0.0060533080250024796,0.08770529180765152,0.13496798276901245,-2.012106418609619,-1.8256702423095703,-1.7316912412643433,0.0,1.0
947200,925,8,151.41176208913666,134.625,-0.006329701514914632,3.4908662766218184,-1.2211766451597215,0.0078030546093941664,0.0854248046875,1.1608386114239693,28.869295835494995,0.13647209107875824,4.632721900939941,44.93009948730469,32.54044723510742,44.79362487792969,32.88050842285156,0.9797313204032487,2.264347553253174,90.01673126220703,0.975,1.0,0.0,1.0,0.0,0.0,0.10547473281621933,0.3065062463283539,0.0,-0.006392480339854956,0.08730611205101013,0.1360083967447281,-2.012784719467163,-1.826448917388916,-1.7296481132507324,0.0,1.0
948224,926,7,145.91821661115605,133.71428571428572,-0.006718930439092219,7.912007448077202,-1.2226330012083053,0.006201237089408096,0.0747314453125,1.1195550456643104,45.56894426345825,-0.8756256103515625,6.252287864685059,42.03879165649414,32.10000228881836,42.91442108154297,32.431312561035156,0.9620625844691049,2.1316957473754883,118.47187042236328,1.0,1.0,0.0,1.0,0.0,0.0,-0.076128751039505,0.3049685060977936,0.0,-0.005714876111596823,0.08736159652471542,0.13639217615127563,-2.01142954826355,-1.8263384103775024,-1.7288947105407715,0.0,1.0
949248,927,8,134.88183131595065,144.75,-0.004244518501218408,9.264993061125278,-1.222541582584381,0.006891388267104048,0.0526611328125,1.1537076592445374,68.36408648490905,0.7365207672119141,7.854114055633545,33.84174346923828,35.577850341796875,33.105224609375,38.163490295410156,0.9512656690094349,2.465319871902466,217.50706481933594,1.0,1.0,0.0,1.0,0.0,0.0,0.0025288239121437073,0.3430754244327545,0.0,-0.007777929771691561,0.08705855160951614,0.13513585925102234,-2.0155556201934814,-1.8269513845443726,-1.7313616275787354,0.0,1.0
950272,928,5,143.50623666895268,137.6,-0.006837337813340128,1.7822025805711745,-1.2225775182247163,0.007506972223927733,0.06875,1.0744958907365798,16.90636897087097,0.5546789765357971,3.2407257556915283,41.62453079223633,30.9033145904541,41.069854736328125,30.837596893310547,0.9890029938229489,1.5384052991867065,48.961185455322266,1.0,1.0,0.0,1.0,0.0,0.0,0.01079394668340683,0.3392415940761566,0.0,-0.006450687535107136,0.0878102108836174,0.13510651886463165,-2.0129013061523438,-1.8254591226577759,-1.7314192056655884,0.0,1.0
951296,929,9,135.3436595612072,136.88888888888889,-0.008775753132067621,3.5408803820610046,-1.2210868924856186,0.006248616075026803,0.082421875,1.1082029432058333,31.859128677845,-1.4722650051116943,4.412205696105957,42.40238952636719,33.219940185546875,43.874656677246094,32.39990997314453,0.9823593785371187,1.6857882738113403,108.93609619140625,1.0,1.0,0.0,1.0,0.0,0.0,-0.047481685876846313,0.3342503607273102,0.0,-0.005437656305730343,0.08702054619789124,0.13383552432060242,-2.0108752250671387,-1.826999306678772,-1.7339158058166504,0.0,1.0
952320,930,7,121.1586659365238,136.57142857142858,-0.005232081399299204,2.843897375464439,-1.225590428709984,0.005460203238180838,0.068505859375,1.2049684569239616,31.25413120985031,-0.3701271414756775,4.544422149658203,40.42426681518555,35.78116226196289,40.794395446777344,34.53884506225586,0.9838694754377367,2.2896714210510254,110.5622329711914,1.0,1.0,0.0,1.0,0.0,0.0,-0.06676547974348068,0.32132861018180847,0.0,-0.004719029646366835,0.08668923377990723,0.13257339596748352,-2.0094380378723145,-1.8276468515396118,-1.7363957166671753,0.0,1.0
953344,931,7,165.75418637704843,145.85714285714286,-0.008127824554685503,2.678539624810219,-1.2269628524780274,0.0073260811404907145,0.06640625,1.0648831963539123,30.82061356306076,0.028871119022369385,4.33282470703125,37.84287643432617,31.248231887817383,37.814002990722656,31.8727970123291,0.9807738957173892,1.5468502044677734,103.82288360595703,1.0,1.0,0.0,1.0,0.0,0.0,-0.07393592596054077,0.3098696172237396,0.0,-0.0056307618506252766,0.08634048700332642,0.133205845952034,-2.011261463165283,-1.8283463716506958,-1.7351529598236084,0.0,1.0
954368,932,7,131.1817825936716,137.14285714285714,-0.0053010494215413925,1.3615381956100463,-1.225443097949028,0.005664813774637878,0.05146484375,1.175968924164772,18.332907927036285,1.5117695331573486,2.5499932765960693,44.24317169189453,32.01393127441406,42.73139953613281,32.236812591552734,0.993655461471475,1.8353606462478638,60.02650451660156,1.0,1.0,0.0,1.0,0.0,0.0,-0.10512920469045639,0.3130840063095093,0.0,-0.0042772297747433186,0.08732188493013382,0.134375661611557,-2.008554458618164,-1.826393485069275,-1.7328546047210693,0.0,1.0
955392,933,7,160.9006622042071,143.14285714285714,-0.005828453676076606,4.031922623515129,-1.2209358632564544,0.005539529914676678,0.0634521484375,1.096918348968029,37.095237576961516,-0.6160271167755127,4.979129791259766,39.57498550415039,33.94371795654297,40.19101333618164,33.04543685913086,0.9784826886306823,1.6959459781646729,124.76639556884766,1.0,1.0,0.0,1.0,0.0,0.0,-0.08983566612005234,0.32210782170295715,0.0,-0.0034823042806237936,0.0878090038895607,0.13571390509605408,-2.006964683532715,-1.8254343271255493,-1.7302263975143433,0.0,1.0
956416,934,7,143.00656693059656,143.28571428571428,-0.003939445922151208,2.1263080433011057,-1.2160572767257691,0.0040552494872827085,0.0447998046875,1.0655933022499084,22.482655680179597,0.1554567515850067,3.7183051109313965,41.870216369628906,34.591087341308594,41.71475601196289,35.02383041381836,0.9884452201792527,1.748483657836914,66.4680404663086,1.0,1.0,0.0,1.0,0.0,0.0,-0.0076452293433249,0.333077609539032,0.0,-0.00025786273181438446,0.08929190039634705,0.13598965108394623,-2.0005156993865967,-1.8224841356277466,-1.7296849489212036,0.0,1.0
957440,935,9,155.56547463872172,144.11111111111111,-0.005417804163880646,5.840285548567772,-1.2107636392116548,0.007966504704381806,0.0697998046875,1.1405993491411208,58.60000410079956,1.6098488569259644,6.604712009429932,34.25202560424805,35.192848205566406,32.64217758178711,39.11250686645508,0.9647792260863621,2.026714563369751,199.96957397460938,1.0,1.0,0.0,1.0,0.0,0.0,-0.02048501931130886,0.3440641462802887,0.0,-0.001439397456124425,0.08879029005765915,0.13427507877349854,-2.0028789043426514,-1.823472499847412,-1.7330522537231445,0.0,1.0
958464,936,7,153.24869145804664,140.71428571428572,-0.005641764256870374,2.390624913573265,-1.2156978368759155,0.0070619491612887945,0.066064453125,1.1211030632257462,31.120348310470582,1.6919883489608765,3.887219190597534,43.032684326171875,32.143890380859375,41.3406982421875,34.014793395996094,0.9853754968537498,2.3777213096618652,119.45409393310547,1.0,1.0,0.0,1.0,0.0,0.0,-0.08087258040904999,0.3558540940284729,0.0,-0.0014584276359528303,0.08812033385038376,0.1337074339389801,-2.0029168128967285,-1.8247872591018677,-1.7341673374176025,0.0,1.0
959488,937,8,131.60884708117646,138.125,-0.007593836216256022,5.117274799942971,-1.2178149431943894,0.0066040724326740016,0.0790771484375,1.1942688837647437,38.51819729804993,-0.780712366104126,5.043741703033447,33.97280502319336,32.9832649230957,34.753517150878906,32.58005142211914,0.9766160232171448,2.1258506774902344,117.328369140625,1.0,1.0,0.0,1.0,0.0,0.0,-0.004468720406293869,0.3577820956707001,0.0,-0.0013892782153561711,0.08817094564437866,0.13384976983070374,-2.0027785301208496,-1.8247017860412598,-1.733887791633606,0.0,1.0
960512,938,6,129.13282487539882,144.66666666666666,-0.0073871836008038375,8.806059512495995,-1.215874230861664,0.0014350198878673836,0.0779052734375,1.2716972813010217,73.38095860481262,1.4493637084960938,7.146688938140869,35.495208740234375,38.08979797363281,34.04584503173828,38.94791793823242,0.9647959715563172,2.105010747909546,239.69210815429688,1.0,1.0,0.0,1.0,0.0,0.0,-0.07953792810440063,0.36189043521881104,0.0,4.574692502501421e-05,0.08870328217744827,0.13470488786697388,-1.999908447265625,-1.823638916015625,-1.732208013534546,0.0,1.0
961536,939,9,168.48941455998673,142.88888888888889,-0.005339572008233517,3.1318831861019136,-1.2145640164613725,0.004838618259236682,0.0616943359375,1.2169619344174862,39.21873615980148,1.1787554025650024,4.773883819580078,38.98920822143555,30.667049407958984,37.810455322265625,32.294586181640625,0.9757674208261691,2.385418176651001,136.5026092529297,0.975,1.0,0.0,1.0,0.0,0.0,-0.009386716410517693,0.3640826940536499,0.0,-4.716921102954075e-05,0.08839449286460876,0.13401921093463898,-2.000094413757324,-1.8242415189743042,-1.7335548400878906,0.0,1.0
962560,940,6,138.59090361298956,139.0,-0.005373929301276803,4.527310161292553,-1.219261008501053,0.005393548774009105,0.0636962890625,1.1500146418809891,42.7658668756485,0.4536067247390747,5.634723663330078,37.2573127746582,31.326614379882812,36.80370330810547,32.29460144042969,0.9676467183398428,2.019425392150879,147.1066436767578,0.975,1.0,0.0,1.0,0.0,0.0,-0.10584626346826553,0.3353428542613983,0.0,0.000398564909119159,0.08713216334581375,0.13181772828102112,-1.999202847480774,-1.8267239332199097,-1.7378809452056885,0.0,1.0
963584,941,5,111.60774149357194,136.6,-0.00587039070087485,4.123471984267235,-1.2283138185739517,0.008345460366399493,0.0818603515625,1.028064639866352,33.03472771644592,1.1196796894073486,4.806375980377197,39.49186325073242,31.447467803955078,38.37218475341797,31.798709869384766,0.9766404682616577,1.960772156715393,96.61779022216797,1.0,1.0,0.0,1.0,0.0,0.0,-0.106476791203022,0.3118587136268616,0.0,-5.526047243620269e-05,0.08548896759748459,0.12968452274799347,-2.000110626220703,-1.8299579620361328,-1.7420752048492432,0.0,1.0
964608,942,7,164.2226061632198,148.42857142857142,-0.005012668028939515,2.119742564857006,-1.2330602288246155,0.005429356046079192,0.042138671875,1.228289969265461,25.622006928920747,0.42666763067245483,3.769282341003418,38.995792388916016,31.69439125061035,38.569122314453125,33.02058792114258,0.9858566431179927,1.976420521736145,124.8545913696289,1.0,1.0,0.0,1.0,0.0,0.0,0.013781722635030746,0.351484090089798,0.0,0.0005600758595392108,0.08567827194929123,0.1303495317697525,-1.9988797903060913,-1.8295693397521973,-1.740767478942871,0.0,1.0
965632,943,8,124.82221275593915,137.375,-0.006804205558728427,5.761720968782901,-1.2313876122236251,0.007803352719929535,0.068310546875,1.0306878715753556,54.99958956241608,-0.6459816694259644,6.143546104431152,41.424293518066406,32.40716552734375,42.070274353027344,30.477697372436523,0.964061823876497,1.9907846450805664,200.23643493652344,1.0,1.0,0.0,1.0,0.0,0.0,-0.0589289553463459,0.3206857740879059,0.0,0.0014534819638356566,0.08573412895202637,0.1304420679807663,-1.9970930814743042,-1.8294544219970703,-1.7405855655670166,0.0,1.0
966656,944,8,147.70778682650007,144.5,-0.004524359153583646,1.8298599041998387,-1.2307945668697358,0.002887106682464946,0.0425537109375,1.0784023880958558,30.791605699062348,1.6086734533309937,3.2176194190979004,39.570274353027344,32.2888298034668,37.96160125732422,33.459957122802734,0.9900696468300553,1.6481581926345825,91.70484924316406,1.0,1.0,0.0,1.0,0.0,0.0,-0.0885809063911438,0.3350538909435272,0.0,0.0001693427184363827,0.08585146814584732,0.13198688626289368,-1.9996613264083862,-1.8292466402053833,-1.7375484704971313,0.0,1.0
967680,945,7,141.96541104783807,132.14285714285714,-0.006782306893728674,2.5006779126822947,-1.2288037210702896,0.007108361867722124,0.0663818359375,1.1484523475170136,22.374417507648467,-0.3456205129623413,3.79707670211792,46.44731140136719,31.316307067871094,46.792930603027344,30.734981536865234,0.9852986361596817,1.7356953620910645,68.78683471679688,1.0,1.0,0.0,1.0,0.0,0.0,-0.04371142014861107,0.3380584418773651,0.0,0.0019237542292103171,0.08683755993843079,0.13152603805065155,-1.9961525201797485,-1.8272699117660522,-1.7384543418884277,0.0,1.0
968704,946,8,153.31454588748252,157.25,-0.004861345421522856,7.360450100898743,-1.2255108416080476,0.004685232604970224,0.05576171875,1.1234485894441604,66.79011542797089,0.9651147723197937,6.086919784545898,34.458351135253906,33.43262481689453,33.49323654174805,34.36677551269531,0.9668522453387445,1.6159908771514893,281.29302978515625,1.0,1.0,0.0,1.0,0.0,0.0,-0.016601014882326126,0.34348562359809875,0.0,0.0032896946649998426,0.08647022396326065,0.13273939490318298,-1.9934206008911133,-1.827985405921936,-1.7360695600509644,0.0,1.0
969728,947,6,136.27235953682057,138.66666666666666,-0.005228325392818078,8.544745779037475,-1.2259129881858826,0.005759921960998326,0.0664306640625,1.0207921914756297,49.87742133140564,-0.5672813057899475,6.389452934265137,40.899497985839844,35.02207565307617,41.466773986816406,33.377437591552734,0.9667153847117838,1.7988371849060059,175.98475646972656,0.95,1.0,0.0,1.0,0.0,0.0,-0.11322975158691406,0.3348228633403778,0.0,0.005374453496187925,0.0870373547077179,0.13228140771389008,-1.9892511367797852,-1.826844573020935,-1.7369695901870728,0.0,1.0
970752,948,9,149.46019423376612,146.77777777777777,-0.005203990556765348,5.806935685873031,-1.2228150337934494,0.005623304798791651,0.060693359375,1.1455869123339653,41.346223664283755,0.04966232180595398,5.473090648651123,35.69429397583008,31.709741592407227,35.644630432128906,31.806779861450195,0.9702093566442433,1.8259576559066772,114.13241577148438,1.0,1.0,0.0,1.0,0.0,0.0,-0.15764997899532318,0.31811925768852234,0.0,0.004683926235884428,0.0871988832950592,0.13390468060970306,-1.990632176399231,-1.8265438079833984,-1.7337799072265625,0.0,1.0
971776,949,5,113.70183659766599,137.8,-0.0054432961624115705,2.0831277586519716,-1.2218654364347459,0.006109031409141608,0.0676025390625,1.2147586330771447,29.07318869829178,-0.5176235437393188,3.8404252529144287,33.78466796875,35.23933410644531,34.30229187011719,35.243186950683594,0.9881230964595922,2.196528196334839,102.94666290283203,1.0,1.0,0.0,1.0,0.0,0.0,0.010716360062360764,0.3364887833595276,0.0,0.004701698664575815,0.08756903558969498,0.13504399359226227,-1.9905966520309448,-1.825809359550476,-1.7315419912338257,0.0,1.0
972800,950,8,140.7597786483739,138.625,-0.0035178175196051596,5.275463832914829,-1.2171965539455414,0.00493086021306226,0.054296875,1.1452452331781386,40.33753442764282,-0.5369728803634644,5.374833583831787,48.460731506347656,34.28737258911133,48.997703552246094,33.011207580566406,0.9754268075174054,1.9943935871124268,169.25265502929688,1.0,1.0,0.0,1.0,0.0,0.0,-0.06303175538778305,0.3351798951625824,0.0,0.007076581474393606,0.08896291255950928,0.1351955533027649,-1.9858471155166626,-1.8230538368225098,-1.7312443256378174,0.0,1.0
973824,951,8,153.58251565130877,147.125,-0.005311279243323952,7.116606542468071,-1.2117995351552964,0.00297226565744495,0.0607666015625,1.254395604133606,51.90712203979492,0.2520112693309784,6.533114433288574,43.00571823120117,33.2938117980957,42.75370788574219,33.73207473754883,0.9614953216506753,2.2702856063842773,161.64495849609375,1.0,1.0,0.0,1.0,0.0,0.0,-0.09330800175666809,0.3323912024497986,0.0,0.008170351386070251,0.08888623863458633,0.13496404886245728,-1.9836596250534058,-1.823184847831726,-1.731698989868164,0.0,1.0
974848,952,7,121.3405196235444,140.71428571428572,-0.006311722728423774,6.833668485283852,-1.216113692522049,0.008617634125403128,0.065966796875,1.135924358665943,60.119697666168214,-2.178455352783203,6.13021183013916,36.27277374267578,35.001976013183594,38.45123291015625,33.78316116333008,0.9693263279273999,2.0375304222106934,219.12242126464844,1.0,1.0,0.0,1.0,0.0,0.0,-0.0904877707362175,0.3415148854255676,0.0,0.004872667137533426,0.08782735466957092,0.13484463095664978,-1.9902547597885132,-1.8253097534179688,-1.73193359375,0.0,1.0
975872,953,8,124.59367652135886,137.0,-0.006796017714077607,7.6991713553667065,-1.218581858277321,0.004268974164733663,0.0689208984375,1.1990359649062157,53.55754470825195,-2.049863338470459,6.33440637588501,38.684906005859375,35.13515853881836,40.734771728515625,34.58462905883789,0.9674966583833765,1.7155004739761353,164.7788848876953,1.0,1.0,0.0,1.0,0.0,0.0,-0.02405228652060032,0.320627361536026,0.0,0.0037312014028429985,0.08818995207548141,0.136880025267601,-1.9925376176834106,-1.8246129751205444,-1.7279369831085205,0.0,1.0
976896,954,5,148.260601170425,146.2,-0.005815544177312404,3.1943664658814668,-1.217075341939926,0.004829212547338102,0.0543701171875,1.1682357311248779,28.20649276971817,1.1995841264724731,4.705737113952637,34.75457763671875,38.46522903442383,33.55499267578125,40.607051849365234,0.9850335526304297,2.0235280990600586,87.65042114257812,1.0,1.0,0.0,1.0,0.0,0.0,-0.10692600160837173,0.32357749342918396,0.0,0.003329549916088581,0.08794940263032913,0.1371084749698639,-1.9933409690856934,-1.8250895738601685,-1.7274885177612305,0.0,1.0
977920,955,6,146.387279434616,148.83333333333334,-0.005103292944841087,4.682157370448112,-1.2203502923250198,0.004043175393599085,0.0682861328125,1.168518728017807,42.259239077568054,-0.24034136533737183,5.428244113922119,40.37132263183594,32.0804328918457,40.611663818359375,32.76923370361328,0.9713688858496287,2.4478366374969482,120.56881713867188,1.0,1.0,0.0,1.0,0.0,0.0,-0.12097465991973877,0.35148075222969055,0.0,0.0022853435948491096,0.08716186136007309,0.13648539781570435,-1.995429277420044,-1.8266421556472778,-1.7287116050720215,0.0,1.0
978944,956,8,145.71382928755406,144.75,-0.0059687872824724765,3.1857661321759223,-1.2245588630437851,0.006074940180405974,0.0824462890625,1.2385313808918,23.28447937965393,-0.3240233063697815,4.471076011657715,41.060707092285156,35.389862060546875,41.38473129272461,36.248619079589844,0.984038769338806,2.2637717723846436,68.28868865966797,1.0,1.0,0.0,1.0,0.0,0.0,-0.03306907042860985,0.3039051294326782,0.0,0.00248429412022233,0.08684853464365005,0.135933518409729,-1.995031476020813,-1.8272606134414673,-1.729795217514038,0.0,1.0
979968,957,8,135.56030927680877,138.0,-0.006707365636248142,3.9015792906284332,-1.2256708234548568,0.009521810713340528,0.0775634765625,1.1264249503612518,30.934845972061158,0.24431729316711426,4.848112106323242,35.162933349609375,31.44898223876953,34.91861343383789,32.36723709106445,0.9762353126772103,1.8772472143173218,96.38951873779297,1.0,1.0,0.0,1.0,0.0,0.0,-0.09226558357477188,0.32942894101142883,0.0,0.00260024331510067,0.0864667072892189,0.13668912649154663,-1.9947994947433472,-1.8280102014541626,-1.7283117771148682,0.0,1.0
980992,958,8,113.73982676890512,135.375,-0.004133038991130889,3.7243112549185753,-1.2261581301689148,0.003392678867385257,0.044921875,1.054861105978489,24.938236594200134,-0.6552248001098633,4.368346691131592,33.302574157714844,35.19709014892578,33.957801818847656,34.26033401489258,0.9845964552674876,1.564990758895874,62.45286178588867,1.0,1.0,0.0,1.0,0.0,0.0,-0.1092943623661995,0.34895503520965576,0.0,0.002264720620587468,0.08698075264692307,0.13788621127605438,-1.9954705238342285,-1.8269990682601929,-1.7259621620178223,0.0,1.0
982016,959,7,134.259737098102,141.85714285714286,-0.0061267218494322154,2.4196069061756136,-1.2261707693338395,0.00648827926343074,0.055810546875,1.129527711868286,21.722148394584657,-0.10935097932815552,3.584566116333008,37.07496643066406,35.316246032714844,37.1843147277832,35.38177490234375,0.989697941082031,1.778656244277954,49.28456115722656,1.0,1.0,0.0,1.0,0.0,0.0,-0.15764836966991425,0.31320810317993164,0.0,0.003449894953519106,0.08601488918066025,0.13611599802970886,-1.9931002855300903,-1.8289004564285278,-1.7294368743896484,0.0,1.0
983040,960,7,147.74068702262755,153.28571428571428,-0.006551277247490361,3.4700562000274657,-1.2322153896093369,0.005407567291695159,0.0669189453125,1.275156983733177,35.87602009773254,1.843804955482483,4.134963512420654,35.57864761352539,37.559329986572266,33.734840393066406,38.92033767700195,0.9878798601705,2.4700868129730225,112.35922241210938,1.0,1.0,0.0,1.0,0.0,0.0,-0.1096983328461647,0.3521660268306732,0.0,0.0009145649382844567,0.08532312512397766,0.13832977414131165,-1.9981708526611328,-1.8302949666976929,-1.7250916957855225,0.0,1.0
984064,961,8,142.13067267880731,141.5,-0.005707963596796617,5.359677278995514,-1.2339135557413101,0.0053571377793559805,0.07275390625,0.9681846804916858,36.841266298294066,-0.7031162977218628,5.280146598815918,35.377769470214844,33.65223693847656,36.08088684082031,32.74468231201172,0.9753813585933316,1.7571310997009277,112.06370544433594,0.975,1.0,0.0,1.0,0.0,0.0,-0.05058447644114494,0.319504052400589,0.0,0.00096676911925897,0.08559242635965347,0.13827742636203766,-1.9980664253234863,-1.829755187034607,-1.7251944541931152,0.0,1.0
985088,962,8,140.24628600050278,140.875,-0.004114289907738567,8.293638622760772,-1.2337221294641494,0.0035533188842236997,0.0522216796875,1.1926192790269852,57.78902535438537,1.1666300296783447,6.705533981323242,32.196170806884766,35.82879638671875,31.029542922973633,37.491737365722656,0.96497305161781,2.272648572921753,167.03794860839844,1.0,1.0,0.0,1.0,0.0,0.0,-0.03079138696193695,0.3537970185279846,0.0,-0.0008344569359906018,0.08483916521072388,0.1393135040998459,-2.001668930053711,-1.831260085105896,-1.7231616973876953,0.0,1.0
986112,963,6,126.15676926243037,132.5,-0.004062722029630095,4.060043583810329,-1.2374193102121354,0.006008810801722575,0.0708740234375,1.2911105886101724,33.45350804328918,-0.03055518865585327,5.081869125366211,38.34313201904297,34.21818161010742,38.373687744140625,34.622554779052734,0.9779436768544777,2.3642897605895996,107.63800811767578,1.0,1.0,0.0,1.0,0.0,0.0,-0.0837644711136818,0.3320118188858032,0.0,-0.0007661862182430923,0.0849364623427391,0.13990366458892822,-2.0015323162078857,-1.8310751914978027,-1.7220040559768677,0.0,1.0
987136,964,6,141.96850493913968,138.16666666666666,-0.00477601484162733,4.058346098661422,-1.2349893867969512,0.006215523515129462,0.0701416015625,1.1535262659192085,40.43562953472137,1.4143770933151245,4.685624599456787,41.059146881103516,33.94617462158203,39.64476776123047,34.31513595581055,0.9809474407649409,2.2155508995056152,130.83132934570312,1.0,1.0,0.0,1.0,0.0,0.0,-0.06971924751996994,0.35646095871925354,0.0,-0.0004008964460808784,0.08536309748888016,0.14147068560123444,-2.0008018016815186,-1.8302422761917114,-1.7189311981201172,0.0,1.0
988160,965,6,183.2727028704537,156.16666666666666,-0.007053357851691544,5.374242755025625,-1.2371315866708756,0.008717588341096417,0.076708984375,1.159194639325142,38.008504319190976,1.6203477382659912,5.827523231506348,37.67908477783203,30.56557273864746,36.058738708496094,32.88562774658203,0.9636501185569519,1.7767877578735352,101.98200225830078,1.0,1.0,0.0,1.0,0.0,0.0,-0.06873366236686707,0.3481077551841736,0.0,-0.0002316033060196787,0.0841054916381836,0.13970929384231567,-2.0004632472991943,-1.8327115774154663,-1.722385287284851,0.0,1.0
989184,966,8,139.53663994170353,140.5,-0.006463917624205351,3.094999799132347,-1.2397407293319702,0.002577040436153766,0.051513671875,1.252979002892971,34.777181112766264,0.7576644420623779,4.671820640563965,38.473915100097656,33.8812255859375,37.71624755859375,34.9015007019043,0.9809868492512068,2.0493381023406982,121.21369934082031,1.0,1.0,0.0,1.0,0.0,0.0,0.017623910680413246,0.3472793698310852,0.0,0.00045169779332354665,0.08494479209184647,0.14085717499256134,-1.9990966320037842,-1.8310459852218628,-1.7201341390609741,0.0,1.0
990208,967,8,128.88601436955756,136.625,-0.005004437477327883,2.0792893663048746,-1.2320654571056366,0.0038329972958308645,0.0558837890625,1.1934454157948493,22.73197673559189,-0.25585541129112244,3.5942928791046143,39.32525634765625,36.99650192260742,39.58110809326172,36.7855110168457,0.9905614435516549,1.9270867109298706,75.9557876586914,1.0,1.0,0.0,1.0,0.0,0.0,-0.08057527244091034,0.3398928940296173,0.0,0.00026930388412438333,0.08643066883087158,0.1432553082704544,-1.9994614124298096,-1.8281198740005493,-1.7154333591461182,0.0,1.0
991232,968,8,149.3160384820605,136.0,-0.006074536475352943,4.866261839866638,-1.2265382826328277,0.004462620288541075,0.0546142578125,1.2983674697577954,37.27124238014221,-0.26529499888420105,5.565500736236572,38.190162658691406,35.47779846191406,38.4554557800293,37.529354095458984,0.9753909327087412,2.012298822402954,102.6490478515625,0.975,1.0,0.0,1.0,0.0,0.0,-0.1175733208656311,0.3366161286830902,0.0,-0.00047060009092092514,0.08656621724367142,0.14427483081817627,-2.000941276550293,-1.8278789520263672,-1.7134358882904053,0.0,1.0
992256,969,7,143.71370766052968,154.71428571428572,-0.005229636264266447,10.178538605570793,-1.2262353330850602,0.005388486722949892,0.0622314453125,1.245613332092762,65.21321563720703,0.3544662892818451,7.096446990966797,34.869178771972656,36.057315826416016,34.514713287353516,38.00090026855469,0.9612657523609939,1.895804762840271,181.7736358642578,1.0,1.0,0.0,1.0,0.0,0.0,0.06869947910308838,0.3431437909603119,0.0,-0.0005048542516306043,0.08671450614929199,0.1444379687309265,-2.001009702682495,-1.827576756477356,-1.7131162881851196,0.0,1.0
993280,970,6,129.88233897898044,132.16666666666666,-0.007841112383175641,5.195021799206733,-1.2268359452486037,0.005703897692728788,0.0793212890625,1.2658970400691032,34.1957265496254,-1.2883778810501099,5.04709005355835,44.4403076171875,33.77499771118164,45.72869110107422,32.95197677612305,0.977669859231788,2.0840296745300293,99.9091796875,1.0,1.0,0.0,1.0,0.0,0.0,0.05237184837460518,0.31459179520606995,0.0,-0.0002770799328573048,0.08634047955274582,0.1442004293203354,-2.000554084777832,-1.8283220529556274,-1.7135815620422363,0.0,1.0
994304,971,8,140.74526018947918,137.75,-0.0054865429527126254,6.539443138241768,-1.2271792829036712,0.006506034787162207,0.0550048828125,1.2316645249724387,46.698900079727174,-0.5886043310165405,5.9478607177734375,43.851036071777344,32.06476974487305,44.43963623046875,32.55204391479492,0.9655915349810845,1.9767746925354004,139.68795776367188,1.0,1.0,0.0,1.0,0.0,0.0,-0.08059513568878174,0.3231101632118225,0.0,0.0006274867919273674,0.08675596117973328,0.1429620236158371,-1.998745083808899,-1.8274750709533691,-1.7160080671310425,0.0,1.0
995328,972,9,153.2257097494578,137.0,-0.005044116533827037,2.105747531354427,-1.2246874630451203,0.006463218007411342,0.059423828125,1.1563410028815269,22.372646951675414,0.623891294002533,3.367788076400757,44.31539535522461,31.720239639282227,43.691505432128906,32.628936767578125,0.9887275931053161,2.1729371547698975,61.524436950683594,1.0,1.0,0.0,1.0,0.0,0.0,-0.09644905477762222,0.31510233879089355,0.0,-0.00020460259111132473,0.08704070001840591,0.14369869232177734,-2.0004091262817383,-1.8269258737564087,-1.714564561843872,0.0,1.0
996352,973,5,151.53322177926958,156.6,-0.0046944606001488864,5.575272566080093,-1.222990009188652,0.00541450570744928,0.0673828125,1.033995771408081,43.02314159870148,1.0405731201171875,5.709587574005127,36.35803985595703,33.01588821411133,35.317466735839844,33.84529113769531,0.9700936390009638,1.9350167512893677,135.3925323486328,1.0,1.0,0.0,1.0,0.0,0.0,-0.10689911991357803,0.3181239068508148,0.0,-0.0009579739416949451,0.0871950089931488,0.14390581846237183,-2.00191593170166,-1.8266409635543823,-1.7141587734222412,0.0,1.0
997376,974,8,140.19120173184376,135.875,-0.006480398704297841,2.5067470148205757,-1.2268195569515228,0.005172236733778845,0.06962890625,1.159124232828617,20.86516091823578,-0.3372368812561035,3.607884168624878,40.7154541015625,32.028564453125,41.05268859863281,31.85216522216797,0.9873109154027995,1.8198397159576416,62.74300003051758,1.0,1.0,0.0,1.0,0.0,0.0,-0.039793793112039566,0.3283986747264862,0.0,-0.004650254733860493,0.08587214350700378,0.14469468593597412,-2.009300470352173,-1.82928466796875,-1.7126134634017944,0.0,1.0
998400,975,8,147.7824207114808,145.375,-0.006355594552587718,10.205304944515229,-1.2306395798921586,0.008019069401780144,0.0662109375,1.2131002947688103,74.90935311317443,3.6678719520568848,6.805959224700928,31.574377059936523,32.952091217041016,27.906505584716797,36.40708923339844,0.9573407979517823,2.0012612342834473,242.4188232421875,1.0,1.0,0.0,1.0,0.0,0.0,-0.0506640188395977,0.3375268280506134,0.0,-0.00511160958558321,0.08634040504693985,0.14561718702316284,-2.010223150253296,-1.8283743858337402,-1.7108068466186523,0.0,1.0
999424,976,6,159.8406097146835,132.16666666666666,-0.006854868354275822,2.8695760399103163,-1.2300060719251633,0.0058411694233655,0.0545654296875,1.1889056518673897,36.47610197067261,1.2568252086639404,4.5359320640563965,39.98897933959961,28.87297248840332,38.732154846191406,30.670278549194336,0.9753197190839679,2.025402784347534,117.68941497802734,1.0,1.0,0.0,1.0,0.0,0.0,0.02706136740744114,0.3187604546546936,0.0,-0.005425184033811092,0.08543315529823303,0.14438752830028534,-2.010850191116333,-1.8301506042480469,-1.7132151126861572,0.0,1.0
1000448,977,8,146.92373317182586,138.0,-0.006594711955403909,5.159317882359028,-1.239420273900032,0.00528302566090133,0.07509765625,1.1409778356552125,52.23159899711609,2.578920841217041,5.623270511627197,37.83612823486328,29.915321350097656,35.25720977783203,32.222225189208984,0.9646661772204387,1.9490840435028076,176.28546142578125,1.0,1.0,0.0,1.0,0.0,0.0,0.01495055016130209,0.328344464302063,8.138020833333333e-05,-0.00495533924549818,0.0832468792796135,0.1422836184501648,-2.0099105834960938,-1.8344639539718628,-1.7173376083374023,0.0,1.0
1001472,978,7,169.741774166946,157.71428571428572,-0.00669269518693909,4.407542756199836,-1.248145192861557,0.007967677130363882,0.0713134765625,1.313670589029789,41.8086003780365,1.8550055027008057,4.875288009643555,43.097686767578125,32.87194061279297,41.24268341064453,32.98505401611328,0.978003692290663,2.5316197872161865,144.76409912109375,1.0,1.0,0.0,1.0,0.0,0.0,0.04444916918873787,0.32941633462905884,0.0,-0.006548027507960796,0.08287019282579422,0.1435009390115738,-2.0130958557128906,-1.8352127075195312,-1.714951992034912,0.0,1.0
1002496,979,7,160.70911348894563,156.0,-0.006473267148248851,4.57061322927475,-1.253291717171669,0.00823992107907543,0.07568359375,1.2256990864872932,23.395066130161286,1.3878802061080933,4.179378986358643,38.550682067871094,31.113595962524414,37.162803649902344,32.10873031616211,0.9819564036189539,2.2199208736419678,83.98211669921875,1.0,1.0,0.0,1.0,0.0,0.0,0.049972694367170334,0.35751259326934814,0.0,-0.006623661611229181,0.08128337562084198,0.14203250408172607,-2.013247013092041,-1.8383407592773438,-1.717829942703247,0.0,1.0
1003520,980,7,146.48769713351658,151.42857142857142,-0.0052768736844882366,4.075311332941055,-1.2605797946453094,0.006582450256973971,0.061474609375,1.2695178076624871,37.49008495807648,0.8533881902694702,4.717041492462158,34.1693229675293,31.119112014770508,33.31593322753906,30.671958923339844,0.9770234425913006,2.208096981048584,115.76055145263672,1.0,1.0,0.0,1.0,0.0,0.0,0.0035217602271586657,0.3572935163974762,0.0,-0.006286893971264362,0.08087655901908875,0.14151036739349365,-2.012573719024658,-1.8391391038894653,-1.71885347366333,0.0,1.0
1004544,981,7,113.42827426680424,135.71428571428572,-0.004392412072047591,3.836221416294575,-1.2614986628293992,0.005630291884881444,0.050830078125,1.1692519426345824,29.470297694206238,-1.276090145111084,4.593329429626465,38.790374755859375,32.66267395019531,40.066463470458984,30.84119415283203,0.9802234003222003,1.88321053981781,108.54144287109375,1.0,1.0,0.0,1.0,0.0,0.0,0.05450950190424919,0.33865541219711304,0.0,-0.005003768485039473,0.08048928529024124,0.13795512914657593,-2.010007381439209,-1.8398770093917847,-1.7258268594741821,0.0,1.0
1005568,982,8,154.36827157775676,137.5,-0.0071724637411534784,4.884387195855379,-1.25825834274292,0.005374991714779754,0.06171875,1.2932273380458355,39.60846755504608,0.6898422837257385,5.565134525299072,41.426239013671875,30.472434997558594,40.736392974853516,33.329315185546875,0.9666468407704859,2.179659366607666,119.15097045898438,0.975,1.0,0.0,1.0,0.0,0.0,0.15571141242980957,0.30461564660072327,0.0,-0.0058301957324147224,0.08219433575868607,0.1395769715309143,-2.01166033744812,-1.8365241289138794,-1.7226448059082031,0.0,1.0
1006592,983,7,144.48811608148918,126.57142857142857,-0.005233326589222998,2.943663130700588,-1.252238118648529,0.0077262868770048955,0.060400390625,1.2557225301861763,35.73265557289123,1.8435249328613281,4.296590805053711,42.42873001098633,28.215490341186523,40.585205078125,30.86182403564453,0.9768114926700997,2.3665060997009277,123.93795013427734,1.0,1.0,0.0,1.0,0.0,0.0,0.1126735731959343,0.3064182698726654,0.0,-0.008663238026201725,0.0821523442864418,0.14082953333854675,-2.0173261165618896,-1.8366445302963257,-1.7201883792877197,0.0,1.0
1007616,984,7,136.00728002054214,131.71428571428572,-0.006394793884828687,4.4540123119950294,-1.255385050177574,0.005508547859790269,0.0644287109375,1.241881212592125,32.41581151485443,-0.19056972861289978,4.874016761779785,42.12019348144531,30.127132415771484,42.310760498046875,29.756088256835938,0.9738267048826869,2.144186019897461,115.95532989501953,1.0,1.0,0.0,1.0,0.0,0.0,0.18085159361362457,0.2969810962677002,0.0,-0.011364387348294258,0.08121718466281891,0.14018037915229797,-2.0227277278900146,-1.8385100364685059,-1.721461296081543,0.0,1.0
1008640,985,8,152.4328709284926,137.5,-0.005646253679879009,2.0412455432116987,-1.2589946538209915,0.003819242496683728,0.052685546875,1.3541690871119498,21.967217314243317,1.5124282836914062,3.1949775218963623,36.305694580078125,30.143962860107422,34.79326629638672,30.80842399597168,0.9887659853257587,2.4766359329223633,73.24629211425781,1.0,1.0,0.0,1.0,0.0,0.0,0.17340171337127686,0.31394830346107483,0.0,-0.012356936931610107,0.08107534795999527,0.14195488393306732,-2.024712562561035,-1.838800072669983,-1.7179820537567139,0.0,1.0
1009664,986,8,131.7886044424572,128.0,-0.007072044943924993,6.7097222119569775,-1.2559661656618117,0.005112279964669142,0.067919921875,1.2064951434731483,40.980624771118165,-0.8061574697494507,5.937093734741211,45.193565368652344,30.571426391601562,45.99972152709961,29.25853157043457,0.9622847967123426,2.470611095428467,139.40350341796875,1.0,1.0,0.0,1.0,0.0,0.0,0.1360323280096054,0.3252304494380951,8.138020833333333e-05,-0.010550856590270996,0.08276847004890442,0.14431177079677582,-2.0211009979248047,-1.835451602935791,-1.713363528251648,0.0,1.0
1010688,987,9,129.74625467223618,135.33333333333334,-0.006510661053471267,4.719955833256245,-1.2483706772327423,0.005377640188089572,0.0627197265625,1.4085219576954842,40.45971982479095,-1.14262855052948,5.284512996673584,44.86434555053711,33.23927307128906,46.00697326660156,32.96483612060547,0.9747240831402448,3.299044609069824,150.18020629882812,1.0,1.0,0.0,1.0,0.0,0.0,0.12624149024486542,0.324726939201355,0.0,-0.010782919824123383,0.08272425830364227,0.14409644901752472,-2.0215649604797363,-1.835538387298584,-1.7137852907180786,0.0,1.0
1011712,988,8,142.02026152127507,141.0,-0.0042343296459876004,2.846768865734339,-1.246977111697197,0.006696774339070543,0.058203125,1.0785129427909852,22.633671271800996,0.47591501474380493,4.12741231918335,40.29425811767578,33.93865203857422,39.81834411621094,32.49807357788086,0.9852100538058973,1.781217336654663,66.54502868652344,1.0,1.0,0.0,1.0,0.0,0.0,0.06755589693784714,0.35852986574172974,0.0,-0.010291862301528454,0.08400872349739075,0.14559675753116608,-2.020582914352417,-1.833010196685791,-1.7108467817306519,0.0,1.0
1012736,989,6,147.25110145959283,149.66666666666666,-0.005059890286065638,5.8372327327728275,-1.24097680747509,0.005427489877911284,0.0751220703125,1.3018828198313712,49.55918819904328,1.3570290803909302,5.81243371963501,33.05317687988281,33.026729583740234,31.696149826049805,33.9381217956543,0.9690268880495543,2.0660529136657715,150.44346618652344,1.0,1.0,0.0,1.0,0.0,0.0,0.17327727377414703,0.29429805278778076,0.0,-0.009495817124843597,0.08422353863716125,0.14484040439128876,-2.018990993499756,-1.8325881958007812,-1.7123280763626099,0.0,1.0
1013760,990,6,157.75033466423588,150.0,-0.006685988930985332,3.021983228623867,-1.243739253282547,0.004296885074290912,0.05888671875,1.2695318043231965,29.803468680381776,0.6575935482978821,4.409276485443115,39.270591735839844,32.287601470947266,38.612998962402344,33.60112380981445,0.9813506763059942,1.8750594854354858,92.84962463378906,1.0,1.0,0.0,1.0,0.0,0.0,0.02029845118522644,0.3536345064640045,0.0,-0.008720054291188717,0.08313115686178207,0.142462819814682,-2.017439603805542,-1.8347095251083374,-1.7169864177703857,0.0,1.0
1014784,991,8,148.98897919520078,147.75,-0.0068333550123497845,6.100274674594402,-1.2488289535045625,0.0080989198278985,0.0751953125,1.1929828748106956,44.97066365480423,0.43415892124176025,6.2489495277404785,38.17694091796875,35.680572509765625,37.7427864074707,36.93812942504883,0.9693274136833087,1.8579492568969727,137.81329345703125,1.0,1.0,0.0,1.0,0.0,0.0,-0.006833894178271294,0.3625383973121643,0.0,-0.008752036839723587,0.08255605399608612,0.14172308146953583,-2.0175037384033203,-1.8358550071716309,-1.7184364795684814,0.0,1.0
1015808,992,7,138.93464828881974,135.0,-0.006461497739655897,2.3541646599769592,-1.2550383508205414,0.0049187492346391085,0.057470703125,1.1598503336310386,29.69767986536026,0.11193923652172089,4.059215068817139,36.86417007446289,33.97528076171875,36.752235412597656,34.64760208129883,0.9857255942042489,1.673799753189087,106.07373046875,1.0,1.0,0.0,1.0,0.0,0.0,-0.024769531562924385,0.3550497889518738,0.0,-0.010629097931087017,0.08103034645318985,0.14242756366729736,-2.0212574005126953,-1.8388848304748535,-1.7170555591583252,0.0,1.0
1016832,993,8,127.89177832830565,135.375,-0.0060990526340901855,1.207461106404662,-1.2609485536813736,0.0068505131464917214,0.064501953125,1.2888069540262221,17.004831975698472,-0.708146333694458,2.5401294231414795,37.12120056152344,33.21563720703125,37.829345703125,32.87632751464844,0.9941517426036681,2.0676183700561523,48.81719970703125,1.0,1.0,0.0,1.0,0.0,0.0,0.12195068597793579,0.34966039657592773,0.0,-0.00863003358244896,0.0808916762471199,0.14341849088668823,-2.0172595977783203,-1.8391469717025757,-1.715113639831543,0.0,1.0
1017856,994,6,123.81925855250442,128.0,-0.005991290806559846,2.804184242337942,-1.2577554881572723,0.006951136214775033,0.0682861328125,1.215587043762207,38.55839676856995,-0.8188422322273254,4.30015230178833,34.85611343383789,33.23640060424805,35.674957275390625,32.98987579345703,0.9832606070638055,2.2640554904937744,136.47691345214844,1.0,1.0,0.0,1.0,0.0,0.0,0.10004327446222305,0.336140900850296,0.0,-0.006322263274341822,0.0820721909403801,0.14377839863300323,-2.0126442909240723,-1.8367925882339478,-1.7144083976745605,0.0,1.0
1018880,995,7,140.37466491015067,152.14285714285714,-0.0041428147233091295,6.512463165819645,-1.2531880974769591,0.007448488836234901,0.0645751953125,1.207445265352726,63.346155524253845,2.2307467460632324,6.301172733306885,28.027114868164062,34.68099594116211,25.796367645263672,37.32891082763672,0.9669889216579197,2.226264238357544,211.75054931640625,1.0,1.0,0.0,1.0,0.0,0.0,-0.01570824719965458,0.35868972539901733,0.0,-0.0063536642119288445,0.081974096596241,0.14251519739627838,-2.012707233428955,-1.8369799852371216,-1.7168837785720825,0.0,1.0
1019904,996,6,157.11722889103524,156.66666666666666,-0.005052200029604137,3.437974663823843,-1.255417737364769,0.0028007457483909095,0.04482421875,1.2673146732151508,29.408740043640137,0.6126522421836853,4.823166370391846,42.88140106201172,32.074073791503906,42.26874923706055,33.05686569213867,0.9773870963993689,2.3865208625793457,103.64920806884766,0.975,1.0,0.0,1.0,0.0,0.0,0.015041214413940907,0.34985965490341187,0.00016276041666666666,-0.006609869655221701,0.08143728226423264,0.14275965094566345,-2.0132195949554443,-1.8380504846572876,-1.716404676437378,0.0,1.0
1020928,997,8,135.47185206901105,136.25,-0.007516044261865318,4.656377093493939,-1.2563691675662993,0.005957496281189379,0.07275390625,1.2529088705778122,44.6566237449646,-1.2931805849075317,5.050738334655762,38.540184020996094,34.76948165893555,39.8333625793457,33.8818244934082,0.9788985030693285,2.1904921531677246,134.3717803955078,1.0,1.0,0.0,1.0,0.0,0.0,0.08783795684576035,0.35193905234336853,0.0,-0.005581309087574482,0.0819285437464714,0.1424974948167801,-2.011162519454956,-1.8370693922042847,-1.7169184684753418,0.0,1.0
1021952,998,7,127.82608448465255,134.14285714285714,-0.004870860179653391,3.514976625144482,-1.2551337987184525,0.006600749830249697,0.0636474609375,1.2753998458385467,37.24533696174622,0.28062403202056885,4.962226390838623,46.36419677734375,33.22858428955078,46.08357238769531,34.81187057495117,0.9776987403806846,1.9119782447814941,128.16673278808594,1.0,1.0,0.0,1.0,0.0,0.0,0.0682264193892479,0.3541387617588043,0.0003255208333333333,-0.0063323588110506535,0.08152163028717041,0.14131811261177063,-2.012664556503296,-1.837873935699463,-1.7192304134368896,0.0,1.0
1022976,999,8,164.3519018018848,152.75,-0.005218367907218635,4.328378918766975,-1.2567903697490692,0.006706494328682311,0.06181640625,1.3090370014309882,48.34300193786621,1.1960499286651611,5.268144607543945,43.03575134277344,32.227840423583984,41.83970260620117,33.65966796875,0.9732789884068718,2.1342897415161133,176.34718322753906,1.0,1.0,0.0,1.0,0.0,0.0,-0.0390392430126667,0.3849179744720459,8.138020833333333e-05,-0.00489026540890336,0.08162330836057663,0.13973639905452728,-2.0097804069519043,-1.8376541137695312,-1.7223321199417114,0.0,1.0
1024000,1000,7,142.45779713292126,138.71428571428572,-0.005335912085138261,6.204316468536854,-1.2569159299135209,0.00565983494016109,0.0837158203125,1.3525238767266274,48.30051128864288,1.5612374544143677,6.118925094604492,39.443702697753906,31.972381591796875,37.88246154785156,32.62510681152344,0.9633730885480957,2.406358480453491,138.76226806640625,1.0,1.0,0.0,1.0,0.0,0.0,0.032661739736795425,0.38183659315109253,0.00016276041666666666,-0.004257190972566605,0.08122144639492035,0.138695627450943,-2.008514404296875,-1.8384290933609009,-1.7243738174438477,0.0,1.0
