total_env_steps,update,completed_episodes,completed_episode_return_mean,completed_episode_length_mean,actor_policy_loss,critic_loss,entropy,approx_kl,clip_fraction,actor_grad_norm,critic_grad_norm,advantage_raw_mean,advantage_raw_std,value_target_mean,value_target_std,value_prediction_mean_pre,value_prediction_std_pre,explained_variance_pre,actor_grad_norm_max,critic_grad_norm_max,actor_grad_clip_fraction,critic_grad_clip_fraction,value_normalizer_mean,value_normalizer_std,value_normalizer_count,hard_speed_accel_violations,action_mean,action_std,action_saturation_ratio,raw_log_std_min,raw_log_std_mean,raw_log_std_max,clamped_log_std_min,clamped_log_std_mean,clamped_log_std_max,raw_log_std_gt_max_ratio,finite
1024,1,5,132.97679367983102,111.0,-0.0057208558544516565,0.32525745779275894,-0.239336858689785,0.005503769159258809,0.0480712890625,0.5264632951468229,0.528245036303997,24.32681655883789,10.437833786010742,24.26017951965332,10.40260124206543,-0.0666363313794136,0.14118117094039917,-0.006785151714295612,1.0981974601745605,0.9930880069732666,0.45,0.475,24.260177337545695,10.402603377225052,1024.0001,0.0,0.0718463733792305,0.22734187543392181,0.0,0.25554025173187256,0.25677478313446045,0.2583480179309845,-1.4997611045837402,-1.4974379539489746,-1.4945005178451538,0.0,1.0
2048,2,10,132.34747063161922,114.3,-0.00503014496061951,0.36004409845918417,-0.23256661668419837,0.004094702118891291,0.0305908203125,0.4913583129644394,1.2084686644375324,15.488362312316895,13.957616806030273,34.88103485107422,15.053694725036621,19.39267349243164,4.886380195617676,0.14032104831369097,0.7542892694473267,2.91801381111145,0.45,0.7,29.570606403816925,13.986229369854152,2048.0001,0.0,0.07123218476772308,0.22674264013767242,0.0,0.25574958324432373,0.25783848762512207,0.26094552874565125,-1.499368667602539,-1.4954352378845215,-1.4896405935287476,0.0,1.0
3072,3,8,123.36715732296867,114.125,-0.004364949831506237,0.07007028553634882,-0.2307269260287285,0.0032783638904220424,0.030322265625,0.5403857372701169,0.4497479164972901,8.713418960571289,10.909011840820312,39.46934509277344,20.47513198852539,30.75592803955078,12.932578086853027,0.7161313701488684,0.9974853992462158,1.3105809688568115,0.5,0.3,32.870186006698425,17.08589649937107,3072.0001,0.0,0.06866726279258728,0.22690369188785553,0.0,0.2547473609447479,0.25708624720573425,0.2595970928668976,-1.5012478828430176,-1.4968479871749878,-1.4921627044677734,0.0,1.0
4096,4,9,119.29852529965228,98.77777777777777,-0.004553655814379454,0.03544926014728844,-0.23898834884166717,0.006003396528831218,0.03720703125,0.5001699421554804,0.2717402892187238,6.626757621765137,7.476163387298584,46.165496826171875,27.260583877563477,39.53874206542969,25.05504608154297,0.9247879751537842,1.022536039352417,0.8013788461685181,0.4,0.125,36.19401438572124,20.925444818204493,4096.0001,0.0,0.0641021654009819,0.22811175882816315,0.0,0.25355643033981323,0.255039244890213,0.2573464810848236,-1.5034823417663574,-1.5007215738296509,-1.4963760375976562,0.0,1.0
5120,5,9,138.34514322722072,121.33333333333333,-0.0024873516988009213,0.015786354278679936,-0.24491528794169426,0.0029507893879781475,0.0162353515625,0.4651025738567114,0.14690954629331826,5.222321033477783,5.980921745300293,47.24601745605469,30.33448600769043,42.02369689941406,27.510038375854492,0.96112567244479,1.009634017944336,0.423594206571579,0.375,0.0,38.40441497066155,23.534636016446342,5120.0001,0.0,0.06636974960565567,0.2287755012512207,0.0,0.2527199983596802,0.25561511516571045,0.2594425678253174,-1.5050524473190308,-1.4996285438537598,-1.4924519062042236,0.0,1.0
6144,6,8,157.74994289526788,131.125,-0.0051671874709427355,0.014557750476524235,-0.238608917593956,0.0034606077198986894,0.0469482421875,0.5486642807722092,0.16436102855950593,6.241665363311768,5.525712966918945,50.6319580078125,30.053691864013672,44.390289306640625,28.86248779296875,0.9661949977459088,1.0765982866287231,0.46895909309387207,0.6,0.0,40.44233835721888,25.15688707830546,6144.0001,0.0,0.06648510694503784,0.2236987054347992,0.0,0.2526715099811554,0.25669339299201965,0.26248374581336975,-1.505143404006958,-1.4975985288619995,-1.4867656230926514,0.0,1.0
7168,7,10,149.29889210124625,120.1,-0.004280560876941309,0.016252394067123532,-0.2372499644756317,0.003824036955484189,0.0323974609375,0.5264767300337553,0.16091717313975096,3.9016270637512207,7.213547229766846,50.5372428894043,32.12055969238281,46.635616302490234,30.995492935180664,0.9495650666260231,0.920049786567688,0.47851434350013733,0.55,0.0,41.884467493875945,26.5014642999363,7168.0001,0.0,0.06893756985664368,0.22710789740085602,0.0,0.25173357129096985,0.25586435198783875,0.2606290578842163,-1.5069048404693604,-1.4991493225097656,-1.4902323484420776,0.0,1.0
8192,8,8,129.7003401147929,111.75,-0.003377302084118128,0.012986665999051183,-0.2398251973092556,0.001843861336237751,0.02578125,0.5276063449680806,0.147445207554847,0.17471131682395935,6.333028316497803,57.22735595703125,35.08409881591797,57.052650451660156,34.26647186279297,0.9674161614152001,1.0885714292526245,0.5178114771842957,0.5,0.025,43.802329045635894,28.18059179062592,8192.000100000001,0.0,0.06509783118963242,0.22789429128170013,0.0,0.25286051630973816,0.25648561120033264,0.2607160806655884,-1.5047886371612549,-1.498005986213684,-1.4900696277618408,0.0,1.0
9216,9,6,144.8862153173051,115.83333333333333,-0.0018781426886562258,0.016266892827115954,-0.2402220256626606,0.0029815311296260915,0.0129150390625,0.5629980247467756,0.13388682464137674,0.15620481967926025,7.822292327880859,60.68337631225586,32.184513092041016,60.52717208862305,32.217933654785156,0.9409290114083992,1.016814947128296,0.3973425328731537,0.55,0.0,45.67800077263402,29.140112140554113,9216.000100000001,0.0,0.06573876738548279,0.2280094176530838,0.0,0.2517490088939667,0.2549903690814972,0.25898560881614685,-1.5068758726119995,-1.500778317451477,-1.4933069944381714,0.0,1.0
10240,10,10,156.53327727535816,127.2,-0.005311194388195872,0.0056621735158842055,-0.24677811041474343,0.006646751945663709,0.0555419921875,0.5962292946875095,0.0774887700099498,2.343956470489502,4.3099517822265625,63.148502349853516,38.563621520996094,60.80455017089844,37.8055534362793,0.98750922981589,1.3800408840179443,0.20033136010169983,0.65,0.0,47.42505097026859,30.666210546298014,10240.000100000001,0.0,0.06105383113026619,0.2266450971364975,0.0,0.25207361578941345,0.25482794642448425,0.2590418756008148,-1.5062662363052368,-1.501078486442566,-1.493201732635498,0.0,1.0
11264,11,8,163.3541363609076,138.75,-0.004906479921191931,0.012828357541002334,-0.2480161376297474,0.005907877843128517,0.043115234375,0.614512249827385,0.11954452358186245,-0.664171576499939,7.383199214935303,61.157798767089844,36.81623077392578,61.82196807861328,35.543643951416016,0.9597829287088959,1.1883935928344727,0.3349635899066925,0.625,0.0,48.67348234124179,31.523502892354426,11264.000100000001,0.0,0.05325080826878548,0.22556644678115845,0.0,0.25039219856262207,0.2539128363132477,0.25853657722473145,-1.509425401687622,-1.5027976036071777,-1.494147539138794,0.0,1.0
12288,12,8,138.4553013788487,120.125,-0.004677511902991682,0.014991618774365634,-0.252117420732975,0.0035163388223736548,0.040869140625,0.5018603634089231,0.1264109866693616,-2.1577296257019043,7.9639363288879395,67.07186889648438,38.48016357421875,69.22959899902344,34.7647590637207,0.9571666781943351,0.8825666904449463,0.35024216771125793,0.5,0.0,50.20668089403646,32.56027560593184,12288.000100000001,0.0,0.05387037992477417,0.2226545810699463,0.0,0.2503591775894165,0.253831148147583,0.2574220895767212,-1.509487509727478,-1.5029525756835938,-1.49623441696167,0.0,1.0
13312,13,7,155.2442437217443,135.14285714285714,-0.0051226465846411886,0.0073224802617914975,-0.25460791364312174,0.0022154217105708083,0.0667724609375,0.6042873710393906,0.08811042699962854,1.3497517108917236,5.8943986892700195,63.37957000732422,42.36561965942383,62.02981948852539,42.24960708618164,0.9806423821640146,1.6576210260391235,0.27185139060020447,0.675,0.0,51.21998012968782,33.60068797931261,13312.000100000001,0.0,0.04467480257153511,0.22437599301338196,0.0,0.24920417368412018,0.25252285599708557,0.2575613856315613,-1.5116591453552246,-1.5054259300231934,-1.4959735870361328,0.0,1.0
14336,14,8,166.96078431471545,136.5,-0.005314665695186705,0.019829841004684566,-0.2590897113084793,0.005651160955312662,0.0490234375,0.4494900438934565,0.15700158663094044,-2.1256561279296875,9.969552040100098,56.9056396484375,37.835609436035156,59.03129959106445,37.266929626464844,0.9305695712269629,0.8430237770080566,0.4579297602176666,0.35,0.0,51.626098827524004,33.952311250361774,14336.000100000001,0.0,0.04003414884209633,0.22269907593727112,0.0,0.24950668215751648,0.2531738579273224,0.2595739960670471,-1.5110902786254883,-1.5042095184326172,-1.4922058582305908,0.0,1.0
15360,15,8,130.3065156270386,124.5,-0.004641334037296474,0.013675565458834171,-0.2558597639203072,0.004653236418380402,0.0471923828125,0.5576968513429165,0.11755260583013297,-1.87589693069458,8.209624290466309,77.22859191894531,44.239986419677734,79.10448455810547,39.76204299926758,0.9655636922036425,1.2658641338348389,0.3255191445350647,0.5,0.0,53.33293122927063,35.315337971650635,15360.000100000001,0.0,0.04173210263252258,0.22400136291980743,0.0,0.24838288128376007,0.2528533637523651,0.25863561034202576,-1.5132040977478027,-1.5047999620437622,-1.493962049484253,0.0,1.0
16384,16,6,148.389783803522,141.0,-0.004734045639634132,0.01685568062821403,-0.2572525694966316,0.004934689454967156,0.03662109375,0.4638631656765938,0.17779210647568106,-2.8907017707824707,10.801673889160156,70.97773742675781,43.76357650756836,73.86843872070312,37.57299041748047,0.939080466804999,1.0678232908248901,0.6295928359031677,0.425,0.05,54.43573177379539,36.1548125698293,16384.0001,0.0,0.035139258950948715,0.2213590145111084,0.0,0.24665169417858124,0.25317344069480896,0.260304719209671,-1.516462802886963,-1.5042227506637573,-1.4908390045166016,0.0,1.0
17408,17,8,206.63901174655803,158.875,-0.0030435007531195877,0.008730823209043592,-0.255223798006773,0.0031644235015846787,0.0178466796875,0.5365407705307007,0.09381121839396656,1.9260907173156738,7.01115083694458,66.18025970458984,39.89314651489258,64.25416564941406,40.96648025512695,0.9691125545256589,0.9124289751052856,0.2720891833305359,0.55,0.0,55.12658616450811,36.49013632661234,17408.0001,0.0,0.03446696326136589,0.22685028612613678,0.0,0.2446211874485016,0.2533111870288849,0.26239487528800964,-1.5202882289886475,-1.503982424736023,-1.4869316816329956,0.0,1.0
18432,18,7,143.11213612386172,144.71428571428572,-0.004828277160413563,0.01304638192523271,-0.2533399261534214,0.0023738246309221722,0.0365478515625,0.5054423179477453,0.10460692150518298,-1.871013879776001,9.491607666015625,53.736446380615234,45.71078109741211,55.607460021972656,45.620567321777344,0.956883621894988,0.8292737007141113,0.30990052223205566,0.475,0.0,55.04935611073802,37.063992260813,18432.0001,0.0,0.028985358774662018,0.2216040939092636,0.0,0.24507330358028412,0.2540474236011505,0.26347869634628296,-1.5194361209869385,-1.5025997161865234,-1.4849071502685547,0.0,1.0
19456,19,6,164.33005090793026,151.66666666666666,-0.003954858577344567,0.016547323542181403,-0.2482941895723343,0.0021027058057370594,0.037646484375,0.46377065032720566,0.17553185094147922,-1.7972235679626465,11.817230224609375,69.2169189453125,42.10774612426758,71.01414489746094,38.43918228149414,0.9212396963950397,0.8159695863723755,0.5649159550666809,0.4,0.05,55.795017479242986,37.48019076763938,19456.0001,0.0,0.03211095556616783,0.22094951570034027,0.0,0.24598464369773865,0.25496283173561096,0.2649995684623718,-1.517719030380249,-1.5008831024169922,-1.4820683002471924,0.0,1.0
20480,20,5,149.46364341496542,129.6,-0.005135383945889771,0.008583932358305901,-0.24583807215094566,0.006087000295519829,0.0344970703125,0.546817222982645,0.11420993590727449,-0.08573660254478455,8.674240112304688,74.13375091552734,42.42558670043945,74.21949005126953,39.19736862182617,0.958197026297862,1.0258222818374634,0.3476920425891876,0.575,0.0,56.71195419478756,37.95388882287991,20480.0001,0.0,0.0216399934142828,0.22186003625392914,0.0,0.24559633433818817,0.2548828423023224,0.2623539865016937,-1.5184506177902222,-1.5010147094726562,-1.4870080947875977,0.0,1.0
21504,21,7,195.6403469786344,190.0,-0.003632813540752977,0.023078538826666772,-0.2476533457636833,0.002177957058302127,0.0158447265625,0.49194723963737486,0.20259381085634232,-2.143744468688965,12.945103645324707,66.13887023925781,53.87356948852539,68.2826156616211,52.597129821777344,0.9422622886541561,0.976243793964386,0.5777620077133179,0.425,0.05,57.16085498313762,38.911958020767116,21504.0001,0.0,0.024911031126976013,0.22226972877979279,0.0,0.24398371577262878,0.2542104125022888,0.2596949636936188,-1.5214899778366089,-1.5022913217544556,-1.4919795989990234,0.0,1.0
22528,22,6,133.82722534596624,142.0,-0.005343992996495217,0.029490143153816463,-0.2507864162325859,0.004706916582654231,0.0526123046875,0.527258463203907,0.22278073858469724,-3.2985472679138184,17.338336944580078,79.23397827148438,51.57227325439453,82.53253173828125,48.12077713012695,0.8869729619263783,0.8338201642036438,0.7148488163948059,0.5,0.1,58.16417896392675,39.841575916143356,22528.0001,0.0,0.0207996629178524,0.22359776496887207,0.0,0.2441001832485199,0.25412872433662415,0.25942298769950867,-1.5212703943252563,-1.502447247505188,-1.4924885034561157,0.0,1.0
23552,23,3,162.87780934751387,176.66666666666666,-0.003983012115349993,0.010467570752371102,-0.25147830620408057,0.003094357287045568,0.0462890625,0.5240494593977928,0.14360037138685583,1.9673643112182617,9.630119323730469,56.12999725341797,33.438419342041016,54.16263198852539,32.334434509277344,0.9170584950938124,1.316964030265808,0.39206165075302124,0.45,0.0,58.07573626263553,39.58689481276473,23552.0001,0.0,0.014918795786798,0.22238785028457642,0.0,0.24480941891670227,0.25374189019203186,0.25880134105682373,-1.5199334621429443,-1.5031661987304688,-1.4936518669128418,0.0,1.0
24576,24,8,226.3009497627569,220.75,-0.0035437083628494293,0.02720047311158851,-0.252605264633894,0.004821264861675445,0.053125,0.5315517745912075,0.19281872678548098,3.2166476249694824,14.681988716125488,55.083003997802734,51.3023796081543,51.866355895996094,53.370628356933594,0.9180979599159163,1.1342421770095825,0.6991257071495056,0.475,0.05,57.95103907997004,40.1478149072973,24576.0001,0.0,0.018979499116539955,0.22141890227794647,0.0,0.24685096740722656,0.2538503110408783,0.2588973045349121,-1.516087532043457,-1.5029257535934448,-1.4934723377227783,0.0,1.0
25600,25,5,173.39076643351882,193.4,-0.004430273012258112,0.011731186404358596,-0.25488584861159325,0.0022905802688910626,0.047412109375,0.5399753391742707,0.10395232057198882,1.3488253355026245,8.608659744262695,33.142154693603516,42.66690444946289,31.7933292388916,41.34550476074219,0.9592911583112982,1.0915100574493408,0.3518812954425812,0.55,0.0,56.95868369378397,40.544126742318674,25600.0001,0.0,0.021322088316082954,0.22506004571914673,0.0,0.24441646039485931,0.25244131684303284,0.2576587200164795,-1.520674228668213,-1.505594253540039,-1.4957913160324097,0.0,1.0
26624,26,3,227.37653786288504,211.66666666666666,-0.006540105573367328,0.005263976522837765,-0.2653328612446785,0.004619084962178022,0.0734619140625,0.5411702822893858,0.08980911355465651,2.487191677093506,7.302283763885498,72.98368835449219,38.774559020996094,70.49650573730469,39.27249526977539,0.9645330647419449,1.2014063596725464,0.308291494846344,0.525,0.0,57.57503016348347,40.594640457595,26624.0001,0.0,0.0218522846698761,0.21925751864910126,0.0,0.24196729063987732,0.2504272162914276,0.256661057472229,-1.5252938270568848,-1.5093765258789062,-1.4976602792739868,0.0,1.0
27648,27,7,167.33188271861513,180.57142857142858,-0.006092956225620583,0.01288869297131896,-0.27524484395980836,0.004471268382621929,0.0486328125,0.4808727614581585,0.16983489310368896,2.249420166015625,12.535868644714355,70.93389892578125,53.46683120727539,68.68447875976562,49.643245697021484,0.9450281958806184,0.9783084392547607,0.5698471665382385,0.325,0.025,58.06980302731738,41.2205438635575,27648.0001,0.0,0.017321141436696053,0.219553604722023,0.0,0.24032855033874512,0.24921172857284546,0.2566041946411133,-1.5283879041671753,-1.5116543769836426,-1.4977668523788452,0.0,1.0
28672,28,2,234.48302480501894,231.0,-0.003411134076304734,0.014079892029985785,-0.27773597463965416,0.0032450349448481576,0.0267333984375,0.4573759213089943,0.22650326760485767,6.198737144470215,10.554030418395996,39.112022399902344,32.55347442626953,32.91328430175781,31.529312133789062,0.894890506942794,1.0004169940948486,0.8461465835571289,0.35,0.05,57.39273939380621,41.09348572584698,28672.0001,0.0,0.008478812873363495,0.21549293398857117,0.0,0.23968560993671417,0.24949102103710175,0.2568250596523285,-1.5296025276184082,-1.5111483335494995,-1.497352957725525,0.0,1.0
29696,29,7,265.7608167731658,260.7142857142857,-0.002474716550204903,0.016978036076761783,-0.27712953463196754,0.0007292067835805938,0.012109375,0.5893579877912998,0.24568486427888275,3.704663038253784,13.672996520996094,59.25273513793945,59.94505310058594,55.548072814941406,63.04799270629883,0.9479739615825838,1.3123579025268555,0.9321341514587402,0.65,0.075,57.45687720573007,41.886396957955924,29696.0001,0.0,0.015982741490006447,0.21890754997730255,0.0,0.23717375099658966,0.24902339279651642,0.2577170729637146,-1.534351110458374,-1.5120352506637573,-1.4956820011138916,0.0,1.0
30720,30,2,212.8214763683851,191.0,-0.004724892589729279,0.009812694415450096,-0.2802312642335892,0.005255113836028613,0.0506103515625,0.5327730447053909,0.10711616910994053,4.670590400695801,8.679160118103027,69.77532196044922,41.10960388183594,65.10472869873047,42.98362350463867,0.9554273162882421,1.0229564905166626,0.28405773639678955,0.45,0.0,57.86749201256381,41.919097748739475,30720.0001,0.0,0.019478928297758102,0.21686701476573944,0.0,0.23706147074699402,0.24864210188388824,0.2570369243621826,-1.534563422203064,-1.5127387046813965,-1.4969561100006104,0.0,1.0
31744,31,7,249.36306215804572,239.0,-0.00293611686793156,0.021432807901874185,-0.28414335623383524,0.0014939394968678243,0.0097412109375,0.4972575303167105,0.1590719498693943,4.441012382507324,13.441242218017578,66.127197265625,64.68538665771484,61.686187744140625,62.87531280517578,0.9568216124542344,0.8904237747192383,0.428774893283844,0.5,0.0,58.13393405874342,42.86759217395071,31744.0001,0.0,0.013001163490116596,0.21673397719860077,0.0,0.23444510996341705,0.24757952988147736,0.25728392601013184,-1.539515733718872,-1.5147515535354614,-1.4964933395385742,0.0,1.0
32768,32,1,167.78718865726762,175.0,-0.004484871099703014,0.018255294288974256,-0.28516750410199165,0.004097702928993386,0.0509765625,0.4631072398275137,0.15266132946126162,1.0127514600753784,13.624329566955566,98.20249938964844,48.94022750854492,97.18974304199219,48.01124954223633,0.9225006090656026,0.8993359804153442,0.3794648051261902,0.45,0.0,59.386076697589615,43.63091237540074,32768.000100000005,0.0,0.014897152781486511,0.212607279419899,0.0,0.23437848687171936,0.2486421912908554,0.2603180408477783,-1.5396419763565063,-1.512757658958435,-1.490813970565796,0.0,1.0
33792,33,4,303.98943283151243,281.75,-0.0036110607092268766,0.027995723602361976,-0.2786411367356777,0.0034424225625116376,0.0328857421875,0.4631358660757542,0.18302702978253366,2.508082151412964,18.08976173400879,74.50180053710938,51.903663635253906,71.99371337890625,51.47685623168945,0.8785298044089818,0.759114682674408,0.4994618892669678,0.325,0.0,59.844128951095335,43.98090487883818,33792.000100000005,0.0,0.011224589310586452,0.21481560170650482,0.0,0.23501119017601013,0.24959851801395416,0.26214224100112915,-1.5384438037872314,-1.5109606981277466,-1.4874036312103271,0.0,1.0
34816,34,6,266.76631445903394,248.66666666666666,-0.004952874290756882,0.009509167267242446,-0.27620823606848716,0.005767353440751322,0.0350341796875,0.481057745590806,0.11989438245072961,0.10447537899017334,10.921703338623047,98.24945068359375,56.893497467041016,98.14498138427734,53.868324279785156,0.9631484810535501,0.946941077709198,0.3800414502620697,0.325,0.0,60.97369732759609,44.885808618095425,34816.000100000005,0.0,0.018142832443118095,0.21872885525226593,0.0,0.23613020777702332,0.24934886395931244,0.2610430121421814,-1.536325454711914,-1.5114372968673706,-1.4894583225250244,0.0,1.0
35840,35,2,205.95357403877443,188.0,-0.003980068862438202,0.02475106215570122,-0.2744974628090858,0.0034151380634284577,0.0294189453125,0.5052732735872268,0.2076338605955243,-1.4958155155181885,17.201156616210938,66.67909240722656,50.78229904174805,68.17491149902344,52.215728759765625,0.8852663986674736,0.937090277671814,0.6138004064559937,0.45,0.05,61.13670862150403,45.07501076368519,35840.000100000005,0.0,0.0059078168123960495,0.21603569388389587,0.0,0.23968090116977692,0.25072723627090454,0.2602422833442688,-1.529611349105835,-1.5088419914245605,-1.4909557104110718,0.0,1.0
36864,36,5,276.0559902744726,268.4,-0.007128341915085911,0.015494918066542596,-0.2682193033397198,0.00688392978918273,0.0712890625,0.5869068928062916,0.19818880120292307,4.366735458374023,14.446856498718262,104.15902709960938,66.27992248535156,99.79229736328125,70.62029266357422,0.9524902509540648,1.2720046043395996,0.6988109946250916,0.7,0.075,62.331773139201296,46.33933252786775,36864.000100000005,0.0,-0.003679754212498665,0.21599337458610535,0.0,0.24188227951526642,0.2510511875152588,0.25912079215049744,-1.5254542827606201,-1.5082353353500366,-1.4930540323257446,0.0,1.0
37888,37,4,253.64412798601305,258.0,-0.0035985207767225804,0.05610900807660073,-0.27050168812274933,0.0036789267032872885,0.02734375,0.49017553105950357,0.32495541125535965,-3.6292362213134766,27.60184669494629,101.48857116699219,58.466575622558594,105.1177978515625,52.751651763916016,0.7771252040051047,0.8628000617027283,1.0297454595565796,0.4,0.15,63.39006491038338,47.13814378950114,37888.000100000005,0.0,-0.00952806044369936,0.21401599049568176,0.0,0.24099630117416382,0.25015735626220703,0.2588070333003998,-1.5271267890930176,-1.509905457496643,-1.4936412572860718,0.0,1.0
38912,38,3,254.6054630771505,262.0,-0.003920638037379831,0.047049619071185586,-0.27722062170505524,0.0032147688005352395,0.030712890625,0.5200649816542864,0.24720460120588542,-2.78536319732666,21.991594314575195,98.42579650878906,58.59296798706055,101.2111587524414,56.648536682128906,0.8591287337464819,1.0148158073425293,0.6957433223724365,0.475,0.075,64.31205778701083,47.805115861475045,38912.000100000005,0.0,-0.004325295332819223,0.213902086019516,0.0,0.2390374392271042,0.24837400019168854,0.25744447112083435,-1.530827283859253,-1.5132346153259277,-1.4961925745010376,0.0,1.0
39936,39,6,284.2117594418258,277.1666666666667,-0.00237773060798645,0.04571614293381572,-0.28389637246727945,0.0023596075421664863,0.0160888671875,0.5189900074154139,0.3232231833972037,-6.3039350509643555,23.4657039642334,111.29426574707031,68.69506072998047,117.59819793701172,60.917667388916016,0.8833147054769838,0.9389427900314331,1.0750566720962524,0.55,0.125,65.51672976006923,49.019160746760875,39936.000100000005,0.0,-0.005336074624210596,0.21566998958587646,0.0,0.23933857679367065,0.24831824004650116,0.25649166107177734,-1.5302581787109375,-1.513325810432434,-1.4979777336120605,0.0,1.0
40960,40,2,214.9794607696554,198.5,-0.003635314491111785,0.02735383950639516,-0.28454711139202116,0.005562646940234117,0.034130859375,0.4719823606312275,0.1750764861702919,-3.131007671356201,17.03204917907715,87.98918151855469,46.99163055419922,91.12018585205078,46.00078201293945,0.8686310400698676,0.8210269808769226,0.40740835666656494,0.425,0.0,66.07854104885006,49.095021626846446,40960.000100000005,0.0,-0.011487259529531002,0.213636115193367,0.0,0.2413485050201416,0.24779623746871948,0.25423967838287354,-1.5264618396759033,-1.5143405199050903,-1.5022002458572388,0.0,1.0
41984,41,4,264.5781112377196,246.25,-0.004002329823561013,0.010520913585787639,-0.28507265001535415,0.004492399991431739,0.039892578125,0.6084068976342678,0.15383724663406612,5.48884391784668,10.53069019317627,64.04814147949219,61.43541717529297,58.559303283691406,63.20970153808594,0.9706183587381013,1.2087007761001587,0.46716952323913574,0.65,0.0,66.02901925867192,49.43366543320348,41984.000100000005,0.0,0.002787407487630844,0.21550925076007843,0.0,0.24105776846408844,0.24839811027050018,0.25532791018486023,-1.5270107984542847,-1.5131773948669434,-1.5001592636108398,0.0,1.0
43008,42,4,246.47791999044057,254.5,-0.0020915075205266477,0.02394264764152467,-0.2808021642267704,0.001923767401603982,0.012548828125,0.4716879345476627,0.29128713980317117,6.036911964416504,19.178390502929688,69.27693939208984,69.49020385742188,63.24002456665039,75.04845428466797,0.9238312011834289,0.9183552265167236,0.9946449398994446,0.4,0.125,66.10635063543903,50.00722920631114,43008.000100000005,0.0,-0.0035815236624330282,0.2160487323999405,0.0,0.24052473902702332,0.24894337356090546,0.2550361156463623,-1.528017282485962,-1.5121574401855469,-1.500706434249878,0.0,1.0
44032,43,3,331.28909140412685,311.0,-0.004088751086965203,0.04006858179345727,-0.28087792694568636,0.005067126800713595,0.037548828125,0.49782854653894903,0.2535792699083686,-1.9017860889434814,22.648540496826172,94.15605926513672,69.011962890625,96.05784606933594,69.92975616455078,0.8922960327129781,0.9543517827987671,0.8667184710502625,0.4,0.1,66.75866940681138,50.70697958508593,44032.000100000005,0.0,0.0027942825108766556,0.21372663974761963,0.0,0.24019642174243927,0.24831663072109222,0.25443702936172485,-1.528637409210205,-1.513335108757019,-1.5018301010131836,0.0,1.0
45056,44,3,429.55924451334266,372.0,-0.0032468993740621954,0.05905190659686923,-0.2827265851199627,0.003655019597499631,0.042041015625,0.41351708173751833,0.31798909660428765,-3.403635025024414,24.813901901245117,104.36577606201172,67.22930145263672,107.7694091796875,72.43180084228516,0.8637699574077985,0.8471071124076843,1.1106586456298828,0.2,0.15,67.6133764509494,51.44799575027563,45056.000100000005,0.0,0.0021616164594888687,0.21277928352355957,0.0,0.23941123485565186,0.24861140549182892,0.2568678855895996,-1.530120849609375,-1.512807846069336,-1.4972727298736572,0.0,1.0
46080,45,4,314.3533956801224,321.75,-0.00495820653741248,0.04390713763423264,-0.2828205943107605,0.004054499823541846,0.05029296875,0.4718536756932735,0.2538850914686918,-2.0801873207092285,24.150793075561523,86.9044418334961,76.70252227783203,88.98462677001953,78.94091033935547,0.9008612488128472,0.8358651995658875,0.7333595752716064,0.425,0.1,68.04206674791055,52.21974693255429,46080.000100000005,0.0,-0.004502447322010994,0.21561747789382935,0.0,0.23935426771640778,0.2481890469789505,0.2549084424972534,-1.5302284955978394,-1.513590693473816,-1.500945806503296,0.0,1.0
47104,46,1,435.06448861181894,449.0,-0.003341584501322359,0.025853433297015727,-0.286131826043129,0.002383244650263805,0.0232421875,0.49460665658116343,0.1925989558920264,0.4721921682357788,16.312992095947266,115.40562438964844,67.47272491455078,114.93344116210938,68.40287780761719,0.9415464704245642,0.9607559442520142,0.4742320477962494,0.425,0.0,69.07170935028677,53.04995525173635,47104.000100000005,0.0,-0.01140821073204279,0.21859797835350037,0.0,0.2371639609336853,0.2469944953918457,0.25436487793922424,-1.5343695878982544,-1.5158252716064453,-1.5019654035568237,0.0,1.0
48128,47,7,287.6092437810647,285.57142857142856,-0.0031189969216939063,0.046005003480240704,-0.2953771024942398,0.003969249023066368,0.0310791015625,0.48330927789211275,0.3578102173283696,-6.350142955780029,24.672433853149414,109.69032287597656,70.22824096679688,116.04045867919922,66.47061920166016,0.8765757812581105,0.9653725624084473,1.0317825078964233,0.475,0.2,69.9359350818857,53.79323506741621,48128.000100000005,0.0,-0.002509693382307887,0.2132449597120285,0.0,0.2363303303718567,0.24552960693836212,0.25190815329551697,-1.5359468460083008,-1.5185819864273071,-1.5065770149230957,0.0,1.0
49152,48,2,180.1153441189394,203.0,-0.0029147549881599843,0.018624515167903154,-0.2998564437031746,0.0029001217320910656,0.021337890625,0.4940594471991062,0.15169294299557806,-3.062859058380127,15.746709823608398,79.87158966064453,44.759368896484375,82.9344482421875,44.60929489135742,0.8762310372553118,0.791512131690979,0.5274370312690735,0.45,0.025,70.1429279258019,53.63933029079163,49152.000100000005,0.0,0.0014251734828576446,0.21254782378673553,0.0,0.23644068837165833,0.2453545182943344,0.25234726071357727,-1.5357379913330078,-1.5189476013183594,-1.5057523250579834,0.0,1.0
50176,49,5,280.194314282853,279.4,-0.004355489008594305,0.014212577894795686,-0.29710824936628344,0.003833975558518432,0.032421875,0.48002762347459793,0.17347028339281678,1.6315090656280518,14.8807954788208,81.82138061523438,77.05583953857422,80.18987274169922,75.17485046386719,0.9627058059388015,0.8845674991607666,0.528187096118927,0.5,0.025,70.38126371976468,54.24354328852921,50176.000100000005,0.0,-0.004823627416044474,0.21432021260261536,0.0,0.23773516714572906,0.24657554924488068,0.25157397985458374,-1.5332891941070557,-1.516642451286316,-1.5072046518325806,0.0,1.0
51200,50,3,267.7386847824478,272.0,-0.0022543046274222434,0.06346972454339266,-0.2909988038241863,0.002472425234736875,0.0208740234375,0.47032730765640735,0.46386152096092703,-7.422541618347168,32.531856536865234,79.60292053222656,62.710391998291016,87.02545928955078,69.2598876953125,0.7308844987485402,0.9141057133674622,1.5544015169143677,0.4,0.325,70.56569677814554,54.44110006360766,51200.000100000005,0.0,-0.0020910631865262985,0.21571654081344604,0.0,0.23814593255519867,0.24714642763137817,0.2521754503250122,-1.5325125455856323,-1.5155631303787231,-1.5060749053955078,0.0,1.0
52224,51,2,297.7674602310245,290.0,-0.005293367395643145,0.013361835572868585,-0.2899482771754265,0.003634549731214065,0.05048828125,0.5982208881527186,0.18879589727148413,3.7660489082336426,12.596677780151367,82.72004699707031,59.42256546020508,78.95399475097656,64.20550537109375,0.95506246732796,1.315950870513916,0.598351776599884,0.6,0.05,70.80401734420973,54.56917570157714,52224.000100000005,0.0,0.004206912592053413,0.21604783833026886,0.0,0.23893573880195618,0.2467668056488037,0.2528519332408905,-1.5310194492340088,-1.516250491142273,-1.5048047304153442,0.0,1.0
53248,52,5,291.9226535904567,288.4,-0.0038952488161157818,0.02216474439483136,-0.28960936069488524,0.004567394604964648,0.0541748046875,0.4280375611037016,0.18035097066313027,0.5374240875244141,18.04698371887207,85.99467468261719,71.17385864257812,85.45724487304688,74.00858306884766,0.9357063175952343,0.88131183385849,0.5505794286727905,0.3,0.05,71.09614534236897,54.97544519735758,53248.000100000005,0.0,0.01590045355260372,0.20985256135463715,0.0,0.23889677226543427,0.24787896871566772,0.2565411925315857,-1.5310931205749512,-1.5141857862472534,-1.4978848695755005,0.0,1.0
54272,53,5,307.8247647834047,291.6,-0.0034447846002876757,0.023009270057082178,-0.28651551678776743,0.005018734658369795,0.0382568359375,0.4580668855458498,0.19643261963501574,-4.910240173339844,17.102684020996094,76.19774627685547,62.088279724121094,81.10798645019531,59.155677795410156,0.9241231630970126,1.0245474576950073,0.5967225432395935,0.325,0.025,71.19240200727693,55.122516686243834,54272.000100000005,0.0,0.009428814053535461,0.21431048214435577,0.0,0.2384188026189804,0.24729348719120026,0.25480371713638306,-1.5319966077804565,-1.5152816772460938,-1.5011422634124756,0.0,1.0
55296,54,3,180.32038106293024,198.33333333333334,-0.005021791224135086,0.007759840053040534,-0.2939888037741184,0.0022618412884185092,0.0356201171875,0.4952141545712948,0.1236553012393415,2.4487199783325195,10.866491317749023,96.291015625,68.72813415527344,93.84229278564453,70.82598876953125,0.9750017554806709,0.9319881200790405,0.34180712699890137,0.4,0.0,71.65719110110304,55.508074030775205,55296.000100000005,0.0,0.015776487067341805,0.21190470457077026,0.0,0.2360588014125824,0.2453613132238388,0.25389155745506287,-1.5364606380462646,-1.5189183950424194,-1.5028533935546875,0.0,1.0
56320,55,6,256.0963379726613,243.66666666666666,-0.0034693387802690267,0.027512786886654796,-0.2997382678091526,0.004395080318499822,0.040234375,0.5104366611689329,0.23041080087423324,-5.337960243225098,20.81011962890625,77.39791870117188,65.2855453491211,82.73587799072266,64.74647521972656,0.8983950107442802,1.2408596277236938,0.8160568475723267,0.375,0.05,71.76156797705832,55.70644790479705,56320.000100000005,0.0,0.008869697339832783,0.21127565205097198,0.0,0.23729312419891357,0.24570924043655396,0.2531461715698242,-1.5341253280639648,-1.5182433128356934,-1.504252314567566,0.0,1.0
57344,56,1,166.6414243366279,179.0,-0.003567502635996789,0.014587349724024534,-0.2973931774497032,0.0036595107900211587,0.0392333984375,0.5060822360217572,0.17721109688282013,-3.8076913356781006,15.178825378417969,69.998779296875,67.14047241210938,73.80647277832031,72.10662078857422,0.9488898115145465,0.983058750629425,0.584740936756134,0.5,0.05,71.7300896803676,55.9316154177699,57344.000100000005,0.0,0.008505265228450298,0.2124057412147522,0.0,0.23768611252307892,0.24568651616573334,0.2530893385410309,-1.5333819389343262,-1.5183039903640747,-1.5043590068817139,0.0,1.0
58368,57,5,319.69315207755426,318.8,-0.004743195156333968,0.004895173711702228,-0.29799990728497505,0.0030015813506906854,0.03212890625,0.5116149950772524,0.14760237224400044,2.712153196334839,9.720075607299805,69.64643859863281,65.12623596191406,66.93428802490234,70.08393096923828,0.9777245079086232,0.912727952003479,0.5306797623634338,0.525,0.025,71.69353445350399,56.10657872346201,58368.000100000005,0.0,0.01790608838200569,0.21512609720230103,0.0,0.23785749077796936,0.24568672478199005,0.25245746970176697,-1.5330579280853271,-1.518301010131836,-1.5055453777313232,0.0,1.0
59392,58,6,234.1288727499245,232.5,-0.0043983359821140764,0.028855635924264787,-0.2974806554615498,0.0028623085381696,0.032373046875,0.4920023649930954,0.21639959514141083,-4.06522798538208,23.488950729370117,70.18035888671875,66.11862182617188,74.24559020996094,69.0868911743164,0.873794099338401,1.0047848224639893,0.7031325697898865,0.425,0.125,71.66744524787657,56.29463264138013,59392.000100000005,0.0,0.014032301492989063,0.21469615399837494,0.0,0.23787136375904083,0.24609340727329254,0.2534685432910919,-1.533031702041626,-1.5175367593765259,-1.5036473274230957,0.0,1.0
60416,59,5,152.03187837488895,177.4,-0.003356992668705061,0.02833693108987063,-0.2963098533451557,0.003454007292748429,0.02607421875,0.4927430935204029,0.25668919114395977,-9.953570365905762,20.413776397705078,63.91302490234375,60.746463775634766,73.86659240722656,63.329952239990234,0.8870712194209116,0.8620867133140564,0.7586343884468079,0.375,0.1,71.53601437335169,56.38190202196407,60416.000100000005,0.0,0.012677443213760853,0.21798312664031982,0.0,0.2386815845966339,0.24566061794757843,0.2532750070095062,-1.5314998626708984,-1.5183601379394531,-1.504010558128357,0.0,1.0
61440,60,4,260.1642136513694,256.0,-0.004764867748599499,0.010420074133435264,-0.2996586158871651,0.002771495883644093,0.044482421875,0.599296073615551,0.21597319869324566,-1.1904523372650146,15.633726119995117,69.80210876464844,61.53571701049805,70.9925537109375,69.69773864746094,0.9354538237653888,1.239478588104248,0.7211242318153381,0.575,0.1,71.50711587101017,56.47208961743786,61440.000100000005,0.0,0.012740359641611576,0.2133888155221939,0.0,0.23779097199440002,0.24498037993907928,0.2527792155742645,-1.5331836938858032,-1.5196188688278198,-1.5049412250518799,0.0,1.0
62464,61,3,193.15349153566763,205.0,-0.003653870528796688,0.014389046432916075,-0.30721582025289534,0.0034625375614268706,0.0189453125,0.4330873779952526,0.22257834291085601,3.7355096340179443,15.796713829040527,48.70204544067383,56.90768051147461,44.966529846191406,63.87896728515625,0.9229466031906342,0.724151611328125,0.7641686201095581,0.275,0.075,71.13326220809452,56.55344834455155,62464.000100000005,0.0,0.009212957695126534,0.21576552093029022,0.0,0.23457790911197662,0.2428607940673828,0.2503909170627594,-1.5392643213272095,-1.52362060546875,-1.509427785873413,0.0,1.0
63488,62,4,222.05678467325987,236.5,-0.0032928095082752407,0.00837387311621569,-0.31848270669579504,0.0026798820443218576,0.0244873046875,0.5165945537388325,0.18025581138208507,3.924039840698242,11.4645414352417,61.597110748291016,53.10003662109375,57.673072814941406,56.55630111694336,0.9533851992700101,0.9594826698303223,0.6009275913238525,0.5,0.05,70.97945330517202,56.51219233818532,63488.000100000005,0.0,0.0034971432760357857,0.21564695239067078,0.0,0.23515062034130096,0.24128693342208862,0.24802926182746887,-1.5381797552108765,-1.5266036987304688,-1.5138695240020752,0.0,1.0
64512,63,6,218.6608414007023,226.83333333333334,-0.004927963874069974,0.017264544148929417,-0.32408118844032285,0.005964205400960054,0.050537109375,0.4795968823134899,0.15188228953629732,-1.4428060054779053,16.60683250427246,63.43848419189453,60.99427032470703,64.88128662109375,61.98235321044922,0.9258697404173388,0.8702834248542786,0.41896724700927734,0.4,0.0,70.85975534835109,56.59395795957092,64512.000100000005,0.0,0.011629459448158741,0.21345557272434235,0.0,0.23539185523986816,0.24121229350566864,0.248702272772789,-1.5377230644226074,-1.526724934577942,-1.5126032829284668,0.0,1.0
65536,64,4,286.05939151208133,274.5,-0.004574445640901104,0.022338577383197843,-0.3260967627167702,0.0018441112610162237,0.03876953125,0.4902931161224842,0.1836379830725491,-3.8893651962280273,18.66513442993164,73.0110092163086,55.14169692993164,76.9003677368164,56.32587814331055,0.8854218002441052,1.10541832447052,0.5374866127967834,0.425,0.05,70.89336858092003,56.572182224447424,65536.0001,0.0,0.0033010728657245636,0.21419039368629456,0.0,0.2348020076751709,0.23990212380886078,0.24566304683685303,-1.5388398170471191,-1.5292218923568726,-1.518324851989746,0.0,1.0
66560,65,4,179.2258118163875,205.75,-0.0028073942521587014,0.03863592362031341,-0.33461479693651197,0.0011130176280857995,0.0224609375,0.50511444658041,0.2341992048546672,-4.462596893310547,21.019899368286133,88.79908752441406,68.03807067871094,93.26168823242188,67.50878143310547,0.9045540973814585,0.8572676181793213,0.5179105401039124,0.5,0.025,71.16884118451553,56.8088856219913,66560.0001,0.0,0.010289579629898071,0.21384897828102112,0.0,0.23348619043827057,0.23862944543361664,0.24426816403865814,-1.5413323640823364,-1.531600832939148,-1.52095365524292,0.0,1.0
67584,66,6,228.77441239498876,231.16666666666666,-0.0032243784051388504,0.023192704655230045,-0.3438726358115673,0.0045056966846459545,0.042626953125,0.47182377949357035,0.1919028383679688,-2.42588472366333,19.653356552124023,88.07547760009766,66.85711669921875,90.50135803222656,66.53854370117188,0.9135871661302263,0.8819316029548645,0.563951849937439,0.375,0.025,71.42500230352071,57.01177366792191,67584.0001,0.0,0.014233211986720562,0.21276041865348816,0.0,0.23134995996952057,0.23632104694843292,0.2430267482995987,-1.545382022857666,-1.5359963178634644,-1.5232948064804077,0.0,1.0
68608,67,5,212.8714091274424,205.8,-0.004311423539184034,0.018798756506294013,-0.35629573538899423,0.0020948458812199535,0.037548828125,0.6485869862139225,0.18161313328891993,-5.456421852111816,17.784955978393555,72.57421112060547,58.24298858642578,78.03062438964844,52.741886138916016,0.9067565389142388,1.089961290359497,0.6408852338790894,0.775,0.025,71.44215460630262,57.03051561899248,68608.0001,0.0,0.011569489724934101,0.2152319699525833,0.0,0.23002776503562927,0.23448358476161957,0.2419041097164154,-1.5478906631469727,-1.539445400238037,-1.5254130363464355,0.0,1.0
69632,68,5,200.57107256639577,202.6,-0.004712846677284688,0.017977780476212502,-0.3640629999339581,0.004257583954313304,0.0324951171875,0.5689907968044281,0.2609442567452788,-9.943204879760742,16.069303512573242,94.6703109741211,66.07221221923828,104.61351776123047,63.72142791748047,0.9408497670137366,0.9194874167442322,0.8292023539543152,0.625,0.075,71.78374518567537,57.242170111463864,69632.0001,0.0,0.016780192032456398,0.21257592737674713,0.0,0.2281947284936905,0.233745738863945,0.24466389417648315,-1.5513707399368286,-1.5408682823181152,-1.5202077627182007,0.0,1.0
70656,69,3,154.62577644024236,181.0,-0.002898010576609522,0.010428841272369028,-0.3642555192112923,0.0019237898348364979,0.0176025390625,0.48799609020352364,0.14193245442584157,-2.3416457176208496,12.189444541931152,56.09526062011719,57.02730941772461,58.43690490722656,60.28153610229492,0.9543120115139426,0.8154076337814331,0.3976098597049713,0.375,0.0,71.55637582024114,57.26976162714171,70656.0001,0.0,0.014798249118030071,0.2111465483903885,0.0,0.22786559164524078,0.23437678813934326,0.24616432189941406,-1.5519959926605225,-1.5396615266799927,-1.5173805952072144,0.0,1.0
71680,70,3,225.55191214706363,248.33333333333334,-0.0048575280001387,0.017031687567941843,-0.3645360268652439,0.00471058366674697,0.0290771484375,0.528392693400383,0.26687534581869843,4.147663116455078,17.336408615112305,45.16814422607422,53.0658073425293,41.020484924316406,62.0936164855957,0.8932694548395286,1.0389223098754883,1.0315666198730469,0.425,0.1,71.17940114610947,57.29751142062385,71680.0001,0.0,0.009227770380675793,0.2126997411251068,0.0,0.2246001958847046,0.23337490856647491,0.2450057566165924,-1.5582035779953003,-1.541585922241211,-1.5195634365081787,0.0,1.0
72704,71,3,186.35421171757375,210.0,-0.005040641047526151,0.019441163737792522,-0.36835336685180664,0.00346962640323909,0.0399169921875,0.49865204431116583,0.3976194657385349,11.04071044921875,15.610790252685547,46.74140930175781,56.56340789794922,35.70069885253906,64.05160522460938,0.923830927983307,0.952243447303772,1.2809529304504395,0.425,0.325,70.83520405355448,57.35957256572844,72704.0001,0.0,0.000871709082275629,0.2100583165884018,0.0,0.2234543263912201,0.23334474861621857,0.24445216357707977,-1.5603840351104736,-1.5416182279586792,-1.5206068754196167,0.0,1.0
73728,72,5,360.5920831935867,339.8,-0.005242914013797418,0.012991841218899935,-0.3718052804470062,0.004609441183856688,0.0352294921875,0.4929798305034637,0.1809626530855894,4.14872932434082,14.439702987670898,70.33392333984375,57.975154876708984,66.18519592285156,59.493473052978516,0.9379655844580339,0.9283098578453064,0.5597501397132874,0.4,0.025,70.82824186826844,57.36819756275436,73728.0001,0.0,0.009792660363018513,0.2100273072719574,0.0,0.22181537747383118,0.2316909283399582,0.24299047887325287,-1.563504695892334,-1.5447591543197632,-1.5233632326126099,0.0,1.0
74752,73,5,250.38527688585663,244.8,-0.003987406607484445,0.02888581189326942,-0.3817187733948231,0.002725509647279978,0.043115234375,0.5406478576362133,0.17358832955360412,-6.133553981781006,18.14765739440918,59.67738723754883,53.47332000732422,65.81094360351562,51.177974700927734,0.884822706859902,1.4068293571472168,0.5286869406700134,0.475,0.05,70.67549044645956,57.3312844127944,74752.0001,0.0,0.014079436659812927,0.210938960313797,0.0,0.2226070761680603,0.23021727800369263,0.24064140021800995,-1.5619969367980957,-1.5475783348083496,-1.527796983718872,0.0,1.0
75776,74,4,233.129879438583,243.5,-0.0049277474055998026,0.008387525042053312,-0.38639269918203356,0.004525691097660456,0.06474609375,0.5452844798564911,0.09114690613932908,2.537905693054199,9.680790901184082,74.71663665771484,65.00727081298828,72.17872619628906,66.0848617553711,0.9778232522221306,1.2578587532043457,0.22840076684951782,0.45,0.0,70.73010049998538,57.44374633297836,75776.0001,0.0,0.013005989603698254,0.21095971763134003,0.0,0.22422611713409424,0.2300894856452942,0.2405628114938736,-1.5589152574539185,-1.5477906465530396,-1.5279455184936523,0.0,1.0
76800,75,5,184.61628934392976,207.0,-0.005093762197066099,0.02575773480348289,-0.3859267354011536,0.004621886723907664,0.040478515625,0.49496304579079153,0.17302195876836776,-2.562623977661133,20.63959312438965,85.96968078613281,66.58084869384766,88.53230285644531,67.05374908447266,0.9039043813727863,1.0521305799484253,0.5664306282997131,0.475,0.025,70.9332949113142,57.60164040934367,76800.0001,0.0,0.00916773360222578,0.21433374285697937,0.0,0.22248654067516327,0.230385884642601,0.24350465834140778,-1.5622265338897705,-1.5472596883773804,-1.5223934650421143,0.0,1.0
77824,76,5,209.0960300386361,216.6,-0.003818621183745563,0.02547681473661214,-0.3888044759631157,0.0028564449428813534,0.03388671875,0.5875256702303886,0.17277498096227645,-0.7168674468994141,19.110685348510742,46.24997329711914,49.53820037841797,46.96684265136719,52.427520751953125,0.8511763072033955,0.9346305727958679,0.4488966763019562,0.65,0.0,70.60851434947124,57.571632333535895,77824.0001,0.0,-3.6091853417019593e-06,0.21278101205825806,0.0,0.2205146849155426,0.22870244085788727,0.2420499473810196,-1.5659828186035156,-1.550435185432434,-1.5251379013061523,0.0,1.0
78848,77,4,310.0577895835325,281.0,-0.004077556484844536,0.006872408627532423,-0.4002585031092167,0.002771477628266439,0.0232666015625,0.4910990111529827,0.11021693679504097,0.7681014537811279,10.050783157348633,63.564998626708984,57.4681282043457,62.79690170288086,61.25463104248047,0.9694123803268772,0.9445306658744812,0.3462008535861969,0.45,0.0,70.51704013557753,57.57581216337749,78848.0001,0.0,0.004068455193191767,0.2125353217124939,0.0,0.21708452701568604,0.2265106588602066,0.24198439717292786,-1.5725250244140625,-1.5546084642410278,-1.5252615213394165,0.0,1.0
79872,78,5,161.11095142328205,190.2,-0.005079714965540915,0.02959811598993838,-0.4095993719995022,0.006996795139275491,0.047412109375,0.533402718603611,0.20594957787543536,0.9456539750099182,22.308834075927734,72.97113037109375,67.31916809082031,72.02547454833984,64.74003601074219,0.8901813170710848,0.9316170811653137,0.5473734736442566,0.525,0.05,70.54850281254329,57.71179781873814,79872.0001,0.0,0.008573927916586399,0.21150057017803192,0.0,0.21695971488952637,0.22604422271251678,0.24146656692028046,-1.572763204574585,-1.5555285215377808,-1.5262389183044434,0.0,1.0
80896,79,5,205.29833935492084,220.6,-0.0046751785557717085,0.04350750802550465,-0.4087215237319469,0.004403413471300155,0.047607421875,0.5404912561178208,0.33638938143849373,-9.10322093963623,27.769548416137695,75.47854614257812,59.69758605957031,84.58177185058594,57.598350524902344,0.7836165298481484,1.0957154035568237,1.0712838172912598,0.5,0.2,70.61090848630137,57.73999172013242,80896.0001,0.0,0.008149436675012112,0.21075060963630676,0.0,0.2190687358379364,0.22631649672985077,0.2401140332221985,-1.568739414215088,-1.5549945831298828,-1.5287930965423584,0.0,1.0
81920,80,3,300.08370387443625,263.0,-0.0039373738341964785,0.014758385438472032,-0.40877256318926813,0.0033139485385618173,0.0392333984375,0.5763627603650093,0.20894915061071515,-5.662752151489258,15.674599647521973,94.58312225341797,57.97981643676758,100.24586486816406,58.492191314697266,0.9269131468487181,1.0392910242080688,0.6352838277816772,0.55,0.025,70.91056115186035,57.8043864657162,81920.0001,0.0,-0.006303118076175451,0.2110312432050705,0.0,0.21747228503227234,0.22593574225902557,0.240774467587471,-1.5717849731445312,-1.5557032823562622,-1.527545690536499,0.0,1.0
82944,81,7,213.6572399978638,213.28571428571428,-0.0029820555355399847,0.010420143220108003,-0.41053403317928316,-8.390881266677752e-05,0.0185546875,0.45564573220908644,0.14990518596023322,-5.069156646728516,12.292654037475586,77.48306274414062,70.63964080810547,82.55221557617188,67.57176971435547,0.9697173138382953,0.6645698547363281,0.42178481817245483,0.3,0.0,70.99170309235294,57.98471387213668,82944.0001,0.0,-0.002897927537560463,0.20961697399616241,0.0,0.21824289858341217,0.22593408823013306,0.23956802487373352,-1.570314645767212,-1.55570650100708,-1.5298246145248413,0.0,1.0
83968,82,5,181.5231988925098,196.2,-0.0037513072282308714,0.016165936109609903,-0.40767800211906435,0.007224179188779089,0.027294921875,0.5004568163305521,0.22371805468574166,-6.912841796875,17.83475685119629,66.82623291015625,69.95586395263672,73.73907470703125,75.87680053710938,0.9350040735538037,1.0488989353179932,0.7451459169387817,0.45,0.1,70.9409046993927,58.14734783418648,83968.0001,0.0,-0.0019380544545128942,0.21329554915428162,0.0,0.21837322413921356,0.22707922756671906,0.23974499106407166,-1.570065975189209,-1.5535136461257935,-1.5294902324676514,0.0,1.0
84992,83,1,204.3173471371956,212.0,-0.004044626979157329,0.00892593206372112,-0.4045500382781029,0.005861930364335422,0.0557373046875,0.5661146260797978,0.19985010516829788,6.382937908172607,12.554487228393555,42.0183219909668,47.58036422729492,35.63538360595703,54.81660461425781,0.9303786491042758,1.1144442558288574,0.7655697464942932,0.5,0.125,70.59243986129574,58.1172144631082,84992.0001,0.0,0.008956700563430786,0.2169085144996643,0.0,0.21782466769218445,0.2264530509710312,0.23901695013046265,-1.5711125135421753,-1.5547212362289429,-1.530866026878357,0.0,1.0
86016,84,7,252.61173149556183,251.42857142857142,-0.006323742365930229,0.009450880525400862,-0.40929599329829214,0.005219824869709555,0.0443603515625,0.6069796830415726,0.15342008750885724,2.3708701133728027,13.45804500579834,64.12035369873047,69.82427978515625,61.749481201171875,73.22966003417969,0.9628506690585402,1.033375859260559,0.4843696653842926,0.725,0.0,70.5153911767234,58.27464742006196,86016.0001,0.0,-0.0033923054579645395,0.20995280146598816,0.0,0.21825332939624786,0.22577309608459473,0.23819200694561005,-1.570294737815857,-1.5559946298599243,-1.5324254035949707,0.0,1.0
87040,85,4,146.9613419287447,177.0,-0.005096234113443643,0.014421360101550817,-0.4134797744452953,0.004370765354542528,0.0423095703125,0.5366325788199902,0.1800786992534995,2.28080415725708,16.724103927612305,63.87812423706055,62.06416702270508,61.597320556640625,64.3192138671875,0.927388754797237,0.9658203721046448,0.5551068782806396,0.525,0.025,70.43730566760296,58.32505229676921,87040.0001,0.0,0.009281697683036327,0.2121245265007019,0.0,0.21788561344146729,0.22502368688583374,0.23581163585186005,-1.5709962844848633,-1.5574034452438354,-1.536928415298462,0.0,1.0
88064,86,5,346.124364668159,296.2,-0.0061814472428523,0.021842366107739507,-0.4150653399527073,0.005277846341778058,0.075390625,0.6339862987399101,0.17818400263786316,-4.412619113922119,18.858327865600586,66.93788146972656,66.54521942138672,71.35050964355469,68.1117935180664,0.9196894419415043,1.2094922065734863,0.5071809887886047,0.675,0.025,70.3966147416624,58.42848605329147,88064.0001,0.0,0.018030213192105293,0.211438849568367,0.0,0.21876904368400574,0.22509761154651642,0.23497158288955688,-1.5693110227584839,-1.557280421257019,-1.5385187864303589,0.0,1.0
89088,87,5,147.86574701759716,172.8,-0.0033525733626447616,0.02854140291456133,-0.4137463107705116,0.0028409269187250176,0.02958984375,0.5365668021142482,0.29948584660887717,-10.244686126708984,21.348176956176758,106.43576049804688,58.67930603027344,116.68045043945312,54.93031692504883,0.8676415536357105,1.0008033514022827,0.7600439786911011,0.475,0.1,70.81085784117147,58.557518499478256,89088.0001,0.0,0.014544677920639515,0.21219591796398163,0.0,0.21962201595306396,0.2256155163049698,0.2350994497537613,-1.5676844120025635,-1.5562801361083984,-1.5382766723632812,0.0,1.0
90112,88,5,209.2576194289341,222.0,-0.0022941903094761073,0.022366310306824743,-0.41184881553053854,0.003075873843044974,0.0146484375,0.5380142875015735,0.16645383536815644,-3.6934564113616943,17.828508377075195,58.530723571777344,55.7442512512207,62.22418212890625,58.424503326416016,0.8977107860405611,0.9241359233856201,0.5697608590126038,0.525,0.025,70.67131088200064,58.54078107061269,90112.0001,0.0,0.014611822552978992,0.21150721609592438,0.0,0.21822772920131683,0.22571878135204315,0.23601919412612915,-1.5703434944152832,-1.5561165809631348,-1.536535620689392,0.0,1.0
91136,89,5,149.5629294547666,179.8,-0.004176189214922488,0.01881865367759019,-0.40768768489360807,0.004461397601698991,0.03681640625,0.5046596091240645,0.18494831528514624,-5.731666564941406,17.58235740661621,74.32452392578125,65.18928527832031,80.05618286132812,65.37889862060547,0.9272552399721914,0.8878817558288574,0.6125126481056213,0.475,0.025,70.7123581707887,58.62093688795627,91136.0001,0.0,0.019292384386062622,0.21581579744815826,0.0,0.2170161008834839,0.22721175849437714,0.23820994794368744,-1.5726555585861206,-1.553282618522644,-1.5323915481567383,0.0,1.0
92160,90,5,217.3700983907682,213.2,-0.0034847208531573414,0.013605150813236832,-0.3985348232090473,0.0037703202542616054,0.0220947265625,0.4609970454126596,0.13529415251687169,-6.775728225708008,11.694347381591797,62.1195068359375,58.512901306152344,68.89523315429688,56.53877639770508,0.96005626929837,0.8285413980484009,0.38743823766708374,0.35,0.0,70.6168820352922,58.62665718967487,92160.0001,0.0,0.02979576587677002,0.21245446801185608,0.0,0.22016437351703644,0.2287583351135254,0.23954547941684723,-1.5666505098342896,-1.5503368377685547,-1.529867172241211,0.0,1.0
93184,91,6,160.85694334992334,174.16666666666666,-0.0038680638914229347,0.005909761838847771,-0.3948711171746254,0.0040490599072654735,0.023876953125,0.5114994745701551,0.08420352758839726,-3.758242130279541,8.156359672546387,72.72612762451172,56.60070037841797,76.484375,56.18959426879883,0.9792341790526105,0.9243812561035156,0.23637479543685913,0.525,0.0,70.64006057868802,58.60518704566521,93184.0001,0.0,0.030550003051757812,0.21504731476306915,0.0,0.2213103324174881,0.22811059653759003,0.23899435997009277,-1.5644667148590088,-1.5515412092208862,-1.5309087038040161,0.0,1.0
94208,92,5,202.59369340591712,207.8,-0.0041257973527535794,0.00839838651008904,-0.3966069400310516,0.0045115279499441385,0.05732421875,0.5993943639099598,0.1212227636948228,-1.2323870658874512,11.869682312011719,65.3421630859375,60.33138656616211,66.57454681396484,63.86491012573242,0.9612928148267894,0.9937945604324341,0.35615742206573486,0.6,0.0,70.58247473989114,58.62679699277574,94208.0001,0.0,0.03995398432016373,0.2140151560306549,0.0,0.2237064242362976,0.22884124517440796,0.23883798718452454,-1.5599042177200317,-1.550161361694336,-1.5312042236328125,0.0,1.0
95232,93,4,205.14299271320147,197.5,-0.0037309109582565727,0.01644816480111331,-0.3915342666208744,0.0036166924808640035,0.0274658203125,0.4977564711123705,0.1693237593397498,-0.5459887981414795,17.97955322265625,55.89399719238281,54.42795181274414,56.43998718261719,57.34722900390625,0.8908776332095916,0.9171850681304932,0.5796781182289124,0.45,0.025,70.42453413543043,58.60283263517759,95232.0001,0.0,0.03525315597653389,0.21309180557727814,0.0,0.22310209274291992,0.22951436042785645,0.24102388322353363,-1.5610544681549072,-1.5488967895507812,-1.5270748138427734,0.0,1.0
96256,94,6,211.59255196880142,226.16666666666666,-0.0027925869391765444,0.012774082459509372,-0.3922234445810318,0.002982952979800757,0.0228515625,0.551072384044528,0.162982187140733,-6.077510356903076,15.351846694946289,71.3589859008789,63.3917121887207,77.43649291992188,62.38163757324219,0.9413515811826698,0.8507477045059204,0.45952078700065613,0.6,0.0,70.43447512533079,58.655914100319286,96256.0001,0.0,0.04623455926775932,0.21572142839431763,0.0,0.22112789750099182,0.22832919657230377,0.24085599184036255,-1.5648143291473389,-1.5511530637741089,-1.527391791343689,0.0,1.0
97280,95,7,127.04697144848956,165.85714285714286,-0.0030090672051301228,0.03412502456922084,-0.3985370770096779,0.0061962324354681185,0.036962890625,0.47886184938251974,0.25640724543482063,-14.826133728027344,20.313796997070312,57.77861785888672,55.23415756225586,72.60475158691406,54.368892669677734,0.8647408276571412,0.9998781085014343,0.7705436944961548,0.35,0.125,70.3012555399779,58.635163265061635,97280.0001,0.0,0.048773497343063354,0.21633300185203552,0.0,0.21986965835094452,0.22780561447143555,0.2402290254831314,-1.5672123432159424,-1.5521445274353027,-1.5285758972167969,0.0,1.0
98304,96,3,142.6082008461204,168.66666666666666,-0.0027529395243618636,0.008778276084922255,-0.3971056334674358,0.0019208839381462894,0.0138916015625,0.49553786069154737,0.15122638316825032,-6.003101348876953,12.044210433959961,70.89083862304688,51.18645477294922,76.8939437866211,53.86626052856445,0.9446335638058623,0.8304168581962585,0.4218653440475464,0.425,0.0,70.30739708866676,58.562486419433796,98304.0001,0.0,0.06003059074282646,0.21251514554023743,0.0,0.22129318118095398,0.2287837266921997,0.24076473712921143,-1.5644994974136353,-1.5502756834030151,-1.5275640487670898,0.0,1.0
99328,97,5,201.7764742698783,205.0,-0.004192691738717258,0.011071069160243497,-0.39510943964123724,0.004412962740752846,0.02236328125,0.4719641968607903,0.30069701876491306,9.337442398071289,13.642739295959473,36.521514892578125,51.25113296508789,27.18406867980957,57.8042106628418,0.9291408041749885,0.7802776098251343,0.9585297107696533,0.425,0.225,69.95908899652845,58.59124691791211,99328.0001,0.0,0.052209217101335526,0.215575709939003,0.0,0.22107619047164917,0.2281901240348816,0.24222645163536072,-1.5649129152297974,-1.5514215230941772,-1.5248048305511475,0.0,1.0
100352,98,4,219.49547073481813,220.5,-0.004278992157196626,0.011413676431402564,-0.3984260231256485,0.004406331667269114,0.0543212890625,0.5846340514719486,0.15074154753237962,0.30011069774627686,13.409337997436523,50.3116455078125,53.139991760253906,50.01153564453125,56.2974967956543,0.9363246017973785,1.0996366739273071,0.48876792192459106,0.525,0.0,69.75860486618886,58.571477426172095,100352.0001,0.0,0.05562511086463928,0.21790948510169983,0.0,0.22082167863845825,0.2279399186372757,0.24082791805267334,-1.56539785861969,-1.5519076585769653,-1.527444839477539,0.0,1.0
101376,99,8,209.01651331630882,216.5,-0.003894566558301449,0.016296771611087023,-0.4007279135286808,0.00214750236045802,0.0290771484375,0.5573843318969012,0.11834713248535991,-1.363853931427002,14.072710990905762,55.32688903808594,56.02337646484375,56.69074630737305,55.2891960144043,0.9369018062232617,1.1979769468307495,0.27092453837394714,0.525,0.0,69.61282997640099,58.564076107697915,101376.0001,0.0,0.05383167788386345,0.21779665350914001,0.0,0.2190077304840088,0.22716158628463745,0.24128016829490662,-1.5688557624816895,-1.553362488746643,-1.5265908241271973,0.0,1.0
102400,100,4,132.70729014028313,160.75,-0.005449637532001362,0.009465631260536612,-0.4037042625248432,0.0064273666081135165,0.050146484375,0.5644043155014515,0.09181541297584772,-2.7806148529052734,11.282193183898926,47.31830596923828,46.15346145629883,50.098915100097656,46.60041809082031,0.9402444181278327,1.0324076414108276,0.23525714874267578,0.575,0.0,69.38988471067493,58.49509103242357,102400.0001,0.0,0.06301602721214294,0.2128996104001999,0.0,0.21810345351696014,0.22729317843914032,0.2410421222448349,-1.5705806016921997,-1.5531374216079712,-1.5270403623580933,0.0,1.0
103424,101,5,192.87563235470904,209.8,-0.00409589980263263,0.005188421165803448,-0.4032242834568024,0.005766869788931217,0.0503173828125,0.593594242632389,0.10306811416521669,2.905562400817871,9.094276428222656,61.88026428222656,50.68742370605469,58.97469711303711,51.56010818481445,0.9678088999793617,1.230918288230896,0.34760957956314087,0.575,0.0,69.31553200187906,58.427633051636185,103424.0001,0.0,0.04259747266769409,0.2137133628129959,0.0,0.21735966205596924,0.22691647708415985,0.24153713881969452,-1.5719997882843018,-1.553834319114685,-1.5261057615280151,0.0,1.0
104448,102,5,213.27072320957822,212.4,-0.0033594702603295446,0.009452983358642086,-0.4065047547221184,0.0049620973892160695,0.0303466796875,0.48670115098357203,0.11708768447861076,2.2321810722351074,12.357892990112305,43.741432189941406,57.87097930908203,41.509254455566406,58.6508903503418,0.9543997491580986,0.8489595055580139,0.39776214957237244,0.375,0.0,69.06480555199423,58.47651543626658,104448.0001,0.0,0.043522726744413376,0.21436023712158203,0.0,0.21709418296813965,0.226288840174675,0.24077235162258148,-1.5725065469741821,-1.5550509691238403,-1.5275497436523438,0.0,1.0
105472,103,3,232.4311331417554,240.33333333333334,-0.004061193950474262,0.004853860929142684,-0.41007853448390963,0.00339981294964673,0.0341796875,0.5566889438778162,0.07351185632869602,-2.1924245357513428,7.348817348480225,65.72480773925781,52.120357513427734,67.91724395751953,53.17299270629883,0.9801198287009918,0.9910165071487427,0.22210247814655304,0.625,0.0,69.03237845954791,58.419047830027026,105472.0001,0.0,0.03848313167691231,0.22163091599941254,0.0,0.21695907413959503,0.22551023960113525,0.23976947367191315,-1.5727643966674805,-1.5565056800842285,-1.5294439792633057,0.0,1.0
106496,104,6,190.9350148426381,198.16666666666666,-0.0040426252235192806,0.0039005622209515424,-0.41713963001966475,0.0068948869229643606,0.0376953125,0.543025141209364,0.06875335862860084,-0.5288997888565063,8.322920799255371,61.68495559692383,54.3475227355957,62.2138557434082,54.77235412597656,0.9765473473842371,1.2401940822601318,0.17653924226760864,0.525,0.0,68.96173016418359,58.38565330219726,106496.0001,0.0,0.03161981329321861,0.21578790247440338,0.0,0.21486292779445648,0.22392815351486206,0.23900771141052246,-1.5767672061920166,-1.5595475435256958,-1.5308834314346313,0.0,1.0
107520,105,5,210.36221786471634,240.2,-0.005870682786917314,0.00833157921442762,-0.42226756885647776,0.005671132012503221,0.0612060546875,0.5871881131082773,0.1064039496704936,1.663783073425293,10.987025260925293,43.470008850097656,41.578285217285156,41.80622482299805,40.402244567871094,0.9301724111049523,1.0688612461090088,0.2955831289291382,0.6,0.0,68.7189518688254,58.301056278309844,107520.0001,0.0,0.022774064913392067,0.21426129341125488,0.0,0.21491308510303497,0.22406286001205444,0.24014821648597717,-1.5766713619232178,-1.559278964996338,-1.5287284851074219,0.0,1.0
108544,106,7,160.64982922260444,183.42857142857142,-0.004392534616636112,0.014920023491140456,-0.4191488899290562,0.0008657101556309499,0.03515625,0.4989182651042938,0.21769718630239368,-7.411543369293213,16.185279846191406,53.18173599243164,58.12540054321289,60.59328079223633,58.19881820678711,0.9224630830531345,0.8467735648155212,0.6745771765708923,0.45,0.05,68.57237436211564,58.318746138408535,108544.0001,0.0,0.01913672499358654,0.22032120823860168,0.0,0.21600863337516785,0.22466802597045898,0.24113082885742188,-1.574578881263733,-1.5581308603286743,-1.5268728733062744,0.0,1.0
109568,107,3,135.25088308295284,171.33333333333334,-0.0026586753665469587,0.005564083711942658,-0.41494797766208646,0.0035485058295307683,0.0197021484375,0.4928185913711786,0.07724758912809193,1.1063148975372314,7.890397071838379,54.68416213989258,47.78511428833008,53.577850341796875,48.610538482666016,0.9727345604309624,0.7840731143951416,0.21251870691776276,0.425,0.0,68.44257799089341,58.24445493656141,109568.0001,0.0,0.034614961594343185,0.21448485553264618,0.0,0.21549540758132935,0.2256668359041214,0.24314415454864502,-1.5755590200424194,-1.5562490224838257,-1.5230733156204224,0.0,1.0
110592,108,2,149.14537871384215,184.0,-0.004947116714902222,0.01082241699914448,-0.41240573674440384,0.004245322089991533,0.0357666015625,0.5993447043001652,0.31099905972369013,9.709127426147461,13.256304740905762,30.181617736816406,35.75244140625,20.472492218017578,42.38261795043945,0.8625219023219935,1.1280094385147095,1.2217696905136108,0.675,0.2,68.08830986186506,58.19166545729863,110592.0001,0.0,0.03779486194252968,0.2180575132369995,0.0,0.21522873640060425,0.2251804918050766,0.241376593708992,-1.57606840133667,-1.5571479797363281,-1.5264089107513428,0.0,1.0
111616,109,7,270.81971322376404,273.0,-0.004068500263383612,0.00530620981589891,-0.4164654821157455,0.004829595772025641,0.03134765625,0.5611412778496743,0.12523636193946003,1.6216175556182861,9.947924613952637,61.57856750488281,60.588523864746094,59.956947326660156,64.09130096435547,0.9730422127455514,0.9818079471588135,0.4477294087409973,0.6,0.0,68.02858745190959,58.21741199800245,111616.0001,0.0,0.0277410838752985,0.21486139297485352,0.0,0.21240290999412537,0.22455216944217682,0.24056518077850342,-1.5814692974090576,-1.558347225189209,-1.5279409885406494,0.0,1.0
112640,110,5,174.58246278824637,185.8,-0.0028901523095555604,0.015515416697598993,-0.4193122424185276,0.002080706953711342,0.0205322265625,0.4762032523751259,0.09894014233723283,-0.9191701412200928,14.562067985534668,43.396114349365234,51.398712158203125,44.315284729003906,51.49473190307617,0.9197321439103431,0.8667953014373779,0.24724532663822174,0.425,0.0,67.8046558691907,58.205996258247694,112640.0001,0.0,0.024756833910942078,0.21668943762779236,0.0,0.21128153800964355,0.22420066595077515,0.24012960493564606,-1.5836143493652344,-1.559036374092102,-1.5287636518478394,0.0,1.0
113664,111,5,191.7926485805162,207.8,-0.004026055205031298,0.005305137479444966,-0.4221835732460022,0.0034183044626843184,0.0279541015625,0.49941982999444007,0.09427689826115966,-1.1165411472320557,8.809537887573242,53.11001968383789,49.998748779296875,54.226558685302734,51.568607330322266,0.9689552620125989,0.9202289581298828,0.2820710241794586,0.35,0.0,67.67227176044706,58.15380675218534,113664.0001,0.0,0.04039151594042778,0.22403950989246368,0.0,0.21175025403499603,0.223388209939003,0.23977886140346527,-1.5827176570892334,-1.5605767965316772,-1.5294263362884521,0.0,1.0
114688,112,4,205.34142498153128,210.5,-0.0029535508598200976,0.006223519303603098,-0.42775609269738196,0.00208294227195438,0.0281005859375,0.5444755285978318,0.1029722886160016,2.2033531665802,9.164133071899414,43.735103607177734,47.73536682128906,41.5317497253418,49.67134475708008,0.9631445042543981,1.0129692554473877,0.4205765426158905,0.575,0.0,67.45854703784723,58.11269677585176,114688.0001,0.0,0.03141820430755615,0.22316838800907135,0.0,0.20969703793525696,0.22230203449726105,0.2402556985616684,-1.5866470336914062,-1.562656283378601,-1.528525471687317,0.0,1.0
115712,113,6,179.025719238576,202.5,-0.005714761803392321,0.005071136626065708,-0.4340988799929619,0.004252325574634596,0.0504150390625,0.6414100002497435,0.114631192618981,0.9739821553230286,9.803256034851074,62.56105041503906,56.770538330078125,61.587066650390625,60.27464294433594,0.9701808889293816,1.1617201566696167,0.3484209179878235,0.65,0.0,67.41520634044676,58.10276571339233,115712.0001,0.0,0.027773603796958923,0.22269177436828613,0.0,0.20691484212875366,0.22116832435131073,0.23936225473880768,-1.5919767618179321,-1.5648120641708374,-1.530213475227356,0.0,1.0
116736,114,6,162.7613333970814,180.16666666666666,-0.0035956497769802807,0.014077372336760163,-0.4344763860106468,0.003560133960854728,0.0240966796875,0.5274804636836052,0.16316620875149965,-3.38321590423584,16.655935287475586,48.416996002197266,56.782291412353516,51.800209045410156,56.995723724365234,0.9139576546291308,0.9985964894294739,0.4733232259750366,0.45,0.0,67.24855535329941,58.118318606703085,116736.0001,0.0,0.025873949751257896,0.21802739799022675,0.0,0.20953862369060516,0.222762331366539,0.24010151624679565,-1.5869503021240234,-1.5617613792419434,-1.5288166999816895,0.0,1.0
117760,115,4,219.762775653024,203.75,-0.004163249960402027,0.00879752094624564,-0.42686761170625687,0.0036908675101585686,0.035302734375,0.5152537606656551,0.12627772288396955,-4.034208297729492,12.16564655303955,53.1967887878418,47.46297073364258,57.23099899291992,46.920555114746094,0.934300731491818,0.9982545971870422,0.35438209772109985,0.5,0.0,67.12636608003548,58.04875835528047,117760.0001,0.0,0.03401324525475502,0.21858005225658417,0.0,0.21160423755645752,0.22301173210144043,0.23945163190364838,-1.5829969644546509,-1.5612730979919434,-1.5300445556640625,0.0,1.0
118784,116,7,179.65784678906226,190.14285714285714,-0.00479391856933944,0.005929574015317485,-0.42818060964345933,0.002956317056668922,0.021630859375,0.5945839114487171,0.14319676156155764,-1.383234977722168,11.349591255187988,63.9124755859375,59.2886962890625,65.29571533203125,62.19169998168945,0.9633548324163529,0.9574934244155884,0.49676746129989624,0.7,0.0,67.09866013191815,58.060320830546395,118784.0001,0.0,0.013653961010277271,0.2210918366909027,0.0,0.20948296785354614,0.22230595350265503,0.23977378010749817,-1.5870568752288818,-1.562648892402649,-1.5294358730316162,0.0,1.0
119808,117,7,150.0650456749727,178.57142857142858,-0.003999097133055329,0.01826845956966281,-0.43617108166217805,0.0034622258026502095,0.04365234375,0.5467718243598938,0.20305686853826047,-7.153464317321777,19.242338180541992,54.50141143798828,54.03523635864258,61.65487289428711,56.1869010925293,0.8731876409495265,1.1684825420379639,0.5798335075378418,0.525,0.075,66.99099133795822,58.03868738893239,119808.0001,0.0,0.012468870729207993,0.22112706303596497,0.0,0.20819561183452606,0.2205115109682083,0.23640617728233337,-1.5895224809646606,-1.566051959991455,-1.5358033180236816,0.0,1.0
120832,118,6,128.29670316515634,157.0,-0.004211909574223682,0.009586254227906465,-0.439776049554348,0.002487564731563907,0.026318359375,0.537821538001299,0.128530790284276,-7.12286901473999,10.847162246704102,51.553138732910156,50.57557678222656,58.67601013183594,47.608299255371094,0.9540007655732817,0.921438455581665,0.3857561945915222,0.6,0.0,66.86016209718854,57.99674426036496,120832.0001,0.0,0.021421991288661957,0.22190697491168976,0.0,0.21017490327358246,0.22122018039226532,0.23632733523845673,-1.5857322216033936,-1.5646843910217285,-1.5359524488449097,0.0,1.0
121856,119,4,142.372985781391,160.75,-0.0029422180843539534,0.0060829496593214575,-0.4407976843416691,0.0013487540956703015,0.0260009765625,0.5512259304523468,0.09909685407765209,-0.05772387981414795,10.02847671508789,54.04123306274414,49.13983917236328,54.098960876464844,50.666900634765625,0.9583511970689987,1.090680480003357,0.27301695942878723,0.525,0.0,66.75244001070585,57.93977635282955,121856.0001,0.0,0.02030750922858715,0.2194332480430603,0.0,0.21044033765792847,0.21958889067173004,0.23568667471408844,-1.5852241516113281,-1.5677915811538696,-1.5371649265289307,0.0,1.0
122880,120,7,173.6164168355649,185.0,-0.004918043175712228,0.007354922260856256,-0.44996679574251175,0.005070120538584888,0.057666015625,0.5796816378831864,0.08987310519441963,-1.5050559043884277,11.151650428771973,60.042686462402344,53.90571212768555,61.5477409362793,54.24665069580078,0.957203454232469,1.0607725381851196,0.2575846016407013,0.5,0.0,66.6965253783415,57.91053269201342,122880.0001,0.0,0.03177485242486,0.2160700410604477,0.0,0.20971788465976715,0.21856242418289185,0.2359442114830017,-1.5866070985794067,-1.5697723627090454,-1.5366774797439575,0.0,1.0
123904,121,3,197.87480667203158,211.33333333333334,-0.005224860773887485,0.010813667648471892,-0.45479207634925845,0.006136057715048082,0.059033203125,0.5837962105870247,0.15318923983722926,3.6139330863952637,12.25886344909668,30.55677604675293,41.14495849609375,26.942840576171875,43.04502487182617,0.9112298196977389,1.0999170541763306,0.5161957144737244,0.6,0.025,66.39784975631574,57.88445107297183,123904.0001,0.0,0.04011637344956398,0.2210334837436676,0.0,0.20701216161251068,0.21766822040081024,0.23639681935310364,-1.5917901992797852,-1.5714850425720215,-1.5358209609985352,0.0,1.0
124928,122,6,175.00200662500777,196.16666666666666,-0.0047906887368299065,0.01661170810693875,-0.4622397817671299,0.0020935171109158547,0.035791015625,0.5531512685120106,0.2829470619559288,7.852727890014648,15.233844757080078,40.32514572143555,44.187721252441406,32.472415924072266,48.362396240234375,0.8811454207236391,1.0173834562301636,0.8743917346000671,0.55,0.15,66.18413906630222,57.83317863531204,124928.0001,0.0,0.05395982787013054,0.2245311290025711,0.0,0.20440435409545898,0.21582071483135223,0.23498043417930603,-1.5967912673950195,-1.5750082731246948,-1.5385019779205322,0.0,1.0
125952,123,4,234.1301678783851,226.5,-0.006863751611672342,0.012301339639816434,-0.4707834623754025,0.006467874502413906,0.06591796875,0.6304770156741142,0.10706842942163348,0.9085836410522461,13.293537139892578,48.41799545288086,45.6723518371582,47.5094108581543,42.64130401611328,0.9152822562158913,1.1990529298782349,0.26081493496894836,0.7,0.0,66.03969888434926,57.766672004531316,125952.0001,0.0,0.046186137944459915,0.22343304753303528,0.0,0.20309153199195862,0.21516185998916626,0.23432308435440063,-1.5993108749389648,-1.5762900114059448,-1.539746880531311,0.0,1.0
126976,124,5,191.56785966659686,200.2,-0.005224090395495295,0.007761219085659831,-0.47157973796129227,0.005928604540531524,0.0625,0.5365006502717733,0.11593390824273228,1.5621592998504639,12.337652206420898,65.11566925048828,46.182273864746094,63.55351257324219,44.73170852661133,0.9286302132918318,0.9847474694252014,0.3022904396057129,0.575,0.0,66.03224701745908,57.682614773581186,126976.0001,0.0,0.02341729961335659,0.21993348002433777,0.0,0.2041199654340744,0.21541191637516022,0.23485669493675232,-1.5973368883132935,-1.5758037567138672,-1.538736343383789,0.0,1.0
128000,125,5,140.8759822689919,168.0,-0.00428777911583893,0.013473041285760701,-0.4706838816404343,0.0006975469543249347,0.041796875,0.5560080274939537,0.12741081016138195,2.607743263244629,13.81157112121582,45.71567916870117,46.462249755859375,43.107933044433594,46.197689056396484,0.9116338990606155,0.9213919043540955,0.3614836633205414,0.65,0.0,65.86971446580641,57.629952166284134,128000.0001,0.0,0.034434955567121506,0.22619055211544037,0.0,0.2063715010881424,0.21522516012191772,0.2323998361825943,-1.5930182933807373,-1.576141357421875,-1.5433913469314575,0.0,1.0
129024,126,7,211.94376568812314,206.85714285714286,-0.004436232277657837,0.006615469051757828,-0.47302637472748754,0.0037127051124116405,0.036669921875,0.5536146581172943,0.07996030244976282,2.9040868282318115,9.428604125976562,59.68878173828125,49.29237365722656,56.784698486328125,46.5442008972168,0.9634122759911161,0.9354929327964783,0.17555542290210724,0.575,0.0,65.82065946062767,57.571147300043876,129024.0001,0.0,0.02526206523180008,0.21675822138786316,0.0,0.20574530959129333,0.21479393541812897,0.2311953753232956,-1.5942189693450928,-1.5769373178482056,-1.545675277709961,0.0,1.0
130048,127,5,188.31697338251155,211.6,-0.003357442037668079,0.009413367975503207,-0.4781074360013008,0.003927697757899295,0.0359130859375,0.5125671293586492,0.09963456494733691,3.5464038848876953,10.997069358825684,48.27473068237305,52.54191589355469,44.72832489013672,49.816463470458984,0.9561931406613274,1.0022519826889038,0.28546586632728577,0.475,0.0,65.68250252704675,57.55416145400645,130048.0001,0.0,0.03132316470146179,0.21970313787460327,0.0,0.20301973819732666,0.21319033205509186,0.22970561683177948,-1.5994486808776855,-1.5800271034240723,-1.548501968383789,0.0,1.0
131072,128,4,237.07992242985932,226.5,-0.0047531164600513875,0.0056238453893456605,-0.48582387939095495,0.00617396550369449,0.0629150390625,0.6354059901088476,0.06977419871836901,-0.20750433206558228,8.381332397460938,74.62384033203125,51.625057220458984,74.83134460449219,50.145938873291016,0.9736424496458927,1.224405288696289,0.19956432282924652,0.675,0.0,65.7523567408367,57.5155970747478,131072.0001,0.0,0.031467873603105545,0.2156497836112976,0.0,0.20198523998260498,0.21256549656391144,0.2292071282863617,-1.6014350652694702,-1.5812106132507324,-1.5494482517242432,0.0,1.0
132096,129,7,187.52810076003146,191.42857142857142,-0.004035175958415493,0.01229510580888018,-0.4882920071482658,0.00376590551022673,0.037744140625,0.6087727829813957,0.09873563367873431,-1.8447967767715454,13.524097442626953,60.10796356201172,61.237117767333984,61.9527587890625,59.32389831542969,0.951226141382134,1.3964604139328003,0.20679506659507751,0.65,0.0,65.70860175288341,57.547500870795105,132096.0001,0.0,0.030885184183716774,0.22046126425266266,0.0,0.20145314931869507,0.21192054450511932,0.22981077432632446,-1.602457046508789,-1.5824421644210815,-1.548302412033081,0.0,1.0
133120,130,5,172.2503446990524,176.6,-0.005278887937311083,0.012164519052021205,-0.4870835281908512,0.007120816865062806,0.054541015625,0.5018277764320374,0.17863699179142714,-4.238702297210693,16.06207275390625,60.86019515991211,56.04505920410156,65.09889221191406,55.559715270996094,0.9178649582075198,0.9146730303764343,0.5471026301383972,0.475,0.025,65.67130629517048,57.53765265002824,133120.0001,0.0,0.03852930665016174,0.2136886566877365,0.0,0.2027161866426468,0.21361707150936127,0.23269614577293396,-1.6000313758850098,-1.5792325735092163,-1.5428296327590942,0.0,1.0
134144,131,3,188.9474528853748,199.0,-0.005398604099173099,0.009837156045250595,-0.47913928851485255,0.006020814082876314,0.040771484375,0.5256999030709266,0.14437691634520888,4.974440097808838,11.826391220092773,55.037635803222656,49.118831634521484,50.06319808959961,50.119258880615234,0.942029316790577,0.9475704431533813,0.4532272219657898,0.425,0.0,65.59013325083113,57.48550847322195,134144.0001,0.0,0.04934262856841087,0.2125178873538971,0.0,0.20396308600902557,0.21395491063594818,0.23143014311790466,-1.5976378917694092,-1.578550934791565,-1.5452300310134888,0.0,1.0
135168,132,3,245.19828189048658,227.33333333333334,-0.004608717397786677,0.007388877344783396,-0.4781371861696243,0.00320382050704211,0.0299072265625,0.6069423578679561,0.19870923990383743,5.966892719268799,10.266264915466309,53.61437225341797,47.23774719238281,47.64747619628906,50.66754150390625,0.9527668846984145,1.0968286991119385,0.7388750910758972,0.625,0.075,65.4994077663179,57.42413967525686,135168.0001,0.0,0.0389130637049675,0.2152104675769806,0.0,0.20305097103118896,0.21418482065200806,0.23154203593730927,-1.5993887186050415,-1.5781480073928833,-1.5450178384780884,0.0,1.0
136192,133,7,243.1485662104981,248.42857142857142,-0.0044062815955840055,0.010225742787588388,-0.4766839310526848,0.0056144049638533035,0.0356201171875,0.518409775197506,0.11361933005973697,0.922049880027771,12.090758323669434,75.43260192871094,58.35820007324219,74.51055908203125,54.43663787841797,0.9570756905382529,1.1231517791748047,0.2757020592689514,0.425,0.0,65.57409345192228,57.43762919615691,136192.0001,0.0,0.028476545587182045,0.21540169417858124,0.0,0.20151057839393616,0.2145494669675827,0.23267607390880585,-1.6023467779159546,-1.577424168586731,-1.542867660522461,0.0,1.0
137216,134,3,188.10888411167798,203.33333333333334,-0.004178501944988966,0.011576284852344543,-0.47604588866233827,0.002567151476978324,0.027001953125,0.5255613408982753,0.11595883313566446,-0.5110310316085815,14.67166519165039,51.154659271240234,53.95159912109375,51.66569519042969,53.69086456298828,0.9260479652974037,0.7711775302886963,0.3260258138179779,0.55,0.0,65.46648574959386,57.42580869433231,137216.0001,0.0,0.04765431955456734,0.21939414739608765,0.0,0.20299109816551208,0.21420013904571533,0.22903546690940857,-1.5995036363601685,-1.5780667066574097,-1.549774169921875,0.0,1.0
138240,135,7,216.19511683238923,226.28571428571428,-0.004277723433915526,0.028660151758231223,-0.47844221666455267,0.0055608286085771395,0.0441162109375,0.5913418814539909,0.2564889853820205,-9.250374794006348,22.77199363708496,75.94474792480469,67.51543426513672,85.19512176513672,69.80339050292969,0.8862383181145336,1.0544450283050537,0.7906497716903687,0.575,0.1,65.5441025017828,57.514073239555294,138240.0001,0.0,0.04166371002793312,0.2246139943599701,0.0,0.2023792415857315,0.21381108462810516,0.22827152907848358,-1.6006784439086914,-1.5788241624832153,-1.551224946975708,0.0,1.0
139264,136,5,121.8567107365116,149.2,-0.0040130875393515454,0.010850173147628085,-0.48148998245596886,0.00452657110436121,0.0499755859375,0.6518795199692249,0.19325783057138324,-8.581890106201172,12.581681251525879,70.474365234375,61.7890625,79.05625915527344,59.2535514831543,0.958537623442302,1.175742268562317,0.5752895474433899,0.65,0.05,65.5803544351891,57.54820745318508,139264.0001,0.0,0.05392549932003021,0.22079911828041077,0.0,0.2023545354604721,0.21310491859912872,0.2295510470867157,-1.6007258892059326,-1.5801860094070435,-1.548795461654663,0.0,1.0
140288,137,5,167.79619694789085,185.6,-0.00412606488680467,0.006220020100590773,-0.4858894519507885,0.002292113368457649,0.025830078125,0.5091941926628352,0.12628318816423417,-5.060079574584961,10.766166687011719,67.72429656982422,51.115901947021484,72.78437805175781,52.54752731323242,0.9556381014966144,0.8934783339500427,0.4006718397140503,0.5,0.0,65.59600362594047,57.50415277217975,140288.0001,0.0,0.044425416737794876,0.2198256552219391,0.0,0.202630877494812,0.2123214453458786,0.2287970930337906,-1.6001951694488525,-1.5816737413406372,-1.5502268075942993,0.0,1.0
141312,138,7,204.82032431388055,212.71428571428572,-0.005300086853094399,0.012609937222441659,-0.4923649005591869,0.002520919684320688,0.0405517578125,0.5971546646207571,0.2801361042074859,2.7150678634643555,17.149784088134766,46.063446044921875,60.1026725769043,43.3483772277832,64.59368133544922,0.9185802459589278,1.2675135135650635,0.9516360759735107,0.675,0.15,65.45446335009541,57.54725633623995,141312.0001,0.0,0.05273541808128357,0.22276520729064941,0.0,0.20255999267101288,0.21085773408412933,0.2261776328086853,-1.6003313064575195,-1.5844626426696777,-1.5552036762237549,0.0,1.0
142336,139,5,185.26653703362842,195.2,-0.00504478991497308,0.00959213386522606,-0.4991163067519665,0.006672945490572601,0.0495849609375,0.5568411558866501,0.14047598000615835,-5.15625,13.542163848876953,51.93244171142578,47.20280456542969,57.088687896728516,47.72858810424805,0.9176922906999974,0.9724384546279907,0.36817845702171326,0.525,0.0,65.35718260983431,57.49084385947152,142336.0001,0.0,0.032249387353658676,0.22121843695640564,0.0,0.20273466408252716,0.2102293223142624,0.2249927520751953,-1.5999959707260132,-1.5856770277023315,-1.5574568510055542,0.0,1.0
143360,140,5,154.98483579119033,182.8,-0.007276411406928673,0.0030744029121706263,-0.4974764034152031,0.009297492529731244,0.08193359375,0.6362367145717144,0.06373316738754511,-3.1000022888183594,6.1874098777771,60.160858154296875,54.31217956542969,63.26085662841797,53.47148895263672,0.987021534413273,1.152089238166809,0.1549273133277893,0.675,0.0,65.32006600874175,57.47042857601226,143360.0001,0.0,0.018554039299488068,0.21211804449558258,0.0,0.20444615185260773,0.21142536401748657,0.22421231865882874,-1.5967110395431519,-1.583377718925476,-1.5589416027069092,0.0,1.0
144384,141,5,167.65247532757684,191.0,-0.003209042246453464,0.00680626361281611,-0.4946085296571255,0.0037726807306171393,0.0439453125,0.6069813199341297,0.11376190786249936,-0.2816922664642334,10.552791595458984,41.89674758911133,45.49794387817383,42.178436279296875,48.661067962646484,0.9462038532646916,1.3567008972167969,0.34177300333976746,0.625,0.0,65.15394317182816,57.427959574629966,144384.0001,0.0,0.03925889730453491,0.2098485380411148,0.0,0.2043229639530182,0.21048134565353394,0.22232627868652344,-1.596947431564331,-1.5851606130599976,-1.5625317096710205,0.0,1.0
145408,142,5,155.76457785436006,175.0,-0.004913671535905451,0.007554050342878327,-0.498202982544899,0.004424229240976274,0.038671875,0.5840128235518932,0.12535324972122908,2.8172683715820312,11.278935432434082,55.29557800292969,52.96381378173828,52.478309631347656,55.107139587402344,0.954649949315341,1.4228135347366333,0.4075031876564026,0.6,0.0,65.08451808091468,57.40365563765319,145408.0001,0.0,0.04112177714705467,0.21992172300815582,0.0,0.20501528680324554,0.2110268920660019,0.2217765897512436,-1.5956192016601562,-1.5841037034988403,-1.5635786056518555,0.0,1.0
146432,143,7,194.2764580991122,201.42857142857142,-0.0038023127912310884,0.00878754883306101,-0.49458946511149404,0.004655839239421766,0.039306640625,0.5890394382178783,0.12984030023217202,-1.0487563610076904,11.848640441894531,37.87311935424805,44.79477310180664,38.921875,44.92756652832031,0.9300347513154397,1.0475871562957764,0.33586186170578003,0.65,0.0,64.89422858538624,57.369942201436366,146432.0001,0.0,0.04628646746277809,0.2203853577375412,0.0,0.2039632946252823,0.21123702824115753,0.22230912744998932,-1.5976375341415405,-1.5837301015853882,-1.5625643730163574,0.0,1.0
147456,144,5,179.87636411802322,195.2,-0.0027469089138321577,0.00786460175877437,-0.4938396744430065,0.0039614229346625505,0.0251220703125,0.5486508011817932,0.1455084361601621,4.670387268066406,11.577486038208008,34.08568572998047,36.20553970336914,29.41529655456543,37.1409912109375,0.8977464392674417,0.9375577569007874,0.5605557560920715,0.575,0.025,64.68028034885906,57.307090925575906,147456.0001,0.0,0.028069743886590004,0.22167468070983887,0.0,0.20240943133831024,0.21147698163986206,0.22065719962120056,-1.6006205081939697,-1.5832680463790894,-1.565711259841919,0.0,1.0
148480,145,4,205.94531362901822,218.75,-0.00420700847171247,0.005996676947688684,-0.4941654898226261,0.005006626289105043,0.0471923828125,0.5635450638830661,0.0864753492642194,1.082233190536499,8.639171600341797,60.26652526855469,54.96895980834961,59.184288024902344,56.57048416137695,0.9752993037675898,1.1990761756896973,0.23669669032096863,0.55,0.0,64.6498406443025,57.292457120802894,148480.0001,0.0,0.027141151949763298,0.21880871057510376,0.0,0.20039968192577362,0.21085412800312042,0.2193201631307602,-1.6044812202453613,-1.5844701528549194,-1.5682599544525146,0.0,1.0
149504,146,6,150.06626240395806,170.33333333333334,-0.006157664698548615,0.009916164726018906,-0.49748944118618965,0.006262528570368886,0.0483642578125,0.5429310522973537,0.11072749104350806,-2.674866199493408,13.011573791503906,57.39504623413086,50.736907958984375,60.069915771484375,49.146488189697266,0.9342324578229847,1.173749566078186,0.3330056965351105,0.475,0.0,64.6001502896184,57.253236056013385,149504.0001,0.0,0.032124608755111694,0.21755829453468323,0.0,0.20053920149803162,0.21056079864501953,0.21841779351234436,-1.6042131185531616,-1.5850142240524292,-1.5699809789657593,0.0,1.0
150528,147,7,156.81314755567178,180.57142857142858,-0.005781558295711875,0.007618596160318703,-0.4998868368566036,0.0042747755200252865,0.04248046875,0.5650870233774186,0.11978388922289014,-0.3165836036205292,12.09990406036377,38.061859130859375,53.450706481933594,38.378440856933594,54.58279800415039,0.948754355624573,1.075714349746704,0.35187119245529175,0.575,0.0,64.41961770302092,57.2697811653678,150528.0001,0.0,0.03273501619696617,0.22512935101985931,0.0,0.19833102822303772,0.2100483775138855,0.21859627962112427,-1.6084582805633545,-1.5859946012496948,-1.5696405172348022,0.0,1.0
151552,148,5,142.02452998777954,167.0,-0.004589179484173656,0.010503786616027355,-0.5002867974340915,0.006582832694402896,0.03828125,0.5455011852085591,0.15957520017400384,-6.890658378601074,12.673498153686523,59.476356506347656,51.01832580566406,66.36701202392578,49.34541320800781,0.938292120021646,1.0554386377334595,0.4421465992927551,0.55,0.0,64.38621728549548,57.2312657913979,151552.0001,0.0,0.03835691884160042,0.22321109473705292,0.0,0.19657307863235474,0.21053214371204376,0.22171199321746826,-1.6118406057357788,-1.5850834846496582,-1.5637016296386719,0.0,1.0
152576,149,5,141.60058208800052,172.8,-0.004196982481516898,0.005201005371054635,-0.4979370780289173,0.00479512321180664,0.032666015625,0.5746132679283619,0.09414155380800367,-0.23147805035114288,8.763696670532227,51.808658599853516,52.992549896240234,52.040138244628906,54.766300201416016,0.9726507715548253,1.3370180130004883,0.2629181742668152,0.575,0.0,64.3018041479977,57.21308196594607,152576.0001,0.0,0.030949363484978676,0.22352160513401031,0.0,0.1955908089876175,0.21052445471286774,0.22187183797359467,-1.6137315034866333,-1.5851212739944458,-1.5633971691131592,0.0,1.0
153600,150,8,163.76588942842454,170.5,-0.00401173623977229,0.01300463278312236,-0.49958236441016196,0.004010448008193635,0.0389892578125,0.5430048529058695,0.2093184506520629,-5.2272257804870605,17.259994506835938,55.997833251953125,53.993202209472656,61.225059509277344,56.38444137573242,0.8978112372600398,0.9614425301551819,0.6402068734169006,0.45,0.05,64.24644433877876,57.19620835500344,153600.0001,0.0,0.04284799098968506,0.22221793234348297,0.0,0.19572080671787262,0.21003437042236328,0.22120356559753418,-1.6134812831878662,-1.5860648155212402,-1.564670205116272,0.0,1.0
154624,151,7,144.98937701206282,162.14285714285714,-0.004537604667712003,0.009478437004145236,-0.5062919273972512,0.003147751597862225,0.04365234375,0.5953105013817549,0.1398822977207601,-3.777797222137451,13.971539497375488,49.26660919189453,57.1485595703125,53.044410705566406,57.78041076660156,0.9402307345024948,1.146491527557373,0.4302592873573303,0.675,0.0,64.14724013622653,57.208796445677095,154624.0001,0.0,0.04663575813174248,0.2264227420091629,0.0,0.19433145225048065,0.20809733867645264,0.2187059074640274,-1.616156816482544,-1.5897279977798462,-1.5694314241409302,0.0,1.0
155648,152,3,186.05703133623808,174.33333333333334,-0.004866960668005049,0.010048415325582028,-0.5168443933129311,0.004934247137862257,0.0437744140625,0.6106902830302715,0.19770315843634306,-3.59712553024292,15.070972442626953,43.383819580078125,45.75157928466797,46.98094177246094,48.764442443847656,0.8914898495146503,0.9677538275718689,0.703930139541626,0.7,0.075,64.01063866773433,57.16557757048983,155648.0001,0.0,0.03042629361152649,0.22753912210464478,0.0,0.19394104182720184,0.20662599802017212,0.21728754043579102,-1.6169090270996094,-1.592557430267334,-1.572137475013733,0.0,1.0
156672,153,7,141.88242487604515,166.28571428571428,-0.003273628102033399,0.0034223065100377425,-0.5249007016420364,0.002357929629215505,0.025634765625,0.5837010927498341,0.11457597007974982,-1.2447023391723633,9.8424072265625,65.32451629638672,48.59343719482422,66.5692138671875,48.402557373046875,0.9589751117200171,1.0002477169036865,0.33336764574050903,0.65,0.0,64.01922611303705,57.11382584350005,156672.0001,0.0,0.01443435251712799,0.21757389605045319,0.0,0.19106842577457428,0.20519252121448517,0.21889355778694153,-1.6224465370178223,-1.595315933227539,-1.5690735578536987,0.0,1.0
157696,154,6,199.49527374158836,196.0,-0.005713193793781102,0.0036622379499021917,-0.5311474651098251,0.0016666714815073646,0.054345703125,0.6670200884342193,0.06535385679453612,2.551819324493408,6.155333995819092,50.12417984008789,53.300174713134766,47.572357177734375,52.72324752807617,0.9866633723479049,1.252516269683838,0.17963875830173492,0.725,0.0,63.928998537846205,57.100791496423746,157696.0001,0.0,0.0352170467376709,0.2323414832353592,0.0,0.18961989879608154,0.20445828139781952,0.2190745621919632,-1.6252410411834717,-1.596742033958435,-1.5687283277511597,0.0,1.0
158720,155,4,167.23052189249216,175.0,-0.004307238827459514,0.005705307645257562,-0.5315001040697098,0.003588895933353342,0.0331298828125,0.5905109755694866,0.09832008071243763,-1.1490964889526367,9.819536209106445,59.8271369934082,55.972633361816406,60.976234436035156,55.5763053894043,0.9692226996547915,1.0827488899230957,0.25972646474838257,0.625,0.0,63.90253491609359,57.09452897779118,158720.0001,0.0,0.04650521278381348,0.2235744595527649,0.0,0.19165268540382385,0.20547689497470856,0.22055776417255402,-1.6213197708129883,-1.594807744026184,-1.5659008026123047,0.0,1.0
159744,156,7,193.65935978941644,203.42857142857142,-0.004933066410012543,0.005517788045108318,-0.5257813587784768,0.005243331468955148,0.040087890625,0.6187151439487935,0.10274890386499465,-4.849703311920166,9.828781127929688,48.19465637207031,51.874755859375,53.04436111450195,52.86899185180664,0.9641005977105229,1.100472092628479,0.3268151581287384,0.65,0.0,63.801843378321,57.07635787183106,159744.0001,0.0,0.03144112229347229,0.23478980362415314,0.0,0.19294501841068268,0.20597343146800995,0.22247113287448883,-1.618828296661377,-1.5938377380371094,-1.562255859375,0.0,1.0
160768,157,6,119.10881447452931,161.0,-0.004437910707201809,0.0070928331813775005,-0.5266932070255279,0.006149033589463215,0.047607421875,0.6027158584445715,0.15352719030342996,-6.937983512878418,11.023353576660156,42.52239227294922,49.39850997924805,49.46037292480469,49.32621383666992,0.9502033871338953,1.3162518739700317,0.5191868543624878,0.65,0.025,63.66630548167599,57.05584488870626,160768.0001,0.0,0.018569517880678177,0.23564600944519043,0.0,0.19202376902103424,0.205134317278862,0.22336815297603607,-1.6206042766571045,-1.5954564809799194,-1.5605480670928955,0.0,1.0
161792,158,7,130.23969695920428,151.42857142857142,-0.00556564456783235,0.004629023902816698,-0.5335137501358986,0.004146490384300705,0.0701904296875,0.6553391560912132,0.076856172317639,-1.1374058723449707,8.54306697845459,48.81222152709961,51.932044982910156,49.94962692260742,51.6624755859375,0.9729381965836862,1.4161486625671387,0.2022085189819336,0.725,0.0,63.572292289951015,57.03702917220464,161792.0001,0.0,0.023140273988246918,0.22615082561969757,0.0,0.18997305631637573,0.2036149650812149,0.22332891821861267,-1.6245596408843994,-1.5983753204345703,-1.5606226921081543,0.0,1.0
162816,159,5,157.53587542313664,168.2,-0.004475057905074209,0.009043257846497,-0.5402573764324188,0.002937706746160984,0.0335205078125,0.5796877160668373,0.17657866105437278,0.8359518051147461,14.492310523986816,42.55964660644531,55.06828308105469,41.72369384765625,58.817604064941406,0.9307416416604457,1.1530301570892334,0.5896458029747009,0.6,0.05,63.440137267504525,57.04904962992329,162816.0001,0.0,0.03842396289110184,0.2306075394153595,0.0,0.1907334327697754,0.2031170278787613,0.22039873898029327,-1.6230926513671875,-1.5993422269821167,-1.5662038326263428,0.0,1.0
163840,160,5,137.15343740825062,156.0,-0.00248877233825624,0.00920612980844453,-0.5427022203803062,0.003125279361847788,0.0241943359375,0.535415456444025,0.17933151358738542,-1.5127880573272705,16.490436553955078,54.67662811279297,42.855079650878906,56.18941116333008,44.3623046875,0.8519325255360095,1.0199226140975952,0.7864458560943604,0.55,0.075,63.38536532108923,56.975506433909054,163840.0001,0.0,0.03306114301085472,0.23057587444782257,0.0,0.19011041522026062,0.20254744589328766,0.22007472813129425,-1.6242945194244385,-1.600434422492981,-1.5668214559555054,0.0,1.0
164864,161,8,160.0588658750455,179.5,-0.004416210413910449,0.005081567741581239,-0.5462780356407165,0.006426047041895799,0.045068359375,0.5308585278689861,0.07656436571851373,-2.2195472717285156,8.907491683959961,47.290496826171875,52.35560989379883,49.510047912597656,52.20022201538086,0.9710542760200496,1.0086350440979004,0.19592370092868805,0.525,0.0,63.285397199598535,56.96200537264555,164864.0001,0.0,0.04593293368816376,0.23967866599559784,0.0,0.18897391855716705,0.20201914012432098,0.21896031498908997,-1.6264877319335938,-1.6014200448989868,-1.5689462423324585,0.0,1.0
165888,162,6,170.75619659828746,181.16666666666666,-0.004523920849896968,0.004309843986993656,-0.549017933011055,0.0035050572783802635,0.0376953125,0.6279798589646817,0.09082974041812122,2.7282772064208984,7.6319475173950195,33.39655685424805,49.690574645996094,30.66827964782715,52.37333679199219,0.976410285461992,1.044250726699829,0.3554416596889496,0.7,0.0,63.10089819388726,56.96809050728422,165888.0001,0.0,0.0458347387611866,0.22835250198841095,0.0,0.1876399964094162,0.2013614922761917,0.21977441012859344,-1.6290632486343384,-1.6027050018310547,-1.5673938989639282,0.0,1.0
166912,163,3,111.44821525566351,142.0,-0.0032844866393133996,0.010136958555085585,-0.552804684638977,0.0027620746404863894,0.019580078125,0.5216109838336707,0.14584987387061119,-1.5902583599090576,14.03461742401123,47.92397689819336,44.86579895019531,49.51423645019531,46.71861267089844,0.9021478542412369,0.8288835287094116,0.4119354486465454,0.55,0.0,63.007788254558946,56.91403086856686,166912.0001,0.0,0.035350147634744644,0.2264091670513153,0.0,0.18654680252075195,0.20087839663028717,0.2216166853904724,-1.6311748027801514,-1.6036453247070312,-1.5638831853866577,0.0,1.0
167936,164,8,167.84315195745154,187.5,-0.004345186409773305,0.008159022044856102,-0.5571360155940056,0.0015436451576533727,0.034912109375,0.5845599241554738,0.1361631433479488,-6.611339569091797,12.896159172058105,52.770751953125,51.60950469970703,59.38209533691406,50.829776763916016,0.9375602160592402,0.8745459914207458,0.43286147713661194,0.775,0.0,62.94536731398421,56.88876743800662,167936.0001,0.0,0.043098896741867065,0.2270948588848114,0.0,0.18588513135910034,0.19974057376384735,0.21846793591976166,-1.6324533224105835,-1.6058119535446167,-1.56988525390625,0.0,1.0
168960,165,5,120.58720878695094,148.4,-0.004400210990570486,0.0051686331687960775,-0.5610733598470687,0.0015260032771038823,0.0272216796875,0.6421691827476025,0.11513851527124644,-0.2409115433692932,10.702722549438477,52.309776306152344,47.23664474487305,52.55068588256836,50.20756149291992,0.9486630076782203,1.3229868412017822,0.37591755390167236,0.725,0.0,62.8809091703504,56.84120124013568,168960.0001,0.0,0.021913865581154823,0.2247583568096161,0.0,0.18355295062065125,0.19960016012191772,0.21896035969257355,-1.6369620561599731,-1.6060905456542969,-1.568946123123169,0.0,1.0
169984,166,5,181.3407519460539,197.0,-0.003647256689146161,0.009700893674744294,-0.5658255010843277,0.0033859351475257426,0.0282958984375,0.6228549376130104,0.17519921991042792,5.343087196350098,11.778826713562012,42.2248649597168,52.38310623168945,36.88178253173828,56.214927673339844,0.9494383142380879,1.0801324844360352,0.6597343683242798,0.725,0.075,62.75647517459714,56.83787172801785,169984.0001,0.0,0.052253108471632004,0.22743919491767883,0.0,0.1820428967475891,0.19767946004867554,0.21732325851917267,-1.6398835182189941,-1.6097793579101562,-1.5720694065093994,0.0,1.0
171008,167,7,213.215755339699,216.57142857142858,-0.006661283341236413,0.008395623409887776,-0.5750657632946968,0.005793079546128866,0.0605224609375,0.6554854921996593,0.1245611592195928,-0.8189299702644348,12.859309196472168,39.3261833190918,54.786659240722656,40.145111083984375,57.9153938293457,0.9449083724004788,1.5468664169311523,0.4081105589866638,0.725,0.0,62.616174013454305,56.854553249120116,171008.0001,0.0,0.04596683755517006,0.24327793717384338,0.0,0.18217751383781433,0.197102352976799,0.21708422899246216,-1.6396229267120361,-1.6109108924865723,-1.5725255012512207,0.0,1.0
172032,168,5,120.69740262551586,154.4,-0.004380050743930042,0.005809113738359883,-0.5767527163028717,0.005260351805191021,0.0379150390625,0.6610919207334518,0.11551448246464133,-3.5239009857177734,10.651753425598145,52.20071792602539,48.69733810424805,55.72462463378906,48.23183822631836,0.9521555282109012,1.1365712881088257,0.2969454228878021,0.8,0.0,62.55417726801538,56.81511286394869,172032.0001,0.0,0.02996036969125271,0.23247896134853363,0.0,0.18223604559898376,0.19685061275959015,0.21497666835784912,-1.639509677886963,-1.6113919019699097,-1.5765498876571655,0.0,1.0
173056,169,7,149.73932148733073,173.14285714285714,-0.003442797955358401,0.009655395144363865,-0.5822509765625,0.0038268736738245935,0.028271484375,0.5535152785480022,0.12745665130205452,-4.538633346557617,14.008464813232422,51.261863708496094,50.28867721557617,55.80049133300781,50.85548782348633,0.9224037516503834,0.8574709296226501,0.47218388319015503,0.625,0.0,62.48735882247911,56.785306097960344,173056.0001,0.0,0.041274696588516235,0.2315501719713211,0.0,0.1814814805984497,0.19493822753429413,0.21216906607151031,-1.64096999168396,-1.615052580833435,-1.5819165706634521,0.0,1.0
174080,170,4,137.24020526733943,166.25,-0.005699673271737993,0.004333501396467909,-0.5903027474880218,0.004227765995892696,0.048681640625,0.6258417174220086,0.0698323104530573,1.9421939849853516,7.61128044128418,41.14808654785156,41.758544921875,39.205894470214844,41.023162841796875,0.9667780862411153,1.0505839586257935,0.1769690215587616,0.75,0.0,62.361833692849075,56.73203054436173,174080.0001,0.0,0.04128974303603172,0.2368491291999817,0.0,0.17945384979248047,0.19445174932479858,0.21183209121227264,-1.6448960304260254,-1.6159864664077759,-1.5825611352920532,0.0,1.0
175104,171,6,176.34535762837024,189.5,-0.005181283154524863,0.007179642008850351,-0.5920755460858345,0.004838238755473867,0.0545654296875,0.5961738206446171,0.10434679426252842,-2.9873061180114746,10.817460060119629,52.22950744628906,49.23805236816406,55.21681213378906,47.36720657348633,0.9517331648038134,1.0073356628417969,0.288567453622818,0.675,0.0,62.302580315284835,56.69634974934821,175104.0001,0.0,0.04834480211138725,0.23893244564533234,0.0,0.17745834589004517,0.1941196322441101,0.21286851167678833,-1.648762583732605,-1.6166471242904663,-1.5805790424346924,0.0,1.0
176128,172,7,168.81333823177872,176.85714285714286,-0.004393758613150567,0.004971777249011211,-0.5937655344605446,0.005602760643523652,0.0412109375,0.5685750864446163,0.12570219063200055,4.614410877227783,8.645678520202637,40.401248931884766,46.968597412109375,35.786834716796875,47.72361373901367,0.9661169159900582,1.1536391973495483,0.3741772770881653,0.525,0.0,62.17524698608805,56.66908931262904,176128.0001,0.0,0.046933721750974655,0.22879809141159058,0.0,0.17605789005756378,0.19382137060165405,0.21326930820941925,-1.6514778137207031,-1.6172161102294922,-1.57981276512146,0.0,1.0
177152,173,5,168.39342345077034,166.2,-0.004567477671662346,0.005421452131122351,-0.5941927611827851,0.0037235232404782435,0.040966796875,0.5937959499657154,0.11021589157171548,-2.236741781234741,11.127167701721191,43.12759017944336,46.382633209228516,45.36433029174805,47.57326889038086,0.9424482627952954,1.0957623720169067,0.3137769103050232,0.675,0.0,62.065144920672054,56.63341210522508,177152.0001,0.0,0.04622543975710869,0.23278377950191498,0.0,0.17431996762752533,0.1944085955619812,0.21454335749149323,-1.6548490524291992,-1.616129755973816,-1.5773777961730957,0.0,1.0
178176,174,7,149.66052830250632,174.57142857142858,-0.0032872727140784265,0.004328911306220107,-0.5913487479090691,0.005184440470475238,0.0341064453125,0.6033102579414844,0.08062290353700519,-0.2752934694290161,9.426956176757812,43.5410270690918,49.88996505737305,43.816322326660156,51.186241149902344,0.9642960213106962,1.1737656593322754,0.2728833556175232,0.575,0.0,61.95868448057987,56.61427168454919,178176.0001,0.0,0.0656544640660286,0.23230397701263428,0.0,0.17577286064624786,0.1943081021308899,0.21368509531021118,-1.65203058719635,-1.6162878274917603,-1.5790178775787354,0.0,1.0
179200,175,2,192.15884470204492,195.5,-0.0051290868897922335,0.006870462541701272,-0.5929210305213928,0.005071246234001592,0.0418212890625,0.6205150783061981,0.19514454593881964,3.369431495666504,11.655182838439941,32.71211242675781,42.43539047241211,29.342679977416992,47.66215896606445,0.9245634614344287,1.3193373680114746,0.6957789659500122,0.75,0.075,61.79156121120409,56.58630921935324,179200.0001,0.0,0.028588837012648582,0.2500995993614197,0.0,0.17836831510066986,0.1939568966627121,0.21214376389980316,-1.6469991207122803,-1.6169546842575073,-1.5819649696350098,0.0,1.0
180224,176,9,158.42266411757598,180.33333333333334,-0.004517875798046589,0.006177438131999224,-0.5963644430041313,0.006031012488529086,0.0536865234375,0.6306464202702046,0.1256317521445453,-1.5448315143585205,11.951851844787598,46.47066879272461,48.21703338623047,48.0155029296875,47.33586502075195,0.9385574107453958,1.379558801651001,0.4041854441165924,0.675,0.0,61.704510705287625,56.553981482379655,180224.0001,0.0,0.030304836109280586,0.2315688282251358,0.0,0.1770775318145752,0.19290579855442047,0.21105749905109406,-1.6495007276535034,-1.6189707517623901,-1.584043025970459,0.0,1.0
181248,177,6,154.2464604166138,162.83333333333334,-0.005971513758413494,0.008173553401138633,-0.6012030333280564,0.00430349642992951,0.0371337890625,0.6399914912879467,0.1439152890816331,-0.8463953733444214,13.824714660644531,43.19160842895508,44.611961364746094,44.038002014160156,47.13447570800781,0.9039693835600722,0.9025940895080566,0.4811217784881592,0.825,0.0,61.59991803756471,56.510641712277994,181248.0001,0.0,0.02360536716878414,0.23995450139045715,0.0,0.1776755452156067,0.19273678958415985,0.21032996475696564,-1.6483416557312012,-1.6192961931228638,-1.585435390472412,0.0,1.0
182272,178,5,127.98704586259608,156.6,-0.003890519333072007,0.007869327970547601,-0.5979903489351273,0.0040677774013602175,0.039306640625,0.6358450427651405,0.11183358714915811,-0.5622985363006592,10.409012794494629,35.66535186767578,41.85186767578125,36.2276496887207,42.266937255859375,0.9381429193688022,1.144249439239502,0.2933530807495117,0.725,0.0,61.45421822416059,56.47220240893182,182272.0001,0.0,0.028632735833525658,0.23765619099140167,0.0,0.17827622592449188,0.19382141530513763,0.21101172268390656,-1.6471774578094482,-1.6171951293945312,-1.5841306447982788,0.0,1.0
183296,179,6,135.6488311738361,157.5,-0.003575012311921455,0.0029250706880702636,-0.5957473620772362,0.0038244532188400626,0.0329345703125,0.5722312979400158,0.09769245204515756,-0.9252307415008545,8.546429634094238,47.73322296142578,41.81549072265625,48.6584587097168,43.256858825683594,0.9582270511487949,1.241675853729248,0.3178592324256897,0.625,0.0,61.37756464449748,56.41017310924008,183296.0001,0.0,0.011390323750674725,0.2317449152469635,0.0,0.17836035788059235,0.1932433396577835,0.21085117757320404,-1.6470144987106323,-1.6183242797851562,-1.5844378471374512,0.0,1.0
184320,180,7,145.25863809732803,166.85714285714286,-0.004433045070618391,0.007597502807038836,-0.6005459442734719,0.008076831832295284,0.0481689453125,0.5921492464840412,0.14817407578229905,1.9677064418792725,12.392675399780273,39.931640625,45.708011627197266,37.96393585205078,48.33511734008789,0.9264901597950721,1.0352452993392944,0.5124974250793457,0.6,0.025,61.258420627635836,56.37887018625172,184320.0001,0.0,0.013829234056174755,0.2401580959558487,0.0,0.17974954843521118,0.19247090816497803,0.20897476375102997,-1.6443233489990234,-1.6197876930236816,-1.5880300998687744,0.0,1.0
185344,181,7,158.69463738545875,169.14285714285714,-0.005610463570337743,0.006728471437236294,-0.6065448850393296,0.005961195084091741,0.0439453125,0.6085757434368133,0.09387902561575175,-1.1476784944534302,10.08069133758545,46.698829650878906,48.56051254272461,47.84651184082031,48.70394515991211,0.9569062653838876,1.2116316556930542,0.265055775642395,0.7,0.0,61.17798092334936,56.34899119823357,185344.0001,0.0,0.017415089532732964,0.24528323113918304,0.0,0.1784132719039917,0.19095169007778168,0.20815828442573547,-1.6469119787216187,-1.6227296590805054,-1.5895940065383911,0.0,1.0
186368,182,8,114.1289300998595,147.375,-0.005218527640681714,0.011980601452523842,-0.6111545443534852,0.0024010170935071075,0.0463623046875,0.6287117972970009,0.16485531674697995,-7.291871070861816,13.253096580505371,41.74113464355469,45.01696014404297,49.03301239013672,41.9404411315918,0.913327281067209,1.3657896518707275,0.44058793783187866,0.725,0.0,61.07118508111992,56.31129316748068,186368.0001,0.0,0.023831428959965706,0.2515196204185486,0.0,0.17934484779834747,0.1912168711423874,0.20871423184871674,-1.6451071500778198,-1.6222089529037476,-1.588529109954834,0.0,1.0
187392,183,7,140.20740345758693,155.28571428571428,-0.00291539192548953,0.00360825598181691,-0.6069544449448585,0.002026123463292606,0.0233154296875,0.6509471103549004,0.08128207065165043,1.5593435764312744,7.648505687713623,31.037845611572266,40.81534957885742,29.47850227355957,42.04682159423828,0.9648839103423832,1.3354367017745972,0.25712767243385315,0.7,0.0,60.9070684715372,56.28178527242719,187392.0001,0.0,0.01419100258499384,0.2635810673236847,0.0,0.18053466081619263,0.19224703311920166,0.21085543930530548,-1.6428029537200928,-1.6202441453933716,-1.5844297409057617,0.0,1.0
188416,184,6,122.53905962621688,145.5,-0.004497599822934717,0.0042155154136708,-0.6023738235235214,0.0035915424406994132,0.0418701171875,0.6754938930273056,0.08603013907559216,0.9701672196388245,8.393664360046387,30.8612117767334,41.67945098876953,29.89104652404785,43.36664962768555,0.9594436138095266,1.4780144691467285,0.2376423478126526,0.825,0.0,60.74377577558935,56.25606370635969,188416.0001,0.0,0.021513894200325012,0.24184156954288483,0.0,0.181997150182724,0.19259215891361237,0.21172674000263214,-1.6399719715118408,-1.6195825338363647,-1.582762598991394,0.0,1.0
189440,185,5,148.60618944071635,169.6,-0.004272165440488607,0.004568356764502823,-0.6024787038564682,0.005444992089178413,0.04599609375,0.6340046778321267,0.09280601534992457,0.8566956520080566,9.181925773620605,52.893821716308594,41.0706672668457,52.03712463378906,39.71697235107422,0.9500191051724414,1.2824366092681885,0.2364015132188797,0.725,0.0,60.701343599720786,56.1879622527057,189440.0001,0.0,-0.0003208671696484089,0.23452228307724,0.0,0.18200267851352692,0.19235415756702423,0.21232202649116516,-1.6399612426757812,-1.6200436353683472,-1.5816240310668945,0.0,1.0
190464,186,6,151.42112897389265,172.83333333333334,-0.0041829960304312405,0.004882175219245255,-0.603008295595646,0.0040718986070714894,0.044921875,0.6048628181219101,0.08582932730205357,-1.9481666088104248,9.136628150939941,38.27342987060547,42.69969940185547,40.22159957885742,41.30877685546875,0.9542151144388851,1.121045708656311,0.23856942355632782,0.725,0.0,60.58076342646115,56.14807062435797,190464.0001,0.0,-0.01064793299883604,0.24126705527305603,0.0,0.18223832547664642,0.19254599511623383,0.21238575875759125,-1.639505386352539,-1.6196669340133667,-1.5815021991729736,0.0,1.0
191488,187,7,146.38496455449078,169.28571428571428,-0.004287639976246283,0.003028694598469883,-0.5984469383955002,0.003913399096927605,0.0389892578125,0.6109047919511795,0.0838000570423901,2.2198548316955566,6.614192962646484,28.36145782470703,42.32051467895508,26.1416015625,43.38942337036133,0.9755740248505783,1.173397183418274,0.241083562374115,0.65,0.0,60.40846767189168,56.132399043558415,191488.0001,0.0,-0.0028419634327292442,0.2613449692726135,0.0,0.1821300983428955,0.1938743144273758,0.21446514129638672,-1.6397147178649902,-1.617124080657959,-1.5775271654129028,0.0,1.0
192512,188,5,161.2175655366271,173.0,-0.0031953754369169474,0.0035261855431599543,-0.5921660169959069,0.002703441149787977,0.0216064453125,0.6527070432901383,0.11033410248346627,4.038115978240967,7.797565460205078,33.447669982910156,41.260921478271484,29.409555435180664,42.98579025268555,0.9642858578105702,1.2866489887237549,0.4250427186489105,0.775,0.0,60.26505916456211,56.09802047564131,192512.0001,0.0,0.036387551575899124,0.2512155771255493,0.0,0.18222317099571228,0.19458703696727753,0.21622492372989655,-1.6395347118377686,-1.6157411336898804,-1.574165940284729,0.0,1.0
193536,189,6,146.6419726765116,156.33333333333334,-0.004865437070839107,0.002974815681227483,-0.5907481610774994,0.0036594796503777614,0.0308349609375,0.6341990664601326,0.09866535849869251,5.152126789093018,6.2618513107299805,41.60421371459961,38.85539627075195,36.45208740234375,38.76145553588867,0.9740281587181956,1.1453328132629395,0.33993425965309143,0.775,0.0,60.166324541691765,56.03711222763504,193536.0001,0.0,0.04269489645957947,0.23898760974407196,0.0,0.18031056225299835,0.1943032145500183,0.21618519723415375,-1.6432368755340576,-1.6162997484207153,-1.5742417573928833,0.0,1.0
194560,190,5,182.472010619988,197.2,-0.0042955582728609444,0.0031141135521465914,-0.5954490661621094,0.00377034649864072,0.0442138671875,0.6202426679432392,0.15978307561017574,4.352994441986084,8.010613441467285,36.761940002441406,45.33935546875,32.40894317626953,48.1806755065918,0.96878374167782,1.0151468515396118,0.490814208984375,0.675,0.0,60.04314355910309,56.01176528201828,194560.0001,0.0,0.03050476871430874,0.268087238073349,0.0,0.17750518023967743,0.19284261763095856,0.21292604506015778,-1.6486718654632568,-1.6191083192825317,-1.580469012260437,0.0,1.0
195584,191,8,156.45681436025376,168.875,-0.004997587855905294,0.004479051279486157,-0.6032064646482468,0.005721448858093936,0.0620361328125,0.6667735584080219,0.07936709178611637,-1.955122947692871,8.497306823730469,43.75168228149414,49.119781494140625,45.70680236816406,47.74837112426758,0.9700739269057546,1.415062427520752,0.23235388100147247,0.75,0.0,59.957847955163565,55.990236934031856,195584.0001,0.0,-0.00678883446380496,0.25525060296058655,0.0,0.1771106719970703,0.19224661588668823,0.21222324669361115,-1.6494364738464355,-1.620263934135437,-1.5818129777908325,0.0,1.0
196608,192,6,113.34766463220984,142.66666666666666,-0.003370699705556035,0.008899512095376849,-0.6044990628957748,0.004794186128128786,0.0372802734375,0.6770370960235595,0.11316410186700523,-1.5545663833618164,13.131153106689453,40.07550048828125,45.07891082763672,41.63006591796875,46.02564239501953,0.9151486167996014,1.1617738008499146,0.3177003264427185,0.9,0.0,59.85429405534016,55.95722528472048,196608.0001,0.0,-0.02594374120235443,0.2737979590892792,0.0,0.17699694633483887,0.19200418889522552,0.21023274958133698,-1.6496570110321045,-1.6207133531570435,-1.5856214761734009,0.0,1.0
197632,193,5,167.5016736205243,184.4,-0.005083635332994163,0.0040218010573880745,-0.6068936929106712,0.005650833954859991,0.036474609375,0.5953513018786907,0.07137508536688983,-0.6899272203445435,8.433585166931152,47.46881866455078,43.8487434387207,48.158748626708984,42.20042037963867,0.9630078071280912,0.9168403148651123,0.17861460149288177,0.725,0.0,59.79012060697385,55.908318799923755,197632.0001,0.0,-0.008691667579114437,0.2550137937068939,0.0,0.17772176861763,0.19139905273914337,0.20849214494228363,-1.648252010345459,-1.6218839883804321,-1.5889544486999512,0.0,1.0
198656,194,6,155.3977798369224,176.66666666666666,-0.004680103028658777,0.004251019807998091,-0.6099042475223542,0.0007617887677042745,0.037939453125,0.6221868447959423,0.0816388938575983,-1.8234758377075195,8.433603286743164,37.508392333984375,45.93409729003906,39.33186721801758,46.10134506225586,0.9662902126592795,1.0457526445388794,0.24862448871135712,0.7,0.0,59.67526633312378,55.88425534858252,198656.0001,0.0,0.025267669931054115,0.2527671158313751,0.0,0.178231880068779,0.1911974549293518,0.20689509809017181,-1.6472634077072144,-1.6222420930862427,-1.5920145511627197,0.0,1.0
199680,195,5,149.80039207332857,174.8,-0.006273633614182472,0.0033583477008505723,-0.612865723669529,0.006445461240946315,0.071826171875,0.6272567071020603,0.07328997971490026,1.4460370540618896,8.055119514465332,40.85663604736328,39.62486267089844,39.41059875488281,38.62296676635742,0.9586754293647458,1.1374186277389526,0.21368202567100525,0.65,0.0,59.5787605442065,55.829142002688776,199680.0001,0.0,0.035015881061553955,0.23002710938453674,0.0,0.1758694052696228,0.18974964320659637,0.20613664388656616,-1.6518433094024658,-1.625048279762268,-1.5934686660766602,0.0,1.0
200704,196,6,164.46558215323302,183.33333333333334,-0.003598465508548543,0.006515358402975835,-0.618478673696518,0.005479398502211552,0.0329833984375,0.5734339624643325,0.14948452445678412,0.3873055577278137,12.27048397064209,48.6035041809082,45.35265350341797,48.2161979675293,47.540428161621094,0.9267988373714043,0.9544883966445923,0.42916393280029297,0.55,0.0,59.52276434497646,55.78616511006423,200704.0001,0.0,0.01620873250067234,0.2263987511396408,0.0,0.17536205053329468,0.19043011963367462,0.20761653780937195,-1.6528273820877075,-1.6237367391586304,-1.5906319618225098,0.0,1.0
201728,197,6,141.80431149190068,165.33333333333334,-0.003982747939880937,0.009166538045974448,-0.6140682116150856,0.004212001446285285,0.0380126953125,0.6401117719709873,0.18949543139897287,3.998037338256836,12.618574142456055,35.04685974121094,47.36407470703125,31.048824310302734,50.62400817871094,0.9290222144389593,1.0048555135726929,0.6599152684211731,0.8,0.075,59.398521192951534,55.773756311092235,201728.0001,0.0,0.011741789989173412,0.23845964670181274,0.0,0.17491738498210907,0.19019447267055511,0.20731139183044434,-1.653689980506897,-1.62417471408844,-1.591216802597046,0.0,1.0
202752,198,4,205.9219296486706,206.25,-0.00426085977233015,0.0032915650386712513,-0.6151566788554191,0.003197299357270822,0.0281982421875,0.6071002818644047,0.1433578277938068,4.866488456726074,8.133399963378906,49.744834899902344,40.62905502319336,44.87834167480469,41.80660629272461,0.9599252580700757,1.0818679332733154,0.45472657680511475,0.75,0.0,59.34976518470045,55.71181648457802,202752.0001,0.0,0.016480732709169388,0.23005329072475433,0.0,0.17549774050712585,0.19050385057926178,0.2061922550201416,-1.6525641679763794,-1.6236071586608887,-1.5933619737625122,0.0,1.0
203776,199,8,181.37017765784947,191.625,-0.004426848108414561,0.005984555720351637,-0.6118414908647537,0.005107337358640507,0.0365966796875,0.6193044476211071,0.0662240414880216,-0.5916275978088379,7.5380635261535645,47.40837097167969,55.15714645385742,48.0,55.37394714355469,0.9813226168520162,1.0295500755310059,0.151053324341774,0.675,0.0,59.289758193813356,55.715441651921694,203776.0001,0.0,-0.005224032327532768,0.2457282543182373,0.0,0.17572785913944244,0.1912430375814438,0.20580150187015533,-1.6521178483963013,-1.6221708059310913,-1.5941112041473389,0.0,1.0
204800,200,4,138.9632652248768,156.0,-0.004801489890087396,0.005469428526703268,-0.6098538607358932,0.002519844940979965,0.0322265625,0.5859580479562283,0.11268147071823478,4.056262969970703,10.221417427062988,43.16846466064453,45.10710906982422,39.112205505371094,46.506744384765625,0.9486509639433984,0.9873641729354858,0.3933602273464203,0.65,0.0,59.209151737060644,55.679041158045855,204800.0001,0.0,-0.008075564168393612,0.24048933386802673,0.0,0.17482511699199677,0.19086503982543945,0.2048342078924179,-1.6538689136505127,-1.6228958368301392,-1.5959665775299072,0.0,1.0
