total_env_steps,update,completed_episodes,completed_episode_return_mean,completed_episode_length_mean,actor_policy_loss,critic_loss,entropy,approx_kl,clip_fraction,actor_grad_norm,critic_grad_norm,advantage_raw_mean,advantage_raw_std,value_target_mean,value_target_std,value_prediction_mean_pre,value_prediction_std_pre,explained_variance_pre,actor_grad_norm_max,critic_grad_norm_max,actor_grad_clip_fraction,critic_grad_clip_fraction,value_normalizer_mean,value_normalizer_std,value_normalizer_count,hard_speed_accel_violations,action_mean,action_std,action_saturation_ratio,raw_log_std_min,raw_log_std_mean,raw_log_std_max,clamped_log_std_min,clamped_log_std_mean,clamped_log_std_max,raw_log_std_gt_max_ratio,finite
1024,1,5,124.65272024242786,109.0,-0.004695934779010713,125.31744785308838,-0.24507227912545204,0.002794318541418761,0.0326416015625,0.4826448731124401,50.07397232055664,15.27627944946289,7.200833320617676,15.145011901855469,7.194711208343506,-0.13126736879348755,0.12368156015872955,-0.0017025344843990542,0.8480654358863831,68.76050567626953,0.35,1.0,0.0,1.0,0.0,0.0,-0.05921660736203194,0.2256142795085907,0.0,0.25424015522003174,0.2548615038394928,0.2557764947414398,-1.502199411392212,-1.5010462999343872,-1.4993181228637695,0.0,1.0
2048,2,5,143.25702707355157,141.0,-0.005779706203611568,133.74336490631103,-0.2460552103817463,0.005075244387262501,0.038818359375,0.5272280864417553,52.605719566345215,15.36788272857666,8.382139205932617,16.067012786865234,7.357551574707031,0.6991302371025085,2.113284111022949,-0.2979055599674003,1.112261176109314,70.82150268554688,0.425,1.0,0.0,1.0,0.0,0.0,-0.05857301875948906,0.23036561906337738,0.0,0.2531701624393463,0.25523480772972107,0.25726503133773804,-1.5042073726654053,-1.5003128051757812,-1.4965286254882812,0.0,1.0
3072,3,6,161.5588375956201,151.5,-0.004484304568904918,153.44901008605956,-0.24336350485682487,0.00492698852904141,0.0389404296875,0.48666753731667994,60.5393367767334,16.15642547607422,9.845195770263672,16.17795753479004,8.322669982910156,0.0215337872505188,2.823392629623413,-0.39934036869384193,1.0657415390014648,72.63484954833984,0.35,1.0,0.0,1.0,0.0,0.0,-0.0558401495218277,0.22330361604690552,0.0,0.2524806261062622,0.25545239448547363,0.25779199600219727,-1.5055018663406372,-1.4999308586120605,-1.4955416917800903,0.0,1.0
4096,4,8,173.2613009017797,146.875,-0.002989480772521347,129.5452157974243,-0.24464461505413054,0.003907945922401268,0.0253173828125,0.5318457588553429,70.81873378753662,15.711202621459961,7.1008758544921875,17.569091796875,7.703066825866699,1.8578879833221436,2.4663445949554443,0.15023954043205512,0.8592687845230103,82.66311645507812,0.575,1.0,0.0,1.0,0.0,0.0,-0.05049480125308037,0.22422808408737183,0.0,0.2506565749645233,0.25478020310401917,0.2573767900466919,-1.5089285373687744,-1.501199722290039,-1.49631929397583,0.0,1.0
5120,5,8,177.3082842941306,151.0,-0.003350811620475724,100.30923824310302,-0.245558051019907,0.0032306799475918524,0.028076171875,0.4973495300859213,79.22148189544677,13.92711353302002,7.234964370727539,16.609312057495117,8.901104927062988,2.6821999549865723,4.44942045211792,0.3393294853229497,0.8076927065849304,88.01457977294922,0.475,1.0,0.0,1.0,0.0,0.0,-0.05875439941883087,0.22450190782546997,0.0,0.2516593039035797,0.2553161680698395,0.2582571506500244,-1.5070444345474243,-1.5001627206802368,-1.4946706295013428,0.0,1.0
6144,6,7,156.82272045751475,144.71428571428572,-0.005071522551588714,83.6569746017456,-0.24396446347236633,0.0027150806155987082,0.0447021484375,0.5138906665146351,90.51052722930908,12.448911666870117,9.044496536254883,14.547613143920898,11.993087768554688,2.0987021923065186,6.173211097717285,0.4312691681034576,0.9117869138717651,108.42444610595703,0.575,1.0,0.0,1.0,0.0,0.0,-0.05839391425251961,0.22267255187034607,0.0,0.24984848499298096,0.2549428939819336,0.2592763602733612,-1.5104475021362305,-1.5008999109268188,-1.492762804031372,0.0,1.0
7168,7,8,171.90686622378132,139.375,-0.0031189593253657224,89.00194187164307,-0.2464187353849411,0.004023335728561506,0.023681640625,0.5189470309764147,108.60243186950683,13.788976669311523,6.05546760559082,21.315643310546875,8.171523094177246,7.526667594909668,3.9228057861328125,0.45085209674966387,1.0007432699203491,121.41197204589844,0.425,1.0,0.0,1.0,0.0,0.0,-0.06038779020309448,0.22351551055908203,0.0,0.24953648447990417,0.2547997832298279,0.2587500214576721,-1.5110342502593994,-1.5011709928512573,-1.4937479496002197,0.0,1.0
8192,8,6,163.68949930504405,165.16666666666666,-0.004839391564019024,69.4971284866333,-0.2437443181872368,0.0035761949373409154,0.044091796875,0.5048636786639691,94.0686544418335,10.81658935546875,9.182355880737305,15.765865325927734,14.023040771484375,4.949276447296143,8.084455490112305,0.5712304811744193,0.8470600843429565,162.5080108642578,0.45,1.0,0.0,1.0,0.0,0.0,-0.05299096181988716,0.2235058695077896,0.0,0.24992863833904266,0.2560274302959442,0.2598618268966675,-1.5102968215942383,-1.4988422393798828,-1.4916675090789795,0.0,1.0
9216,9,6,158.96327919109882,149.33333333333334,-0.0031966018257662656,77.11981925964355,-0.24072267189621926,0.0034153339205658995,0.0185302734375,0.5546302273869514,111.56008796691894,12.785659790039062,6.691590309143066,21.6607666015625,12.234384536743164,8.875107765197754,7.1796979904174805,0.700846247772086,1.0837328433990479,141.80613708496094,0.5,1.0,0.0,1.0,0.0,0.0,-0.057712554931640625,0.22307050228118896,0.0,0.2499314397573471,0.25531089305877686,0.25836631655693054,-1.510291576385498,-1.5001882314682007,-1.4944663047790527,0.0,1.0
10240,10,8,160.01252873430778,146.375,-0.004760156385600567,73.13296003341675,-0.24287307262420654,0.008143108994408977,0.0624267578125,0.6194400914013386,106.45662593841553,11.641129493713379,8.087388038635254,20.219572067260742,16.39460563659668,8.578442573547363,11.660788536071777,0.75665936458969,1.305752158164978,158.7138671875,0.7,1.0,0.0,1.0,0.0,0.0,-0.05284462496638298,0.2217211127281189,0.0,0.2500626742839813,0.2560006082057953,0.25982150435447693,-1.510044813156128,-1.4989229440689087,-1.4917428493499756,0.0,1.0
11264,11,6,164.05736127961754,147.0,-0.003891812637448311,79.34663524627686,-0.23799046725034714,0.0034851975724450313,0.03046875,0.5584036625921727,110.34071102142335,10.833534240722656,8.805785179138184,24.919754028320312,15.188193321228027,14.086221694946289,9.728976249694824,0.6638570869459064,0.9282363057136536,137.1288604736328,0.65,1.0,0.0,1.0,0.0,0.0,-0.06860043853521347,0.224472776055336,0.0,0.2519158124923706,0.25659212470054626,0.260906845331192,-1.50656259059906,-1.4977914094924927,-1.4897129535675049,0.0,1.0
12288,12,7,154.25303002150775,137.42857142857142,-0.0026277332042809578,68.37819318771362,-0.23546252846717836,0.0002817032902385108,0.0148193359375,0.48584910966455935,100.05993881225587,10.282744407653809,7.966784477233887,26.85500144958496,13.872357368469238,16.57225799560547,8.755148887634277,0.6701886750520303,0.8386393785476685,126.26145935058594,0.325,1.0,0.0,1.0,0.0,0.0,-0.06435249000787735,0.2194550335407257,0.0,0.2527640163898468,0.25691595673561096,0.2618626356124878,-1.504969835281372,-1.4972001314163208,-1.4879262447357178,0.0,1.0
13312,13,8,155.7921588696511,145.625,-0.00525711493100971,77.17310523986816,-0.23688431084156036,0.004836764605715871,0.05966796875,0.6731916651129722,106.03844814300537,10.377985954284668,8.281730651855469,29.659698486328125,14.673565864562988,19.28171157836914,8.849507331848145,0.6814549694179228,1.3293532133102417,123.48286437988281,0.625,1.0,0.0,1.0,0.0,0.0,-0.062445443123579025,0.22207897901535034,0.0,0.25339627265930176,0.25604698061943054,0.2612406313419342,-1.503782868385315,-1.498806118965149,-1.489088773727417,0.0,1.0
14336,14,5,166.38104865885768,149.4,-0.0033288497477769853,78.3412130355835,-0.24307888895273208,0.0027840463604661635,0.016064453125,0.5407376646995544,115.67005596160888,11.408552169799805,7.152678966522217,32.56446838378906,14.322513580322266,21.155916213989258,9.970449447631836,0.7505985536953286,0.9355010986328125,131.66015625,0.525,1.0,0.0,1.0,0.0,0.0,-0.06567886471748352,0.22374902665615082,0.0,0.25250452756881714,0.25471875071525574,0.25787976384162903,-1.5054569244384766,-1.501313328742981,-1.4953773021697998,0.0,1.0
15360,15,8,197.07585090487416,167.875,-0.005417536583263427,48.47839221954346,-0.24776784777641297,0.006744597280339803,0.06630859375,0.6652765180915594,89.5555046081543,9.303583145141602,6.177126884460449,29.365346908569336,13.272870063781738,20.061763763427734,9.0935697555542,0.7834075076155517,1.25868558883667,158.09327697753906,0.75,1.0,0.0,1.0,0.0,0.0,-0.06482752412557602,0.219246506690979,0.0,0.25154441595077515,0.25472140312194824,0.2563738524913788,-1.5072602033615112,-1.5012880563735962,-1.4981985092163086,0.0,1.0
16384,16,7,141.09691402668437,131.57142857142858,-0.004590258505777456,72.81917953491211,-0.24471715614199638,0.005255003333149944,0.044580078125,0.532289806008339,95.38975276947022,7.991175174713135,10.76106071472168,32.82246780395508,17.089813232421875,24.83129119873047,11.150423049926758,0.6035070202292715,0.9109519124031067,122.22100067138672,0.475,1.0,0.0,1.0,0.0,0.0,-0.06538001447916031,0.22009895741939545,0.0,0.25260239839553833,0.2558858394622803,0.25990980863571167,-1.5052732229232788,-1.499092698097229,-1.4915776252746582,0.0,1.0
17408,17,7,166.65072460085366,144.71428571428572,-0.006838155654259026,59.93154506683349,-0.2376476176083088,0.007430333441880066,0.0557861328125,0.5275633584707975,80.12722549438476,9.061593055725098,8.502252578735352,27.318653106689453,20.451040267944336,18.25705909729004,19.104284286499023,0.8271628381826475,0.9462250471115112,149.4033966064453,0.55,1.0,0.0,1.0,0.0,0.0,-0.0713391900062561,0.2220584750175476,0.0,0.25026050209999084,0.256774365901947,0.2627595067024231,-1.509672999382019,-1.4974583387374878,-1.486250400543213,0.0,1.0
18432,18,9,140.05394579761332,117.77777777777777,-0.004117722657974809,74.2301812171936,-0.23322942182421685,0.004209043766604736,0.0361083984375,0.5976571187376976,93.19583892822266,9.371541976928711,9.066976547241211,35.54179763793945,15.973897933959961,26.17025375366211,12.269800186157227,0.6778166024886105,0.9429211020469666,109.60775756835938,0.725,1.0,0.0,1.0,0.0,0.0,-0.0723012387752533,0.22146910429000854,0.0,0.2503732144832611,0.25772950053215027,0.26314398646354675,-1.5094610452651978,-1.4956868886947632,-1.485532283782959,0.0,1.0
19456,19,10,146.64209852378093,122.3,-0.003180040104780346,61.642352962493895,-0.22685805857181549,0.0034350416346569544,0.0172607421875,0.5025855630636216,77.49203815460206,6.838563919067383,9.82334041595459,36.38623809814453,14.959247589111328,29.54767608642578,9.07546329498291,0.5687799963935514,1.046303153038025,91.3740463256836,0.425,1.0,0.0,1.0,0.0,0.0,-0.07405734807252884,0.2235620766878128,0.0,0.25159820914268494,0.25903329253196716,0.26280054450035095,-1.5071592330932617,-1.4932276010513306,-1.4861738681793213,0.0,1.0
20480,20,7,162.29032546193045,139.0,-0.004899156338069588,60.484359645843504,-0.22256118506193162,0.004587053864088375,0.04326171875,0.5619463805109263,86.71925373077393,8.097230911254883,9.609023094177246,33.56135940551758,20.688980102539062,25.464126586914062,18.29884910583496,0.7842849606938306,1.1102105379104614,114.38594818115234,0.525,1.0,0.0,1.0,0.0,0.0,-0.07274145632982254,0.2212289273738861,0.0,0.2511102557182312,0.25895315408706665,0.26363274455070496,-1.5080759525299072,-1.4933713674545288,-1.4846196174621582,0.0,1.0
21504,21,7,171.16288931358642,152.42857142857142,-0.003176654828712344,45.97617588043213,-0.22336631566286086,0.0025534450222039597,0.0227294921875,0.5985306091606617,76.08927030563355,8.885862350463867,6.074462413787842,31.548625946044922,22.032962799072266,22.662761688232422,20.3601131439209,0.9239901419771308,1.0675957202911377,133.08309936523438,0.7,1.0,0.0,1.0,0.0,0.0,-0.07390990108251572,0.224945068359375,0.0,0.25121715664863586,0.25892725586891174,0.2638983130455017,-1.5078750848770142,-1.4934431314468384,-1.484123706817627,0.0,1.0
22528,22,6,154.55823839029293,132.66666666666666,-0.004817205073777586,36.88856401443481,-0.22509579584002495,0.00454521487117745,0.0463623046875,0.6196096405386925,68.66636972427368,7.101052284240723,6.177053451538086,35.85851287841797,18.701675415039062,28.75745964050293,15.059645652770996,0.8909057981569736,1.1269471645355225,84.3816146850586,0.675,1.0,0.0,1.0,0.0,0.0,-0.07297750562429428,0.2209271788597107,0.0,0.24907438457012177,0.25819844007492065,0.266064316034317,-1.5119032859802246,-1.4948134422302246,-1.4800822734832764,0.0,1.0
23552,23,7,167.06215794627172,156.85714285714286,-0.004327747039496899,48.024528121948244,-0.22937249019742012,0.0042701800397480835,0.0375,0.5867298476397991,79.10588464736938,7.92572021484375,8.771631240844727,33.50285720825195,22.76744842529297,25.577138900756836,22.320985794067383,0.8515664894424478,1.252364993095398,139.83055114746094,0.6,1.0,0.0,1.0,0.0,0.0,-0.07710020244121552,0.2226521372795105,0.0,0.24862578511238098,0.2576550543308258,0.2658987045288086,-1.512747049331665,-1.495805263519287,-1.480391025543213,0.0,1.0
24576,24,9,132.84452402121818,127.22222222222223,-0.003249312873231247,52.449402046203616,-0.2317451372742653,0.003728390121250413,0.0244140625,0.5077075764536858,68.27506761550903,4.116745948791504,11.190940856933594,32.74829864501953,23.74846076965332,28.631553649902344,19.22719383239746,0.7779441333146627,0.8402562737464905,129.16729736328125,0.525,1.0,0.0,1.0,0.0,0.0,-0.08291056752204895,0.22183920443058014,0.0,0.2491249144077301,0.2572217285633087,0.2658401131629944,-1.511808156967163,-1.4966444969177246,-1.480500340461731,0.0,1.0
25600,25,6,153.25172577921649,132.66666666666666,-0.0025471399538218977,52.79144678115845,-0.2333317644894123,0.00284280691848835,0.0222412109375,0.6052536100149155,84.27783794403076,8.296628952026367,7.959718704223633,41.35935592651367,20.287269592285156,33.06272888183594,17.373367309570312,0.8460611393088922,1.125563144683838,110.9654541015625,0.7,1.0,0.0,1.0,0.0,0.0,-0.0871218666434288,0.2215973287820816,0.0,0.24962587654590607,0.2571668326854706,0.2629646956920624,-1.5108661651611328,-1.4967103004455566,-1.4858671426773071,0.0,1.0
26624,26,7,165.32959253171654,139.57142857142858,-0.004847669461742044,31.818217468261718,-0.23005057498812675,0.005334994729491882,0.0375244140625,0.5246249288320541,60.61017713546753,6.114278793334961,6.7854509353637695,36.719512939453125,20.731521606445312,30.60523223876953,17.46578598022461,0.8928739372289365,0.9593315124511719,103.82707214355469,0.45,1.0,0.0,1.0,0.0,0.0,-0.0891915038228035,0.22122099995613098,0.0,0.25206661224365234,0.25860533118247986,0.26346355676651,-1.5062793493270874,-1.4940414428710938,-1.4849355220794678,0.0,1.0
27648,27,8,178.8263172648563,156.375,-0.004456859914353117,44.40012636184692,-0.22261369936168193,0.004761133810097818,0.0412841796875,0.5286061462014914,84.49176568984986,8.299642562866211,7.857359409332275,39.17222595214844,24.253372192382812,30.87258529663086,23.37287139892578,0.8950435731337347,0.9922329187393188,157.66824340820312,0.5,1.0,0.0,1.0,0.0,0.0,-0.07678709179162979,0.21958047151565552,0.0,0.25171005725860596,0.25946125388145447,0.2668134570121765,-1.5069490671157837,-1.4924201965332031,-1.4786853790283203,0.0,1.0
28672,28,7,181.2857264900254,152.57142857142858,-0.0037972650839947163,43.63885130882263,-0.22050125226378442,0.002774810754635837,0.0253173828125,0.5371054679155349,73.51889410018921,7.000359535217285,9.585399627685547,37.61628723144531,23.465612411499023,30.615928649902344,23.97357749938965,0.8331383026945532,1.1540155410766602,138.3644256591797,0.525,1.0,0.0,1.0,0.0,0.0,-0.06997697800397873,0.2221560925245285,0.0,0.2520187497138977,0.2591092586517334,0.2680065333843231,-1.5063692331314087,-1.4931144714355469,-1.4764621257781982,0.0,1.0
29696,29,6,144.8695212558112,141.83333333333334,-0.0033937324653379617,44.98516497612,-0.22403983324766158,0.0038100454126833937,0.026953125,0.5470847621560097,75.73636322021484,3.160615921020508,11.109145164489746,34.485679626464844,27.26010513305664,31.325061798095703,21.781221389770508,0.8339242435270828,1.4817487001419067,171.9467010498047,0.575,1.0,0.0,1.0,0.0,0.0,-0.07233790308237076,0.22700518369674683,0.0,0.25102946162223816,0.25868669152259827,0.26849129796028137,-1.5082277059555054,-1.493904709815979,-1.475559115409851,0.0,1.0
30720,30,6,167.65763688112392,151.33333333333334,-0.0035600255068857223,36.33092641830444,-0.22816266342997552,0.0041820752754574645,0.031201171875,0.5818593829870224,69.56115732192993,4.865665912628174,8.93276596069336,40.236209869384766,25.27559471130371,35.37054443359375,22.49895668029785,0.8750980545332616,0.9363046884536743,204.73448181152344,0.675,1.0,0.0,1.0,0.0,0.0,-0.07335615903139114,0.22802624106407166,0.0,0.2496533989906311,0.25724244117736816,0.269358366727829,-1.5108143091201782,-1.49661386013031,-1.4739446640014648,0.0,1.0
31744,31,7,151.62687369016064,148.0,-0.0038892639568075538,30.002712297439576,-0.23271472975611687,0.0036216204724041747,0.025390625,0.504990889877081,55.536789131164554,5.168458938598633,7.780264377593994,36.33530807495117,27.55403709411621,31.16684913635254,26.03778076171875,0.920270640473686,0.7864916324615479,87.60734558105469,0.4,1.0,0.0,1.0,0.0,0.0,-0.06898412853479385,0.22506150603294373,0.0,0.24942108988761902,0.25759458541870117,0.27086418867111206,-1.5112512111663818,-1.495931625366211,-1.4711424112319946,0.0,1.0
32768,32,7,146.0152724853129,139.28571428571428,-0.005411791685037315,36.55759344100952,-0.2308368980884552,0.003124726959504187,0.04677734375,0.5597057338804007,68.86826372146606,6.0231451988220215,8.462213516235352,36.40283966064453,31.680017471313477,30.37969207763672,30.54014015197754,0.9286494828836207,1.2054417133331299,115.62303924560547,0.625,1.0,0.0,1.0,0.0,0.0,-0.05954555794596672,0.22425180673599243,0.0,0.2483436018228531,0.2575483024120331,0.27170395851135254,-1.5132780075073242,-1.496052622795105,-1.4695806503295898,0.0,1.0
33792,33,7,162.26563585078182,143.28571428571428,-0.005552101868670434,30.431241703033447,-0.23190784975886344,0.00237308498180937,0.04794921875,0.5756035640835762,60.659493160247806,4.302824020385742,8.798044204711914,40.02143096923828,25.96395492553711,35.71860885620117,24.16118049621582,0.8851765435133372,1.1413003206253052,124.33333587646484,0.6,1.0,0.0,1.0,0.0,0.0,-0.06493538618087769,0.22350244224071503,0.0,0.2480374127626419,0.25738051533699036,0.2734336256980896,-1.5138541460037231,-1.4963923692703247,-1.466366171836853,0.0,1.0
34816,34,7,181.36000050263763,159.42857142857142,-0.004723803885281086,31.77594304084778,-0.2329899974167347,0.0051054840791039165,0.0486328125,0.5771975047886372,72.87688617706299,6.075745582580566,8.184470176696777,44.83382034301758,24.90899658203125,38.75807189941406,23.3731689453125,0.8920385509953884,1.1285594701766968,159.56442260742188,0.55,1.0,0.0,1.0,0.0,0.0,-0.06601141393184662,0.21896198391914368,0.0,0.24837790429592133,0.25713664293289185,0.273807168006897,-1.5132135152816772,-1.4968491792678833,-1.465672254562378,0.0,1.0
35840,35,6,182.6039772985528,164.16666666666666,-0.004104671452660113,30.148284196853638,-0.23487326875329018,0.004818062028789427,0.04423828125,0.565045851841569,49.94581565856934,3.878506660461426,8.769922256469727,42.62458038330078,23.40048599243164,38.74607467651367,21.971092224121094,0.8595435378389532,0.9996086955070496,94.91357421875,0.625,1.0,0.0,1.0,0.0,0.0,-0.06439683586359024,0.22008943557739258,0.0,0.24627967178821564,0.256570428609848,0.2751505374908447,-1.5171632766723633,-1.497926115989685,-1.4631781578063965,0.0,1.0
36864,36,6,159.09022924923565,148.5,-0.004938139324076473,34.11384530067444,-0.2386070393025875,0.00492833987227641,0.04453125,0.5549980957061053,61.694754409790036,5.859472751617432,7.402639865875244,49.099510192871094,23.824386596679688,43.24003982543945,18.72975730895996,0.9034550064798647,0.8815155029296875,82.16387939453125,0.475,1.0,0.0,1.0,0.0,0.0,-0.06552704423666,0.22047977149486542,0.0,0.24653524160385132,0.25608325004577637,0.27407586574554443,-1.5166820287704468,-1.498828411102295,-1.4651732444763184,0.0,1.0
37888,37,9,200.47396505335317,153.66666666666666,-0.0031110003998037427,28.391997194290163,-0.2370284117758274,0.003310645524470601,0.025048828125,0.5478878729045391,57.98413524627686,5.440907955169678,7.052165985107422,49.4316291809082,23.977558135986328,43.99072265625,20.398645401000977,0.9134962105480333,0.9264054298400879,87.33777618408203,0.575,1.0,0.0,1.0,0.0,0.0,-0.06375815719366074,0.21965378522872925,0.0,0.24794036149978638,0.25738582015037537,0.2753545939922333,-1.514036774635315,-1.496382236480713,-1.4627995491027832,0.0,1.0
38912,38,5,165.75164785911414,154.4,-0.0033886884804815052,22.350631093978883,-0.23288746625185014,0.003015444155607838,0.02236328125,0.5022022675722837,59.4652943611145,2.955965757369995,8.596704483032227,41.397193908691406,26.26952362060547,38.44123077392578,24.668474197387695,0.8929073642524671,0.8717935085296631,161.69175720214844,0.425,1.0,0.0,1.0,0.0,0.0,-0.06485534459352493,0.2152964174747467,0.0,0.24671287834644318,0.2568294107913971,0.2761705815792084,-1.5163475275039673,-1.4974561929702759,-1.4612855911254883,0.0,1.0
39936,39,6,188.3713181159056,164.5,-0.0039017650007735936,22.749912834167482,-0.2385908395051956,0.0040564846116467376,0.03681640625,0.5327887408435344,50.27878303527832,4.21672248840332,6.41307258605957,52.18304443359375,24.168758392333984,47.96631622314453,20.331092834472656,0.9295917483259517,1.0486253499984741,73.65503692626953,0.475,1.0,0.0,1.0,0.0,0.0,-0.057523149996995926,0.22049088776111603,0.0,0.24414604902267456,0.25567010045051575,0.2765313684940338,-1.521183967590332,-1.499646544456482,-1.4606164693832397,0.0,1.0
40960,40,6,210.78553995890363,178.0,-0.005799921497236937,35.88218274116516,-0.2405061222612858,0.009121461978065782,0.0473876953125,0.4982964351773262,73.63696765899658,4.993593215942383,9.001483917236328,54.055137634277344,26.775968551635742,49.06154251098633,23.781370162963867,0.8869845342155926,1.030561923980713,115.45401763916016,0.45,1.0,0.0,1.0,0.0,0.0,-0.0535736121237278,0.2178167998790741,0.0,0.2444002330303192,0.25683721899986267,0.27679041028022766,-1.520704746246338,-1.4974174499511719,-1.4601361751556396,0.0,1.0
41984,41,6,186.3937033071206,168.83333333333334,-0.0034446561941877006,31.716441917419434,-0.23556782081723213,0.0012003217852907255,0.0394775390625,0.483877644687891,68.15871706008912,4.0542192459106445,9.551459312438965,46.61753463745117,30.684484481811523,42.56331253051758,28.05608367919922,0.9031049113542436,0.9476681351661682,135.86517333984375,0.35,1.0,0.0,1.0,0.0,0.0,-0.042386382818222046,0.22281435132026672,0.0,0.24314633011817932,0.25632244348526,0.27710574865341187,-1.5230692625045776,-1.4984182119369507,-1.459551453590393,0.0,1.0
43008,42,6,233.84531063731103,190.33333333333334,-0.0035620474605821072,41.21768727302551,-0.23787409141659738,0.004088314040564001,0.0250732421875,0.47684101313352584,93.32585897445679,4.932575225830078,11.454672813415527,39.73986053466797,31.210731506347656,34.807289123535156,32.870025634765625,0.8653031331601693,0.8573328256607056,217.73793029785156,0.375,1.0,0.0,1.0,0.0,0.0,-0.04519012197852135,0.2236567735671997,0.0,0.24375568330287933,0.2567480206489563,0.27735012769699097,-1.5219199657440186,-1.4976240396499634,-1.4590983390808105,0.0,1.0
44032,43,5,190.4269589096561,166.2,-0.004515708633698523,25.636589431762694,-0.2373253121972084,0.004828278878994752,0.04765625,0.5619084537029266,71.46305131912231,2.59429931640625,9.175214767456055,55.37919235229492,23.354347229003906,52.78489303588867,21.599536895751953,0.8456534001203002,1.0214532613754272,137.3445281982422,0.525,1.0,0.0,1.0,0.0,0.0,-0.051358986645936966,0.2193368822336197,0.0,0.24198107421398163,0.25607869029045105,0.27688610553741455,-1.5252678394317627,-1.4988709688186646,-1.4599586725234985,0.0,1.0
45056,44,8,160.29194423213306,142.75,-0.005727002152707428,37.18616037368774,-0.24282603934407235,0.0026541593528236263,0.04296875,0.5317469131201505,62.663123512268065,2.3738584518432617,10.028263092041016,58.14313507080078,25.67144775390625,55.7692756652832,20.068172454833984,0.8474013707574448,1.0364153385162354,100.5245361328125,0.525,1.0,0.0,1.0,0.0,0.0,-0.054872769862413406,0.22023817896842957,0.0,0.23985016345977783,0.25507208704948425,0.2768223285675049,-1.5292916297912598,-1.5007325410842896,-1.460076928138733,0.0,1.0
46080,45,7,164.64692449693115,153.42857142857142,-0.006492911814711988,35.25568146705628,-0.2434105671942234,0.007689723955991212,0.0570068359375,0.5389680042862892,75.28652114868164,0.5737098455429077,11.216388702392578,53.646209716796875,27.839014053344727,53.07249450683594,20.786943435668945,0.837670146531654,0.9849854707717896,156.67149353027344,0.55,1.0,0.0,1.0,0.0,0.0,-0.05034106969833374,0.21787017583847046,0.0,0.23999032378196716,0.2564026117324829,0.2774820327758789,-1.529026746749878,-1.4982858896255493,-1.4588539600372314,0.0,1.0
47104,46,6,227.87387630834635,180.66666666666666,-0.00490384164149873,16.04634470939636,-0.2325263425707817,0.0031072625730303115,0.0459228515625,0.55466478317976,48.63736553192139,4.943831443786621,6.51688814163208,42.325584411621094,27.561429977416992,37.381752014160156,29.550798416137695,0.9440916003557343,1.0379588603973389,120.5429458618164,0.575,1.0,0.0,1.0,0.0,0.0,-0.06365390866994858,0.221685528755188,0.0,0.23984967172145844,0.2579540014266968,0.281273752450943,-1.5292924642562866,-1.4953945875167847,-1.451832890510559,0.0,1.0
48128,47,6,167.11051329572138,153.16666666666666,-0.004948535095900297,21.687792015075683,-0.22707061618566513,0.005593578358821105,0.0512451171875,0.5192675113677978,70.28316617012024,-0.1761789321899414,9.454069137573242,53.178409576416016,28.54737663269043,53.35458755493164,24.044279098510742,0.8903256445389472,0.927882969379425,163.62387084960938,0.525,1.0,0.0,1.0,0.0,0.0,-0.049834638833999634,0.22125300765037537,0.0,0.23895657062530518,0.2589767873287201,0.2842773199081421,-1.530980110168457,-1.4934741258621216,-1.4462816715240479,0.0,1.0
49152,48,7,164.86530664748904,158.85714285714286,-0.004482545622158796,29.2227744102478,-0.22276861667633058,0.006661524160881527,0.0506103515625,0.5415944840759039,92.73849534988403,2.428658962249756,10.93145751953125,49.805667877197266,31.898929595947266,47.377010345458984,32.72197341918945,0.8825632826213843,1.021383285522461,260.4887390136719,0.5,1.0,0.0,1.0,0.0,0.0,-0.051988404244184494,0.2223886251449585,0.0,0.23821084201335907,0.2590578496456146,0.2853550314903259,-1.532389760017395,-1.4933406114578247,-1.4442920684814453,0.0,1.0
50176,49,9,178.5687522039667,145.66666666666666,-0.0032968023006105796,26.9450642824173,-0.22861819267272948,0.0024507891124812887,0.02060546875,0.5256515871733427,58.12187852859497,2.1709578037261963,9.763328552246094,50.81007385253906,26.568016052246094,48.63911437988281,26.595014572143555,0.8649553122663565,0.785190761089325,146.10781860351562,0.5,1.0,0.0,1.0,0.0,0.0,-0.05314945802092552,0.22393985092639923,0.0,0.23768089711666107,0.25683751702308655,0.2832806706428528,-1.5333918333053589,-1.4974932670593262,-1.4481226205825806,0.0,1.0
51200,50,4,143.87266129123245,138.75,-0.0035556296119466425,15.96126573085785,-0.24002517983317376,0.004097579006338492,0.0288818359375,0.5761850900948048,67.03574395179749,0.84939044713974,8.160770416259766,49.840606689453125,31.627117156982422,48.991214752197266,29.667512893676758,0.9334201155550244,1.020622730255127,196.34938049316406,0.625,1.0,0.0,1.0,0.0,0.0,-0.01862945966422558,0.22202886641025543,0.0,0.2342946082353592,0.25553396344184875,0.2850711941719055,-1.5398008823394775,-1.4999891519546509,-1.4448158740997314,0.0,1.0
52224,51,8,164.6746379832062,157.25,-0.004598008262109943,19.68553683757782,-0.24628713354468346,0.0045489876414649185,0.03974609375,0.5676178589463234,56.39557337760925,2.6110894680023193,8.084470748901367,49.20372772216797,33.75244140625,46.59263610839844,32.776432037353516,0.9426289302633799,1.1699955463409424,151.26451110839844,0.6,1.0,0.0,1.0,0.0,0.0,-0.02912965975701809,0.22475723922252655,0.0,0.23297597467899323,0.2543998658657074,0.28480619192123413,-1.5422992706298828,-1.5021158456802368,-1.4453051090240479,0.0,1.0
53248,52,6,186.09574849678577,146.83333333333334,-0.0023588404699694367,14.039591908454895,-0.24970046654343606,0.0028486864393926226,0.015185546875,0.5032226361334324,39.79980964660645,3.333622455596924,5.8985676765441895,51.988128662109375,30.611162185668945,48.65450668334961,30.409984588623047,0.9628692663334152,1.0498099327087402,92.79979705810547,0.5,1.0,0.0,1.0,0.0,0.0,-0.03502647951245308,0.21993771195411682,0.0,0.23341520130634308,0.254454642534256,0.28499919176101685,-1.5414668321609497,-1.5020383596420288,-1.4449487924575806,0.0,1.0
54272,53,6,221.60270531432238,180.66666666666666,-0.005868402199121192,12.863560390472411,-0.24997049421072007,0.00278128701611422,0.039111328125,0.5546634364873171,75.57580094337463,5.352860450744629,6.602031230926514,47.098915100097656,30.384580612182617,41.746055603027344,33.46937942504883,0.9527884084914418,1.1632814407348633,296.5362854003906,0.55,1.0,0.0,1.0,0.0,0.0,-0.029999906197190285,0.22749939560890198,0.0,0.23117659986019135,0.25392627716064453,0.2850149869918823,-1.5457109212875366,-1.503031849861145,-1.4449195861816406,0.0,1.0
55296,54,7,179.70677605272698,158.14285714285714,-0.004946499632205814,23.105159759521484,-0.2504733994603157,0.00500358568970114,0.0436767578125,0.5457054175436497,57.845004653930665,-0.7692108750343323,9.539545059204102,58.057106018066406,29.519073486328125,58.826316833496094,27.028743743896484,0.8955640974276836,0.9310525059700012,136.60305786132812,0.575,1.0,0.0,1.0,0.0,0.0,-0.017238756641745567,0.2246086150407791,0.0,0.233831524848938,0.2551216185092926,0.2856283485889435,-1.5406780242919922,-1.5007935762405396,-1.4437875747680664,0.0,1.0
56320,55,6,141.75626410436442,147.66666666666666,-0.003268569754436612,33.53481695652008,-0.2404572531580925,0.0026008424581959845,0.0274169921875,0.5315970063209534,70.73015208244324,-0.22984397411346436,10.904913902282715,56.61663055419922,32.148094177246094,56.84646987915039,27.807201385498047,0.8849374501046678,0.8793805241584778,152.98367309570312,0.475,1.0,0.0,1.0,0.0,0.0,-0.013804991729557514,0.22295600175857544,0.0,0.23608897626399994,0.2571403682231903,0.28758683800697327,-1.5364035367965698,-1.4970054626464844,-1.4401755332946777,0.0,1.0
57344,56,7,183.36550021646823,156.28571428571428,-0.003155410062754527,17.056189346313477,-0.22977594509720803,0.002877318648097571,0.0199951171875,0.5311599913984537,48.32234010696411,3.1739959716796875,6.853713512420654,53.250511169433594,30.19426918029785,50.076515197753906,30.0168514251709,0.9484767938722224,0.9021354913711548,107.89686584472656,0.6,1.0,0.0,1.0,0.0,0.0,-0.01822551339864731,0.22517959773540497,0.0,0.2357267588376999,0.25846388936042786,0.28991952538490295,-1.5370891094207764,-1.4945310354232788,-1.4358785152435303,0.0,1.0
58368,57,6,187.61305494733085,151.33333333333334,-0.002884977660141885,15.105165147781372,-0.22433921694755554,0.0021071860217489304,0.0183837890625,0.5502278998494148,60.68810377120972,3.2184395790100098,7.250854969024658,50.12428665161133,30.589689254760742,46.905845642089844,31.35108757019043,0.943813978065791,0.9613744020462036,195.78639221191406,0.5,1.0,0.0,1.0,0.0,0.0,-0.014234746806323528,0.22133614122867584,0.0,0.23651866614818573,0.2592969834804535,0.2886658012866974,-1.535590410232544,-1.49294912815094,-1.4381873607635498,0.0,1.0
59392,58,7,226.9186746403363,185.71428571428572,-0.0036015010788105427,22.95624444484711,-0.22218406870961188,0.0037837757205124944,0.03974609375,0.5171173915266991,66.36937379837036,1.6707754135131836,10.072731971740723,47.55279541015625,35.58503341674805,45.88201904296875,36.61647033691406,0.919876530606441,0.825595498085022,199.54676818847656,0.5,1.0,0.0,1.0,0.0,0.0,-0.027921369299292564,0.22564572095870972,0.0,0.23621119558811188,0.2589779198169708,0.28925037384033203,-1.5361722707748413,-1.4935358762741089,-1.4371106624603271,0.0,1.0
60416,59,4,130.48878223958883,130.0,-0.0034953885013237597,27.937827825546265,-0.22127411030232907,0.006471550249261782,0.045849609375,0.49708484709262846,90.48928833007812,1.9648441076278687,10.523985862731934,53.75010681152344,30.5051212310791,51.78526306152344,31.92458152770996,0.8809813569271382,0.8340482711791992,211.04234313964844,0.45,1.0,0.0,1.0,0.0,0.0,-0.027401188388466835,0.21897323429584503,0.0,0.23919451236724854,0.26027992367744446,0.2915187478065491,-1.5305304527282715,-1.4911041259765625,-1.4329358339309692,0.0,1.0
61440,60,7,193.50205276946647,179.0,-0.003972734441049397,23.884556460380555,-0.21565701626241207,0.005387100022926461,0.0257568359375,0.5478244211524725,59.37705507278442,0.460942804813385,9.106380462646484,54.80033493041992,36.01857376098633,54.33938980102539,33.50113296508789,0.9360797372395554,1.0421470403671265,151.8838348388672,0.55,1.0,0.0,1.0,0.0,0.0,-0.027426889166235924,0.2216179072856903,0.0,0.24012145400047302,0.2601969540119171,0.29352569580078125,-1.5287790298461914,-1.491300106048584,-1.4292466640472412,0.0,1.0
62464,61,6,196.48877193226573,174.83333333333334,-0.0035681248526088895,23.310813653469086,-0.21915062256157397,0.004439489395008422,0.0371337890625,0.5825874522328377,56.6568088054657,2.5472047328948975,9.109848976135254,40.77549743652344,35.069908142089844,38.228294372558594,35.04764938354492,0.9325234213571201,1.1356168985366821,122.39031982421875,0.625,1.0,0.0,1.0,0.0,0.0,-0.042157769203186035,0.2236035317182541,0.0,0.24021561443805695,0.2595280110836029,0.29191669821739197,-1.5286011695861816,-1.492524266242981,-1.432204008102417,0.0,1.0
63488,62,7,188.16807234777625,176.85714285714286,-0.0037792554590851068,12.083000969886779,-0.22214070297777652,0.0025131087561021557,0.036083984375,0.5691538482904435,61.709865999221805,-0.36966150999069214,6.831401824951172,53.86791229248047,34.41481018066406,54.237571716308594,33.571441650390625,0.9605970375136517,0.932295024394989,178.84266662597656,0.575,1.0,0.0,1.0,0.0,0.0,-0.004670015070587397,0.22902056574821472,0.0,0.23844224214553833,0.2589455842971802,0.2906622886657715,-1.5319523811340332,-1.4936522245407104,-1.434511423110962,0.0,1.0
64512,63,4,200.28160493160783,190.75,-0.0035515240917447953,16.01537557840347,-0.22533791661262512,0.004544602776877582,0.0383056640625,0.5291404351592064,51.68106322288513,2.5958423614501953,7.37407112121582,45.258209228515625,33.3642578125,42.6623649597168,34.28944778442383,0.9511514477295016,1.1989352703094482,140.19058227539062,0.425,1.0,0.0,1.0,0.0,0.0,-0.019886353984475136,0.22211115062236786,0.0,0.23607298731803894,0.2584688663482666,0.2910454571247101,-1.5364338159561157,-1.4945231676101685,-1.4338064193725586,0.0,1.0
65536,64,6,203.41728710504083,170.66666666666666,-0.003106234862934798,16.787227940559386,-0.22751935347914695,0.003065806211088784,0.024853515625,0.48860450834035873,54.41882004737854,2.4147510528564453,8.122314453125,55.365699768066406,33.66965103149414,52.950950622558594,33.4767951965332,0.941805463074659,0.8172778487205505,125.6426773071289,0.425,1.0,0.0,1.0,0.0,0.0,-0.024612179026007652,0.2216269075870514,0.0,0.23610901832580566,0.2582452595233917,0.2903437316417694,-1.5363656282424927,-1.494931697845459,-1.4350976943969727,0.0,1.0
66560,65,8,180.90468276159675,153.125,-0.00408574384637177,7.984301519393921,-0.22882396951317788,0.004164193717588205,0.0397216796875,0.522739477455616,28.46580810546875,-0.7132906317710876,5.80550479888916,55.88615417480469,29.810575485229492,56.59944152832031,29.26656723022461,0.9620738108781597,1.008867621421814,74.70597076416016,0.475,1.0,0.0,1.0,0.0,0.0,-0.03017325885593891,0.22331935167312622,0.0,0.23628012835979462,0.2579502761363983,0.29083460569381714,-1.5360417366027832,-1.4955302476882935,-1.4341943264007568,0.0,1.0
67584,66,5,180.79644941850228,157.2,-0.004089974425733089,6.341407537460327,-0.23024103045463562,0.001024559434154071,0.0199951171875,0.534869571775198,31.372505235671998,2.65714168548584,4.8135199546813965,49.999908447265625,31.122068405151367,47.3427734375,32.38420104980469,0.9760784827870264,0.9192895889282227,103.57959747314453,0.575,1.0,0.0,1.0,0.0,0.0,-0.023566802963614464,0.2196550965309143,0.0,0.23657596111297607,0.25764477252960205,0.2911456525325775,-1.5354819297790527,-1.4961045980453491,-1.433622121810913,0.0,1.0
68608,67,6,214.4767757851571,188.33333333333334,-0.0032376040064264087,15.053658497333526,-0.23109599575400352,0.003310266084736213,0.023876953125,0.5316317208111286,50.4639151096344,3.780433177947998,6.578699588775635,45.77432632446289,33.56816101074219,41.99388885498047,34.810611724853516,0.9615917113195879,0.8997722268104553,145.14076232910156,0.525,1.0,0.0,1.0,0.0,0.0,-0.028821514919400215,0.22177113592624664,0.0,0.23745575547218323,0.2578679025173187,0.2914435565471649,-1.5338176488876343,-1.495697021484375,-1.4330742359161377,0.0,1.0
69632,68,6,192.70506323542136,189.16666666666666,-0.0026656406815163793,21.09753546714783,-0.23387953042984008,0.004942696946091019,0.01845703125,0.5268501967191697,80.90618538856506,0.7684451341629028,9.493575096130371,45.61967468261719,39.38845443725586,44.851234436035156,39.066619873046875,0.9419072792048988,0.8671537637710571,387.0609436035156,0.575,1.0,0.0,1.0,0.0,0.0,-0.02415153943002224,0.2233586311340332,0.0,0.23832909762859344,0.2562410831451416,0.2889012098312378,-1.5321662425994873,-1.4987202882766724,-1.437753677368164,0.0,1.0
70656,69,7,171.08934346930073,158.71428571428572,-0.0032055280287750067,17.24688218832016,-0.24114390313625336,0.003227075825270731,0.040234375,0.44283863753080366,104.51057415008545,-1.0404472351074219,8.65213394165039,49.554893493652344,32.743377685546875,50.595340728759766,31.988677978515625,0.9301768362476781,0.7388237714767456,258.43402099609375,0.4,1.0,0.0,1.0,0.0,0.0,-0.030270645394921303,0.21914790570735931,0.0,0.23824414610862732,0.2558530867099762,0.28911975026130676,-1.5323268175125122,-1.4994584321975708,-1.4373512268066406,0.0,1.0
71680,70,4,197.9273170530302,174.0,-0.004075095057487488,7.295425671339035,-0.23884280771017075,0.004306674681720324,0.037060546875,0.4979467675089836,39.960841262340544,-1.1041476726531982,6.100656032562256,52.257293701171875,29.38065528869629,53.36144256591797,29.037906646728516,0.956884824446317,0.918927013874054,148.4159698486328,0.475,1.0,0.0,1.0,0.0,0.0,-0.019778922200202942,0.2218705266714096,0.0,0.2363174855709076,0.25683459639549255,0.292212575674057,-1.5359710454940796,-1.49764883518219,-1.4316599369049072,0.0,1.0
72704,71,7,186.59479522393113,172.42857142857142,-0.004054634302156046,7.155111807584762,-0.23485315665602685,0.0024392441599047745,0.030078125,0.5202159531414509,34.88963589668274,2.927671194076538,4.491788864135742,59.612125396728516,32.075164794921875,56.684452056884766,33.12971496582031,0.9803889493795568,0.9504565596580505,111.35730743408203,0.475,1.0,0.0,1.0,0.0,0.0,-0.01499916985630989,0.22115977108478546,0.0,0.2368466854095459,0.25710615515708923,0.2917328178882599,-1.5349698066711426,-1.497094988822937,-1.432542085647583,0.0,1.0
73728,72,7,187.10221554128537,177.57142857142858,-0.005387555836932734,17.82724838256836,-0.2338331498205662,0.005137533474771772,0.065478515625,0.570419805496931,95.14330520629883,-0.09292818605899811,9.074662208557129,43.02397918701172,36.14162063598633,43.116912841796875,36.80938720703125,0.9369557263608218,0.999684751033783,275.958740234375,0.525,1.0,0.0,1.0,0.0,0.0,-0.009116518311202526,0.22157879173755646,0.0,0.23497267067432404,0.25740572810173035,0.2926963269710541,-1.5385167598724365,-1.496566891670227,-1.430770754814148,0.0,1.0
74752,73,4,187.22131414620162,164.25,-0.0037070914811920376,13.285376739501952,-0.23339086696505545,0.001550907114869915,0.022412109375,0.5441028419882059,69.9409384727478,1.171044945716858,7.869071960449219,50.3748779296875,31.951892852783203,49.203834533691406,31.66010284423828,0.9393467736358867,1.0848578214645386,238.3591766357422,0.55,1.0,0.0,1.0,0.0,0.0,-0.012695138342678547,0.22133025527000427,0.0,0.23198257386684418,0.2570003569126129,0.293308287858963,-1.5441824197769165,-1.497339129447937,-1.4296462535858154,0.0,1.0
75776,74,5,225.02470491091634,209.4,-0.0021172935725189746,21.34186714887619,-0.2327322043478489,0.0015804709561052731,0.016845703125,0.5550668329000473,88.24791007041931,-0.9688109159469604,9.99924087524414,54.28697204589844,36.4857063293457,55.25578308105469,37.98148727416992,0.9248915955339009,0.9699959754943848,253.4840545654297,0.525,1.0,0.0,1.0,0.0,0.0,-0.0019797785207629204,0.22125603258609772,0.0,0.23315557837486267,0.2580513656139374,0.2936086058616638,-1.5419588088989258,-1.4953912496566772,-1.4290944337844849,0.0,1.0
76800,75,5,158.52964654532985,170.4,-0.0032038146979175507,12.547207701206208,-0.22947876155376434,0.004359406590810977,0.042431640625,0.5115478664636612,61.37167758941651,1.031754732131958,7.14841890335083,49.9638557434082,38.32422637939453,48.932098388671875,38.8713264465332,0.9652084962067066,0.9061172008514404,217.89907836914062,0.45,1.0,0.0,1.0,0.0,0.0,-0.00521977199241519,0.2213241159915924,0.0,0.23385490477085114,0.2576484978199005,0.2923763692378998,-1.5406337976455688,-1.4961204528808594,-1.431358814239502,0.0,1.0
77824,76,6,216.5165424997701,177.0,-0.004699071636423469,8.557848107814788,-0.23443157970905304,0.0030997360896435565,0.0235107421875,0.5140485972166061,57.26321535110473,2.2985575199127197,5.983284950256348,52.007415771484375,34.719154357910156,49.70885467529297,36.43935775756836,0.9703010516981071,0.9646254777908325,193.94017028808594,0.4,1.0,0.0,1.0,0.0,0.0,-0.0047325072810053825,0.2188825011253357,0.0,0.2327057272195816,0.25642770528793335,0.2910417318344116,-1.542811393737793,-1.4984065294265747,-1.4338133335113525,0.0,1.0
78848,77,5,226.7234647299841,208.2,-0.004104687878862023,9.045910036563873,-0.23720229640603066,0.003663175662222784,0.045263671875,0.5610358186066151,64.05639343261718,3.5802276134490967,5.721440315246582,46.64253234863281,36.58549880981445,43.06230163574219,38.393428802490234,0.9755435837542104,1.1096614599227905,200.32119750976562,0.55,1.0,0.0,1.0,0.0,0.0,0.008005036972463131,0.22274689376354218,0.0,0.23414301872253418,0.2570748031139374,0.290934294462204,-1.5400879383087158,-1.4971855878829956,-1.4340109825134277,0.0,1.0
79872,78,6,205.1422549830585,206.0,-0.004104665369959548,16.367080080509187,-0.2320818319916725,0.0054606871257419694,0.044921875,0.48702176958322524,72.07699918746948,-0.3256317675113678,8.573112487792969,55.09223556518555,36.25593948364258,55.41786575317383,34.704349517822266,0.9440862326693116,0.9566980600357056,196.17845153808594,0.4,1.0,0.0,1.0,0.0,0.0,0.012575403787195683,0.22580431401729584,0.0,0.23508904874324799,0.25811338424682617,0.2918950617313385,-1.5382963418960571,-1.4952372312545776,-1.432243824005127,0.0,1.0
80896,79,7,178.40707964566118,164.71428571428572,-0.002211153006646782,13.320594787597656,-0.22716958150267602,0.0022631616709986703,0.017529296875,0.5298889610916376,73.4677514076233,-2.0279159545898438,7.374969959259033,59.65019226074219,37.288421630859375,61.67810821533203,32.90461349487305,0.9608823720624237,0.9015122652053833,229.45611572265625,0.55,1.0,0.0,1.0,0.0,0.0,-0.004643915221095085,0.22557368874549866,0.0,0.2345731258392334,0.2586316168308258,0.29235658049583435,-1.5392733812332153,-1.4942423105239868,-1.4313952922821045,0.0,1.0
81920,80,4,182.81255614595867,154.5,-0.00385368331335485,11.678213673830033,-0.22720013782382012,0.005526332878798712,0.0384765625,0.4830723494291306,67.33403960466384,-1.4924581050872803,7.377079486846924,58.924964904785156,35.548683166503906,60.41741943359375,35.1525764465332,0.9569352572649308,0.8674140572547913,210.42190551757812,0.375,1.0,0.0,1.0,0.0,0.0,-0.010514605790376663,0.2236347645521164,0.0,0.2352311909198761,0.2580365240573883,0.2883857488632202,-1.538027286529541,-1.495330810546875,-1.4387032985687256,0.0,1.0
82944,81,7,178.1766112241107,172.85714285714286,-0.00425929383491166,8.599325913190842,-0.22831321731209755,0.005645223296596669,0.034375,0.5158102683722973,52.552161645889285,-0.7628376483917236,6.621975421905518,55.37608337402344,35.36930847167969,56.138919830322266,35.017845153808594,0.964947255427124,0.8660926818847656,156.82427978515625,0.475,1.0,0.0,1.0,0.0,0.0,-0.0008206653292290866,0.22424665093421936,0.0,0.23542925715446472,0.2585252523422241,0.2896106541156769,-1.5376522541046143,-1.4944201707839966,-1.4364471435546875,0.0,1.0
83968,82,7,189.79576921449853,184.85714285714286,-0.003005055943503976,20.69757854938507,-0.2235042780637741,0.0030238255436415783,0.016748046875,0.4893068574368954,87.63465275764466,0.44320914149284363,9.183831214904785,45.341304779052734,41.83110046386719,44.89809036254883,41.78984069824219,0.9517997473036026,0.8383067846298218,288.64483642578125,0.45,1.0,0.0,1.0,0.0,0.0,0.011657279916107655,0.22695238888263702,0.0,0.23496586084365845,0.25954753160476685,0.2922010123729706,-1.538529634475708,-1.4925092458724976,-1.4316812753677368,0.0,1.0
84992,83,6,150.36892678869447,147.0,-0.0038130996865220366,15.267139822244644,-0.2255435287952423,0.004483220328984317,0.028857421875,0.5760990798473358,96.66394319534302,-1.3673715591430664,8.82506275177002,52.75365447998047,36.888187408447266,54.121028900146484,36.82246017456055,0.9427650944140343,1.0069737434387207,266.1426086425781,0.625,1.0,0.0,1.0,0.0,0.0,0.014693786390125751,0.22793811559677124,0.0,0.231913223862648,0.2574108839035034,0.29195356369018555,-1.544313907623291,-1.4965462684631348,-1.4321362972259521,0.0,1.0
86016,84,6,206.82035134183107,184.16666666666666,-0.004598725365940482,27.31880443096161,-0.23528884649276732,0.0029014907762757503,0.02001953125,0.528882659226656,133.67974510192872,2.227660655975342,11.551088333129883,49.19099044799805,43.88980484008789,46.96332550048828,48.08432388305664,0.9307342419293756,1.145082950592041,398.6719055175781,0.5,1.0,0.0,1.0,0.0,0.0,0.017764845862984657,0.22636575996875763,0.0,0.23193857073783875,0.25669917464256287,0.2908361554145813,-1.544265866279602,-1.4978671073913574,-1.4341914653778076,0.0,1.0
87040,85,6,195.36594061191522,173.33333333333334,-0.0045851607399526985,19.184585654735564,-0.23536343425512313,0.0013382003467995673,0.0419677734375,0.5444631792604924,78.53089423179627,-0.4081863760948181,8.841387748718262,48.67609405517578,36.1373405456543,49.08428192138672,37.76430130004883,0.9401411301582023,0.8778916001319885,197.5565643310547,0.575,1.0,0.0,1.0,0.0,0.0,0.009873641654849052,0.22499482333660126,0.0,0.23256942629814148,0.25724419951438904,0.2902422845363617,-1.543069839477539,-1.4968376159667969,-1.4352843761444092,0.0,1.0
88064,86,4,206.8878064201994,178.75,-0.0057998468051664535,6.1546667397022246,-0.23107501417398452,0.0042061304862727415,0.050439453125,0.5987247675657272,47.40336158275604,1.9316827058792114,5.127199172973633,55.44483947753906,34.83786392211914,53.513160705566406,36.356876373291016,0.9783400592675352,1.0393321514129639,143.46678161621094,0.65,1.0,0.0,1.0,0.0,0.0,0.02128571830689907,0.22566582262516022,0.0,0.23296494781970978,0.25813835859298706,0.2921987771987915,-1.5423201322555542,-1.495186448097229,-1.431685447692871,0.0,1.0
89088,87,6,215.1186731547451,185.0,-0.0032151658087968826,6.710028141736984,-0.22654417529702187,0.0021767403188277966,0.0223876953125,0.4992626205086708,41.02522583007813,0.98763108253479,5.463536739349365,52.62068176269531,36.23919677734375,51.63304901123047,37.975341796875,0.9772704644555092,0.7830258011817932,116.71841430664062,0.45,1.0,0.0,1.0,0.0,0.0,0.01710391975939274,0.22418524324893951,0.0,0.23334243893623352,0.25892725586891174,0.29317647218704224,-1.54160475730896,-1.4937337636947632,-1.429888367652893,0.0,1.0
90112,88,7,180.79354570916513,172.42857142857142,-0.002647582808276638,12.047086036205291,-0.22355725169181823,0.0016083912065369076,0.0194091796875,0.512224055081606,45.22581224441528,-2.0001943111419678,6.216730117797852,56.950199127197266,34.77025604248047,58.95039367675781,34.123191833496094,0.9680325339488246,0.8486471176147461,131.57090759277344,0.375,1.0,0.0,1.0,0.0,0.0,0.01706978678703308,0.2265373319387436,0.0,0.23223184049129486,0.25903844833374023,0.2940671145915985,-1.5437097549438477,-1.4935141801834106,-1.4282522201538086,0.0,1.0
91136,89,5,167.2817681360155,170.6,-0.0033991450327448547,15.890311062335968,-0.22455994486808778,0.0047379533047205765,0.0355224609375,0.5033511899411678,55.858910369873044,-1.7436565160751343,7.587655067443848,51.44648742675781,38.152767181396484,53.190147399902344,38.04970932006836,0.9604484845138843,0.780928373336792,131.74789428710938,0.4,1.0,0.0,1.0,0.0,0.0,0.007944159209728241,0.22634555399417877,0.0,0.23087766766548157,0.25878894329071045,0.2961006164550781,-1.5462779998779297,-1.494041085243225,-1.4245197772979736,0.0,1.0
92160,90,7,186.26901953606648,178.71428571428572,-0.004921738803386688,7.138780951499939,-0.22659073397517204,0.0038098075267043894,0.047802734375,0.4836128581315279,37.07363719940186,1.2470725774765015,5.849919319152832,47.70051574707031,38.080322265625,46.45344543457031,39.305877685546875,0.976400732876173,0.8405494093894958,107.95441436767578,0.375,1.0,0.0,1.0,0.0,0.0,0.01694943755865097,0.22828012704849243,0.0,0.23078876733779907,0.25819435715675354,0.2951006293296814,-1.5464465618133545,-1.4951591491699219,-1.4263546466827393,0.0,1.0
93184,91,8,160.88972425810562,150.0,-0.006234347523422912,17.67246230840683,-0.23240572288632394,0.003549703353201039,0.048486328125,0.6068152174353599,57.01223163604736,-2.1340315341949463,7.596683502197266,51.473045349121094,35.52607727050781,53.60707473754883,34.374969482421875,0.954275007368084,1.3595906496047974,146.4667205810547,0.6,1.0,0.0,1.0,0.0,0.0,0.0057683042250573635,0.22585821151733398,0.0,0.22906643152236938,0.25686225295066833,0.2945267856121063,-1.5497153997421265,-1.4976234436035156,-1.427408218383789,0.0,1.0
94208,92,2,224.16732428251555,234.0,-0.0035778575344011187,6.047925716638565,-0.23512782752513886,0.0024804967019008473,0.0316162109375,0.5730614602565766,39.416880917549136,1.1041538715362549,5.207086563110352,43.54772186279297,33.67710876464844,42.443572998046875,35.899776458740234,0.976093281322504,1.1333924531936646,107.48837280273438,0.575,1.0,0.0,1.0,0.0,0.0,0.003268621163442731,0.23232661187648773,0.0,0.23042693734169006,0.2573176324367523,0.2959156036376953,-1.5471330881118774,-1.4968305826187134,-1.4248592853546143,0.0,1.0
95232,93,6,205.28487292287443,179.66666666666666,-0.0034011446870863436,14.250102329254151,-0.23084569126367568,0.0015902186743915081,0.021630859375,0.5095202036201953,77.36660189628601,0.030430257320404053,8.592150688171387,54.97040939331055,36.07098388671875,54.939979553222656,38.509796142578125,0.943260191383368,0.7915945649147034,186.2664794921875,0.525,1.0,0.0,1.0,0.0,0.0,-0.005176577251404524,0.23160813748836517,0.0,0.23141030967235565,0.2583220899105072,0.29796290397644043,-1.5452675819396973,-1.4949263334274292,-1.4211053848266602,0.0,1.0
96256,94,8,161.7742550570175,160.625,-0.005185015907045454,16.09836094379425,-0.22635748460888863,0.003963765784283169,0.0571044921875,0.6448796130716801,67.38740558624268,-1.3293665647506714,8.08709716796875,54.75144958496094,37.67852783203125,56.08081817626953,35.72709655761719,0.9539322114199908,1.304779052734375,189.07080078125,0.675,1.0,0.0,1.0,0.0,0.0,0.001367121352814138,0.23028141260147095,0.0,0.23162676393985748,0.25886431336402893,0.30001020431518555,-1.544857144355774,-1.4939740896224976,-1.417356014251709,0.0,1.0
97280,95,7,177.6041803260699,145.42857142857142,-0.005194633069913834,14.544507896900177,-0.2259773939847946,0.0031918694454361684,0.0374267578125,0.5345545791089534,68.12937388420104,0.492498517036438,7.965160369873047,57.1252555847168,34.67306137084961,56.632755279541016,34.473636627197266,0.9472278747194006,0.8451566100120544,191.3018798828125,0.65,1.0,0.0,1.0,0.0,0.0,0.00873255543410778,0.22975347936153412,0.0,0.22908826172351837,0.25848445296287537,0.3011804521083832,-1.5496740341186523,-1.4946961402893066,-1.415215015411377,0.0,1.0
98304,96,6,197.41120790386478,165.0,-0.00297050186782144,12.464752221107483,-0.2283816210925579,0.002271436651062686,0.0350830078125,0.5141343776136637,81.87805137634277,-2.628678798675537,6.9194769859313965,50.682891845703125,32.06853485107422,53.31156921386719,30.70496368408203,0.9534426520776925,1.0023900270462036,235.55593872070312,0.5,1.0,0.0,1.0,0.0,0.0,0.025227060541510582,0.22531014680862427,0.0,0.22860540449619293,0.2580813765525818,0.3019244968891144,-1.5505907535552979,-1.495465636253357,-1.4138543605804443,0.0,1.0
99328,97,6,164.1770451550168,166.16666666666666,-0.00395318393711932,6.649057525396347,-0.22963764742016793,0.0028477347674197516,0.02607421875,0.5340604145079851,47.872027087211606,-0.4928593933582306,5.867908477783203,51.53923034667969,32.549190521240234,52.03208541870117,32.43464660644531,0.9674997778193134,1.0236178636550903,163.3779754638672,0.525,1.0,0.0,1.0,0.0,0.0,0.0057044788263738155,0.22995375096797943,0.0,0.2282785326242447,0.25806310772895813,0.3022870719432831,-1.5512115955352783,-1.4955018758773804,-1.413191556930542,0.0,1.0
100352,98,7,186.3441823390685,158.85714285714286,-0.004404071130556986,6.583223095536232,-0.23099156096577644,0.0058893352601444345,0.0333740234375,0.5613840997219086,43.18327887058258,2.193791151046753,5.35022497177124,56.502830505371094,36.00001907348633,54.30903625488281,37.91164016723633,0.9779129026258164,0.9092786908149719,146.6799774169922,0.525,1.0,0.0,1.0,0.0,0.0,0.008631539531052113,0.2276533842086792,0.0,0.2281617969274521,0.25743070244789124,0.29972806572914124,-1.5514333248138428,-1.4966505765914917,-1.4178725481033325,0.0,1.0
101376,99,6,211.60397676056792,176.33333333333334,-0.0037053115374874324,5.104522955417633,-0.23438567966222762,0.0022274332208326087,0.0282470703125,0.5161930069327354,47.76525526046753,0.6815404891967773,5.69245719909668,51.359962463378906,34.657997131347656,50.67842102050781,36.700321197509766,0.9730230622050472,0.9623743891716003,145.55923461914062,0.5,1.0,0.0,1.0,0.0,0.0,0.001580437645316124,0.2327410727739334,0.0,0.2288268655538559,0.25693875551223755,0.29888486862182617,-1.5501703023910522,-1.4975613355636597,-1.4194164276123047,0.0,1.0
102400,100,8,161.74484307561767,154.25,-0.004788047360489145,13.01334438920021,-0.23453769087791443,0.006807775498600677,0.0449951171875,0.49157256409525873,68.11849489212037,-3.264353036880493,7.229815483093262,55.0448112487793,33.21049880981445,58.309165954589844,31.364948272705078,0.9526081577602709,0.8092181086540222,182.43789672851562,0.425,1.0,0.0,1.0,0.0,0.0,-0.0128399059176445,0.22943952679634094,0.0,0.23045338690280914,0.2576513886451721,0.29789483547210693,-1.5470829010009766,-1.4961942434310913,-1.4212300777435303,0.0,1.0
103424,101,4,142.21491705236866,139.25,-0.0037864218815229834,11.922791463136672,-0.23320816084742546,0.004344346615835093,0.0386962890625,0.49154986813664436,81.58577942848206,-4.375310897827148,6.3694047927856445,57.37268829345703,33.80299377441406,61.74799728393555,31.368558883666992,0.9644951730778029,0.8029293417930603,247.03961181640625,0.45,1.0,0.0,1.0,0.0,0.0,0.0009419047273695469,0.22750408947467804,0.0,0.22900718450546265,0.2568570673465729,0.2967947721481323,-1.5498279333114624,-1.4976825714111328,-1.4232466220855713,0.0,1.0
104448,102,7,163.98705336625946,180.14285714285714,-0.0038630095543339847,8.706349515914917,-0.2395118698477745,0.004393114878621418,0.0309814453125,0.5553816750645637,50.18316643238067,0.43802398443222046,6.439239025115967,41.02392578125,39.650909423828125,40.585899353027344,41.719234466552734,0.9736268043370008,1.0407706499099731,149.19216918945312,0.575,1.0,0.0,1.0,0.0,0.0,0.006401458289474249,0.24045930802822113,0.0,0.22619028389453888,0.2556135952472687,0.2950819134712219,-1.5551795959472656,-1.500038743019104,-1.4263889789581299,0.0,1.0
105472,103,6,152.23310358378941,147.5,-0.006539555464405567,12.03981980085373,-0.24359666481614112,0.0049312622330035085,0.0579833984375,0.5007386166602373,58.790950417518616,-2.2186789512634277,6.879611015319824,49.10011291503906,35.44040298461914,51.31879425048828,34.457984924316406,0.96231830676986,1.236560583114624,158.6212158203125,0.475,1.0,0.0,1.0,0.0,0.0,0.021474240347743034,0.22677849233150482,0.0,0.22258718311786652,0.25588059425354004,0.2974375784397125,-1.5620348453521729,-1.4995707273483276,-1.4220681190490723,0.0,1.0
106496,104,7,168.1199307906539,158.85714285714286,-0.006345915951533243,12.176970463991164,-0.24225105196237565,0.008022039188654162,0.066015625,0.5474798776209354,58.78382573127747,-0.3361380100250244,7.525417327880859,49.839332580566406,36.98223114013672,50.17546844482422,38.65303039550781,0.9585928791616778,1.2630919218063354,155.49400329589844,0.575,1.0,0.0,1.0,0.0,0.0,0.01672416180372238,0.23427432775497437,0.0,0.2206006944179535,0.2553923428058624,0.29807329177856445,-1.5658190250396729,-1.500515103340149,-1.420903205871582,0.0,1.0
107520,105,7,184.61547204693235,162.14285714285714,-0.004340271884575486,7.779953050613403,-0.24584852084517478,0.005452540219994262,0.0416259765625,0.5394776955246925,44.1725195646286,0.8135109543800354,5.930207252502441,51.01879119873047,35.95588302612305,50.20528030395508,37.139259338378906,0.9727980632699972,0.9153987169265747,117.0624008178711,0.475,1.0,0.0,1.0,0.0,0.0,0.031683195382356644,0.22676633298397064,0.0,0.2195754051208496,0.25512704253196716,0.29678019881248474,-1.5677733421325684,-1.5010108947753906,-1.4232733249664307,0.0,1.0
108544,106,6,167.1740885276495,167.0,-0.004457693616859615,11.984187591075898,-0.2496043398976326,0.001910631357168313,0.0349609375,0.5009912401437759,73.21048579216003,-2.3082127571105957,7.6546244621276855,42.280635833740234,37.08364486694336,44.588844299316406,37.60859298706055,0.9573928061750414,0.9188245534896851,208.8326416015625,0.525,1.0,0.0,1.0,0.0,0.0,0.027985811233520508,0.23232828080654144,0.0,0.2192942500114441,0.25358739495277405,0.29186809062957764,-1.5683094263076782,-1.50381600856781,-1.43229341506958,0.0,1.0
109568,107,5,174.31890121548935,155.8,-0.005032682884484529,5.936284735798836,-0.25681528076529503,0.007552590763953049,0.073046875,0.5783978272229433,36.71810774803161,0.8778703808784485,5.754607200622559,51.40660858154297,31.752824783325195,50.52873992919922,34.216983795166016,0.9671552010404967,1.2942533493041992,108.63581848144531,0.525,1.0,0.0,1.0,0.0,0.0,-0.003815834643319249,0.22706495225429535,0.0,0.21875399351119995,0.25293096899986267,0.29144129157066345,-1.5693397521972656,-1.5050638914108276,-1.4330782890319824,0.0,1.0
110592,108,6,180.16677277723298,163.0,-0.0041480593150481585,8.020555579662323,-0.26305495351552965,0.0027074093159171753,0.0400390625,0.5132468111813069,67.74121131896973,0.9222774505615234,7.223433017730713,49.0399284362793,38.0286865234375,48.117652893066406,42.00646209716797,0.9639201579777088,0.7977879047393799,314.3619689941406,0.475,1.0,0.0,1.0,0.0,0.0,0.012389078736305237,0.22848108410835266,0.0,0.21533091366291046,0.25081250071525574,0.2913949191570282,-1.5758732557296753,-1.5090986490249634,-1.4331636428833008,0.0,1.0
111616,109,8,176.25908584232198,165.375,-0.004221140767913312,21.903803193569182,-0.27551002204418185,0.0033599136455450206,0.033984375,0.5050122156739235,112.82143087387085,0.5972632169723511,10.579516410827637,39.98602294921875,40.80144500732422,39.388763427734375,45.39994430541992,0.9327673041032947,1.0968668460845947,455.79022216796875,0.3,1.0,0.0,1.0,0.0,0.0,0.013141761533915997,0.23011626303195953,0.0,0.21054479479789734,0.24913068115711212,0.29057830572128296,-1.5850242376327515,-1.5122756958007812,-1.4346659183502197,0.0,1.0
112640,110,7,166.065550232395,150.57142857142858,-0.005429582041688264,8.73194887638092,-0.28305464908480643,0.0016077410866273568,0.0335205078125,0.5362282231450081,62.41945464611054,0.8634525537490845,6.932482719421387,39.26707458496094,32.91386032104492,38.403621673583984,37.240299224853516,0.9556370957264387,1.1648417711257935,206.72239685058594,0.525,1.0,0.0,1.0,0.0,0.0,0.011818885803222656,0.23392511904239655,0.0,0.20924817025661469,0.24780410528182983,0.2882697880268097,-1.5875065326690674,-1.5147614479064941,-1.4389169216156006,0.0,1.0
113664,111,6,140.20073064364865,155.66666666666666,-0.004235043167136609,11.320164424180984,-0.2949970878660679,0.003410865881596692,0.03173828125,0.5567055504769087,68.47649953365325,-0.07393091917037964,7.504539966583252,40.696693420410156,37.9311637878418,40.77062225341797,39.354007720947266,0.9608568451452825,1.2816530466079712,213.6596221923828,0.55,1.0,0.0,1.0,0.0,0.0,0.011102394200861454,0.23104918003082275,0.0,0.207151398062706,0.2451154589653015,0.2848658859729767,-1.5915234088897705,-1.5198298692703247,-1.445194959640503,0.0,1.0
114688,112,5,163.2343471260984,183.0,-0.0034027930814772844,8.36238065958023,-0.30553835481405256,0.0008531993997166864,0.0212890625,0.4988487772643566,42.287801027297974,-0.3523903489112854,5.837602615356445,43.739200592041016,38.2001838684082,44.091590881347656,36.811744689941406,0.9766472475912772,0.9495701193809509,120.61013793945312,0.475,1.0,0.0,1.0,0.0,0.0,0.018234115093946457,0.230982705950737,0.0,0.20568089187145233,0.24420075118541718,0.2827887237071991,-1.5943424701690674,-1.5215352773666382,-1.4490317106246948,0.0,1.0
115712,113,5,204.40846436723638,189.0,-0.004516623180825264,11.98972492814064,-0.3074387267231941,0.0020271361514460295,0.0564208984375,0.6318971436470747,71.11024560928345,2.2293992042541504,7.177749156951904,39.45433044433594,30.556262969970703,37.224937438964844,32.84510040283203,0.9448207124987101,1.3601611852645874,183.02767944335938,0.675,1.0,0.0,1.0,0.0,0.0,0.006539327558130026,0.23458005487918854,0.0,0.2059849202632904,0.24432583153247833,0.2829727530479431,-1.593759536743164,-1.521278977394104,-1.4486916065216064,0.0,1.0
116736,114,6,166.08118239175067,155.0,-0.006010201631579548,9.129915237426758,-0.30579859763383865,0.005906960779975634,0.075146484375,0.5964273191988468,40.327286028862,-0.9207899570465088,6.058462619781494,51.718040466308594,29.934650421142578,52.63882827758789,28.455116271972656,0.9590384389903166,1.0732063055038452,119.3320083618164,0.7,1.0,0.0,1.0,0.0,0.0,-0.017725884914398193,0.22677697241306305,0.0,0.20812146365642548,0.2449561506509781,0.2821313142776489,-1.5896644592285156,-1.5200551748275757,-1.450247049331665,0.0,1.0
117760,115,8,153.3161520301329,162.125,-0.002940032395417802,11.798927283287048,-0.30364894568920137,0.0026574472023639826,0.0307373046875,0.5536040462553501,52.070651984214784,-0.38784176111221313,6.969613552093506,44.36173629760742,37.211341857910156,44.74958038330078,37.5350227355957,0.9649194254932917,1.3613440990447998,165.67855834960938,0.425,1.0,0.0,1.0,0.0,0.0,-0.011231050826609135,0.22405602037906647,0.0,0.20774251222610474,0.2444387525320053,0.28217193484306335,-1.5903905630111694,-1.5210691690444946,-1.450171947479248,0.0,1.0
118784,116,8,141.25318860060844,150.125,-0.004111977980937809,20.1847025513649,-0.30764014571905135,0.003288034191064071,0.0321044921875,0.5418528161942959,88.26999711990356,-1.6131516695022583,9.184904098510742,43.4814453125,38.29985046386719,45.09459686279297,37.283512115478516,0.9424884553992025,0.9553961753845215,251.5580596923828,0.525,1.0,0.0,1.0,0.0,0.0,-0.01384794432669878,0.2299981415271759,0.0,0.20526577532291412,0.24431031942367554,0.282902330160141,-1.595138669013977,-1.5213021039962769,-1.448821783065796,0.0,1.0
119808,117,8,156.28882510533663,147.75,-0.0027590415033046157,17.81482187509537,-0.30830817446112635,0.003517741832183674,0.02373046875,0.5702811770141125,78.10398769378662,-0.39776161313056946,8.939395904541016,42.78792190551758,35.80417251586914,43.18568420410156,37.106685638427734,0.9376625432289533,0.9254570603370667,231.55352783203125,0.625,1.0,0.0,1.0,0.0,0.0,-0.02292102389037609,0.227494478225708,0.0,0.20427842438220978,0.24357259273529053,0.280740350484848,-1.5970327854156494,-1.522691249847412,-1.4528197050094604,0.0,1.0
120832,118,6,167.19898746531092,148.66666666666666,-0.004106768872588873,8.40145110487938,-0.3133773639798164,0.006239214853849262,0.0590087890625,0.6124814584851265,50.20282139778137,2.0696866512298584,6.180896282196045,43.24641418457031,30.05231285095215,41.176727294921875,32.660343170166016,0.9576993532063246,1.2371453046798706,157.78480529785156,0.55,1.0,0.0,1.0,0.0,0.0,-0.020800398662686348,0.22545114159584045,0.0,0.2030719816684723,0.24285991489887238,0.2799477279186249,-1.5993483066558838,-1.5240446329116821,-1.4542865753173828,0.0,1.0
121856,119,5,171.69648967296706,159.4,-0.004118491429835558,8.74695720076561,-0.3172825537621975,0.0034597695397678764,0.035595703125,0.5213905595242977,50.120956897735596,1.0529701709747314,6.389029026031494,43.28054428100586,33.34396743774414,42.227569580078125,35.06936264038086,0.9632857052079034,1.12113618850708,131.2649688720703,0.425,1.0,0.0,1.0,0.0,0.0,0.011850831098854542,0.22985833883285522,0.0,0.20229338109493256,0.24202437698841095,0.2780264616012573,-1.6008433103561401,-1.525620937347412,-1.4578449726104736,0.0,1.0
122880,120,5,188.35604933577193,161.2,-0.003284378245007247,7.172562101483345,-0.3209137834608555,0.0011193956408533268,0.019677734375,0.5308749288320541,40.44667952060699,-0.2548488974571228,5.499841213226318,55.822166442871094,33.385196685791016,56.07701110839844,33.11817932128906,0.972861092287995,0.8234052658081055,110.44491577148438,0.575,1.0,0.0,1.0,0.0,0.0,0.013357351534068584,0.22677910327911377,0.0,0.20272265374660492,0.24175812304019928,0.27549779415130615,-1.6000189781188965,-1.526096224784851,-1.4625338315963745,0.0,1.0
123904,121,7,172.0559326033599,162.14285714285714,-0.003442009596619755,10.616182732582093,-0.3228681243956089,0.005581971211358905,0.0396728515625,0.6333208397030831,70.46727616786957,-0.2645435035228729,7.33834981918335,48.08058166503906,38.097373962402344,48.345123291015625,38.720951080322266,0.9628971958633359,1.2999885082244873,216.89976501464844,0.625,1.0,0.0,1.0,0.0,0.0,0.0035155024379491806,0.23039734363555908,0.0,0.20020189881324768,0.24115628004074097,0.2760477364063263,-1.6048612594604492,-1.5272420644760132,-1.4615135192871094,0.0,1.0
124928,122,8,139.69376130111704,144.375,-0.004192479874473065,17.713416135311128,-0.3255958169698715,0.003503122764232103,0.028466796875,0.5546999849379063,81.59960975646973,-2.6066436767578125,8.655865669250488,53.603370666503906,35.96806716918945,56.21001434326172,33.22298049926758,0.9420855699047987,1.1140773296356201,183.59368896484375,0.6,1.0,0.0,1.0,0.0,0.0,0.009357335045933723,0.2318209856748581,0.0,0.1991453319787979,0.24129898846149445,0.27649152278900146,-1.6068923473358154,-1.5269862413406372,-1.4606903791427612,0.0,1.0
125952,123,8,178.90348006413666,149.5,-0.004791206074878573,6.853053802251816,-0.32497681453824045,0.003537139541003853,0.035205078125,0.5733661469072103,38.94249694347381,0.9778522253036499,5.670151233673096,48.06951904296875,32.75878143310547,47.09166717529297,35.625511169433594,0.9700405557247809,1.069848895072937,101.56779479980469,0.5,1.0,0.0,1.0,0.0,0.0,0.004115525633096695,0.2292374074459076,0.0,0.19746671617031097,0.2405373454093933,0.2758026719093323,-1.6101210117340088,-1.5284647941589355,-1.461968183517456,0.0,1.0
126976,124,5,131.23840776561065,150.6,-0.0047384142642840745,13.20854303240776,-0.3311645708978176,0.005356696844683029,0.038916015625,0.533947479724884,75.94358854293823,-0.9597151279449463,7.803277015686035,39.99506759643555,33.96889877319336,40.95478057861328,33.5218620300293,0.9472295067243036,0.9201903343200684,233.58917236328125,0.575,1.0,0.0,1.0,0.0,0.0,-0.0006563980132341385,0.23359131813049316,0.0,0.19599013030529022,0.23973946273326874,0.27562564611434937,-1.6129627227783203,-1.5299944877624512,-1.4622966051101685,0.0,1.0
128000,125,9,163.3644087303245,140.11111111111111,-0.005320755235152319,5.20221122354269,-0.33572783395648004,0.0032689290019334294,0.0343017578125,0.5987518288195133,59.40430479049682,-0.8049966096878052,6.178671836853027,48.73928451538086,31.073467254638672,49.544281005859375,33.52674102783203,0.960462353756696,1.101375937461853,254.14935302734375,0.725,1.0,0.0,1.0,0.0,0.0,-0.014690025709569454,0.23349441587924957,0.0,0.19354888796806335,0.23858535289764404,0.2733290493488312,-1.6176645755767822,-1.5321675539016724,-1.4665603637695312,0.0,1.0
129024,126,7,154.72998380541438,135.42857142857142,-0.00441850523930043,2.539988674223423,-0.3419174425303936,0.003822391206631437,0.0400390625,0.5589452654123306,20.82515697479248,0.48860520124435425,3.579881191253662,48.83924102783203,29.893321990966797,48.35063552856445,31.318323135375977,0.9856586888096827,0.9186370968818665,64.65398406982422,0.65,1.0,0.0,1.0,0.0,0.0,-0.015630625188350677,0.23449565470218658,0.0,0.19278456270694733,0.23779433965682983,0.27254408597946167,-1.6191375255584717,-1.533650517463684,-1.4680190086364746,0.0,1.0
130048,127,6,171.7197544514078,140.16666666666666,-0.0034198121342342348,6.56183305978775,-0.3482001580297947,0.0036540532018989325,0.0176025390625,0.5085377715528011,32.725194454193115,-0.7247976064682007,5.2470269203186035,59.38314437866211,30.33102798461914,60.107940673828125,30.91455078125,0.9700737515972512,1.0582255125045776,92.40108489990234,0.375,1.0,0.0,1.0,0.0,0.0,-0.0173659548163414,0.2308521270751953,0.0,0.19037596881389618,0.2361072301864624,0.27027758955955505,-1.6237821578979492,-1.5368447303771973,-1.472233772277832,0.0,1.0
131072,128,8,161.11832818580928,143.5,-0.005933277367148548,3.2580390006303785,-0.35546422079205514,0.00799812076293165,0.0507568359375,0.586599825322628,28.27594702243805,-1.5043835639953613,3.6445441246032715,53.259681701660156,32.75324630737305,54.764060974121094,32.068050384521484,0.9876183750580209,1.1284379959106445,76.61357116699219,0.675,1.0,0.0,1.0,0.0,0.0,-0.003109968500211835,0.2352348417043686,0.0,0.189803808927536,0.2357517033815384,0.2703329920768738,-1.624886155128479,-1.5375494956970215,-1.4721306562423706,0.0,1.0
132096,129,8,145.99101600077083,145.75,-0.005068860645405948,16.0022833108902,-0.35413907170295716,0.003832902175781783,0.046142578125,0.5192535050213337,79.84826774597168,-2.258692979812622,8.134655952453613,48.69203186035156,36.10395812988281,50.95072555541992,34.17954635620117,0.9492345012712552,0.996111273765564,264.9141540527344,0.45,1.0,0.0,1.0,0.0,0.0,-0.005130368750542402,0.23813040554523468,0.0,0.18858538568019867,0.2366008311510086,0.27328068017959595,-1.6272377967834473,-1.5359574556350708,-1.4666502475738525,0.0,1.0
133120,130,6,171.07321317000637,140.0,-0.004584381845779717,3.6610333412885665,-0.34906378462910653,0.0039908137507154605,0.0255859375,0.5178942617028952,23.634613573551178,0.17812655866146088,4.052646636962891,48.7197380065918,31.872861862182617,48.54161071777344,32.743751525878906,0.9838327778153289,0.9461868405342102,64.31920623779297,0.525,1.0,0.0,1.0,0.0,0.0,-0.0017930181929841638,0.2313113510608673,0.0,0.18908917903900146,0.23708905279636383,0.2735377252101898,-1.626265287399292,-1.535033106803894,-1.466172695159912,0.0,1.0
134144,131,7,158.96544580396747,145.57142857142858,-0.004275819833856076,3.5930091589689255,-0.3510129161179066,0.004264835895446595,0.0303955078125,0.6335932113230228,27.16776784658432,-0.47238224744796753,4.232290267944336,59.03190612792969,32.21890640258789,59.50429153442383,32.897056579589844,0.9827444295587102,0.9495124220848083,80.8352279663086,0.725,1.0,0.0,1.0,0.0,0.0,-0.006599577143788338,0.23135077953338623,0.0,0.18815061450004578,0.2358992099761963,0.2730991840362549,-1.6280772686004639,-1.5373090505599976,-1.4669874906539917,0.0,1.0
135168,132,8,174.89999844933905,153.125,-0.005303885031025857,8.72635926604271,-0.35774490162730216,0.007088667443895247,0.0597412109375,0.6047526385635138,33.91315964460373,-0.21028143167495728,5.937638759613037,49.3675651550293,31.585163116455078,49.57784652709961,32.111446380615234,0.9646604260203004,1.086293339729309,90.72077941894531,0.575,1.0,0.0,1.0,0.0,0.0,-0.003053007647395134,0.23206298053264618,0.0,0.18634553253650665,0.2350243330001831,0.2722897529602051,-1.631563663482666,-1.5389851331710815,-1.4684916734695435,0.0,1.0
136192,133,5,167.19501244572376,150.8,-0.0029887478798627854,4.722488529980183,-0.36184136718511584,0.0036167286583804526,0.0254638671875,0.5882852874696255,35.740834903717044,-0.3588286340236664,5.103306770324707,45.122291564941406,30.935997009277344,45.481117248535156,31.258481979370117,0.9727870824637131,1.1410120725631714,131.76234436035156,0.65,1.0,0.0,1.0,0.0,0.0,-0.012385527603328228,0.234622061252594,0.0,0.1854562610387802,0.23445093631744385,0.2721332609653473,-1.63328218460083,-1.540076732635498,-1.4687825441360474,0.0,1.0
137216,134,7,161.38698784102357,141.42857142857142,-0.0053254170226864515,2.7971389532089233,-0.3635866940021515,0.003961501926823985,0.041796875,0.6048837713897228,27.6894158244133,1.3278530836105347,3.7613089084625244,50.2314453125,27.86754608154297,48.90359115600586,29.020841598510742,0.981782844638845,1.3757150173187256,105.8731918334961,0.7,1.0,0.0,1.0,0.0,0.0,-0.023953964933753014,0.22402137517929077,0.0,0.1872401386499405,0.23438222706317902,0.27453696727752686,-1.6298354864120483,-1.5401681661605835,-1.4643170833587646,0.0,1.0
138240,135,9,153.5363011873851,136.77777777777777,-0.004388971242588013,7.320524868369103,-0.36349579468369486,0.005298983774264343,0.0421142578125,0.5239905342459679,31.737802052497862,-0.3154457211494446,5.44570255279541,45.6623420715332,30.2971134185791,45.977787017822266,30.51234245300293,0.9676923565280007,1.1026337146759033,82.15753936767578,0.575,1.0,0.0,1.0,0.0,0.0,-0.004714416805654764,0.22765272855758667,0.0,0.18766798079013824,0.23453740775585175,0.27497050166130066,-1.6290092468261719,-1.5399017333984375,-1.4635124206542969,0.0,1.0
139264,136,6,158.65209506413692,128.5,-0.0024408293946180494,7.801675346493721,-0.362952446937561,0.0016983698209514842,0.0213623046875,0.49949909262359143,36.3277174949646,0.0974498987197876,6.035810947418213,55.98896026611328,28.273298263549805,55.891510009765625,26.51372528076172,0.9544258834382052,0.9980988502502441,95.75131225585938,0.425,1.0,0.0,1.0,0.0,0.0,-0.0006370811606757343,0.23793943226337433,0.0,0.1872585117816925,0.2344546765089035,0.2732790410518646,-1.6298000812530518,-1.5400532484054565,-1.4666533470153809,0.0,1.0
140288,137,10,156.31595577768323,132.3,-0.0040450593223795295,3.0223278373479845,-0.3640017308294773,0.004053828878386412,0.0351318359375,0.5677560180425644,24.18719608783722,-0.7367483973503113,3.830273151397705,49.456443786621094,29.880462646484375,50.19319152832031,29.746644973754883,0.9835682114627416,1.200298547744751,77.48258209228516,0.525,1.0,0.0,1.0,0.0,0.0,-0.008944803848862648,0.23515810072422028,0.0,0.1858101785182953,0.23413050174713135,0.2741672098636627,-1.6325981616973877,-1.5406888723373413,-1.4650037288665771,0.0,1.0
141312,138,7,154.58099143549785,138.28571428571428,-0.003910890134284273,10.653153529763221,-0.36753941476345064,0.002951882246998139,0.0271728515625,0.5945140738040209,60.71622796058655,1.192954421043396,7.235091686248779,47.097713470458984,31.864505767822266,45.904762268066406,33.681575775146484,0.94844465270218,1.1176624298095703,148.82156372070312,0.675,1.0,0.0,1.0,0.0,0.0,-0.011547920294106007,0.233280748128891,0.0,0.1833571195602417,0.23315465450286865,0.2746439576148987,-1.6373409032821655,-1.542563796043396,-1.464118480682373,0.0,1.0
142336,139,8,177.99626031948475,139.375,-0.0037111641373485326,5.376862087845803,-0.374057025462389,0.001941858844656963,0.0303466796875,0.5878243677318096,30.722769379615784,0.2624514400959015,4.8207173347473145,45.75849533081055,28.277822494506836,45.49604415893555,29.85150909423828,0.9709376083961405,1.0737669467926025,92.0240249633789,0.6,1.0,0.0,1.0,0.0,0.0,-0.021270791068673134,0.227021723985672,0.0,0.18130773305892944,0.23195691406726837,0.2726622521877289,-1.6413064002990723,-1.5448355674743652,-1.467799425125122,0.0,1.0
143360,140,8,138.22943953225368,127.75,-0.002451206266414374,2.4099556364119055,-0.38155063837766645,0.004243254708126187,0.024365234375,0.5661517418920994,22.18455435037613,0.03248193860054016,3.5091936588287354,46.79176712036133,28.477529525756836,46.75928497314453,30.007862091064453,0.9848151669624594,1.0474399328231812,72.12003326416016,0.575,1.0,0.0,1.0,0.0,0.0,-0.02571011893451214,0.23181256651878357,0.0,0.1789160817861557,0.23054969310760498,0.27077028155326843,-1.6459378004074097,-1.5475258827209473,-1.4713170528411865,0.0,1.0
144384,141,9,136.33886723037415,126.22222222222223,-0.005674333206843585,10.694937378168106,-0.38699190095067026,0.004698221325816121,0.04853515625,0.5586742527782917,52.18157148361206,-1.5720959901809692,6.6378607749938965,49.65795135498047,32.84071350097656,51.23004913330078,31.292327880859375,0.9591463250368955,0.9396357536315918,133.1781463623047,0.525,1.0,0.0,1.0,0.0,0.0,-0.022177396342158318,0.2361244410276413,0.0,0.1788933128118515,0.23049677908420563,0.2697761058807373,-1.6459819078445435,-1.5475965738296509,-1.4731669425964355,0.0,1.0
145408,142,7,148.6802169171719,135.0,-0.006684729806147515,6.507542195916176,-0.38693690672516823,0.006220883828063961,0.0543701171875,0.5542479701340198,47.064394164085385,-1.2250468730926514,5.564323902130127,45.813934326171875,30.84952735900879,47.038978576660156,31.906715393066406,0.9674667257374363,0.9969340562820435,143.9923858642578,0.575,1.0,0.0,1.0,0.0,0.0,-0.024621998891234398,0.23596759140491486,0.0,0.17982342839241028,0.22997485101222992,0.2687341272830963,-1.644180178642273,-1.548582673072815,-1.475106954574585,0.0,1.0
146432,143,6,151.25962505903126,133.0,-0.004594278614968061,3.4611418694257736,-0.3892449714243412,0.004656846959551331,0.0400390625,0.5457145269960165,34.834208965301514,0.15563498437404633,4.657045841217041,44.079010009765625,28.556852340698242,43.923370361328125,30.601598739624023,0.9734049767709871,0.9268373847007751,105.11540985107422,0.525,1.0,0.0,1.0,0.0,0.0,-0.00654372526332736,0.22917678952217102,0.0,0.17995978891849518,0.22989898920059204,0.26805779337882996,-1.643916130065918,-1.5487087965011597,-1.476366639137268,0.0,1.0
147456,144,7,151.5506681300753,148.14285714285714,-0.004552170814713463,14.225109410285949,-0.39009916260838506,0.0034295207136892714,0.025537109375,0.5382231667637825,48.11876928806305,-0.42240241169929504,7.354389190673828,38.36693572998047,31.208770751953125,38.789337158203125,31.391809463500977,0.9444684380916868,1.0114896297454834,107.93841552734375,0.525,1.0,0.0,1.0,0.0,0.0,-0.02517845295369625,0.229498028755188,0.0,0.18123359978199005,0.22941263020038605,0.2668420672416687,-1.6414498090744019,-1.5495810508728027,-1.4786322116851807,0.0,1.0
148480,145,8,132.7343761792991,134.125,-0.004028065805323422,6.285763943195343,-0.39251593351364134,0.004211396872415207,0.0401123046875,0.5504816330969333,44.02028460502625,1.1567680835723877,5.553717136383057,46.363624572753906,32.681640625,45.20685958862305,33.03663635253906,0.9711224905963525,1.0346451997756958,119.36344909667969,0.6,1.0,0.0,1.0,0.0,0.0,-0.026640810072422028,0.23626172542572021,0.0,0.17967531085014343,0.2292536050081253,0.26737073063850403,-1.6444671154022217,-1.5499143600463867,-1.477646827697754,0.0,1.0
149504,146,7,166.75267051694323,142.71428571428572,-0.0032813302939757706,10.409167098999024,-0.39126172512769697,0.0026179825072176754,0.0268798828125,0.4920991610735655,49.48765306472778,-0.8808635473251343,6.78931188583374,49.12412643432617,31.527324676513672,50.00498962402344,31.007204055786133,0.9536257039940444,0.8813260793685913,125.51385498046875,0.4,1.0,0.0,1.0,0.0,0.0,-0.029913464561104774,0.2382696121931076,0.0,0.1786031275987625,0.22990472614765167,0.2692268192768097,-1.646544098854065,-1.548715591430664,-1.4741895198822021,0.0,1.0
150528,147,7,157.14141868248825,146.57142857142858,-0.003624907915946096,5.346786034107208,-0.39113990813493726,0.0024258744073449635,0.03427734375,0.5563408561050892,33.59881503582001,1.0084730386734009,4.955365180969238,49.83869552612305,33.46345138549805,48.830223083496094,34.31936264038086,0.9780714478614843,0.9430302977561951,98.8041000366211,0.525,1.0,0.0,1.0,0.0,0.0,-0.03163747861981392,0.23715898394584656,0.0,0.17731404304504395,0.22891519963741302,0.2677971124649048,-1.6490423679351807,-1.55062735080719,-1.476852297782898,0.0,1.0
151552,148,8,158.70691271227872,133.25,-0.0034845036687329413,8.290260857343673,-0.3983005180954933,0.004162041550443973,0.0255615234375,0.5498534761369228,57.76265585422516,-0.7326864004135132,6.5164289474487305,50.693084716796875,29.215293884277344,51.42576599121094,29.03236961364746,0.9502493467548032,1.0823609828948975,183.7383575439453,0.525,1.0,0.0,1.0,0.0,0.0,-0.02157406508922577,0.23694725334644318,0.0,0.1755213737487793,0.2279454916715622,0.2667965292930603,-1.6525182723999023,-1.5524673461914062,-1.4787170886993408,0.0,1.0
152576,149,8,159.89897200785538,139.0,-0.0062922730227001015,12.553339356184006,-0.4046684980392456,0.005064481699082535,0.0509521484375,0.6876599952578545,76.01713528633118,1.698770523071289,7.603960037231445,48.196292877197266,33.35774230957031,46.497520446777344,35.562965393066406,0.9480379451229565,1.4696956872940063,280.20953369140625,0.8,1.0,0.0,1.0,0.0,0.0,-0.020351523533463478,0.23112279176712036,0.0,0.172507181763649,0.22632022202014923,0.26551735401153564,-1.6583677530288696,-1.555555820465088,-1.4811023473739624,0.0,1.0
153600,150,7,150.73952205386783,134.85714285714286,-0.003879502124618739,8.707915991544724,-0.41034665033221246,0.006349741407029796,0.0498291015625,0.6177041046321392,51.617204427719116,0.10074436664581299,6.71660852432251,43.9202766418457,32.17435836791992,43.81953048706055,32.26633834838867,0.9564207062929354,1.220259189605713,177.7445068359375,0.625,1.0,0.0,1.0,0.0,0.0,-0.023562291637063026,0.23177845776081085,0.0,0.17264610528945923,0.2264736443758011,0.2669217586517334,-1.6580979824066162,-1.5553112030029297,-1.4784835577011108,0.0,1.0
154624,151,8,163.2156577313396,136.625,-0.0043047073297202585,5.739428982138634,-0.4103288106620312,0.00396566216222709,0.03935546875,0.6332057915627957,51.20347955226898,0.6748583316802979,5.436944961547852,47.74883270263672,28.238500595092773,47.073978424072266,30.940948486328125,0.9629296602407798,0.9789066314697266,195.20362854003906,0.675,1.0,0.0,1.0,0.0,0.0,-0.01013453584164381,0.23177626729011536,0.0,0.17129823565483093,0.22567296028137207,0.2661588490009308,-1.6607155799865723,-1.5568097829818726,-1.4799059629440308,0.0,1.0
155648,152,7,161.39209807019094,143.28571428571428,-0.0047172145859804004,8.240064585208893,-0.4164753817021847,0.0050163401712779885,0.0524658203125,0.7030079893767833,63.163562941551206,2.0807530879974365,6.234755039215088,38.02606201171875,29.92005729675293,35.94530487060547,32.84199142456055,0.9565775889572861,1.684018850326538,196.43785095214844,0.8,1.0,0.0,1.0,0.0,0.0,-0.004409059416502714,0.24085626006126404,0.0,0.16938160359859467,0.22480051219463348,0.265445739030838,-1.6644397974014282,-1.5584888458251953,-1.4812359809875488,0.0,1.0
156672,153,6,146.909754162095,150.66666666666666,-0.004692142340354621,5.933357673883438,-0.41697690412402155,0.0039677194217802025,0.038623046875,0.5266211964190006,35.96587493419647,-0.6860873103141785,5.100959300994873,39.69927978515625,31.292316436767578,40.3853645324707,31.671293258666992,0.9734277547668062,0.9714558720588684,111.23273468017578,0.55,1.0,0.0,1.0,0.0,0.0,-0.02122536115348339,0.22629070281982422,0.0,0.17086008191108704,0.22563879191875458,0.2667711675167084,-1.6615667343139648,-1.5569052696228027,-1.478764295578003,0.0,1.0
157696,154,8,128.9143420412513,135.75,-0.005216146353632212,8.617872601747512,-0.41559158712625505,0.002745766783482395,0.046240234375,0.5321003116667271,54.350567960739134,-2.274495840072632,6.32790994644165,45.072906494140625,31.698455810546875,47.34740447998047,29.411693572998047,0.960148524672126,0.8369938135147095,152.5315399169922,0.525,1.0,0.0,1.0,0.0,0.0,-0.022341402247548103,0.22662046551704407,0.0,0.1715841144323349,0.22466059029102325,0.2670271694660187,-1.6601603031158447,-1.5587553977966309,-1.4782871007919312,0.0,1.0
158720,155,6,149.61726922285916,150.33333333333334,-0.00478368423646316,4.028990150988102,-0.4220951713621616,0.0054458086960949,0.0371337890625,0.5937809377908707,31.07709163427353,1.3859964609146118,4.489980220794678,38.58440017700195,32.38713073730469,37.198402404785156,34.523319244384766,0.9807804180504165,0.9929406642913818,99.46241760253906,0.65,1.0,0.0,1.0,0.0,0.0,-0.024798952043056488,0.22724515199661255,0.0,0.1715010404586792,0.2237728387117386,0.26745831966400146,-1.6603217124938965,-1.5604209899902344,-1.4774835109710693,0.0,1.0
159744,156,8,152.0878687526789,149.875,-0.0025903275702148674,3.41777291148901,-0.4251802295446396,0.0011977537957136518,0.0292724609375,0.5811238501220941,21.440447449684143,0.6304379105567932,4.027405738830566,41.680809020996094,32.54950714111328,41.05037307739258,33.06056213378906,0.9846904684731188,0.9594424366950989,56.347015380859375,0.7,1.0,0.0,1.0,0.0,0.0,-0.025551365688443184,0.23067031800746918,0.0,0.17300035059452057,0.22341297566890717,0.26536962389945984,-1.6574102640151978,-1.5610555410385132,-1.4813779592514038,0.0,1.0
160768,157,9,143.74321806868537,124.33333333333333,-0.003231746063102037,4.185217222571373,-0.424502457678318,0.004515799604996573,0.0255859375,0.5273738324642181,27.2475887298584,0.9804800748825073,4.360532760620117,47.59248352050781,27.68649673461914,46.61200714111328,27.06447982788086,0.9751947817419772,1.009003758430481,63.04484176635742,0.55,1.0,0.0,1.0,0.0,0.0,-0.03728419542312622,0.22742119431495667,0.0,0.17413775622844696,0.2242593765258789,0.2657511234283447,-1.6552026271820068,-1.5594526529312134,-1.4806663990020752,0.0,1.0
161792,158,5,149.18089667421572,125.4,-0.004205505980644375,7.789852285385132,-0.4226901777088642,0.0033412797056371346,0.0398193359375,0.6491727281361819,41.54213817119599,-1.2415155172348022,5.856137275695801,45.368988037109375,28.807119369506836,46.610504150390625,27.944194793701172,0.9586740560596196,1.2950170040130615,104.4734115600586,0.7,1.0,0.0,1.0,0.0,0.0,-0.03943217918276787,0.22581219673156738,0.0,0.17247232794761658,0.22347725927829742,0.2659575045108795,-1.6584354639053345,-1.5609359741210938,-1.4802813529968262,0.0,1.0
162816,159,8,155.9245801417057,147.375,-0.004598066795733757,11.21026217341423,-0.42640470042824746,0.003103726492554415,0.032763671875,0.5696949921548367,44.29546694755554,0.6484633088111877,6.522443771362305,42.030086517333984,30.967161178588867,41.381622314453125,31.570514678955078,0.9556373044854956,1.0647886991500854,111.84111022949219,0.575,1.0,0.0,1.0,0.0,0.0,-0.018789418041706085,0.2329755574464798,0.0,0.17205286026000977,0.22368387877941132,0.26628872752189636,-1.659250020980835,-1.5605920553207397,-1.4796637296676636,0.0,1.0
163840,160,10,137.46404118826175,128.6,-0.004258195339934901,9.699040782451629,-0.42577420324087145,0.0034271911019459365,0.034228515625,0.5013572454452515,70.10385632514954,-1.1503852605819702,7.296409606933594,43.99347686767578,32.0079231262207,45.14385986328125,32.11083984375,0.948035899079288,0.9259458184242249,217.35931396484375,0.4,1.0,0.0,1.0,0.0,0.0,-0.021921247243881226,0.22615616023540497,0.0,0.17303921282291412,0.22316770255565643,0.266836553812027,-1.657334804534912,-1.5615410804748535,-1.478642463684082,0.0,1.0
164864,161,8,123.4312706950686,126.375,-0.0038050995324738325,6.051578307151795,-0.4295291967689991,0.003136709581303876,0.0240234375,0.48067463263869287,28.76808294057846,-1.22652268409729,5.2091546058654785,46.64443588256836,32.12357711791992,47.8709602355957,30.747020721435547,0.9737041849128555,0.8551139831542969,87.40365600585938,0.45,1.0,0.0,1.0,0.0,0.0,-0.017265386879444122,0.22653886675834656,0.0,0.17384164035320282,0.22258104383945465,0.26645419001579285,-1.6557773351669312,-1.5626248121261597,-1.4793552160263062,0.0,1.0
165888,162,6,154.52395598490853,142.5,-0.004469509155023843,5.052927315235138,-0.4314753696322441,0.002382982672133949,0.0424072265625,0.5938961260020733,35.72720277309418,0.44757676124572754,5.254035949707031,39.71076583862305,31.44159507751465,39.26319122314453,31.78604507446289,0.9720760432473211,0.8702354431152344,104.20008087158203,0.65,1.0,0.0,1.0,0.0,0.0,-0.028357764706015587,0.2241133600473404,0.0,0.17324133217334747,0.22241926193237305,0.2639722228050232,-1.6569424867630005,-1.562913417816162,-1.4839857816696167,0.0,1.0
166912,163,7,160.5406179008582,141.85714285714286,-0.004463222145568579,6.923121386766434,-0.43208093345165255,0.0029179165401728826,0.031591796875,0.6194886349141597,42.7565856218338,1.2863166332244873,5.742542743682861,38.73000717163086,30.472515106201172,37.44369125366211,31.91037368774414,0.9644866310294211,1.197905421257019,162.5557861328125,0.725,1.0,0.0,1.0,0.0,0.0,-0.013124089688062668,0.23046758770942688,0.0,0.17384296655654907,0.2222260683774948,0.2620856761932373,-1.655774712562561,-1.5632694959640503,-1.4875094890594482,0.0,1.0
167936,164,8,137.88753086771678,138.125,-0.004021962801925838,4.160152752697468,-0.43644607737660407,0.003994606004562229,0.025927734375,0.5709041602909565,41.03356258869171,-0.24961504340171814,4.921872615814209,39.75147247314453,33.30309295654297,40.0010871887207,34.91348648071289,0.9781580398670794,1.1196684837341309,141.17779541015625,0.575,1.0,0.0,1.0,0.0,0.0,-0.02399514615535736,0.2250998318195343,0.0,0.17264573276042938,0.22087353467941284,0.2594708800315857,-1.6580986976623535,-1.565805435180664,-1.4923988580703735,0.0,1.0
168960,165,7,143.58033673739328,145.71428571428572,-0.003584140783641487,7.629226678609848,-0.4414988994598389,0.0034566915652249008,0.0264404296875,0.6172841757535934,79.57935404777527,1.0354993343353271,6.644581317901611,39.41069030761719,35.47087478637695,38.37519073486328,38.000362396240234,0.9649093475302101,1.0462393760681152,289.4319763183594,0.65,1.0,0.0,1.0,0.0,0.0,-0.024619976058602333,0.2352963238954544,0.0,0.174554243683815,0.2207089066505432,0.25764235854148865,-1.654394507408142,-1.566088318824768,-1.4958219528198242,0.0,1.0
169984,166,8,138.68849081226617,123.625,-0.004222091089468449,15.657087177038193,-0.4428707219660282,0.0028295430980506352,0.0245849609375,0.6120979085564613,65.95335216522217,-0.3354918956756592,8.415984153747559,38.82830047607422,30.079492568969727,39.163795471191406,31.367332458496094,0.9217167504370551,0.9456036686897278,168.88624572753906,0.675,1.0,0.0,1.0,0.0,0.0,-0.01063458900898695,0.22766806185245514,0.0,0.1739475131034851,0.22013342380523682,0.2566160261631012,-1.6555718183517456,-1.5671910047531128,-1.4977446794509888,0.0,1.0
171008,167,5,145.11490118225004,158.8,-0.004488515510456636,7.604445526003838,-0.4484281949698925,0.0037617627938743682,0.0414794921875,0.6557216957211495,75.45088078975678,0.38543543219566345,7.246493816375732,44.11103057861328,31.736371994018555,43.72559356689453,34.05210876464844,0.9478635700238046,1.1346123218536377,306.7484130859375,0.825,1.0,0.0,1.0,0.0,0.0,-0.022829828783869743,0.22472649812698364,0.0,0.17415961623191833,0.2185876965522766,0.25169235467910767,-1.6551601886749268,-1.5700784921646118,-1.5069823265075684,0.0,1.0
172032,168,9,157.9591619589009,148.88888888888889,-0.004736335051711648,6.660974910855293,-0.45318601876497266,0.00754435340204509,0.0394775390625,0.5213623374700547,57.7113751411438,1.7126857042312622,5.9820451736450195,39.03736114501953,31.595739364624023,37.32467269897461,34.192832946777344,0.9641538601138847,0.8593265414237976,259.11041259765625,0.5,1.0,0.0,1.0,0.0,0.0,-0.007814732380211353,0.2273326814174652,0.0,0.17728756368160248,0.21898676455020905,0.25013795495033264,-1.6490936279296875,-1.56929349899292,-1.5099033117294312,0.0,1.0
173056,169,6,160.25160315653514,147.66666666666666,-0.0060158740961924195,8.862798377871513,-0.45134887397289275,0.006214138380892109,0.0655517578125,0.602320734411478,61.33782799243927,3.1501059532165527,6.056756973266602,40.24237060546875,29.80748176574707,37.092262268066406,31.74641990661621,0.9587114457683082,1.310707449913025,192.58897399902344,0.725,1.0,0.0,1.0,0.0,0.0,-0.02386292815208435,0.2335769236087799,0.0,0.17766313254833221,0.218617781996727,0.24924831092357635,-1.6483656167984009,-1.5699549913406372,-1.5115761756896973,0.0,1.0
174080,170,5,196.4787981617706,164.2,-0.003716008173068985,3.6201169386506082,-0.4531485363841057,0.004236029471212532,0.034521484375,0.6125981874763966,37.8038605093956,3.1029422283172607,3.9632973670959473,46.072540283203125,24.75811767578125,42.96959686279297,27.34004020690918,0.9743741623787903,1.0813356637954712,143.8119659423828,0.725,1.0,0.0,1.0,0.0,0.0,-0.018778061494231224,0.22859999537467957,0.0,0.17650765180587769,0.21866269409656525,0.25082889199256897,-1.6506056785583496,-1.5699156522750854,-1.508604645729065,0.0,1.0
175104,171,7,168.99557893102536,155.57142857142858,-0.006467891059583053,6.512480702996254,-0.4537323608994484,0.0035252170317107813,0.0595947265625,0.5708349227905274,27.66422007083893,0.889346182346344,5.261163711547852,47.52604675292969,27.95512580871582,46.63669967651367,27.04934310913086,0.9645806387100234,1.371687412261963,70.84146118164062,0.6,1.0,0.0,1.0,0.0,0.0,-0.01922396384179592,0.22988112270832062,0.0,0.17675112187862396,0.21843068301677704,0.25048840045928955,-1.6501336097717285,-1.5703271627426147,-1.5092445611953735,0.0,1.0
176128,172,8,157.7411708418577,152.75,-0.004488071607192978,3.5996070191264153,-0.45326733961701393,0.0025541908529703506,0.0390869140625,0.6569387070834637,24.120901024341585,0.8845062851905823,4.389439105987549,47.76719665527344,30.825815200805664,46.8826904296875,29.624921798706055,0.979723688931368,1.1843894720077515,84.35701751708984,0.725,1.0,0.0,1.0,0.0,0.0,-0.015001201070845127,0.22436395287513733,0.0,0.17657645046710968,0.21869368851184845,0.24998106062412262,-1.6504722833633423,-1.5698331594467163,-1.5101983547210693,0.0,1.0
177152,173,6,147.9807833387987,147.0,-0.003736767533700913,11.764518022537231,-0.45235037580132487,0.004259940728661604,0.0439453125,0.5727532777935267,30.29965763092041,-0.5684371590614319,6.37385368347168,46.4066047668457,31.16051483154297,46.97503662109375,29.400148391723633,0.958159689662754,0.9288433790206909,72.97709655761719,0.675,1.0,0.0,1.0,0.0,0.0,-0.001263067708350718,0.23717337846755981,0.0,0.17596040666103363,0.2188008427619934,0.24849484860897064,-1.6516668796539307,-1.5696474313735962,-1.5129934549331665,0.0,1.0
178176,174,8,174.55110437598782,147.75,-0.002277715440141037,5.887882192432881,-0.45066238269209863,0.0015123022283660247,0.0160888671875,0.6006134442985058,58.807538950443266,3.3891801834106445,5.180541515350342,40.60954284667969,31.065616607666016,37.220359802246094,34.5578498840332,0.9721906819130977,1.4716689586639404,204.33131408691406,0.675,1.0,0.0,1.0,0.0,0.0,-0.004786501172930002,0.22717967629432678,0.0,0.17667968571186066,0.21934469044208527,0.2463911771774292,-1.6502721309661865,-1.5685793161392212,-1.5169533491134644,0.0,1.0
179200,175,8,156.8337367953905,138.125,-0.004201213794294745,17.609891855716704,-0.4507113330066204,0.0036887289985315873,0.0384033203125,0.5317424327135086,50.36298818588257,0.7703021764755249,7.91873025894165,45.95976638793945,29.752216339111328,45.1894645690918,30.520017623901367,0.9291609899443605,0.8699579834938049,144.60311889648438,0.55,1.0,0.0,1.0,0.0,0.0,-0.001989267533645034,0.23178957402706146,0.0,0.17651279270648956,0.218424454331398,0.24642495810985565,-1.6505956649780273,-1.5703339576721191,-1.5168896913528442,0.0,1.0
180224,176,7,160.86461115715014,141.0,-0.005216681479942054,2.41156098395586,-0.45626063644886017,0.006118521427561063,0.0489501953125,0.6231669001281261,23.244267880916595,0.9702994227409363,3.37343430519104,45.035743713378906,27.67223358154297,44.06544494628906,27.982702255249023,0.9851387258747988,1.1509400606155396,77.60076904296875,0.825,1.0,0.0,1.0,0.0,0.0,-0.0011613578535616398,0.2253585010766983,0.0,0.17554740607738495,0.2177749127149582,0.24631889164447784,-1.6524678468704224,-1.5715699195861816,-1.5170894861221313,0.0,1.0
181248,177,5,161.1287475667129,157.0,-0.0048822466575074944,3.4764080494642258,-0.46045038029551505,0.0053735434543341395,0.0322509765625,0.544870862364769,26.99539997577667,1.3132824897766113,4.208339691162109,51.718597412109375,28.323467254638672,50.40531921386719,27.130306243896484,0.9779235756586265,0.9809128046035767,80.3685302734375,0.575,1.0,0.0,1.0,0.0,0.0,-0.005116483196616173,0.2289489358663559,0.0,0.17191998660564423,0.21712200343608856,0.24656274914741516,-1.6595079898834229,-1.5728765726089478,-1.5166301727294922,0.0,1.0
182272,178,6,166.6526758736314,161.83333333333334,-0.004041695955675095,10.982581496238708,-0.464317037910223,0.00404610630357638,0.0319091796875,0.6367173388600349,42.543520498275754,-0.2817333936691284,6.9656219482421875,44.086669921875,34.65542221069336,44.36840057373047,34.437538146972656,0.9596003793598169,1.2065458297729492,98.0136489868164,0.75,1.0,0.0,1.0,0.0,0.0,0.0018353686900809407,0.22781026363372803,0.0,0.16831903159618378,0.21603305637836456,0.2461031675338745,-1.6665054559707642,-1.5750077962875366,-1.51749587059021,0.0,1.0
183296,179,8,173.9577164467175,150.875,-0.0035916994384024292,6.783396600186824,-0.46832026466727256,0.0022761512896977364,0.03759765625,0.6010852329432964,39.03193796873093,1.1948658227920532,5.931020736694336,47.75359344482422,30.832712173461914,46.55873107910156,33.18293762207031,0.962997128868884,1.1674705743789673,120.24530792236328,0.675,1.0,0.0,1.0,0.0,0.0,-0.0035388662945479155,0.22403939068317413,0.0,0.1691899597644806,0.21601396799087524,0.24486424028873444,-1.6648123264312744,-1.5749987363815308,-1.5198301076889038,0.0,1.0
184320,180,8,153.4318421491961,151.75,-0.004096222389489412,6.531850662827492,-0.4651186026632786,0.003941745555493981,0.034521484375,0.590770049020648,28.09409668445587,0.7090063095092773,5.435671806335449,40.74462127685547,35.252479553222656,40.035614013671875,34.8382453918457,0.9762246358173277,1.177995204925537,68.27365112304688,0.625,1.0,0.0,1.0,0.0,0.0,0.0031468786764889956,0.22740545868873596,0.0,0.17085489630699158,0.2171730399131775,0.2435966581106186,-1.6615768671035767,-1.5727931261062622,-1.5222198963165283,0.0,1.0
185344,181,6,152.31446426581235,134.5,-0.0024759955005720256,7.20296041816473,-0.4615477196872234,0.005432807945180684,0.033447265625,0.6584381483495235,31.350974202156067,1.109427809715271,5.49857759475708,48.80364990234375,27.480928421020508,47.69422149658203,27.1351261138916,0.9599651805047088,1.4354605674743652,70.80577850341797,0.7,1.0,0.0,1.0,0.0,0.0,0.009764667600393295,0.22339631617069244,0.0,0.1710665374994278,0.21693028509616852,0.24266470968723297,-1.661165714263916,-1.573240876197815,-1.5239777565002441,0.0,1.0
186368,182,6,178.95408635482428,158.0,-0.005303688859567046,12.954172593355178,-0.46057598739862443,0.00617397453461308,0.0552001953125,0.5183732345700264,70.20085229873658,0.06313508749008179,7.970416069030762,39.12722396850586,34.367515563964844,39.0640869140625,34.81950759887695,0.9462144394255813,0.899631142616272,184.8659210205078,0.525,1.0,0.0,1.0,0.0,0.0,-0.011172967962920666,0.22378574311733246,0.0,0.1722649484872818,0.21801161766052246,0.24398231506347656,-1.658838152885437,-1.5711861848831177,-1.5214927196502686,0.0,1.0
187392,183,7,154.1172710936403,146.14285714285714,-0.004182880674488842,8.555549883842469,-0.46052122935652734,0.003604176336375531,0.021826171875,0.6069766536355019,31.446132934093477,0.4277011752128601,6.0856451988220215,47.35427474975586,32.44476318359375,46.926570892333984,32.79915237426758,0.9648177125457905,1.304122805595398,77.34718322753906,0.65,1.0,0.0,1.0,0.0,0.0,0.00022711542260367423,0.23495541512966156,0.0,0.16837617754936218,0.21617092192173004,0.2443111538887024,-1.6663943529129028,-1.5747193098068237,-1.520872712135315,0.0,1.0
188416,184,6,161.25632686717333,161.5,-0.004951174219604582,5.8557961165905,-0.46956294029951096,0.007781540064024739,0.056689453125,0.7024705991148948,41.71016273498535,0.4200654625892639,5.567037582397461,43.211944580078125,33.6491813659668,42.79187774658203,34.835777282714844,0.9726284560711159,1.3258980512619019,135.74205017089844,0.8,1.0,0.0,1.0,0.0,0.0,-0.0006025761249475181,0.24047240614891052,0.0,0.1667371243238449,0.21563392877578735,0.2441464066505432,-1.6695821285247803,-1.5757637023925781,-1.5211832523345947,0.0,1.0
189440,185,7,157.46612681331797,136.42857142857142,-0.004193753690924495,8.38202325105667,-0.47413027957081794,0.0022682847135001793,0.0392578125,0.5516390085220337,28.415696501731873,0.48331838846206665,5.835945129394531,49.38490295410156,28.947843551635742,48.901580810546875,30.188819885253906,0.9593565997172836,0.9810352921485901,77.59574890136719,0.6,1.0,0.0,1.0,0.0,0.0,0.002897878410294652,0.22581446170806885,0.0,0.16608014702796936,0.21402400732040405,0.24123038351535797,-1.6708602905273438,-1.5788288116455078,-1.5266848802566528,0.0,1.0
190464,186,9,155.07650095739726,144.0,-0.003784670284949243,15.870682919025421,-0.4805091045796871,0.0014105556983849965,0.0218994140625,0.5726258955895901,76.75899386405945,-0.9838006496429443,8.489922523498535,46.20955276489258,34.68229675292969,47.193355560302734,36.003395080566406,0.9400772540036233,1.2367560863494873,207.51266479492188,0.55,1.0,0.0,1.0,0.0,0.0,-0.003421374363824725,0.2203110009431839,0.0,0.16679519414901733,0.2140236347913742,0.24154409766197205,-1.6694691181182861,-1.5788229703903198,-1.5260926485061646,0.0,1.0
191488,187,7,156.55409580530377,139.28571428571428,-0.004082652868237347,3.881920525431633,-0.48099177032709123,0.0029786023049382495,0.026025390625,0.5421745210886002,31.164984345436096,1.203935146331787,4.5280537605285645,44.42341232299805,26.297483444213867,43.21947479248047,27.00101661682129,0.9703520449314151,0.9945987462997437,99.26144409179688,0.525,1.0,0.0,1.0,0.0,0.0,-0.007593781221657991,0.2250344306230545,0.0,0.1664518266916275,0.21321015059947968,0.24026183784008026,-1.6701371669769287,-1.5803636312484741,-1.5285139083862305,0.0,1.0
192512,188,7,174.34939563992455,147.71428571428572,-0.0037040523951873184,6.065096306800842,-0.4863523006439209,0.00516391895362176,0.0328369140625,0.6715286858379841,63.7824630856514,3.611379623413086,5.409238815307617,47.5194091796875,29.344141006469727,43.90802764892578,31.84446907043457,0.9660195266511894,1.281463384628296,263.34185791015625,0.8,1.0,0.0,1.0,0.0,0.0,-0.01056553702801466,0.22290998697280884,0.0,0.16630978882312775,0.2124592810869217,0.2385752648115158,-1.6704134941101074,-1.581777572631836,-1.531700849533081,0.0,1.0
193536,189,5,167.5838274080061,141.2,-0.003969089116435498,8.890249624848366,-0.48960703909397124,0.006820124249497894,0.0453125,0.6111470021307468,53.04640655517578,3.1942543983459473,6.094879150390625,44.34745407104492,27.055870056152344,41.1531982421875,28.207164764404297,0.9492533699075388,1.2193114757537842,162.33853149414062,0.7,1.0,0.0,1.0,0.0,0.0,0.008029967546463013,0.22409844398498535,0.0,0.16698850691318512,0.21210680902004242,0.2373945415019989,-1.669093132019043,-1.582430362701416,-1.533933401107788,0.0,1.0
194560,190,8,183.98290758751392,162.125,-0.0040681927814148365,12.309581571817398,-0.4918213106691837,0.004087863190216012,0.0404296875,0.628179432451725,77.0885663986206,2.884960651397705,7.300817012786865,44.94734191894531,33.19443130493164,42.062381744384766,35.32918167114258,0.9516259574780654,1.1441822052001953,298.8168029785156,0.725,1.0,0.0,1.0,0.0,0.0,0.01067759096622467,0.23423993587493896,0.0,0.16526180505752563,0.21142588555812836,0.2361048310995102,-1.6724529266357422,-1.5837470293045044,-1.536373496055603,0.0,1.0
195584,191,7,179.01052145952198,151.71428571428572,-0.00399258149554953,7.216842058300972,-0.495623779296875,0.004439504993206356,0.0297119140625,0.5974746696650982,52.932642579078674,2.166795253753662,5.68265962600708,44.17131423950195,29.875823974609375,42.0045166015625,31.571470260620117,0.9638204236097199,0.9486434459686279,140.84080505371094,0.65,1.0,0.0,1.0,0.0,0.0,-0.0017166659235954285,0.22691571712493896,0.0,0.1632002741098404,0.21109865605831146,0.23910877108573914,-1.676466703414917,-1.5844193696975708,-1.530692458152771,0.0,1.0
196608,192,7,166.36062749250326,158.42857142857142,-0.005049014952965081,10.12418066263199,-0.49401564076542853,0.0025275399748352356,0.0379150390625,0.6592421635985375,56.562221217155454,0.8516808152198792,6.760173797607422,41.82424545288086,31.454818725585938,40.972564697265625,32.79659652709961,0.9538107007777142,1.3151336908340454,203.2111358642578,0.725,1.0,0.0,1.0,0.0,0.0,0.004692814312875271,0.2258324921131134,0.0,0.16570928692817688,0.21200193464756012,0.23900355398654938,-1.6715819835662842,-1.5826388597488403,-1.5308912992477417,0.0,1.0
197632,193,7,171.54384911612917,160.0,-0.005649936303962022,10.708718538284302,-0.4906820856034756,0.004521719632612076,0.0456298828125,0.6185236588120461,80.59726209640503,2.911626100540161,6.917561054229736,35.92747116088867,31.020851135253906,33.015846252441406,34.0647087097168,0.9502722762841878,1.5330772399902344,333.1423034667969,0.675,1.0,0.0,1.0,0.0,0.0,0.007622384931892157,0.2274448126554489,0.0,0.1657295972108841,0.21191447973251343,0.24081550538539886,-1.6715425252914429,-1.5828194618225098,-1.527468204498291,0.0,1.0
198656,194,5,156.7043778059345,139.0,-0.004794944083550945,2.161425918340683,-0.49077542424201964,0.0035686510309460573,0.03935546875,0.5895121771842241,23.304439985752104,1.3868677616119385,3.24684476852417,50.33406448364258,27.076496124267578,48.94719696044922,26.52508544921875,0.9856206853909805,1.057288646697998,74.46463775634766,0.6,1.0,0.0,1.0,0.0,0.0,0.007983602583408356,0.2259606122970581,0.0,0.1677279770374298,0.2122470736503601,0.2407391369342804,-1.6676547527313232,-1.5821471214294434,-1.5276124477386475,0.0,1.0
199680,195,6,184.78957894926893,152.5,-0.003908065590076148,1.9962502971291542,-0.4910119943320751,0.0029290182224940508,0.0396240234375,0.6110059536993504,25.521701061725615,1.781593680381775,3.144287347793579,57.13859176635742,27.861553192138672,55.35700225830078,28.690628051757812,0.9872639781610084,1.1317912340164185,94.09668731689453,0.7,1.0,0.0,1.0,0.0,0.0,0.007035610731691122,0.22751745581626892,0.0,0.16797980666160583,0.2114812284708023,0.23837065696716309,-1.6671650409698486,-1.583609938621521,-1.5320876836776733,0.0,1.0
200704,196,8,181.59437277055767,157.875,-0.0029875803738832474,7.0325357764959335,-0.4938372291624546,0.0023977351462235673,0.0211181640625,0.580331601947546,49.50492589473724,1.3166389465332031,5.848237991333008,49.694602966308594,32.65578079223633,48.37796401977539,33.24704360961914,0.9679277102873866,1.0910454988479614,130.26283264160156,0.575,1.0,0.0,1.0,0.0,0.0,0.016907712444663048,0.22601039707660675,0.0,0.16723781824111938,0.21172726154327393,0.23947404325008392,-1.6686081886291504,-1.5831470489501953,-1.530002236366272,0.0,1.0
201728,197,8,169.8705936547808,163.375,-0.003509373124688864,4.895876377820969,-0.4920458123087883,0.004477883476647548,0.030908203125,0.5840136565268039,48.401251101493834,0.8537096977233887,4.920888423919678,39.45989227294922,35.531490325927734,38.60618591308594,36.832672119140625,0.9808194892217932,1.0721005201339722,174.35226440429688,0.6,1.0,0.0,1.0,0.0,0.0,0.008777295239269733,0.23695020377635956,0.0,0.16818870604038239,0.2117253690958023,0.2394842952489853,-1.6667588949203491,-1.5831475257873535,-1.5299828052520752,0.0,1.0
202752,198,4,136.41969042156393,146.0,-0.004450675513362512,11.257432651519775,-0.4926267996430397,0.0034998213697690515,0.0328369140625,0.5417509555816651,56.47150654792786,-0.061824679374694824,7.283274173736572,40.0369873046875,31.083723068237305,40.09880828857422,30.403472900390625,0.9450981155504737,0.8574356436729431,159.0430908203125,0.525,1.0,0.0,1.0,0.0,0.0,0.016034824773669243,0.22420425713062286,0.0,0.16790328919887543,0.2116398811340332,0.2397443652153015,-1.667313814163208,-1.583310604095459,-1.5294914245605469,0.0,1.0
203776,199,6,175.37581676358732,165.33333333333334,-0.0032604606065433474,5.657579374313355,-0.49540380835533143,0.0041077405505347995,0.02919921875,0.5754769213497639,37.70692768096924,0.9648147821426392,5.5171403884887695,40.761375427246094,32.96654510498047,39.79656219482422,35.17228698730469,0.9719920562704856,0.994120717048645,121.29893493652344,0.55,1.0,0.0,1.0,0.0,0.0,0.01519666239619255,0.22707624733448029,0.0,0.16798748075962067,0.21078276634216309,0.23894114792346954,-1.6671501398086548,-1.5849132537841797,-1.5310091972351074,0.0,1.0
204800,200,7,174.68217498622124,160.14285714285714,-0.0037921102484688163,5.698940601944924,-0.49628358259797095,0.006609108380507678,0.07587890625,0.5979323390871286,52.98394598960876,1.8480068445205688,5.975146770477295,45.059654235839844,30.737356185913086,43.211647033691406,32.97618865966797,0.9622111114183761,1.0777313709259033,164.75462341308594,0.65,1.0,0.0,1.0,0.0,0.0,0.021858058869838715,0.227666437625885,0.0,0.1685892939567566,0.21172726154327393,0.2410302609205246,-1.6659799814224243,-1.5831323862075806,-1.5270626544952393,0.0,1.0
