total_env_steps,update,completed_episodes,completed_episode_return_mean,completed_episode_length_mean,actor_policy_loss,critic_loss,entropy,approx_kl,clip_fraction,actor_grad_norm,critic_grad_norm,advantage_raw_mean,advantage_raw_std,value_target_mean,value_target_std,value_prediction_mean_pre,value_prediction_std_pre,explained_variance_pre,actor_grad_norm_max,critic_grad_norm_max,actor_grad_clip_fraction,critic_grad_clip_fraction,value_normalizer_mean,value_normalizer_std,value_normalizer_count,hard_speed_accel_violations,action_mean,action_std,action_saturation_ratio,raw_log_std_min,raw_log_std_mean,raw_log_std_max,clamped_log_std_min,clamped_log_std_mean,clamped_log_std_max,raw_log_std_gt_max_ratio,finite
1024,1,1,120.31786201353484,93.0,-0.004891369864344597,170.78357734680176,-0.24614466950297356,0.004553272917110007,0.04130859375,0.5222714886069297,56.123646926879886,18.692428588867188,5.539477348327637,18.608640670776367,5.499255180358887,-0.08378741145133972,0.18113741278648376,-0.01468179312592155,0.9336845874786377,79.01039123535156,0.475,1.0,0.0,1.0,0.0,0.0,0.05971929430961609,0.22112329304218292,0.0,0.2530633807182312,0.2542918026447296,0.2558390498161316,-1.5044077634811401,-1.5021133422851562,-1.4992008209228516,0.0,1.0
2048,2,7,218.80752856650741,193.0,-0.004096572520211339,131.05070514678954,-0.25147136226296424,0.004074350192968268,0.0289794921875,0.519229044392705,51.06638374328613,14.458023071289062,9.233292579650879,15.742324829101562,8.832025527954102,1.284301996231079,1.9020485877990723,-0.09293054688510272,1.108628273010254,68.81456756591797,0.5,1.0,0.0,1.0,0.0,0.0,0.06032731011509895,0.22044068574905396,0.0,0.2520793378353119,0.25366172194480896,0.2553441524505615,-1.5062553882598877,-1.5032920837402344,-1.5001287460327148,0.0,1.0
3072,3,5,245.21629524731316,195.2,-0.005216998723335564,141.61019649505616,-0.25690660551190375,0.005391408842115197,0.04638671875,0.6070416837930679,93.6208070755005,16.14025115966797,9.127979278564453,19.3247127532959,8.580686569213867,3.1844606399536133,2.585810661315918,-0.1316318075161047,1.3583635091781616,111.95570373535156,0.7,1.0,0.0,1.0,0.0,0.0,0.06112884357571602,0.22074386477470398,0.0,0.2511655390262604,0.25211045145988464,0.25293853878974915,-1.507972002029419,-1.5062142610549927,-1.504642128944397,0.0,1.0
4096,4,4,218.1122447348717,197.75,-0.00321481340797618,132.4402587890625,-0.26371378675103185,0.002889217413030565,0.0211669921875,0.4692502062767744,81.8358715057373,15.972503662109375,9.531129837036133,16.761817932128906,8.55127239227295,0.7893139123916626,5.10888671875,-0.2423022401063364,0.807690441608429,93.2228775024414,0.35,1.0,0.0,1.0,0.0,0.0,0.05676813796162605,0.21825599670410156,0.0,0.24919643998146057,0.25168362259864807,0.2531709671020508,-1.5116736888885498,-1.5070141553878784,-1.5042058229446411,0.0,1.0
5120,5,6,223.00551179869328,186.66666666666666,-0.004027804231736809,91.66923656463624,-0.2622697718441486,0.006501250591827557,0.038916015625,0.5271121311932803,91.0698226928711,13.650225639343262,7.568249225616455,18.72757339477539,7.954012393951416,5.0773468017578125,4.195952892303467,0.09464617365855343,1.0428956747055054,104.72073364257812,0.475,1.0,0.0,1.0,0.0,0.0,0.05151527002453804,0.21958276629447937,0.0,0.2483336627483368,0.2525232136249542,0.25560030341148376,-1.5132967233657837,-1.505418300628662,-1.4996484518051147,0.0,1.0
6144,6,6,168.90293145988323,161.33333333333334,-0.002614122745580971,96.2716106414795,-0.2591834649443626,0.00455149317131145,0.0228515625,0.4918564558029175,105.50702934265136,13.023153305053711,8.593785285949707,20.348878860473633,11.07596206665039,7.3257246017456055,6.655367851257324,0.39798658742327897,0.9600458145141602,113.98744201660156,0.35,1.0,0.0,1.0,0.0,0.0,0.053915172815322876,0.21999125182628632,0.0,0.24805834889411926,0.25244781374931335,0.25769180059432983,-1.5138148069381714,-1.5055502653121948,-1.4957293272018433,0.0,1.0
7168,7,7,187.25035095435467,178.28571428571428,-0.005364156921859831,77.90899915695191,-0.2606437914073467,0.007043569824600126,0.05166015625,0.5586705863475799,98.24130802154541,10.589838027954102,10.203920364379883,18.308055877685547,13.553790092468262,7.7182183265686035,6.8837995529174805,0.4332225179944936,1.1857177019119263,150.64744567871094,0.5,1.0,0.0,1.0,0.0,0.0,0.058050379157066345,0.21969474852085114,0.0,0.2487591952085495,0.25246813893318176,0.25692659616470337,-1.5124961137771606,-1.5055094957351685,-1.4971628189086914,0.0,1.0
8192,8,5,158.15984852671335,170.4,-0.0029607471311464905,88.11845684051514,-0.2610792279243469,0.003943892597453669,0.0262451171875,0.5041552539914846,112.81475925445557,12.26678466796875,8.218177795410156,22.29446792602539,14.386967658996582,10.027684211730957,8.572333335876465,0.6737033979559832,0.8732894659042358,139.69784545898438,0.475,1.0,0.0,1.0,0.0,0.0,0.05945618450641632,0.2168639898300171,0.0,0.2466500699520111,0.25179001688957214,0.256245493888855,-1.5164657831192017,-1.5068119764328003,-1.498439073562622,0.0,1.0
9216,9,6,202.47128040671518,175.83333333333334,-0.003378792153671384,90.62764978408813,-0.2657225452363491,0.003374685959715862,0.026708984375,0.5005490094423294,103.33918685913086,12.741073608398438,8.496846199035645,22.83401870727539,13.8005952835083,10.092947006225586,10.343493461608887,0.6209295565115177,0.8725886344909668,131.8748779296875,0.45,1.0,0.0,1.0,0.0,0.0,0.051452796906232834,0.2178558111190796,0.0,0.2441331297159195,0.2510833442211151,0.2582084834575653,-1.5212082862854004,-1.508128046989441,-1.4947617053985596,0.0,1.0
10240,10,6,205.41828875564832,191.83333333333334,-0.0029727219021879136,74.59181776046753,-0.27089696526527407,0.003410873853135854,0.031787109375,0.5658255785703659,97.54510841369628,10.799755096435547,8.862592697143555,21.233905792236328,16.973573684692383,10.434148788452148,12.406970977783203,0.727369174933876,1.1743865013122559,118.09451293945312,0.525,1.0,0.0,1.0,0.0,0.0,0.059074658900499344,0.21846060454845428,0.0,0.24369294941425323,0.24978165328502655,0.2566480338573456,-1.5220383405685425,-1.5105706453323364,-1.4976847171783447,0.0,1.0
11264,11,7,149.9759588619746,160.0,-0.00397982879076153,67.55735569000244,-0.2792524419724941,0.002354154184286017,0.022314453125,0.5679967574775219,82.72240819931031,7.071695804595947,11.305389404296875,19.841880798339844,19.597150802612305,12.770183563232422,13.871577262878418,0.6671986088691126,1.0543168783187866,113.47795104980469,0.525,1.0,0.0,1.0,0.0,0.0,0.05379118025302887,0.2177068442106247,0.0,0.24306726455688477,0.24828428030014038,0.2555808126926422,-1.5232183933258057,-1.5134249925613403,-1.4996850490570068,0.0,1.0
12288,12,6,171.0182226917594,154.83333333333334,-0.0042793522938154634,59.28707513809204,-0.2849015161395073,0.004131904363748618,0.036572265625,0.5496173303574323,89.64604396820069,10.055578231811523,7.9608154296875,24.079999923706055,15.998305320739746,14.024421691894531,13.264967918395996,0.7523905847400211,1.117867112159729,163.8531951904297,0.55,1.0,0.0,1.0,0.0,0.0,0.04370737075805664,0.2172420471906662,0.0,0.24267525970935822,0.24794362485408783,0.2557167708873749,-1.5239579677581787,-1.5140544176101685,-1.4994301795959473,0.0,1.0
13312,13,6,197.76874823144365,179.5,-0.0032561980187892914,88.11502151489258,-0.2838570013642311,0.0013404292942141183,0.0174560546875,0.5175697341561317,76.62051601409912,12.028913497924805,8.164710998535156,25.24720001220703,17.859527587890625,13.218287467956543,17.856107711791992,0.7910022094843052,0.9648127555847168,99.89252471923828,0.475,1.0,0.0,1.0,0.0,0.0,0.03832092136144638,0.2196027934551239,0.0,0.24205844104290009,0.24837227165699005,0.2562330961227417,-1.525121808052063,-1.5132445096969604,-1.498462200164795,0.0,1.0
14336,14,4,178.19144096463046,179.25,-0.005515060562174767,83.01284980773926,-0.28392097875475886,0.00573352249484742,0.0444091796875,0.489603640884161,89.0210599899292,8.745140075683594,11.173727035522461,26.02882957458496,20.462108612060547,17.283689498901367,15.251691818237305,0.7018084288949226,0.7872294187545776,127.3043212890625,0.425,1.0,0.0,1.0,0.0,0.0,0.04014497622847557,0.21590577065944672,0.0,0.24008247256278992,0.24815420806407928,0.25851336121559143,-1.5288527011871338,-1.5136470794677734,-1.4941909313201904,0.0,1.0
15360,15,6,163.34118833379767,182.33333333333334,-0.002828674839111045,76.96321964263916,-0.2824252568185329,0.0048236499176709914,0.01962890625,0.5266501393169165,108.87166481018066,10.038352966308594,10.581548690795898,25.636028289794922,22.131254196166992,15.597674369812012,18.536752700805664,0.771394640286557,1.0237406492233276,205.6254425048828,0.525,1.0,0.0,1.0,0.0,0.0,0.04984390735626221,0.21936799585819244,0.0,0.23936153948307037,0.24894876778125763,0.2596140503883362,-1.530214786529541,-1.5121498107910156,-1.492130994796753,0.0,1.0
16384,16,7,200.61972691867453,181.0,-0.004621268616756424,69.47658605575562,-0.27959720939397814,0.004291266630752943,0.041259765625,0.5151910975575447,80.99261951446533,9.718361854553223,8.87987995147705,25.06597137451172,21.853403091430664,15.34760856628418,20.424230575561523,0.8348889993555991,1.110831379890442,116.22516632080078,0.425,1.0,0.0,1.0,0.0,0.0,0.0473080612719059,0.21700899302959442,0.0,0.2371322214603424,0.24886620044708252,0.2618120610713959,-1.5344295501708984,-1.5123251676559448,-1.488020658493042,0.0,1.0
17408,17,4,163.61321040783452,159.25,-0.0036999664036557077,73.37883071899414,-0.2816728286445141,0.0018917862413218244,0.02314453125,0.5278527662158012,96.44981803894044,7.539632797241211,11.46860122680664,28.81011962890625,22.406089782714844,21.270484924316406,17.6857967376709,0.7380075951309457,1.133197546005249,123.41004943847656,0.5,1.0,0.0,1.0,0.0,0.0,0.041878823190927505,0.21714581549167633,0.0,0.2343551367521286,0.24831797182559967,0.2621748149394989,-1.5396862030029297,-1.5133661031723022,-1.4873428344726562,0.0,1.0
18432,18,6,171.4165277733141,176.33333333333334,-0.004112335108220577,62.825852966308595,-0.28017192184925077,0.003178050633869134,0.04306640625,0.5448138050734996,90.63509731292724,9.093550682067871,8.517894744873047,31.144506454467773,20.925819396972656,22.050954818725586,17.717727661132812,0.8343087218693384,0.9861406087875366,163.92178344726562,0.5,1.0,0.0,1.0,0.0,0.0,0.03382372483611107,0.21774525940418243,0.0,0.23386557400226593,0.24969644844532013,0.26464277505874634,-1.5406135320663452,-1.510793685913086,-1.482734203338623,0.0,1.0
19456,19,6,196.68075332774296,193.16666666666666,-0.0038898355909623207,62.392218589782715,-0.2734925799071789,0.005126649879093748,0.0480712890625,0.5089837905019522,89.74757623672485,7.85710334777832,10.290599822998047,26.79918098449707,25.914464950561523,18.94207763671875,22.232059478759766,0.842312605986787,0.8549602031707764,159.36141967773438,0.45,1.0,0.0,1.0,0.0,0.0,0.03318996727466583,0.21834123134613037,0.0,0.23373378813266754,0.25030478835105896,0.26537513732910156,-1.540863275527954,-1.5096734762191772,-1.481367588043213,0.0,1.0
20480,20,6,231.85258124449606,217.66666666666666,-0.004279729828704148,85.27982063293457,-0.2729507826268673,0.003992307785665616,0.04013671875,0.5658339627087117,62.004495525360106,8.696998596191406,11.057459831237793,28.42861557006836,24.767547607421875,19.731616973876953,24.526174545288086,0.8006828405281516,0.9083462953567505,88.09927368164062,0.575,1.0,0.0,1.0,0.0,0.0,0.029437830671668053,0.21883901953697205,0.0,0.23403017222881317,0.2498168796300888,0.265855073928833,-1.54030179977417,-1.5105856657028198,-1.480472445487976,0.0,1.0
21504,21,4,136.14235732058242,173.0,-0.0043143800925463435,71.06630163192749,-0.2757690899074078,0.005121197769767605,0.0308349609375,0.531213353574276,94.64504108428955,8.596342086791992,9.987512588500977,35.510498046875,23.963056564331055,26.914159774780273,20.1479549407959,0.8262878354893077,1.1739139556884766,130.85638427734375,0.5,1.0,0.0,1.0,0.0,0.0,0.012720990926027298,0.21921908855438232,0.0,0.23564714193344116,0.24978165328502655,0.26546725630760193,-1.5372397899627686,-1.5106266736984253,-1.4811958074569702,0.0,1.0
22528,22,7,175.26800378597247,181.85714285714286,-0.005559447640553117,73.89238119125366,-0.27412519976496696,0.005841233051614836,0.0368896484375,0.5638494096696377,93.34787082672119,5.574977397918701,12.785950660705566,33.05255889892578,26.24470329284668,27.477577209472656,22.241315841674805,0.76265358551845,0.947492778301239,195.34458923339844,0.575,1.0,0.0,1.0,0.0,0.0,0.0190571378916502,0.21981285512447357,0.0,0.23547694087028503,0.25018858909606934,0.2654886841773987,-1.5375620126724243,-1.509859561920166,-1.4811558723449707,0.0,1.0
23552,23,5,184.78847805883723,178.8,-0.0043635026318952445,69.62647171020508,-0.27162509933114054,0.006226957679609768,0.0365234375,0.5069989144802094,83.51772565841675,8.782468795776367,10.546707153320312,30.49538803100586,25.15773582458496,21.71291732788086,25.931310653686523,0.8242518999025843,0.9498571157455444,161.85662841796875,0.375,1.0,0.0,1.0,0.0,0.0,0.010445785708725452,0.21835461258888245,0.0,0.23613019287586212,0.25054797530174255,0.26806527376174927,-1.536325454711914,-1.5092244148254395,-1.4763526916503906,0.0,1.0
24576,24,5,225.53148148522217,197.8,-0.005023894365876913,45.909063243865965,-0.2722622469067574,0.0052214444353012365,0.0475830078125,0.5914699010550976,64.73638000488282,7.141321182250977,7.68914270401001,34.62123107910156,24.820945739746094,27.479907989501953,23.044809341430664,0.9040335992846606,1.3241533041000366,101.0186767578125,0.625,1.0,0.0,1.0,0.0,0.0,0.006685512140393257,0.21958866715431213,0.0,0.23411984741687775,0.24997954070568085,0.2689168453216553,-1.5401318073272705,-1.510301113128662,-1.474766731262207,0.0,1.0
25600,25,6,196.99747887028556,187.0,-0.0030671146523673087,78.05517292022705,-0.27171537429094317,0.002252061406034045,0.0263916015625,0.5498833760619164,88.32490901947021,9.396111488342285,11.374499320983887,25.899545669555664,32.615779876708984,16.503433227539062,34.17599868774414,0.8783788703229691,1.053673505783081,161.80078125,0.475,1.0,0.0,1.0,0.0,0.0,0.000865094072651118,0.22150155901908875,0.0,0.23479412496089935,0.2510512173175812,0.27069780230522156,-1.5388548374176025,-1.5083123445510864,-1.471451997756958,0.0,1.0
26624,26,4,194.72102387178856,192.5,-0.00196527965599671,56.91273384094238,-0.26453749015927314,0.0008315444152685814,0.0084228515625,0.5217090338468552,83.93740653991699,8.20253849029541,8.397153854370117,43.49262237548828,18.904342651367188,35.29008483886719,15.133853912353516,0.8026936360293622,0.9002601504325867,112.75851440429688,0.6,1.0,0.0,1.0,0.0,0.0,-0.006740223616361618,0.21836590766906738,0.0,0.2344183474779129,0.25235456228256226,0.27208802103996277,-1.5395665168762207,-1.5058670043945312,-1.4688665866851807,0.0,1.0
27648,27,7,190.9371849997531,169.28571428571428,-0.004405011306516826,62.34891653060913,-0.2610574834048748,0.004481600389408413,0.0337158203125,0.511283865943551,103.51114120483399,4.94575834274292,12.491189956665039,40.38140869140625,23.501399993896484,35.43564987182617,18.495941162109375,0.7174988872894,1.049011468887329,195.31222534179688,0.425,1.0,0.0,1.0,0.0,0.0,-0.006965401116758585,0.21994194388389587,0.0,0.23300853371620178,0.2520902752876282,0.27087730169296265,-1.5422375202178955,-1.506362795829773,-1.4711179733276367,0.0,1.0
28672,28,8,171.27667263097197,170.875,-0.0030762527836486696,60.30238437652588,-0.2644806712865829,0.0023268911172635853,0.0244140625,0.5347017962485552,90.11653709411621,4.958074569702148,12.008771896362305,36.03706359863281,28.473556518554688,31.078990936279297,26.138065338134766,0.8221254726126832,0.9954236745834351,180.60243225097656,0.5,1.0,0.0,1.0,0.0,0.0,-0.0162575114518404,0.2177249938249588,0.0,0.23070842027664185,0.2510528862476349,0.27183833718299866,-1.54659903049469,-1.5083237886428833,-1.4693307876586914,0.0,1.0
29696,29,5,157.24135144889448,147.6,-0.0037272390793077646,47.95883922576904,-0.27015495374798776,0.0031585858698235823,0.0394775390625,0.5832527570426465,79.96130294799805,4.622074127197266,10.784897804260254,37.887237548828125,26.894224166870117,33.265167236328125,22.215782165527344,0.8391896513894238,1.228858232498169,140.83413696289062,0.55,1.0,0.0,1.0,0.0,0.0,-0.015225979499518871,0.2186717540025711,0.0,0.2295261025428772,0.25042760372161865,0.27116096019744873,-1.5488427877426147,-1.5094847679138184,-1.470590353012085,0.0,1.0
30720,30,7,185.33403192462268,165.14285714285714,-0.002604191831778735,53.71858625411987,-0.2720883145928383,0.0012891584919998422,0.01884765625,0.48223004937171937,76.61823482513428,7.332189559936523,9.769230842590332,39.691307067871094,26.565168380737305,32.3591194152832,25.79000473022461,0.8647629803876519,0.8479044437408447,124.35189056396484,0.425,1.0,0.0,1.0,0.0,0.0,-0.02671687863767147,0.22043241560459137,0.0,0.22842271625995636,0.2502170503139496,0.27053993940353394,-1.5509377717971802,-1.5099163055419922,-1.4717457294464111,0.0,1.0
31744,31,7,202.22642451440962,157.14285714285714,-0.004463505779858679,40.66810235977173,-0.2712706431746483,0.002342968722223304,0.037744140625,0.5314630217850208,73.09794969558716,6.92831563949585,7.49413537979126,46.628387451171875,19.739582061767578,39.700069427490234,16.05883026123047,0.855865776209725,0.8971291184425354,93.69161987304688,0.5,1.0,0.0,1.0,0.0,0.0,-0.024855703115463257,0.21880674362182617,0.0,0.22796973586082458,0.2509711682796478,0.2713257670402527,-1.5517981052398682,-1.5084967613220215,-1.4702839851379395,0.0,1.0
32768,32,5,187.27993357246086,171.2,-0.0041862308804411445,40.225564527511594,-0.26469076946377756,0.0038364630760042927,0.0362548828125,0.4954720251262188,65.71517210006714,6.270777702331543,8.316390037536621,40.77867889404297,27.86792755126953,34.507904052734375,25.533910751342773,0.9109445858912448,0.760983407497406,116.1438980102539,0.45,1.0,0.0,1.0,0.0,0.0,-0.01606023497879505,0.22004692256450653,0.0,0.23034536838531494,0.25249728560447693,0.27301302552223206,-1.547287940979004,-1.5056276321411133,-1.4671475887298584,0.0,1.0
33792,33,7,173.58664130959005,155.71428571428572,-0.0038761739211622625,42.12222361564636,-0.25930560156703,0.0034395929775200783,0.0177001953125,0.5325111247599125,77.74114723205567,3.725299835205078,10.307239532470703,44.152381896972656,26.291765213012695,40.42708206176758,21.428998947143555,0.8463101278756392,0.9865635633468628,133.6021270751953,0.575,1.0,0.0,1.0,0.0,0.0,-0.0242825448513031,0.2180614173412323,0.0,0.23304571211338043,0.25252291560173035,0.27091091871261597,-1.542167067527771,-1.505529761314392,-1.471055507659912,0.0,1.0
34816,34,4,184.56276485065044,172.5,-0.0034502167778555303,34.928129291534425,-0.2602898582816124,0.0017980360818910413,0.02294921875,0.47823000736534593,65.02900714874268,6.186817646026611,6.887495517730713,47.254905700683594,25.574256896972656,41.068084716796875,21.75490379333496,0.92747018034264,0.9655755758285522,90.761962890625,0.35,1.0,0.0,1.0,0.0,0.0,-0.013834529556334019,0.21928255259990692,0.0,0.23393487930297852,0.2523004710674286,0.27080750465393066,-1.5404822826385498,-1.5059304237365723,-1.471247911453247,0.0,1.0
35840,35,7,228.9269859141924,195.85714285714286,-0.003356539155356586,28.108334827423096,-0.2603257603943348,0.0046998988691484556,0.0207275390625,0.5288208357989788,63.442156600952146,4.858341217041016,7.9683027267456055,39.91858673095703,29.76073455810547,35.06024169921875,28.03200912475586,0.928312339940888,1.2150306701660156,147.76522827148438,0.425,1.0,0.0,1.0,0.0,0.0,-0.0009212421136908233,0.21890848875045776,0.0,0.23358100652694702,0.25259754061698914,0.27070125937461853,-1.5411527156829834,-1.5054117441177368,-1.4714455604553223,0.0,1.0
36864,36,6,143.28850640568322,150.5,-0.004303899605292827,42.06585855484009,-0.25816612765192987,0.002401324700622354,0.029296875,0.5166402291506529,89.49670534133911,3.228404998779297,12.479288101196289,34.61631393432617,31.77833366394043,31.387908935546875,32.52219772338867,0.8457882739575431,0.8883808851242065,199.70372009277344,0.5,1.0,0.0,1.0,0.0,0.0,-0.0018016922986134887,0.2202989161014557,0.0,0.23368613421916962,0.2529502213001251,0.27166783809661865,-1.540953516960144,-1.5047227144241333,-1.4696478843688965,0.0,1.0
37888,37,6,229.02297292856443,195.0,-0.0026120889466255902,25.36867277622223,-0.25947303473949435,0.002117412956431508,0.011767578125,0.5144701834768057,59.02204422950744,5.580207347869873,8.226370811462402,37.41071319580078,28.221004486083984,31.830503463745117,30.273250579833984,0.9150288329827457,0.8411779999732971,136.12449645996094,0.5,1.0,0.0,1.0,0.0,0.0,-0.02466449700295925,0.2188832312822342,0.0,0.23275136947631836,0.25195321440696716,0.27140724658966064,-1.5427249670028687,-1.5066052675247192,-1.4701323509216309,0.0,1.0
38912,38,4,162.71964129339773,173.75,-0.003232824779115617,25.761495065689086,-0.263394633680582,0.0031453301809960975,0.0204833984375,0.47848778367042544,58.06197633743286,3.1541566848754883,7.637759208679199,47.877525329589844,26.732999801635742,44.723365783691406,21.857391357421875,0.9183724863031306,0.8694316148757935,122.62078857421875,0.425,1.0,0.0,1.0,0.0,0.0,-0.022093556821346283,0.2197607010602951,0.0,0.23118972778320312,0.25197461247444153,0.27175021171569824,-1.5456860065460205,-1.5065702199935913,-1.4694947004318237,0.0,1.0
39936,39,6,182.2144027207852,166.0,-0.002716405095998198,27.337138986587526,-0.2631888322532177,0.0027923060464672745,0.0261474609375,0.5449395276606083,62.12959451675415,6.280979156494141,6.498899459838867,46.653221130371094,28.03896713256836,40.37224197387695,26.31148338317871,0.9462775699755015,1.1948564052581787,124.33018493652344,0.5,1.0,0.0,1.0,0.0,0.0,-0.01712733320891857,0.22123757004737854,0.0,0.22858677804470062,0.251768559217453,0.2736526429653168,-1.5506261587142944,-1.5070096254348755,-1.4659593105316162,0.0,1.0
40960,40,6,199.66496038866288,168.83333333333334,-0.003467887331498787,28.29367446899414,-0.2644302867352962,0.003611171893135179,0.0322021484375,0.5780004538595677,58.2212854385376,5.802031517028809,6.672804832458496,50.66267776489258,25.491653442382812,44.86064910888672,23.00564193725586,0.9314794542429011,1.634699821472168,101.02590942382812,0.5,1.0,0.0,1.0,0.0,0.0,-0.013984215445816517,0.22296670079231262,0.0,0.22829017043113708,0.2518156170845032,0.2733243703842163,-1.5511895418167114,-1.5068974494934082,-1.466569185256958,0.0,1.0
41984,41,7,215.73440219875513,182.0,-0.002883119147736579,51.79274139404297,-0.2665210247039795,0.003866123443003744,0.0337890625,0.4734090093523264,80.22155570983887,3.304098606109619,12.123445510864258,50.67570495605469,26.402984619140625,47.37160873413086,22.457599639892578,0.7891633551486068,0.9881880879402161,130.73475646972656,0.3,1.0,0.0,1.0,0.0,0.0,-0.02002616599202156,0.2243281453847885,0.0,0.22809523344039917,0.2505950331687927,0.27078354358673096,-1.5515596866607666,-1.5091743469238281,-1.471292495727539,0.0,1.0
43008,42,6,200.5976463597872,184.16666666666666,-0.003824690548935905,21.894624018669127,-0.27219423428177836,0.0037596771464450283,0.03232421875,0.5873520560562611,44.183065795898436,2.856025218963623,6.9994072914123535,49.235618591308594,29.226898193359375,46.37958908081055,24.49117660522461,0.9426468760460369,0.9682381749153137,59.68708801269531,0.625,1.0,0.0,1.0,0.0,0.0,-0.02211185358464718,0.22168737649917603,0.0,0.22768765687942505,0.2502221167087555,0.27197957038879395,-1.5523340702056885,-1.5099105834960938,-1.4690682888031006,0.0,1.0
44032,43,6,189.5215095787777,165.33333333333334,-0.005290562077425421,19.15709011554718,-0.2748096451163292,0.007116250756371301,0.041015625,0.5502527058124542,49.73934564590454,1.5261057615280151,7.635648250579834,51.20764923095703,25.661828994750977,49.681541442871094,20.837230682373047,0.9114646685236168,0.7947856783866882,106.79434204101562,0.625,1.0,0.0,1.0,0.0,0.0,-0.016267461702227592,0.222469300031662,0.0,0.22368982434272766,0.24973000586032867,0.27325645089149475,-1.5599358081817627,-1.5108758211135864,-1.4666953086853027,0.0,1.0
45056,44,5,195.51752591025948,173.8,-0.00525861531496048,19.822744393348692,-0.27545103505253793,0.0065102893859148026,0.0583984375,0.5135613974183798,65.92196321487427,1.7682819366455078,8.901732444763184,51.83287811279297,27.156538009643555,50.064598083496094,24.707866668701172,0.8925515111868465,0.9615238904953003,192.789306640625,0.4,1.0,0.0,1.0,0.0,0.0,-0.015690885484218597,0.22213438153266907,0.0,0.2236851006746292,0.2499983161687851,0.2753302752971649,-1.5599448680877686,-1.5103850364685059,-1.4628446102142334,0.0,1.0
46080,45,6,181.24847757133327,165.83333333333334,-0.004970099229831248,19.09616377353668,-0.27448435351252554,0.0054679794586263595,0.0597412109375,0.5497810415923595,60.38422651290894,4.4998931884765625,6.230113983154297,56.7247314453125,26.68744659423828,52.22483825683594,24.498037338256836,0.9455023366700324,0.943416178226471,145.93711853027344,0.55,1.0,0.0,1.0,0.0,0.0,-0.00681317737326026,0.2236596643924713,0.0,0.2238238900899887,0.24986279010772705,0.27456092834472656,-1.559680700302124,-1.5106037855148315,-1.4642727375030518,0.0,1.0
47104,46,7,176.00249432069728,170.42857142857142,-0.004919827712001279,27.47093858718872,-0.2764884278178215,0.0030833938741125166,0.0462158203125,0.539262768253684,72.38300952911376,0.9088497161865234,9.39159870147705,50.92234420776367,34.60768508911133,50.01349639892578,29.21124267578125,0.9263565683576165,1.1716309785842896,165.1647491455078,0.5,1.0,0.0,1.0,0.0,0.0,-0.003625936107710004,0.222403883934021,0.0,0.22194543480873108,0.24934940040111542,0.2745365500450134,-1.5632569789886475,-1.5115896463394165,-1.4643179178237915,0.0,1.0
48128,47,6,207.28394487707214,182.0,-0.004530803742818534,14.412828159332275,-0.2765849381685257,0.004250801280431915,0.0324951171875,0.5533167455345392,41.54945044517517,3.659501552581787,6.433159828186035,40.13838577270508,32.40703582763672,36.4788818359375,33.643009185791016,0.9605933041735089,1.0088541507720947,104.15262603759766,0.5,1.0,0.0,1.0,0.0,0.0,0.00011547841131687164,0.22296331822872162,0.0,0.22197721898555756,0.24983681738376617,0.2763608396053314,-1.5631964206695557,-1.5107039213180542,-1.460932731628418,0.0,1.0
49152,48,4,204.06922946064765,172.5,-0.004336476279422641,12.499430882930756,-0.27292737141251566,0.004082343797199428,0.029345703125,0.4854177191853523,45.61451983451843,2.5408105850219727,6.01294469833374,55.53980255126953,27.343881607055664,52.998992919921875,27.09051513671875,0.9516435903397683,0.7536756992340088,128.22088623046875,0.45,1.0,0.0,1.0,0.0,0.0,-0.0003331763145979494,0.22159358859062195,0.0,0.22359955310821533,0.25086817145347595,0.27688950300216675,-1.560107707977295,-1.5087746381759644,-1.4599523544311523,0.0,1.0
50176,49,8,190.47600365850636,171.625,-0.0032590751070529222,13.033630299568177,-0.27010317146778107,0.004794185353966895,0.0332275390625,0.5575563818216324,30.551951503753664,1.6115379333496094,5.941828727722168,49.91485595703125,31.621841430664062,48.303321838378906,29.05267906188965,0.9646925847705172,1.0069619417190552,56.875946044921875,0.475,1.0,0.0,1.0,0.0,0.0,-0.00016569136641919613,0.2245032638311386,0.0,0.2220592200756073,0.2503305971622467,0.2768457233905792,-1.5630402565002441,-1.5097607374191284,-1.4600335359573364,0.0,1.0
51200,50,5,179.9348883603074,169.0,-0.0052318646165076645,12.5594167470932,-0.2754048936069012,0.003074192747590132,0.0470703125,0.6242498815059662,40.87094340324402,3.1018919944763184,5.936440944671631,51.046165466308594,33.76665496826172,47.94427490234375,32.298160552978516,0.9690916195274366,1.131832242012024,94.9559097290039,0.65,1.0,0.0,1.0,0.0,0.0,-0.005529547575861216,0.22193339467048645,0.0,0.22102372348308563,0.24913036823272705,0.27646124362945557,-1.565012812614441,-1.5120218992233276,-1.4607465267181396,0.0,1.0
52224,51,7,187.29886419075063,176.57142857142858,-0.0046033475722651925,25.506673407554626,-0.28119570687413215,0.006102937443938572,0.0464599609375,0.5503613959997893,103.76575169563293,-0.4752812087535858,10.793971061706543,56.81792449951172,32.49630355834961,57.29320526123047,28.63639259338379,0.8896697725352352,1.0859075784683228,286.69183349609375,0.525,1.0,0.0,1.0,0.0,0.0,-0.001587655278854072,0.21964341402053833,0.0,0.22060884535312653,0.24869747459888458,0.2769964933395386,-1.5658034086227417,-1.5128631591796875,-1.4597539901733398,0.0,1.0
53248,52,5,189.55233275220337,175.2,-0.004522631713189185,20.176409244537354,-0.28139987736940386,0.0023095647935406304,0.039208984375,0.536367379873991,64.94437913894653,0.9865542650222778,8.933966636657715,54.12462615966797,32.56755447387695,53.13806915283203,31.267333984375,0.9247479494133846,0.8799002170562744,195.38807678222656,0.5,1.0,0.0,1.0,0.0,0.0,-0.01135620940476656,0.2213866263628006,0.0,0.21933799982070923,0.24884013831615448,0.2776568531990051,-1.5682259798049927,-1.512607455253601,-1.4585299491882324,0.0,1.0
54272,53,4,163.36128907919993,180.5,-0.004650390986353159,12.480624854564667,-0.27676046565175055,0.003737626441579778,0.033984375,0.5118929952383041,51.62056312561035,3.2689132690429688,6.113101482391357,43.809608459472656,37.650604248046875,40.54069900512695,37.34560012817383,0.9736379443014821,0.8555861711502075,161.0391082763672,0.5,1.0,0.0,1.0,0.0,0.0,-0.02494649402797222,0.22545579075813293,0.0,0.22085478901863098,0.2504625618457794,0.2794329524040222,-1.5653347969055176,-1.5095725059509277,-1.4552396535873413,0.0,1.0
55296,54,8,200.09803141536815,191.375,-0.004651647148421034,41.12785687446594,-0.2734709903597832,0.004416288145876024,0.0489501953125,0.5417459987103939,68.8548336982727,0.028318077325820923,11.195048332214355,48.673301696777344,40.38816833496094,48.644981384277344,38.54746627807617,0.9231677232906026,0.8800562024116516,148.72889709472656,0.45,1.0,0.0,1.0,0.0,0.0,-0.023073812946677208,0.22384867072105408,0.0,0.22040103375911713,0.24943704903125763,0.2783196270465851,-1.566199541091919,-1.5114554166793823,-1.4573017358779907,0.0,1.0
56320,55,6,172.08594663814245,158.16666666666666,-0.003292646270710975,26.525719738006593,-0.2782638318836689,0.003092266884050332,0.0285400390625,0.5302402533590793,94.21587419509888,-1.9073314666748047,10.002017974853516,51.727630615234375,34.1259651184082,53.63496398925781,31.552265167236328,0.9140975932739589,0.9479132890701294,247.34170532226562,0.5,1.0,0.0,1.0,0.0,0.0,-0.02141488529741764,0.22575309872627258,0.0,0.22017619013786316,0.24951206147670746,0.2797938287258148,-1.5666279792785645,-1.5113476514816284,-1.4545714855194092,0.0,1.0
57344,56,4,190.3233407847274,165.0,-0.003947110974695534,8.386107212305069,-0.28167458474636076,0.001883072339114733,0.0214599609375,0.5491204343736171,38.52215478420258,1.8806328773498535,5.410817623138428,53.86087417602539,27.615381240844727,51.98023986816406,27.901973724365234,0.961609505248361,1.0228643417358398,104.97479248046875,0.625,1.0,0.0,1.0,0.0,0.0,-0.014364375732839108,0.2229875773191452,0.0,0.21776875853538513,0.2475029081106186,0.27700725197792053,-1.5712192058563232,-1.5151170492172241,-1.4597340822219849,0.0,1.0
58368,57,6,202.8186579199278,183.33333333333334,-0.004829362733289599,10.468997192382812,-0.2915022224187851,0.007401958458649461,0.0435302734375,0.5169409513473511,34.29655861854553,1.8082406520843506,6.0252909660339355,52.59723663330078,35.789947509765625,50.78899383544922,35.990013122558594,0.9716577746496224,0.997056782245636,77.12854766845703,0.45,1.0,0.0,1.0,0.0,0.0,-0.007979764603078365,0.223389133810997,0.0,0.21784023940563202,0.2466617226600647,0.27561283111572266,-1.5710828304290771,-1.5167107582092285,-1.462320327758789,0.0,1.0
59392,58,8,168.19361585917497,161.875,-0.0037458180100657045,29.034905338287352,-0.29505190551280974,0.0037133981386432424,0.0239990234375,0.5521715808659792,103.34761047363281,1.0658373832702637,10.311261177062988,58.68362045288086,39.684814453125,57.61778259277344,36.13265609741211,0.9324889620057236,1.0539591312408447,216.90573120117188,0.6,1.0,0.0,1.0,0.0,0.0,0.00521705811843276,0.2205691933631897,0.0,0.21649514138698578,0.2460678219795227,0.2752762734889984,-1.5736500024795532,-1.5178357362747192,-1.4629448652267456,0.0,1.0
60416,59,5,159.78359461335103,148.8,-0.005796973081305623,28.857368063926696,-0.2967730350792408,0.00730218015232822,0.0572998046875,0.5964528352022171,138.8681450843811,-2.678093671798706,10.509937286376953,56.789398193359375,30.9395751953125,59.467491149902344,28.13962745666504,0.8846091201567716,0.9927525520324707,468.3794250488281,0.725,1.0,0.0,1.0,0.0,0.0,0.004907357972115278,0.2240007519721985,0.0,0.21650467813014984,0.24633799493312836,0.2760622501373291,-1.573631763458252,-1.5173187255859375,-1.461486577987671,0.0,1.0
61440,60,7,185.0095981470238,177.71428571428572,-0.0041679628076963125,22.08612742424011,-0.29534219577908516,0.00444971769611584,0.0408935546875,0.587282870709896,103.43927865028381,-2.7425360679626465,9.868274688720703,54.80973815917969,38.576351165771484,57.552276611328125,35.268253326416016,0.934560484173162,1.2276545763015747,276.72979736328125,0.625,1.0,0.0,1.0,0.0,0.0,-0.0036047000903636217,0.2271144539117813,0.0,0.21705490350723267,0.2462342381477356,0.275640606880188,-1.5725815296173096,-1.5175209045410156,-1.4622688293457031,0.0,1.0
62464,61,6,181.23034030323797,168.83333333333334,-0.0033615951309911908,32.4900185585022,-0.2973975151777267,0.003628073289291933,0.036767578125,0.5491891544312238,89.54269609451293,-1.270756483078003,11.034818649291992,58.607635498046875,35.38196563720703,59.87839126586914,35.22744369506836,0.9027327743175899,0.965289294719696,196.5799102783203,0.65,1.0,0.0,1.0,0.0,0.0,-0.0033927680924534798,0.2228829562664032,0.0,0.21774236857891083,0.2454168051481247,0.27341702580451965,-1.5712695121765137,-1.5190321207046509,-1.4663970470428467,0.0,1.0
63488,62,8,136.32623840723878,144.875,-0.003269937715958804,55.33349900245666,-0.2985133722424507,0.0023131869354983793,0.02236328125,0.47907929085195067,141.68675184249878,-4.284573078155518,14.169881820678711,57.65614318847656,36.551597595214844,61.94071960449219,33.11420440673828,0.8497135936405495,0.8094968795776367,381.7437438964844,0.45,1.0,0.0,1.0,0.0,0.0,-0.01269957423210144,0.2275507003068924,0.0,0.21976342797279358,0.24633753299713135,0.27267706394195557,-1.5674148797988892,-1.51727294921875,-1.4677717685699463,0.0,1.0
64512,63,5,156.17605076762032,142.8,-0.004352292732801288,16.87713050842285,-0.2941613182425499,0.0054864139208802955,0.0365234375,0.5525732643902301,61.600254726409915,0.07124161720275879,8.608241081237793,48.326499938964844,34.617713928222656,48.2552604675293,36.43604278564453,0.9381653357896891,1.113105058670044,143.73509216308594,0.55,1.0,0.0,1.0,0.0,0.0,-0.0045263259671628475,0.22681061923503876,0.0,0.22086173295974731,0.2463589459657669,0.2717747688293457,-1.565321445465088,-1.5172028541564941,-1.4694490432739258,0.0,1.0
65536,64,8,160.05412388436932,159.5,-0.005268561257980764,29.24035985469818,-0.29263739213347434,0.004702426878793631,0.058203125,0.5755504377186298,91.27948622703552,-1.2468100786209106,10.454939842224121,52.94794845581055,39.75735092163086,54.19476318359375,38.09444046020508,0.930847440572421,0.9632914066314697,218.51455688476562,0.625,1.0,0.0,1.0,0.0,0.0,-0.002671651542186737,0.2275526225566864,0.0,0.22140565514564514,0.24741770327091217,0.2726881504058838,-1.564285159111023,-1.5152117013931274,-1.4677512645721436,0.0,1.0
66560,65,7,177.77865905088015,146.57142857142858,-0.002679090714082122,16.489294576644898,-0.2877806708216667,0.0008515352194081061,0.0149169921875,0.5458925530314446,42.80517218112946,0.2882806062698364,7.7822747230529785,51.08107376098633,35.39116668701172,50.79279327392578,35.07221984863281,0.9516470077226402,1.1480624675750732,147.87228393554688,0.475,1.0,0.0,1.0,0.0,0.0,-0.013857868500053883,0.23016595840454102,0.0,0.22141243517398834,0.24749912321567535,0.273249089717865,-1.5642722845077515,-1.5150617361068726,-1.4667088985443115,0.0,1.0
67584,66,6,134.5817964384912,139.83333333333334,-0.003177168109687045,24.93325295448303,-0.29126697704195975,0.003281488206994254,0.0267822265625,0.5048274017870427,70.42766604423522,-1.2277367115020752,9.8431396484375,50.35044479370117,35.020263671875,51.57817840576172,33.51118850708008,0.920999751405388,0.834307074546814,152.5018310546875,0.525,1.0,0.0,1.0,0.0,0.0,-0.0013412308180704713,0.22937129437923431,0.0,0.22039742767810822,0.24633651971817017,0.27354854345321655,-1.5662063360214233,-1.5172805786132812,-1.4661526679992676,0.0,1.0
68608,67,9,172.65326331743748,149.88888888888889,-0.004480044159572571,15.609520673751831,-0.29298281818628313,0.005464451381703839,0.0487548828125,0.5539711855351925,63.34364831447601,-1.5018261671066284,8.181346893310547,46.71015930175781,33.139617919921875,48.21198654174805,32.99554443359375,0.9390526935377238,1.1803160905838013,181.66787719726562,0.625,1.0,0.0,1.0,0.0,0.0,-0.006711302790790796,0.23377595841884613,0.0,0.2204609513282776,0.24741779267787933,0.2732253968715668,-1.5660853385925293,-1.5152206420898438,-1.4667530059814453,0.0,1.0
69632,68,6,158.829605028013,158.5,-0.003905672306427732,36.29503390789032,-0.28836154863238334,0.004252486242330633,0.030419921875,0.5471344228833914,80.57287769317627,0.6505929827690125,11.674354553222656,42.09754943847656,37.553314208984375,41.44695281982422,40.636775970458984,0.9033572746662315,1.2727327346801758,170.97073364257812,0.575,1.0,0.0,1.0,0.0,0.0,-0.026221342384815216,0.22874680161476135,0.0,0.2195369005203247,0.24734026193618774,0.27461254596710205,-1.5678467750549316,-1.5153841972351074,-1.464176893234253,0.0,1.0
70656,69,3,202.29294190032707,167.66666666666666,-0.003687665634788573,18.482750856876372,-0.2906361386179924,0.003764022189716343,0.040234375,0.6226436354219913,58.861601209640504,2.277540445327759,8.5238618850708,40.20924377441406,29.916065216064453,37.931705474853516,30.635568618774414,0.9188172356279499,1.2264580726623535,152.7395782470703,0.775,1.0,0.0,1.0,0.0,0.0,-0.027370458468794823,0.2291923612356186,0.0,0.218421071767807,0.24688534438610077,0.2740707993507385,-1.569974660873413,-1.5162690877914429,-1.4651827812194824,0.0,1.0
71680,70,8,163.58603502764709,162.375,-0.003839723963756114,11.946438109874725,-0.2892508625984192,0.003332845339900814,0.035546875,0.4720755185931921,53.37242510318756,0.4422701597213745,7.394700050354004,51.23104476928711,34.230995178222656,50.78877639770508,34.05854797363281,0.9533338448284476,0.9625219106674194,153.61415100097656,0.3,1.0,0.0,1.0,0.0,0.0,-0.03323332965373993,0.22870996594429016,0.0,0.21837033331394196,0.24815517663955688,0.27722442150115967,-1.5700714588165283,-1.5138779878616333,-1.4593315124511719,0.0,1.0
72704,71,8,199.19297148334664,159.125,-0.004395924415439368,11.23276919722557,-0.2812827929854393,0.0055740185896866025,0.0512939453125,0.5615443997085094,72.19857087135316,3.081157684326172,7.191600322723389,48.184322357177734,33.12446594238281,45.10316467285156,36.363521575927734,0.9528639363080598,1.0225849151611328,203.63929748535156,0.575,1.0,0.0,1.0,0.0,0.0,-0.040522873401641846,0.23309344053268433,0.0,0.21979542076587677,0.2492944449186325,0.2771534323692322,-1.5673538446426392,-1.5117212533950806,-1.459463119506836,0.0,1.0
73728,72,7,171.14355384701418,148.57142857142858,-0.005400278558954597,17.66645566225052,-0.2783235728740692,0.0058646508143283425,0.051708984375,0.6141417317092419,81.86643624305725,0.3159128427505493,8.927986145019531,51.108055114746094,31.005834579467773,50.792144775390625,30.252416610717773,0.9170874761999128,0.9957666397094727,235.72213745117188,0.725,1.0,0.0,1.0,0.0,0.0,-0.04236827418208122,0.23142239451408386,0.0,0.2203393429517746,0.2493230253458023,0.2771610617637634,-1.566317081451416,-1.5116996765136719,-1.4594488143920898,0.0,1.0
74752,73,7,158.31947555087996,140.85714285714286,-0.004805073927855119,8.78703505396843,-0.2784037835896015,0.0033830824817414396,0.0287841796875,0.5691468842327595,65.36032364368438,-1.1019389629364014,6.550495147705078,52.787513732910156,30.693634033203125,53.88945770263672,30.65495491027832,0.9544538481168073,0.9980160593986511,231.66195678710938,0.55,1.0,0.0,1.0,0.0,0.0,-0.050620317459106445,0.22819077968597412,0.0,0.22074389457702637,0.24913163483142853,0.2772747576236725,-1.5655460357666016,-1.5120211839675903,-1.459238052368164,0.0,1.0
75776,74,5,159.4542516408034,154.2,-0.0037521268823184073,19.796738743782043,-0.28228938579559326,0.002431153508950956,0.0263671875,0.5085389811545611,90.80729093551636,-0.19033952057361603,9.273550987243652,45.8831787109375,34.821590423583984,46.073516845703125,35.829864501953125,0.9290757257139739,0.9724048972129822,253.59046936035156,0.375,1.0,0.0,1.0,0.0,0.0,-0.03979882597923279,0.23007886111736298,0.0,0.21871265769004822,0.24796034395694733,0.2784442901611328,-1.5694185495376587,-1.5142828226089478,-1.4570708274841309,0.0,1.0
76800,75,6,194.56695040867123,161.16666666666666,-0.00472826324403286,7.497456455230713,-0.2865943245589733,0.004410883266245946,0.0502197265625,0.693006855994463,53.9593008518219,2.2243294715881348,6.398556709289551,45.5843505859375,29.038246154785156,43.36001968383789,32.26051330566406,0.951446195641574,1.2509219646453857,149.66294860839844,0.775,1.0,0.0,1.0,0.0,0.0,-0.03608956187963486,0.2307388186454773,0.0,0.21846844255924225,0.2479446530342102,0.27976471185684204,-1.5698843002319336,-1.514322280883789,-1.4546253681182861,0.0,1.0
77824,76,7,155.6623514146258,142.85714285714286,-0.003538111996022053,11.281832426786423,-0.289610393345356,0.005136534219491296,0.0419677734375,0.5773701779544353,59.55526678562164,1.9370965957641602,7.192898750305176,43.58319091796875,34.61505889892578,41.64609146118164,35.425926208496094,0.9568204923923115,1.2671886682510376,175.8480682373047,0.6,1.0,0.0,1.0,0.0,0.0,-0.024447863921523094,0.22891965508460999,0.0,0.21798808872699738,0.2465216964483261,0.27839696407318115,-1.57080078125,-1.5169817209243774,-1.4571584463119507,0.0,1.0
78848,77,7,179.41778835016345,150.57142857142858,-0.00576012039091438,8.044299203157426,-0.29688639417290685,0.005698474860400893,0.03046875,0.5087734088301659,34.4088737487793,-0.33869919180870056,5.580945014953613,60.605106353759766,28.294307708740234,60.94380569458008,27.942163467407227,0.9610939261188648,0.7788938283920288,95.06180572509766,0.525,1.0,0.0,1.0,0.0,0.0,-0.03636335954070091,0.22859425842761993,0.0,0.21732144057750702,0.2456647753715515,0.2782321274280548,-1.5720727443695068,-1.5186176300048828,-1.4574637413024902,0.0,1.0
79872,78,8,162.5271552049636,149.875,-0.0045331792556680735,12.7095663189888,-0.29947794824838636,0.0029612085738335734,0.0324462890625,0.47625117339193823,54.62460608482361,-1.721921682357788,7.421606063842773,49.32360076904297,32.84122085571289,51.04552459716797,31.581470489501953,0.9489310148477182,0.797313392162323,176.05331420898438,0.425,1.0,0.0,1.0,0.0,0.0,-0.028382116928696632,0.23308363556861877,0.0,0.2187398225069046,0.24558335542678833,0.2775695025920868,-1.569366693496704,-1.5187548398971558,-1.4586918354034424,0.0,1.0
80896,79,8,147.22484754840025,134.125,-0.004041918064467609,7.8273191213607785,-0.30127727836370466,0.004897788261587266,0.03505859375,0.5809338025748729,36.981138181686404,-0.2237471491098404,5.564815521240234,51.947784423828125,34.281192779541016,52.17153549194336,33.91563034057617,0.9736494474075907,0.9790512323379517,87.69671630859375,0.65,1.0,0.0,1.0,0.0,0.0,-0.025717610493302345,0.22937501966953278,0.0,0.21643951535224915,0.2447708696126938,0.2779834270477295,-1.573756217956543,-1.5202999114990234,-1.4579246044158936,0.0,1.0
81920,80,8,159.44854767429612,132.75,-0.004463792033493519,14.609907668828964,-0.30556080788373946,0.0031865384939010256,0.06142578125,0.5632240537554025,54.18804559707642,-2.1164608001708984,7.856060028076172,59.43977737426758,31.034421920776367,61.55624008178711,28.504011154174805,0.9359200303615186,1.0175632238388062,141.4800262451172,0.55,1.0,0.0,1.0,0.0,0.0,-0.028336763381958008,0.2311343252658844,0.0,0.21715226769447327,0.24430198967456818,0.2772458791732788,-1.5723956823349,-1.5211817026138306,-1.459291696548462,0.0,1.0
82944,81,7,163.38487869107647,151.0,-0.004880253411829472,11.621499276161193,-0.3118756003677845,0.004161110408313106,0.0331298828125,0.6181920938193798,66.59548287391662,-0.4729365110397339,7.4957594871521,49.3033447265625,32.59733963012695,49.776283264160156,34.012969970703125,0.9471229811940283,0.9895052909851074,212.35646057128906,0.725,1.0,0.0,1.0,0.0,0.0,-0.025807157158851624,0.23375490307807922,0.0,0.21649044752120972,0.24211178719997406,0.27340951561927795,-1.5736589431762695,-1.5252560377120972,-1.4664108753204346,0.0,1.0
83968,82,8,140.35249409997326,137.25,-0.0036731001338921486,13.73518168926239,-0.32150045931339266,0.005103932008205447,0.036865234375,0.5806641198694706,64.20437977313995,-2.767385482788086,7.3379693031311035,49.02781677246094,35.13770294189453,51.79520034790039,34.90584945678711,0.9563881010353701,1.0593252182006836,188.32362365722656,0.625,1.0,0.0,1.0,0.0,0.0,-0.03642299026250839,0.23190079629421234,0.0,0.2157108634710312,0.2413526177406311,0.2729738652706146,-1.5751475095748901,-1.5267077684402466,-1.4672203063964844,0.0,1.0
84992,83,8,128.7233960481459,122.0,-0.003129240998532623,13.851823782920837,-0.32140740677714347,0.0038123157399240883,0.034423828125,0.5188812602311372,48.48969678878784,-2.4169068336486816,6.863979816436768,49.41374969482422,30.242149353027344,51.830657958984375,30.25318145751953,0.9484858406778816,1.0892348289489746,116.93595123291016,0.475,1.0,0.0,1.0,0.0,0.0,-0.0352899543941021,0.22550927102565765,0.0,0.21656721830368042,0.24229677021503448,0.27444976568222046,-1.5735124349594116,-1.524912714958191,-1.4644789695739746,0.0,1.0
86016,84,8,125.52846469293313,125.5,-0.00437487835297361,10.900990968942642,-0.3156274788081646,0.003387244748591911,0.04208984375,0.6293558076024055,72.64498190879821,-1.7638286352157593,6.756611347198486,44.56138610839844,33.40489959716797,46.32521438598633,32.19392395019531,0.9590892396910451,1.1946063041687012,232.37411499023438,0.7,1.0,0.0,1.0,0.0,0.0,-0.03823554515838623,0.22859275341033936,0.0,0.21444196999073029,0.2430291771888733,0.2772994041442871,-1.5775715112686157,-1.5235735177993774,-1.4591925144195557,0.0,1.0
87040,85,6,184.86007717634098,146.66666666666666,-0.0036112553556449712,14.052319473028183,-0.31247133687138556,0.0027704161941073833,0.02763671875,0.5431266508996486,66.75696260929108,4.051695823669434,7.821374416351318,42.15422058105469,31.363719940185547,38.1025276184082,36.540225982666016,0.9378113690623884,0.9980003833770752,168.49130249023438,0.6,1.0,0.0,1.0,0.0,0.0,-0.02723662368953228,0.2328450083732605,0.0,0.21468499302864075,0.24334938824176788,0.2791951298713684,-1.5771071910858154,-1.5230011940002441,-1.455680012702942,0.0,1.0
88064,86,8,141.16753755106478,136.5,-0.004081037431024015,8.690407735109329,-0.3113276742398739,0.008034681460412686,0.0403564453125,0.6069252386689186,44.948103523254396,-2.2476892471313477,5.669808387756348,51.46281814575195,31.841611862182617,53.710506439208984,30.663137435913086,0.9682936202022441,0.9374875426292419,132.8124237060547,0.675,1.0,0.0,1.0,0.0,0.0,-0.03300859406590462,0.2313174456357956,0.0,0.21529054641723633,0.24376152455806732,0.28305214643478394,-1.5759503841400146,-1.522264003753662,-1.448544979095459,0.0,1.0
89088,87,7,148.08742578156824,139.57142857142858,-0.004251083347480744,13.35127649307251,-0.30994692593812945,0.004082899093918968,0.0478759765625,0.6209142290055751,52.39736137390137,-1.6213088035583496,6.965293884277344,46.84740447998047,32.370948791503906,48.468711853027344,29.41957664489746,0.9537013777474342,1.4077719449996948,143.16073608398438,0.65,1.0,0.0,1.0,0.0,0.0,-0.02144729159772396,0.2332388013601303,0.0,0.2162221521139145,0.24387530982494354,0.28565195202827454,-1.5741711854934692,-1.5221138000488281,-1.4437440633773804,0.0,1.0
90112,88,8,160.2934786399409,147.875,-0.003819796163588762,6.447321420907974,-0.3105993948876858,0.004420438245870173,0.0394775390625,0.5923590943217277,38.49240121841431,0.36486226320266724,5.63332986831665,48.68690490722656,31.429697036743164,48.322044372558594,32.15410614013672,0.9678744923105149,1.3279119729995728,105.84752655029297,0.7,1.0,0.0,1.0,0.0,0.0,-0.014272539876401424,0.23892560601234436,0.0,0.2160414159297943,0.2433324009180069,0.28617337346076965,-1.5745162963867188,-1.5231355428695679,-1.442781925201416,0.0,1.0
91136,89,6,130.49874116913426,145.66666666666666,-0.004221760423388332,17.40757875442505,-0.3117087922990322,0.0054363045477657575,0.0345458984375,0.5271215721964836,91.63858861923218,-3.154123306274414,8.346150398254395,37.751502990722656,34.977169036865234,40.90562438964844,35.77489471435547,0.943061879114462,1.015903115272522,251.9066162109375,0.45,1.0,0.0,1.0,0.0,0.0,-0.01882094517350197,0.22349298000335693,0.0,0.21603946387767792,0.24389636516571045,0.28868475556373596,-1.5745201110839844,-1.5221309661865234,-1.4381523132324219,0.0,1.0
92160,90,7,163.29720643548347,145.57142857142858,-0.0026538160687778144,8.252079144120216,-0.3116895318031311,0.0008737909141927957,0.01904296875,0.6238120138645172,46.73431313037872,2.518033504486084,6.609562397003174,42.77840042114258,30.89668846130371,40.26036834716797,34.531375885009766,0.9542362566317195,0.9996501207351685,130.81365966796875,0.725,1.0,0.0,1.0,0.0,0.0,-0.03373311460018158,0.23051607608795166,0.0,0.21418669819831848,0.24281202256679535,0.2885031998157501,-1.578059196472168,-1.5242034196853638,-1.4384868144989014,0.0,1.0
93184,91,7,147.0286228940593,143.85714285714286,-0.004002536367624998,5.691364380717277,-0.3210169427096844,0.0024684552481630817,0.0253173828125,0.5552508622407913,38.85255143642426,1.5876617431640625,5.100694179534912,41.711997985839844,32.024742126464844,40.12433624267578,33.351539611816406,0.974631936410777,0.966552734375,121.41268920898438,0.575,1.0,0.0,1.0,0.0,0.0,-0.020898273214697838,0.2337956577539444,0.0,0.21444691717624664,0.24080942571163177,0.28622403740882874,-1.5775619745254517,-1.5279426574707031,-1.4426884651184082,0.0,1.0
94208,92,7,177.97274636902696,153.57142857142858,-0.004427580843912438,6.411878037452698,-0.330231461673975,0.003338106807495933,0.03154296875,0.5926509410142898,46.45349318981171,3.3090643882751465,5.12396764755249,43.06258010864258,30.80402183532715,39.753517150878906,33.35298156738281,0.9723307171525549,1.1892937421798706,138.3811492919922,0.7,1.0,0.0,1.0,0.0,0.0,-0.025473831221461296,0.23356015980243683,0.0,0.2136783003807068,0.2398221492767334,0.2858266532421112,-1.5790308713912964,-1.5298404693603516,-1.4434216022491455,0.0,1.0
95232,93,6,178.56822781179972,162.0,-0.00415835106978193,7.842931807041168,-0.33409896194934846,0.00369207781041041,0.0205078125,0.5577301248908043,57.65381202697754,2.1190261840820312,6.492976665496826,37.68749237060547,30.032136917114258,35.5684700012207,31.445751190185547,0.9532571429732798,1.0233222246170044,191.00967407226562,0.65,1.0,0.0,1.0,0.0,0.0,-0.03044319897890091,0.22929967939853668,0.0,0.21337732672691345,0.23925769329071045,0.2851962447166443,-1.579606294631958,-1.530897617340088,-1.4445850849151611,0.0,1.0
96256,94,6,149.76287503203307,151.66666666666666,-0.002763948647771031,8.017088234424591,-0.33667825609445573,0.0033884503704030068,0.0308837890625,0.5295233704149723,38.88157978057861,-1.3802988529205322,5.6967244148254395,40.22926330566406,31.873210906982422,41.60956573486328,29.84500503540039,0.968055303304667,0.8346263766288757,88.33000183105469,0.55,1.0,0.0,1.0,0.0,0.0,-0.031943920999765396,0.22763210535049438,0.0,0.21294905245304108,0.2390681356191635,0.2850513756275177,-1.5804250240325928,-1.5312652587890625,-1.4448524713516235,0.0,1.0
97280,95,8,162.59263760468113,145.5,-0.003112525213509798,9.347972601652145,-0.3365618042647839,0.00025806818885030223,0.0225341796875,0.5885552197694779,62.31636209487915,2.551837205886841,6.786935806274414,48.251556396484375,34.61589431762695,45.69972229003906,38.31475067138672,0.9615588528779402,1.100640892982483,201.1947479248047,0.7,1.0,0.0,1.0,0.0,0.0,-0.03145795688033104,0.22964587807655334,0.0,0.21502231061458588,0.2390880435705185,0.2844597399234772,-1.576462745666504,-1.5312232971191406,-1.4459447860717773,0.0,1.0
98304,96,7,165.71162402957265,151.71428571428572,-0.0057939261314459145,10.335437852144242,-0.3367167480289936,0.004372958133171778,0.052880859375,0.5594367876648902,59.74536714553833,-1.4767436981201172,7.207467079162598,43.36708068847656,32.26130676269531,44.84383010864258,32.384700775146484,0.9500884100590828,0.8486336469650269,154.42164611816406,0.675,1.0,0.0,1.0,0.0,0.0,-0.03605618700385094,0.2333046942949295,0.0,0.21637354791164398,0.23914818465709686,0.28462544083595276,-1.5738821029663086,-1.5311083793640137,-1.4456387758255005,0.0,1.0
99328,97,8,147.0285802091941,133.875,-0.004890341323334724,8.342421886324882,-0.3393674112856388,0.00374966406961903,0.043408203125,0.6239076182246208,48.50559904575348,-0.6286547183990479,6.192978382110596,45.61327362060547,30.570520401000977,46.24192810058594,30.74959373474121,0.9589613111950432,1.0729966163635254,144.45150756835938,0.725,1.0,0.0,1.0,0.0,0.0,-0.04295128583908081,0.23148030042648315,0.0,0.2143351435661316,0.2379787713289261,0.28378379344940186,-1.5777755975723267,-1.5332947969436646,-1.4471931457519531,0.0,1.0
100352,98,10,125.92331875622892,118.0,-0.003916940308408811,12.989436954259872,-0.347744332253933,0.0020541768477414734,0.0300537109375,0.5469398237764835,66.02796528339385,-1.5935287475585938,7.4302802085876465,51.888275146484375,29.346328735351562,53.4818000793457,29.629011154174805,0.93589339241753,0.980926513671875,209.98777770996094,0.5,1.0,0.0,1.0,0.0,0.0,-0.03303318843245506,0.2317023128271103,0.0,0.21284303069114685,0.23611260950565338,0.2825928330421448,-1.580627679824829,-1.536825180053711,-1.4493937492370605,0.0,1.0
101376,99,5,154.37146500732376,142.8,-0.004893672466278076,4.98670704215765,-0.358265433460474,0.0033244037098484115,0.03828125,0.5506773591041565,43.83532021045685,0.4255683124065399,5.640702247619629,40.99049758911133,30.864850997924805,40.56492614746094,33.29840850830078,0.9666006513490347,0.8166470527648926,157.4371337890625,0.675,1.0,0.0,1.0,0.0,0.0,-0.0316050685942173,0.23194432258605957,0.0,0.21198204159736633,0.23443321883678436,0.2791127562522888,-1.582274317741394,-1.5399938821792603,-1.4558324813842773,0.0,1.0
102400,100,9,139.05868279380107,132.22222222222223,-0.004941498528933152,9.894303071498872,-0.3620058290660381,0.003724514041095972,0.0410400390625,0.5334482181817293,43.77400574684143,-1.060516119003296,6.35527229309082,47.651885986328125,31.213651657104492,48.71240234375,30.996826171875,0.9585447826986138,0.9574815034866333,116.0648422241211,0.55,1.0,0.0,1.0,0.0,0.0,-0.022294742986559868,0.2305583655834198,0.0,0.2131527066230774,0.23510731756687164,0.2778034806251526,-1.58003568649292,-1.5386734008789062,-1.4582581520080566,0.0,1.0
103424,101,8,122.81321299653187,119.875,-0.0040026330156251785,9.279909789562225,-0.3592035979032516,0.0025630434611230157,0.031884765625,0.5728808589279651,61.24084451198578,-1.7289570569992065,6.054771900177002,50.514678955078125,32.282501220703125,52.24363708496094,31.261201858520508,0.9648228078864646,1.0000944137573242,189.12612915039062,0.55,1.0,0.0,1.0,0.0,0.0,-0.022090474143624306,0.22809487581253052,0.0,0.2141541987657547,0.23480908572673798,0.27566492557525635,-1.5781214237213135,-1.5391894578933716,-1.462223768234253,0.0,1.0
104448,102,7,160.9282813066528,137.42857142857142,-0.006608956377021968,6.187460085749626,-0.358166877925396,0.00493187079555355,0.0589111328125,0.5550018697977066,32.04088943004608,-1.084489345550537,5.157061576843262,48.43574142456055,30.885751724243164,49.520233154296875,29.578001022338867,0.9721202880182915,0.8857123255729675,83.82974243164062,0.65,1.0,0.0,1.0,0.0,0.0,-0.02852933667600155,0.23555348813533783,0.0,0.2152978479862213,0.23600250482559204,0.27670153975486755,-1.5759363174438477,-1.5369420051574707,-1.4603009223937988,0.0,1.0
105472,103,9,137.68550850617743,126.33333333333333,-0.0035622256924398243,5.509051162004471,-0.349860867112875,0.0053737383001134734,0.0271240234375,0.4863466612994671,38.278313398361206,-1.1238040924072266,4.9863104820251465,52.58637237548828,29.939899444580078,53.710174560546875,28.208433151245117,0.972263097739585,0.8206196427345276,127.0333251953125,0.375,1.0,0.0,1.0,0.0,0.0,-0.030675357207655907,0.23305614292621613,0.0,0.21653199195861816,0.23754848539829254,0.27898484468460083,-1.5735796689987183,-1.5340347290039062,-1.4560694694519043,0.0,1.0
106496,104,6,147.57548073356554,140.0,-0.0038895329460501673,7.327244418859482,-0.34319722056388857,0.002761765554896556,0.029150390625,0.5572189338505268,54.49774029254913,-0.9068562984466553,5.898349285125732,45.385169982910156,30.470125198364258,46.29202651977539,29.026531219482422,0.96252751278932,0.8541198372840881,171.5164031982422,0.6,1.0,0.0,1.0,0.0,0.0,-0.0360235869884491,0.23631002008914948,0.0,0.21653707325458527,0.23809534311294556,0.28036755323410034,-1.5735700130462646,-1.5330262184143066,-1.4535095691680908,0.0,1.0
107520,105,9,155.40582899624178,133.88888888888889,-0.003770084003917873,4.282180985808372,-0.343309386074543,0.0023827741912100463,0.014404296875,0.6116256229579449,41.42357511520386,0.024792909622192383,5.318551063537598,44.719120025634766,27.989791870117188,44.6943244934082,30.837997436523438,0.9638933400967523,1.1361888647079468,142.29310607910156,0.725,1.0,0.0,1.0,0.0,0.0,-0.030082562938332558,0.2408503293991089,0.0,0.21553079783916473,0.2374943047761917,0.2806330621242523,-1.5754914283752441,-1.5341548919677734,-1.4530181884765625,0.0,1.0
108544,106,8,119.02061863352009,131.625,-0.0047098585637286305,12.419306892156602,-0.3484671011567116,0.0034503049770137294,0.03251953125,0.5953953385353088,52.94254493713379,-1.2969008684158325,7.493502616882324,38.37297058105469,35.3175048828125,39.66987609863281,35.736759185791016,0.9549816402424476,0.9546498656272888,129.38815307617188,0.7,1.0,0.0,1.0,0.0,0.0,-0.040877439081668854,0.24028047919273376,0.0,0.21410557627677917,0.23656678199768066,0.27864181995391846,-1.5782142877578735,-1.5359115600585938,-1.45670485496521,0.0,1.0
109568,107,9,132.51077141125825,128.44444444444446,-0.00333312958246097,7.5207589119672775,-0.3522063672542572,0.002545911326888017,0.025732421875,0.6189955174922943,49.24253644943237,0.4952172636985779,6.313634872436523,38.98337936401367,33.10527038574219,38.4881591796875,33.873130798339844,0.9636282126892001,1.099003791809082,146.37608337402344,0.825,1.0,0.0,1.0,0.0,0.0,-0.03092276118695736,0.24491135776042938,0.0,0.2128058671951294,0.23603130877017975,0.2785450220108032,-1.5806987285614014,-1.5368990898132324,-1.4568841457366943,0.0,1.0
110592,108,4,116.19122113632591,124.25,-0.0045618777337949725,10.23884562253952,-0.3552032828330994,0.0033876433153636754,0.0395263671875,0.6621435903012752,55.89045650959015,1.2036831378936768,6.80089807510376,36.09734344482422,29.555143356323242,34.89365768432617,30.6721134185791,0.9470499521941269,1.1763486862182617,175.7649383544922,0.875,1.0,0.0,1.0,0.0,0.0,-0.03414790704846382,0.23975783586502075,0.0,0.20993858575820923,0.23553729057312012,0.28105539083480835,-1.5861845016479492,-1.5379085540771484,-1.4522368907928467,0.0,1.0
111616,109,8,174.25018186074306,150.625,-0.0034574847668409348,7.100230330228806,-0.35440191105008123,0.004419370260438882,0.0330078125,0.593705777078867,33.09878036975861,1.800775170326233,5.455458641052246,44.66986846923828,31.0732479095459,42.86909484863281,32.85732650756836,0.9691759858707323,0.836173415184021,81.60121154785156,0.75,1.0,0.0,1.0,0.0,0.0,-0.03243997320532799,0.24284088611602783,0.0,0.21104969084262848,0.23651283979415894,0.2826385796070099,-1.5840580463409424,-1.5360761880874634,-1.449309229850769,0.0,1.0
112640,110,8,154.10284593179833,130.0,-0.005209260690025985,10.134272742271424,-0.3552048809826374,0.005213147422182374,0.051953125,0.6203251525759697,46.68837106227875,-0.16657385230064392,7.024838924407959,44.6886100769043,25.09199333190918,44.855186462402344,26.83155059814453,0.9216205121401735,1.1902037858963013,119.74906158447266,0.675,1.0,0.0,1.0,0.0,0.0,-0.026144584640860558,0.2449766844511032,0.0,0.2104395478963852,0.23461733758449554,0.27965909242630005,-1.5852255821228027,-1.5396608114242554,-1.4548208713531494,0.0,1.0
113664,111,8,144.07909348682043,132.625,-0.005961216863943264,7.702854096889496,-0.3658467695116997,0.006366143052582629,0.04970703125,0.5921035379171371,34.28118848800659,1.1099762916564941,5.323225975036621,42.97776412963867,29.770977020263672,41.86779022216797,29.878929138183594,0.9680284560734791,0.9448424577713013,89.38002014160156,0.725,1.0,0.0,1.0,0.0,0.0,-0.03453302010893822,0.24215322732925415,0.0,0.2091495841741562,0.23355530202388763,0.2789870500564575,-1.5876952409744263,-1.5416795015335083,-1.4560654163360596,0.0,1.0
114688,112,9,163.8971275336864,143.44444444444446,-0.0030594476964324714,11.496078652143478,-0.3685609854757786,0.0022827483204309828,0.0335693359375,0.5399859875440598,58.78151969909668,1.7887117862701416,6.800001621246338,43.64636993408203,31.218950271606445,41.85765838623047,33.65392303466797,0.9525559821003251,0.9850905537605286,162.2127227783203,0.575,1.0,0.0,1.0,0.0,0.0,-0.030962422490119934,0.25191530585289,0.0,0.20837245881557465,0.23339663445949554,0.2787220776081085,-1.5891836881637573,-1.5419763326644897,-1.4565560817718506,0.0,1.0
115712,113,7,138.37602818263696,125.0,-0.003983736585360021,17.11322671175003,-0.3691233150660992,0.0024100244481815025,0.02470703125,0.5083458315581083,60.03805937767029,-0.13076522946357727,8.092312812805176,48.14313888549805,28.971633911132812,48.273902893066406,30.503929138183594,0.9219811941429342,1.0616883039474487,161.37335205078125,0.475,1.0,0.0,1.0,0.0,0.0,-0.026634668931365013,0.24866428971290588,0.0,0.2097286731004715,0.23361898958683014,0.27997466921806335,-1.5865864753723145,-1.5415740013122559,-1.4542367458343506,0.0,1.0
116736,114,6,152.42004111196744,134.5,-0.004131185036385432,8.660886761546134,-0.3668587952852249,0.004631154760136269,0.052587890625,0.5473799500614405,51.31310346126556,1.1258015632629395,6.35660982131958,45.35763931274414,27.19562339782715,44.231834411621094,27.671619415283203,0.9453672482067786,1.4520556926727295,151.1427001953125,0.475,1.0,0.0,1.0,0.0,0.0,-0.028579106554389,0.24304603040218353,0.0,0.2094603329896927,0.23390991985797882,0.2810518145561218,-1.5871002674102783,-1.5410176515579224,-1.452243447303772,0.0,1.0
117760,115,7,167.08418286631417,150.57142857142858,-0.0035925324773415923,5.895336306095123,-0.3675872065126896,0.0037045326025690883,0.031591796875,0.7363265238702297,50.202750492095944,1.3724242448806763,5.734718322753906,42.29088592529297,29.978530883789062,40.918460845947266,31.87188720703125,0.963406539405001,1.4366174936294556,146.27137756347656,0.9,1.0,0.0,1.0,0.0,0.0,-0.030864382162690163,0.25201675295829773,0.0,0.20816582441329956,0.23312701284885406,0.2812541425228119,-1.5895795822143555,-1.5425375699996948,-1.4518691301345825,0.0,1.0
118784,116,11,125.89561512729448,116.9090909090909,-0.0026009683264419437,11.892802405357362,-0.36992874294519423,0.0033908861587406136,0.0221923828125,0.5990038834512234,69.35241587162018,-2.7280147075653076,7.226131916046143,49.22906494140625,30.840892791748047,51.95708084106445,27.824317932128906,0.9451018306140413,1.0803704261779785,201.2229766845703,0.575,1.0,0.0,1.0,0.0,0.0,-0.01604645699262619,0.24456527829170227,0.0,0.20962852239608765,0.23358435928821564,0.28072455525398254,-1.586778163909912,-1.5416361093521118,-1.4528489112854004,0.0,1.0
119808,117,9,138.7340485081503,116.66666666666667,-0.005635656742379069,4.891723462939263,-0.3720198325812817,0.006014138067257591,0.0494384765625,0.6260985970497132,43.0668986082077,-1.284116268157959,4.8745927810668945,42.457763671875,28.530527114868164,43.74187469482422,28.82354164123535,0.9708084513533288,1.2763880491256714,138.22601318359375,0.675,1.0,0.0,1.0,0.0,0.0,-0.020934872329235077,0.2459252029657364,0.0,0.20678527653217316,0.2317928671836853,0.28117337822914124,-1.5922250747680664,-1.5450844764709473,-1.4520184993743896,0.0,1.0
120832,118,8,118.82073630098728,115.0,-0.0039019316318444908,3.3223431661725042,-0.3780788294970989,0.003052468350506388,0.0357421875,0.5448220364749432,21.44870080947876,-0.012960255146026611,4.162392616271973,45.762550354003906,30.958921432495117,45.775508880615234,30.80297088623047,0.9819234956050297,0.9378128051757812,58.045223236083984,0.55,1.0,0.0,1.0,0.0,0.0,-0.037707965821027756,0.2395416498184204,0.0,0.20627927780151367,0.2323460578918457,0.28175854682922363,-1.5931951999664307,-1.5440254211425781,-1.4509363174438477,0.0,1.0
121856,119,8,161.2163489190297,132.75,-0.0025364001747220756,5.8260514557361605,-0.3727148108184338,0.002820658756536432,0.0160888671875,0.5809028528630733,45.23433917760849,2.12308406829834,5.27152156829834,45.746829986572266,28.944561004638672,43.623748779296875,31.46268081665039,0.9668305656041727,0.903527557849884,150.1558380126953,0.675,1.0,0.0,1.0,0.0,0.0,-0.034652579575777054,0.24355176091194153,0.0,0.2064046859741211,0.23309610784053802,0.28227391839027405,-1.5929547548294067,-1.5426069498062134,-1.4499833583831787,0.0,1.0
122880,120,9,153.6244753839386,135.11111111111111,-0.0034897233359515666,7.091950446367264,-0.3737331911921501,0.002324294930440374,0.022216796875,0.6110511444509029,49.833463478088376,0.4103684425354004,6.2468061447143555,43.67640686035156,31.06473159790039,43.26603698730469,33.02457046508789,0.9595628218429055,1.1525988578796387,158.17727661132812,0.725,1.0,0.0,1.0,0.0,0.0,-0.025739571079611778,0.24407045543193817,0.0,0.20475709438323975,0.2318233996629715,0.2812723219394684,-1.5961143970489502,-1.5450438261032104,-1.4518355131149292,0.0,1.0
123904,121,6,145.10972744359282,127.66666666666667,-0.004188214434543624,3.99809667468071,-0.3812811240553856,0.0029122169624315576,0.0227294921875,0.6169204473495483,32.12788132429123,1.2435098886489868,4.532677173614502,40.913978576660156,26.775205612182617,39.67047119140625,27.874174118041992,0.9713421246236288,1.1449476480484009,89.84210205078125,0.725,1.0,0.0,1.0,0.0,0.0,-0.029021894559264183,0.2429627776145935,0.0,0.20322328805923462,0.23069047927856445,0.27998289465904236,-1.599057912826538,-1.5471750497817993,-1.454221487045288,0.0,1.0
124928,122,7,159.15822474637548,136.57142857142858,-0.005286469275597483,8.132136562466622,-0.3867843359708786,0.00039378803921863437,0.0329345703125,0.5717211328446865,57.02694606781006,1.7370816469192505,6.535974025726318,39.974639892578125,32.23501968383789,38.23755645751953,33.887325286865234,0.9588883639957729,1.1928850412368774,170.93312072753906,0.575,1.0,0.0,1.0,0.0,0.0,-0.033247169107198715,0.24799707531929016,0.0,0.2027733027935028,0.22984683513641357,0.2801995277404785,-1.599921703338623,-1.5487796068191528,-1.4538204669952393,0.0,1.0
125952,123,7,142.58953349678532,147.57142857142858,-0.001851163327228278,4.957580369710922,-0.39170546755194663,0.002260985516477376,0.0118408203125,0.5865787778049707,31.051285457611083,1.2949672937393188,4.509552478790283,45.151676177978516,31.43284797668457,43.85670852661133,30.60466957092285,0.979417434613696,0.9364804625511169,96.28744506835938,0.725,1.0,0.0,1.0,0.0,0.0,-0.03697078302502632,0.24573281407356262,0.0,0.20177899301052094,0.22913752496242523,0.2784069776535034,-1.6018311977386475,-1.5501303672790527,-1.4571398496627808,0.0,1.0
126976,124,6,185.266352934072,153.83333333333334,-0.0028964968980289994,10.953316062688828,-0.3915986746549606,0.0023018361680442467,0.0197998046875,0.6413795560598373,48.985061693191525,1.755482792854309,6.798327445983887,46.498931884765625,30.25661849975586,44.74345016479492,32.06368637084961,0.9495148851332001,1.2455617189407349,167.35752868652344,0.775,1.0,0.0,1.0,0.0,0.0,-0.026203474029898643,0.25028669834136963,0.0,0.20169201493263245,0.23000992834568024,0.27846816182136536,-1.601998209953308,-1.548425555229187,-1.457026481628418,0.0,1.0
128000,125,7,172.95931846437583,144.85714285714286,-0.002198569924803451,4.2052025377750395,-0.3863207407295704,0.002678177172492724,0.0128662109375,0.5714775703847408,25.005638945102692,0.40677449107170105,4.381796360015869,49.89547348022461,30.51469612121582,49.48870086669922,30.4703311920166,0.9793801123737885,1.118611216545105,66.15938568115234,0.55,1.0,0.0,1.0,0.0,0.0,-0.028163030743598938,0.23554478585720062,0.0,0.20329390466213226,0.23069049417972565,0.2784242331981659,-1.5989223718643188,-1.5471419095993042,-1.4571079015731812,0.0,1.0
129024,126,9,153.18151652423322,130.77777777777777,-0.0052310275030322375,6.307984307408333,-0.3870138220489025,0.0073740036707022226,0.0483154296875,0.6060429032891989,46.345007705688474,1.975846767425537,5.793988227844238,47.91991424560547,28.279279708862305,45.944068908691406,29.023290634155273,0.9580223099311272,1.1199800968170166,137.2068328857422,0.65,1.0,0.0,1.0,0.0,0.0,-0.03514402359724045,0.24383939802646637,0.0,0.1998119056224823,0.2297937422990799,0.28014320135116577,-1.6056108474731445,-1.5489121675491333,-1.4539247751235962,0.0,1.0
130048,127,7,145.46557977374835,140.28571428571428,-0.0038944594271015376,12.070560228824615,-0.39277592226862906,0.004938324990507681,0.0292236328125,0.5857703231275082,63.031796836853026,-1.4870357513427734,7.004283905029297,41.86088562011719,32.55156326293945,43.347923278808594,32.44148635864258,0.9536997023531416,0.9777975678443909,196.59393310546875,0.625,1.0,0.0,1.0,0.0,0.0,-0.02937776781618595,0.2465473711490631,0.0,0.19838590919971466,0.22897577285766602,0.2798767387866974,-1.608352780342102,-1.55047607421875,-1.4544179439544678,0.0,1.0
131072,128,8,135.34427237146656,135.125,-0.00319798105629161,4.036862824857235,-0.39223045855760574,0.00445191112376051,0.0352783203125,0.6055444143712521,24.579674005508423,-0.029029428958892822,4.337678909301758,44.0654182434082,31.66367530822754,44.09444808959961,31.39141082763672,0.9812331163463508,1.0346125364303589,64.08218383789062,0.65,1.0,0.0,1.0,0.0,0.0,-0.024821588769555092,0.24880382418632507,0.0,0.20078784227371216,0.22995097935199738,0.27957841753959656,-1.603735327720642,-1.5486067533493042,-1.454970359802246,0.0,1.0
132096,129,8,157.79496217103878,140.75,-0.004348620888777077,4.949499779939652,-0.3903211824595928,0.002105157694313675,0.0250732421875,0.5789490669965744,38.786992001533505,0.7822246551513672,5.088585376739502,44.544776916503906,29.388227462768555,43.76255416870117,29.829055786132812,0.9700189119208552,1.1825287342071533,117.63378143310547,0.6,1.0,0.0,1.0,0.0,0.0,-0.02521353028714657,0.23927481472492218,0.0,0.2021927833557129,0.2290848046541214,0.2787688970565796,-1.6010364294052124,-1.550233244895935,-1.4564694166183472,0.0,1.0
133120,130,8,152.85758552281504,135.375,-0.003393048676662147,5.408370241522789,-0.39502947181463244,0.001707224189885892,0.0261474609375,0.632982861250639,38.438212156295776,2.0358338356018066,4.854410648345947,45.68821716308594,31.784393310546875,43.652381896972656,32.895347595214844,0.9766737399399196,1.126420259475708,133.2744598388672,0.8,1.0,0.0,1.0,0.0,0.0,-0.03723737969994545,0.23507854342460632,0.0,0.20350132882595062,0.22867105901241302,0.2789260745048523,-1.5985242128372192,-1.5510443449020386,-1.4561783075332642,0.0,1.0
134144,131,5,197.2712821990537,160.0,-0.0039432441932149235,8.145333716273308,-0.39798455834388735,0.002271704604208935,0.021337890625,0.6097360894083976,68.52279505729675,3.6757869720458984,6.451961040496826,36.831016540527344,29.589693069458008,33.15523147583008,33.984764099121094,0.9524552580077176,1.0166394710540771,254.3838653564453,0.675,1.0,0.0,1.0,0.0,0.0,-0.017202964052557945,0.2419632077217102,0.0,0.20330069959163666,0.22786641120910645,0.2755682170391083,-1.5989092588424683,-1.5524789094924927,-1.4624031782150269,0.0,1.0
135168,132,8,147.45781639568324,135.875,-0.004291137959808111,3.8976795837283134,-0.4060120902955532,0.0037309537641704083,0.02890625,0.5741352535784244,27.359335088729857,1.0682984590530396,4.559009075164795,49.171749114990234,32.103759765625,48.103450775146484,32.183624267578125,0.9798335657639518,0.9088371992111206,87.94007873535156,0.65,1.0,0.0,1.0,0.0,0.0,-0.020810717716813087,0.2345622479915619,0.0,0.20083855092525482,0.22585304081439972,0.2732696831226349,-1.603637933731079,-1.5563068389892578,-1.4666707515716553,0.0,1.0
136192,133,6,172.52804649222375,153.0,-0.003975923714460805,6.4557656198740005,-0.40940879955887793,0.0015954650429193863,0.0204345703125,0.5876265689730644,38.565541696548465,1.743682861328125,5.44409704208374,48.720237731933594,32.65924835205078,46.97655487060547,34.14712142944336,0.9722131504109254,0.9884135723114014,99.60140991210938,0.625,1.0,0.0,1.0,0.0,0.0,-0.03296804800629616,0.23610228300094604,0.0,0.20117463171482086,0.227130725979805,0.2743437886238098,-1.6029921770095825,-1.5538889169692993,-1.4646759033203125,0.0,1.0
137216,134,8,145.73175370831262,151.0,-0.005068719078553841,12.982656854391099,-0.4059781290590763,0.005687956113251858,0.032421875,0.6060775958001614,75.83778553009033,-3.5507850646972656,7.144198417663574,43.54273223876953,34.242305755615234,47.0935173034668,31.48103904724121,0.9564707658026863,1.3611806631088257,264.78509521484375,0.6,1.0,0.0,1.0,0.0,0.0,-0.04392331838607788,0.24256442487239838,0.0,0.20058290660381317,0.22642360627651215,0.2735840678215027,-1.6041290760040283,-1.5552188158035278,-1.4660866260528564,0.0,1.0
138240,135,6,130.0247652107504,150.0,-0.004336696135578677,5.067941501736641,-0.4105656653642654,0.006196608408936299,0.0343994140625,0.5494387321174145,33.70280113220215,-0.10881742089986801,4.720641136169434,37.157379150390625,36.19929885864258,37.266197204589844,36.03818130493164,0.9829940179414187,0.8803487420082092,97.72649383544922,0.6,1.0,0.0,1.0,0.0,0.0,-0.026318594813346863,0.23609139025211334,0.0,0.20038197934627533,0.2259914129972458,0.2745814323425293,-1.6045151948928833,-1.5560803413391113,-1.4642345905303955,0.0,1.0
139264,136,6,172.65853663188315,159.33333333333334,-0.0045939144096337255,8.504726690053939,-0.4120372779667377,0.0036102535465033724,0.0280029296875,0.5779112353920937,64.56337947845459,4.123959541320801,5.812407493591309,39.41254425048828,34.206451416015625,35.2885856628418,37.031654357910156,0.9711267248798976,0.9846705198287964,217.2153778076172,0.7,1.0,0.0,1.0,0.0,0.0,-0.03557010367512703,0.23766979575157166,0.0,0.1998850554227829,0.225505992770195,0.2740200459957123,-1.6054702997207642,-1.5569838285446167,-1.4652769565582275,0.0,1.0
140288,137,6,189.0551167600894,165.83333333333334,-0.0027248111204244197,12.567050099372864,-0.4137195684015751,0.0013853162541636265,0.018408203125,0.5740910589694976,57.11638765335083,1.4714815616607666,7.182237148284912,44.98234939575195,35.26594543457031,43.510868072509766,37.03483581542969,0.9585228991797261,0.9870374202728271,193.00399780273438,0.625,1.0,0.0,1.0,0.0,0.0,-0.03842179849743843,0.23419642448425293,0.0,0.20155617594718933,0.22572052478790283,0.27328842878341675,-1.6022591590881348,-1.5565687417984009,-1.4666359424591064,0.0,1.0
141312,138,8,168.171196654043,156.125,-0.00416592558613047,7.505398508906365,-0.4101557582616806,0.0031234279143973255,0.02412109375,0.5746395595371723,37.51057925224304,-0.6823912858963013,5.753814697265625,42.42211151123047,31.971126556396484,43.10449981689453,31.038223266601562,0.967611123996095,1.2205837965011597,97.19840240478516,0.675,1.0,0.0,1.0,0.0,0.0,-0.02963363192975521,0.23526491224765778,0.0,0.20165923237800598,0.2267480492591858,0.2746836841106415,-1.6020612716674805,-1.5546202659606934,-1.4640448093414307,0.0,1.0
142336,139,9,137.46095801537518,136.66666666666666,-0.004348697967361659,6.234987142682075,-0.4051935262978077,0.001961238370859064,0.028125,0.4957170657813549,33.62456667423248,-0.13860362768173218,5.29584264755249,41.32345199584961,34.44156265258789,41.462059020996094,34.59548568725586,0.9763569017901916,0.942429780960083,82.83423614501953,0.475,1.0,0.0,1.0,0.0,0.0,-0.035975512117147446,0.23405979573726654,0.0,0.20233620703220367,0.22721914947032928,0.27578914165496826,-1.60076105594635,-1.553731083869934,-1.4619932174682617,0.0,1.0
143360,140,3,141.06333331958697,130.66666666666666,-0.00466307473834604,4.981766578555107,-0.40423725470900534,0.005315808996965643,0.047412109375,0.6284756094217301,58.89453377723694,1.9901461601257324,5.244150161743164,38.96992111206055,29.905967712402344,36.97977828979492,31.840259552001953,0.9692507481316467,1.1733139753341675,181.1309814453125,0.825,1.0,0.0,1.0,0.0,0.0,-0.048067908734083176,0.2376718968153,0.0,0.20222994685173035,0.22721202671527863,0.2758069336414337,-1.600965142250061,-1.553763747215271,-1.4619603157043457,0.0,1.0
144384,141,7,181.11723587156175,172.0,-0.00575205737259239,19.577599692344666,-0.40512110143899915,0.0035401653847657146,0.04130859375,0.5720009408891201,64.321249294281,-2.119283676147461,8.070850372314453,43.74579620361328,36.469173431396484,45.865081787109375,36.20579147338867,0.9510236187685848,1.027266025543213,161.99942016601562,0.575,1.0,0.0,1.0,0.0,0.0,-0.03870199993252754,0.2354573756456375,0.0,0.2026878446340561,0.22696755826473236,0.2749461829662323,-1.6000858545303345,-1.554219365119934,-1.463557481765747,0.0,1.0
145408,142,7,142.27762156765263,156.42857142857142,-0.003493104421067983,4.854590883851051,-0.40904309004545214,0.00307566306728404,0.019482421875,0.5335241638123989,30.034120941162108,0.7196656465530396,4.836925506591797,46.669410705566406,34.74302673339844,45.949745178222656,35.70521545410156,0.9806177770477276,1.19503915309906,94.12870788574219,0.45,1.0,0.0,1.0,0.0,0.0,-0.027782773599028587,0.22911439836025238,0.0,0.19966371357440948,0.22566719353199005,0.2740926742553711,-1.605895757675171,-1.556688904762268,-1.465142011642456,0.0,1.0
146432,143,6,170.131338559864,156.5,-0.0043782325694337485,9.584534204006195,-0.41468520164489747,0.003876818709250074,0.03310546875,0.5336218737065792,49.85631928443909,-0.3742169737815857,6.706115245819092,42.73301315307617,30.493534088134766,43.10723114013672,30.893402099609375,0.951635517703585,1.0162360668182373,134.59759521484375,0.525,1.0,0.0,1.0,0.0,0.0,-0.03791377693414688,0.22656626999378204,0.0,0.19741632044315338,0.22523067891597748,0.27427998185157776,-1.6102179288864136,-1.557543396949768,-1.4647942781448364,0.0,1.0
147456,144,7,167.8848019984675,159.14285714285714,-0.005512359162094071,8.307944065332412,-0.4183762654662132,0.003760064490779769,0.0410888671875,0.5296403340995312,44.93558042049408,2.1304967403411865,6.1998772621154785,41.65373229980469,36.15019226074219,39.523231506347656,38.239501953125,0.9705866192065045,0.9163532257080078,134.93858337402344,0.475,1.0,0.0,1.0,0.0,0.0,-0.03208975866436958,0.23122753202915192,0.0,0.19746847450733185,0.22404725849628448,0.27137255668640137,-1.6101175546646118,-1.5597190856933594,-1.4701969623565674,0.0,1.0
148480,145,6,164.39366064983463,157.0,-0.003607785643544048,5.244387289881706,-0.42428426146507264,0.002137649228097871,0.0294677734375,0.5890754841268062,33.463040709495544,1.4500477313995361,4.90891170501709,47.73860168457031,31.23598289489746,46.288551330566406,31.999126434326172,0.9753020984526284,1.1090571880340576,97.18601989746094,0.65,1.0,0.0,1.0,0.0,0.0,-0.052083730697631836,0.22691236436367035,0.0,0.19638454914093018,0.22358138859272003,0.2715144157409668,-1.6122034788131714,-1.5606250762939453,-1.469933032989502,0.0,1.0
149504,146,8,152.51613153532446,154.375,-0.004098411271115765,10.311318480968476,-0.4236784756183624,0.004620683038956486,0.04130859375,0.5710775159299374,77.5389223575592,-0.022048890590667725,7.114433288574219,41.45722198486328,35.2191276550293,41.479270935058594,32.99645233154297,0.9591940595787102,1.0817815065383911,252.23379516601562,0.6,1.0,0.0,1.0,0.0,0.0,-0.041509274393320084,0.22658446431159973,0.0,0.1984839141368866,0.22429130971431732,0.27059128880500793,-1.6081643104553223,-1.5592352151870728,-1.4716501235961914,0.0,1.0
150528,147,6,150.9446521792095,148.16666666666666,-0.003297941171331331,9.81298919916153,-0.41949395313858984,0.001814863611070905,0.024658203125,0.5700831942260265,62.10632464885712,0.5306206345558167,6.457422256469727,42.2598876953125,31.421525955200195,41.72926712036133,30.758983612060547,0.9577658371313001,0.9002059698104858,192.80482482910156,0.6,1.0,0.0,1.0,0.0,0.0,-0.03184836730360985,0.22554893791675568,0.0,0.20031198859214783,0.22460751235485077,0.27187544107437134,-1.6046497821807861,-1.5586878061294556,-1.469261884689331,0.0,1.0
151552,148,9,166.01156954628738,147.88888888888889,-0.004769906657747925,9.985391104221344,-0.42157242074608803,0.002589067672670353,0.024951171875,0.5638384141027928,59.99893798828125,0.8505111336708069,6.960108280181885,41.30785369873047,31.290525436401367,40.457340240478516,33.25774383544922,0.9505226625403331,0.9139849543571472,189.9985809326172,0.625,1.0,0.0,1.0,0.0,0.0,-0.045732855796813965,0.22553662955760956,0.0,0.19809561967849731,0.22365592420101166,0.27256715297698975,-1.608911156654358,-1.5605162382125854,-1.4679760932922363,0.0,1.0
152576,149,5,139.71988075400083,135.4,-0.0037324218079447745,7.029156965017319,-0.43001720756292344,0.002952422892849427,0.0217529296875,0.5499864041805267,36.23241722583771,0.6927666664123535,5.231007099151611,38.00593566894531,31.844715118408203,37.313167572021484,31.94659423828125,0.9730166498079058,1.1815048456192017,95.22564697265625,0.625,1.0,0.0,1.0,0.0,0.0,-0.032980211079120636,0.22036723792552948,0.0,0.19516544044017792,0.22160594165325165,0.27114710211753845,-1.6145505905151367,-1.5644073486328125,-1.4706162214279175,0.0,1.0
153600,150,7,161.51113332840774,158.0,-0.0041996322688646615,3.8252765357494356,-0.43872894421219827,0.002476878363813739,0.028759765625,0.5693770401179791,18.0724569439888,0.8963673710823059,3.6925227642059326,49.17655563354492,32.88251876831055,48.280189514160156,33.09961700439453,0.9873899699055929,1.0645970106124878,50.734642028808594,0.65,1.0,0.0,1.0,0.0,0.0,-0.04059742018580437,0.22063827514648438,0.0,0.1951359361410141,0.2211095541715622,0.2710719108581543,-1.6146074533462524,-1.5653915405273438,-1.4707560539245605,0.0,1.0
154624,151,8,167.2701908963355,148.0,-0.0033849566185381263,2.523324300348759,-0.43782433718442915,0.0017572388649568893,0.0177734375,0.6142824865877629,22.98908051252365,1.0522327423095703,3.634812593460083,46.30010223388672,32.10110855102539,45.24787139892578,33.458587646484375,0.987178939551139,0.9505150318145752,78.99019622802734,0.75,1.0,0.0,1.0,0.0,0.0,-0.03437565267086029,0.22474446892738342,0.0,0.19551126658916473,0.22170300781726837,0.27199578285217285,-1.613884687423706,-1.564260482788086,-1.4690381288528442,0.0,1.0
155648,152,6,148.7669976586078,144.66666666666666,-0.00405347810301464,13.922802165150642,-0.4332734540104866,0.0027921314074774274,0.0257080078125,0.577121552824974,66.31177635192871,0.8931349515914917,7.906116008758545,44.29939270019531,34.484840393066406,43.40625762939453,34.92818832397461,0.9474382466242484,0.8929697871208191,165.6107635498047,0.65,1.0,0.0,1.0,0.0,0.0,-0.04322865977883339,0.2209254503250122,0.0,0.19717028737068176,0.2227448672056198,0.2720188498497009,-1.6106913089752197,-1.5622386932373047,-1.4689953327178955,0.0,1.0
156672,153,7,179.30201179856857,143.71428571428572,-0.00469791442155838,7.273497802019119,-0.4252735562622547,0.004220051906304434,0.041552734375,0.5663905687630176,39.67498552799225,0.13016271591186523,5.93278694152832,49.331451416015625,30.755165100097656,49.20128631591797,32.18744659423828,0.9627881374149956,0.8592550158500671,111.96601104736328,0.725,1.0,0.0,1.0,0.0,0.0,-0.04310476407408714,0.21814242005348206,0.0,0.19951322674751282,0.22438837587833405,0.27275827527046204,-1.6061850786209106,-1.5591086149215698,-1.467620849609375,0.0,1.0
157696,154,8,157.15361443175408,157.375,-0.00375158644746989,16.120034939050676,-0.42122868448495865,0.004499782501079607,0.034228515625,0.5766723647713661,75.19221849441529,-2.0444092750549316,8.707350730895996,47.62184524536133,33.6146240234375,49.66625213623047,34.3136100769043,0.9329010682842174,0.8124591112136841,210.49917602539062,0.75,1.0,0.0,1.0,0.0,0.0,-0.04124525189399719,0.2252172827720642,0.0,0.19689421355724335,0.2237127423286438,0.27378860116004944,-1.6112226247787476,-1.5604437589645386,-1.4657068252563477,0.0,1.0
158720,155,5,138.6767396276812,137.4,-0.005137573322281241,3.2636395767331123,-0.42778673619031904,0.005723428486089688,0.0589111328125,0.6759446367621422,24.448637771606446,0.5351821780204773,4.06977653503418,52.21847915649414,32.03902053833008,51.68329620361328,31.001792907714844,0.9838644906261654,1.293587565422058,68.39482116699219,0.65,1.0,0.0,1.0,0.0,0.0,-0.04740099236369133,0.21981491148471832,0.0,0.19599705934524536,0.22256869077682495,0.27263736724853516,-1.6129493713378906,-1.562625765800476,-1.4678456783294678,0.0,1.0
159744,156,6,176.55979997009828,164.66666666666666,-0.0037671476835384964,19.469172620773314,-0.43333877697587014,0.003334062774956692,0.0296142578125,0.6395138341933488,66.6018443107605,0.26270735263824463,8.906450271606445,43.97895812988281,35.065555572509766,43.71624755859375,36.078773498535156,0.935486904035456,1.2942215204238892,168.34579467773438,0.75,1.0,0.0,1.0,0.0,0.0,-0.04736081883311272,0.22321507334709167,0.0,0.1932457983493805,0.22173194587230682,0.2737952172756195,-1.618248701095581,-1.5642575025558472,-1.4656944274902344,0.0,1.0
160768,157,7,157.78265823704368,158.85714285714286,-0.00373692536377348,5.0216726690530775,-0.4381974123418331,0.0042547231962089425,0.02431640625,0.5875293917953968,34.40990285873413,0.038487792015075684,4.990653038024902,42.45725631713867,34.12298583984375,42.418766021728516,33.968597412109375,0.9786095100910311,0.8828399181365967,105.13960266113281,0.775,1.0,0.0,1.0,0.0,0.0,-0.0415322408080101,0.21648366749286652,0.0,0.1914554089307785,0.2210301011800766,0.2745809853076935,-1.6217001676559448,-1.565609097480774,-1.4642354249954224,0.0,1.0
161792,158,6,176.47875174716498,168.16666666666666,-0.004032895411364734,7.923765635490417,-0.439798541367054,0.004176360851852223,0.037890625,0.5434522338211536,53.127802109718324,1.4202735424041748,6.0819501876831055,44.07609939575195,35.02112579345703,42.65583038330078,35.87725067138672,0.969840402130652,1.0764943361282349,176.2218475341797,0.6,1.0,0.0,1.0,0.0,0.0,-0.04030906781554222,0.22392849624156952,0.0,0.1925365924835205,0.22121627628803253,0.27408283948898315,-1.6196155548095703,-1.5652376413345337,-1.4651603698730469,0.0,1.0
162816,159,7,174.98126551911213,153.28571428571428,-0.003358466050121933,7.7606633573770525,-0.4397348165512085,0.0035298737275297754,0.0335693359375,0.5757142074406147,48.56266684532166,2.312527894973755,5.773750305175781,43.56228256225586,29.653528213500977,41.249755859375,30.62220001220703,0.9620891752818743,1.191948413848877,145.97422790527344,0.65,1.0,0.0,1.0,0.0,0.0,-0.03173677250742912,0.2203381061553955,0.0,0.19242259860038757,0.22075416147708893,0.27467674016952515,-1.619835376739502,-1.566163182258606,-1.4640576839447021,0.0,1.0
163840,160,6,172.18807492254993,167.83333333333334,-0.005696731217904016,16.97880858182907,-0.4401779964566231,0.004725541932566557,0.046044921875,0.5608736924827099,57.08925337791443,0.9516682624816895,8.295233726501465,46.11286163330078,34.47040557861328,45.16119384765625,33.90176010131836,0.9420885507206915,1.0797364711761475,149.594970703125,0.6,1.0,0.0,1.0,0.0,0.0,-0.04449117183685303,0.21946845948696136,0.0,0.1936541497707367,0.22141067683696747,0.2757013440132141,-1.6174618005752563,-1.5649176836013794,-1.462156057357788,0.0,1.0
164864,161,5,203.44875124771997,169.0,-0.004247411846881733,5.466329622268677,-0.4372908532619476,0.0035062696886598134,0.029833984375,0.5193383239209652,52.83895161151886,3.01436185836792,4.627235412597656,47.18274688720703,30.83695411682129,44.16838836669922,32.813602447509766,0.9774835314459626,1.1265088319778442,184.1788330078125,0.575,1.0,0.0,1.0,0.0,0.0,-0.05695196986198425,0.21644258499145508,0.0,0.1933204084634781,0.2212216705083847,0.2726680040359497,-1.6181049346923828,-1.5651906728744507,-1.4677886962890625,0.0,1.0
165888,162,6,191.6962590578412,174.66666666666666,-0.006228918710257858,3.9791462287306785,-0.43948482573032377,0.005670572647068184,0.0625,0.6190704818814993,33.04794398546219,1.4883981943130493,4.10811185836792,49.78883361816406,30.206222534179688,48.30043411254883,31.42717933654785,0.9815034096532633,1.1026643514633179,94.82510375976562,0.65,1.0,0.0,1.0,0.0,0.0,-0.05176753178238869,0.21591129899024963,0.0,0.19389353692531586,0.22100549936294556,0.2700095772743225,-1.6170005798339844,-1.565561294555664,-1.4727325439453125,0.0,1.0
166912,163,6,191.54945135142643,179.83333333333334,-0.004031167947687209,8.646363365650178,-0.44286601468920705,0.0009385260680573992,0.0219482421875,0.5937337070703507,45.17859137058258,1.486048936843872,6.077210426330566,45.7965087890625,36.6925163269043,44.310462951660156,37.276458740234375,0.972568248668261,1.0342754125595093,141.72756958007812,0.55,1.0,0.0,1.0,0.0,0.0,-0.05068929120898247,0.21889787912368774,0.0,0.19221964478492737,0.21953873336315155,0.2676108479499817,-1.6202266216278076,-1.5683447122573853,-1.4771993160247803,0.0,1.0
167936,164,7,173.43932237296022,170.57142857142858,-0.005896864284295589,9.822236934304238,-0.44994414821267126,0.0038723103629308754,0.0439453125,0.5417695298790932,50.40807406902313,-0.08260485529899597,6.5477294921875,48.763633728027344,33.603458404541016,48.84623718261719,32.83158874511719,0.9620323667868058,0.8152914643287659,139.0650634765625,0.625,1.0,0.0,1.0,0.0,0.0,-0.049374181777238846,0.22028520703315735,0.0,0.19205541908740997,0.21916282176971436,0.2657864987850189,-1.6205432415008545,-1.5690118074417114,-1.480600357055664,0.0,1.0
168960,165,5,195.76333284030278,187.8,-0.004171471425797791,12.644336128234864,-0.4540891870856285,0.00609259739285335,0.0402587890625,0.6823103629052639,80.36186771392822,1.3514468669891357,7.9599690437316895,40.508235931396484,37.42731475830078,39.15678787231445,39.26963424682617,0.9547680339563838,1.1995612382888794,261.315673828125,0.825,1.0,0.0,1.0,0.0,0.0,-0.039550427347421646,0.22742116451263428,0.0,0.19212761521339417,0.21768426895141602,0.2630853056907654,-1.6204040050506592,-1.5718398094177246,-1.4856419563293457,0.0,1.0
169984,166,5,182.83040041651606,172.4,-0.005178587988484651,12.611236101388931,-0.4603601649403572,0.005821186742105055,0.042822265625,0.5753090389072895,58.75016906261444,0.3892412781715393,7.731021404266357,46.46010208129883,34.479793548583984,46.07086181640625,36.35261917114258,0.9497258863471577,1.0408947467803955,174.1328582763672,0.65,1.0,0.0,1.0,0.0,0.0,-0.045699190348386765,0.22158806025981903,0.0,0.19224712252616882,0.2172023057937622,0.26224496960639954,-1.6201735734939575,-1.5727349519729614,-1.4872117042541504,0.0,1.0
171008,167,7,178.16432046465027,171.28571428571428,-0.004511186393210664,7.027336916327476,-0.4613973744213581,0.002772078943962697,0.030419921875,0.5899943947792053,37.31295092105866,0.5894873738288879,5.477570533752441,48.32539749145508,33.92363739013672,47.73591232299805,34.08797836303711,0.9739281929603588,1.0060871839523315,95.44474792480469,0.65,1.0,0.0,1.0,0.0,0.0,-0.05412544682621956,0.22214464843273163,0.0,0.19435131549835205,0.21712975203990936,0.2602650821208954,-1.6161186695098877,-1.572812557220459,-1.4909131526947021,0.0,1.0
172032,168,7,167.34507037401377,159.71428571428572,-0.0030662662058603017,12.907081174850465,-0.4624116912484169,0.0015672740657464602,0.0163330078125,0.5352983921766281,70.87235527038574,2.3080997467041016,7.3553853034973145,42.908668518066406,35.27072525024414,40.60057067871094,36.62839126586914,0.9565107285847961,1.045814871788025,189.1389617919922,0.475,1.0,0.0,1.0,0.0,0.0,-0.0596737265586853,0.22152334451675415,0.0,0.19432039558887482,0.2167135328054428,0.2577865421772003,-1.6161781549453735,-1.573602557182312,-1.4955518245697021,0.0,1.0
173056,169,6,161.84904556916925,173.16666666666666,-0.002561524766497314,8.380825206637383,-0.4671397879719734,0.0045413087980705315,0.0228515625,0.617629811167717,56.66504139900208,-1.9735500812530518,6.302052974700928,49.01106262207031,38.37569808959961,50.98461151123047,35.96965408325195,0.973031821435954,1.0383402109146118,155.5425262451172,0.625,1.0,0.0,1.0,0.0,0.0,-0.06201178953051567,0.21661785244941711,0.0,0.19236525893211365,0.21556876599788666,0.25817885994911194,-1.6199458837509155,-1.5758156776428223,-1.4948172569274902,0.0,1.0
174080,170,4,193.10610559918945,188.0,-0.0042353184020612385,6.041077786684037,-0.4724865287542343,0.003241069994692225,0.0377685546875,0.5545956868678331,29.893583559989928,0.7269482612609863,4.7014007568359375,37.3444938659668,36.03361129760742,36.61754608154297,37.09557342529297,0.9829768887608993,1.0219347476959229,80.76631164550781,0.55,1.0,0.0,1.0,0.0,0.0,-0.05018848180770874,0.21960625052452087,0.0,0.1917487531900406,0.21503609418869019,0.2601844072341919,-1.6211345195770264,-1.5768579244613647,-1.4910640716552734,0.0,1.0
175104,171,7,173.75901289972688,169.57142857142858,-0.0034422549593728035,11.020986557006836,-0.4769783794879913,0.0038271813638857564,0.03466796875,0.5921990245580673,46.96532597541809,-0.21978315711021423,6.583411693572998,53.626747131347656,37.39877700805664,53.84653091430664,37.994911193847656,0.9690124512513265,1.0894007682800293,110.5522689819336,0.6,1.0,0.0,1.0,0.0,0.0,-0.06516983360052109,0.21702627837657928,0.0,0.1908814013004303,0.21381713449954987,0.25923991203308105,-1.622807264328003,-1.5791805982589722,-1.4928311109542847,0.0,1.0
176128,172,6,211.43066027933546,177.66666666666666,-0.004329475481063128,5.302008402347565,-0.4816847063601017,0.004948049363156315,0.036572265625,0.6038397356867791,66.13746826648712,2.951066017150879,5.382667541503906,48.49831771850586,33.08509063720703,45.5472526550293,36.3836555480957,0.9735314326041616,1.44024658203125,242.27963256835938,0.65,1.0,0.0,1.0,0.0,0.0,-0.05817452073097229,0.2155756652355194,0.0,0.19014276564121246,0.21363086998462677,0.2576734125614166,-1.6242321729660034,-1.5795035362243652,-1.4957637786865234,0.0,1.0
177152,173,6,182.51797535687658,167.0,-0.004694196482887492,5.838995698094368,-0.48368966206908226,0.0038874998543178664,0.029638671875,0.615005974471569,41.24932346343994,-0.038065940141677856,5.456320762634277,44.42156982421875,34.029884338378906,44.459632873535156,35.08372497558594,0.9742913706114513,1.0260587930679321,114.51200103759766,0.75,1.0,0.0,1.0,0.0,0.0,-0.04896095395088196,0.22145670652389526,0.0,0.1874752789735794,0.212757870554924,0.2580924928188324,-1.6293814182281494,-1.581210970878601,-1.494978904724121,0.0,1.0
178176,174,6,152.5503251283908,166.66666666666666,-0.003577240533195436,18.868514823913575,-0.4864397682249546,0.0026069969375384972,0.0229248046875,0.5510336570441723,85.5758074760437,-2.789917469024658,8.659698486328125,38.715919494628906,37.73963165283203,41.505836486816406,37.4857063293457,0.9473485704650478,1.4886236190795898,212.0161895751953,0.5,1.0,0.0,1.0,0.0,0.0,-0.060514744371175766,0.2231123447418213,0.0,0.18523897230625153,0.21312683820724487,0.2606705129146576,-1.6337021589279175,-1.5805789232254028,-1.4901548624038696,0.0,1.0
179200,175,6,137.01434896850822,158.16666666666666,-0.0036583915119990707,9.119156730175018,-0.4866392284631729,0.002840833082154859,0.0269775390625,0.5933703310787678,58.514528441429135,-1.8484967947006226,6.39417028427124,46.92046356201172,32.79086685180664,48.76896286010742,31.995450973510742,0.9619755753836202,1.1444050073623657,178.8135223388672,0.675,1.0,0.0,1.0,0.0,0.0,-0.057620882987976074,0.21707412600517273,0.0,0.18240684270858765,0.2123708724975586,0.26150181889533997,-1.6391792297363281,-1.5820465087890625,-1.4886006116867065,0.0,1.0
180224,176,6,158.11501001745924,159.83333333333334,-0.003500930388690904,6.350121203064918,-0.4889504507184029,0.0033831959881354123,0.02763671875,0.5341619230806828,51.54698994159698,1.5286750793457031,5.9031982421875,43.05246353149414,38.38933563232422,41.52378845214844,40.344661712646484,0.9763542244887711,1.0366696119308472,172.95285034179688,0.475,1.0,0.0,1.0,0.0,0.0,-0.0460379533469677,0.21777091920375824,0.0,0.1826232671737671,0.21256661415100098,0.26139429211616516,-1.6387605667114258,-1.581649661064148,-1.4888015985488892,0.0,1.0
181248,177,6,200.38077512310406,184.66666666666666,-0.0040432356763631105,10.199504426121711,-0.49309338703751565,0.0049234679201617835,0.0216064453125,0.5360569730401039,68.21702055931091,2.035409927368164,7.663035869598389,39.267337799072266,36.31643295288086,37.231929779052734,40.436729431152344,0.9554758742028518,0.9718549251556396,225.963134765625,0.5,1.0,0.0,1.0,0.0,0.0,-0.04056604579091072,0.22048638761043549,0.0,0.18089844286441803,0.210424542427063,0.25860437750816345,-1.6420986652374268,-1.585737705230713,-1.4940205812454224,0.0,1.0
182272,178,6,187.80906713667346,170.66666666666666,-0.0043866442749276756,4.2668250247836115,-0.505397641658783,0.008284684583486523,0.0539306640625,0.6444557890295982,39.53197705745697,2.3843722343444824,4.93314790725708,43.71368408203125,35.06673049926758,41.329315185546875,37.796722412109375,0.9802094539433194,1.0362462997436523,138.79466247558594,0.775,1.0,0.0,1.0,0.0,0.0,-0.042913999408483505,0.21558628976345062,0.0,0.17903085052967072,0.2088221162557602,0.2577158510684967,-1.6457154750823975,-1.5888086557388306,-1.495684266090393,0.0,1.0
183296,179,7,174.675845840452,166.71428571428572,-0.0054280207608826455,13.164185231924057,-0.5127931773662567,0.008188912058540155,0.074560546875,0.7362339064478874,77.6796308517456,0.070789635181427,8.472113609313965,40.87799072265625,36.71916198730469,40.80720138549805,38.25298309326172,0.9467649118058075,1.4553980827331543,215.3970489501953,0.825,1.0,0.0,1.0,0.0,0.0,-0.03474136069417,0.2180784046649933,0.0,0.17873172461986542,0.20771338045597076,0.25641193985939026,-1.6462949514389038,-1.590925693511963,-1.4981271028518677,0.0,1.0
184320,180,6,146.01532160024854,156.66666666666666,-0.002993516519200057,6.55983784198761,-0.5187064647674561,0.004332712035102304,0.027734375,0.5063107177615166,49.47573325634003,0.020373225212097168,5.712730407714844,41.78422546386719,33.38224792480469,41.76384735107422,34.21514892578125,0.9707142527910447,0.8990185856819153,150.41831970214844,0.475,1.0,0.0,1.0,0.0,0.0,-0.037425696849823,0.21707600355148315,0.0,0.17738454043865204,0.20678876340389252,0.25558844208717346,-1.648905634880066,-1.5926958322525024,-1.4996707439422607,0.0,1.0
185344,181,6,127.42139928691023,143.5,-0.004875862482003867,28.99763034582138,-0.5176187083125114,0.0033039470014045945,0.0402099609375,0.5312544759362936,114.6018165588379,0.13985639810562134,10.945951461791992,44.690895080566406,38.19847106933594,44.5510368347168,39.648738861083984,0.917886419018862,0.9171265363693237,275.7699890136719,0.425,1.0,0.0,1.0,0.0,0.0,-0.03274853900074959,0.22494497895240784,0.0,0.1780625581741333,0.2083410769701004,0.2582609951496124,-1.6475915908813477,-1.589738368988037,-1.4946634769439697,0.0,1.0
186368,182,6,215.67399716474304,194.0,-0.005370426012086682,6.172218568623066,-0.5105380177497864,0.007161884954257403,0.0509765625,0.6634772196412086,43.03774933815002,1.2214248180389404,5.610995769500732,50.01947784423828,35.08380126953125,48.798057556152344,36.69770812988281,0.9744219984689334,1.127314805984497,140.3423309326172,0.725,1.0,0.0,1.0,0.0,0.0,-0.03633194789290428,0.21806979179382324,0.0,0.18034087121486664,0.20870976150035858,0.25806352496147156,-1.6431782245635986,-1.5890382528305054,-1.4950332641601562,0.0,1.0
187392,183,6,192.94335755014723,170.0,-0.0035608211415819823,4.983147670328617,-0.5138045191764832,0.0024448680473142304,0.020458984375,0.656416692584753,50.635305774211886,2.8554930686950684,5.301218509674072,50.024295806884766,32.14516830444336,47.16880416870117,34.743736267089844,0.9728030604955016,1.1643154621124268,172.88706970214844,0.85,1.0,0.0,1.0,0.0,0.0,-0.04395982623100281,0.22029389441013336,0.0,0.1801525205373764,0.20722661912441254,0.2585061490535736,-1.6435428857803345,-1.591901183128357,-1.4942045211791992,0.0,1.0
188416,184,6,197.02409584871467,183.83333333333334,-0.00640432609943673,11.399040377140045,-0.5177537605166436,0.005541705759242177,0.052490234375,0.5523461170494557,59.544809341430664,0.08230441808700562,7.075563907623291,48.901214599609375,34.05712890625,48.81890869140625,32.97975540161133,0.9568375472442611,0.910729706287384,147.8524169921875,0.6,1.0,0.0,1.0,0.0,0.0,-0.03271257504820824,0.23191331326961517,0.0,0.1803029179573059,0.20813961327075958,0.2601664066314697,-1.643251657485962,-1.5901870727539062,-1.4910976886749268,0.0,1.0
189440,185,3,217.04774512396202,235.66666666666666,-0.005047711677616462,6.154865308105945,-0.5145757883787155,0.00323875947506167,0.0591064453125,0.7193153150379658,60.78784930706024,2.60322904586792,5.472702980041504,36.128936767578125,34.55717468261719,33.52571105957031,36.378318786621094,0.9749200172497668,1.3064851760864258,187.16024780273438,0.8,1.0,0.0,1.0,0.0,0.0,-0.02707059495151043,0.22179289162158966,0.0,0.17719663679599762,0.2073829621076584,0.26172935962677,-1.6492698192596436,-1.5916792154312134,-1.488175392150879,0.0,1.0
190464,186,5,232.8561972080384,214.0,-0.005387677112594247,7.097740951180458,-0.5216000393033028,0.006251247393083759,0.057568359375,0.6923068888485432,55.246598505973814,2.490372657775879,6.286454200744629,49.64601135253906,34.10447692871094,47.1556396484375,36.1462287902832,0.966022711666374,1.374758005142212,249.40028381347656,0.775,1.0,0.0,1.0,0.0,0.0,-0.027646539732813835,0.2252182811498642,0.0,0.17677296698093414,0.2062486857175827,0.26051419973373413,-1.6500911712646484,-1.5938454866409302,-1.4904471635818481,0.0,1.0
191488,187,8,193.69831094826768,174.125,-0.006943997519556433,5.229585018754006,-0.5269580259919167,0.003098180655797478,0.0459716796875,0.5953555028885603,42.31936612129211,0.8117061257362366,4.603457927703857,48.70481872558594,35.00877380371094,47.89311218261719,34.94105529785156,0.9827092214330647,1.0621371269226074,125.43991088867188,0.7,1.0,0.0,1.0,0.0,0.0,-0.03577336296439171,0.21522866189479828,0.0,0.17628224194049835,0.20531602203845978,0.2587304711341858,-1.6510426998138428,-1.5956279039382935,-1.4937845468521118,0.0,1.0
192512,188,6,175.14445090050017,175.83333333333334,-0.004185518901795149,5.773955595493317,-0.5286570593714714,0.003803826664807275,0.0320556640625,0.5984321519732475,38.332756471633914,0.8787994384765625,5.205166816711426,39.64455032348633,36.326026916503906,38.765750885009766,36.04921340942383,0.979467896981506,1.17388916015625,108.87529754638672,0.6,1.0,0.0,1.0,0.0,0.0,-0.04015170410275459,0.21144454181194305,0.0,0.17929837107658386,0.2061094492673874,0.25954073667526245,-1.6451971530914307,-1.5941015481948853,-1.4922680854797363,0.0,1.0
193536,189,5,180.6304322855887,152.8,-0.0034447399782948198,7.004825606942177,-0.5247105792164802,0.0026223320935969243,0.039990234375,0.6246674157679081,45.04233078956604,1.1106648445129395,5.942628860473633,54.15748596191406,27.578577041625977,53.04681396484375,27.055011749267578,0.9535684143451658,1.1280314922332764,165.947021484375,0.625,1.0,0.0,1.0,0.0,0.0,-0.048465926200151443,0.20977377891540527,0.0,0.17808710038661957,0.20624877512454987,0.2607852816581726,-1.647544026374817,-1.5938481092453003,-1.4899401664733887,0.0,1.0
194560,190,4,205.2206486273395,191.5,-0.004415560746565461,4.87445747256279,-0.5242741703987122,0.0056301146250916645,0.049267578125,0.7511131346225739,36.61906490325928,1.4224380254745483,4.960904598236084,51.4450798034668,33.607540130615234,50.022640228271484,32.27633285522461,0.9782104483549481,1.328451156616211,116.2143783569336,0.775,1.0,0.0,1.0,0.0,0.0,-0.033984195441007614,0.2295658141374588,0.0,0.17673979699611664,0.20656810700893402,0.26147153973579407,-1.6501555442810059,-1.593253254890442,-1.4886572360992432,0.0,1.0
195584,191,7,202.55346893040152,195.14285714285714,-0.005065193574409932,10.018750166893005,-0.5216599509119988,0.003592515748459846,0.05634765625,0.6770056568086147,65.15643744468689,-0.24575483798980713,7.208778381347656,52.805912017822266,37.60654067993164,53.051666259765625,37.381465911865234,0.9632551392965246,1.4742987155914307,182.49066162109375,0.75,1.0,0.0,1.0,0.0,0.0,-0.05178481340408325,0.22813297808170319,0.0,0.1763385832309723,0.2068358063697815,0.26174721121788025,-1.6509335041046143,-1.5927544832229614,-1.4881420135498047,0.0,1.0
196608,192,7,165.67965397216557,164.28571428571428,-0.00456109331571497,15.2500483751297,-0.5219607084989548,0.004941341919766274,0.0436767578125,0.7071088768541813,94.6008216381073,-0.4487806558609009,8.525938987731934,47.05387878417969,35.27010726928711,47.502662658691406,34.29600524902344,0.9415652871104363,1.1329821348190308,261.60186767578125,0.8,1.0,0.0,1.0,0.0,0.0,-0.04786025360226631,0.22095367312431335,0.0,0.17755265533924103,0.20662444829940796,0.2597521245479584,-1.6485798358917236,-1.5931034088134766,-1.4918726682662964,0.0,1.0
197632,193,7,152.70579944239267,135.28571428571428,-0.004130277887452394,21.557322812080383,-0.5246510013937951,0.004312738194130361,0.04560546875,0.5818332344293594,63.109284257888795,-1.6913959980010986,8.905961990356445,53.30963134765625,33.271202087402344,55.00102233886719,32.73964309692383,0.9283486024657621,1.4818778038024902,132.52474975585938,0.575,1.0,0.0,1.0,0.0,0.0,-0.057373046875,0.2132306545972824,0.0,0.17599663138389587,0.20565561950206757,0.2591298818588257,-1.6515965461730957,-1.5949527025222778,-1.4930369853973389,0.0,1.0
198656,194,7,157.97347522219584,151.42857142857142,-0.003162019874434918,12.972474581003189,-0.5285954102873802,0.00509104785596719,0.035791015625,0.6141528084874153,64.81688716411591,-1.3109843730926514,7.839714050292969,50.327457427978516,35.203453063964844,51.63844299316406,35.19889450073242,0.9504059094280282,1.1877703666687012,221.55230712890625,0.6,1.0,0.0,1.0,0.0,0.0,-0.060158342123031616,0.2130483090877533,0.0,0.1744934320449829,0.20569787919521332,0.25984564423561096,-1.6545125246047974,-1.5949095487594604,-1.4916976690292358,0.0,1.0
199680,195,8,160.05697262101486,132.0,-0.004654656822094694,4.482608687877655,-0.52849340736866,0.0043466706221806815,0.047412109375,0.6399896875023842,34.22858536243439,-1.5318492650985718,4.171739101409912,49.12237548828125,31.276283264160156,50.65422439575195,30.886457443237305,0.9822088471066464,1.3429474830627441,106.7672119140625,0.675,1.0,0.0,1.0,0.0,0.0,-0.06522268801927567,0.2082352489233017,0.0,0.1745661497116089,0.20532847940921783,0.258983850479126,-1.6543713808059692,-1.5955930948257446,-1.4933103322982788,0.0,1.0
200704,196,8,143.27233157328067,135.625,-0.005418097926303744,6.845931962132454,-0.5276194632053375,0.004389755726151634,0.0413818359375,0.5960214249789715,41.93445054292679,0.024912118911743164,5.981378078460693,43.9412841796875,32.802730560302734,43.91637420654297,33.85057067871094,0.966750696863561,1.1820024251937866,117.79317474365234,0.625,1.0,0.0,1.0,0.0,0.0,-0.051855411380529404,0.22005029022693634,0.0,0.17552229762077332,0.20629112422466278,0.2609284818172455,-1.6525166034698486,-1.5937944650650024,-1.4896724224090576,0.0,1.0
201728,197,4,176.46622841606836,158.75,-0.006244684068951756,2.029851596802473,-0.5240270718932152,0.002630719334410969,0.049560546875,0.698593819886446,33.153712809085846,-0.8583730459213257,3.0655832290649414,53.66820526123047,32.274715423583984,54.52657699584961,32.684139251708984,0.9909780292043179,1.2666244506835938,93.12944030761719,0.775,1.0,0.0,1.0,0.0,0.0,-0.05467475578188896,0.2121020257472992,0.0,0.17655664682388306,0.20632387697696686,0.260672390460968,-1.6505106687545776,-1.5937117338180542,-1.4901514053344727,0.0,1.0
202752,198,8,150.3541497754381,145.75,-0.007526715571293608,6.84691763818264,-0.5242140293121338,0.005271981506666634,0.0767578125,0.7332629561424255,52.21889753341675,-2.5967655181884766,5.441517353057861,47.04271697998047,35.34169006347656,49.63948440551758,33.52322006225586,0.9762936144786913,1.4422664642333984,152.4124298095703,0.825,1.0,0.0,1.0,0.0,0.0,-0.04742603376507759,0.21190714836120605,0.0,0.17752598226070404,0.20638686418533325,0.26057136058807373,-1.6486314535140991,-1.5935688018798828,-1.490340232849121,0.0,1.0
203776,199,9,162.67614503048114,143.55555555555554,-0.004730035830289125,4.874935208261013,-0.5263217762112617,0.002407688974926714,0.0249755859375,0.6363741315901279,38.48773478269577,0.9720267057418823,5.614871025085449,45.21734619140625,34.68389129638672,44.24531555175781,38.03703689575195,0.9737926029443478,1.205938696861267,155.03903198242188,0.625,1.0,0.0,1.0,0.0,0.0,-0.04281821474432945,0.21607348322868347,0.0,0.17659851908683777,0.2050786167383194,0.2581942081451416,-1.6504294872283936,-1.5960584878921509,-1.4947885274887085,0.0,1.0
204800,200,7,155.17927271787252,132.28571428571428,-0.003595203976146877,3.0104863330721856,-0.5329002276062965,0.005488436450832523,0.0322021484375,0.6453895516693592,25.11245678663254,-0.864626407623291,3.911984920501709,57.78346633911133,28.2370548248291,58.64809799194336,27.732887268066406,0.9808064424392293,0.9992049336433411,81.88113403320312,0.625,1.0,0.0,1.0,0.0,0.0,-0.04345107078552246,0.21980039775371552,0.0,0.17650966346263885,0.20490866899490356,0.25855496525764465,-1.6506017446517944,-1.5964179039001465,-1.4941130876541138,0.0,1.0
