total_env_steps,update,completed_episodes,completed_episode_return_mean,completed_episode_length_mean,actor_policy_loss,critic_loss,entropy,approx_kl,clip_fraction,actor_grad_norm,critic_grad_norm,advantage_raw_mean,advantage_raw_std,value_target_mean,value_target_std,value_prediction_mean_pre,value_prediction_std_pre,explained_variance_pre,actor_grad_norm_max,critic_grad_norm_max,actor_grad_clip_fraction,critic_grad_clip_fraction,value_normalizer_mean,value_normalizer_std,value_normalizer_count,hard_speed_accel_violations,action_mean,action_std,action_saturation_ratio,raw_log_std_min,raw_log_std_mean,raw_log_std_max,clamped_log_std_min,clamped_log_std_mean,clamped_log_std_max,raw_log_std_gt_max_ratio,finite
1024,1,1,120.31786201353484,93.0,-0.004762232187204063,823.6278030395508,-0.24799654632806778,0.003730700416781474,0.0343994140625,0.5498318791389465,118.55581207275391,38.21107864379883,16.340858459472656,38.127288818359375,16.308616638183594,-0.08378741145133972,0.18113741278648376,-0.003958171888491346,0.8186591267585754,172.86590576171875,0.625,1.0,0.0,1.0,0.0,0.0,0.05971929430961609,0.22112329304218292,0.0,0.25269851088523865,0.2537418305873871,0.25520190596580505,-1.505092740058899,-1.5031485557556152,-1.5003955364227295,0.0,1.0
2048,2,7,219.76612894594004,193.85714285714286,-0.0035764723608735947,491.42299728393556,-0.25534250512719153,0.003082145746157039,0.01865234375,0.5136340618133545,97.30659666061402,25.717012405395508,19.540058135986328,26.9786434173584,19.20995330810547,1.2616316080093384,1.874788761138916,-0.034663521989951596,0.9062648415565491,138.57656860351562,0.45,1.0,0.0,1.0,0.0,0.0,0.05824451521039009,0.22014057636260986,0.0,0.2514251172542572,0.252853661775589,0.2539151906967163,-1.5074843168258667,-1.504787564277649,-1.5028090476989746,0.0,1.0
3072,3,3,261.6987839508078,205.33333333333334,-0.0043710401107091455,737.8680465698242,-0.2617478586733341,0.004478240823664237,0.0374755859375,0.5557655364274978,209.90900573730468,34.67969512939453,20.237194061279297,37.77605438232422,19.190399169921875,3.0963587760925293,2.5482378005981445,-0.11207127844391063,1.1445587873458862,261.49591064453125,0.55,1.0,0.0,1.0,0.0,0.0,0.05451144278049469,0.22074268758296967,0.0,0.2496541291475296,0.2512423098087311,0.252958744764328,-1.5108129978179932,-1.5078182220458984,-1.5046042203903198,0.0,1.0
4096,4,6,222.2058147633428,195.66666666666666,-0.0026694851461797954,606.5126708984375,-0.2694260247051716,0.0035620972572360187,0.01982421875,0.4539927288889885,193.25192832946777,30.751144409179688,21.307415008544922,31.667129516601562,19.447856903076172,0.9159849882125854,5.098857879638672,-0.20037808928255063,0.8911740779876709,226.79794311523438,0.35,1.0,0.0,1.0,0.0,0.0,0.0476188100874424,0.2190648913383484,0.0,0.24918484687805176,0.25043395161628723,0.2529488503932953,-1.5116955041885376,-1.509323000907898,-1.5046226978302002,0.0,1.0
5120,5,5,229.78442047008897,189.8,-0.004667617869563401,395.05002212524414,-0.27222239822149275,0.004872413973498624,0.038818359375,0.5146466471254826,185.91180610656738,24.52416229248047,17.32419776916504,29.29288101196289,18.331314086914062,4.768718719482422,4.839282989501953,0.10686107372958342,0.9782236218452454,205.9778594970703,0.425,1.0,0.0,1.0,0.0,0.0,0.04472695291042328,0.22024309635162354,0.0,0.24737776815891266,0.25007471442222595,0.2540126442909241,-1.5150957107543945,-1.5100479125976562,-1.5026261806488037,0.0,1.0
6144,6,5,193.92660035883847,196.2,-0.003987733769463375,542.903409576416,-0.2750950239598751,0.003918709834397305,0.038720703125,0.5974805369973183,261.447924041748,28.62160301208496,19.079286575317383,36.85536193847656,20.85601043701172,8.233758926391602,5.87138557434082,0.1631225966597627,1.0304652452468872,287.0066223144531,0.65,1.0,0.0,1.0,0.0,0.0,0.05042809247970581,0.2197837233543396,0.0,0.24567994475364685,0.2494095414876938,0.2551686465740204,-1.518293023109436,-1.5112876892089844,-1.500457763671875,0.0,1.0
7168,7,8,175.67720320536813,177.25,-0.0035445678629912438,320.7890106201172,-0.27911960184574125,0.005999932697159238,0.0283447265625,0.4941078659147024,183.0005184173584,16.265642166137695,22.003414154052734,25.2288818359375,24.16937828063965,8.963239669799805,6.826740264892578,0.1712011070151508,1.1884722709655762,234.64419555664062,0.35,1.0,0.0,1.0,0.0,0.0,0.049313198775053024,0.21872928738594055,0.0,0.24367649853229523,0.2487250715494156,0.2545359134674072,-1.5220693349838257,-1.5125478506088257,-1.5016446113586426,0.0,1.0
8192,8,6,156.7980022807726,158.66666666666666,-0.004101178236305713,438.5096885681152,-0.283149404078722,0.004956364279496484,0.0369140625,0.525745827704668,241.20387954711913,22.723281860351562,20.986249923706055,35.435630798339844,23.75082778930664,12.712350845336914,6.2715020179748535,0.21924966478066132,0.829403281211853,275.8997497558594,0.45,1.0,0.0,1.0,0.0,0.0,0.04347056522965431,0.21656325459480286,0.0,0.24400664865970612,0.24790601432323456,0.25241270661354065,-1.5214468240737915,-1.5140963792800903,-1.5056294202804565,0.0,1.0
9216,9,4,226.07506493793127,183.25,-0.0019187298719771206,494.4451278686523,-0.2863550610840321,0.0028019139004754833,0.0125,0.5053552530705929,282.2831615447998,28.05075454711914,17.435884475708008,41.935096740722656,20.15384292602539,13.884344100952148,7.0681962966918945,0.2515337221747478,0.8752015829086304,315.0764465332031,0.425,1.0,0.0,1.0,0.0,0.0,0.03849766030907631,0.2196003645658493,0.0,0.24364106357097626,0.24772006273269653,0.2537548840045929,-1.5221362113952637,-1.514467716217041,-1.5031099319458008,0.0,1.0
10240,10,6,213.13070749514327,185.83333333333334,-0.0026900283875875173,512.8313766479492,-0.29213346168398857,0.0024480257736286147,0.0210693359375,0.5155673772096634,284.9355598449707,26.271827697753906,20.181909561157227,43.96037292480469,22.374876022338867,17.68854522705078,5.809436798095703,0.18641431925850338,0.9950655698776245,317.91241455078125,0.45,1.0,0.0,1.0,0.0,0.0,0.030719652771949768,0.21634213626384735,0.0,0.241911381483078,0.24552960693836212,0.2521631419658661,-1.5253993272781372,-1.518571376800537,-1.5060980319976807,0.0,1.0
11264,11,8,161.32325735821328,167.25,-0.002658642502501607,347.41539459228517,-0.302031446993351,0.002765440400980879,0.0126220703125,0.4816491615027189,164.64850845336915,12.88945484161377,25.00531768798828,30.121013641357422,27.036231994628906,17.23155975341797,8.234880447387695,0.1445938429166731,0.7561107873916626,246.7971954345703,0.375,1.0,0.0,1.0,0.0,0.0,0.03284324333071709,0.21713736653327942,0.0,0.2390897572040558,0.2447037696838379,0.25192734599113464,-1.5307283401489258,-1.5201643705368042,-1.5065408945083618,0.0,1.0
12288,12,5,174.90762891795183,158.2,-0.0036188601050525905,398.50814666748045,-0.301968851685524,0.005537316828849725,0.05078125,0.5796772848814726,246.72666053771974,23.857532501220703,17.2797794342041,40.910804748535156,24.107091903686523,17.053274154663086,10.602615356445312,0.4862087426419951,1.1278367042541504,300.3963623046875,0.5,1.0,0.0,1.0,0.0,0.0,0.029564956203103065,0.2151259481906891,0.0,0.24037639796733856,0.24546903371810913,0.2518797516822815,-1.5282975435256958,-1.5186843872070312,-1.506630301475525,0.0,1.0
13312,13,5,202.63698488263532,181.6,-0.0038820301881060002,515.3408348083497,-0.29647265896201136,0.0021485078454134055,0.0396240234375,0.5307410441339016,251.74294776916503,26.63445281982422,19.338306427001953,47.42893600463867,22.763383865356445,20.794483184814453,11.256209373474121,0.27828907031031613,1.2292922735214233,282.17193603515625,0.475,1.0,0.0,1.0,0.0,0.0,0.03565915301442146,0.21721485257148743,0.0,0.2399197369813919,0.24657677114009857,0.2536514401435852,-1.5291601419448853,-1.5166314840316772,-1.5033040046691895,0.0,1.0
14336,14,7,201.2620940741988,183.71428571428572,-0.0022174774494487792,350.8973419189453,-0.2934359148144722,0.003404473305272404,0.02255859375,0.6174981962889433,183.96676635742188,15.574007987976074,22.906940460205078,38.05316925048828,26.684492111206055,22.479162216186523,9.586421012878418,0.2630869568745333,1.3893533945083618,208.4680633544922,0.7,1.0,0.0,1.0,0.0,0.0,0.03871726617217064,0.21604807674884796,0.0,0.238813579082489,0.24619579315185547,0.2530091404914856,-1.5312503576278687,-1.5173367261886597,-1.5045095682144165,0.0,1.0
15360,15,4,159.2749706467084,185.5,-0.0041937115951441225,242.1469497680664,-0.29752267375588415,0.003982956423715223,0.03408203125,0.5411921009421349,168.08141460418702,14.626068115234375,19.722694396972656,23.291465759277344,32.69156265258789,8.665401458740234,21.309703826904297,0.6360337045376012,0.9809511303901672,339.61614990234375,0.525,1.0,0.0,1.0,0.0,0.0,0.05401990935206413,0.2186291515827179,0.0,0.23680157959461212,0.24542061984539032,0.2517073154449463,-1.535055160522461,-1.5188088417053223,-1.5069541931152344,0.0,1.0
16384,16,6,197.73949823638074,193.0,-0.0033008223108481616,408.1746955871582,-0.30066204369068145,0.0035388483782298865,0.025732421875,0.5225053451955318,213.82213020324707,23.333030700683594,17.82408905029297,40.25807571411133,33.231544494628906,16.925045013427734,21.974424362182617,0.712317413579992,1.0596380233764648,244.65774536132812,0.45,1.0,0.0,1.0,0.0,0.0,0.05510775372385979,0.21718250215053558,0.0,0.23786132037639618,0.245122492313385,0.2512463331222534,-1.5330506563186646,-1.5193432569503784,-1.5078202486038208,0.0,1.0
17408,17,6,186.9947959681064,181.0,-0.003352880949387327,272.7307487487793,-0.30177700966596605,0.002836047930759378,0.0256591796875,0.516413327306509,177.23270797729492,14.48488998413086,21.169023513793945,31.554954528808594,32.37773132324219,17.070064544677734,21.491207122802734,0.5725267921435113,0.8939191699028015,252.56016540527344,0.375,1.0,0.0,1.0,0.0,0.0,0.05916630104184151,0.21806704998016357,0.0,0.23788724839687347,0.24490071833133698,0.25167566537857056,-1.5330016613006592,-1.5197516679763794,-1.5070136785507202,0.0,1.0
18432,18,5,154.64043081062036,169.2,-0.004532950965221971,374.4301727294922,-0.3075631745159626,0.005937778502993751,0.0440185546875,0.5947952024638653,217.73115005493165,18.914501190185547,21.374597549438477,42.48221969604492,32.266815185546875,23.567718505859375,17.731586456298828,0.5611827208490224,1.0651177167892456,254.71475219726562,0.675,1.0,0.0,1.0,0.0,0.0,0.060099828988313675,0.21889905631542206,0.0,0.2348913848400116,0.2428371161222458,0.2501450777053833,-1.5386706590652466,-1.5236815214157104,-1.5098899602890015,0.0,1.0
19456,19,7,175.37370322220883,173.0,-0.0032038073521107437,353.75990600585936,-0.318409102410078,0.003850149460777175,0.02275390625,0.4760021883994341,215.7113166809082,20.243574142456055,19.041046142578125,44.03349685668945,31.039426803588867,23.78992462158203,19.741445541381836,0.6236826443150749,0.9740840792655945,269.1173400878906,0.3,1.0,0.0,1.0,0.0,0.0,0.05094911530613899,0.2156047821044922,0.0,0.23475337028503418,0.2414568066596985,0.2482861876487732,-1.538931965827942,-1.5262566804885864,-1.5133860111236572,0.0,1.0
20480,20,5,204.89328533355427,189.2,-0.003831685800105333,473.69175415039064,-0.3242474876344204,0.0046525652564014305,0.0370361328125,0.6030228111892939,252.90533485412598,26.133113861083984,18.461668014526367,50.176204681396484,33.22336196899414,24.0430908203125,23.943368911743164,0.6912160376219458,1.1538361310958862,293.06915283203125,0.7,1.0,0.0,1.0,0.0,0.0,0.03644155338406563,0.2145109623670578,0.0,0.23573124408721924,0.24072088301181793,0.24737294018268585,-1.5370806455612183,-1.5276732444763184,-1.5151047706604004,0.0,1.0
21504,21,6,196.89308119634532,191.83333333333334,-0.005407254933379591,290.13705406188967,-0.32537899613380433,0.004701373752322979,0.0609619140625,0.5681146748363972,192.92072525024415,12.500039100646973,23.27635955810547,39.78471755981445,32.032447814941406,27.284677505493164,20.44675636291504,0.47198056739763394,1.002923607826233,274.3712158203125,0.575,1.0,0.0,1.0,0.0,0.0,0.041041016578674316,0.21378809213638306,0.0,0.23479874432086945,0.24128662049770355,0.24987511336803436,-1.5388460159301758,-1.5266140699386597,-1.5103974342346191,0.0,1.0
22528,22,7,185.36025532259964,173.57142857142858,-0.003791631374042481,296.30319595336914,-0.3227670207619667,0.003075849890592508,0.0313720703125,0.5262215331196785,177.0203586578369,19.499958038330078,16.65436363220215,40.643165588378906,34.554771423339844,21.14320945739746,26.948360443115234,0.7677048389897149,1.361844539642334,248.0363311767578,0.45,1.0,0.0,1.0,0.0,0.0,0.04523016884922981,0.21610228717327118,0.0,0.23387844860553741,0.24120916426181793,0.2511901557445526,-1.5405892133712769,-1.5267645120620728,-1.5079257488250732,0.0,1.0
23552,23,6,184.36980308827683,169.5,-0.003898102545645088,284.9583209991455,-0.3264167033135891,0.004165702158934437,0.031396484375,0.5359739638864994,176.58752059936523,17.81285285949707,19.342561721801758,44.65339660644531,28.028825759887695,26.840547561645508,24.415781021118164,0.5237683921148595,1.0146220922470093,283.513916015625,0.55,1.0,0.0,1.0,0.0,0.0,0.04502274468541145,0.21679486334323883,0.0,0.23123785853385925,0.23990346491336823,0.2502776086330414,-1.5455946922302246,-1.5292305946350098,-1.5096408128738403,0.0,1.0
24576,24,3,162.10122756861054,171.0,-0.005063643655739724,412.40811309814455,-0.3319111801683903,0.004066726088058204,0.0453369140625,0.5152417093515396,255.34508781433107,20.97588348388672,22.65515899658203,50.265838623046875,35.71976852416992,29.289960861206055,23.276670455932617,0.5977306781351022,0.9228055477142334,385.69232177734375,0.45,1.0,0.0,1.0,0.0,0.0,0.04696818068623543,0.21510545909404755,0.0,0.23005196452140808,0.2398862987756729,0.2508706748485565,-1.547844648361206,-1.5292631387710571,-1.508526086807251,0.0,1.0
25600,25,6,200.17000539651497,177.83333333333334,-0.0028147623990662394,412.8174087524414,-0.3301545314490795,0.0031095015569007956,0.0249267578125,0.5806456223130226,227.13148651123046,20.669801712036133,23.130130767822266,48.45130157470703,36.510562896728516,27.781497955322266,28.53795051574707,0.5986539015756407,1.5005872249603271,283.9508972167969,0.6,1.0,0.0,1.0,0.0,0.0,0.042827408760786057,0.21934019029140472,0.0,0.2286156415939331,0.24015288054943085,0.2522241175174713,-1.5505714416503906,-1.528765320777893,-1.505983591079712,0.0,1.0
26624,26,7,205.17678349255996,189.28571428571428,-0.003817443602019921,305.63147087097167,-0.3316356040537357,0.005027385239372961,0.039111328125,0.5459956761449576,166.74884338378905,16.683509826660156,19.837312698364258,45.292816162109375,34.57132339477539,28.609304428100586,23.958171844482422,0.6707439973565108,1.2171489000320435,222.5933837890625,0.5,1.0,0.0,1.0,0.0,0.0,0.04486751928925514,0.21732251346111298,0.0,0.22829964756965637,0.2392791509628296,0.2528665363788605,-1.5511715412139893,-1.5304160118103027,-1.5047773122787476,0.0,1.0
27648,27,4,191.30101650549037,167.25,-0.002949437900679186,233.46070861816406,-0.3350307770073414,0.002260192879475653,0.02490234375,0.5864975847303867,181.44729766845703,17.917022705078125,15.02057933807373,41.704307556152344,37.784584045410156,23.78728485107422,28.62173843383789,0.841968369834125,1.1070917844772339,284.9277648925781,0.575,1.0,0.0,1.0,0.0,0.0,0.045079439878463745,0.2173379361629486,0.0,0.22724707424640656,0.23922957479953766,0.2544559836387634,-1.553171157836914,-1.5305410623550415,-1.501794457435608,0.0,1.0
28672,28,7,200.40085177073905,187.28571428571428,-0.0038507713106810115,301.69156646728516,-0.3389959789812565,0.0022145950264530257,0.0363037109375,0.6023139111697674,193.38905410766603,15.338274002075195,21.286375045776367,53.6469841003418,30.634986877441406,38.30870819091797,18.32791519165039,0.5171991219751604,1.1887599229812622,219.2426300048828,0.7,1.0,0.0,1.0,0.0,0.0,0.03860246017575264,0.21838900446891785,0.0,0.22269383072853088,0.23744426667690277,0.2536332309246063,-1.5618318319320679,-1.5339223146438599,-1.5033382177352905,0.0,1.0
29696,29,6,172.8246585144653,184.83333333333334,-0.0026602310128509997,206.99607582092284,-0.3503973610699177,0.003237567393807694,0.01708984375,0.458969185128808,138.26010208129884,14.464645385742188,16.93731117248535,37.012550354003906,37.569732666015625,22.54790496826172,27.720836639404297,0.7967583693193016,0.7067383527755737,245.5536346435547,0.375,1.0,0.0,1.0,0.0,0.0,0.03516170382499695,0.21795088052749634,0.0,0.22095315158367157,0.23552149534225464,0.2521344721317291,-1.5651472806930542,-1.537527084350586,-1.5061519145965576,0.0,1.0
30720,30,5,192.34016142350092,172.2,-0.003783019195543602,340.31638259887694,-0.35761541649699213,0.005417179176583886,0.035107421875,0.5440296605229378,223.94707145690919,22.022037506103516,17.1175594329834,54.780487060546875,34.60958480834961,32.75844955444336,26.386306762695312,0.7553805418409181,1.2399675846099854,364.13922119140625,0.475,1.0,0.0,1.0,0.0,0.0,0.034336935728788376,0.2197011411190033,0.0,0.22022996842861176,0.23524177074432373,0.25346943736076355,-1.5665254592895508,-1.5381063222885132,-1.503645658493042,0.0,1.0
31744,31,6,204.87574292648756,172.5,-0.0046293752384372056,428.21263732910154,-0.35635901764035227,0.006491279987676535,0.0412353515625,0.547921521216631,249.42947654724122,23.672704696655273,18.972251892089844,62.26896667480469,36.481910705566406,38.59626388549805,24.611066818237305,0.7295526959258805,1.0818545818328857,285.6952819824219,0.525,1.0,0.0,1.0,0.0,0.0,0.037243276834487915,0.21852999925613403,0.0,0.21914607286453247,0.23568391799926758,0.2556152045726776,-1.5685919523239136,-1.5372511148452759,-1.4996205568313599,0.0,1.0
32768,32,7,217.0533087931604,186.14285714285714,-0.0029185342602431772,245.51015434265136,-0.3571482256054878,0.003639324734103866,0.034765625,0.5933552417904139,163.05657768249512,15.06168270111084,18.510643005371094,49.01750946044922,36.75474166870117,33.95582580566406,27.66423797607422,0.746360834447088,1.1740134954452515,273.8938293457031,0.625,1.0,0.0,1.0,0.0,0.0,0.044761378318071365,0.21706943213939667,0.0,0.21761733293533325,0.23456497490406036,0.2533643841743469,-1.5715081691741943,-1.5393728017807007,-1.503842830657959,0.0,1.0
33792,33,6,199.9516226259406,168.16666666666666,-0.0033281179610639812,200.94661445617675,-0.36254083886742594,0.004050148866372183,0.033837890625,0.5959107786417007,144.08676719665527,10.86882209777832,18.63519287109375,49.201904296875,34.182281494140625,38.33307647705078,24.050704956054688,0.7027885379311049,1.110114574432373,194.8427276611328,0.65,1.0,0.0,1.0,0.0,0.0,0.04914960265159607,0.2195218950510025,0.0,0.21551631391048431,0.23437488079071045,0.25362321734428406,-1.57551908493042,-1.5397582054138184,-1.50335693359375,0.0,1.0
34816,34,7,151.92762592153812,152.71428571428572,-0.0029660712578333916,276.6471992492676,-0.36172494366765023,0.0014528562634950504,0.0189697265625,0.5728880576789379,167.16671962738036,13.442361831665039,21.874988555908203,43.197940826416016,44.836055755615234,29.755577087402344,37.88705062866211,0.7619649483108704,1.0897908210754395,395.7208557128906,0.625,1.0,0.0,1.0,0.0,0.0,0.05141880735754967,0.21949708461761475,0.0,0.21488137543201447,0.23450885713100433,0.25399839878082275,-1.5767319202423096,-1.5395280122756958,-1.5026530027389526,0.0,1.0
35840,35,6,170.89061001811896,152.33333333333334,-0.0033526290208101273,385.8417335510254,-0.3611352540552616,0.0019073998410021886,0.0389404296875,0.5695971310138702,205.36697578430176,19.630069732666016,21.148883819580078,62.45050811767578,40.597862243652344,42.820438385009766,30.915794372558594,0.7286258276958455,1.1508570909500122,234.4879608154297,0.525,1.0,0.0,1.0,0.0,0.0,0.04507995769381523,0.21718348562717438,0.0,0.21478435397148132,0.23476015031337738,0.25476378202438354,-1.576917290687561,-1.539035677909851,-1.5012171268463135,0.0,1.0
36864,36,4,151.82561450910438,154.75,-0.0047914775554090735,294.6867443084717,-0.3588780775666237,0.0037958112283376978,0.04560546875,0.5249373264610767,155.34228191375732,9.899741172790527,24.20969581604004,56.72450637817383,35.14707946777344,46.82476806640625,23.420289993286133,0.5255393804206232,0.7942227125167847,236.55210876464844,0.625,1.0,0.0,1.0,0.0,0.0,0.04513108357787132,0.21917496621608734,0.0,0.214866504073143,0.23542577028274536,0.2552645206451416,-1.5767602920532227,-1.5378011465072632,-1.5002779960632324,0.0,1.0
37888,37,5,239.84896611681665,209.2,-0.002993079257430509,399.5329277038574,-0.3543215624988079,0.00313975033495808,0.020166015625,0.5346273757517338,248.66036567687988,18.453269958496094,24.114564895629883,67.46980285644531,39.10083770751953,49.01653289794922,25.79823875427246,0.6196470889658245,1.0226088762283325,290.1453857421875,0.6,1.0,0.0,1.0,0.0,0.0,0.0342838428914547,0.21607355773448944,0.0,0.21554848551750183,0.2362534999847412,0.25575384497642517,-1.5754576921463013,-1.536192536354065,-1.4993605613708496,0.0,1.0
38912,38,8,180.51797813580643,182.0,-0.004385845770593732,174.78157596588136,-0.3522140488028526,0.004132984233729075,0.0368896484375,0.5151917390525341,164.0453914642334,8.764994621276855,20.743492126464844,36.523780822753906,39.62010192871094,27.758790969848633,35.38117599487305,0.7258851391625372,0.9287011623382568,351.0589904785156,0.4,1.0,0.0,1.0,0.0,0.0,0.03691955283284187,0.2195490449666977,0.0,0.2147829681634903,0.2358398586511612,0.2571219503879547,-1.5769199132919312,-1.5370062589645386,-1.496796727180481,0.0,1.0
39936,39,3,122.43804636262014,143.66666666666666,-0.0031587460776790976,305.778311920166,-0.35474700927734376,0.0036098915021284483,0.0308349609375,0.6103188887238502,207.7374137878418,20.83090591430664,17.191349029541016,54.60902404785156,43.850067138671875,33.77812194824219,34.72929000854492,0.8462980278833021,0.9179348945617676,336.63653564453125,0.65,1.0,0.0,1.0,0.0,0.0,0.03436991572380066,0.21943272650241852,0.0,0.21325403451919556,0.23570583760738373,0.25767162442207336,-1.5798418521881104,-1.5372511148452759,-1.4957671165466309,0.0,1.0
40960,40,8,214.6361414916263,191.0,-0.002557988162152469,218.1480270385742,-0.35074723437428473,0.0039019040414132178,0.02236328125,0.53363220654428,162.49249305725098,10.120018005371094,20.788686752319336,56.972816467285156,37.88755798339844,46.85279846191406,24.702409744262695,0.6989345481935618,0.9902292490005493,244.7270965576172,0.525,1.0,0.0,1.0,0.0,0.0,0.022793585434556007,0.22146296501159668,0.0,0.21445633471012115,0.23749029636383057,0.25945839285850525,-1.5775439739227295,-1.5338929891586304,-1.4924222230911255,0.0,1.0
41984,41,7,149.10158336221963,139.71428571428572,-0.002432233811123297,223.3683940887451,-0.34618048667907714,0.003726234202622436,0.025048828125,0.6054167367517949,155.4934875488281,14.606294631958008,16.695140838623047,60.314449310302734,38.86809539794922,45.70815658569336,28.57417869567871,0.8155011238739618,1.1756690740585327,204.70339965820312,0.575,1.0,0.0,1.0,0.0,0.0,0.028660545125603676,0.22431375086307526,0.0,0.21309533715248108,0.23646388947963715,0.25958719849586487,-1.5801453590393066,-1.5358633995056152,-1.4921813011169434,0.0,1.0
43008,42,8,183.9602150635167,155.25,-0.004739968525245786,209.23455696105958,-0.3512053914368153,0.00731663383776322,0.0564208984375,0.6442650787532329,139.25403614044188,12.027948379516602,18.111614227294922,57.444095611572266,37.98237228393555,45.41614532470703,27.573862075805664,0.7726210987714444,1.1081284284591675,197.08473205566406,0.75,1.0,0.0,1.0,0.0,0.0,0.015957513824105263,0.22060854732990265,0.0,0.21420617401599884,0.23663078248500824,0.2586652934551239,-1.5780220031738281,-1.5355294942855835,-1.4939064979553223,0.0,1.0
44032,43,6,179.93099331591634,153.0,-0.0034469168225768954,211.07549858093262,-0.35328077524900436,0.0034556716462248007,0.031787109375,0.5617921620607376,157.96952056884766,13.49337387084961,17.53028106689453,65.35260009765625,35.21574401855469,51.859222412109375,23.927186965942383,0.7521984543807546,0.9252365827560425,220.45236206054688,0.575,1.0,0.0,1.0,0.0,0.0,0.015077191404998302,0.2242872565984726,0.0,0.2130271941423416,0.23486191034317017,0.25599247217178345,-1.580275535583496,-1.5388679504394531,-1.498913288116455,0.0,1.0
45056,44,5,146.53364595314403,139.6,-0.003929686429910362,343.1905746459961,-0.36597816795110705,0.002644593238073867,0.018310546875,0.5234833233058452,205.84590377807618,11.92398738861084,25.90414047241211,66.28269958496094,44.45429611206055,54.35871124267578,29.01906967163086,0.6604444315298681,0.9843976497650146,279.3656921386719,0.55,1.0,0.0,1.0,0.0,0.0,0.01711662858724594,0.2213720828294754,0.0,0.21262526512145996,0.23269478976726532,0.2553134560585022,-1.58104407787323,-1.5429502725601196,-1.5001863241195679,0.0,1.0
46080,45,9,176.57501618030196,148.44444444444446,-0.0031389486452098937,178.98260993957518,-0.36988312378525734,0.002402229557628743,0.0208251953125,0.5036689404398202,127.38227100372315,10.831670761108398,17.139331817626953,64.07183837890625,34.9820556640625,53.240169525146484,26.438642501831055,0.7599525074232036,0.8419758677482605,163.13912963867188,0.475,1.0,0.0,1.0,0.0,0.0,0.007686138153076172,0.22089062631130219,0.0,0.21282632648944855,0.23396766185760498,0.2566688060760498,-1.5806596279144287,-1.5405678749084473,-1.4976457357406616,0.0,1.0
47104,46,8,160.87169228513005,142.25,-0.002779501781333238,98.88173198699951,-0.3639085300266743,0.0029442532744724304,0.021923828125,0.5396285854279995,93.04987154006957,7.883299827575684,14.041526794433594,54.83586883544922,34.66175842285156,46.95256805419922,26.301172256469727,0.8358928663191992,0.9256569743156433,143.68316650390625,0.525,1.0,0.0,1.0,0.0,0.0,0.008054998703300953,0.22187288105487823,0.0,0.21338717639446259,0.2340259552001953,0.25818321108818054,-1.579587459564209,-1.5404711961746216,-1.4948091506958008,0.0,1.0
48128,47,7,143.82915639656457,135.42857142857142,-0.0024580912722740322,135.80751113891603,-0.36287970915436746,0.005804477799392771,0.0388916015625,0.5796149238944054,105.49101257324219,7.906463146209717,15.789727210998535,59.219696044921875,38.5499382019043,51.313232421875,28.507633209228516,0.8322347968221498,1.2666829824447632,127.66109466552734,0.525,1.0,0.0,1.0,0.0,0.0,0.0022750364150851965,0.22065363824367523,0.0,0.21354128420352936,0.23477645218372345,0.2595551311969757,-1.5792927742004395,-1.5390561819076538,-1.4922411441802979,0.0,1.0
49152,48,6,153.86409629314093,137.66666666666666,-0.004073537071235478,208.6408847808838,-0.3592358812689781,0.007327006834384519,0.0504638671875,0.6363927185535431,138.68576602935792,12.357955932617188,17.730358123779297,61.66864013671875,42.28184127807617,49.31068420410156,30.312864303588867,0.8241561453732857,1.298032283782959,184.51365661621094,0.675,1.0,0.0,1.0,0.0,0.0,0.00022349630307871848,0.22150608897209167,0.0,0.21419544517993927,0.23511461913585663,0.2571451663970947,-1.5780425071716309,-1.5383599996566772,-1.496753215789795,0.0,1.0
50176,49,8,186.75421320542677,153.5,-0.004390951001551002,132.20974292755128,-0.35882309451699257,0.004300417313061189,0.059521484375,0.706595542281866,114.48604831695556,9.660351753234863,15.81584358215332,60.34046173095703,38.24551773071289,50.68010711669922,33.29097366333008,0.8289892069558294,1.1661101579666138,180.4011688232422,0.825,1.0,0.0,1.0,0.0,0.0,0.003317038295790553,0.22060520946979523,0.0,0.21470685303211212,0.23464657366275787,0.2557677924633026,-1.577065348625183,-1.53924560546875,-1.499334454536438,0.0,1.0
51200,50,6,138.1671910341647,132.0,-0.003998270980082453,210.25750617980958,-0.3626692593097687,0.004123077103577089,0.0434326171875,0.585732103139162,152.08517112731934,10.047783851623535,19.72475242614746,68.74115753173828,41.342742919921875,58.69337463378906,26.95792579650879,0.7723725904711486,1.1563631296157837,187.52308654785156,0.55,1.0,0.0,1.0,0.0,0.0,0.0048037925735116005,0.22081395983695984,0.0,0.21388867497444153,0.23427186906337738,0.25530895590782166,-1.5786287784576416,-1.5399678945541382,-1.500194787979126,0.0,1.0
52224,51,7,190.44720707215797,166.71428571428572,-0.004318534315098077,172.8960983276367,-0.36277030110359193,0.0054092365273390895,0.03271484375,0.5817505240440368,134.18312892913818,7.845334529876709,18.6993465423584,64.8337631225586,43.30790328979492,56.988433837890625,30.370893478393555,0.8135688003828684,0.8993808031082153,192.7834930419922,0.7,1.0,0.0,1.0,0.0,0.0,0.01732630841434002,0.2233661264181137,0.0,0.21361035108566284,0.23436810076236725,0.2558993697166443,-1.5791608095169067,-1.5398122072219849,-1.4990878105163574,0.0,1.0
53248,52,8,150.96045693856036,146.375,-0.0035532905836589634,141.27103939056397,-0.3646497868001461,0.006069632714206819,0.0311767578125,0.5360815238207579,164.16088657379152,4.611765384674072,20.241735458374023,54.229637145996094,46.33767318725586,49.61787414550781,36.763885498046875,0.8091786225298596,0.9740247130393982,440.6105041503906,0.55,1.0,0.0,1.0,0.0,0.0,0.0014323374489322305,0.22186654806137085,0.0,0.21258772909641266,0.23363709449768066,0.2548024654388428,-1.581115961074829,-1.5411866903305054,-1.5011446475982666,0.0,1.0
54272,53,7,159.17793839940137,129.0,-0.002217312064021826,81.15696840286255,-0.3677260592579842,0.002634575479896739,0.0123291015625,0.5305742546916008,101.51109380722046,3.5731301307678223,14.295816421508789,62.07160949707031,36.28479766845703,58.49848175048828,28.734821319580078,0.8447725579733678,0.8570460677146912,226.302001953125,0.6,1.0,0.0,1.0,0.0,0.0,0.01060644444078207,0.2175234705209732,0.0,0.21258822083473206,0.23332428932189941,0.25378352403640747,-1.5811150074005127,-1.5417393445968628,-1.5030561685562134,0.0,1.0
55296,54,6,166.37135687119255,154.33333333333334,-0.004090252798050642,135.47203979492187,-0.3683733530342579,0.0032604866777546705,0.02626953125,0.5478407800197601,137.9370418548584,11.837820053100586,14.375079154968262,60.309837341308594,46.65079879760742,48.472015380859375,43.659698486328125,0.9050483843734579,1.021196722984314,407.0489196777344,0.525,1.0,0.0,1.0,0.0,0.0,0.01822943240404129,0.218539759516716,0.0,0.2132866084575653,0.2330729365348816,0.25226354598999023,-1.5797796249389648,-1.5422248840332031,-1.5059094429016113,0.0,1.0
56320,55,7,142.71449410606849,135.0,-0.004460684536024928,266.28404808044434,-0.37091571390628814,0.0035359096102183683,0.038525390625,0.5379870861768723,201.15694770812988,13.451284408569336,21.05506134033203,80.91378021240234,43.835227966308594,67.46249389648438,30.011207580566406,0.7692899576777682,0.8462763428688049,252.17056274414062,0.625,1.0,0.0,1.0,0.0,0.0,0.03309556469321251,0.21812793612480164,0.0,0.21190881729125977,0.23283059895038605,0.25273746252059937,-1.5824143886566162,-1.5426794290542603,-1.5050196647644043,0.0,1.0
57344,56,6,184.5040897535877,185.83333333333334,-0.0029195669456385078,213.4732469558716,-0.37286469638347625,0.0036798699176870285,0.038818359375,0.570272970944643,280.53869552612304,9.308300018310547,24.686960220336914,57.6671142578125,44.730464935302734,48.35881805419922,42.61281204223633,0.695401063934874,0.956314742565155,488.7069091796875,0.525,1.0,0.0,1.0,0.0,0.0,0.033583641052246094,0.2155570238828659,0.0,0.20993131399154663,0.23217761516571045,0.2527250349521637,-1.5861984491348267,-1.543949007987976,-1.5050430297851562,0.0,1.0
58368,57,7,166.75681202965055,164.42857142857142,-0.005375740199815482,149.26970138549805,-0.3767943613231182,0.003674483028589748,0.047607421875,0.5803020551800728,151.54682312011718,4.345163822174072,18.993553161621094,60.583213806152344,47.15298843383789,56.2380485534668,35.42717742919922,0.8377465239850947,0.9684558510780334,347.14837646484375,0.625,1.0,0.0,1.0,0.0,0.0,0.033610764890909195,0.21821770071983337,0.0,0.20979595184326172,0.23157913982868195,0.2511168420314789,-1.58645761013031,-1.5450873374938965,-1.508063554763794,0.0,1.0
59392,58,7,142.06723622111727,142.0,-0.003309087606612593,163.43127899169923,-0.37865027263760564,0.0017628927249461412,0.02578125,0.48584618158638476,161.50791568756102,0.4115029275417328,21.406452178955078,54.16546630859375,52.94810485839844,53.75395965576172,42.049373626708984,0.836548640257515,0.8951161503791809,406.81494140625,0.45,1.0,0.0,1.0,0.0,0.0,0.04907916113734245,0.2197721004486084,0.0,0.21243789792060852,0.2314174622297287,0.24959395825862885,-1.5814024209976196,-1.5453654527664185,-1.5109261274337769,0.0,1.0
60416,59,7,162.13409042783954,153.85714285714286,-0.003841377148637548,136.50205898284912,-0.38131237775087357,0.006618353869998828,0.039599609375,0.5396506894379854,145.4093900680542,3.462595224380493,18.26128387451172,65.97000122070312,45.466854095458984,62.507408142089844,34.2357063293457,0.8386857010176483,0.8889133930206299,399.1819152832031,0.625,1.0,0.0,1.0,0.0,0.0,0.040155887603759766,0.21998776495456696,0.0,0.21279320120811462,0.23068393766880035,0.248135045170784,-1.5807230472564697,-1.5467478036880493,-1.5136704444885254,0.0,1.0
61440,60,4,179.67791386174684,159.0,-0.004612746904604137,180.10784988403321,-0.388299760222435,0.004824022451066412,0.043115234375,0.5452815897762775,212.62309036254882,8.828380584716797,20.699539184570312,72.38130950927734,44.59439468383789,63.55292510986328,36.918922424316406,0.784542869238436,1.069367527961731,471.2356262207031,0.575,1.0,0.0,1.0,0.0,0.0,0.02943691611289978,0.2199111431837082,0.0,0.21110130846500397,0.22876162827014923,0.2470005452632904,-1.5839592218399048,-1.5503705739974976,-1.5158058404922485,0.0,1.0
62464,61,7,173.23943435558297,184.85714285714286,-0.004347906517796219,97.90524091720582,-0.39700438305735586,0.0027354236342944207,0.0327392578125,0.5863163866102695,151.0073558807373,5.200368881225586,17.285459518432617,44.591644287109375,48.021244049072266,39.39127731323242,45.39113998413086,0.8704328317415819,1.0290509462356567,406.3399963378906,0.6,1.0,0.0,1.0,0.0,0.0,0.02280263416469097,0.21719560027122498,0.0,0.21033145487308502,0.22794412076473236,0.24641035497188568,-1.585432529449463,-1.551953673362732,-1.5169172286987305,0.0,1.0
63488,62,7,179.5221422488104,147.57142857142858,-0.0033492161426693203,189.21263980865479,-0.39670016765594485,0.004526367571088485,0.0299072265625,0.5397468589246273,174.60491409301758,10.650152206420898,20.64871597290039,62.496795654296875,44.529441833496094,51.846649169921875,43.35702133178711,0.7849736864642987,0.8769046664237976,444.9111328125,0.525,1.0,0.0,1.0,0.0,0.0,0.022821346297860146,0.21737928688526154,0.0,0.2115938365459442,0.22905611991882324,0.24881501495838165,-1.5830168724060059,-1.5498498678207397,-1.5123910903930664,0.0,1.0
64512,63,7,166.7069338771133,144.28571428571428,-0.00515099874464795,134.5281074523926,-0.39080613330006597,0.00344085005344823,0.049267578125,0.5654364038258791,202.74849758148193,-0.034183382987976074,20.6787052154541,70.2226791381836,46.414981842041016,70.25686645507812,34.91908645629883,0.8015138066061706,1.090206265449524,543.2098388671875,0.475,1.0,0.0,1.0,0.0,0.0,0.013779125176370144,0.2177450805902481,0.0,0.2120782434940338,0.22943992912769318,0.24967297911643982,-1.5820902585983276,-1.5490951538085938,-1.510777473449707,0.0,1.0
65536,64,6,152.2759965363134,140.66666666666666,-0.003239572764141485,88.2694582939148,-0.38978476002812384,0.003097633071593009,0.039697265625,0.6127680882811546,115.57611360549927,7.488837242126465,14.47685432434082,62.70789337158203,44.92770004272461,55.219051361083984,39.57421112060547,0.8961706757460441,1.6964889764785767,250.11819458007812,0.575,1.0,0.0,1.0,0.0,0.0,0.010671422816812992,0.2178226262331009,0.0,0.21244964003562927,0.22976575791835785,0.2506110668182373,-1.581380009651184,-1.5484766960144043,-1.5090140104293823,0.0,1.0
66560,65,8,169.16399421097557,153.625,-0.0036779979476705194,103.3802996635437,-0.3892722584307194,0.0016741926840040833,0.03076171875,0.49233909174799917,169.11338539123534,3.6113533973693848,18.702003479003906,53.940345764160156,46.51521682739258,50.32899475097656,44.540767669677734,0.8383460935054079,0.9200453162193298,413.0355529785156,0.425,1.0,0.0,1.0,0.0,0.0,0.04318888485431671,0.2161281406879425,0.0,0.21135403215885162,0.22930020093917847,0.25225335359573364,-1.5834757089614868,-1.5494132041931152,-1.505928635597229,0.0,1.0
67584,66,8,172.75320030074414,147.75,-0.004163501964649185,141.5218687057495,-0.3911551862955093,0.0060613020876189696,0.0431640625,0.6091295573860407,150.4970489501953,11.345163345336914,16.92432975769043,61.937835693359375,50.48784637451172,50.59267044067383,48.25441360473633,0.8876303072666651,1.0425835847854614,320.79156494140625,0.675,1.0,0.0,1.0,0.0,0.0,0.03272418677806854,0.218638077378273,0.0,0.21080109477043152,0.22943991422653198,0.25226759910583496,-1.58453369140625,-1.5491199493408203,-1.5059019327163696,0.0,1.0
68608,67,5,149.02960541579586,117.0,-0.004410017433110624,128.9502592086792,-0.39238566979765893,0.004564443079289049,0.031591796875,0.5205575078725815,155.82123336791992,2.713916540145874,19.501272201538086,76.43460845947266,39.6125373840332,73.72069549560547,29.312164306640625,0.7576401729087774,0.8753640055656433,285.3704833984375,0.525,1.0,0.0,1.0,0.0,0.0,0.03522275760769844,0.21860723197460175,0.0,0.20827370882034302,0.22873187065124512,0.2521556317806244,-1.5893728733062744,-1.5504989624023438,-1.5061120986938477,0.0,1.0
69632,68,10,175.93751038483828,154.3,-0.004706440621521324,148.42618198394774,-0.396043286472559,0.005336776387412101,0.0379638671875,0.5680294841527939,171.16636505126954,5.503742218017578,19.566781997680664,65.36723327636719,50.58220291137695,59.863494873046875,41.87885284423828,0.8503614919471014,1.3137518167495728,378.63348388671875,0.45,1.0,0.0,1.0,0.0,0.0,0.011838752776384354,0.21821065247058868,0.0,0.20669370889663696,0.22837556898593903,0.2536565363407135,-1.5924006700515747,-1.5511847734451294,-1.5032944679260254,0.0,1.0
70656,69,7,145.11175171961187,142.0,-0.00397612415254116,121.23978939056397,-0.3965083137154579,0.0034393735288176684,0.0389404296875,0.5756728582084178,204.4989507675171,-4.567166328430176,20.314367294311523,59.3304443359375,45.54680252075195,63.897613525390625,38.4190673828125,0.8010743156878063,1.0678861141204834,470.51019287109375,0.55,1.0,0.0,1.0,0.0,0.0,0.007604910060763359,0.21429887413978577,0.0,0.20500487089157104,0.228435680270195,0.2553342282772064,-1.5956391096115112,-1.5510882139205933,-1.5001473426818848,0.0,1.0
71680,70,6,133.19125870409073,122.33333333333333,-0.004040398309007287,117.16522274017333,-0.39639473557472227,0.004806732501310762,0.0358154296875,0.540751063451171,212.31209487915038,-0.37297523021698,19.513656616210938,69.71611022949219,45.32443618774414,70.08908081054688,37.402896881103516,0.8146415008883614,0.9340395331382751,546.6630859375,0.5,1.0,0.0,1.0,0.0,0.0,0.015654396265745163,0.21411961317062378,0.0,0.2041173279285431,0.22859735786914825,0.25670167803764343,-1.5973420143127441,-1.550801396369934,-1.4975841045379639,0.0,1.0
72704,71,6,176.43272966230805,155.66666666666666,-0.0031251102453097703,113.44530792236328,-0.39524418488144875,0.003079789553885348,0.0227783203125,0.5618945863097906,121.05589857101441,9.595542907714844,15.285748481750488,56.80587387084961,46.41701889038086,47.2103271484375,42.928524017333984,0.8915526557187153,1.0391472578048706,273.79864501953125,0.6,1.0,0.0,1.0,0.0,0.0,0.012032547034323215,0.21122503280639648,0.0,0.20392389595508575,0.2285156100988388,0.2581498324871063,-1.5977132320404053,-1.5509790182113647,-1.4948716163635254,0.0,1.0
73728,72,6,164.2927387031523,161.5,-0.0049620165606029335,71.29201946258544,-0.3974542163312435,0.003776318805466872,0.0452880859375,0.5970542185008526,186.81498126983644,0.48860839009284973,16.20507049560547,46.59149932861328,51.5853157043457,46.10289001464844,51.82383728027344,0.9013153276200229,1.0961346626281738,566.6049194335938,0.675,1.0,0.0,1.0,0.0,0.0,0.008749391883611679,0.21683566272258759,0.0,0.20363067090511322,0.22789399325847626,0.2575812041759491,-1.598275899887085,-1.5521405935287476,-1.495936393737793,0.0,1.0
74752,73,8,155.03937734518883,140.875,-0.0034199219197034838,151.28975410461425,-0.40184216797351835,0.0027984045707853513,0.0330322265625,0.5427694126963616,238.54374809265136,6.820453643798828,22.16613006591797,64.15791320800781,47.062496185302734,57.337459564208984,47.68758010864258,0.7781651267578807,0.9743009209632874,574.4675903320312,0.5,1.0,0.0,1.0,0.0,0.0,0.02316966839134693,0.21546755731105804,0.0,0.2050212323665619,0.22716015577316284,0.2555955648422241,-1.5956077575683594,-1.5535221099853516,-1.499657392501831,0.0,1.0
75776,74,7,200.26341967724088,165.28571428571428,-0.004049210785888135,60.05384426116943,-0.4076372556388378,0.003829267600667663,0.0315673828125,0.5795140784233809,113.39057340621949,9.483831405639648,10.832643508911133,61.82608413696289,44.62230682373047,52.34225082397461,42.883399963378906,0.9410661483331968,0.921600878238678,307.15032958984375,0.625,1.0,0.0,1.0,0.0,0.0,0.029309486970305443,0.21784545481204987,0.0,0.2019440233707428,0.22556154429912567,0.25523898005485535,-1.601514220237732,-1.5565948486328125,-1.5003259181976318,0.0,1.0
76800,75,6,162.53882795256155,153.5,-0.0030320149497129025,42.626432466506955,-0.41294402703642846,0.0036994345791754313,0.021240234375,0.521653538197279,124.10721845626831,3.461789131164551,13.273147583007812,54.93222427368164,40.40904998779297,51.470436096191406,37.012821197509766,0.8921076644702457,0.9987343549728394,301.3603820800781,0.5,1.0,0.0,1.0,0.0,0.0,0.02071988768875599,0.21931280195713043,0.0,0.20169951021671295,0.2258596569299698,0.2542164921760559,-1.6019837856292725,-1.5559935569763184,-1.5022437572479248,0.0,1.0
77824,76,8,160.47274710421837,145.375,-0.003304000583011657,120.74202995300293,-0.4092999495565891,0.0027368283102987335,0.024267578125,0.5091897256672382,130.60653295516968,9.812847137451172,14.890007972717285,62.1179084777832,52.39936828613281,52.30506134033203,47.52402114868164,0.9192508886235082,1.0213013887405396,285.3973083496094,0.475,1.0,0.0,1.0,0.0,0.0,0.01806320995092392,0.21920187771320343,0.0,0.202608123421669,0.2263936847448349,0.25213709473609924,-1.6002389192581177,-1.5549826622009277,-1.5061469078063965,0.0,1.0
78848,77,6,162.4790124034046,137.83333333333334,-0.004721491009695456,124.84603958129883,-0.404791359603405,0.004070141934789717,0.0290771484375,0.5360798310488463,263.3128526687622,5.164063930511475,20.831783294677734,65.64073181152344,48.37071990966797,60.47666549682617,44.750003814697266,0.8145239848269736,0.865365743637085,651.0127563476562,0.575,1.0,0.0,1.0,0.0,0.0,-0.0038625856395810843,0.21947674453258514,0.0,0.20331771671772003,0.22794002294540405,0.2537938058376312,-1.5988765954971313,-1.5520501136779785,-1.5030368566513062,0.0,1.0
79872,78,7,172.2694432215107,165.71428571428572,-0.004771508392877877,126.72239837646484,-0.39512759670615194,0.0032203815440880134,0.029150390625,0.548056261241436,280.7501470565796,0.4891786575317383,21.331287384033203,66.82894897460938,49.850582122802734,66.33976745605469,41.71763610839844,0.8168977527862797,0.948356032371521,636.759765625,0.575,1.0,0.0,1.0,0.0,0.0,0.0049788993783295155,0.21603599190711975,0.0,0.20518013834953308,0.229572132229805,0.2547992467880249,-1.595302939414978,-1.5489401817321777,-1.5011506080627441,0.0,1.0
80896,79,7,181.87688805673102,166.0,-0.005271954205818474,93.70738143920899,-0.38907359838485717,0.006306120647059288,0.05517578125,0.5812982209026814,151.36634654998778,3.9368534088134766,16.51361083984375,73.523193359375,48.22690200805664,69.58633422851562,42.20063781738281,0.8827520258158658,1.084144115447998,429.486328125,0.625,1.0,0.0,1.0,0.0,0.0,0.0006010851939208806,0.21661660075187683,0.0,0.20629362761974335,0.22944027185440063,0.255372017621994,-1.5931676626205444,-1.5491617918014526,-1.5000765323638916,0.0,1.0
81920,80,9,143.3706411279681,135.66666666666666,-0.004039445868693292,119.52088451385498,-0.3962107732892036,0.0026518181228311734,0.032275390625,0.5039725780487061,294.7365930557251,-6.419308185577393,20.862850189208984,66.64151763916016,49.33808135986328,73.06082153320312,43.77108383178711,0.8211937126174735,0.9805091619491577,650.3643188476562,0.425,1.0,0.0,1.0,0.0,0.0,-0.01684531383216381,0.21577364206314087,0.0,0.20572756230831146,0.22729642689228058,0.25322628021240234,-1.5942530632019043,-1.5532317161560059,-1.5041019916534424,0.0,1.0
82944,81,4,178.01693446541023,148.75,-0.0031678949599154294,88.63489789962769,-0.4056643329560757,0.006244608490669634,0.0406494140625,0.5988468505442143,124.2623475074768,8.407841682434082,14.879369735717773,70.28739929199219,42.81156921386719,61.879554748535156,42.84275817871094,0.8792056037347113,1.3835797309875488,260.9969482421875,0.5,1.0,0.0,1.0,0.0,0.0,-0.011146274395287037,0.2170598953962326,0.0,0.20566803216934204,0.22664529085159302,0.2529255449771881,-1.594367265701294,-1.5544720888137817,-1.5046665668487549,0.0,1.0
83968,82,6,180.44288129687035,171.16666666666666,-0.004686658491846174,141.5062656402588,-0.4086915798485279,0.005070566722133662,0.0384033203125,0.5269579276442528,160.88225173950195,9.934551239013672,17.538740158081055,74.05084991455078,55.74428939819336,64.11630249023438,50.54758834838867,0.9010089387279142,1.1244962215423584,416.42218017578125,0.475,1.0,0.0,1.0,0.0,0.0,-0.008137633092701435,0.212801992893219,0.0,0.20485934615135193,0.22588884830474854,0.2526417672634125,-1.5959182977676392,-1.5559210777282715,-1.5051993131637573,0.0,1.0
84992,83,8,180.74961928107086,162.625,-0.00413853614591062,85.681019115448,-0.4110694654285908,0.0036926195622072554,0.029443359375,0.5153484828770161,203.13748836517334,1.129818081855774,17.868160247802734,68.919189453125,50.831932067871094,67.78936767578125,45.56635665893555,0.8764375686385514,1.1672807931900024,575.7345581054688,0.4,1.0,0.0,1.0,0.0,0.0,-0.01675196923315525,0.21444685757160187,0.0,0.2048730105161667,0.22609716653823853,0.2533213794231415,-1.595892071723938,-1.5555280447006226,-1.5039234161376953,0.0,1.0
86016,84,6,148.55538785273737,145.66666666666666,-0.003232357220258564,59.37743988037109,-0.4098402112722397,0.0034167774239904245,0.03515625,0.527112253755331,125.67498950958252,-1.5839207172393799,13.949167251586914,60.62549591064453,45.83821487426758,62.20941162109375,41.32002639770508,0.9073935747685661,0.9203564524650574,286.9024658203125,0.525,1.0,0.0,1.0,0.0,0.0,-0.019928503781557083,0.21465039253234863,0.0,0.20551542937755585,0.22580742835998535,0.25193363428115845,-1.5946598052978516,-1.5560678243637085,-1.5065290927886963,0.0,1.0
87040,85,6,157.22846879106757,154.5,-0.004247812682297081,44.62710967063904,-0.41271110996603966,0.004544627097493504,0.0410888671875,0.6133694633841514,73.28588609695434,1.288527488708496,11.937291145324707,65.05021667480469,46.63268280029297,63.76169204711914,44.14034652709961,0.934471418334607,1.3225823640823364,157.30079650878906,0.675,1.0,0.0,1.0,0.0,0.0,-0.029293851926922798,0.21896938979625702,0.0,0.20448148250579834,0.22536613047122955,0.25071632862091064,-1.5966432094573975,-1.556894302368164,-1.5088162422180176,0.0,1.0
88064,86,6,163.26047593745503,161.0,-0.0035744477121625096,40.198644518852234,-0.41583931520581247,0.0027282016031676902,0.0295166015625,0.5607015833258628,138.29982051849365,-0.6058531999588013,13.563495635986328,54.32514190673828,44.891178131103516,54.930992126464844,45.27172088623047,0.9087104186787279,1.0598492622375488,367.08953857421875,0.525,1.0,0.0,1.0,0.0,0.0,-0.0129756024107337,0.21664834022521973,0.0,0.20312140882015228,0.22453369200229645,0.25053671002388,-1.5992534160614014,-1.5584830045700073,-1.5091538429260254,0.0,1.0
89088,87,7,141.50988578172112,135.71428571428572,-0.003282211680198088,56.2171528339386,-0.4191909246146679,0.002668724686373025,0.0336669921875,0.4961628310382366,173.18139762878417,3.5695581436157227,14.565595626831055,66.405029296875,48.01850509643555,62.83546829223633,45.064353942871094,0.9079891127001124,0.9082223773002625,493.9633483886719,0.475,1.0,0.0,1.0,0.0,0.0,-0.02243725396692753,0.21678000688552856,0.0,0.20380240678787231,0.22460335493087769,0.25051143765449524,-1.597946286201477,-1.5583707094192505,-1.5092012882232666,0.0,1.0
90112,88,8,175.74582987921568,150.0,-0.004625527816824615,20.608299326896667,-0.4166882589459419,0.0037129126067156903,0.0293212890625,0.5396447658538819,58.47996864318848,2.1993212699890137,8.750138282775879,60.26408386230469,41.293643951416016,58.06476593017578,41.801353454589844,0.9550982344797627,0.7835289239883423,156.60574340820312,0.6,1.0,0.0,1.0,0.0,0.0,-0.02560834400355816,0.22004704177379608,0.0,0.20311349630355835,0.2250102311372757,0.2498696893453598,-1.5992686748504639,-1.5575944185256958,-1.5104076862335205,0.0,1.0
91136,89,9,140.63337274415485,115.0,-0.004994051833637059,76.77183904647828,-0.41287002712488174,0.004311824830074329,0.04501953125,0.5616331361234188,114.49091167449951,-0.6951496601104736,15.293309211730957,71.9970932006836,45.24803161621094,72.69224548339844,41.155662536621094,0.8857638551183398,1.0914363861083984,252.42718505859375,0.475,1.0,0.0,1.0,0.0,0.0,-0.03339346870779991,0.2113920897245407,0.0,0.2019462287425995,0.22632014751434326,0.25191980600357056,-1.6015100479125977,-1.5550962686538696,-1.5065550804138184,0.0,1.0
92160,90,6,156.1452051057281,153.83333333333334,-0.0034414382302202285,42.091338300704955,-0.4077279448509216,0.0017784642113838345,0.0435302734375,0.5990366153419018,84.17407493591308,6.356857776641846,10.517457962036133,69.07557678222656,49.299705505371094,62.71871566772461,44.19715881347656,0.9544872716386763,1.2177355289459229,200.0130615234375,0.7,1.0,0.0,1.0,0.0,0.0,-0.04029997065663338,0.21682389080524445,0.0,0.20196722447872162,0.22637714445590973,0.25354084372520447,-1.60146963596344,-1.5550142526626587,-1.5035115480422974,0.0,1.0
93184,91,9,174.24830092403872,152.33333333333334,-0.0042870112753007564,77.80289239883423,-0.40517180860042573,0.0031883535790257155,0.03349609375,0.5894693415611982,144.474045085907,0.16851723194122314,16.532329559326172,66.53495788574219,48.934627532958984,66.36643981933594,46.53158950805664,0.8858606033412642,1.0178064107894897,295.0392150878906,0.7,1.0,0.0,1.0,0.0,0.0,-0.04581324756145477,0.21669210493564606,0.0,0.20349609851837158,0.22759658098220825,0.2534390091896057,-1.5985342264175415,-1.5526914596557617,-1.5037026405334473,0.0,1.0
94208,92,5,185.12048640502576,159.8,-0.0054995650309138,66.795339012146,-0.39895021766424177,0.004182116195443087,0.045361328125,0.5614007599651814,182.0988305091858,7.59608268737793,14.297967910766602,70.28355407714844,45.06819534301758,62.687469482421875,45.16450500488281,0.8993512674761379,1.2183876037597656,434.91925048828125,0.6,1.0,0.0,1.0,0.0,0.0,-0.034679289907217026,0.21409189701080322,0.0,0.2033606320619583,0.2283472865819931,0.25550442934036255,-1.5987942218780518,-1.5512858629226685,-1.4998282194137573,0.0,1.0
95232,93,6,172.03656636732077,167.16666666666666,-0.004965976183302701,57.19157600402832,-0.3927302539348602,0.005403012249735184,0.050390625,0.5454626977443695,93.60790634155273,1.772247552871704,12.943421363830566,73.26345825195312,52.131683349609375,71.4912109375,46.11555099487305,0.9383554535555059,1.11191987991333,218.5294952392578,0.525,1.0,0.0,1.0,0.0,0.0,-0.05025576055049896,0.21651622653007507,0.0,0.20485587418079376,0.23006011545658112,0.2581932544708252,-1.595924973487854,-1.548047423362732,-1.4947903156280518,0.0,1.0
96256,94,7,171.459959783546,142.85714285714286,-0.004889158083824441,40.85574245452881,-0.38771368339657786,0.005154594092164189,0.043310546875,0.5601551115512848,103.20485129356385,4.811149597167969,11.192112922668457,72.96047973632812,42.656105041503906,68.14933776855469,40.499412536621094,0.9311566875426543,1.0791720151901245,269.5241394042969,0.625,1.0,0.0,1.0,0.0,0.0,-0.04479283094406128,0.2144450694322586,0.0,0.20301248133182526,0.22954411804676056,0.25923293828964233,-1.5994625091552734,-1.5490550994873047,-1.4928441047668457,0.0,1.0
97280,95,7,169.24402764928723,144.14285714285714,-0.004198936885222793,50.89588627815247,-0.38983728885650637,0.005474890297045931,0.0404296875,0.5272412106394768,103.38925209045411,4.218713760375977,11.984594345092773,81.5193099975586,47.32806396484375,77.30059814453125,43.05852508544922,0.9358776974787247,0.892489492893219,260.6622619628906,0.575,1.0,0.0,1.0,0.0,0.0,-0.03879869356751442,0.21706438064575195,0.0,0.2045731097459793,0.22992157936096191,0.2610413730144501,-1.5964674949645996,-1.5483273267745972,-1.4894614219665527,0.0,1.0
98304,96,8,160.48829589772515,147.75,-0.0032315735254087484,88.03515491485595,-0.3853460058569908,0.005563854923821054,0.0353271484375,0.5634547218680381,158.02429056167603,0.3922712802886963,16.786954879760742,73.9188232421875,55.545135498046875,73.52656555175781,47.84054946899414,0.9086619527755637,0.8240996599197388,382.8345642089844,0.625,1.0,0.0,1.0,0.0,0.0,-0.04458871856331825,0.21535469591617584,0.0,0.2040613889694214,0.23098628222942352,0.2645803391933441,-1.5974493026733398,-1.5463294982910156,-1.4828506708145142,0.0,1.0
99328,97,7,172.87916201065588,168.42857142857142,-0.0037325624201912434,47.37695913314819,-0.38282063528895377,0.0047700745213660415,0.0502685546875,0.5476348534226417,135.4909893989563,-0.619882345199585,13.258404731750488,65.8846664428711,53.927852630615234,66.50454711914062,47.958595275878906,0.9395555694690148,1.1184077262878418,394.0174255371094,0.55,1.0,0.0,1.0,0.0,0.0,-0.04423917457461357,0.21570037305355072,0.0,0.20301541686058044,0.2303583025932312,0.26336169242858887,-1.5994569063186646,-1.5475491285324097,-1.4851257801055908,0.0,1.0
100352,98,7,146.53332717799066,132.71428571428572,-0.0030194002902135253,65.3463589668274,-0.3891189120709896,0.005194319851580076,0.025244140625,0.5057724110782147,212.65473709106445,-6.727521896362305,14.64507007598877,67.97691345214844,52.87178039550781,74.70443725585938,48.28115463256836,0.9232753270525836,0.9010921120643616,641.2283935546875,0.425,1.0,0.0,1.0,0.0,0.0,0.0009037458221428096,0.21711771190166473,0.0,0.20261234045028687,0.22924067080020905,0.26286959648132324,-1.6002308130264282,-1.549680233001709,-1.4860448837280273,0.0,1.0
101376,99,7,144.62922476136671,136.85714285714286,-0.0029051249381154775,60.94818296432495,-0.3941724181175232,0.004027075026533567,0.0258056640625,0.515700614452362,213.131014251709,-4.097971439361572,16.408065795898438,71.04368591308594,50.340049743652344,75.14166259765625,46.037872314453125,0.8937601423811,0.9542236328125,581.5903930664062,0.5,1.0,0.0,1.0,0.0,0.0,-0.015011310577392578,0.21642853319644928,0.0,0.20268484950065613,0.22860397398471832,0.2616890072822571,-1.600091576576233,-1.5508384704589844,-1.488250732421875,0.0,1.0
102400,100,5,164.2650385749449,144.8,-0.0047298365272581576,33.36451849937439,-0.3988444708287716,0.003962602821411565,0.0375244140625,0.5629066478461027,84.86479182243347,-0.5051114559173584,11.160473823547363,67.33857727050781,46.168025970458984,67.84368896484375,44.803260803222656,0.9415637007391234,1.0418728590011597,202.921142578125,0.6,1.0,0.0,1.0,0.0,0.0,-0.034688550978899,0.2184469997882843,0.0,0.20240418612957,0.22731739282608032,0.260160356760025,-1.600630521774292,-1.5532912015914917,-1.4911088943481445,0.0,1.0
103424,101,7,173.13193350819978,149.28571428571428,-0.003482706059003249,26.222669196128845,-0.406038635969162,0.002621472543978598,0.0232421875,0.5666009448468685,65.10807957649232,-0.12853524088859558,9.483606338500977,68.70352172851562,47.43975830078125,68.8320541381836,46.386322021484375,0.9600366359118294,1.018958568572998,167.44776916503906,0.6,1.0,0.0,1.0,0.0,0.0,-0.046978872269392014,0.2151665836572647,0.0,0.20212595164775848,0.22623097896575928,0.2588481605052948,-1.6011648178100586,-1.5553627014160156,-1.493564248085022,0.0,1.0
104448,102,8,191.5736368383685,166.875,-0.004257091297768056,49.58952262401581,-0.41014073267579076,0.005140537094848696,0.042919921875,0.5790178887546062,141.99753432273866,4.9503302574157715,14.139864921569824,62.923519134521484,51.705543518066406,57.97319030761719,56.59279251098633,0.9252146967372507,1.1430833339691162,450.9081115722656,0.6,1.0,0.0,1.0,0.0,0.0,-0.02701982855796814,0.21266940236091614,0.0,0.20080707967281342,0.22599470615386963,0.2589678168296814,-1.6036983728408813,-1.5557912588119507,-1.493340253829956,0.0,1.0
105472,103,4,98.28619755752175,127.5,-0.0026820927043445407,67.09965047836303,-0.416475722193718,0.00165487774356734,0.0196044921875,0.48461489863693713,179.21131525039672,1.5892837047576904,16.566747665405273,49.322750091552734,46.08009719848633,47.73346710205078,49.26145553588867,0.8707448566265863,0.8920143246650696,445.2169189453125,0.425,1.0,0.0,1.0,0.0,0.0,-0.011586879380047321,0.21308137476444244,0.0,0.20034873485565186,0.22352109849452972,0.25539055466651917,-1.6045790910720825,-1.5605069398880005,-1.5000417232513428,0.0,1.0
106496,104,7,197.38664545898337,186.71428571428572,-0.0035141408909112213,39.88390409946442,-0.42866349071264265,0.002233338165387977,0.0270751953125,0.5273531906306743,106.1858929157257,1.2666605710983276,12.557427406311035,54.33435821533203,44.54822540283203,53.06769561767578,46.7731819152832,0.9205414736710025,1.2062897682189941,222.58790588378906,0.325,1.0,0.0,1.0,0.0,0.0,-0.01945384591817856,0.21277019381523132,0.0,0.19941142201423645,0.222243532538414,0.2557295262813568,-1.606380820274353,-1.5629490613937378,-1.4994062185287476,0.0,1.0
107520,105,7,174.83361010107092,157.85714285714286,-0.0037154565914534034,55.16670832633972,-0.4330655924975872,0.0040154189133318145,0.0432373046875,0.6215979866683483,144.57313938140868,7.0939226150512695,12.976339340209961,51.20629119873047,48.50135040283203,44.11236572265625,52.225929260253906,0.928419173214918,1.2081185579299927,389.80389404296875,0.75,1.0,0.0,1.0,0.0,0.0,-0.022873327136039734,0.21437107026576996,0.0,0.19985781610012054,0.22200508415699005,0.2558049261569977,-1.605522632598877,-1.5633975267410278,-1.4992648363113403,0.0,1.0
108544,106,6,121.53387015158192,138.16666666666666,-0.004093817726243287,108.10234642028809,-0.43293008133769034,0.006087148924416396,0.035302734375,0.4882151700556278,274.5076728820801,4.262784957885742,20.757123947143555,62.278472900390625,46.38003158569336,58.015689849853516,45.00588607788086,0.7997040107127824,0.9204425811767578,643.8629760742188,0.425,1.0,0.0,1.0,0.0,0.0,-0.03783418610692024,0.2079375684261322,0.0,0.19963358342647552,0.22230024635791779,0.2559208571910858,-1.6059536933898926,-1.5628477334976196,-1.4990475177764893,0.0,1.0
109568,107,7,172.0871871068595,156.85714285714286,-0.002661396225448698,36.11796386241913,-0.4357130162417889,0.002901019107957836,0.014990234375,0.5310401633381844,116.78323965072632,-1.7417681217193604,11.923007011413574,61.704933166503906,46.5894775390625,63.44670867919922,42.01897048950195,0.9345068564617112,1.1986942291259766,289.304931640625,0.475,1.0,0.0,1.0,0.0,0.0,-0.027074584737420082,0.21230174601078033,0.0,0.19687001407146454,0.22062931954860687,0.25596389174461365,-1.6112691164016724,-1.5660184621810913,-1.498966932296753,0.0,1.0
110592,108,8,182.668455370433,165.0,-0.005069141369313001,41.00049252510071,-0.4434014067053795,0.004603631867212243,0.0447021484375,0.6136474087834358,129.68230142593384,7.659096717834473,10.91522216796875,62.8441047668457,45.990966796875,55.18501281738281,44.852088928222656,0.9436725453882102,1.197985291481018,374.3284912109375,0.625,1.0,0.0,1.0,0.0,0.0,-0.02233271859586239,0.21528257429599762,0.0,0.19620373845100403,0.220053568482399,0.2555922865867615,-1.6125515699386597,-1.5671286582946777,-1.4996634721755981,0.0,1.0
111616,109,7,212.29133141487773,160.57142857142858,-0.002236628904938698,94.06115498542786,-0.4450013764202595,0.002053324895678088,0.0119873046875,0.5995871983468533,263.33483467102053,6.475895404815674,18.50186538696289,66.80628967285156,46.57875061035156,60.330387115478516,45.95109176635742,0.8422187586031675,1.2192020416259766,561.5617065429688,0.65,1.0,0.0,1.0,0.0,0.0,-0.02730845846235752,0.21570385992527008,0.0,0.1967770904302597,0.21983842551708221,0.2569892108440399,-1.611448049545288,-1.5675543546676636,-1.4970453977584839,0.0,1.0
112640,110,5,145.48620884794417,136.0,-0.0038425741950049996,36.338193678855895,-0.44871136620640756,0.004048225862788968,0.0384765625,0.5855487421154976,124.88310713768006,-2.1377267837524414,12.87307071685791,71.39315795898438,43.6275634765625,73.5308837890625,40.28911590576172,0.9129352450454878,1.0312886238098145,301.5516357421875,0.6,1.0,0.0,1.0,0.0,0.0,-0.012925046496093273,0.21791459619998932,0.0,0.19586217403411865,0.21863800287246704,0.25550171732902527,-1.6132090091705322,-1.5698636770248413,-1.499833345413208,0.0,1.0
113664,111,8,140.35659139080724,140.625,-0.005211903207236901,37.66420230865479,-0.45540556833148005,0.004637999393162317,0.049658203125,0.5760380916297436,118.56902723312378,-3.6843109130859375,12.28021240234375,67.13648986816406,46.69600296020508,70.82080078125,43.35862731933594,0.930840426127053,1.2081632614135742,358.6753845214844,0.6,1.0,0.0,1.0,0.0,0.0,-0.02249298058450222,0.21407254040241241,0.0,0.19556066393852234,0.21780411899089813,0.25447607040405273,-1.6137895584106445,-1.5714253187179565,-1.5017567873001099,0.0,1.0
114688,112,8,166.70970689725354,143.125,-0.004796919011278078,16.1166142642498,-0.45868580788373947,0.003104931820416823,0.046044921875,0.6437972486019135,64.64356966018677,1.9761632680892944,8.838994979858398,64.8022689819336,42.471622467041016,62.82610321044922,45.261146545410156,0.9566880116500127,1.174935221672058,182.80813598632812,0.75,1.0,0.0,1.0,0.0,0.0,-0.03704887256026268,0.22046035528182983,0.0,0.19327622652053833,0.21737276017665863,0.2565418481826782,-1.618190050125122,-1.5722880363464355,-1.497883677482605,0.0,1.0
115712,113,6,144.77434710537787,137.0,-0.003705974027980119,32.89735722541809,-0.4601836040616035,0.0023339959821896627,0.0301025390625,0.557552284002304,74.72550315856934,0.8477715253829956,10.88868522644043,62.43939971923828,49.24362564086914,61.59162902832031,47.697200775146484,0.9511065239912821,0.9919769763946533,177.12774658203125,0.55,1.0,0.0,1.0,0.0,0.0,-0.032432448118925095,0.2133515179157257,0.0,0.1926962435245514,0.21736837923526764,0.25809699296951294,-1.6193077564239502,-1.5723234415054321,-1.4949705600738525,0.0,1.0
116736,114,7,154.73863492749462,148.14285714285714,-0.002865059889154509,41.95919260978699,-0.45978605896234515,0.003393948939628899,0.0271728515625,0.5342315424233675,133.86149368286132,-1.5844624042510986,12.851178169250488,66.25265502929688,50.93639373779297,67.83711242675781,48.24879455566406,0.9363454514419387,0.8217501640319824,375.79779052734375,0.525,1.0,0.0,1.0,0.0,0.0,-0.06273575127124786,0.21465976536273956,0.0,0.19106751680374146,0.2174985259771347,0.2614821195602417,-1.622448205947876,-1.5721588134765625,-1.4886374473571777,0.0,1.0
117760,115,7,174.2287031197647,146.71428571428572,-0.003545342554571107,28.897084450721742,-0.46299802139401436,0.004356541541346815,0.022802734375,0.5712318874895572,95.08780674934387,-0.2072463035583496,11.161726951599121,69.18224334716797,46.159671783447266,69.38949584960938,46.09492111206055,0.9415294243785667,0.8905461430549622,258.1971740722656,0.625,1.0,0.0,1.0,0.0,0.0,-0.04735391214489937,0.21505098044872284,0.0,0.1872289776802063,0.21603906154632568,0.2622506022453308,-1.629857063293457,-1.574980616569519,-1.48720121383667,0.0,1.0
118784,116,7,172.55872976690617,163.42857142857142,-0.004964837472653016,27.43304386138916,-0.4716722659766674,0.004357322480063886,0.045654296875,0.5876478120684624,80.21711106300354,1.0640528202056885,10.197588920593262,62.88584518432617,50.98899841308594,61.82179260253906,49.95692443847656,0.9600016558771458,1.0904693603515625,188.2096405029297,0.7,1.0,0.0,1.0,0.0,0.0,-0.04994950816035271,0.21640194952487946,0.0,0.1844956874847412,0.21478800475597382,0.262044757604599,-1.635138988494873,-1.5773792266845703,-1.4875857830047607,0.0,1.0
119808,117,5,184.02426170060818,162.4,-0.004747710528317839,20.714594376087188,-0.47635945305228233,0.005552644697309006,0.0442626953125,0.5570723980665206,90.06858248710633,4.908285140991211,8.592556953430176,63.36244201660156,46.13402557373047,58.454158782958984,44.55783462524414,0.9653101775303596,1.0418487787246704,220.5102081298828,0.575,1.0,0.0,1.0,0.0,0.0,-0.036593642085790634,0.21577303111553192,0.0,0.1827666312456131,0.2147122025489807,0.26196426153182983,-1.6384831666946411,-1.5775243043899536,-1.4877362251281738,0.0,1.0
120832,118,7,185.72194077117638,158.71428571428572,-0.005320942308753729,49.36883935928345,-0.47690990641713144,0.0015457824280019849,0.0582763671875,0.5989078372716904,135.16354522705078,1.9065437316894531,13.389275550842285,74.67634582519531,47.980857849121094,72.76980590820312,46.12300491333008,0.9221285771657668,1.255197525024414,318.46722412109375,0.625,1.0,0.0,1.0,0.0,0.0,-0.03887556493282318,0.2149392068386078,0.0,0.18203148245811462,0.21387507021427155,0.26139649748802185,-1.639905571937561,-1.5791181325912476,-1.4887974262237549,0.0,1.0
121856,119,5,172.71634350696596,163.0,-0.003733948414446786,23.345579040050506,-0.4844158224761486,0.002999694537720643,0.0262451171875,0.5913781136274338,98.29695754051208,2.1211228370666504,10.42182731628418,73.1697998046875,48.90800094604492,71.04867553710938,48.795127868652344,0.95459246809603,0.9862706065177917,287.0728759765625,0.65,1.0,0.0,1.0,0.0,0.0,-0.041846901178359985,0.21178537607192993,0.0,0.18135231733322144,0.21272027492523193,0.2595442533493042,-1.6412200927734375,-1.58134925365448,-1.4922616481781006,0.0,1.0
122880,120,8,163.53608461211604,161.25,-0.003501898719696328,53.38961782455444,-0.4891054071485996,0.004667225251614582,0.0417236328125,0.5879713222384453,136.7313440322876,-1.5110249519348145,13.575240135192871,77.32315063476562,59.8364372253418,78.83418273925781,51.88720703125,0.9485288872850527,1.1904009580612183,385.1672058105469,0.675,1.0,0.0,1.0,0.0,0.0,-0.05430222675204277,0.2128499150276184,0.0,0.18113315105438232,0.21221549808979034,0.2599826455116272,-1.6416442394256592,-1.5823073387145996,-1.4914414882659912,0.0,1.0
123904,121,7,146.81696546744075,149.57142857142858,-0.004469131719088182,79.77658286094666,-0.4907528072595596,0.0014125764966593124,0.0404052734375,0.6144646808505059,203.9402897834778,-4.104333877563477,16.981874465942383,68.4196548461914,58.01206588745117,72.52398681640625,51.39148712158203,0.9143091334904433,1.029512882232666,459.5386047363281,0.65,1.0,0.0,1.0,0.0,0.0,-0.058018337935209274,0.21094845235347748,0.0,0.1817023903131485,0.21193993091583252,0.2612135708332062,-1.6405425071716309,-1.5828590393066406,-1.489139437675476,0.0,1.0
124928,122,7,188.88916514549229,158.28571428571428,-0.0033768921275623143,34.452565741539004,-0.49285043999552725,0.0028805133202695287,0.02177734375,0.5909476630389691,88.32104554176331,2.8577892780303955,11.004257202148438,61.92613983154297,48.212642669677734,59.06834411621094,50.81912612915039,0.9479045758253104,1.005064606666565,228.0865478515625,0.65,1.0,0.0,1.0,0.0,0.0,-0.07078582048416138,0.21398477256298065,0.0,0.18168939650058746,0.21147508919239044,0.26034459471702576,-1.6405675411224365,-1.5837584733963013,-1.4907643795013428,0.0,1.0
125952,123,7,151.79494340152377,138.57142857142858,-0.0038662960985675456,55.22701692581177,-0.4966418780386448,0.004401656796108,0.0347412109375,0.5836124081164599,181.47507104873657,-4.3517255783081055,14.661222457885742,65.1932373046875,55.20600509643555,69.54496002197266,54.23750305175781,0.9294710038864399,1.0407638549804688,532.714111328125,0.575,1.0,0.0,1.0,0.0,0.0,-0.0733816921710968,0.21405991911888123,0.0,0.1818472146987915,0.2105627804994583,0.25844037532806396,-1.6402621269226074,-1.5854496955871582,-1.4943275451660156,0.0,1.0
126976,124,6,189.81009944258358,156.33333333333334,-0.0018334944848902523,103.02378392219543,-0.5037650026381015,0.0028222676264704205,0.00986328125,0.5621341414749622,390.83961629867554,5.609135627746582,24.749374389648438,61.515663146972656,50.222774505615234,55.906524658203125,63.899574279785156,0.7571561919141276,0.9512373805046082,1401.8419189453125,0.625,1.0,0.0,1.0,0.0,0.0,-0.06795572489500046,0.21484801173210144,0.0,0.18301144242286682,0.20898385345935822,0.2551969885826111,-1.6380095481872559,-1.588457703590393,-1.500404715538025,0.0,1.0
128000,125,8,140.64678682182574,140.625,-0.0031654417514801027,40.24340574741363,-0.513859486579895,0.002078121979138814,0.03330078125,0.6586633529514074,119.55024461746216,-1.842785120010376,12.845651626586914,68.38330841064453,47.870811462402344,70.2260971069336,44.1621208190918,0.9279936572776359,1.4826899766921997,293.14520263671875,0.675,1.0,0.0,1.0,0.0,0.0,-0.07438477128744125,0.21175368130207062,0.0,0.1814165860414505,0.20713718235492706,0.25394129753112793,-1.6410956382751465,-1.5920017957687378,-1.5027601718902588,0.0,1.0
129024,126,5,165.88473773618927,165.4,-0.005971438431879505,29.85460410118103,-0.5240411385893822,0.005876707346760668,0.053271484375,0.6393088735640049,114.40878415107727,1.8208215236663818,11.194442749023438,50.80207061767578,46.695430755615234,48.98124694824219,46.94426727294922,0.942528019085923,1.0945414304733276,316.4242858886719,0.75,1.0,0.0,1.0,0.0,0.0,-0.05143275484442711,0.2173997163772583,0.0,0.17727673053741455,0.2053474336862564,0.2548925280570984,-1.6491146087646484,-1.595481038093567,-1.5009756088256836,0.0,1.0
130048,127,7,151.88109178410556,150.28571428571428,-0.0028401288378518074,33.025499486923216,-0.5351690873503685,0.0016460357772302813,0.0263916015625,0.6047989148646593,131.09499974250792,1.756623387336731,12.40261459350586,61.09461975097656,49.22297286987305,59.33799743652344,47.90558624267578,0.9365121169988703,1.115286946296692,328.388671875,0.7,1.0,0.0,1.0,0.0,0.0,-0.07891098409891129,0.21391288936138153,0.0,0.17399129271507263,0.20331476628780365,0.2524518370628357,-1.6554869413375854,-1.599365234375,-1.5055558681488037,0.0,1.0
131072,128,7,175.1148726144569,145.42857142857142,-0.002183130127377808,16.714255857467652,-0.5427718028426171,0.001194535345712211,0.0183349609375,0.547782626748085,63.418401432037356,-0.6451643705368042,8.148963928222656,75.33222961425781,45.853355407714844,75.9773941040039,44.93444061279297,0.9684163359855003,0.8664060235023499,173.8120574951172,0.525,1.0,0.0,1.0,0.0,0.0,-0.05907238647341728,0.2113521844148636,0.0,0.17297129333019257,0.20305027067661285,0.25175854563713074,-1.6574666500091553,-1.5998578071594238,-1.506857991218567,0.0,1.0
132096,129,8,154.9760850186392,154.25,-0.0032533515593968334,32.39612736701965,-0.5421689108014107,0.00466415295668412,0.031884765625,0.5317633114755154,108.29221911430359,-2.6684813499450684,11.48228645324707,47.354949951171875,49.494232177734375,50.0234375,49.582252502441406,0.946179536397622,0.9152505993843079,245.44105529785156,0.575,1.0,0.0,1.0,0.0,0.0,-0.08177373558282852,0.20557484030723572,0.0,0.1744183748960495,0.20320846140384674,0.25120165944099426,-1.6546580791473389,-1.5995343923568726,-1.5079041719436646,0.0,1.0
133120,130,6,123.77438810536825,117.66666666666667,-0.005150825739838183,15.436612963676453,-0.540263631939888,0.006092670993530192,0.0518310546875,0.6005638476461173,68.82143127918243,-0.372316837310791,8.544278144836426,63.76622009277344,41.990482330322266,64.13853454589844,43.376304626464844,0.9585953585240965,1.037926197052002,160.22836303710938,0.65,1.0,0.0,1.0,0.0,0.0,-0.07648658007383347,0.21135194599628448,0.0,0.17527709901332855,0.20383048057556152,0.25261130928993225,-1.6529921293258667,-1.5983753204345703,-1.5052564144134521,0.0,1.0
134144,131,8,149.5343248193117,154.0,-0.0035773739509750158,40.58552219867706,-0.5385939449071884,0.0062038897202000955,0.042138671875,0.5268995475023985,105.76050353050232,-0.1390392780303955,12.460600852966309,54.67848587036133,50.811580657958984,54.817527770996094,50.94144821166992,0.9398615160647087,1.0696687698364258,238.03085327148438,0.575,1.0,0.0,1.0,0.0,0.0,-0.09701240807771683,0.2087203562259674,0.0,0.17482732236385345,0.20347560942173004,0.25394508242607117,-1.6538646221160889,-1.599089503288269,-1.5027530193328857,0.0,1.0
135168,132,8,164.07676116157288,135.5,-0.004151888587512076,17.039050257205965,-0.5447102695703506,0.0044551653700182214,0.0367431640625,0.586842155456543,61.576516723632814,1.6299165487289429,8.332779884338379,69.53433990478516,46.66105270385742,67.9044189453125,47.224117279052734,0.9681088015209802,1.185149073600769,154.9545135498047,0.6,1.0,0.0,1.0,0.0,0.0,-0.08600058406591415,0.2116197645664215,0.0,0.17121069133281708,0.20173992216587067,0.25297918915748596,-1.6608856916427612,-1.6024399995803833,-1.5045658349990845,0.0,1.0
136192,133,8,160.16011553088117,145.25,-0.0055970641318708655,29.936263656616212,-0.5484746024012566,0.006026204030786175,0.0477783203125,0.6772510677576065,93.88347082138061,-0.032006412744522095,10.906235694885254,62.71078872680664,49.91691970825195,62.7427978515625,46.91086196899414,0.9522630939415393,1.2860735654830933,218.8393096923828,0.7,1.0,0.0,1.0,0.0,0.0,-0.09127555042505264,0.21067143976688385,0.0,0.17125940322875977,0.2030165195465088,0.25404906272888184,-1.660791039466858,-1.5999869108200073,-1.5025578737258911,0.0,1.0
137216,134,6,180.44301648490054,149.33333333333334,-0.004713647731114179,16.649769294261933,-0.5408927127718925,0.005153487120696809,0.03447265625,0.6031816713511944,108.44490003585815,4.10116720199585,8.806230545043945,67.513671875,45.321510314941406,63.412506103515625,47.75812911987305,0.9622452764165158,1.1174993515014648,357.0477600097656,0.8,1.0,0.0,1.0,0.0,0.0,-0.08192940056324005,0.21102802455425262,0.0,0.17142295837402344,0.20350496470928192,0.2545965909957886,-1.660473346710205,-1.5990500450134277,-1.5015307664871216,0.0,1.0
138240,135,7,176.66857132607294,157.71428571428572,-0.0035787713073659687,45.264738178253175,-0.5408600240945816,0.005841002806846518,0.02802734375,0.6127444386482239,114.15136232376099,0.9436936378479004,13.441374778747559,57.26800537109375,46.338417053222656,56.32431411743164,52.081356048583984,0.9158595310073705,1.0081335306167603,244.49537658691406,0.725,1.0,0.0,1.0,0.0,0.0,-0.0682053193449974,0.21375326812267303,0.0,0.1704963892698288,0.20311874151229858,0.25510531663894653,-1.6622734069824219,-1.5998152494430542,-1.5005766153335571,0.0,1.0
139264,136,7,142.29776690873493,135.0,-0.0025060201063752175,24.346648454666138,-0.5448905065655708,0.002808634619577788,0.0142578125,0.618714639544487,70.3004907131195,1.8919265270233154,9.681448936462402,65.65730285644531,45.625972747802734,63.765380859375,42.944454193115234,0.9549747110980271,1.1483820676803589,150.66598510742188,0.725,1.0,0.0,1.0,0.0,0.0,-0.06416264176368713,0.21495549380779266,0.0,0.1678600162267685,0.2023930698633194,0.25614219903945923,-1.6673979759216309,-1.6012330055236816,-1.4986326694488525,0.0,1.0
140288,137,8,151.83559129412401,142.625,-0.004007885046303272,39.65829033851624,-0.5492684632539749,0.003497710227384232,0.031787109375,0.5934795252978802,115.16960506439209,-1.6604379415512085,12.216352462768555,66.40937042236328,50.8355827331543,68.06980895996094,50.72929382324219,0.942250593670671,1.282452940940857,275.7511291503906,0.625,1.0,0.0,1.0,0.0,0.0,-0.07998824119567871,0.21121110022068024,0.0,0.1659456342458725,0.20153062045574188,0.2563692033290863,-1.6711220741271973,-1.6029127836227417,-1.4982072114944458,0.0,1.0
141312,138,5,130.9018549956939,125.0,-0.005135812767548487,33.0574383020401,-0.5516267165541648,0.005343846521282103,0.0575927734375,0.5859811563044787,108.29389433860779,-1.8190196752548218,11.247671127319336,57.10911560058594,44.05915451049805,58.928138732910156,42.08658981323242,0.9348292189114091,1.3143306970596313,236.75396728515625,0.625,1.0,0.0,1.0,0.0,0.0,-0.09384230524301529,0.21271127462387085,0.0,0.16758349537849426,0.2019042819738388,0.25650477409362793,-1.667935848236084,-1.6021946668624878,-1.497953176498413,0.0,1.0
142336,139,8,163.28782127434465,143.0,-0.0046014012885279955,25.4870437502861,-0.5500242426991463,0.002086641085043084,0.0231201171875,0.5468734294176102,110.839670419693,1.635847568511963,11.090828895568848,64.94117736816406,44.67229080200195,63.30532455444336,48.34772872924805,0.9383615702772197,0.9832077622413635,286.9762878417969,0.575,1.0,0.0,1.0,0.0,0.0,-0.0812239795923233,0.20942029356956482,0.0,0.16888904571533203,0.20149950683116913,0.2557305097579956,-1.6653971672058105,-1.6029433012008667,-1.4994044303894043,0.0,1.0
143360,140,8,161.16664627931746,147.625,-0.003736742143519223,24.67153490781784,-0.5524817481637001,0.0028319558186922222,0.0221923828125,0.563598170131445,96.70449151992798,2.474018096923828,10.696769714355469,62.24872589111328,50.180198669433594,59.77470397949219,53.26678466796875,0.954559760632943,0.8838949203491211,234.4108428955078,0.675,1.0,0.0,1.0,0.0,0.0,-0.058869972825050354,0.2179306298494339,0.0,0.16825026273727417,0.20132820308208466,0.2552501857280731,-1.6666390895843506,-1.603292465209961,-1.500304937362671,0.0,1.0
144384,141,8,167.94731422787936,144.0,-0.004988528700778261,23.86143081188202,-0.5582755669951439,0.0044575106250704264,0.0319091796875,0.6215687617659569,79.88617048263549,1.6296268701553345,9.749382972717285,58.62192916870117,48.15146255493164,56.99230194091797,48.443458557128906,0.9590045882697027,1.210462212562561,162.2682342529297,0.65,1.0,0.0,1.0,0.0,0.0,-0.099453866481781,0.21326793730258942,0.0,0.16507019102573395,0.19908206164836884,0.25398242473602295,-1.672825813293457,-1.6076172590255737,-1.5026829242706299,0.0,1.0
145408,142,9,153.34613357858763,131.22222222222223,-0.004373159585520625,22.48260066509247,-0.569321696460247,0.0034351669906754977,0.02587890625,0.5560378357768059,88.44285678863525,0.6797556281089783,10.020440101623535,67.30426025390625,40.359413146972656,66.62450408935547,39.370670318603516,0.9383569771325816,1.4316010475158691,211.9633331298828,0.575,1.0,0.0,1.0,0.0,0.0,-0.09375166893005371,0.20744292438030243,0.0,0.16770078241825104,0.19821612536907196,0.250449538230896,-1.6677076816558838,-1.6092109680175781,-1.5093176364898682,0.0,1.0
146432,143,6,123.7639911667573,120.66666666666667,-0.003961073682876304,43.28160128593445,-0.572775611281395,0.0035362760900170542,0.0363525390625,0.6328286610543727,114.31494083404542,-2.3213906288146973,12.382787704467773,67.54148864746094,45.28671646118164,69.86287689208984,40.58653259277344,0.9252355375431723,1.3886563777923584,287.1252746582031,0.65,1.0,0.0,1.0,0.0,0.0,-0.10414707660675049,0.21077649295330048,0.0,0.1687544286251068,0.197543665766716,0.24725893139839172,-1.665658950805664,-1.6104507446289062,-1.5153193473815918,0.0,1.0
147456,144,7,158.87303370253522,129.85714285714286,-0.002726371050812304,15.32586366534233,-0.5811073258519173,0.0024929342369432563,0.0205078125,0.6258269518613815,66.17687776088715,-0.48579373955726624,8.363798141479492,72.36451721191406,44.22368240356445,72.85031127929688,45.53265380859375,0.9642317893801338,1.1312834024429321,145.85406494140625,0.675,1.0,0.0,1.0,0.0,0.0,-0.10548899322748184,0.20977765321731567,0.0,0.16629938781261444,0.19489865005016327,0.2451372742652893,-1.670433759689331,-1.6155643463134766,-1.5193156003952026,0.0,1.0
148480,145,9,133.7917749079135,131.11111111111111,-0.0038841623230837286,38.43253130912781,-0.5928224816918373,0.005312269045680296,0.0379638671875,0.6579976312816143,139.736865234375,-3.9267663955688477,12.236431121826172,66.09416198730469,50.908260345458984,70.02093505859375,48.41286849975586,0.9422259272807295,1.3148771524429321,321.5288391113281,0.725,1.0,0.0,1.0,0.0,0.0,-0.0999976322054863,0.21038049459457397,0.0,0.16606009006500244,0.1942877173423767,0.2451249361038208,-1.6708993911743164,-1.6167374849319458,-1.519338846206665,0.0,1.0
149504,146,7,174.52967724868813,141.0,-0.004394833499100059,21.232573741674422,-0.5976632982492447,0.005742349548381753,0.0432373046875,0.6216645017266273,140.84230093955995,3.1200637817382812,10.585838317871094,54.685890197753906,42.73500442504883,51.565826416015625,49.784027099609375,0.9386403363971985,1.1458539962768555,397.2444152832031,0.725,1.0,0.0,1.0,0.0,0.0,-0.11513939499855042,0.2144245058298111,0.0,0.16481198370456696,0.19243115186691284,0.24369485676288605,-1.6733285188674927,-1.620315432548523,-1.5220346450805664,0.0,1.0
150528,147,7,133.68304921204088,121.85714285714286,-0.0034133043838664888,31.34978393316269,-0.6050163537263871,0.0031649157375795768,0.0269775390625,0.5584787704050541,120.39872155189514,-3.455974817276001,11.283276557922363,53.42943572998047,44.16408920288086,56.885406494140625,43.898216247558594,0.9347272547092791,0.791883647441864,314.7685546875,0.75,1.0,0.0,1.0,0.0,0.0,-0.06702082604169846,0.2165493369102478,0.0,0.16390377283096313,0.19257201254367828,0.24333330988883972,-1.6750967502593994,-1.6200498342514038,-1.5227165222167969,0.0,1.0
151552,148,8,137.83828199279287,134.875,-0.0022063235635869207,12.016271418333053,-0.6029495239257813,0.005659318580001127,0.0322265625,0.6928803414106369,64.55932159423828,2.250986337661743,7.977685451507568,64.33030700683594,44.058753967285156,62.079322814941406,46.16584777832031,0.9672139273558807,1.1994884014129639,171.95108032226562,0.8,1.0,0.0,1.0,0.0,0.0,-0.06489242613315582,0.2069949358701706,0.0,0.16196519136428833,0.1924360990524292,0.2428836226463318,-1.6788727045059204,-1.6202951669692993,-1.5235648155212402,0.0,1.0
152576,149,7,181.3538396039656,157.42857142857142,-0.0045379937218967825,20.16204904317856,-0.6022914364933968,0.001980048343830276,0.03486328125,0.6802388019859791,98.80637168884277,4.065082550048828,9.149028778076172,60.78661346435547,47.163883209228516,56.72153091430664,51.011531829833984,0.962370288150873,1.4426652193069458,260.3319396972656,0.825,1.0,0.0,1.0,0.0,0.0,-0.07286109775304794,0.2173108458518982,0.0,0.16277222335338593,0.19311527907848358,0.244658425450325,-1.6773004531860352,-1.6190108060836792,-1.520218014717102,0.0,1.0
153600,150,9,136.3304412394594,128.0,-0.005650079221231863,25.423444187641145,-0.5996239304542541,0.004727997876761947,0.0362060546875,0.5951512642204762,124.65885100364684,-4.479238510131836,10.619232177734375,60.25155258178711,45.6109733581543,64.73078155517578,43.59408950805664,0.9457939760553331,1.088165283203125,356.5205383300781,0.575,1.0,0.0,1.0,0.0,0.0,-0.08112620562314987,0.2101081907749176,0.0,0.16282176971435547,0.19335071742534637,0.24525749683380127,-1.6772040128707886,-1.6185851097106934,-1.5190889835357666,0.0,1.0
154624,151,6,148.7690472016155,131.83333333333334,-0.0035027526901103556,10.627418982982636,-0.5986467152833939,0.002489087074354757,0.0202392578125,0.6413659427314997,56.85440673828125,1.024865746498108,7.355306625366211,57.8218994140625,44.16386032104492,56.797035217285156,47.442073822021484,0.9722624880914839,1.1595486402511597,155.01060485839844,0.7,1.0,0.0,1.0,0.0,0.0,-0.08041739463806152,0.21216613054275513,0.0,0.1634046584367752,0.19320373237133026,0.243381068110466,-1.676068663597107,-1.6188009977340698,-1.522626519203186,0.0,1.0
155648,152,10,138.60598607947492,128.9,-0.00465598237933591,49.07567994594574,-0.601619403064251,0.004846249750698917,0.0304931640625,0.5849788308143615,138.17216730117798,-4.386467456817627,13.250873565673828,53.48970031738281,44.830955505371094,57.87617111206055,44.3802375793457,0.9126358907426635,1.3249324560165405,328.3380126953125,0.725,1.0,0.0,1.0,0.0,0.0,-0.08115772157907486,0.21132084727287292,0.0,0.1630409210920334,0.19257377088069916,0.24125936627388,-1.6767771244049072,-1.6200014352798462,-1.526630163192749,0.0,1.0
156672,153,6,150.35151760650126,129.66666666666666,-0.0023870049160905184,5.7843421086668965,-0.6009763851761818,0.002358472593186889,0.015185546875,0.5822038739919663,44.6464682340622,-1.0959111452102661,5.6147942543029785,60.515220642089844,39.60565948486328,61.61113357543945,42.365623474121094,0.9799019862106509,0.8893561363220215,130.91822814941406,0.7,1.0,0.0,1.0,0.0,0.0,-0.08874235302209854,0.21276165544986725,0.0,0.1646929532289505,0.19346703588962555,0.24146665632724762,-1.6735601425170898,-1.618277907371521,-1.5262387990951538,0.0,1.0
157696,154,8,128.91680501160425,139.25,-0.004282532242359594,31.457074606418608,-0.5975967928767204,0.002327674606931396,0.0271240234375,0.5770232789218426,109.824622631073,1.9485950469970703,11.876708030700684,61.91020965576172,52.48506546020508,59.96161651611328,50.43528747558594,0.948794029287325,1.2575864791870117,235.14154052734375,0.65,1.0,0.0,1.0,0.0,0.0,-0.07691729813814163,0.21553805470466614,0.0,0.16586215794086456,0.19341236352920532,0.24223372340202332,-1.671284556388855,-1.618385910987854,-1.5247910022735596,0.0,1.0
158720,155,7,168.729707752285,142.57142857142858,-0.005318389262538403,23.728684002161025,-0.5986186534166336,0.003440367346047424,0.040185546875,0.6646239690482616,113.53652811050415,3.4733476638793945,10.287332534790039,59.542236328125,47.31962585449219,56.06888961791992,50.75747299194336,0.9527368191916744,0.9718111753463745,282.569580078125,0.775,1.0,0.0,1.0,0.0,0.0,-0.06405509263277054,0.21599096059799194,0.0,0.16610710322856903,0.193325936794281,0.24049855768680573,-1.6708078384399414,-1.6185245513916016,-1.5280667543411255,0.0,1.0
159744,156,8,172.1253315906373,150.125,-0.003899578610435128,35.60015630722046,-0.5989807367324829,0.002715945641102735,0.0367919921875,0.6239357359707356,124.92093405723571,3.41818904876709,12.72036361694336,68.16880798339844,48.217994689941406,64.7506103515625,50.493656158447266,0.9304045660580748,1.3953022956848145,301.8382873535156,0.7,1.0,0.0,1.0,0.0,0.0,-0.0719742551445961,0.2124599814414978,0.0,0.16573645174503326,0.19318825006484985,0.23855635523796082,-1.6715291738510132,-1.618773102760315,-1.5317366123199463,0.0,1.0
160768,157,5,147.55534498133557,138.6,-0.005202688986901194,17.464261627197267,-0.5993379443883896,0.005199348890164402,0.0404052734375,0.6326731458306313,76.03961615562439,1.3906326293945312,9.218950271606445,59.465538024902344,44.78742599487305,58.07490539550781,43.758522033691406,0.9576307640642535,1.0967620611190796,194.81314086914062,0.75,1.0,0.0,1.0,0.0,0.0,-0.0720076933503151,0.21825635433197021,0.0,0.1650191694498062,0.19352199137210846,0.24000835418701172,-1.6729252338409424,-1.6181381940841675,-1.5289926528930664,0.0,1.0
161792,158,8,157.7754729206394,144.625,-0.0025860465539153665,58.50080471038818,-0.5931346520781517,0.0019987239735201,0.0194091796875,0.6384460560977459,161.19367628097535,-1.5140650272369385,15.722532272338867,66.00230407714844,47.45904541015625,67.51636505126953,47.89236068725586,0.8902493826119373,1.0826363563537598,345.65985107421875,0.8,1.0,0.0,1.0,0.0,0.0,-0.05082464590668678,0.22174257040023804,0.0,0.1664135754108429,0.19514767825603485,0.24242419004440308,-1.6702115535736084,-1.6150323152542114,-1.524431586265564,0.0,1.0
162816,159,6,156.10589003891053,140.33333333333334,-0.0031233484391123057,17.778119146823883,-0.5855127096176147,0.003134435809624847,0.01806640625,0.6301854021847249,68.53585171699524,1.0672380924224854,8.908304214477539,60.850589752197266,45.15264892578125,59.78335189819336,42.52879333496094,0.9610754534450455,0.9401568174362183,184.92214965820312,0.65,1.0,0.0,1.0,0.0,0.0,-0.050515443086624146,0.21764850616455078,0.0,0.1689840704202652,0.1960465908050537,0.24199745059013367,-1.6652125120162964,-1.6132558584213257,-1.525236964225769,0.0,1.0
163840,160,8,172.25823930436843,170.125,-0.005366520589450374,31.525874757766722,-0.5845602467656136,0.004296218893432524,0.0467529296875,0.6641005389392376,118.10274858474732,7.607148170471191,8.826672554016113,61.27439880371094,55.63652420043945,53.6672477722168,56.30263900756836,0.9748305322488526,1.0079678297042847,318.1670837402344,0.8,1.0,0.0,1.0,0.0,0.0,-0.0690295547246933,0.21599261462688446,0.0,0.17087233066558838,0.19517630338668823,0.24064554274082184,-1.6615428924560547,-1.614931583404541,-1.5277892351150513,0.0,1.0
164864,161,7,182.91482051919246,146.0,-0.003366138186538592,45.790225219726565,-0.5901323199272156,0.002196320059010759,0.033984375,0.5440535839647055,185.35204067230225,3.9323201179504395,14.308242797851562,65.62600708007812,47.55710220336914,61.69368362426758,48.69111251831055,0.9094805745550208,1.0228840112686157,471.3774108886719,0.575,1.0,0.0,1.0,0.0,0.0,-0.08557649701833725,0.2173946052789688,0.0,0.1698932647705078,0.19458670914173126,0.24085663259029388,-1.6634453535079956,-1.6160658597946167,-1.5273905992507935,0.0,1.0
165888,162,7,160.39286606814926,137.0,-0.00423535022418946,29.17370855808258,-0.5907982811331749,0.003134857142867986,0.0336669921875,0.5461394287645817,153.16589941978455,-4.246325969696045,10.519407272338867,62.36958312988281,46.99085235595703,66.61590576171875,48.27293014526367,0.9498863578828746,0.9031186103820801,418.7362060546875,0.625,1.0,0.0,1.0,0.0,0.0,-0.07635878771543503,0.2168624997138977,0.0,0.1693110316991806,0.19466811418533325,0.24298696219921112,-1.6645768880844116,-1.6159462928771973,-1.5233697891235352,0.0,1.0
166912,163,8,144.90659465342128,140.0,-0.00689920517615974,57.71293077468872,-0.5911270692944527,0.0038211537452298217,0.056591796875,0.6526222787797451,184.49507732391356,-2.814521312713623,15.218478202819824,74.35469055175781,56.63768768310547,77.1692123413086,53.44998550415039,0.9278009625697325,1.451409101486206,496.388671875,0.8,1.0,0.0,1.0,0.0,0.0,-0.06997311115264893,0.22010478377342224,0.0,0.16814057528972626,0.19476908445358276,0.24414889514446259,-1.6668524742126465,-1.6157900094985962,-1.5211786031723022,0.0,1.0
167936,164,6,170.68852173038226,151.66666666666666,-0.00463230314780958,18.056575107574464,-0.5906396210193634,0.004943176229426171,0.0445068359375,0.6191491186618805,103.93389911651612,-2.02462100982666,9.228669166564941,64.61727905273438,48.821754455566406,66.64189147949219,48.60509490966797,0.9642684924507806,0.9711165428161621,284.1966552734375,0.725,1.0,0.0,1.0,0.0,0.0,-0.06972428411245346,0.22641205787658691,0.0,0.16924521327018738,0.1947084218263626,0.24142320454120636,-1.6647047996520996,-1.6158567667007446,-1.5263208150863647,0.0,1.0
168960,165,8,155.2464015490704,138.375,-0.0034751199651509523,31.247471976280213,-0.5946504682302475,0.0027030865545384585,0.0226806640625,0.564561364799738,99.6270770072937,-2.298611640930176,10.856915473937988,65.43153381347656,44.931400299072266,67.73014831542969,44.615257263183594,0.9416134309105112,1.2642431259155273,236.68710327148438,0.55,1.0,0.0,1.0,0.0,0.0,-0.07269521802663803,0.21855929493904114,0.0,0.16803546249866486,0.19314362108707428,0.2389548122882843,-1.6670567989349365,-1.6188467741012573,-1.5309834480285645,0.0,1.0
169984,166,7,162.7765355732851,146.71428571428572,-0.004328404436819255,14.143211942911147,-0.6058109238743782,0.0010836503686732612,0.0312255859375,0.6357474535703659,55.4569833278656,1.4787917137145996,8.040359497070312,62.77354431152344,47.46561050415039,61.29475021362305,48.34444808959961,0.9713058898164764,1.5195523500442505,161.30764770507812,0.675,1.0,0.0,1.0,0.0,0.0,-0.06896292418241501,0.22096353769302368,0.0,0.1649552285671234,0.19064538180828094,0.2377830296754837,-1.6730496883392334,-1.6236799955368042,-1.5331987142562866,0.0,1.0
171008,167,8,134.74270779633713,120.25,-0.0032849182258360087,38.86275460720062,-0.6191485971212387,0.004074960931029636,0.03837890625,0.6098025355488061,139.0122223854065,-6.373425006866455,11.084447860717773,65.1748046875,48.6357536315918,71.54823303222656,46.59515380859375,0.9480582201273744,1.2884072065353394,350.623291015625,0.575,1.0,0.0,1.0,0.0,0.0,-0.06219152733683586,0.21602262556552887,0.0,0.16467079520225525,0.1892162561416626,0.2343023419380188,-1.6736032962799072,-1.6263855695724487,-1.5397862195968628,0.0,1.0
172032,168,7,147.93980581975947,144.85714285714286,-0.004621685756137595,21.50810271501541,-0.6258750885725022,0.004122841918433551,0.0372802734375,0.6142171338200569,76.48279771804809,2.115560293197632,9.131522178649902,58.784034729003906,51.53632736206055,56.66847229003906,52.11076736450195,0.9686050732670777,1.0804916620254517,196.49493408203125,0.725,1.0,0.0,1.0,0.0,0.0,-0.07230604439973831,0.21989762783050537,0.0,0.1638573408126831,0.1879865676164627,0.23373210430145264,-1.675187110900879,-1.6287903785705566,-1.5408663749694824,0.0,1.0
173056,169,8,149.02493518081857,128.25,-0.004355732130352408,12.631521844863892,-0.633951473236084,0.0027545877106604165,0.03740234375,0.6273696050047874,66.20546336174012,-3.52205228805542,6.946237564086914,54.342384338378906,43.62565612792969,57.86444091796875,42.103092193603516,0.9746478206743555,1.3464908599853516,197.0008087158203,0.6,1.0,0.0,1.0,0.0,0.0,-0.07379322499036789,0.2160191535949707,0.0,0.16165904700756073,0.18633167445659637,0.23310869932174683,-1.6794692277908325,-1.631988525390625,-1.5420477390289307,0.0,1.0
174080,170,7,129.37350403716366,129.71428571428572,-0.004388904187362641,34.974245476722714,-0.6417471751570701,0.003994533675722778,0.036767578125,0.6246505826711655,118.42977480888366,-2.4490935802459717,11.985107421875,64.24075317382812,51.319923400878906,66.6898422241211,52.39179992675781,0.9454603992663122,1.061511754989624,278.8284912109375,0.7,1.0,0.0,1.0,0.0,0.0,-0.06734760850667953,0.20977498590946198,0.0,0.1621347814798355,0.18545852601528168,0.2298315018415451,-1.6785423755645752,-1.633649230003357,-1.5482630729675293,0.0,1.0
175104,171,9,142.16354077301034,142.22222222222223,-0.0042414279072545465,39.80557668209076,-0.6447856083512307,0.005650745837192517,0.03466796875,0.5359881781041622,159.9587205886841,1.3082042932510376,13.735418319702148,48.54087829589844,42.673789978027344,47.23267364501953,41.490970611572266,0.8963996134287275,1.0141733884811401,446.5618896484375,0.6,1.0,0.0,1.0,0.0,0.0,-0.07701432704925537,0.2201225310564041,0.0,0.1623399257659912,0.18541841208934784,0.22996900975704193,-1.6781426668167114,-1.6337265968322754,-1.5480021238327026,0.0,1.0
176128,172,5,143.5910063779203,130.4,-0.004031595203559846,17.778443622589112,-0.6427082508802414,0.0022070401537348516,0.027099609375,0.5766711249947548,91.12028322219848,5.026434898376465,8.052071571350098,66.83428192138672,47.89332580566406,61.80784606933594,49.089473724365234,0.9717339383181302,1.029126524925232,277.40948486328125,0.6,1.0,0.0,1.0,0.0,0.0,-0.08295457810163498,0.21389436721801758,0.0,0.16244693100452423,0.18603341281414032,0.23036958277225494,-1.677934169769287,-1.6325372457504272,-1.5472419261932373,0.0,1.0
177152,173,9,162.71818239658725,151.0,-0.005112524540163576,27.29148609638214,-0.6410893201828003,0.005365464353235439,0.0497314453125,0.6321738719940185,140.56783876419067,0.5464544296264648,11.091718673706055,63.745521545410156,48.19871139526367,63.199066162109375,45.22425842285156,0.9470425801926717,1.0161787271499634,387.4131164550781,0.75,1.0,0.0,1.0,0.0,0.0,-0.07654208689928055,0.22114354372024536,0.0,0.1623820662498474,0.18598979711532593,0.23029319941997528,-1.678060531616211,-1.632609248161316,-1.547386884689331,0.0,1.0
178176,174,7,129.8339529364978,136.42857142857142,-0.004181225725915283,30.66366591453552,-0.6405533969402313,0.005092729373427573,0.03876953125,0.628587894141674,170.45701999664306,-4.455887794494629,12.051864624023438,52.331275939941406,53.15707015991211,56.787166595458984,50.32741165161133,0.9485972449632661,1.0495290756225586,490.9474182128906,0.675,1.0,0.0,1.0,0.0,0.0,-0.08636162430047989,0.22366638481616974,0.0,0.16191703081130981,0.18624502420425415,0.22941920161247253,-1.6789665222167969,-1.6320990324020386,-1.5490456819534302,0.0,1.0
179200,175,7,173.14567071997246,149.57142857142858,-0.004300724517088383,22.06836713552475,-0.6397927388548851,0.005600854087970219,0.037255859375,0.6689094580709934,132.20267276763917,0.764562726020813,10.819042205810547,74.67591857910156,47.889774322509766,73.91134643554688,52.05375671386719,0.9489621903873228,1.4176266193389893,334.3375549316406,0.775,1.0,0.0,1.0,0.0,0.0,-0.08557365089654922,0.2179698646068573,0.0,0.16157934069633484,0.18592627346515656,0.23065172135829926,-1.6796245574951172,-1.6327323913574219,-1.5467066764831543,0.0,1.0
180224,176,6,160.02044338376132,147.83333333333334,-0.0046797716990113255,71.56505370140076,-0.6406264394521713,0.0033217883770703337,0.0510498046875,0.5628136709332466,181.9718903541565,-2.0516202449798584,16.118877410888672,58.9946403503418,47.45026779174805,61.0462646484375,49.53010177612305,0.8846035893926522,0.9407045841217041,370.0672607421875,0.6,1.0,0.0,1.0,0.0,0.0,-0.08939679712057114,0.20984631776809692,0.0,0.16216108202934265,0.18636751174926758,0.23267482221126556,-1.6784911155700684,-1.631909728050232,-1.542870044708252,0.0,1.0
181248,177,6,144.22830606934738,138.5,-0.0036143089644610884,33.493643128871916,-0.637434397637844,0.004679419539752416,0.0382080078125,0.653968021273613,151.54949541091918,-0.1582687497138977,12.618819236755371,49.92936706542969,42.05046463012695,50.08763122558594,44.80382537841797,0.909947485901087,1.5363868474960327,389.8231201171875,0.575,1.0,0.0,1.0,0.0,0.0,-0.07532647252082825,0.2150171399116516,0.0,0.16278943419456482,0.18689405918121338,0.23437683284282684,-1.6772669553756714,-1.6309294700622559,-1.5396450757980347,0.0,1.0
182272,178,8,152.0976825175444,144.875,-0.0035786904976703227,40.049051630496976,-0.6354256793856621,0.004645473847631365,0.023291015625,0.5824741937220097,271.7460253238678,7.469987869262695,17.481523513793945,58.98704528808594,48.58250045776367,51.51705551147461,57.407264709472656,0.870521162032518,0.9623827338218689,1734.761962890625,0.675,1.0,0.0,1.0,0.0,0.0,-0.05840374156832695,0.221411794424057,0.0,0.16356360912322998,0.18681438267230988,0.23287415504455566,-1.6757590770721436,-1.6310501098632812,-1.542492151260376,0.0,1.0
183296,179,8,184.305473323245,156.25,-0.00432145944214426,29.692748057842255,-0.6367181211709976,0.006115068186772987,0.0388916015625,0.6843175739049911,125.03257184028625,7.747054100036621,10.733233451843262,64.79216003417969,51.374813079833984,57.04511260986328,56.207218170166016,0.956352369488805,1.2143126726150513,372.26239013671875,0.825,1.0,0.0,1.0,0.0,0.0,-0.06106959655880928,0.22007910907268524,0.0,0.16412098705768585,0.18668615818023682,0.2311478853225708,-1.6746737957000732,-1.631271481513977,-1.5457653999328613,0.0,1.0
184320,180,7,170.80905998883935,140.0,-0.004093140480108559,30.1696809053421,-0.6345526710152626,0.00423306877783034,0.0335693359375,0.574240117892623,122.18042497634887,-0.07766520977020264,11.469815254211426,69.73649597167969,46.82086944580078,69.81415557861328,43.39332962036133,0.9399885821511132,1.1059825420379639,315.3520202636719,0.55,1.0,0.0,1.0,0.0,0.0,-0.05746026709675789,0.22537563741207123,0.0,0.16432230174541473,0.18770857155323029,0.23134295642375946,-1.6742818355560303,-1.6292849779129028,-1.5453953742980957,0.0,1.0
185344,181,8,183.53038011378226,155.5,-0.004807659558719024,20.014896070957185,-0.6310989290475846,0.004525543183262926,0.045703125,0.7249274529516697,84.75197167396546,4.346697807312012,8.799975395202637,64.43540954589844,50.573062896728516,60.08871078491211,51.49528503417969,0.9697221907768375,1.284717321395874,253.06927490234375,0.725,1.0,0.0,1.0,0.0,0.0,-0.06377767771482468,0.2212747484445572,0.0,0.16217540204524994,0.18730825185775757,0.23040497303009033,-1.6784632205963135,-1.6300469636917114,-1.5471748113632202,0.0,1.0
186368,182,2,104.23099679268655,143.5,-0.0041489303577691315,20.82002174258232,-0.631998048722744,0.0038849468939588403,0.0355224609375,0.6166842766106129,103.21884317398072,1.1167385578155518,10.560043334960938,64.78193664550781,45.98096466064453,63.665191650390625,44.6525993347168,0.9472557415863291,1.222686767578125,281.9478454589844,0.75,1.0,0.0,1.0,0.0,0.0,-0.07957084476947784,0.21518124639987946,0.0,0.16186431050300598,0.1880611777305603,0.23130780458450317,-1.6790692806243896,-1.6286163330078125,-1.5454620122909546,0.0,1.0
187392,183,10,174.48708506389997,148.1,-0.003974959341576323,14.568148326873779,-0.6284048080444335,0.0006519185379147529,0.02880859375,0.640999897569418,47.14514510631561,0.41224122047424316,7.600358009338379,70.9334716796875,54.434993743896484,70.52122497558594,52.50907897949219,0.9805055140441628,1.149186611175537,114.46192169189453,0.8,1.0,0.0,1.0,0.0,0.0,-0.0789516344666481,0.22393368184566498,0.0,0.16024713218212128,0.1879882663488388,0.23076903820037842,-1.6822211742401123,-1.628738522529602,-1.5464839935302734,0.0,1.0
188416,184,8,169.31036693427916,137.625,-0.004989861929789186,17.12339584827423,-0.6292733058333397,0.005502181811607443,0.0363037109375,0.6567941918969155,83.81821739673615,0.29908812046051025,9.43404483795166,78.45934295654297,50.209190368652344,78.16024780273438,50.361427307128906,0.964695551326309,1.3800538778305054,267.3402099609375,0.775,1.0,0.0,1.0,0.0,0.0,-0.06619816273450851,0.2184891551733017,0.0,0.16181349754333496,0.18815118074417114,0.22964872419834137,-1.6791683435440063,-1.6283987760543823,-1.548609972000122,0.0,1.0
189440,185,7,151.433376113777,129.85714285714286,-0.004740718309767545,27.43715944290161,-0.6300541505217552,0.0063241573589039035,0.051953125,0.6113206274807453,130.0325569629669,-3.464912176132202,10.79409122467041,78.37781524658203,52.73024368286133,81.84272766113281,49.427738189697266,0.9580962767576598,1.323172926902771,409.5360107421875,0.8,1.0,0.0,1.0,0.0,0.0,-0.060541827231645584,0.21698403358459473,0.0,0.16154059767723083,0.1874932050704956,0.22851091623306274,-1.6797001361846924,-1.6296706199645996,-1.5507702827453613,0.0,1.0
190464,186,8,160.94834362458744,143.25,-0.005382376897614449,49.639199542999265,-0.634715749323368,0.0033600568043766544,0.0352783203125,0.6352001741528511,133.40096864700317,-0.3909072279930115,13.584267616271973,61.501731872558594,45.38505935668945,61.892635345458984,47.95927047729492,0.9104126557755042,1.550933837890625,254.36141967773438,0.625,1.0,0.0,1.0,0.0,0.0,-0.0713498517870903,0.2188568264245987,0.0,0.16065336763858795,0.1864141970872879,0.22912655770778656,-1.6814292669296265,-1.6317658424377441,-1.5496013164520264,0.0,1.0
191488,187,7,142.5059362592444,139.28571428571428,-0.0040436717448756095,10.344969725608825,-0.6409879505634308,0.006507265860273037,0.030859375,0.5762577347457409,64.65230827331543,-2.6476144790649414,6.969161033630371,58.90062713623047,48.87846755981445,61.54824447631836,46.82839584350586,0.979670542368983,1.0566933155059814,220.1555633544922,0.6,1.0,0.0,1.0,0.0,0.0,-0.04648808017373085,0.21879972517490387,0.0,0.15765836834907532,0.18576180934906006,0.23044198751449585,-1.6872700452804565,-1.6330605745315552,-1.5471045970916748,0.0,1.0
192512,188,9,164.17490649664649,134.0,-0.004960967204533517,13.742609125375747,-0.6451161101460456,0.002374845265876502,0.0374755859375,0.6960166335105896,97.5069055557251,2.7413992881774902,8.281842231750488,65.78273010253906,45.382328033447266,63.04132843017578,49.587257385253906,0.9666972239702535,1.4918773174285889,392.5252380371094,0.75,1.0,0.0,1.0,0.0,0.0,-0.04199821874499321,0.23339514434337616,0.0,0.15446610748767853,0.1844351440668106,0.23054735362529755,-1.693501591682434,-1.6356682777404785,-1.5469046831130981,0.0,1.0
193536,189,7,157.264308425293,125.57142857142857,-0.003888672171160579,28.368630087375642,-0.6546477809548378,0.004427981730259489,0.02939453125,0.5900244899094105,157.20365710258483,1.0343669652938843,12.342799186706543,65.18524169921875,40.011653900146484,64.15087127685547,44.82208251953125,0.9048400267596024,0.972536563873291,437.2903747558594,0.575,1.0,0.0,1.0,0.0,0.0,-0.03904518112540245,0.2222384214401245,0.0,0.1524789184331894,0.18303103744983673,0.2282644808292389,-1.6973837614059448,-1.6383490562438965,-1.5512382984161377,0.0,1.0
194560,190,7,164.1520436234491,151.57142857142858,-0.005729615170275792,45.080944669246676,-0.6619548246264457,0.0033258691706578246,0.036181640625,0.5674852304160595,157.26523504257202,4.767014026641846,14.01999568939209,57.88143539428711,46.536903381347656,53.114418029785156,51.90157699584961,0.9092386834779658,1.126312494277954,380.7687683105469,0.6,1.0,0.0,1.0,0.0,0.0,-0.03571052849292755,0.22436317801475525,0.0,0.1511555165052414,0.18164284527301788,0.22569453716278076,-1.6999704837799072,-1.6410099267959595,-1.5561221837997437,0.0,1.0
195584,191,8,152.4305556698863,129.625,-0.005528927990235388,17.924632024765014,-0.6707176432013512,0.003590234414150473,0.0439208984375,0.6432312965393067,91.477556848526,-0.7195160388946533,9.498912811279297,63.61830139160156,42.62540817260742,64.33781433105469,43.9938850402832,0.9503395512709625,1.2512284517288208,276.7451171875,0.7,1.0,0.0,1.0,0.0,0.0,-0.05629384145140648,0.21557077765464783,0.0,0.14891929924488068,0.17973172664642334,0.22289372980594635,-1.7043437957763672,-1.6447052955627441,-1.5614511966705322,0.0,1.0
196608,192,7,146.39255820241382,129.57142857142858,-0.0025393175310455263,8.845126414299012,-0.6810239255428314,0.003071842185454443,0.0308837890625,0.7589566506445408,58.243557643890384,0.5664299726486206,7.290267467498779,62.847564697265625,41.76332473754883,62.28113555908203,44.954872131347656,0.9695282901126938,1.3198450803756714,159.36285400390625,0.75,1.0,0.0,1.0,0.0,0.0,-0.05521615967154503,0.2139204889535904,0.0,0.1477978527545929,0.1785789132118225,0.2203361541032791,-1.7065379619598389,-1.6469231843948364,-1.566323161125183,0.0,1.0
197632,193,9,153.1177020708759,134.77777777777777,-0.004705781472148373,45.78296709060669,-0.6897920414805412,0.0011229250972974113,0.03486328125,0.7304468713700771,145.16673254966736,3.3134522438049316,13.900248527526855,62.92118835449219,49.04847717285156,59.60773849487305,51.043338775634766,0.9196854715144785,1.2201732397079468,367.662109375,0.875,1.0,0.0,1.0,0.0,0.0,-0.04011347517371178,0.22466672956943512,0.0,0.1444510519504547,0.17605441808700562,0.21875596046447754,-1.7130906581878662,-1.651837706565857,-1.5693359375,0.0,1.0
198656,194,5,151.10952819013536,133.2,-0.0038134160917252303,18.407828229665757,-0.7052110567688942,0.004652967760921456,0.0270263671875,0.601273312792182,81.1240543603897,1.6034724712371826,9.788721084594727,67.93922424316406,50.03326416015625,66.33575439453125,48.60505294799805,0.9617233267867018,1.0391123294830322,199.82322692871094,0.75,1.0,0.0,1.0,0.0,0.0,-0.036436405032873154,0.22313833236694336,0.0,0.1416909545660019,0.17402254045009613,0.21864688396453857,-1.7184994220733643,-1.6557942628860474,-1.5695439577102661,0.0,1.0
199680,195,9,166.87141113724903,155.33333333333334,-0.004678044904721901,21.381652110815047,-0.7133256748318673,0.0014764606035896576,0.0380859375,0.6847787149250507,113.18214983940125,-1.4158916473388672,10.966221809387207,57.37211608886719,46.565547943115234,58.78800964355469,46.85391616821289,0.9445393974861471,1.243247628211975,341.7210388183594,0.725,1.0,0.0,1.0,0.0,0.0,-0.047322873026132584,0.2151869833469391,0.0,0.14195023477077484,0.173221156001091,0.21848706901073456,-1.7179911136627197,-1.657346248626709,-1.5698487758636475,0.0,1.0
200704,196,6,133.79401956771014,129.33333333333334,-0.0037564058788120747,8.836580020189285,-0.7167585447430611,0.005488623687415384,0.0359130859375,0.6398840695619583,58.592584943771364,-2.6554136276245117,6.419473648071289,54.22826385498047,52.155025482177734,56.88367462158203,51.99506378173828,0.9848502114062619,1.2703437805175781,164.30165100097656,0.65,1.0,0.0,1.0,0.0,0.0,-0.03136923536658287,0.22232356667518616,0.0,0.14188408851623535,0.1727677583694458,0.21874625980854034,-1.718120813369751,-1.6582521200180054,-1.5693544149398804,0.0,1.0
201728,197,6,159.02601742340337,151.16666666666666,-0.0049097816925495865,55.096770668029784,-0.7218444392085075,0.004881952606956475,0.028955078125,0.6966255277395248,272.745836353302,1.3418900966644287,19.4032039642334,63.65522003173828,54.183528900146484,62.313331604003906,63.04640579223633,0.8717632892587396,1.1444871425628662,1274.8402099609375,0.9,1.0,0.0,1.0,0.0,0.0,-0.0537865050137043,0.2179851084947586,0.0,0.14014706015586853,0.17114262282848358,0.21651367843151093,-1.7215266227722168,-1.6613818407058716,-1.5736145973205566,0.0,1.0
202752,198,10,161.79600762056643,137.3,-0.005252902588108554,32.6732795715332,-0.728717815876007,0.0053723168137366885,0.0455810546875,0.6084434725344181,100.47708449363708,1.4239650964736938,11.672906875610352,62.30586242675781,51.16585159301758,60.88188934326172,53.775516510009766,0.9479527700646568,1.0259979963302612,224.60000610351562,0.65,1.0,0.0,1.0,0.0,0.0,-0.060574114322662354,0.2164110541343689,0.0,0.14010553061962128,0.1709802895784378,0.21686294674873352,-1.7216081619262695,-1.6617012023925781,-1.5729478597640991,0.0,1.0
203776,199,8,152.0054652083332,129.0,-0.005957543203840033,32.475789523124696,-0.72631284147501,0.004396048306080047,0.0406982421875,0.5558903999626637,115.39054489135742,-0.17024683952331543,11.909923553466797,64.8487548828125,48.58820724487305,65.01899719238281,50.935646057128906,0.9399163671432973,1.0292524099349976,252.71339416503906,0.55,1.0,0.0,1.0,0.0,0.0,-0.05314510688185692,0.21821074187755585,0.0,0.14355020225048065,0.17174381017684937,0.21752093732357025,-1.7148555517196655,-1.6602247953414917,-1.5716921091079712,0.0,1.0
204800,200,5,149.27669943772764,140.8,-0.005118140700506047,12.984849417209626,-0.7240510150790215,0.004121758752444293,0.0521484375,0.6890205338597297,73.15157525539398,1.1403449773788452,8.15599250793457,59.69847106933594,46.315181732177734,58.55812454223633,47.865455627441406,0.9689896366950949,1.3319836854934692,195.06944274902344,0.7,1.0,0.0,1.0,0.0,0.0,-0.05679057911038399,0.21825377643108368,0.0,0.14377808570861816,0.17147612571716309,0.2182941734790802,-1.7144091129302979,-1.660736083984375,-1.5702167749404907,0.0,1.0
