total_env_steps,update,completed_episodes,completed_episode_return_mean,completed_episode_length_mean,actor_policy_loss,critic_loss,entropy,approx_kl,clip_fraction,actor_grad_norm,critic_grad_norm,advantage_raw_mean,advantage_raw_std,value_target_mean,value_target_std,value_prediction_mean_pre,value_prediction_std_pre,explained_variance_pre,actor_grad_norm_max,critic_grad_norm_max,actor_grad_clip_fraction,critic_grad_clip_fraction,value_normalizer_mean,value_normalizer_std,value_normalizer_count,hard_speed_accel_violations,action_mean,action_std,action_saturation_ratio,raw_log_std_min,raw_log_std_mean,raw_log_std_max,clamped_log_std_min,clamped_log_std_mean,clamped_log_std_max,raw_log_std_gt_max_ratio,finite
1024,1,1,120.31786201353484,93.0,-0.004846926429308951,0.39550181180238725,-0.24760499596595764,0.004046388682036195,0.0363525390625,0.5271880593150854,0.43414002992212775,28.366409301757812,10.358254432678223,28.282623291015625,10.322291374206543,-0.08378741145133972,0.18113741278648376,-0.006980077566431264,0.8667377233505249,1.0445456504821777,0.55,0.225,28.28262127507393,10.32229480657333,1024.0001,0.0,0.05971929430961609,0.22112329304218292,0.0,0.25292646884918213,0.25390636920928955,0.2555462718009949,-1.5046647787094116,-1.5028222799301147,-1.499749779701233,0.0,1.0
2048,2,7,219.2717924226817,193.42857142857142,-0.004525414435192943,0.3178440123796463,-0.25418960154056547,0.004242997328401543,0.0309326171875,0.5283910818397999,0.6231832176446914,13.29124641418457,16.97260093688965,41.24871826171875,19.493074417114258,27.957473754882812,4.876840591430664,0.24188329977962053,0.9543478488922119,1.401748776435852,0.5,0.475,34.76567030353571,16.890671529288287,2048.0001,0.0,0.0598931722342968,0.22041745483875275,0.0,0.2522597014904022,0.2530921399593353,0.2547198235988617,-1.505916714668274,-1.5043587684631348,-1.5012996196746826,0.0,1.0
3072,3,5,235.39737479511487,187.4,-0.004180239338893443,0.1673064786940813,-0.26073065102100373,0.003752279317995999,0.03994140625,0.5862177267670632,0.48564472869038583,12.554008483886719,20.21390724182129,58.86669158935547,25.42881965637207,46.31268310546875,11.304518699645996,0.3681003468306173,1.3216066360473633,1.300060749053955,0.6,0.375,42.79934370547546,23.12613139693562,3072.0001,0.0,0.05979049205780029,0.22110235691070557,0.0,0.2505907416343689,0.2512423098087311,0.252166748046875,-1.5090522766113281,-1.5078173875808716,-1.5060913562774658,0.0,1.0
4096,4,4,230.2423157392821,207.5,-0.0035475446144118904,0.0354982030345127,-0.26803786382079126,0.005176818334439304,0.0209228515625,0.4998691476881504,0.3469650659710169,12.277470588684082,12.886274337768555,68.36955261230469,29.245677947998047,56.092079162597656,21.34457015991211,0.8058526755178413,0.7917123436927795,1.1207377910614014,0.5,0.2,49.1918963635463,27.157596807595798,4096.0001,0.0,0.048573385924100876,0.21951811015605927,0.0,0.2506052553653717,0.25114598870277405,0.2515118420124054,-1.509024977684021,-1.5079879760742188,-1.5073213577270508,0.0,1.0
5120,5,5,227.1026902143796,193.8,-0.0044316637329757215,0.05433459454216063,-0.2628198564052582,0.0038822809496195988,0.028076171875,0.5289826184511185,0.2836671382188797,5.088459014892578,14.512937545776367,62.822959899902344,35.14579391479492,57.734500885009766,26.422439575195312,0.8294844886660372,0.861271858215332,0.7167818546295166,0.6,0.15,51.918109220692614,29.441507729404517,5120.0001,0.0,0.03884170949459076,0.2209387719631195,0.0,0.2510101795196533,0.2530047595500946,0.2542398273944855,-1.5082639455795288,-1.5045369863510132,-1.5022000074386597,0.0,1.0
6144,6,5,196.09060659820065,197.4,-0.006608046556357295,0.05310864469502121,-0.25538104176521303,0.005130286168423481,0.0709228515625,0.601770018786192,0.4306505363434553,5.022689342498779,17.40420913696289,95.27843475341797,40.11825180053711,90.2557373046875,33.672821044921875,0.8117978633166264,1.165431261062622,1.568530797958374,0.7,0.225,59.144829863761856,35.37949185697145,6144.0001,0.0,0.03640952333807945,0.22119636833667755,0.0,0.2508590817451477,0.2533314824104309,0.2561034560203552,-1.5085479021072388,-1.5039194822311401,-1.498705267906189,0.0,1.0
7168,7,7,160.68430750664066,163.14285714285714,-0.004748998710419982,0.12560774805024266,-0.2572457164525986,0.006885097702615894,0.05859375,0.6042031563818455,0.45133352726697923,-8.613465309143066,26.095722198486328,68.22785949707031,45.5280647277832,76.84132385253906,33.375022888183594,0.6714660499083168,1.3082796335220337,1.4463388919830322,0.6,0.3,60.44240529215912,37.13637177106298,7168.0001,0.0,0.03436838835477829,0.22085610032081604,0.0,0.2500872015953064,0.252419650554657,0.2546207010746002,-1.5099987983703613,-1.5056315660476685,-1.5014854669570923,0.0,1.0
8192,8,8,178.69953173143375,164.125,-0.0053559547784971075,0.03593743969686329,-0.26211103424429893,0.006747120725049171,0.05107421875,0.5507485203444957,0.2342007577419281,-1.9076822996139526,14.305795669555664,70.65737915039062,39.911800384521484,72.5650634765625,34.92961883544922,0.8715241718574445,1.0834485292434692,0.6045330166816711,0.575,0.075,61.71927679464706,37.6464222264944,8192.000100000001,0.0,0.027038022875785828,0.21801522374153137,0.0,0.2507593035697937,0.2516481578350067,0.2529599368572235,-1.5087354183197021,-1.5070600509643555,-1.5046019554138184,0.0,1.0
9216,9,7,195.54485692150269,161.28571428571428,-0.005308032187167555,0.03921192339621484,-0.2656079292297363,0.006060425910982303,0.0545166015625,0.5473422553390265,0.2457996554672718,-1.3894670009613037,15.507377624511719,80.11787414550781,45.54846954345703,81.5073471069336,44.3221435546875,0.8840878024577713,1.1202902793884277,0.7980817556381226,0.525,0.075,63.7635661109767,39.03500515226386,9216.000100000001,0.0,0.01935042440891266,0.2185034453868866,0.0,0.25039809942245483,0.25138187408447266,0.253114253282547,-1.5094143152236938,-1.507577896118164,-1.50431227684021,0.0,1.0
10240,10,5,177.3910233639663,157.2,-0.003583107184385881,0.025551463523879648,-0.2637377344071865,0.0034627772751264275,0.034716796875,0.5586240369826555,0.25332179181277753,-3.8985207080841064,13.984907150268555,79.59996032714844,48.703025817871094,83.49848175048828,47.341739654541016,0.9175468418908154,1.2547181844711304,0.8206298351287842,0.5,0.1,65.34720562672203,40.38722797488216,10240.000100000001,0.0,0.012497670948505402,0.2184673547744751,0.0,0.2509142756462097,0.25213614106178284,0.2540670335292816,-1.5084441900253296,-1.5061455965042114,-1.5025241374969482,0.0,1.0
11264,11,8,166.16503693786177,150.0,-0.004188429063651711,0.025288992468267678,-0.25899675488471985,0.0036285721842432396,0.02841796875,0.44635964892804625,0.21512002144008874,-6.365458965301514,12.138586044311523,80.49401092529297,47.85975646972656,86.85946655273438,45.455543518066406,0.9356727028693165,0.9192560315132141,0.6542849540710449,0.2,0.075,66.72418776290057,41.352593400871044,11264.000100000001,0.0,0.01047489047050476,0.22001098096370697,0.0,0.24945718050003052,0.2530990540981293,0.2572826147079468,-1.511183261871338,-1.5043233633041382,-1.4964957237243652,0.0,1.0
12288,12,4,196.91061357894637,165.5,-0.005176599437254481,0.017553512775339185,-0.2516500733792782,0.004654399005812593,0.0352294921875,0.6052585177123546,0.2017135726287961,0.37052732706069946,13.48789119720459,73.09230041503906,47.01253890991211,72.72177124023438,50.651405334472656,0.9176884664380422,1.0489442348480225,0.6579904556274414,0.55,0.1,67.25486362177284,41.89049121039432,12288.000100000001,0.0,0.00923799816519022,0.21721048653125763,0.0,0.2491462230682373,0.2547200322151184,0.2592945992946625,-1.511768102645874,-1.5013084411621094,-1.4927287101745605,0.0,1.0
13312,13,6,192.6882295028065,173.5,-0.00478481458267197,0.014220851403661073,-0.2458837643265724,0.0030594795985962263,0.0314697265625,0.4895344149321318,0.11131839444860817,0.21950644254684448,10.101737976074219,76.22975158691406,48.705970764160156,76.01024627685547,48.47969055175781,0.956984221450305,0.8291551470756531,0.2978106141090393,0.4,0.0,67.94523959035357,42.52092959393903,13312.000100000001,0.0,0.0011772937141358852,0.21926811337471008,0.0,0.24848787486553192,0.2549658715724945,0.258462518453598,-1.513006567955017,-1.5008326768875122,-1.4942861795425415,0.0,1.0
14336,14,7,203.85839864288724,170.71428571428572,-0.005474144080653787,0.007103848230326548,-0.24652014598250388,0.005692825317964889,0.040185546875,0.525520283728838,0.10390353775583208,0.2659786641597748,8.439189910888672,89.90864562988281,57.11042785644531,89.64266967773438,55.228004455566406,0.9781641189232148,1.1271742582321167,0.30146223306655884,0.425,0.0,69.51405428682388,44.089129380780584,14336.000100000001,0.0,-0.0002801883965730667,0.21721306443214417,0.0,0.2480998933315277,0.25455188751220703,0.2580569088459015,-1.513736605644226,-1.5016413927078247,-1.4950456619262695,0.0,1.0
15360,15,5,205.9057732959772,189.8,-0.0030324129038490355,0.03146517693530768,-0.24948152676224708,0.0012199969176435843,0.0189208984375,0.4790029551833868,0.24094502869993448,-4.202264308929443,18.460752487182617,94.33698272705078,49.29667282104492,98.53924560546875,46.312744140625,0.8597626967232992,0.7421766519546509,0.6917010545730591,0.375,0.1,71.16891606604962,44.88442921208273,15360.000100000001,0.0,-0.004200167488306761,0.2177926003932953,0.0,0.24730166792869568,0.2542102038860321,0.2587038576602936,-1.5152390003204346,-1.5022797584533691,-1.493834376335144,0.0,1.0
16384,16,5,206.92305772283697,179.8,-0.0035506992368027567,0.00947175504406914,-0.2481970839202404,0.004660677906940691,0.035888671875,0.5612625375390052,0.13943761503323912,-4.1933913230896,9.466080665588379,78.03395080566406,49.52974319458008,82.22734069824219,49.54465103149414,0.9634734772751681,1.128830075263977,0.4295443296432495,0.5,0.0,71.59798080050413,45.219297674784656,16384.0001,0.0,-0.0020930261816829443,0.21748359501361847,0.0,0.24673324823379517,0.25482138991355896,0.2595467269420624,-1.516309142112732,-1.5011228322982788,-1.4922568798065186,0.0,1.0
17408,17,8,178.37368986123707,163.75,-0.003702477575279772,0.027219032077118753,-0.2481564037501812,0.0026326041042921133,0.037451171875,0.5296855196356773,0.22198785729706288,-9.025107383728027,15.437005996704102,77.07093811035156,52.424015045166016,86.09603881835938,49.58695602416992,0.9132907130284599,1.1066606044769287,0.5853177309036255,0.55,0.1,71.91991909899157,45.69272469104571,17408.0001,0.0,-0.0003583517100196332,0.21832431852817535,0.0,0.24649488925933838,0.25420549511909485,0.25811731815338135,-1.5167579650878906,-1.5022954940795898,-1.4949324131011963,0.0,1.0
18432,18,8,144.65285865333317,151.375,-0.0034385295468382536,0.014343050692696124,-0.25197219029068946,0.003600462491158396,0.0183837890625,0.48342734649777414,0.20121441911906005,-8.348775863647461,11.829559326171875,72.71861267089844,55.26097106933594,81.06739807128906,50.49469757080078,0.954175250125125,0.9333251714706421,0.6859680414199829,0.4,0.075,71.96429134257522,46.27658638564015,18432.0001,0.0,-0.00471541890874505,0.2181439846754074,0.0,0.2445090264081955,0.2534393072128296,0.2587338089942932,-1.5204997062683105,-1.5037121772766113,-1.4937783479690552,0.0,1.0
19456,19,5,190.81646747797595,158.4,-0.0034233996644616126,0.00722333159064874,-0.2514129735529423,0.0051111333959852345,0.044384765625,0.5088476739823818,0.10982344415970147,-1.328216791152954,8.220978736877441,49.717750549316406,45.09381866455078,51.04596710205078,50.38713455200195,0.9667636715922028,0.8404080867767334,0.3474641442298889,0.475,0.0,70.79342071974597,46.48130193097312,19456.0001,0.0,-0.004845112562179565,0.21636369824409485,0.0,0.24677322804927826,0.25474628806114197,0.259948194026947,-1.5162339210510254,-1.5012454986572266,-1.4915058612823486,0.0,1.0
20480,20,5,185.33550884246063,162.4,-0.003031227790052071,0.01663326695561409,-0.2449286125600338,0.003298202260339167,0.036279296875,0.4870554983615875,0.1387386498041451,-1.028922200202942,12.257039070129395,68.54229736328125,45.5087890625,69.57122039794922,49.1793098449707,0.9274595027589482,0.8876647353172302,0.4069843888282776,0.4,0.0,70.68086446063809,46.43575204601117,20480.0001,0.0,-0.006966300308704376,0.21705247461795807,0.0,0.2475784718990326,0.25514718890190125,0.2615574598312378,-1.514717936515808,-1.5005086660385132,-1.4884965419769287,0.0,1.0
21504,21,8,163.9576069350348,151.375,-0.003157628106418997,0.026830319757573308,-0.24831050336360933,0.0062147484044544395,0.0415283203125,0.5463421653956175,0.18893600916489958,-5.840734481811523,14.986422538757324,86.31758117675781,50.811832427978516,92.15830993652344,50.07376480102539,0.9130106249382107,1.2494457960128784,0.4830332100391388,0.5,0.0,71.42546992987405,46.772136258790724,21504.0001,0.0,-0.013384138233959675,0.2155558466911316,0.0,0.24429328739643097,0.2537498474121094,0.2625303566455841,-1.5209063291549683,-1.503125548362732,-1.4866786003112793,0.0,1.0
22528,22,5,182.40927351660392,170.4,-0.0037257193063851444,0.009933880937751383,-0.2544428274035454,0.0021805704731377774,0.04130859375,0.5998579941689968,0.10789758265018463,-3.3398473262786865,8.974604606628418,69.31697845458984,48.510528564453125,72.65682220458984,48.66587448120117,0.9657738013508597,1.0271334648132324,0.33122503757476807,0.75,0.0,71.3296293951068,46.85461186331278,22528.0001,0.0,-0.009883971884846687,0.21673743426799774,0.0,0.24269641935825348,0.25309374928474426,0.2615748345851898,-1.5239179134368896,-1.5043705701828003,-1.488464117050171,0.0,1.0
23552,23,7,193.2969995329217,179.14285714285714,-0.004802177322562784,0.009775084827560931,-0.2603376440703869,0.005070208289544098,0.04228515625,0.5172160197049379,0.10917255487293005,2.2149453163146973,9.84005069732666,69.90768432617188,46.55910110473633,67.69274139404297,47.193790435791016,0.955333141710485,1.0066978931427002,0.3468773663043976,0.425,0.0,71.26780574227884,46.842699988488924,23552.0001,0.0,-0.0027053039520978928,0.21577118337154388,0.0,0.2393588274717331,0.25154611468315125,0.2624329924583435,-1.5302199125289917,-1.5073013305664062,-1.4868605136871338,0.0,1.0
24576,24,4,202.01954314754582,162.0,-0.004229167295852676,0.028735234471969306,-0.26336743161082266,0.0031245234145899302,0.025244140625,0.4386294174939394,0.15190545916557313,-1.2042479515075684,16.055063247680664,65.52677917480469,45.98768615722656,66.73102569580078,46.51578140258789,0.8781176278994667,0.748174250125885,0.4003675580024719,0.225,0.0,71.02859636000368,46.821442620257486,24576.0001,0.0,0.001147285453043878,0.21421100199222565,0.0,0.23881390690803528,0.2524418234825134,0.26422929763793945,-1.531249761581421,-1.505617618560791,-1.4835058450698853,0.0,1.0
25600,25,7,186.56840989205543,190.85714285714286,-0.0021458583185449244,0.035380647308193146,-0.2611217133700848,0.002397646932513453,0.0270263671875,0.5749627482146025,0.21298558115959168,-3.2804923057556152,18.768329620361328,90.10491943359375,44.48569869995117,93.38540649414062,40.1829948425293,0.8220039125026474,0.9314120411872864,0.6256452798843384,0.65,0.075,71.79164909116889,46.87953356358556,25600.0001,0.0,-0.0047172848135232925,0.21539312601089478,0.0,0.23742125928401947,0.25168368220329285,0.2653833031654358,-1.5338828563690186,-1.5070710182189941,-1.48135244846344,0.0,1.0
26624,26,6,215.27541487312325,187.0,-0.003748114121844992,0.027812424092553557,-0.2665497392416,0.0031241253556800073,0.037060546875,0.5034935586154461,0.16829465385526418,-5.086245059967041,15.807596206665039,78.04716491699219,47.51835632324219,83.1334228515625,43.64059066772461,0.8893353688232636,0.8688654899597168,0.4668954610824585,0.5,0.0,72.03224615092756,46.91968893075165,26624.0001,0.0,-4.902932050754316e-05,0.21494457125663757,0.0,0.2393694669008255,0.25103759765625,0.26365432143211365,-1.5301997661590576,-1.5082613229751587,-1.48457932472229,0.0,1.0
27648,27,5,143.97236860091306,165.8,-0.004374428337905556,0.026311078341677785,-0.2647522881627083,0.005844774747674819,0.0468994140625,0.4902096722275019,0.2185111954808235,-5.474600791931152,15.611336708068848,75.12596130371094,53.764404296875,80.6005630493164,50.412567138671875,0.9156877942842183,0.8272807002067566,0.6122496724128723,0.475,0.05,72.14682809140146,47.194520798653485,27648.0001,0.0,-0.0002006680442718789,0.21412020921707153,0.0,0.2418576180934906,0.25254327058792114,0.2654656767845154,-1.525500774383545,-1.505422592163086,-1.481198787689209,0.0,1.0
28672,28,5,217.91278292018154,202.4,-0.0036841215507593004,0.009276991768274456,-0.2576598823070526,0.0033403110166545956,0.0245361328125,0.5211932390928269,0.11122457645833492,-2.897609233856201,9.185404777526855,76.82261657714844,52.070404052734375,79.72023010253906,51.82388687133789,0.9688817781460414,0.8883402347564697,0.25316858291625977,0.45,0.0,72.31382062732632,47.3852465087122,28672.0001,0.0,0.007875372655689716,0.2145216464996338,0.0,0.24270477890968323,0.25295618176460266,0.2648506164550781,-1.523902177810669,-1.5046261548995972,-1.4823462963104248,0.0,1.0
29696,29,6,187.89339679290035,175.66666666666666,-0.004429559747222811,0.008637292287312448,-0.25630097165703775,0.004174688219791278,0.038623046875,0.5384204261004925,0.13005464435555042,-2.089859962463379,10.461179733276367,84.5015869140625,51.155853271484375,86.5914535522461,48.46144104003906,0.9581812913695527,1.2810404300689697,0.37766656279563904,0.525,0.0,72.73408858536418,47.572255543884964,29696.0001,0.0,0.004560877103358507,0.2162782847881317,0.0,0.24334993958473206,0.25335800647735596,0.26486921310424805,-1.522685170173645,-1.5038796663284302,-1.4823116064071655,0.0,1.0
30720,30,6,253.0723821515885,192.0,-0.002526102657429874,0.006929459230741486,-0.255076964199543,0.0033711998505168593,0.0175537109375,0.6451239883899689,0.15269249686971306,2.999004364013672,9.087573051452637,71.48779296875,49.7318000793457,68.4887924194336,55.2640380859375,0.9666091445701109,1.0070573091506958,0.5568004846572876,0.75,0.025,72.69254542903974,47.646342558286825,30720.0001,0.0,0.001994804246351123,0.21830640733242035,0.0,0.2431209832429886,0.2528432607650757,0.2643093168735504,-1.5231170654296875,-1.5048664808273315,-1.4833564758300781,0.0,1.0
31744,31,5,198.1719659101954,177.0,-0.004451322183012962,0.010227668803418055,-0.2619205884635448,0.0032393828078056686,0.020166015625,0.5419120013713836,0.10712117552757264,0.6569694876670837,10.834466934204102,71.93656921386719,50.18030548095703,71.27960205078125,53.32399368286133,0.9533825613191902,1.036086082458496,0.3349330425262451,0.525,0.0,72.66815907132472,47.73037006023507,31744.0001,0.0,0.0070960745215415955,0.21626591682434082,0.0,0.23983962833881378,0.2514037787914276,0.26341140270233154,-1.5293114185333252,-1.5075645446777344,-1.4850329160690308,0.0,1.0
32768,32,7,202.0998398794315,167.14285714285714,-0.004697681637480855,0.01157609059009701,-0.26770049929618833,0.006763078927178867,0.047607421875,0.5710774134844542,0.10855759121477604,-2.488319158554077,10.383219718933105,83.56582641601562,47.59013748168945,86.05414581298828,46.265132904052734,0.9523974597276811,1.0683672428131104,0.34923726320266724,0.525,0.0,73.00871125107362,47.76364477406916,32768.000100000005,0.0,0.007164860609918833,0.21425823867321014,0.0,0.23768830299377441,0.2508697509765625,0.26323553919792175,-1.5333778858184814,-1.5085906982421875,-1.4853613376617432,0.0,1.0
33792,33,4,202.21458559461175,173.5,-0.002215113048441708,0.012738418870139868,-0.26670477241277696,0.002108364211744629,0.020849609375,0.5217999503016472,0.14851664565503597,2.4224421977996826,12.096268653869629,63.867332458496094,34.509788513183594,61.444889068603516,35.572227478027344,0.8771378022091527,0.9829404354095459,0.4491482973098755,0.525,0.0,72.73169970681846,47.44236136211646,33792.000100000005,0.0,0.01908772625029087,0.21432335674762726,0.0,0.23832453787326813,0.25189825892448425,0.2636375427246094,-1.532174825668335,-1.5066262483596802,-1.4846105575561523,0.0,1.0
34816,34,5,253.01690035917437,195.2,-0.002924233366502449,0.01080249372171238,-0.26543446257710457,0.002124468940019142,0.01376953125,0.530225881934166,0.2050099247135222,3.9628872871398926,13.113465309143066,73.59854125976562,53.695186614990234,69.63565826416016,60.26189041137695,0.9403563377045276,0.9426972270011902,0.837037980556488,0.45,0.075,72.75719521879653,47.63820913103146,34816.000100000005,0.0,0.011877677403390408,0.21815265715122223,0.0,0.23787589371204376,0.250625342130661,0.26031237840652466,-1.5330231189727783,-1.5090428590774536,-1.4908246994018555,0.0,1.0
35840,35,6,214.39118804682076,196.66666666666666,-0.004476116166915745,0.010660452558659017,-0.2711935393512249,0.0034766808341373688,0.0332275390625,0.5045433379709721,0.13310980116948484,-1.1128748655319214,12.184597969055176,68.54305267333984,52.2012939453125,69.65592956542969,54.246700286865234,0.9455171452978928,0.9491066336631775,0.47517189383506775,0.4,0.0,72.63679114686083,47.77979009182612,35840.000100000005,0.0,0.010675509460270405,0.21540458500385284,0.0,0.2395145297050476,0.25056976079940796,0.25986263155937195,-1.5299257040023804,-1.5091209411621094,-1.4916658401489258,0.0,1.0
36864,36,6,178.65993376906457,190.16666666666666,-0.003295488131698221,0.01692233873764053,-0.2711973309516907,0.004427468121866696,0.031689453125,0.47945334650576116,0.15055814981460572,-5.173112869262695,15.074992179870605,69.61783599853516,54.1859245300293,74.79095458984375,51.34654235839844,0.9225999566187095,1.044373869895935,0.47800055146217346,0.3,0.0,72.55293133588346,47.97185733470286,36864.000100000005,0.0,0.005708856508135796,0.21570466458797455,0.0,0.23853403329849243,0.25032585859298706,0.25969499349594116,-1.5317788124084473,-1.5095800161361694,-1.4919795989990234,0.0,1.0
37888,37,5,198.40170546838536,181.4,-0.003582555550383404,0.020374922477640212,-0.2700012996792793,0.004001344872813206,0.018798828125,0.4966430258005857,0.20223989011719823,2.16823673248291,17.20587158203125,60.99115753173828,49.8361701965332,58.82292175292969,54.69620895385742,0.8808033615016829,1.0750395059585571,0.7302828431129456,0.4,0.075,72.2404510310434,48.059780714240155,37888.000100000005,0.0,0.004210983403027058,0.21327893435955048,0.0,0.23734168708324432,0.25129565596580505,0.2608315944671631,-1.5340334177017212,-1.5077944993972778,-1.4898536205291748,0.0,1.0
38912,38,6,171.69946997945695,162.0,-0.002031946403440088,0.030431548273190855,-0.2671199724078178,0.001570872105367016,0.01474609375,0.4585317648947239,0.19340731129050254,-0.33857011795043945,19.121089935302734,71.78047943115234,51.17454528808594,72.11904907226562,54.30691146850586,0.8603897537809142,0.8042243719100952,0.5979944467544556,0.3,0.05,72.22834646433476,48.14438628099882,38912.000100000005,0.0,0.008841843344271183,0.215535968542099,0.0,0.23797611892223358,0.25075778365135193,0.2593957781791687,-1.5328335762023926,-1.5087661743164062,-1.492539405822754,0.0,1.0
39936,39,4,270.2067268223716,216.75,-0.0030376449809409677,0.008595034410245717,-0.2723569802939892,0.0012391526252031326,0.026025390625,0.5256013795733452,0.11212788000702859,3.8515310287475586,9.16713809967041,74.47653198242188,49.24980163574219,70.62500762939453,50.85433578491211,0.9653535678678339,1.0975972414016724,0.3400851786136627,0.6,0.0,72.28599235945819,48.17435776749157,39936.000100000005,0.0,0.021521933376789093,0.21642370522022247,0.0,0.23725463449954987,0.24964861571788788,0.2580133080482483,-1.5341980457305908,-1.5108757019042969,-1.4951272010803223,0.0,1.0
40960,40,9,184.34693066238094,172.33333333333334,-0.0025513092055916785,0.023480274411849678,-0.2762941651046276,0.004904309728590306,0.0230712890625,0.5278335325419903,0.20980462366715075,-8.94477653503418,15.891800880432129,73.13077545166016,49.6124153137207,82.07554626464844,44.77520751953125,0.8973957018465111,1.0888612270355225,0.6479621529579163,0.55,0.075,72.30711182492969,48.21101232726117,40960.000100000005,0.0,0.02592094987630844,0.21854141354560852,0.0,0.23613230884075165,0.24976105988025665,0.2593296468257904,-1.5363215208053589,-1.5106431245803833,-1.4926631450653076,0.0,1.0
41984,41,6,180.20681560160855,152.83333333333334,-0.0040033957877312785,0.018325583334080874,-0.2734611973166466,0.0035120497675961817,0.0321533203125,0.5245367087423801,0.18825062848627566,-1.7417099475860596,15.250099182128906,78.20347595214844,48.32358932495117,79.9451904296875,50.45962905883789,0.9004074129477301,0.9221649169921875,0.47479087114334106,0.45,0.0,72.45092553360125,48.222339900947375,41984.000100000005,0.0,0.015637831762433052,0.21843919157981873,0.0,0.23568835854530334,0.2502445578575134,0.2603522539138794,-1.5371618270874023,-1.5097464323043823,-1.4907500743865967,0.0,1.0
43008,42,5,186.4532946706023,149.2,-0.003634120908100158,0.010741239809431136,-0.27528581246733663,0.002161149971652776,0.0292236328125,0.5517571561038495,0.1169280025176704,-1.6583187580108643,10.38938045501709,66.85547637939453,45.268943786621094,68.5137939453125,48.70943832397461,0.9473281438894433,0.9914195537567139,0.33487847447395325,0.6,0.0,72.31770055104849,48.161681392100874,43008.000100000005,0.0,0.01992933638393879,0.2147194743156433,0.0,0.2343367040157318,0.24893659353256226,0.2585804760456085,-1.539721131324768,-1.5122284889221191,-1.494065284729004,0.0,1.0
44032,43,6,208.363088907921,198.16666666666666,-0.0031921564135700465,0.007623982836958021,-0.2831321358680725,0.003205641996464692,0.0239013671875,0.5326348014175892,0.10882855234667659,1.8329989910125732,8.642311096191406,71.44935607910156,58.62989807128906,69.61636352539062,61.572994232177734,0.9782719092836069,1.1448200941085815,0.4038155972957611,0.45,0.0,72.29750650458884,48.43101026359139,44032.000100000005,0.0,0.01681518368422985,0.21673861145973206,0.0,0.23328375816345215,0.2476673275232315,0.25691860914230347,-1.5417159795761108,-1.5145753622055054,-1.4971777200698853,0.0,1.0
45056,44,7,190.87784644010932,165.71428571428572,-0.004308596812188625,0.013805798557586967,-0.29114791080355645,0.005368153884774074,0.034375,0.5513739794492721,0.14576460244134068,-5.546093940734863,11.763303756713867,71.74151611328125,45.14327621459961,77.28761291503906,39.346282958984375,0.9320995937826275,1.0036723613739014,0.3793562054634094,0.625,0.0,72.28487048606739,48.358842390078784,45056.000100000005,0.0,0.018130935728549957,0.21309931576251984,0.0,0.23124223947525024,0.24625100195407867,0.2554173767566681,-1.545586347579956,-1.5172830820083618,-1.4999914169311523,0.0,1.0
46080,45,7,183.1948321583549,165.71428571428572,-0.003672192437807098,0.020033308397978546,-0.29658745005726816,0.0025932547301636077,0.0296630859375,0.5179347481578589,0.18286038404330612,-3.686018466949463,16.137937545776367,64.49169921875,49.848724365234375,68.17771911621094,54.05813217163086,0.8951935658738687,1.245119333267212,0.6106101274490356,0.525,0.075,72.11168890732475,48.40608210923865,46080.000100000005,0.0,0.020967157557606697,0.2143511176109314,0.0,0.22908860445022583,0.24574719369411469,0.25780221819877625,-1.549673318862915,-1.5182374715805054,-1.4955224990844727,0.0,1.0
47104,46,5,178.69275443752394,146.4,-0.0046446105116046965,0.004447014507604763,-0.30173604041337965,0.0024166258255718274,0.046240234375,0.6052445251494646,0.07700538784265518,-2.265047073364258,6.00686502456665,90.56160736083984,44.89870834350586,92.82664489746094,46.103736877441406,0.9821010305170083,1.0583901405334473,0.2524562478065491,0.575,0.0,72.51277400929112,48.40737208014633,47104.000100000005,0.0,0.010200794786214828,0.21319641172885895,0.0,0.22617408633232117,0.2441197633743286,0.2548679709434509,-1.5552104711532593,-1.5213069915771484,-1.5010217428207397,0.0,1.0
48128,47,6,191.66138956353026,173.16666666666666,-0.004819550598040223,0.01459426146466285,-0.30855885744094846,0.006395853667345364,0.0370361328125,0.5793012738227844,0.10656770579516887,-0.44302257895469666,10.578957557678223,73.69609069824219,48.28490447998047,74.13911437988281,49.42191696166992,0.951997580376527,1.2061727046966553,0.28318899869918823,0.625,0.0,72.5379510489358,48.40507073493239,48128.000100000005,0.0,0.006338343024253845,0.21353767812252045,0.0,0.22568318247795105,0.24390333890914917,0.25413548946380615,-1.5561437606811523,-1.5216950178146362,-1.502395749092102,0.0,1.0
49152,48,7,200.8610723335102,185.28571428571428,-0.0029762970516458154,0.018191169016063213,-0.3093483433127403,0.005037779078702442,0.04228515625,0.56097262352705,0.15636536628007888,-1.6594876050949097,15.004414558410645,60.37714385986328,44.602386474609375,62.0366325378418,46.22395706176758,0.8868324491084991,1.0444550514221191,0.45735520124435425,0.55,0.0,72.28460092287708,48.36010065801628,49152.000100000005,0.0,0.001051137107424438,0.21329918503761292,0.0,0.22583846747875214,0.24340951442718506,0.2530190646648407,-1.5558485984802246,-1.5226340293884277,-1.5044909715652466,0.0,1.0
50176,49,6,178.13092252492467,169.66666666666666,-0.003253353864420205,0.01099654003046453,-0.3136081710457802,0.0037850472013815305,0.0268310546875,0.547755166143179,0.09868834419175983,-1.5958998203277588,9.781383514404297,71.39170837402344,47.76179504394531,72.98760986328125,45.406639099121094,0.9580589466998133,1.0669022798538208,0.36242377758026123,0.55,0.0,72.26637857304804,48.34812917437723,50176.000100000005,0.0,-0.006315793842077255,0.21446236968040466,0.0,0.2257118821144104,0.24245305359363556,0.252353310585022,-1.556089162826538,-1.5244331359863281,-1.5057408809661865,0.0,1.0
51200,50,4,210.5185753697421,183.5,-0.0041758900159038605,0.010975693294312805,-0.3176050163805485,0.004420923600264359,0.0317626953125,0.5725204087793827,0.10352570652030409,-1.5320985317230225,9.595881462097168,82.54232788085938,41.11671447753906,84.07442474365234,39.37502670288086,0.9455330707433225,1.1355942487716675,0.32073748111724854,0.575,0.0,72.47189754202043,48.235589681116444,51200.000100000005,0.0,-0.010402512736618519,0.211601123213768,0.0,0.22648738324642181,0.24224220216274261,0.2512529790401459,-1.5546149015426636,-1.5248475074768066,-1.507807731628418,0.0,1.0
52224,51,7,140.43735327561154,144.85714285714286,-0.005613608343992382,0.031065668049268424,-0.31665430292487146,0.005880133551545441,0.0658935546875,0.5624534852802754,0.16778174256905914,-5.149819850921631,17.843120574951172,66.73751831054688,55.21377944946289,71.88734436035156,53.95906066894531,0.8955648730621265,0.9111441969871521,0.3855995237827301,0.55,0.0,72.35945886330235,48.388623965410545,52224.000100000005,0.0,0.001038109534420073,0.21274271607398987,0.0,0.22669783234596252,0.24272924661636353,0.2534116804599762,-1.5542149543762207,-1.5239378213882446,-1.5037540197372437,0.0,1.0
53248,52,6,234.60295757969277,190.83333333333334,-0.004633697669487446,0.016136997670400888,-0.3164281241595745,0.0020583708042977377,0.0412109375,0.5148908771574497,0.18690496319904923,0.5000327825546265,13.977376937866211,68.41090393066406,50.82233428955078,67.91087341308594,56.23463821411133,0.9243616264532251,0.8755497336387634,0.5560796856880188,0.55,0.05,72.28352514320952,48.43961471201228,53248.000100000005,0.0,-0.016359200701117516,0.21651506423950195,0.0,0.22476649284362793,0.24194872379302979,0.2512933015823364,-1.5578871965408325,-1.5253819227218628,-1.5077320337295532,0.0,1.0
54272,53,5,197.64126953489134,186.6,-0.003573930566199124,0.013415974681265652,-0.31880156993865966,0.003596641673357226,0.0345458984375,0.5762752953916788,0.17451642220839858,1.6099939346313477,12.927276611328125,61.06959533691406,50.990779876708984,59.459598541259766,55.55479049682617,0.9357266769190278,1.0780761241912842,0.630856454372406,0.575,0.05,72.07194150693921,48.512990936556704,54272.000100000005,0.0,-0.009604242630302906,0.21505774557590485,0.0,0.22271427512168884,0.24249063432216644,0.252665638923645,-1.5617928504943848,-1.52440345287323,-1.5051544904708862,0.0,1.0
55296,54,6,234.9794231713308,210.33333333333334,-0.0028555392869748174,0.01754008149728179,-0.3168267413973808,0.0004500405208091252,0.01845703125,0.5400458432734012,0.14184462996199726,-0.1811101734638214,13.330206871032715,65.37838745117188,47.00230407714844,65.55950164794922,50.207847595214844,0.9195667634321525,1.0187454223632812,0.3945010304450989,0.525,0.0,71.9479869072654,48.49383992717825,55296.000100000005,0.0,-0.013030161149799824,0.21467402577400208,0.0,0.22132302820682526,0.24194996058940887,0.2531180679798126,-1.5644426345825195,-1.5254021883010864,-1.504305124282837,0.0,1.0
56320,55,4,210.3542028892996,176.25,-0.004279264551587403,0.012268395745195448,-0.32352024838328364,0.00399432417616481,0.0305908203125,0.544203744828701,0.12273770375177265,2.703557014465332,10.72935962677002,73.9626693725586,42.485748291015625,71.25912475585938,46.46257019042969,0.9362234447519897,1.0008424520492554,0.3843831717967987,0.575,0.0,71.9846175334841,48.39200901558942,56320.000100000005,0.0,-0.0129464790225029,0.2112826555967331,0.0,0.2201482057571411,0.24042004346847534,0.2506888508796692,-1.5666813850402832,-1.5282922983169556,-1.508867859840393,0.0,1.0
57344,56,6,231.984801568844,210.16666666666666,-0.004365930799394846,0.018880448932759464,-0.3286884807050228,0.003246377415780444,0.038671875,0.5404250673949719,0.11601091539487243,-1.7015657424926758,13.637425422668457,64.92321014404297,47.6960334777832,66.62477111816406,45.577884674072266,0.9182476482489629,1.3243114948272705,0.28794461488723755,0.475,0.0,71.85852087378868,48.38870592099693,57344.000100000005,0.0,-0.011721168644726276,0.2134825438261032,0.0,0.22071687877178192,0.2404569387435913,0.2503488063812256,-1.5655975341796875,-1.5282363891601562,-1.5095069408416748,0.0,1.0
58368,57,4,164.9407893988373,164.75,-0.0027069987496361136,0.011303487024269998,-0.3279632940888405,0.002242664540244732,0.0235595703125,0.5200983367860317,0.08224134906195105,-1.1833274364471436,9.798568725585938,68.55067443847656,45.72936248779297,69.73400115966797,45.539371490478516,0.9540870770428984,0.8030581474304199,0.15785010159015656,0.55,0.0,71.80048849954164,48.34526205378419,58368.000100000005,0.0,-0.020150883123278618,0.21343810856342316,0.0,0.22189830243587494,0.24033857882022858,0.25006359815597534,-1.5633467435836792,-1.5284333229064941,-1.5100431442260742,0.0,1.0
59392,58,7,180.67088329711055,194.71428571428572,-0.003509358433075249,0.014116202876903117,-0.3288176454603672,0.0015498052089242265,0.0193359375,0.5116331409662962,0.14306475585326553,-4.585546493530273,11.676591873168945,73.711669921875,54.30289077758789,78.29721069335938,50.53814697265625,0.9537633503880829,0.956975519657135,0.4180680513381958,0.475,0.0,71.83343986876422,48.45482471488588,59392.000100000005,0.0,-0.019916309043765068,0.21405436098575592,0.0,0.22267763316631317,0.24024109542369843,0.2505260109901428,-1.5618627071380615,-1.5286026000976562,-1.50917387008667,0.0,1.0
60416,59,4,220.45368122404793,192.0,-0.005434820568189025,0.007044914329890161,-0.32821337357163427,0.006378841913829092,0.06181640625,0.5483020268380642,0.08377948570996523,0.9996224045753479,8.003538131713867,53.106658935546875,47.05040740966797,52.10704040527344,47.361446380615234,0.9710640784251235,1.0876723527908325,0.20316265523433685,0.45,0.0,71.51603685567474,48.4916472283253,60416.000100000005,0.0,-0.026083314791321754,0.21550056338310242,0.0,0.2220158576965332,0.2404569387435913,0.25208014249801636,-1.5631228685379028,-1.5282273292541504,-1.506253957748413,0.0,1.0
61440,60,6,187.953844267027,201.83333333333334,-0.004835656989598647,0.007666297623654827,-0.3312041759490967,0.003912144849891774,0.0430908203125,0.5024264894425869,0.14623233936727048,-1.2889773845672607,11.103053092956543,70.6393051147461,53.08203125,71.92828369140625,55.75686264038086,0.9562488262448929,0.7547714710235596,0.4740186929702759,0.375,0.0,71.5014247062643,48.57183841120837,61440.000100000005,0.0,-0.016360579058527946,0.21830497682094574,0.0,0.21966342628002167,0.23903502523899078,0.25130602717399597,-1.5676054954528809,-1.530915379524231,-1.5077080726623535,0.0,1.0
62464,61,4,226.83925111482134,195.5,-0.0032479173270985482,0.00554575765854679,-0.33928912281990053,0.0033148733084090052,0.018408203125,0.5482842341065407,0.1463521327357739,3.4904489517211914,8.557883262634277,65.30787658691406,46.84823226928711,61.81742477416992,50.59703826904297,0.9666307671104248,0.8954063057899475,0.547978937625885,0.625,0.025,71.39989110460749,48.55044655139487,62464.000100000005,0.0,-0.010206512175500393,0.21430572867393494,0.0,0.21855972707271576,0.23779159784317017,0.2512257397174835,-1.5697102546691895,-1.5332757234573364,-1.5078589916229248,0.0,1.0
63488,62,5,238.68079813154696,221.0,-0.003321049705846235,0.016566458041779697,-0.3421493463218212,0.005348692690313328,0.0472900390625,0.5781784031540156,0.18482232447713615,3.122201919555664,14.301801681518555,47.356719970703125,45.798587799072266,44.234519958496094,48.9755744934082,0.9024836814073799,1.4269047975540161,0.7659860849380493,0.55,0.05,71.01209804046528,48.601765306238114,63488.000100000005,0.0,-0.020548373460769653,0.21815085411071777,0.0,0.21981872618198395,0.23836274445056915,0.2516929805278778,-1.5673093795776367,-1.532179355621338,-1.5069811344146729,0.0,1.0
64512,63,5,199.4884931839012,213.2,-0.0028702549519948662,0.009436168917454779,-0.34049187004566195,0.003784882466425188,0.03291015625,0.5680815681815148,0.1160591697320342,-1.4955058097839355,10.460805892944336,70.43791198730469,57.37734603881836,71.93341827392578,54.729827880859375,0.9667608850372518,1.0806987285614014,0.36899447441101074,0.55,0.0,71.00298398121683,48.753452125810036,64512.000100000005,0.0,-0.009016066789627075,0.2167123407125473,0.0,0.21917925775051117,0.23798245191574097,0.2517777979373932,-1.568528652191162,-1.5328965187072754,-1.506821870803833,0.0,1.0
65536,64,4,210.82468466435887,203.5,-0.004311190784210339,0.010668734833598138,-0.3408425509929657,0.002791433192032855,0.0216796875,0.5085370052605868,0.14902203297242522,2.1470298767089844,11.453166007995605,70.90165710449219,54.304229736328125,68.75463104248047,59.67283630371094,0.9555180527093753,1.3016655445098877,0.6034218668937683,0.35,0.05,71.00140080506087,48.8450359250626,65536.0001,0.0,-0.025512486696243286,0.21419024467468262,0.0,0.21973317861557007,0.23836398124694824,0.2515047788619995,-1.5674724578857422,-1.5321732759475708,-1.5073347091674805,0.0,1.0
66560,65,6,232.4476827592147,216.66666666666666,-0.002656796085648239,0.02375099458731711,-0.3375540629029274,0.002705863138544373,0.0194091796875,0.5092794608324767,0.1735285257920623,-1.0881470441818237,17.57119369506836,61.14006805419922,54.3768424987793,62.228214263916016,52.45206069946289,0.895582208954423,0.8145865797996521,0.49002113938331604,0.55,0.0,70.84968801429156,48.94992623312982,66560.0001,0.0,-0.024440759792923927,0.2146141678094864,0.0,0.22285304963588715,0.23908795416355133,0.2507379949092865,-1.5615286827087402,-1.5308176279067993,-1.5087754726409912,0.0,1.0
67584,66,5,175.00537764173964,180.2,-0.0028906072955578567,0.017689274181611835,-0.3360138572752476,0.0040304027250385845,0.0234375,0.5339925087988376,0.17943560108542442,0.5833162069320679,15.971333503723145,65.17955017089844,51.59642028808594,64.59622192382812,55.35210037231445,0.9041828612374139,1.013669490814209,0.5689915418624878,0.475,0.05,70.76377674056226,48.99598732157262,67584.0001,0.0,-0.021130643784999847,0.21276207268238068,0.0,0.2230238914489746,0.23879657685756683,0.24900662899017334,-1.5612033605575562,-1.5313239097595215,-1.5120307207107544,0.0,1.0
68608,67,6,220.39908571353376,203.0,-0.004234215029282495,0.016418283770326524,-0.34128324314951897,0.004895145643968135,0.039697265625,0.5659119710326195,0.11480275439098478,-4.583513259887695,11.854547500610352,66.08677673339844,47.3101806640625,70.6702880859375,47.04697036743164,0.9372142944700583,1.218672275543213,0.3525847792625427,0.55,0.0,70.69397079777652,48.9745361894231,68608.0001,0.0,-0.029670150950551033,0.21584109961986542,0.0,0.22042854130268097,0.23714905977249146,0.24841587245464325,-1.5661470890045166,-1.5344377756118774,-1.5131421089172363,0.0,1.0
69632,68,6,165.9326196767456,183.83333333333334,-0.0032324485946446657,0.017742231069132686,-0.35024685859680177,0.003101613963372074,0.0291748046875,0.5321710627526045,0.11493575433269143,-3.271613121032715,13.017038345336914,46.96473693847656,51.21529769897461,50.236351013183594,50.39643478393555,0.9354011213284487,0.9348282217979431,0.2491685301065445,0.575,0.0,70.34501144081764,49.0913990112466,69632.0001,0.0,-0.033007796853780746,0.21789869666099548,0.0,0.21969087421894073,0.23575812578201294,0.24778226017951965,-1.567553162574768,-1.5370951890945435,-1.5143343210220337,0.0,1.0
70656,69,5,167.75013864969304,181.8,-0.0026939468632917853,0.012030878907535226,-0.3563056610524654,0.0017590482704690658,0.027392578125,0.5343407101929187,0.12019869256764651,0.23912476003170013,11.696332931518555,61.26471710205078,52.09223556518555,61.02558898925781,53.40768051147461,0.9495857351788723,1.0996484756469727,0.404641717672348,0.525,0.0,70.21341296086005,49.14818008782603,70656.0001,0.0,-0.04668455198407173,0.22091646492481232,0.0,0.21946430206298828,0.23510563373565674,0.24787181615829468,-1.5679851770401,-1.5383400917053223,-1.5141658782958984,0.0,1.0
71680,70,4,163.95329913345208,151.0,-0.0050753815041389315,0.026993192289955913,-0.3616155318915844,0.004743193881586194,0.0472900390625,0.6166275694966317,0.2552663850598037,-1.4978034496307373,19.628530502319336,46.42869567871094,50.55648422241211,47.92649841308594,57.33699417114258,0.8492623371595869,1.0193990468978882,0.845782458782196,0.625,0.125,69.8736312644045,49.24952474472414,71680.0001,0.0,-0.046241044998168945,0.21549610793590546,0.0,0.21817708015441895,0.23364293575286865,0.246908500790596,-1.5704401731491089,-1.541091799736023,-1.5159791707992554,0.0,1.0
72704,71,7,226.59890908736628,232.42857142857142,-0.0030519618303515017,0.011902446346357464,-0.3669981867074966,0.0017782209630240685,0.018115234375,0.47914396710693835,0.13492752369493247,0.20402678847312927,11.238472938537598,45.36098098754883,51.65306091308594,45.156951904296875,55.5274543762207,0.9526606314034707,0.8341800570487976,0.4601692259311676,0.375,0.0,69.52838266480687,49.36876812755064,72704.0001,0.0,-0.036330271512269974,0.21079765260219574,0.0,0.21775443851947784,0.2336443066596985,0.24705290794372559,-1.5712465047836304,-1.5410828590393066,-1.51570725440979,0.0,1.0
73728,72,2,215.2284927155389,193.5,-0.003441973135340959,0.015040319575928152,-0.365497674793005,0.0037782857805723326,0.021630859375,0.5376835603266954,0.22965492056682707,3.911888837814331,13.719308853149414,48.36678695678711,48.894039154052734,44.45489501953125,56.07701110839844,0.9212677573410324,0.8658294081687927,0.797842264175415,0.55,0.125,69.23447159127589,49.42429178672327,73728.0001,0.0,-0.04136960208415985,0.21395638585090637,0.0,0.2145008146762848,0.23404769599437714,0.24939775466918945,-1.5774590969085693,-1.5403741598129272,-1.5112950801849365,0.0,1.0
74752,73,8,195.90024668661016,203.125,-0.00424636917305179,0.007551469083409756,-0.3629817388951778,0.002465356927132234,0.03984375,0.589833864569664,0.07007210860028863,-0.41749757528305054,7.7266845703125,50.9942512512207,50.38035202026367,51.41175079345703,49.71525192260742,0.9764785549023609,0.9613555073738098,0.16964879631996155,0.75,0.0,68.9846055461158,49.48295574017403,74752.0001,0.0,-0.06088780239224434,0.2150917947292328,0.0,0.21135112643241882,0.23446184396743774,0.2499486356973648,-1.5834811925888062,-1.5395926237106323,-1.5102592706680298,0.0,1.0
75776,74,3,199.56318618661007,159.33333333333334,-0.0028472035424783825,0.021027973399031907,-0.36277665197849274,0.002701147568586748,0.0241455078125,0.48115959465503694,0.30410767439752817,8.00355339050293,16.41816520690918,46.447601318359375,42.7269172668457,38.44404602050781,49.7393684387207,0.8523456950377379,0.9333948493003845,1.2931337356567383,0.4,0.15,68.68005140888194,49.4663050130055,75776.0001,0.0,-0.04870513081550598,0.22097691893577576,0.0,0.209365576505661,0.23402629792690277,0.25038525462150574,-1.5872817039489746,-1.5404515266418457,-1.5094385147094727,0.0,1.0
76800,75,7,235.98704622353063,234.0,-0.003966519120149314,0.01588767401408404,-0.36365033984184264,0.0012059460350428708,0.033056640625,0.49857813827693465,0.13263622503727673,1.2442443370819092,12.749555587768555,44.18724822998047,53.35572814941406,42.94300842285156,54.24408721923828,0.9429010605548063,0.9297762513160706,0.38887324929237366,0.475,0.0,68.35348074988377,49.599793938306725,76800.0001,0.0,-0.04728282615542412,0.2212778925895691,0.0,0.20992882549762726,0.23435193300247192,0.25202059745788574,-1.5862032175064087,-1.5398341417312622,-1.5063657760620117,0.0,1.0
77824,76,2,154.42009184228044,178.0,-0.0027624052483588455,0.006424178023007698,-0.3628733642399311,0.0013144982600351795,0.017919921875,0.5325327880680562,0.1281393518205732,7.141610145568848,8.074762344360352,62.08454895019531,42.54853057861328,54.94293975830078,43.30249786376953,0.9639844235499245,0.9713760018348694,0.4469727873802185,0.525,0.0,68.27099479333057,49.51868691752233,77824.0001,0.0,-0.03631175681948662,0.21644845604896545,0.0,0.20861203968524933,0.23413671553134918,0.2528015077114105,-1.5887247323989868,-1.540234088897705,-1.5048993825912476,0.0,1.0
78848,77,5,238.50536795742954,224.8,-0.0053034565702546384,0.009600723476614803,-0.3623566865921021,0.005956640333170071,0.053125,0.5906727865338326,0.15521815549582244,4.415504455566406,9.716109275817871,52.915382385253906,49.04366683959961,48.4998779296875,51.304786682128906,0.9607518777483861,1.1957523822784424,0.49371764063835144,0.65,0.0,68.07157129087844,49.54306022156678,78848.0001,0.0,-0.03107086569070816,0.22147421538829803,0.0,0.20961154997348785,0.2349226474761963,0.25394994020462036,-1.5868107080459595,-1.5387643575668335,-1.5027439594268799,0.0,1.0
79872,78,4,292.07980992967833,255.75,-0.004549086978659034,0.00984533691080287,-0.3590176396071911,0.0030727267701877283,0.0270751953125,0.5015204668045044,0.17831078171730042,5.220639228820801,10.386992454528809,63.6708984375,45.813270568847656,58.45025634765625,46.137611389160156,0.9485959888602082,1.0986098051071167,0.6292939782142639,0.35,0.025,68.0151523746545,49.499496790847104,79872.0001,0.0,-0.0129154734313488,0.22084149718284607,0.0,0.21048642694950104,0.23478765785694122,0.2538992464542389,-1.5851359367370605,-1.5389944314956665,-1.5028389692306519,0.0,1.0
80896,79,8,210.98370808961826,195.875,-0.004028280969941988,0.009397486911620945,-0.3607583448290825,0.004771821293979883,0.02802734375,0.5099679309874773,0.11075857314281165,-3.0359883308410645,9.702735900878906,68.47357177734375,46.388179779052734,71.50955963134766,42.96471405029297,0.9562504390515685,0.9627597332000732,0.31127414107322693,0.45,0.0,68.02095513963022,49.46136262779148,80896.0001,0.0,-0.016632728278636932,0.21505336463451385,0.0,0.20939435064792633,0.23464803397655487,0.2546174228191376,-1.5872266292572021,-1.5392627716064453,-1.501491665840149,0.0,1.0
81920,80,4,159.27962784608104,172.0,-0.0027532567153684797,0.01376855446724221,-0.3636403664946556,0.0021890629635890947,0.0250244140625,0.557326091453433,0.11766702150925994,0.7485195398330688,12.548312187194824,52.65802764892578,47.51567840576172,51.909507751464844,47.11420822143555,0.9302576276532399,1.0538049936294556,0.259941041469574,0.5,0.0,67.82891851262245,49.46697055745914,81920.0001,0.0,-0.02616933546960354,0.21874399483203888,0.0,0.2081393450498581,0.23342202603816986,0.25347089767456055,-1.5896302461624146,-1.541595458984375,-1.5036427974700928,0.0,1.0
82944,81,4,227.97906707359846,223.75,-0.004237844550516456,0.010019554384052753,-0.37218214347958567,0.004887537390459329,0.0421875,0.6088800292462111,0.13533518891781568,4.534693717956543,9.548713684082031,62.685672760009766,55.78561019897461,58.15097427368164,58.356807708740234,0.9707015004443177,1.1540509462356567,0.4643629491329193,0.6,0.0,67.76542160623703,49.55314579312099,82944.0001,0.0,-0.02608330547809601,0.2165348082780838,0.0,0.20619019865989685,0.23200766742229462,0.2509278953075409,-1.5933659076690674,-1.5443115234375,-1.5084185600280762,0.0,1.0
83968,82,7,210.85380482387222,207.28571428571428,-0.0024889148306101562,0.011213971086544917,-0.38136960864067077,0.002393852573004551,0.0156494140625,0.5638624183833599,0.12028972245752811,-1.3834009170532227,12.291656494140625,59.090843200683594,50.337623596191406,60.474246978759766,49.6159553527832,0.9403740424987721,1.1003503799438477,0.36025723814964294,0.65,0.0,67.65963405934758,49.57193123612363,83968.0001,0.0,-0.020574556663632393,0.21477527916431427,0.0,0.20349715650081635,0.2300342172384262,0.24841921031475067,-1.5985321998596191,-1.5480403900146484,-1.5131357908248901,0.0,1.0
84992,83,3,115.90789372148248,159.0,-0.0009087348240427673,0.02394754718989134,-0.3893319681286812,0.00186416760989232,0.0096923828125,0.5366675928235054,0.22720341701060534,-0.21993932127952576,18.735403060913086,48.80451202392578,55.21875762939453,49.024452209472656,58.23881912231445,0.8848794689671373,0.9380955696105957,0.7383519411087036,0.475,0.075,67.43246391444708,49.68639068926349,84992.0001,0.0,-0.0158796738833189,0.21519163250923157,0.0,0.2025763988494873,0.22951479256153107,0.2474210560321808,-1.6002998352050781,-1.5490187406539917,-1.5150141716003418,0.0,1.0
86016,84,6,232.82451620563438,220.0,-0.002686513456865214,0.013387718674493954,-0.3883972972631454,0.0030262055777711796,0.020751953125,0.4856950677931309,0.21500336285680532,3.2885725498199463,14.857076644897461,62.750396728515625,50.922115325927734,59.461822509765625,54.930328369140625,0.9148756589299184,0.8509721755981445,0.7592288851737976,0.4,0.075,67.37672500945173,49.70387652719694,86016.0001,0.0,-0.022528553381562233,0.21235892176628113,0.0,0.20240390300750732,0.23024845123291016,0.24893257021903992,-1.6006309986114502,-1.5476326942443848,-1.5121699571609497,0.0,1.0
87040,85,5,174.38756232413624,175.4,-0.002326685190200806,0.032598786917515096,-0.3851183824241161,0.002791768753377255,0.0282958984375,0.5497843462973833,0.3289101394824684,-6.384761810302734,22.806900024414062,74.616943359375,54.52375411987305,81.001708984375,57.71541976928711,0.8250310278286842,1.0759437084197998,1.0808964967727661,0.55,0.125,67.46190412993549,49.76941804734975,87040.0001,0.0,-0.004964988678693771,0.2174612581729889,0.0,0.20445875823497772,0.23055601119995117,0.249123215675354,-1.596686840057373,-1.5470274686813354,-1.511811375617981,0.0,1.0
88064,86,6,255.08178771948033,232.16666666666666,-0.004255982511676848,0.022659617755562068,-0.3828056685626507,0.002851828804705292,0.0322021484375,0.5690681234002113,0.20743504762649537,-2.246258497238159,15.606546401977539,64.45896911621094,54.04635238647461,66.7052230834961,58.74856948852539,0.916616364870041,0.9843376278877258,0.5892394781112671,0.65,0.075,67.42698622396055,49.822299788709344,88064.0001,0.0,-0.0141732944175601,0.21483439207077026,0.0,0.20744481682777405,0.2310149073600769,0.2473645955324173,-1.59096097946167,-1.5461500883102417,-1.515120506286621,0.0,1.0
89088,87,6,168.0398486386633,167.0,-0.002973677543923259,0.016410885960794985,-0.38340039998292924,0.003136162387090735,0.0272216796875,0.49694606848061085,0.1548048251308501,-3.375150203704834,12.834151268005371,50.67608642578125,50.42848205566406,54.051239013671875,52.60921859741211,0.935228721223157,0.8661040663719177,0.38447409868240356,0.45,0.0,67.23444715029721,49.86128958000165,89088.0001,0.0,-0.008525346405804157,0.2232697457075119,0.0,0.2067335695028305,0.23029865324497223,0.24650374054908752,-1.5923242568969727,-1.5475224256515503,-1.516741394996643,0.0,1.0
90112,88,5,130.16988012439052,152.4,-0.0024384793417993934,0.02029349687509239,-0.38563596084713936,0.0020297482449677775,0.0177978515625,0.5442298777401448,0.17301343698054553,-3.0475525856018066,16.063814163208008,69.6353988647461,52.72946548461914,72.68295288085938,52.75613021850586,0.9071908919765193,1.1608279943466187,0.4298363924026489,0.55,0.0,67.2617306380339,49.89545763190576,90112.0001,0.0,-0.017167888581752777,0.22169138491153717,0.0,0.2057565599679947,0.23038922250270844,0.24794664978981018,-1.594197392463684,-1.5473264455795288,-1.5140249729156494,0.0,1.0
91136,89,5,158.39394977321265,183.4,-0.005390534608159215,0.020699816569685937,-0.38712887465953827,0.007630752479599323,0.04658203125,0.5581409946084023,0.1745352689176798,-0.7571981549263,17.695188522338867,61.459068298339844,44.19516372680664,62.216270446777344,43.025081634521484,0.839689906399201,0.9652279615402222,0.446248322725296,0.55,0.0,67.19653220255277,49.83878437131729,91136.0001,0.0,-0.03242092207074165,0.2126264125108719,0.0,0.20573821663856506,0.22957216203212738,0.24647992849349976,-1.5942325592041016,-1.5488909482955933,-1.5167862176895142,0.0,1.0
92160,90,3,316.65335396941026,274.3333333333333,-0.0043764948262833055,0.009860082267550752,-0.3919032596051693,0.0015831689917831682,0.03623046875,0.53817552998662,0.1639239897020161,6.257503509521484,10.795788764953613,55.17073059082031,47.463802337646484,48.91322326660156,48.95336151123047,0.94826507991325,0.8529449701309204,0.5019054412841797,0.55,0.025,67.06291215567803,49.82896520687601,92160.0001,0.0,-0.05484691262245178,0.21771113574504852,0.0,0.20570048689842224,0.22878789901733398,0.2443239539861679,-1.5943050384521484,-1.550351619720459,-1.5208485126495361,0.0,1.0
93184,91,5,222.557585129093,232.2,-0.00330973343225196,0.014051076711621136,-0.3912313416600227,0.00376632909901673,0.0315673828125,0.5046983093023301,0.12056287480518221,-0.38368821144104004,13.786039352416992,63.13221740722656,48.80449676513672,63.51591110229492,48.0169792175293,0.9202080076923489,0.8693571090698242,0.2961249351501465,0.525,0.0,67.01971775836623,49.81950710858028,93184.0001,0.0,-0.03724614158272743,0.2214488983154297,0.0,0.2079584002494812,0.23021727800369263,0.24667665362358093,-1.5899769067764282,-1.5476670265197754,-1.5164157152175903,0.0,1.0
94208,92,7,183.4872610807528,186.85714285714286,-0.004796871886355802,0.007729190250393004,-0.3851172089576721,0.002858643850777298,0.054638671875,0.5429488562047482,0.09328155629336835,-1.4305740594863892,9.329261779785156,56.86839294433594,49.677764892578125,58.29896545410156,48.18880844116211,0.9647328419410278,0.9798805713653564,0.30208873748779297,0.55,0.0,66.90937725961638,49.82908710732279,94208.0001,0.0,-0.023190712556242943,0.2234630286693573,0.0,0.2079666256904602,0.2302006632089615,0.24656696617603302,-1.5899611711502075,-1.5476876497268677,-1.5166223049163818,0.0,1.0
95232,93,6,188.12024279517655,184.33333333333334,-0.005585863348096609,0.007187894091475755,-0.3867126442492008,0.0037395368359284475,0.04384765625,0.4939238362014294,0.09193565030582249,0.5209444761276245,9.452112197875977,67.83168029785156,46.189903259277344,67.31072998046875,45.08766174316406,0.9581241561584023,0.9147005677223206,0.2625444829463959,0.425,0.0,66.91929443574735,49.791461653653094,95232.0001,0.0,-0.026169544085860252,0.2210848033428192,0.0,0.20786504447460175,0.23022310435771942,0.2466983050107956,-1.590155839920044,-1.5476454496383667,-1.516374945640564,0.0,1.0
96256,94,4,195.43709005789754,192.5,-0.0037505202228203414,0.007968120207078756,-0.38582918494939805,0.004262430216476787,0.03076171875,0.5295405827462674,0.09372654780745507,-0.9098823666572571,9.269402503967285,63.97452926635742,49.00530242919922,64.88441467285156,47.14190673828125,0.9642218954110244,0.955272912979126,0.22781896591186523,0.45,0.0,66.88796716110006,49.784080251929154,96256.0001,0.0,-0.05236572027206421,0.22162483632564545,0.0,0.208489790558815,0.23031151294708252,0.24652478098869324,-1.588958978652954,-1.5474523305892944,-1.5167016983032227,0.0,1.0
97280,95,6,172.70468133188237,187.0,-0.003083697147667408,0.005966139025986195,-0.38427274823188784,0.002530327803106047,0.0197021484375,0.5229050073772669,0.09342955718748272,-3.750638484954834,8.532957077026367,75.23330688476562,57.064453125,78.98394775390625,54.33303451538086,0.9776402029241643,0.9942940473556519,0.3029869794845581,0.525,0.0,66.97581281575656,49.87352425888263,97280.0001,0.0,-0.05487793684005737,0.21987159550189972,0.0,0.21268166601657867,0.23073633015155792,0.24467302858829498,-1.5809361934661865,-1.5466175079345703,-1.5201904773712158,0.0,1.0
98304,96,6,169.56823190597456,192.5,-0.00409731847466901,0.02808515166398138,-0.3812167838215828,0.00588494460680522,0.0461669921875,0.5297233071178198,0.2391149766743183,-9.060070037841797,18.27056884765625,42.605384826660156,53.37587356567383,51.66545104980469,55.529876708984375,0.8828306086229226,0.8130216002464294,0.7933667302131653,0.55,0.075,66.7219541876632,49.97256697965574,98304.0001,0.0,-0.04679220914840698,0.2171817421913147,0.0,0.2134702205657959,0.2313860058784485,0.2446533441543579,-1.5794286727905273,-1.545387864112854,-1.5202276706695557,0.0,1.0
99328,97,6,130.24929194343147,167.5,-0.004584772599628195,0.006017638585763052,-0.3778116159141064,0.005133284199109767,0.048876953125,0.6009776063263417,0.11627883859910071,-2.037139892578125,9.56666088104248,45.27891540527344,50.406070709228516,47.31605529785156,52.69138717651367,0.963979062062456,1.3142403364181519,0.3252984583377838,0.7,0.0,66.50089190785037,50.02396860103324,99328.0001,0.0,-0.027126014232635498,0.2188204526901245,0.0,0.21136729419231415,0.2319057583808899,0.24530868232250214,-1.5834503173828125,-1.5444337129592896,-1.51899254322052,0.0,1.0
100352,98,6,173.43469906662293,188.16666666666666,-0.0033962054294534028,0.008794713835231959,-0.3763186395168304,0.0025548843885189855,0.02978515625,0.5704638369381427,0.15718677770346404,0.3895263373851776,11.7539701461792,42.560142517089844,54.145416259765625,42.170616149902344,58.438690185546875,0.9528756023300265,1.139085292816162,0.5205111503601074,0.525,0.025,66.25659853770858,50.12551471971706,100352.0001,0.0,-0.03522279113531113,0.2171143889427185,0.0,0.2122899889945984,0.23187972605228424,0.24615588784217834,-1.5816853046417236,-1.5444554090499878,-1.5173964500427246,0.0,1.0
101376,99,3,126.16341984153489,152.66666666666666,-0.0028317818185314538,0.007582820695824921,-0.37571599930524824,0.0031102356311748735,0.021044921875,0.5605061762034893,0.17390285362489522,3.0947299003601074,10.931159019470215,45.77621841430664,47.363670349121094,42.681488037109375,52.24741744995117,0.9467350218100719,0.9603843688964844,0.5694635510444641,0.6,0.075,66.04972601018245,50.14021898530225,101376.0001,0.0,-0.038846954703330994,0.2174094170331955,0.0,0.21319136023521423,0.2321850061416626,0.24849028885364532,-1.5799617767333984,-1.5438672304153442,-1.5130020380020142,0.0,1.0
102400,100,7,181.83540510445678,198.14285714285714,-0.003988405596464873,0.0061705452972091734,-0.3747417971491814,0.004375991821871139,0.037109375,0.5851883441209793,0.09908085707575083,2.7643370628356934,9.261004447937012,54.25093460083008,51.61492919921875,51.486595153808594,51.659847259521484,0.9678066931698961,1.211190104484558,0.27120378613471985,0.575,0.0,65.93173808430592,50.16891811556977,102400.0001,0.0,-0.03363659977912903,0.21767760813236237,0.0,0.2130596935749054,0.23215581476688385,0.2482644021511078,-1.5802134275436401,-1.5439425706863403,-1.5134270191192627,0.0,1.0
103424,101,5,211.4667764602628,203.4,-0.0033782414509914817,0.011911455763038249,-0.37528250738978386,0.0027244559940299952,0.0363525390625,0.5934560045599937,0.17018952229991555,4.401488780975342,11.805403709411621,33.8687858581543,44.40410232543945,29.467296600341797,47.201602935791016,0.9293169136408939,1.2347025871276855,0.4986705183982849,0.625,0.0,65.61428312102571,50.21553673457765,103424.0001,0.0,-0.027760664001107216,0.219552680850029,0.0,0.2124723494052887,0.23185910284519196,0.24718384444713593,-1.581336498260498,-1.5444883108139038,-1.515460729598999,0.0,1.0
104448,102,4,213.97537829956846,215.0,-0.00443657417781651,0.010308638907736168,-0.37878240197896956,0.005495970061747357,0.0487548828125,0.6366893984377384,0.19456777526065708,4.9214935302734375,12.691107749938965,59.02002716064453,51.58130645751953,54.09853744506836,54.45942306518555,0.9394639084517534,1.7719080448150635,0.6019933223724365,0.675,0.05,65.54963358612281,50.23330883068018,104448.0001,0.0,-0.01743273250758648,0.21603824198246002,0.0,0.21259473264217377,0.23114903271198273,0.2470875382423401,-1.5811024904251099,-1.5458306074142456,-1.5156420469284058,0.0,1.0
105472,103,7,228.3412030837153,221.71428571428572,-0.0031105497153475882,0.015062484797090292,-0.3805969960987568,0.003146280899818521,0.025537109375,0.5548294872045517,0.17291540512815118,0.2226961851119995,13.477590560913086,52.11427307128906,58.11946105957031,51.891578674316406,61.938114166259766,0.9462248832587313,0.9198879599571228,0.5494877696037292,0.55,0.025,65.41919320492666,50.33305873998612,105472.0001,0.0,-0.03151917830109596,0.21552203595638275,0.0,0.21401254832744598,0.23114223778247833,0.2486313432455063,-1.5783920288085938,-1.5458577871322632,-1.5127366781234741,0.0,1.0
106496,104,4,150.13566417874392,172.5,-0.004588131455238909,0.006610505748540163,-0.3817190505564213,0.004977287726069335,0.036083984375,0.5840187933295965,0.10927716679871083,-2.531606435775757,8.393959999084473,61.499900817871094,49.8895263671875,64.03150939941406,46.72610092163086,0.9716916208333768,1.1116180419921875,0.41695377230644226,0.6,0.0,65.38150770968942,50.330265842183536,106496.0001,0.0,-0.04593627527356148,0.21751324832439423,0.0,0.21468012034893036,0.23093466460704803,0.24943968653678894,-1.5771164894104004,-1.5462589263916016,-1.511216163635254,0.0,1.0
107520,105,4,150.9484170392023,176.5,-0.0033210180583409963,0.014073475636541844,-0.383896267414093,0.0030877055076416584,0.0228271484375,0.4882877007126808,0.1583853906020522,1.2179148197174072,13.579937934875488,47.96436309814453,47.64494323730469,46.74644470214844,49.66720962524414,0.9187614961411643,1.10789155960083,0.3953578770160675,0.35,0.0,65.21563013065055,50.333801680616176,107520.0001,0.0,-0.028368709608912468,0.21857352554798126,0.0,0.21478965878486633,0.23003245890140533,0.24719035625457764,-1.5769071578979492,-1.5479761362075806,-1.5154485702514648,0.0,1.0
108544,106,5,220.00172964999615,214.2,-0.003630083554890007,0.011086970951873809,-0.38860933631658556,0.002286011428805068,0.0481201171875,0.6150447111576796,0.1994233620353043,2.5381851196289062,12.474567413330078,50.362640380859375,52.5721435546875,47.82445526123047,54.99321365356445,0.943695953827122,1.241207242012024,0.5999407768249512,0.65,0.05,65.07550760935605,50.37584939427031,108544.0001,0.0,-0.03345758840441704,0.21165160834789276,0.0,0.21391192078590393,0.2294178158044815,0.2470417618751526,-1.5785844326019287,-1.5491093397140503,-1.515728235244751,0.0,1.0
109568,107,4,270.91481850607477,276.25,-0.0023877133848145605,0.009990469354670494,-0.39411643221974374,0.0030646808561868967,0.0177490234375,0.5692776434123517,0.14777225395664573,3.5739684104919434,10.417625427246094,63.80780029296875,52.8334846496582,60.23383331298828,55.90878677368164,0.9611206472813845,1.211300015449524,0.47729170322418213,0.625,0.0,65.06365987408971,50.39952032535548,109568.0001,0.0,-0.047540247440338135,0.21640275418758392,0.0,0.21157494187355042,0.22794444859027863,0.24694740772247314,-1.5830529928207397,-1.5519484281539917,-1.5159058570861816,0.0,1.0
110592,108,5,193.90798831213934,223.4,-0.004453607235336676,0.012478772352915257,-0.39819073900580404,0.0036263872403651475,0.047900390625,0.5252019964158535,0.13904433129355312,-1.8931419849395752,12.636443138122559,67.24998474121094,54.48106002807617,69.14312744140625,50.592041015625,0.9462029422131375,0.973677933216095,0.4959300756454468,0.475,0.0,65.08390364384807,50.43926200721224,110592.0001,0.0,-0.04255256429314613,0.2186191827058792,0.0,0.211687833070755,0.228730246424675,0.24923036992549896,-1.5828371047973633,-1.5504746437072754,-1.5116099119186401,0.0,1.0
111616,109,5,225.64488757123982,214.4,-0.004421865264885127,0.00687512347358279,-0.39096811339259147,0.004235448704275768,0.03056640625,0.5741908617317677,0.08092556553892791,1.9838762283325195,8.654780387878418,64.2974624633789,49.84664535522461,62.31358337402344,47.79490280151367,0.9698532698226775,1.0642038583755493,0.27773070335388184,0.525,0.0,65.07668854048646,50.43391257340087,111616.0001,0.0,-0.035711225122213364,0.22137154638767242,0.0,0.21450282633304596,0.2298467606306076,0.2496468424797058,-1.5774551630020142,-1.5483139753341675,-1.5108267068862915,0.0,1.0
112640,110,4,260.47340155483096,242.0,-0.004975247802212835,0.00745975598692894,-0.38913924917578696,0.0040716906529269185,0.0399169921875,0.569183960556984,0.10447434964589775,0.2500205636024475,9.354793548583984,57.840003967285156,46.663578033447266,57.589988708496094,50.3408317565918,0.9598105281992138,0.9838964343070984,0.37033650279045105,0.6,0.0,65.01090053125756,50.405587045265,112640.0001,0.0,-0.047542016953229904,0.2173478901386261,0.0,0.2150573432445526,0.2292758822441101,0.24772781133651733,-1.5763957500457764,-1.5493890047073364,-1.5144368410110474,0.0,1.0
113664,111,5,177.04655184516798,197.2,-0.0033415060257539152,0.01773730864515528,-0.39443748593330386,0.00336542354489211,0.0296875,0.5004503700882197,0.28723077913746237,3.5025603771209717,17.280555725097656,43.46269226074219,54.98997497558594,39.96012878417969,60.57675552368164,0.9012474272943891,1.0344158411026,0.9104499220848083,0.45,0.175,64.8167725158227,50.48981630928667,113664.0001,0.0,-0.058123067021369934,0.21632908284664154,0.0,0.21386948227882385,0.228004589676857,0.24589651823043823,-1.5786654949188232,-1.5518110990524292,-1.5178850889205933,0.0,1.0
114688,112,4,265.8881220412096,251.5,-0.0037396042607724667,0.010822160018142313,-0.4022148624062538,0.00261231006734306,0.0293701171875,0.581582523137331,0.1900118425488472,2.3772449493408203,12.917379379272461,53.018280029296875,43.764732360839844,50.64103317260742,47.198883056640625,0.9128835345429347,0.9196536540985107,0.6181952357292175,0.65,0.075,64.71142881839006,50.44594928758161,114688.0001,0.0,-0.0543273501098156,0.21615950763225555,0.0,0.21405795216560364,0.22671963274478912,0.24359488487243652,-1.5783052444458008,-1.5542479753494263,-1.5222232341766357,0.0,1.0
115712,113,6,194.21601734408503,217.83333333333334,-0.0035951322759501638,0.009750637016259134,-0.4098538517951965,0.0024325001329998487,0.03173828125,0.6163814283907414,0.11660203132778406,1.3415577411651611,10.962767601013184,54.635215759277344,56.529808044433594,53.29364776611328,56.94136047363281,0.9623915516524152,0.983071506023407,0.3090416491031647,0.75,0.0,64.62225874162108,50.51181900447904,115712.0001,0.0,-0.04772888496518135,0.21691086888313293,0.0,0.21394219994544983,0.22523774206638336,0.24195502698421478,-1.578526496887207,-1.5570505857467651,-1.5253169536590576,0.0,1.0
116736,114,4,138.9347110030528,163.75,-0.0037970617064274847,0.009966095502022654,-0.41705445349216463,0.0030798063569818625,0.03447265625,0.4907845824956894,0.13923730542883278,0.7077154517173767,12.476910591125488,55.65095138549805,44.85603332519531,54.9432373046875,44.84733200073242,0.9226300362412189,0.9869998693466187,0.38525259494781494,0.425,0.0,64.54356306638206,50.47189579840353,116736.0001,0.0,-0.056526023894548416,0.21932943165302277,0.0,0.21373261511325836,0.2241964340209961,0.23968321084976196,-1.5789270401000977,-1.5590386390686035,-1.5296070575714111,0.0,1.0
117760,115,5,250.1525114991652,231.2,-0.005425030167680233,0.004980289173545316,-0.4229247994720936,0.004544069946859963,0.0455078125,0.6130215376615524,0.07262379475869238,-0.07336965203285217,7.874789714813232,81.87992095947266,48.01725387573242,81.95329284667969,47.760841369628906,0.9731042745940485,1.2375257015228271,0.15933682024478912,0.55,0.0,64.69431401542825,50.47673514557265,117760.0001,0.0,-0.023349275812506676,0.21740689873695374,0.0,0.21540872752666473,0.22320133447647095,0.23657341301441193,-1.5757246017456055,-1.5609111785888672,-1.5354868173599243,0.0,1.0
118784,116,6,170.31185376739134,196.83333333333334,-0.00428336780751124,0.015459859732072801,-0.42401729226112367,0.00492844340915326,0.043603515625,0.5789023268967867,0.18731413641944528,-2.1617913246154785,15.369210243225098,55.04730987548828,59.320430755615234,57.209102630615234,57.86468505859375,0.9328734221074062,1.0546433925628662,0.5789562463760376,0.6,0.05,64.61115020152755,50.56744955521289,118784.0001,0.0,-0.035836633294820786,0.2154596447944641,0.0,0.2170979380607605,0.22444814443588257,0.2377289980649948,-1.572499394416809,-1.558519959449768,-1.5333008766174316,0.0,1.0
119808,117,6,179.53032825579814,193.0,-0.0049741518218070265,0.01768657147185877,-0.417953684926033,0.005841835809405893,0.0395263671875,0.4876440688967705,0.24038401506841184,-4.316380023956299,18.178630828857422,58.920753479003906,53.51528549194336,63.23713302612305,51.65147399902344,0.88461042314838,1.3292710781097412,0.7444120645523071,0.35,0.1,64.56251433086331,50.59608412434481,119808.0001,0.0,-0.021789848804473877,0.21531246602535248,0.0,0.21716852486133575,0.22460182011127472,0.23886342346668243,-1.5723646879196167,-1.558267593383789,-1.5311561822891235,0.0,1.0
120832,118,1,385.07236234311017,323.0,-0.00480518841650337,0.011359226790955291,-0.4168172128498554,0.0040763234545011075,0.036865234375,0.512610224634409,0.23558472115546464,5.4435648918151855,14.148072242736816,48.89759826660156,42.356529235839844,43.45403289794922,49.0031623840332,0.8884283591124669,1.1376559734344482,0.8917022347450256,0.45,0.1,64.42976079728001,50.55230065031794,120832.0001,0.0,-0.047607582062482834,0.21558617055416107,0.0,0.21686922013759613,0.22495903074741364,0.2408476620912552,-1.572935938835144,-1.5575681924819946,-1.5274075269699097,0.0,1.0
121856,119,6,242.76130522183644,239.5,-0.002604588947724551,0.007929868646897376,-0.41552090644836426,0.003043377221911214,0.015185546875,0.4914326146245003,0.14570770384743809,2.5465004444122314,10.65588665008545,61.46830368041992,58.43442916870117,58.92180252075195,62.529029846191406,0.966746176183792,0.7809259295463562,0.47766825556755066,0.425,0.0,64.40487459555139,50.62437227323351,121856.0001,0.0,-0.03307292237877846,0.21507985889911652,0.0,0.2150084674358368,0.2249344438314438,0.24243155121803284,-1.5764892101287842,-1.5576400756835938,-1.524417757987976,0.0,1.0
122880,120,4,197.91873856294785,207.0,-0.0035073533130344004,0.009060161281377077,-0.4152676686644554,0.005732422666915227,0.0407958984375,0.5422927055507898,0.1697758729569614,2.4177608489990234,12.626267433166504,66.65164947509766,50.421592712402344,64.23388671875,51.23094177246094,0.9372928844995569,1.0842487812042236,0.5095870494842529,0.525,0.05,64.42359770493778,50.62309783069155,122880.0001,0.0,-0.029061904177069664,0.21961861848831177,0.0,0.21307243406772614,0.2252904176712036,0.2438591718673706,-1.5801891088485718,-1.556949496269226,-1.521724820137024,0.0,1.0
123904,121,6,241.2463997785609,247.5,-0.0025858856504783036,0.015132947138044982,-0.41447539925575255,0.00453705946856644,0.0350341796875,0.6075119353830815,0.14321103850379585,-0.6113710403442383,14.348272323608398,69.5000991821289,63.83153533935547,70.11146545410156,61.26730728149414,0.9494723991557179,0.9815785884857178,0.43467578291893005,0.7,0.0,64.46555227430632,50.748430461114445,123904.0001,0.0,-0.015286465175449848,0.22048571705818176,0.0,0.21181495487689972,0.2250962257385254,0.2443748265504837,-1.5825939178466797,-1.5573512315750122,-1.5207526683807373,0.0,1.0
124928,122,3,172.5938047367707,195.66666666666666,-0.004369621723890304,0.01724019836401567,-0.4172575980424881,0.005869316226744558,0.048291015625,0.5622368954122067,0.22880459642037748,-6.485854625701904,16.73153305053711,76.1373291015625,50.23582458496094,82.62318420410156,49.35259246826172,0.8890711893098235,1.0470885038375854,0.6838491559028625,0.575,0.075,64.56122258691626,50.755161126072515,124928.0001,0.0,-0.03534502908587456,0.21574299037456512,0.0,0.20969654619693756,0.22439509630203247,0.24541635811328888,-1.5866479873657227,-1.5586771965026855,-1.5187896490097046,0.0,1.0
125952,123,6,212.55062274706845,214.0,-0.0034692210669163615,0.009701426245737822,-0.41642526164650917,0.004607064017909579,0.032421875,0.5807540457695722,0.16516208425164222,0.7105560302734375,13.738789558410645,66.58728790283203,61.85377883911133,65.8767318725586,62.84638595581055,0.9506639433906218,0.9792135953903198,0.41548436880111694,0.675,0.0,64.57769465932591,50.85548630151622,125952.0001,0.0,-0.056668151170015335,0.2186627835035324,0.0,0.21035945415496826,0.22553282976150513,0.2482437640428543,-1.585378885269165,-1.5565361976623535,-1.5134658813476562,0.0,1.0
126976,124,4,147.66777536976537,169.75,-0.004443441139301285,0.01743510552914813,-0.4083787173032761,0.004757247879751958,0.0464599609375,0.5246175944805145,0.18236462995409966,0.11563527584075928,16.308237075805664,62.36613464355469,51.77642059326172,62.25049591064453,54.047176361083984,0.9007912386103668,1.0280710458755493,0.5538771748542786,0.4,0.05,64.55985947535854,50.86336448641083,126976.0001,0.0,-0.027677170932292938,0.21782222390174866,0.0,0.21033822000026703,0.22730053961277008,0.25229179859161377,-1.5854196548461914,-1.5531986951828003,-1.5058565139770508,0.0,1.0
128000,125,5,283.4135221099176,270.6,-0.005414457502774894,0.004636092798318714,-0.4066626258194447,0.002437001685029827,0.0470947265625,0.6059365309774876,0.09395218593999743,-0.5091532468795776,7.161691188812256,71.61759948730469,59.99454879760742,72.12675476074219,62.974178314208984,0.9857502403388436,1.1364959478378296,0.2680506408214569,0.575,0.0,64.616321381822,50.946788574576814,128000.0001,0.0,-0.045713797211647034,0.22408568859100342,0.0,0.2068231701850891,0.22520913183689117,0.25059974193573,-1.59215247631073,-1.5571719408035278,-1.509035348892212,0.0,1.0
129024,126,5,149.95403464342402,176.2,-0.004597866843687371,0.01779044606955722,-0.4188919335603714,0.008247284863318782,0.0510986328125,0.6092047601938247,0.14684009579941631,-4.813432693481445,12.809460639953613,69.80125427246094,54.538917541503906,74.61469268798828,53.676483154296875,0.9448369017546542,0.9205671548843384,0.41399046778678894,0.675,0.0,64.65747167009121,50.97837013162961,129024.0001,0.0,-0.011792627163231373,0.21881014108657837,0.0,0.20449669659137726,0.22406810522079468,0.2502155303955078,-1.5966140031814575,-1.559367060661316,-1.5097575187683105,0.0,1.0
130048,127,7,193.59908399828865,205.57142857142858,-0.004063832887914032,0.009600040037184954,-0.42154971435666083,0.0043529289789148605,0.0473876953125,0.5345613978803158,0.09530417565256358,-3.0972230434417725,10.783352851867676,56.01100540161133,55.12405014038086,59.10823059082031,53.591835021972656,0.9617329092668064,1.1304874420166016,0.38715070486068726,0.525,0.0,64.58938926238119,51.01805342127688,130048.0001,0.0,-0.02540024183690548,0.2183137983083725,0.0,0.20357094705104828,0.22409260272979736,0.2504494786262512,-1.5983905792236328,-1.5593403577804565,-1.5093177556991577,0.0,1.0
131072,128,2,120.03822342399647,157.5,-0.004167606506962329,0.014951436617411672,-0.42418033480644224,0.006328799900074955,0.0548095703125,0.7230962932109832,0.23648005146533252,4.250861644744873,16.22017478942871,42.116455078125,49.59471130371094,37.865596771240234,55.496360778808594,0.8930353241592023,1.486858606338501,0.794388473033905,0.775,0.1,64.4138194860649,51.0454475619023,131072.0001,0.0,-0.026696553453803062,0.21700172126293182,0.0,0.20215846598148346,0.2228194922208786,0.24893955886363983,-1.601102352142334,-1.5617445707321167,-1.5121568441390991,0.0,1.0
132096,129,7,238.2915942426999,236.85714285714286,-0.0035389182972721755,0.012999977066647262,-0.43039520606398585,0.0022590029911953025,0.0255859375,0.5112236261367797,0.17466867361217736,-3.9764046669006348,15.130141258239746,59.56751251220703,60.662071228027344,63.543914794921875,62.507137298583984,0.9377912423410886,0.9689787030220032,0.4783863425254822,0.45,0.0,64.37625120497457,51.12871879433174,132096.0001,0.0,-0.02584747038781643,0.21717780828475952,0.0,0.20303423702716827,0.22208838164806366,0.24562865495681763,-1.5994207859039307,-1.563104510307312,-1.5183897018432617,0.0,1.0
133120,130,4,121.75440712404999,157.75,-0.005187445506453514,0.012342176970560104,-0.4326323322951794,0.0051085177474305965,0.04951171875,0.5358441773802042,0.13549391366541386,-3.460273504257202,13.810164451599121,78.58313751220703,52.08353805541992,82.04341125488281,50.711673736572266,0.9296932899799404,0.9918785095214844,0.34322988986968994,0.525,0.0,64.48553498408334,51.15119348567406,133120.0001,0.0,-0.027829602360725403,0.21667644381523132,0.0,0.2039129137992859,0.22224938869476318,0.2448742687702179,-1.5977342128753662,-1.562798023223877,-1.5198112726211548,0.0,1.0
134144,131,5,230.33083714588938,236.6,-0.003737100586295128,0.00798544007120654,-0.4331134594976902,0.0005246526066912338,0.022607421875,0.5360142733901739,0.13374796672724187,1.262890100479126,9.772138595581055,46.141822814941406,59.99456024169922,44.87893295288086,63.24148941040039,0.9734688889081721,0.8558675646781921,0.49869993329048157,0.6,0.0,64.34550665574896,51.24935805167227,134144.0001,0.0,-0.06210273504257202,0.21942046284675598,0.0,0.20239709317684174,0.2214369922876358,0.24493980407714844,-1.6006441116333008,-1.5643476247787476,-1.5196876525878906,0.0,1.0
135168,132,7,171.56839574113548,190.42857142857142,-0.003334822383476421,0.012451431597582996,-0.4373421885073185,0.003659377561416477,0.0234375,0.5979369655251503,0.19317651772871614,-6.28948450088501,14.259379386901855,67.15863800048828,59.429107666015625,73.4481201171875,59.71145248413086,0.9424291266909085,1.155078649520874,0.5575423240661621,0.575,0.025,64.36681826934259,51.31680718052014,135168.0001,0.0,-0.05544273927807808,0.21959276497364044,0.0,0.1995818167924881,0.22116221487522125,0.24494418501853943,-1.6060532331466675,-1.564902663230896,-1.5196794271469116,0.0,1.0
136192,133,4,220.43184695571057,210.5,-0.0047865262313280255,0.010846935294102878,-0.4384750068187714,0.003335701512696687,0.0383544921875,0.5955775171518326,0.1337769514415413,-2.0507149696350098,12.623417854309082,62.58812713623047,51.629058837890625,64.63883972167969,55.293941497802734,0.9402186819690734,0.8902952671051025,0.46203696727752686,0.65,0.0,64.35344466907644,51.31939203658747,136192.0001,0.0,-0.048789698630571365,0.22112250328063965,0.0,0.1981554627418518,0.22089044749736786,0.24456481635570526,-1.6087960004806519,-1.5654112100601196,-1.5203945636749268,0.0,1.0
137216,134,6,162.42859485915332,187.0,-0.003251590550644323,0.021999156090896577,-0.44020461961627005,0.0020678352360846476,0.026806640625,0.5364596799015999,0.2597815450280905,-0.5101221799850464,19.429784774780273,43.924564361572266,56.389774322509766,44.434688568115234,61.683650970458984,0.8812768863002636,0.7598053216934204,0.8191611170768738,0.525,0.125,64.2009903317581,51.38917007847992,137216.0001,0.0,-0.03607013449072838,0.22145552933216095,0.0,0.19701610505580902,0.2205648571252823,0.2449219673871994,-1.6109880208969116,-1.566043734550476,-1.519721269607544,0.0,1.0
138240,135,3,228.7740116269159,223.33333333333334,-0.0033626922639086844,0.007390437315916642,-0.44220718666911124,0.003096072017797269,0.024951171875,0.5465987164527177,0.12223564274609089,-0.10305768251419067,10.353106498718262,57.89404296875,52.151466369628906,57.99710464477539,50.20014953613281,0.9605898229356912,0.864835262298584,0.32090193033218384,0.675,0.0,64.1542722105957,51.3977034730756,138240.0001,0.0,-0.04730033501982689,0.21121706068515778,0.0,0.19540788233280182,0.22031943500041962,0.24598786234855652,-1.6140837669372559,-1.5665332078933716,-1.517712950706482,0.0,1.0
139264,136,5,175.5196775000546,196.8,-0.0038683016202412544,0.008800783491460606,-0.4409526325762272,0.005326335319841747,0.0502197265625,0.551263764500618,0.16512122596614062,-0.4730943441390991,12.281291961669922,67.07238006591797,56.33098220825195,67.54547119140625,60.26642608642578,0.9524672006383844,1.1489185094833374,0.5463345646858215,0.575,0.05,64.17572889139355,51.43630856412147,139264.0001,0.0,-0.04479402303695679,0.21335941553115845,0.0,0.1973469853401184,0.22102253139019012,0.2468455731868744,-1.610351324081421,-1.5651994943618774,-1.5160976648330688,0.0,1.0
140288,137,8,188.3118373086309,194.75,-0.0020897229318507017,0.016600276564713568,-0.43921984136104586,0.002552510853274725,0.0111328125,0.5590606942772866,0.15113641880452633,-6.370175838470459,12.911901473999023,59.48424530029297,60.5662956237793,65.85442352294922,59.016136169433594,0.9545516255974247,1.0570924282073975,0.4387311339378357,0.625,0.0,64.1414844980923,51.51036233672204,140288.0001,0.0,-0.0752578154206276,0.21491579711437225,0.0,0.19549262523651123,0.22067970037460327,0.24876993894577026,-1.6139205694198608,-1.565867304801941,-1.5124759674072266,0.0,1.0
141312,138,4,137.69706866787658,172.5,-0.004098150902427733,0.010627381165977567,-0.44561931267380717,0.002927387901581824,0.0343994140625,0.5241565208882093,0.1578951886855066,-0.37730634212493896,13.156042098999023,41.741004943847656,44.5705451965332,42.118309020996094,46.97533416748047,0.9128726243234911,0.8982980847358704,0.47547706961631775,0.525,0.0,63.97916217820413,51.49849909718591,141312.0001,0.0,-0.09368390589952469,0.21811027824878693,0.0,0.1934501975774765,0.2188391089439392,0.2472875714302063,-1.6178547143936157,-1.569356083869934,-1.5152654647827148,0.0,1.0
142336,139,5,218.75829963236865,223.8,-0.003293274491443299,0.008031346014468,-0.4505972385406494,0.0024251324284705333,0.0353271484375,0.5988734111189842,0.10624275133013725,-0.4746803641319275,9.92441177368164,60.963626861572266,53.13180923461914,61.43830871582031,55.721961975097656,0.9651100512661329,1.2859808206558228,0.3482952415943146,0.625,0.0,63.957467674041084,51.511064941000065,142336.0001,0.0,-0.08099934458732605,0.21902398765087128,0.0,0.1949683427810669,0.2193177193403244,0.24740445613861084,-1.6149301528930664,-1.568472981452942,-1.515045404434204,0.0,1.0
143360,140,4,201.50339789234368,195.25,-0.004533317754976451,0.01082592025049962,-0.45043099150061605,0.004714360742946155,0.0431396484375,0.5525264732539654,0.16348834447562693,4.791431427001953,11.171243667602539,44.68349838256836,55.90910720825195,39.892066955566406,57.34879684448242,0.9600756440327017,0.9089717864990234,0.4722971022129059,0.5,0.0,63.81979645568224,51.56935998122581,143360.0001,0.0,-0.06359970569610596,0.22408220171928406,0.0,0.1933198720216751,0.2183135747909546,0.24730321764945984,-1.6181058883666992,-1.5703924894332886,-1.5152360200881958,0.0,1.0
144384,141,3,217.30288433976796,229.66666666666666,-0.003128443966852501,0.006355637451633811,-0.4547885753214359,0.0012752635782817378,0.02265625,0.5842710074037314,0.1392016505356878,-0.834123432636261,9.921767234802246,70.92813110351562,47.42915344238281,71.76225280761719,49.91157150268555,0.9562389902146117,1.0607599020004272,0.401564359664917,0.7,0.0,63.87021019531218,51.544619463578556,144384.0001,0.0,-0.055076733231544495,0.2159326821565628,0.0,0.1917644590139389,0.2181822657585144,0.24681106209754944,-1.6211042404174805,-1.5706251859664917,-1.516162633895874,0.0,1.0
145408,142,8,207.02134762353896,218.125,-0.004416701337322593,0.010600278986385093,-0.4528102561831474,0.00588824396400014,0.04453125,0.5759819477796555,0.16596299586817623,-6.412875175476074,12.727277755737305,66.9010009765625,63.98738479614258,73.31387329101562,63.53761291503906,0.9604376256170395,0.9735731482505798,0.6213746070861816,0.575,0.025,63.89155376211009,51.643349342313805,145408.0001,0.0,-0.05618445947766304,0.21656952798366547,0.0,0.19221320748329163,0.21926186978816986,0.24801845848560333,-1.620239019393921,-1.568585753440857,-1.5138897895812988,0.0,1.0
146432,143,5,159.7856890649881,164.2,-0.0029433302348479628,0.007633406447712332,-0.4511012680828571,0.004528066914645024,0.027685546875,0.5646976497024297,0.10535907037556172,0.637271523475647,9.840622901916504,45.79676055908203,41.992286682128906,45.159488677978516,43.32004928588867,0.9450830831261445,1.0472575426101685,0.316898375749588,0.675,0.0,63.76501674175962,51.60416376022963,146432.0001,0.0,-0.05836455151438713,0.21877335011959076,0.0,0.1903710663318634,0.21804672479629517,0.24833998084068298,-1.6237916946411133,-1.5709177255630493,-1.5132848024368286,0.0,1.0
147456,144,5,214.75255932912228,223.0,-0.00495193648384884,0.007145987020339817,-0.4617088407278061,0.004726603934250307,0.0390869140625,0.5561644352972508,0.1468906383961439,2.7718582153320312,9.936040878295898,53.886966705322266,51.900604248046875,51.115108489990234,54.22797775268555,0.963349327820678,0.9421629309654236,0.43895015120506287,0.6,0.0,63.69641918207834,51.612747446498894,147456.0001,0.0,-0.059020791202783585,0.2144107222557068,0.0,0.1871226727962494,0.21600699424743652,0.2466786950826645,-1.6300623416900635,-1.5748251676559448,-1.5164119005203247,0.0,1.0
148480,145,6,158.73197615225448,179.5,-0.004623379861004651,0.014166578964795918,-0.46951896473765375,0.0023489962506573646,0.03662109375,0.545257655531168,0.19768767757341266,-2.1179327964782715,15.034884452819824,59.447757720947266,53.26816177368164,61.565696716308594,51.348026275634766,0.9203355212975282,0.9071556925773621,0.5318159461021423,0.575,0.025,63.66711808749995,51.62554329433658,148480.0001,0.0,-0.07411548495292664,0.21191683411598206,0.0,0.18729044497013092,0.21568751335144043,0.24620765447616577,-1.6297383308410645,-1.5754190683364868,-1.517298936843872,0.0,1.0
149504,146,2,87.14835860557544,129.5,-0.0044391908217221495,0.012818515696562827,-0.4693119257688522,0.00390112710010726,0.044091796875,0.5791828747838735,0.2193686321377754,2.9082233905792236,15.7677001953125,45.62599182128906,46.90153884887695,42.71776580810547,50.273193359375,0.8869781210887081,1.256259799003601,0.7317867279052734,0.55,0.1,63.543548726306526,51.616110085776675,149504.0001,0.0,-0.07095473259687424,0.21093891561031342,0.0,0.1888452172279358,0.2155839204788208,0.24559751152992249,-1.6267361640930176,-1.575590968132019,-1.5184483528137207,0.0,1.0
150528,147,7,251.85859992737392,251.14285714285714,-0.005285752890631557,0.008806010760599748,-0.4716000333428383,0.0075923249416518955,0.05888671875,0.6106536328792572,0.11361859273165464,1.5684555768966675,10.23425579071045,67.00906372070312,54.11370849609375,65.44059753417969,52.43315887451172,0.9642317288603051,1.218759298324585,0.32727357745170593,0.65,0.0,63.567123633684865,51.63429444456509,150528.0001,0.0,-0.05545460060238838,0.20910920202732086,0.0,0.18745727837085724,0.21498100459575653,0.24521592259407043,-1.6294161081314087,-1.5767747163772583,-1.519167423248291,0.0,1.0
151552,148,3,180.14495218465348,193.66666666666666,-0.004232354834675789,0.00854325267719105,-0.4730810135602951,0.0044361679800204,0.0312255859375,0.5621086470782757,0.10489647015929222,1.4362680912017822,9.948654174804688,53.385154724121094,48.65407180786133,51.948883056640625,48.16149139404297,0.9581890245481332,1.3183739185333252,0.28695452213287354,0.525,0.0,63.498326530474344,51.62147468413119,151552.0001,0.0,-0.06568031758069992,0.21112790703773499,0.0,0.18686112761497498,0.21541492640972137,0.2454964518547058,-1.6305675506591797,-1.5759371519088745,-1.5186387300491333,0.0,1.0
152576,149,6,196.63271523567485,199.66666666666666,-0.006350976479006931,0.019825395569205283,-0.4720267869532108,0.0047461605456192045,0.0505859375,0.5783505886793137,0.25059758936986326,2.2724356651306152,17.704181671142578,56.8641357421875,56.56550598144531,54.59170150756836,60.669620513916016,0.9020400890175433,1.2561140060424805,0.7975538969039917,0.65,0.1,63.45380176573973,51.65907325804346,152576.0001,0.0,-0.07600097358226776,0.2162076085805893,0.0,0.18743479251861572,0.2148689180612564,0.24624371528625488,-1.6294595003128052,-1.5769916772842407,-1.5172311067581177,0.0,1.0
153600,150,5,247.44573542411754,217.8,-0.0035629886260721833,0.00577319830772467,-0.476753069460392,0.003427161683794111,0.0348388671875,0.5887442596256733,0.07910451986826957,1.580787181854248,7.456811904907227,53.86940383911133,48.12004852294922,52.28861999511719,49.48348617553711,0.9759865666897393,1.1380236148834229,0.22290000319480896,0.575,0.0,63.3899057777629,51.64217300416005,153600.0001,0.0,-0.07534462958574295,0.213571235537529,0.0,0.18560993671417236,0.21387501060962677,0.24619345366954803,-1.6329851150512695,-1.5788854360580444,-1.517325758934021,0.0,1.0
154624,151,6,196.05870492004138,209.0,-0.004022680467460305,0.00408276733069215,-0.48099455535411834,0.005409603726002387,0.044287109375,0.6253303226083518,0.11509080873802305,4.005367755889893,6.977890968322754,48.29529571533203,56.072776794433594,44.28993225097656,56.84691619873047,0.9845138224527152,1.3418703079223633,0.3974470794200897,0.6,0.0,63.28994149604444,51.68726637461941,154624.0001,0.0,-0.07617335766553879,0.2137129008769989,0.0,0.1834806352853775,0.21369796991348267,0.24753348529338837,-1.6371018886566162,-1.5792897939682007,-1.5148025751113892,0.0,1.0
155648,152,2,241.62478459132026,223.5,-0.004279302281793207,0.00631872404483147,-0.4821590334177017,0.0027354944468243048,0.0283203125,0.560714629292488,0.15807209396734834,5.792741775512695,8.222102165222168,64.05108642578125,52.27984619140625,58.25834274291992,56.01885223388672,0.9752658384025197,0.9291855692863464,0.5100023150444031,0.525,0.025,63.294949000805154,51.69122372278023,155648.0001,0.0,-0.06336543709039688,0.21055667102336884,0.0,0.18209990859031677,0.213240385055542,0.24745593965053558,-1.6397731304168701,-1.580159306526184,-1.5149486064910889,0.0,1.0
156672,153,4,216.18228490275536,227.5,-0.0034437392139807345,0.012723645975347609,-0.4839651361107826,0.004631043315748684,0.0244140625,0.5327548604458571,0.13288493128493428,4.001891613006592,12.058398246765137,54.732177734375,46.164390563964844,50.73028564453125,47.107730865478516,0.9317716279963919,0.8676909804344177,0.4281567931175232,0.55,0.0,63.23898319223346,51.66162844209839,156672.0001,0.0,-0.03961186110973358,0.20852656662464142,0.0,0.1822880357503891,0.21305376291275024,0.24621367454528809,-1.639409065246582,-1.5804959535598755,-1.5172876119613647,0.0,1.0
157696,154,7,225.38171870667313,228.14285714285714,-0.0018714998615905643,0.013914078997913748,-0.4860211402177811,0.003023340756772086,0.015625,0.5029824055731297,0.11401669578626752,-0.11134731769561768,13.417707443237305,46.97376251220703,55.23088836669922,47.08510971069336,54.86354064941406,0.9409808948841614,0.8468610048294067,0.3011647164821625,0.475,0.0,63.133364876583414,51.702108795412585,157696.0001,0.0,-0.037160906940698624,0.20822714269161224,0.0,0.18245212733745575,0.21245227754116058,0.24577583372592926,-1.6390916109085083,-1.5816559791564941,-1.5181124210357666,0.0,1.0
158720,155,3,217.88321928711264,257.3333333333333,-0.004262240848038346,0.011504232499282807,-0.4852291539311409,0.0031128735761740247,0.0296875,0.4496850039809942,0.1279171431902796,-0.4012545645236969,12.166263580322266,61.81134796142578,49.758338928222656,62.21260070800781,46.245670318603516,0.9402163191593713,0.924394965171814,0.33345016837120056,0.275,0.0,63.124835727230355,51.68991097975412,158720.0001,0.0,-0.06868273764848709,0.21039840579032898,0.0,0.18344703316688538,0.21389879286289215,0.24807339906692505,-1.637166976928711,-1.5788803100585938,-1.5137864351272583,0.0,1.0
159744,156,4,182.98469838196493,190.75,-0.004547793604433537,0.008748738665599377,-0.4780347965657711,0.004558203506167047,0.042626953125,0.6105272069573402,0.17946062423288822,3.5005288124084473,11.214658737182617,54.47541046142578,51.39403533935547,50.974884033203125,54.457645416259766,0.9523846863821585,1.1102265119552612,0.5197170972824097,0.65,0.05,63.06939069730647,51.6926288665634,159744.0001,0.0,-0.08781027793884277,0.21108603477478027,0.0,0.18453364074230194,0.21427397429943085,0.24784187972545624,-1.6350656747817993,-1.578170657157898,-1.5142221450805664,0.0,1.0
160768,157,7,231.4506681434302,233.85714285714286,-0.004932281462242827,0.009452209644950926,-0.4763960286974907,0.006442102187429554,0.0440673828125,0.6246750771999359,0.14467807849869133,-2.8375191688537598,11.832947731018066,62.77516174316406,60.83904266357422,65.6126708984375,57.65601348876953,0.9621713274753019,1.2725679874420166,0.4620026648044586,0.575,0.0,63.06751662658987,51.75600671713667,160768.0001,0.0,-0.06652706861495972,0.21291571855545044,0.0,0.1870114803314209,0.21497535705566406,0.24705097079277039,-1.630277156829834,-1.5768121480941772,-1.5157109498977661,0.0,1.0
161792,158,5,154.96908985218613,177.0,-0.0018352497951127588,0.009268607711419463,-0.4735795736312866,0.002634991705417633,0.0161376953125,0.5058012954890728,0.14760876595973968,1.0173039436340332,12.612323760986328,59.72306442260742,56.212005615234375,58.70575714111328,57.77814865112305,0.9496578144387167,0.9233149886131287,0.39700883626937866,0.525,0.0,63.04634919212485,51.78609415560122,161792.0001,0.0,-0.05615540221333504,0.21184255182743073,0.0,0.18711285293102264,0.21467901766300201,0.24714909493923187,-1.6300814151763916,-1.5773831605911255,-1.5155261754989624,0.0,1.0
162816,159,2,230.64832725057968,229.0,-0.0024862235062755645,0.005950539736659266,-0.47741779759526254,0.003910135228943545,0.0233154296875,0.5450309924781322,0.1869672005996108,0.5987691879272461,11.26887321472168,65.24396514892578,53.297218322753906,64.64519500732422,60.41942596435547,0.955295424928181,0.983722448348999,0.6267248392105103,0.575,0.05,63.06017067437883,51.79602721118749,162816.0001,0.0,-0.04925065115094185,0.20821638405323029,0.0,0.18557415902614594,0.21389245986938477,0.24848823249340057,-1.633054256439209,-1.578897476196289,-1.5130058526992798,0.0,1.0
163840,160,5,232.2404598761418,244.8,-0.00458213072270155,0.008133550168713555,-0.48135110139846804,0.0051483669900335375,0.0349609375,0.5406286604702473,0.1743159169331193,3.8113114833831787,11.271650314331055,56.534088134765625,58.6609001159668,52.7227783203125,60.47865295410156,0.9630786507487157,0.8642278909683228,0.6553877592086792,0.625,0.025,63.01938265502559,51.84430694319431,163840.0001,0.0,-0.06583607941865921,0.20929482579231262,0.0,0.18491259217262268,0.21351635456085205,0.24822880327701569,-1.6343330144882202,-1.5796209573745728,-1.5134940147399902,0.0,1.0
164864,161,5,254.9466548495362,253.6,-0.004525178286712617,0.00355793671333231,-0.48294955492019653,0.006213740148814395,0.0433837890625,0.5598978668451309,0.08990773796103894,2.6597023010253906,6.122708797454834,56.85614776611328,57.394100189208984,54.19644546508789,59.299095153808594,0.9886197249582139,0.9217095971107483,0.2548206150531769,0.675,0.0,62.981101688169936,51.882869636584566,164864.0001,0.0,-0.07447598874568939,0.21034227311611176,0.0,0.18398207426071167,0.21297399699687958,0.24786387383937836,-1.6361322402954102,-1.5806450843811035,-1.5141807794570923,0.0,1.0
165888,162,6,196.63877142721972,209.66666666666666,-0.0040018536616116766,0.012125915964134037,-0.48914460837841034,0.0026850519599975085,0.0329833984375,0.528915848582983,0.1646397864446044,-7.794819355010986,11.446800231933594,64.7857894897461,57.16704177856445,72.58061218261719,54.8588752746582,0.9599062513108553,1.0891461372375488,0.5652511715888977,0.525,0.025,62.992241731321705,51.91733017370083,165888.0001,0.0,-0.07373728603124619,0.20808802545070648,0.0,0.18196839094161987,0.21140162646770477,0.24554604291915894,-1.640027642250061,-1.5836561918258667,-1.518545389175415,0.0,1.0
166912,163,7,158.94473120189645,188.14285714285714,-0.004243167280219495,0.010540594113990664,-0.5007880359888077,0.0030126756464596838,0.0275634765625,0.6026710748672486,0.14676965083926916,-6.199353218078613,11.693787574768066,42.35792541503906,53.211708068847656,48.55727767944336,54.519840240478516,0.9517056917968428,1.1324169635772705,0.3818173110485077,0.625,0.0,62.86565082338282,51.95036179371962,166912.0001,0.0,-0.09031128883361816,0.21284456551074982,0.0,0.17778697609901428,0.20911480486392975,0.24399714171886444,-1.6481256484985352,-1.5880684852600098,-1.5214647054672241,0.0,1.0
167936,164,4,127.4475327831915,159.0,-0.005867227050475776,0.007712888991227374,-0.5127092406153679,0.00454974021849921,0.054443359375,0.6590167641639709,0.1356698817573488,-5.514923095703125,12.497945785522461,54.814208984375,49.310245513916016,60.329132080078125,49.93743133544922,0.9357603909548464,1.1511766910552979,0.43959343433380127,0.7,0.0,62.81655665870735,51.938452414764136,167936.0001,0.0,-0.07657267898321152,0.21649843454360962,0.0,0.17905300855636597,0.20736300945281982,0.2409272938966751,-1.6456725597381592,-1.5913652181625366,-1.5272572040557861,0.0,1.0
168960,165,7,154.13285351996538,176.14285714285714,-0.00361828135792166,0.0052440046652918685,-0.5204637944698334,0.0017187559875310398,0.03212890625,0.6027371905744076,0.11980617744848132,-2.6447861194610596,9.652164459228516,58.35908508300781,61.28128433227539,61.003875732421875,63.36526107788086,0.9751918895513635,1.021932601928711,0.35433581471443176,0.675,0.0,62.789541687559776,52.00128263413265,168960.0001,0.0,-0.07282734662294388,0.21488109230995178,0.0,0.1810004711151123,0.20616894960403442,0.23809365928173065,-1.6419011354446411,-1.5936158895492554,-1.53261137008667,0.0,1.0
169984,166,5,157.26967013207178,170.8,-0.006181966478470713,0.007039707573130727,-0.5242371767759323,0.006686356577847619,0.080029296875,0.6421039268374443,0.11169349243864417,-1.4211881160736084,10.657886505126953,43.833587646484375,48.39698791503906,45.25477600097656,50.74787521362305,0.9515040470475089,1.4999866485595703,0.3516235649585724,0.675,0.0,62.6753491937774,52.00101032043158,169984.0001,0.0,-0.07271461188793182,0.2105061411857605,0.0,0.18188925087451935,0.206292524933815,0.2369094341993332,-1.6401808261871338,-1.5933881998062134,-1.53485107421875,0.0,1.0
171008,167,6,162.43977996596445,179.16666666666666,-0.003225453197956085,0.008425516315037384,-0.5237777531147003,0.00450335314089898,0.02880859375,0.5489247247576714,0.11466534212231635,-5.048622131347656,10.905089378356934,58.241600036621094,54.31926345825195,63.29022216796875,52.94084930419922,0.9596957639806353,0.895065426826477,0.3474733233451843,0.7,0.0,62.64879979328961,52.01632430894677,171008.0001,0.0,-0.04858778044581413,0.20784685015678406,0.0,0.18087799847126007,0.20604683458805084,0.2375064641237259,-1.6421382427215576,-1.5938773155212402,-1.533721685409546,0.0,1.0
172032,168,6,148.07864680246738,172.5,-0.004209543671458959,0.006532457127468661,-0.5255225077271461,0.0035533155445591547,0.041943359375,0.6267400689423084,0.0925962463952601,1.720138669013977,10.902905464172363,50.59739685058594,51.17488479614258,48.87725830078125,49.71436309814453,0.9546088964991908,1.5066256523132324,0.27559390664100647,0.65,0.0,62.577065238220875,52.019616597726305,172032.0001,0.0,-0.04854784533381462,0.2082538902759552,0.0,0.18111567199230194,0.20581209659576416,0.23630164563655853,-1.6416780948638916,-1.5942902565002441,-1.5360010862350464,0.0,1.0
173056,169,2,153.73482704702872,177.5,-0.003388400189578533,0.012243459356250241,-0.5263429179787635,0.0012445173386367969,0.0171142578125,0.5297816462814808,0.23258824795484542,6.210953712463379,13.475360870361328,38.78234100341797,44.103755950927734,32.571388244628906,49.143280029296875,0.9066467065301511,1.0256733894348145,0.9217184782028198,0.45,0.125,62.436268063558764,52.00835081833037,173056.0001,0.0,-0.06278958171606064,0.21209849417209625,0.0,0.17897020280361176,0.20557262003421783,0.23596051335334778,-1.645832896232605,-1.5947550535202026,-1.5366466045379639,0.0,1.0
174080,170,8,258.74911143712706,244.375,-0.0039377804438117895,0.007643893483327701,-0.5299001157283783,0.0043961595496512015,0.0373291015625,0.6413437016308308,0.15869378806091844,3.093748092651367,9.528823852539062,42.98749542236328,53.41940689086914,39.893741607666016,56.20856475830078,0.9681814413085762,1.166832685470581,0.6126770973205566,0.7,0.025,62.321863492495154,52.038020533364026,174080.0001,0.0,-0.08548226207494736,0.20991955697536469,0.0,0.17726415395736694,0.20458786189556122,0.23678965866565704,-1.6491390466690063,-1.5966874361038208,-1.535077691078186,0.0,1.0
175104,171,3,135.79264884645673,172.33333333333334,-0.002889452374074608,0.008900803222786635,-0.5370301499962806,0.0029921582798124293,0.01904296875,0.5387412551790476,0.12444583866745233,-1.8628919124603271,11.484696388244629,38.54652404785156,43.11763000488281,40.40941619873047,43.684913635253906,0.9290537839980815,1.2329193353652954,0.3583661913871765,0.575,0.0,62.18282642977722,52.021899346093996,175104.0001,0.0,-0.09278032183647156,0.216274693608284,0.0,0.1748247593641281,0.20317469537258148,0.2364734411239624,-1.65386962890625,-1.5994048118591309,-1.5356760025024414,0.0,1.0
176128,172,6,169.2813792177822,178.5,-0.0034393981914035976,0.0016265455778921023,-0.5392330467700959,0.0035418822211795487,0.023486328125,0.5036643266677856,0.049437891133129595,0.7197186350822449,4.526099681854248,63.47304153442383,42.849159240722656,62.75332260131836,44.120140075683594,0.9888425878576705,0.9704487919807434,0.14761506021022797,0.425,0.0,62.190327674026925,51.97334097176222,176128.0001,0.0,-0.050479497760534286,0.20832403004169464,0.0,0.17536869645118713,0.20439429581165314,0.23925606906414032,-1.652814507484436,-1.597093105316162,-1.53041410446167,0.0,1.0
177152,173,4,170.1484986168624,191.0,-0.002734482451342046,0.010397675831336528,-0.5280735149979592,0.0016293386492179708,0.0180908203125,0.5405150458216668,0.20985755212605,6.143157958984375,12.23526382446289,29.1705379486084,43.861839294433594,23.027379989624023,46.41698455810547,0.922186852118372,1.1198598146438599,0.7110625505447388,0.5,0.075,61.999461839660974,51.99038989437912,177152.0001,0.0,-0.06573832780122757,0.2123689204454422,0.0,0.1783096194267273,0.20654962956905365,0.24039986729621887,-1.6471128463745117,-1.5929220914840698,-1.528253197669983,0.0,1.0
178176,174,6,221.72606539108799,222.33333333333334,-0.005156051722588017,0.0064401988813187925,-0.5212019547820091,0.005378375278087333,0.0351318359375,0.5424686089158058,0.1348469417542219,5.973160266876221,8.244488716125488,59.84906768798828,54.872859954833984,53.87590408325195,55.77010726928711,0.9774258055447523,1.0588581562042236,0.4977351725101471,0.5,0.0,61.98710322406624,52.00766628028784,178176.0001,0.0,-0.0649612545967102,0.212035670876503,0.0,0.1788465529680252,0.2064596563577652,0.23921777307987213,-1.6460723876953125,-1.5931051969528198,-1.5304864645004272,0.0,1.0
179200,175,5,204.55220506901958,214.2,-0.0050656678387895225,0.011013553990051151,-0.5259392082691192,0.005762138267164119,0.05810546875,0.6027522049844265,0.13298576707020401,-4.552030563354492,11.761148452758789,47.08174133300781,48.73367691040039,51.63377380371094,48.91988754272461,0.9417573475770021,1.0414215326309204,0.502197265625,0.65,0.025,61.901929740814225,52.00168187962048,179200.0001,0.0,-0.04601861536502838,0.21436668932437897,0.0,0.1782955378293991,0.205378457903862,0.2365657538175583,-1.6471400260925293,-1.5951447486877441,-1.53550124168396,0.0,1.0
180224,176,5,174.79093670734207,202.6,-0.003993681154679507,0.005148725790786557,-0.5338296249508858,0.0032255371566861867,0.0393798828125,0.5559166945517063,0.0996351485606283,2.4419476985931396,9.390172004699707,54.957984924316406,52.20870590209961,52.51603698730469,54.331268310546875,0.9676509739419801,1.3723193407058716,0.34771451354026794,0.625,0.0,61.86247551435537,52.00547962051471,180224.0001,0.0,-0.05706260725855827,0.21153870224952698,0.0,0.1758764237165451,0.20329558849334717,0.23455309867858887,-1.651829719543457,-1.599129319190979,-1.5393112897872925,0.0,1.0
181248,177,4,202.68560254585816,203.5,-0.004557511978782713,0.009356667409883812,-0.5447064697742462,0.002262920074281283,0.031787109375,0.5786762166768312,0.16351624885573984,4.919101715087891,11.126079559326172,53.13765335083008,51.78461456298828,48.21855163574219,53.96064376831055,0.9538381957386696,1.4037854671478271,0.5496123433113098,0.625,0.05,61.8131827401354,52.00834587724413,181248.0001,0.0,-0.06993597000837326,0.21110370755195618,0.0,0.17335662245750427,0.20179098844528198,0.2337806224822998,-1.6567187309265137,-1.6020493507385254,-1.5407744646072388,0.0,1.0
182272,178,3,236.4940759143478,231.66666666666666,-0.005083422007737681,0.005960272601805627,-0.553923386335373,0.0034523552661994473,0.0314697265625,0.5901248909533023,0.1432757491711527,4.162453651428223,8.411930084228516,58.78390121459961,47.03676986694336,54.62144470214844,47.730140686035156,0.9680172038926215,1.0325074195861816,0.40596070885658264,0.65,0.0,61.79616429227258,51.98223691831535,182272.0001,0.0,-0.04937832057476044,0.2046699821949005,0.0,0.17121703922748566,0.2001398354768753,0.2311468869447708,-1.660873293876648,-1.6052130460739136,-1.5457673072814941,0.0,1.0
183296,179,6,235.73164043480656,243.5,-0.0032717200927436354,0.008783357765059919,-0.559959514439106,0.004147714837745298,0.0313232421875,0.5294510073959827,0.11652454733848572,3.3258562088012695,10.668649673461914,45.542945861816406,49.913063049316406,42.21709442138672,48.81081771850586,0.9543132343290791,0.9421133399009705,0.2930558919906616,0.525,0.0,61.70536419942632,51.985023154022294,183296.0001,0.0,-0.036215510219335556,0.20530647039413452,0.0,0.17011316120624542,0.19987152516841888,0.23252877593040466,-1.663017988204956,-1.6057347059249878,-1.5431468486785889,0.0,1.0
184320,180,5,204.11221982953725,216.6,-0.003950432455167174,0.006618243094999343,-0.5609334662556649,0.003427763405488804,0.0326904296875,0.5454065084457398,0.0850102570373565,1.3078819513320923,8.907577514648438,60.451351165771484,54.07979202270508,59.143470764160156,51.657405853271484,0.9728700354401945,0.9669502973556519,0.21668480336666107,0.6,0.0,61.69839747220985,51.99697742529296,184320.0001,0.0,-0.07039885222911835,0.21286195516586304,0.0,0.16708675026893616,0.19978845119476318,0.23371168971061707,-1.6689019203186035,-1.6059350967407227,-1.5409051179885864,0.0,1.0
185344,181,4,264.98974077063406,248.5,-0.006252345279790461,0.005367270263377577,-0.5622689068317414,0.002590524678817019,0.0651611328125,0.6606056690216064,0.09150940794497728,3.4049320220947266,7.557939529418945,46.16675567626953,53.67021560668945,42.76182174682617,54.12043380737305,0.9801692052996995,1.4324960708618164,0.3410506248474121,0.8,0.0,61.61258729066011,52.019110937933874,185344.0001,0.0,-0.09866094589233398,0.2146926373243332,0.0,0.16579569876194,0.19913096725940704,0.23341262340545654,-1.6714138984680176,-1.607216477394104,-1.5414717197418213,0.0,1.0
186368,182,4,168.07206170311332,177.25,-0.005994475027546286,0.0025651588512118906,-0.565397535264492,0.0024615851623821074,0.0393310546875,0.5688179560005665,0.08996920762583613,3.155815601348877,5.708585739135742,57.211421966552734,41.582984924316406,54.05561065673828,41.30783462524414,0.9811537152141476,0.8728610873222351,0.2762034237384796,0.65,0.0,61.5884050829556,51.96851428821082,186368.0001,0.0,-0.07516711950302124,0.21024462580680847,0.0,0.16558685898780823,0.19894860684871674,0.23310627043247223,-1.6718202829360962,-1.6075540781021118,-1.5420522689819336,0.0,1.0
187392,183,6,220.9394141118512,233.16666666666666,-0.0025241401977837085,0.006375793373445049,-0.5667108103632927,0.0032685205413145015,0.0267578125,0.5590101808309555,0.1089121869765222,2.966318130493164,9.549141883850098,61.355377197265625,56.6075325012207,58.38906478881836,55.73830795288086,0.9715435758577826,1.0213483572006226,0.29337278008461,0.625,0.0,61.58713173042393,51.99499163104136,187392.0001,0.0,-0.06332577764987946,0.20931294560432434,0.0,0.16405978798866272,0.1986815184354782,0.23331671953201294,-1.6747928857803345,-1.6080831289291382,-1.5416535139083862,0.0,1.0
188416,184,5,193.34853873527632,210.6,-0.004812456056242809,0.009476516774157062,-0.5670380726456642,0.004894204963056837,0.04599609375,0.5730160765349865,0.13641363540664314,-1.5084034204483032,12.666923522949219,55.655181884765625,58.02019500732422,57.16358947753906,58.096527099609375,0.9523367226589456,1.4752445220947266,0.3846924304962158,0.575,0.0,61.55489288115717,52.031450832820255,188416.0001,0.0,-0.07479775696992874,0.21107713878154755,0.0,0.16387172043323517,0.19883786141872406,0.23426905274391174,-1.6751590967178345,-1.6077990531921387,-1.5398492813110352,0.0,1.0
189440,185,3,194.34977711201313,210.33333333333334,-0.004221920378040522,0.0036654448660556225,-0.5695864096283912,0.0035898063113563696,0.0389404296875,0.586396548897028,0.09622166398912668,-0.33347731828689575,8.560991287231445,68.756103515625,57.3720817565918,69.08958435058594,59.1754035949707,0.9777337580343548,1.1263558864593506,0.3341667652130127,0.65,0.0,61.59381840177519,52.06446929166467,189440.0001,0.0,-0.07714986056089401,0.20691443979740143,0.0,0.16269724071025848,0.19743536412715912,0.2320384830236435,-1.6774466037750244,-1.6104665994644165,-1.5440764427185059,0.0,1.0
190464,186,6,219.59888345507713,228.16666666666666,-0.005014642607420683,0.004607245192164555,-0.5775250136852265,0.004997751677001361,0.0434326171875,0.6046440005302429,0.07583150896243751,-1.5787038803100586,8.028426170349121,59.21839141845703,53.2568473815918,60.79709243774414,51.424644470214844,0.9772746842590594,1.1516361236572266,0.18605706095695496,0.675,0.0,61.58104729618407,52.07124266996283,190464.0001,0.0,-0.06650242209434509,0.20530949532985687,0.0,0.16195715963840485,0.19666321575641632,0.23096323013305664,-1.6788883209228516,-1.6119651794433594,-1.5461156368255615,0.0,1.0
191488,187,6,170.40691531392983,191.66666666666666,-0.0035455662989988925,0.006145793932955712,-0.5790988847613334,0.003283418735372834,0.0187744140625,0.5235036864876748,0.11623930246569217,-4.667220115661621,8.307465553283691,57.6225700378418,50.140655517578125,62.28978729248047,48.986328125,0.9725490694727373,1.1656200885772705,0.3330106735229492,0.425,0.0,61.55987896683367,52.06190954272703,191488.0001,0.0,-0.08131934702396393,0.20896844565868378,0.0,0.1649218201637268,0.1965802162885666,0.22896209359169006,-1.6731146574020386,-1.6120909452438354,-1.5499135255813599,0.0,1.0
192512,188,6,151.5317131560064,170.5,-0.0032186636119149624,0.010179575404617936,-0.5811446115374566,0.005236016589333303,0.0275146484375,0.6197041675448418,0.16324139749631286,2.530787706375122,13.442191123962402,56.19837188720703,61.927494049072266,53.66758728027344,63.759742736816406,0.9528834935130543,0.9858680963516235,0.4548048675060272,0.725,0.0,61.53136031796314,52.120785503859075,192512.0001,0.0,-0.08902055025100708,0.20853042602539062,0.0,0.1647302359342575,0.19611765444278717,0.22891436517238617,-1.673487663269043,-1.6129965782165527,-1.5500041246414185,0.0,1.0
193536,189,1,117.88207011355416,141.0,-0.0026902120211161674,0.013535450980998575,-0.5835343137383461,0.002941605534579139,0.0263427734375,0.5425231665372848,0.2400153072550893,3.1613926887512207,15.489200592041016,45.877532958984375,43.91571044921875,42.71614074707031,49.72322463989258,0.8756006235454084,1.139727234840393,0.7971734404563904,0.45,0.1,61.448535828894876,52.093154058541835,193536.0001,0.0,-0.09415441751480103,0.2158912718296051,0.0,0.1622019112110138,0.19540052115917206,0.22793535888195038,-1.6784114837646484,-1.6143537759780884,-1.551863431930542,0.0,1.0
194560,190,6,272.3783524205284,260.1666666666667,-0.003973167733056471,0.006225283784442581,-0.5903638422489166,0.0035207258551963605,0.0391845703125,0.6761073663830757,0.19200327564030886,4.045286178588867,9.753355979919434,74.26925659179688,60.81927490234375,70.22396850585938,64.87609100341797,0.9742826831765705,1.3172615766525269,0.5432093143463135,0.825,0.025,61.5160133197575,52.151155130898005,194560.0001,0.0,-0.06425493955612183,0.21929596364498138,0.0,0.16254590451717377,0.1938209980726242,0.22470740973949432,-1.677741289138794,-1.61737060546875,-1.557999610900879,0.0,1.0
195584,191,4,230.32347274321268,236.75,-0.0034961067722178996,0.009255084308097138,-0.596086385846138,0.00429563605284784,0.02744140625,0.6410928882658482,0.11224063960835337,-3.0203170776367188,11.157772064208984,61.66988754272461,56.422386169433594,64.69020080566406,54.740665435791016,0.9608932203557908,1.0738168954849243,0.3671923279762268,0.775,0.0,61.51681892811643,52.174429346660766,195584.0001,0.0,-0.0780855119228363,0.21610137820243835,0.0,0.1635403037071228,0.1936936229467392,0.2225683629512787,-1.6758044958114624,-1.6175785064697266,-1.5620707273483276,0.0,1.0
196608,192,8,189.4851755935341,206.625,-0.0045793819590471685,0.028454318246804177,-0.5970648810267448,0.0035908681398723274,0.0423828125,0.6463813818991184,0.318126549385488,-10.633342742919922,20.423677444458008,54.18939208984375,57.03705596923828,64.82273864746094,57.757164001464844,0.8717806060762416,1.3564281463623047,1.1185084581375122,0.65,0.125,61.478655256804934,52.2035934700644,196608.0001,0.0,-0.04726870357990265,0.2156732678413391,0.0,0.16184623539447784,0.1932036280632019,0.22441710531711578,-1.6791045665740967,-1.618557095527649,-1.5585519075393677,0.0,1.0
197632,193,4,119.77828246615269,148.75,-0.005068205087445677,0.013187703094445169,-0.601363605260849,0.003795696562156081,0.040966796875,0.5775898426771164,0.19264612635597586,-2.305718183517456,14.818252563476562,67.54635620117188,56.24452590942383,69.8520736694336,60.150299072265625,0.9305881769505517,1.0227866172790527,0.6373515725135803,0.625,0.025,61.510094120820646,52.22715360859338,197632.0001,0.0,-0.08136744052171707,0.21118591725826263,0.0,0.16024541854858398,0.19232790172100067,0.22474907338619232,-1.6822245121002197,-1.6202822923660278,-1.5579203367233276,0.0,1.0
198656,194,5,168.82752630873838,172.2,-0.0049401236232370135,0.007378415146376938,-0.6072640538215637,0.004810621397336945,0.0414306640625,0.5876291174441576,0.15918176462873818,1.1873836517333984,12.323410034179688,54.53981018066406,47.71620178222656,53.3524284362793,48.599849700927734,0.9332993500055833,0.930482029914856,0.519322395324707,0.6,0.05,61.47416482361112,52.20728688892326,198656.0001,0.0,-0.09000315517187119,0.2122296243906021,0.0,0.15928445756435394,0.19127851724624634,0.22244180738925934,-1.684098243713379,-1.6222777366638184,-1.5623116493225098,0.0,1.0
199680,195,5,235.47681706633284,231.2,-0.0021012660290580243,0.0053947867709212005,-0.6111551389098168,0.0019994403191958554,0.0209716796875,0.57270431779325,0.07275023516267538,-1.2686816453933716,7.603487491607666,69.6409912109375,50.751800537109375,70.90967559814453,49.86647033691406,0.9775548395170679,1.0494492053985596,0.1872614622116089,0.575,0.0,61.51604599422401,52.20318569479162,199680.0001,0.0,-0.08155232667922974,0.2139352560043335,0.0,0.1600167453289032,0.19080327451229095,0.221420556306839,-1.6826703548431396,-1.623181700706482,-1.5642567873001099,0.0,1.0
200704,196,6,178.12439760776317,201.16666666666666,-0.004381602292414755,0.005529581097653136,-0.6112596347928048,0.005886693089269102,0.0433837890625,0.5708907745778561,0.11054539592005312,-2.282867431640625,8.53688907623291,58.65491485595703,55.57429504394531,60.93777847290039,54.79791259765625,0.9764032968595374,1.2943276166915894,0.323652446269989,0.6,0.0,61.501448386303984,52.22133542848691,200704.0001,0.0,-0.08706525713205338,0.2151758074760437,0.0,0.16289985179901123,0.19175998866558075,0.2215758115053177,-1.6770519018173218,-1.6213265657424927,-1.5639610290527344,0.0,1.0
201728,197,5,173.44271292628454,200.8,-0.003937042760662734,0.0029082984372507783,-0.6056522786617279,0.006901313850539737,0.03955078125,0.6421273209154605,0.04990131543017924,0.9792571067810059,5.930244445800781,60.874916076660156,54.23535919189453,59.895660400390625,53.220130920410156,0.9880441586661722,1.411495566368103,0.1301855891942978,0.575,0.0,61.49826804118725,52.23177397662529,201728.0001,0.0,-0.08179580420255661,0.21356751024723053,0.0,0.16340982913970947,0.1920045018196106,0.22339041531085968,-1.6760585308074951,-1.6208628416061401,-1.5605056285858154,0.0,1.0
202752,198,4,214.7342909716167,224.5,-0.006245023338124156,0.00458038849174045,-0.6059512138366699,0.005552233189519029,0.049609375,0.6327360600233078,0.09519289610907436,2.129946231842041,7.789132118225098,54.46959686279297,52.89564514160156,52.33964538574219,53.93577575683594,0.9783160544160405,1.0629953145980835,0.34270620346069336,0.775,0.0,61.46276968926124,52.23752424595873,202752.0001,0.0,-0.07692844420671463,0.20584066212177277,0.0,0.16233833134174347,0.1919781118631363,0.22533395886421204,-1.6781457662582397,-1.620924472808838,-1.5568078756332397,0.0,1.0
203776,199,5,241.75262637365503,234.8,-0.0026401373906992376,0.008642422669799999,-0.6063902452588081,0.0029388376249698924,0.0143310546875,0.5630657646805048,0.09286521961912513,0.5806037187576294,9.542826652526855,58.15250015258789,53.52085494995117,57.571895599365234,54.216331481933594,0.96820872710578,1.0121651887893677,0.31345173716545105,0.55,0.0,61.44613516787721,52.244576301841924,203776.0001,0.0,-0.08145911246538162,0.2067277729511261,0.0,0.16272036731243134,0.1916436403989792,0.22606948018074036,-1.6774015426635742,-1.6215990781784058,-1.55540931224823,0.0,1.0
204800,200,4,212.31980987954705,213.25,-0.003408706886693835,0.007138427387690172,-0.6089715719223022,0.004106699921248946,0.0332275390625,0.7357574656605721,0.13827618006616832,0.3938769996166229,11.19744873046875,61.333560943603516,53.43898391723633,60.93968200683594,56.033447265625,0.956094210986102,1.1651028394699097,0.4197368025779724,0.875,0.0,61.44557230543546,52.25061685311972,204800.0001,0.0,-0.0836939737200737,0.21038544178009033,0.0,0.16087818145751953,0.19140678644180298,0.22704866528511047,-1.6809910535812378,-1.6220613718032837,-1.5535480976104736,0.0,1.0
