total_env_steps,update,completed_episodes,completed_episode_return_mean,completed_episode_length_mean,actor_policy_loss,critic_loss,entropy,approx_kl,clip_fraction,actor_grad_norm,critic_grad_norm,advantage_raw_mean,advantage_raw_std,value_target_mean,value_target_std,value_prediction_mean_pre,value_prediction_std_pre,explained_variance_pre,actor_grad_norm_max,critic_grad_norm_max,actor_grad_clip_fraction,critic_grad_clip_fraction,value_normalizer_mean,value_normalizer_std,value_normalizer_count,hard_speed_accel_violations,action_mean,action_std,action_saturation_ratio,raw_log_std_min,raw_log_std_mean,raw_log_std_max,clamped_log_std_min,clamped_log_std_mean,clamped_log_std_max,raw_log_std_gt_max_ratio,finite
1024,1,5,124.65272024242786,109.0,-0.004593565635150299,547.9510856628418,-0.2444099172949791,0.0032071624693344345,0.0302490234375,0.4713837280869484,103.73877696990967,29.516338348388672,17.157285690307617,29.38507080078125,17.155208587646484,-0.13126736879348755,0.12368156015872955,-0.0002419902566526133,0.7911756038665771,149.5698699951172,0.4,1.0,0.0,1.0,0.0,0.0,-0.05921660736203194,0.2256142795085907,0.0,0.2540804147720337,0.2551053762435913,0.2557397186756134,-1.5024991035461426,-1.5005923509597778,-1.4993870258331299,0.0,1.0
2048,2,5,143.80817828871986,139.6,-0.004806969070341438,589.2169235229492,-0.24408003464341163,0.004084089458046947,0.0300048828125,0.49898210875689986,106.54853954315186,29.989173889160156,18.917543411254883,30.614116668701172,17.605831146240234,0.6249415874481201,2.143270254135132,-0.15455978946327775,1.1247622966766357,150.46685791015625,0.425,1.0,0.0,1.0,0.0,0.0,-0.06220034882426262,0.2299697995185852,0.0,0.2528388202190399,0.25562185049057007,0.25814345479011536,-1.5048292875289917,-1.4995862245559692,-1.4948835372924805,0.0,1.0
3072,3,6,159.6749731517915,152.83333333333334,-0.004226874222513288,643.4790817260742,-0.24007163792848588,0.005476946562703233,0.044287109375,0.5438261561095714,122.96120853424073,29.99843978881836,22.139467239379883,30.014150619506836,20.427217483520508,0.01570919156074524,2.595749616622925,-0.17467023286810357,1.3234872817993164,159.32460021972656,0.55,1.0,0.0,1.0,0.0,0.0,-0.06091707944869995,0.2232908308506012,0.0,0.25329139828681946,0.25636789202690125,0.2586883008480072,-1.5039796829223633,-1.4982045888900757,-1.493863582611084,0.0,1.0
4096,4,8,165.3676700174525,140.0,-0.0025707183755002915,574.0324394226075,-0.23669153451919556,0.0029934918507933616,0.0123779296875,0.558365111798048,158.575518989563,30.606016159057617,17.191686630249023,32.3746337890625,18.019514083862305,1.7686171531677246,2.398036479949951,0.08977073780530587,0.963869035243988,193.60195922851562,0.55,1.0,0.0,1.0,0.0,0.0,-0.053084079176187515,0.22540928423404694,0.0,0.25285130739212036,0.25669431686401367,0.2613973617553711,-1.5048059225082397,-1.497592806816101,-1.4887958765029907,0.0,1.0
5120,5,8,162.0052119364767,135.0,-0.0038766300363931804,465.4231948852539,-0.23212737068533898,0.004077067198522855,0.0319580078125,0.497587026655674,173.1742935180664,27.649858474731445,16.159555435180664,29.765560150146484,18.466596603393555,2.1157028675079346,5.092461585998535,0.23425324800390546,0.8873569965362549,200.86029052734375,0.4,1.0,0.0,1.0,0.0,0.0,-0.0552021823823452,0.22734975814819336,0.0,0.25594574213027954,0.2583560049533844,0.26160985231399536,-1.499000906944275,-1.4945130348205566,-1.4883986711502075,0.0,1.0
6144,6,8,158.28619211178778,150.625,-0.00387655810918659,412.6911361694336,-0.22421535179018975,0.0033209744695341216,0.026025390625,0.4986324366182089,199.12326774597167,26.403858184814453,16.442514419555664,27.373533248901367,20.485780715942383,0.9696758985519409,6.662106513977051,0.35578405961636306,0.9451783895492554,228.20257568359375,0.4,1.0,0.0,1.0,0.0,0.0,-0.05136527121067047,0.22568432986736298,0.0,0.2570573687553406,0.25911304354667664,0.2631727159023285,-1.496917724609375,-1.4930840730667114,-1.4854786396026611,0.0,1.0
7168,7,7,184.7053297001384,147.14285714285714,-0.002921342235640623,394.3747055053711,-0.22138870432972907,0.0023037580045638605,0.015087890625,0.5259175699204206,202.790047454834,24.758502960205078,16.23854637145996,29.711185455322266,20.552043914794922,4.9526824951171875,6.557094573974609,0.37571313513004256,0.8665664196014404,230.2965087890625,0.55,1.0,0.0,1.0,0.0,0.0,-0.05465841293334961,0.225839763879776,0.0,0.2554028630256653,0.2594413459300995,0.26540637016296387,-1.50001859664917,-1.4924534559249878,-1.481309413909912,0.0,1.0
8192,8,5,154.74001415365657,161.0,-0.004231671220622957,390.25416564941406,-0.2196026649326086,0.002688869586563669,0.046484375,0.6063054405152798,240.7274269104004,24.97399139404297,16.710289001464844,31.41653823852539,21.821571350097656,6.442546844482422,6.98037576675415,0.41359741182505105,1.2781963348388672,291.8480224609375,0.65,1.0,0.0,1.0,0.0,0.0,-0.04585428163409233,0.22773471474647522,0.0,0.25551900267601013,0.2596891522407532,0.2657151222229004,-1.4998009204864502,-1.491989016532898,-1.4807333946228027,0.0,1.0
9216,9,7,197.8725188776983,180.42857142857142,-0.003952989834942855,408.6777816772461,-0.22124478481709958,0.005349350199685432,0.0234130859375,0.4771928291767836,242.7665817260742,25.378564834594727,16.983339309692383,32.94676208496094,22.77752113342285,7.568192958831787,8.298455238342285,0.44405322767477085,0.9499124884605408,282.6446228027344,0.275,1.0,0.0,1.0,0.0,0.0,-0.05130273103713989,0.22668756544589996,0.0,0.2539885342121124,0.2589271664619446,0.26366788148880005,-1.502671480178833,-1.4934388399124146,-1.4845540523529053,0.0,1.0
10240,10,7,135.07167431954082,138.42857142857142,-0.004854644875740633,414.0069274902344,-0.22394149377942085,0.005794722615974024,0.04990234375,0.5929556161165237,228.4133186340332,22.571422576904297,21.152263641357422,31.24303436279297,26.472293853759766,8.671610832214355,11.824583053588867,0.36154458980884574,1.0518476963043213,281.44866943359375,0.7,1.0,0.0,1.0,0.0,0.0,-0.04177302122116089,0.22454595565795898,0.0,0.25487223267555237,0.25886431336402893,0.26158106327056885,-1.5010137557983398,-1.4935556650161743,-1.488452434539795,0.0,1.0
11264,11,5,189.67427770839637,159.6,-0.00342184022301808,446.74745712280276,-0.22240708880126475,0.0037091110309120266,0.023681640625,0.5016352821141481,261.38906478881836,26.819477081298828,16.64854621887207,38.82411575317383,23.717731475830078,12.004640579223633,12.463621139526367,0.5072729944604539,0.8584856390953064,297.30517578125,0.45,1.0,0.0,1.0,0.0,0.0,-0.06167290732264519,0.2267885059118271,0.0,0.2557002305984497,0.25949570536613464,0.2619231343269348,-1.4994611740112305,-1.4923771619796753,-1.4878132343292236,0.0,1.0
12288,12,8,168.33496244709744,159.25,-0.0046821228927001355,317.00414543151857,-0.22025382295250892,0.003928668441949413,0.0383544921875,0.505188150703907,207.28328742980958,18.62722396850586,19.555461883544922,31.13052749633789,27.023366928100586,12.503300666809082,11.76531982421875,0.4763305174119944,0.9641723036766052,271.453369140625,0.4,1.0,0.0,1.0,0.0,0.0,-0.05681182071566582,0.2215133011341095,0.0,0.2552921772003174,0.25937870144844055,0.26262369751930237,-1.5002262592315674,-1.4925676584243774,-1.486504077911377,0.0,1.0
13312,13,8,162.53838617976538,155.75,-0.0045605568040627984,317.57581939697263,-0.22029949240386487,0.005738895239483099,0.03466796875,0.5154199965298176,197.86284713745118,18.127891540527344,18.940643310546875,35.82110595703125,24.257511138916016,17.69321060180664,9.409764289855957,0.3903269895109759,0.8725426197052002,228.15679931640625,0.425,1.0,0.0,1.0,0.0,0.0,-0.04766085743904114,0.22445471584796906,0.0,0.25590068101882935,0.25967803597450256,0.26188820600509644,-1.4990854263305664,-1.4920355081558228,-1.487878441810608,0.0,1.0
14336,14,5,161.62171708404534,141.6,-0.0029876520740799604,413.5074607849121,-0.21829231195151805,0.002890005279914476,0.0277099609375,0.4769719436764717,252.8543228149414,23.999353408813477,17.585723876953125,43.619140625,23.649890899658203,19.619787216186523,10.433828353881836,0.4470800938857553,0.7584344148635864,281.40411376953125,0.475,1.0,0.0,1.0,0.0,0.0,-0.053153615444898605,0.22581784427165985,0.0,0.25518500804901123,0.2599230706691742,0.26348280906677246,-1.5004271268844604,-1.4915765523910522,-1.4848995208740234,0.0,1.0
15360,15,6,197.29700448990317,181.16666666666666,-0.0038056525168940424,400.81195373535155,-0.21863136477768422,0.004504498564347159,0.0283935546875,0.5243021249771118,229.93669929504395,23.140220642089844,18.713430404663086,39.29444122314453,28.64373207092285,16.154220581054688,16.713041305541992,0.573177212742846,1.0466808080673218,284.3542785644531,0.475,1.0,0.0,1.0,0.0,0.0,-0.05494034290313721,0.2240903675556183,0.0,0.25493383407592773,0.2596094012260437,0.2642655372619629,-1.5008981227874756,-1.4921212196350098,-1.48343825340271,0.0,1.0
16384,16,5,154.35889601624842,161.0,-0.004487934347707778,352.81281967163085,-0.21744284965097904,0.004250577972561587,0.0296875,0.4789385687559843,189.2763671875,17.486221313476562,21.58778190612793,37.45574188232422,29.062707901000977,19.969520568847656,14.136015892028809,0.4482480699395216,0.8714043498039246,266.010009765625,0.4,1.0,0.0,1.0,0.0,0.0,-0.04740715026855469,0.22375543415546417,0.0,0.2550450563430786,0.26074251532554626,0.26612672209739685,-1.5006896257400513,-1.4900245666503906,-1.4799659252166748,0.0,1.0
17408,17,6,207.96887818049117,193.0,-0.0034618717851117252,299.04551849365237,-0.20906904935836793,0.0046553644147934396,0.0275146484375,0.5632239110767842,220.74278755187987,22.178695678710938,14.671021461486816,36.24458312988281,29.15544891357422,14.065885543823242,20.60410499572754,0.746789780615549,0.9406161904335022,353.2944641113281,0.65,1.0,0.0,1.0,0.0,0.0,-0.04350517317652702,0.22745472192764282,0.0,0.2570127546787262,0.26215028762817383,0.265849769115448,-1.49700129032135,-1.4873758554458618,-1.4804823398590088,0.0,1.0
18432,18,7,177.33282462554612,163.85714285714286,-0.004814316402189434,325.9827423095703,-0.20630140528082846,0.005905408252147026,0.0450927734375,0.5843935176730156,191.3983123779297,21.198959350585938,17.23346710205078,36.90787887573242,30.319316864013672,15.708918571472168,23.171262741088867,0.6769226327456905,0.9917179346084595,238.1181182861328,0.625,1.0,0.0,1.0,0.0,0.0,-0.049062710255384445,0.22757767140865326,0.0,0.2559446394443512,0.2615349590778351,0.2645205557346344,-1.4990029335021973,-1.4885621070861816,-1.4829622507095337,0.0,1.0
19456,19,6,190.47397410482336,148.66666666666666,-0.0035852991888532413,300.8500160217285,-0.21341896653175355,0.001781376518192701,0.0197998046875,0.5098899073898793,212.52025108337403,21.009807586669922,14.907149314880371,44.16558837890625,25.635116577148438,23.15578269958496,15.522575378417969,0.6618427562842998,0.9719336628913879,306.55621337890625,0.45,1.0,0.0,1.0,0.0,0.0,-0.04871317744255066,0.22713521122932434,0.0,0.25420495867729187,0.25976696610450745,0.26271387934684753,-1.502265453338623,-1.491841435432434,-1.4863357543945312,0.0,1.0
20480,20,7,184.66098584151237,153.14285714285714,-0.0023627784103155136,350.43285751342773,-0.22254001945257187,0.002111143770162016,0.0179443359375,0.6062052126973867,222.1083278656006,21.95712661743164,16.549631118774414,49.70105743408203,24.341991424560547,27.743927001953125,14.399235725402832,0.5377633992213974,1.1081583499908447,259.0246276855469,0.65,1.0,0.0,1.0,0.0,0.0,-0.04316592589020729,0.2257939875125885,0.0,0.25300925970077515,0.25838372111320496,0.26153284311294556,-1.5045093297958374,-1.4944267272949219,-1.4885425567626953,0.0,1.0
21504,21,6,159.5250549284907,157.66666666666666,-0.003067205275874585,355.6633583068848,-0.23006558492779733,0.003664142069465015,0.0238037109375,0.5571879372000694,174.5401725769043,16.138633728027344,22.3734073638916,37.99832534790039,36.92399597167969,21.859691619873047,22.934293746948242,0.6328472351709915,0.9670541286468506,202.3482666015625,0.6,1.0,0.0,1.0,0.0,0.0,-0.04413846135139465,0.2276318073272705,0.0,0.2513326108455658,0.2570866048336029,0.2603960335254669,-1.5076581239700317,-1.4968472719192505,-1.4906681776046753,0.0,1.0
22528,22,5,187.25306320007277,170.8,-0.004116864153183996,451.20297317504884,-0.23646505400538445,0.0034297761638299564,0.0261962890625,0.5304315000772476,265.86192779541017,25.202495574951172,17.62306785583496,57.252132415771484,26.767539978027344,32.04963684082031,14.787297248840332,0.5665429513915128,0.8963526487350464,290.7058410644531,0.525,1.0,0.0,1.0,0.0,0.0,-0.053353067487478256,0.22429920732975006,0.0,0.2503579556941986,0.2561587393283844,0.2607783377170563,-1.5094897747039795,-1.498632550239563,-1.4899532794952393,0.0,1.0
23552,23,7,187.78768360726417,173.42857142857142,-0.003039051778614521,419.05448684692385,-0.23998835161328316,0.0030878056088113224,0.032080078125,0.5880314022302627,249.64107856750488,20.62850570678711,22.6326904296875,52.817527770996094,30.412513732910156,32.189022064208984,16.562448501586914,0.446181134639386,1.0124939680099487,275.8818359375,0.6,1.0,0.0,1.0,0.0,0.0,-0.051806192845106125,0.22606417536735535,0.0,0.25113222002983093,0.2559656798839569,0.25969672203063965,-1.5080347061157227,-1.4989560842514038,-1.491976261138916,0.0,1.0
24576,24,8,197.83360864018016,162.25,-0.0037597120506688954,238.20686683654785,-0.23818270862102509,0.003616135635820683,0.0240478515625,0.5181663781404495,177.39205226898193,16.496776580810547,17.555227279663086,46.89048767089844,24.881004333496094,30.393707275390625,20.624725341796875,0.5021744426031706,0.8787429928779602,293.650634765625,0.45,1.0,0.0,1.0,0.0,0.0,-0.04721052572131157,0.22571171820163727,0.0,0.2504792809486389,0.2567529082298279,0.26154306530952454,-1.5092617273330688,-1.4975138902664185,-1.4885234832763672,0.0,1.0
25600,25,6,168.7534549810452,162.66666666666666,-0.004643967153970152,333.4628707885742,-0.23954889699816703,0.00496133113047108,0.037939453125,0.5745074853301049,164.01224689483644,9.545699119567871,25.836172103881836,42.15389633178711,34.2299690246582,32.60820007324219,20.28788185119629,0.43030378685583714,1.0392040014266968,203.03123474121094,0.55,1.0,0.0,1.0,0.0,0.0,-0.04975941404700279,0.23030990362167358,0.0,0.24535652995109558,0.255039244890213,0.2612012028694153,-1.5189024209976196,-1.500742793083191,-1.489162564277649,0.0,1.0
26624,26,4,165.00236247293023,170.75,-0.003109868412138894,397.39856185913084,-0.24840328693389893,0.0013782244815956802,0.02490234375,0.5386617854237556,265.45518684387207,22.472759246826172,19.846797943115234,57.80249786376953,29.692033767700195,35.329734802246094,20.326871871948242,0.5532124994194529,0.9761542677879333,359.0888671875,0.55,1.0,0.0,1.0,0.0,0.0,-0.035856541246175766,0.22684438526630402,0.0,0.24423672258853912,0.2542864978313446,0.26091253757476807,-1.5210130214691162,-1.5021618604660034,-1.4897022247314453,0.0,1.0
27648,27,6,186.55936004105254,191.66666666666666,-0.004095140984281898,324.0690288543701,-0.2461911328136921,0.004589792437036522,0.0315673828125,0.4924460887908936,221.47275009155274,13.385680198669434,24.248414993286133,46.21412658691406,36.33172607421875,32.82844543457031,24.29339599609375,0.5545543942359992,1.040521502494812,282.3060607910156,0.45,1.0,0.0,1.0,0.0,0.0,-0.04858860373497009,0.22440098226070404,0.0,0.24326537549495697,0.25579795241355896,0.26441726088523865,-1.522844672203064,-1.4993120431900024,-1.4831550121307373,0.0,1.0
28672,28,5,204.6627876578361,172.6,-0.004608174506574869,190.360990524292,-0.23971495330333709,0.0032423054610262623,0.059619140625,0.7189597621560097,258.4029245376587,17.73496437072754,16.14421272277832,34.153324127197266,35.42273712158203,16.41836166381836,33.46650314331055,0.7922842162921854,1.1764111518859863,727.5787353515625,0.85,1.0,0.0,1.0,0.0,0.0,-0.05045830085873604,0.23268604278564453,0.0,0.24386809766292572,0.25610849261283875,0.2646813690662384,-1.5217080116271973,-1.4987207651138306,-1.4826622009277344,0.0,1.0
29696,29,6,220.3222430394769,203.33333333333334,-0.003357718396000564,339.9803237915039,-0.2400481440126896,0.00391925891599385,0.0340087890625,0.5904548369348049,208.56115646362304,16.7532958984375,22.564695358276367,48.33597183227539,38.21537399291992,31.582672119140625,28.696678161621094,0.651355575352068,1.0196049213409424,273.7184753417969,0.575,1.0,0.0,1.0,0.0,0.0,-0.04272933304309845,0.23207002878189087,0.0,0.24556344747543335,0.2558646500110626,0.26246756315231323,-1.518512487411499,-1.4991635084152222,-1.4867959022521973,0.0,1.0
30720,30,4,184.8495102540078,183.5,-0.004485185025259852,360.02932052612306,-0.24316732734441757,0.0049536993188667115,0.04091796875,0.5313664693385363,262.0604648590088,21.818099975585938,19.56942367553711,53.152427673339844,37.163631439208984,31.334335327148438,26.995319366455078,0.7227192388835699,0.9873322248458862,565.1456298828125,0.4,1.0,0.0,1.0,0.0,0.0,-0.03484193608164787,0.23132450878620148,0.0,0.24566712975502014,0.25496917963027954,0.26027265191078186,-1.5183172225952148,-1.5008424520492554,-1.490898847579956,0.0,1.0
31744,31,7,220.97364644837893,207.71428571428572,-0.004836163914296776,291.8073757171631,-0.24436169117689133,0.0042489568979362955,0.042578125,0.5479156840592623,194.3311424255371,16.548614501953125,20.84197425842285,42.457515716552734,40.33029556274414,25.90890121459961,33.85945129394531,0.7329362463719977,0.9474055767059326,340.81842041015625,0.525,1.0,0.0,1.0,0.0,0.0,-0.03670499101281166,0.23307956755161285,0.0,0.24642793834209442,0.2556214928627014,0.2615664601325989,-1.5168840885162354,-1.4996098279953003,-1.4884798526763916,0.0,1.0
32768,32,4,230.84196543819192,192.0,-0.004216522222850472,305.9083534240723,-0.245658241212368,0.0038704482227331027,0.0362060546875,0.5837810087949038,241.99103927612305,22.49639892578125,16.0847110748291,51.886112213134766,35.09450149536133,29.38971710205078,31.82402801513672,0.789937582355732,1.3389487266540527,409.7196960449219,0.625,1.0,0.0,1.0,0.0,0.0,-0.026684017851948738,0.22632117569446564,0.0,0.24258853495121002,0.2538999617099762,0.2613483667373657,-1.5241215229034424,-1.5028876066207886,-1.4888874292373657,0.0,1.0
33792,33,3,184.02508495932443,188.66666666666666,-0.004202366445679217,249.80953788757324,-0.25563783943653107,0.005108497203036677,0.04306640625,0.5495304457843304,237.62143669128417,14.152586936950684,21.472503662109375,43.54670715332031,37.12592697143555,29.394121170043945,31.234920501708984,0.6654887270067329,0.9747463464736938,500.10247802734375,0.575,1.0,0.0,1.0,0.0,0.0,-0.03173060342669487,0.23275220394134521,0.0,0.2416398972272873,0.25268542766571045,0.2590869963169098,-1.525911808013916,-1.5051499605178833,-1.493117332458496,0.0,1.0
34816,34,6,248.35609494549604,241.66666666666666,-0.004332701186649501,388.7209747314453,-0.25749765485525133,0.0045751170138828455,0.05234375,0.49966673627495767,260.3594116210937,21.521251678466797,21.096202850341797,57.33631134033203,40.6964111328125,35.8150634765625,31.34268569946289,0.7312822139549293,1.0745617151260376,361.2940368652344,0.425,1.0,0.0,1.0,0.0,0.0,-0.025044238194823265,0.22757434844970703,0.0,0.24255655705928802,0.2532350420951843,0.2598670423030853,-1.524181842803955,-1.5041154623031616,-1.4916577339172363,0.0,1.0
35840,35,4,164.3400572687914,177.25,-0.005438803893048317,401.7657836914062,-0.2524132579565048,0.005842426819435786,0.027294921875,0.5162375330924988,230.97105102539064,12.368518829345703,28.165958404541016,53.76708984375,40.99671173095703,41.3985710144043,28.02800178527832,0.527990160869916,0.8733851909637451,378.0138854980469,0.425,1.0,0.0,1.0,0.0,0.0,-0.011013361625373363,0.22651496529579163,0.0,0.2419389933347702,0.2546599805355072,0.2628632187843323,-1.5253472328186035,-1.5014395713806152,-1.4860568046569824,0.0,1.0
36864,36,6,190.12977792003537,193.66666666666666,-0.003342692204751074,430.80622787475585,-0.24521049708127976,0.004678173970023636,0.0369140625,0.5982319742441178,156.49472904205322,14.797873497009277,26.698467254638672,58.4777946472168,38.079524993896484,43.6799201965332,28.041269302368164,0.5084252756387491,1.3693889379501343,241.6961212158203,0.65,1.0,0.0,1.0,0.0,0.0,-0.018516963347792625,0.22692647576332092,0.0,0.24154800176620483,0.25526854395866394,0.265786349773407,-1.5260852575302124,-1.5003266334533691,-1.4806005954742432,0.0,1.0
37888,37,6,230.02990313344912,228.16666666666666,-0.0041770310373976825,393.86237182617185,-0.24286796227097512,0.0037554841095698067,0.0283447265625,0.5063378479331732,230.94447135925293,15.612157821655273,26.022186279296875,56.58183670043945,43.01719284057617,40.96968078613281,34.53828430175781,0.63406545647326,0.9739487767219543,359.7046203613281,0.425,1.0,0.0,1.0,0.0,0.0,-0.018065301701426506,0.23008982837200165,0.0,0.24228915572166443,0.2559424340724945,0.26545318961143494,-1.5246864557266235,-1.4990376234054565,-1.4812220335006714,0.0,1.0
38912,38,5,220.76984681455716,193.8,-0.004421209241263569,357.9337463378906,-0.24080813974142073,0.003959861909970641,0.031494140625,0.5381950452923775,251.02251930236815,10.70259952545166,27.823095321655273,53.51142120361328,39.84910202026367,42.808815002441406,32.71106719970703,0.5125009515441175,1.225987434387207,446.6399841308594,0.55,1.0,0.0,1.0,0.0,0.0,-0.008236623369157314,0.2280031442642212,0.0,0.23995155096054077,0.25555914640426636,0.265707403421402,-1.5291000604629517,-1.499765396118164,-1.480747938156128,0.0,1.0
39936,39,5,185.6372514783603,193.4,-0.004094289743807167,353.50682907104493,-0.24277371540665627,0.0037540393794188278,0.0343505859375,0.5575345598161221,227.51138000488282,13.134844779968262,25.84313201904297,53.944705963134766,42.906639099121094,40.80986404418945,33.456031799316406,0.6372217392670165,1.0043771266937256,352.57958984375,0.575,1.0,0.0,1.0,0.0,0.0,-0.01697685569524765,0.22899718582630157,0.0,0.23869583010673523,0.25564175844192505,0.2659943997859955,-1.53147292137146,-1.499612808227539,-1.480212688446045,0.0,1.0
40960,40,5,235.7795601310279,193.8,-0.004848712263628841,307.11107177734374,-0.24171367585659026,0.005296893263584934,0.0446044921875,0.49138193801045416,281.94565773010254,16.748579025268555,24.11739158630371,46.69256591796875,46.514366149902344,29.943986892700195,40.711483001708984,0.731164593191755,1.0100795030593872,540.92529296875,0.375,1.0,0.0,1.0,0.0,0.0,-0.022152328863739967,0.2370075136423111,0.0,0.2387259602546692,0.2557580769062042,0.2647401988506317,-1.5314159393310547,-1.4994229078292847,-1.4825522899627686,0.0,1.0
41984,41,6,196.06811684136062,176.5,-0.0034014052536804227,304.27608795166014,-0.23950369283556938,0.0029459277706337162,0.0268310546875,0.529547181725502,211.78094062805175,16.709117889404297,20.290205001831055,65.01333618164062,35.0477409362793,48.304222106933594,24.494855880737305,0.6648395258871465,0.8490511178970337,265.49957275390625,0.6,1.0,0.0,1.0,0.0,0.0,-0.01589544676244259,0.23900319635868073,0.0,0.23931963741779327,0.2564501464366913,0.26698142290115356,-1.5302939414978027,-1.4981154203414917,-1.47837233543396,0.0,1.0
43008,42,6,196.86942960191107,174.83333333333334,-0.004083802830427885,270.01871528625486,-0.23789555057883263,0.003958919672004413,0.039208984375,0.5986203379929066,185.08020248413087,16.760581970214844,18.521799087524414,57.422813415527344,41.431880950927734,40.662235260009766,35.14627456665039,0.8001532386872308,0.9857900738716125,335.02447509765625,0.725,1.0,0.0,1.0,0.0,0.0,-0.01834310032427311,0.23273175954818726,0.0,0.23654471337795258,0.25624486804008484,0.26770174503326416,-1.53554105758667,-1.4985451698303223,-1.4770300388336182,0.0,1.0
44032,43,6,174.57386145884254,157.66666666666666,-0.004396733589237556,192.7301788330078,-0.23700553253293039,0.004044502931355965,0.0427734375,0.5486364878714085,162.15545139312744,12.25202465057373,17.568851470947266,57.86479949951172,36.2623405456543,45.61277770996094,27.772735595703125,0.7652665244757123,0.8757358193397522,377.7569580078125,0.575,1.0,0.0,1.0,0.0,0.0,-0.028677163645625114,0.22814121842384338,0.0,0.23532195389270782,0.2571627199649811,0.26940709352493286,-1.5378553867340088,-1.4968242645263672,-1.4738538265228271,0.0,1.0
45056,44,6,189.51831861646818,191.0,-0.004974455386400223,308.7831325531006,-0.23227620869874954,0.005413221675553359,0.044189453125,0.6024358615279197,205.65616607666016,14.718231201171875,23.18400001525879,51.18712615966797,47.42668151855469,36.468894958496094,42.314598083496094,0.7610366747289439,1.1035805940628052,401.02374267578125,0.625,1.0,0.0,1.0,0.0,0.0,-0.03952483832836151,0.23453080654144287,0.0,0.23651878535747528,0.25757330656051636,0.26841050386428833,-1.5355901718139648,-1.4960440397262573,-1.4757096767425537,0.0,1.0
46080,45,6,174.0409156055306,173.66666666666666,-0.005424035026226193,260.72436332702637,-0.22848143801093102,0.002587243633752223,0.054931640625,0.6359895840287209,176.19806118011473,14.868110656738281,20.621992111206055,49.11215591430664,45.252235412597656,34.24404525756836,41.20096206665039,0.7923264890441628,1.0952116250991821,402.73773193359375,0.775,1.0,0.0,1.0,0.0,0.0,-0.02829717844724655,0.23989978432655334,0.0,0.2401210516691208,0.2587323486804962,0.2684576213359833,-1.5287798643112183,-1.4938488006591797,-1.4756219387054443,0.0,1.0
47104,46,5,206.63285674359327,181.6,-0.004238237329991535,182.53075389862062,-0.22453322112560273,0.0037651558144716547,0.0291259765625,0.5421037577092648,220.13697662353516,11.000414848327637,20.28340721130371,48.04899597167969,37.9397087097168,37.048580169677734,34.89600372314453,0.7141792015350155,0.9660193920135498,437.2844543457031,0.625,1.0,0.0,1.0,0.0,0.0,-0.03910286724567413,0.2402251660823822,0.0,0.24187956750392914,0.25855016708374023,0.26798906922340393,-1.5254594087600708,-1.49417245388031,-1.4764946699142456,0.0,1.0
48128,47,5,204.47178603930615,177.2,-0.004422324453480541,283.49987106323243,-0.22711290568113326,0.004751524594030343,0.0531982421875,0.5617557421326638,222.31375160217286,17.453227996826172,18.18195152282715,62.99464416503906,46.20083999633789,45.54141616821289,36.07377624511719,0.8451250240322217,1.1560007333755493,490.1710510253906,0.525,1.0,0.0,1.0,0.0,0.0,-0.03733581677079201,0.23539087176322937,0.0,0.24121564626693726,0.25811338424682617,0.26789402961730957,-1.5267126560211182,-1.4950181245803833,-1.4766716957092285,0.0,1.0
49152,48,9,203.07500090856306,171.0,-0.005233976047020405,215.26362533569335,-0.2289184622466564,0.0023200709809316324,0.040869140625,0.5654087521135807,224.61224327087402,15.304093360900879,18.386632919311523,62.996498107910156,38.3088493347168,47.692405700683594,32.92858123779297,0.76964046777357,0.893283486366272,419.8146057128906,0.6,1.0,0.0,1.0,0.0,0.0,-0.027331233024597168,0.24175171554088593,0.0,0.2420317381620407,0.2578938901424408,0.26749908924102783,-1.525172233581543,-1.4954098463058472,-1.4774075746536255,0.0,1.0
50176,49,3,164.60602082611675,150.33333333333334,-0.002727578906342387,349.5086135864258,-0.23074277862906456,0.0037729152682004496,0.0336181640625,0.4817799784243107,212.45910301208497,19.05963134765625,20.07219696044922,76.33320617675781,35.16859817504883,57.273582458496094,24.182945251464844,0.674253542759242,1.1009408235549927,417.124267578125,0.325,1.0,0.0,1.0,0.0,0.0,-0.044484663754701614,0.23293635249137878,0.0,0.24179114401340485,0.2573991119861603,0.26828819513320923,-1.525626301765442,-1.4963594675064087,-1.4759373664855957,0.0,1.0
51200,50,7,207.03089877460152,187.57142857142858,-0.00413913264637813,314.1849334716797,-0.23581695109605788,0.0060762972163502125,0.046484375,0.6062769576907158,212.91573104858398,13.940208435058594,23.678163528442383,62.722679138183594,47.190162658691406,48.782474517822266,40.11842727661133,0.7482363293945588,1.0498446226119995,398.1094970703125,0.675,1.0,0.0,1.0,0.0,0.0,-0.03584093973040581,0.23576687276363373,0.0,0.24157379567623138,0.2560482323169708,0.2671883702278137,-1.5260365009307861,-1.4988430738449097,-1.4779865741729736,0.0,1.0
52224,51,7,176.04822996536632,166.42857142857142,-0.0045926013437565414,306.0895198822021,-0.24104710966348647,0.005068384243350011,0.0563720703125,0.5946893252432346,285.99401626586916,14.830856323242188,23.818988800048828,49.41546630859375,50.816261291503906,34.58460998535156,47.731964111328125,0.7802943521170416,1.200681447982788,866.7781982421875,0.7,1.0,0.0,1.0,0.0,0.0,-0.024308517575263977,0.23714160919189453,0.0,0.24236740171909332,0.255691260099411,0.26635339856147766,-1.5245387554168701,-1.4995403289794922,-1.4795432090759277,0.0,1.0
53248,52,5,183.197103159215,149.8,-0.004693767247954383,253.3453639984131,-0.24151340872049332,0.005446444281551522,0.04560546875,0.5681528180837632,178.91314811706542,13.553033828735352,19.776119232177734,75.76904296875,36.380767822265625,62.21600341796875,22.86309242248535,0.7045129542888853,1.0809460878372192,246.7930450439453,0.525,1.0,0.0,1.0,0.0,0.0,-0.024357518181204796,0.2290206104516983,0.0,0.24311646819114685,0.25594034790992737,0.2667352259159088,-1.5231255292892456,-1.4990633726119995,-1.4788312911987305,0.0,1.0
54272,53,8,166.8893578103862,152.125,-0.0038900471990928054,269.1657989501953,-0.23959625512361526,0.0056947974851937035,0.033056640625,0.5212635524570942,218.32693519592286,11.838630676269531,22.585805892944336,74.35186767578125,41.738040924072266,62.51323699951172,27.20171546936035,0.7071757192784646,0.8837939500808716,398.2257080078125,0.55,1.0,0.0,1.0,0.0,0.0,-0.028180263936519623,0.23186825215816498,0.0,0.24146291613578796,0.2562596797943115,0.26836806535720825,-1.5262458324432373,-1.4984937906265259,-1.4757885932922363,0.0,1.0
55296,54,8,183.0364175258885,149.625,-0.00260221182834357,128.97005138397216,-0.2380695126950741,0.002481285385147203,0.024072265625,0.5347893040627241,133.84201107025146,6.365630626678467,16.995458602905273,67.07405090332031,35.62800598144531,60.70841598510742,25.004087448120117,0.772446921760626,0.8496334552764893,281.49810791015625,0.55,1.0,0.0,1.0,0.0,0.0,-0.022645896300673485,0.2328403741121292,0.0,0.24071571230888367,0.25645536184310913,0.2696981430053711,-1.5276566743850708,-1.4980906248092651,-1.4733121395111084,0.0,1.0
56320,55,7,159.08897179957583,140.57142857142858,-0.0035119958338327706,185.47409381866456,-0.2434285618364811,0.0025611152581404895,0.0192138671875,0.5065622702240944,230.9429958343506,7.031958103179932,23.104707717895508,61.159149169921875,41.599796295166016,54.12718963623047,37.135921478271484,0.6915260016281208,0.7727299928665161,617.4028930664062,0.575,1.0,0.0,1.0,0.0,0.0,-0.034003760665655136,0.2333124428987503,0.0,0.2363574355840683,0.2539278566837311,0.26902899146080017,-1.5358954668045044,-1.5028553009033203,-1.474557876586914,0.0,1.0
57344,56,6,147.29872153740678,131.0,-0.004470823344308883,144.86923027038574,-0.25474668145179746,0.004514641498099081,0.04365234375,0.5759582322090864,158.58214149475097,6.290580749511719,19.72454261779785,63.724884033203125,38.66979217529297,57.434303283691406,33.87320327758789,0.7398221861904128,1.142093300819397,364.75823974609375,0.575,1.0,0.0,1.0,0.0,0.0,-0.034262917935848236,0.2339172065258026,0.0,0.2364233136177063,0.2532285153865814,0.2682815492153168,-1.5357708930969238,-1.5042005777359009,-1.475949764251709,0.0,1.0
58368,57,9,163.03346040488626,147.55555555555554,-0.0038388878223486246,113.75081777572632,-0.2563252247869968,0.0030201044530258512,0.0241943359375,0.5571696411818265,132.29133462905884,7.868332386016846,15.78364086151123,56.11702346801758,43.58692932128906,48.248687744140625,41.554161071777344,0.8688700657995209,0.9950230717658997,309.66082763671875,0.525,1.0,0.0,1.0,0.0,0.0,-0.021314337849617004,0.2336958795785904,0.0,0.23510977625846863,0.252870112657547,0.26922398805618286,-1.538257122039795,-1.5048447847366333,-1.4741947650909424,0.0,1.0
59392,58,7,149.31121488932015,132.71428571428572,-0.004692606983007863,167.9197742462158,-0.2604289524257183,0.004777314700186252,0.0541748046875,0.5056235246360302,170.57320976257324,7.6653289794921875,19.17074966430664,67.21612548828125,42.346221923828125,59.55079650878906,33.66923522949219,0.7950495266724742,0.8254789113998413,346.419189453125,0.45,1.0,0.0,1.0,0.0,0.0,-0.03424840793013573,0.23329150676727295,0.0,0.23633794486522675,0.2519749104976654,0.2664153575897217,-1.5359323024749756,-1.5065091848373413,-1.4794275760650635,0.0,1.0
60416,59,5,218.77521727686653,176.8,-0.0045752400648780165,139.98903293609618,-0.2669608250260353,0.0038326831461745316,0.037158203125,0.5644707255065441,282.068959236145,15.69655990600586,16.500690460205078,54.60112762451172,44.82307052612305,38.904563903808594,46.20197296142578,0.8644807540503321,0.9794277548789978,831.9615478515625,0.6,1.0,0.0,1.0,0.0,0.0,-0.03243480622768402,0.23111166059970856,0.0,0.23504699766635895,0.25035133957862854,0.26586514711380005,-1.538375973701477,-1.5095577239990234,-1.4804537296295166,0.0,1.0
61440,60,7,177.13858721914133,177.28571428571428,-0.005337275948841124,109.95877933502197,-0.27138555273413656,0.004023947822861374,0.039990234375,0.5578718446195126,129.51040935516357,4.270211219787598,17.295673370361328,59.871063232421875,41.68604278564453,55.600852966308594,35.08655548095703,0.827855323444246,0.8090449571609497,287.6436462402344,0.625,1.0,0.0,1.0,0.0,0.0,-0.02382333017885685,0.23190510272979736,0.0,0.23418135941028595,0.2507871687412262,0.267055869102478,-1.5400153398513794,-1.5087852478027344,-1.4782335758209229,0.0,1.0
62464,61,4,179.22774924649823,152.5,-0.0030395757406949998,80.81669073104858,-0.26933515891432763,0.004770111435209401,0.033642578125,0.5278363894671202,104.59801988601684,9.672922134399414,11.654451370239258,60.387306213378906,39.62581253051758,50.714385986328125,33.99969482421875,0.9134977625855054,0.9932888150215149,251.02749633789062,0.6,1.0,0.0,1.0,0.0,0.0,-0.012813334353268147,0.232253298163414,0.0,0.23162680864334106,0.2507868707180023,0.2698362171649933,-1.5448570251464844,-1.5088177919387817,-1.473055124282837,0.0,1.0
63488,62,8,154.60193138971957,130.375,-0.0030191730184014887,177.46031913757324,-0.272268608212471,0.0039029752064379864,0.0300537109375,0.5631839439272881,161.57892875671388,8.728922843933105,18.403749465942383,75.90955352783203,45.108551025390625,67.18063354492188,33.52186584472656,0.8335457760554684,1.2265596389770508,321.71392822265625,0.45,1.0,0.0,1.0,0.0,0.0,-0.014647121541202068,0.22920773923397064,0.0,0.2305404394865036,0.2497287392616272,0.2696547210216522,-1.5469177961349487,-1.5108145475387573,-1.4733929634094238,0.0,1.0
64512,63,9,185.0349539513302,160.66666666666666,-0.005935581831727177,150.4462694168091,-0.27859273478388785,0.006963478960096836,0.0660400390625,0.6151023134589195,170.3367015838623,10.891026496887207,17.687679290771484,63.936370849609375,48.469261169433594,53.04534149169922,44.069698333740234,0.8668292207482787,1.0750644207000732,486.50189208984375,0.625,1.0,0.0,1.0,0.0,0.0,-0.02437002770602703,0.23105189204216003,0.0,0.2286476492881775,0.24875883758068085,0.270906537771225,-1.5505106449127197,-1.512635588645935,-1.4710636138916016,0.0,1.0
65536,64,6,149.8336768364353,125.16666666666667,-0.002916579646989703,117.5583625793457,-0.28564884811639785,0.002579475643869955,0.0205078125,0.620338112860918,183.29517078399658,0.16107898950576782,19.705371856689453,72.56979370117188,36.14190673828125,72.40872192382812,25.14870834350586,0.7027327247048483,1.0124859809875488,406.3091125488281,0.75,1.0,0.0,1.0,0.0,0.0,-0.011868119239807129,0.22578294575214386,0.0,0.22583788633346558,0.24704422056674957,0.27250874042510986,-1.5558496713638306,-1.5159096717834473,-1.4680845737457275,0.0,1.0
66560,65,9,172.69538045012007,152.77777777777777,-0.003640949656255543,101.44162044525146,-0.29164577424526217,0.003246469616715331,0.0314453125,0.578818192332983,121.13943490982055,7.89093017578125,15.142878532409668,58.0598258972168,45.09054946899414,50.16889190673828,39.895286560058594,0.8872164418130757,1.1291053295135498,287.41961669921875,0.625,1.0,0.0,1.0,0.0,0.0,-0.025622347369790077,0.2309594601392746,0.0,0.22674112021923065,0.24704961478710175,0.2737787067890167,-1.5541325807571411,-1.5158964395523071,-1.4657251834869385,0.0,1.0
67584,66,7,152.8479949500736,123.71428571428571,-0.003608006832655519,142.063653755188,-0.2956478074193001,0.004647450480842963,0.0427978515625,0.5272466443479061,129.9171905517578,5.382122993469238,18.067962646484375,76.35491943359375,42.46342086791992,70.97279357910156,30.943004608154297,0.8189542217611193,1.063881278038025,230.2509765625,0.475,1.0,0.0,1.0,0.0,0.0,-0.007853839546442032,0.22496989369392395,0.0,0.22704850137233734,0.24509115517139435,0.270656555891037,-1.5535484552383423,-1.5195726156234741,-1.4715287685394287,0.0,1.0
68608,67,6,168.91566863776433,149.16666666666666,-0.003831291536334902,198.06226692199706,-0.30013357400894164,0.0026942646887619047,0.026318359375,0.5169360511004925,292.9769344329834,-1.9928829669952393,26.262704849243164,64.43377685546875,49.351348876953125,66.4266586303711,37.5932502746582,0.7168080720917825,1.003625512123108,863.1829833984375,0.475,1.0,0.0,1.0,0.0,0.0,-0.01640479266643524,0.2308294028043747,0.0,0.2282320261001587,0.2463313490152359,0.27226218581199646,-1.5512999296188354,-1.5172486305236816,-1.4685429334640503,0.0,1.0
69632,68,7,154.81508102368252,143.71428571428572,-0.004283946054056287,158.8418369293213,-0.2924874283373356,0.0027837389352498576,0.03427734375,0.5239144835621119,121.38698749542236,10.102333068847656,16.431198120117188,75.43058776855469,46.74497985839844,65.32826232910156,40.050228118896484,0.8764426942040178,1.0007972717285156,177.23390197753906,0.55,1.0,0.0,1.0,0.0,0.0,-0.029419953003525734,0.22592996060848236,0.0,0.22913146018981934,0.246848464012146,0.2721831202507019,-1.5495920181274414,-1.5162339210510254,-1.4686899185180664,0.0,1.0
70656,69,6,208.67707341369973,180.83333333333334,-0.004443819227162749,60.994897794723514,-0.2920671686530113,0.003966530435718596,0.04404296875,0.6638081200420857,132.29490633010863,4.560466766357422,14.460686683654785,57.30741500854492,43.36442947387695,52.7469482421875,41.632266998291016,0.888798514847569,1.2199763059616089,376.93756103515625,0.75,1.0,0.0,1.0,0.0,0.0,-0.03014548309147358,0.2305888682603836,0.0,0.2291712760925293,0.2468206137418747,0.271952748298645,-1.5495163202285767,-1.516314148902893,-1.4691181182861328,0.0,1.0
71680,70,7,140.52204151154692,139.14285714285714,-0.003935937548521906,110.95671806335449,-0.29168154373764993,0.002900566779135261,0.02783203125,0.6074867665767669,153.67278327941895,7.464512825012207,16.89931297302246,59.707523345947266,50.168548583984375,52.243011474609375,44.698516845703125,0.8865315648713824,0.9506202340126038,435.1003723144531,0.675,1.0,0.0,1.0,0.0,0.0,-0.0502651184797287,0.2330656349658966,0.0,0.2304486781358719,0.24696703255176544,0.27263522148132324,-1.5470918416976929,-1.5160330533981323,-1.467849612236023,0.0,1.0
72704,71,7,173.46397286032172,149.57142857142858,-0.004400168440770358,120.64920101165771,-0.29118752256035807,0.005613117839675397,0.04404296875,0.5656042117625475,162.61287422180175,7.691893100738525,17.66673469543457,69.81259155273438,47.52184295654297,62.120697021484375,41.87925338745117,0.8617942865727997,1.2876629829406738,363.4605712890625,0.55,1.0,0.0,1.0,0.0,0.0,-0.02888488583266735,0.22727428376674652,0.0,0.2320069819688797,0.24699030816555023,0.2728353440761566,-1.5441361665725708,-1.515970230102539,-1.4674776792526245,0.0,1.0
73728,72,7,166.36652870537142,149.0,-0.004126715648453683,151.9354284286499,-0.2910905100405216,0.004974808693805244,0.0364013671875,0.5543661579489708,271.9439472198486,3.965718984603882,22.6704044342041,68.92628479003906,48.60139465332031,64.96055603027344,42.18296813964844,0.7824189408826281,0.9648102521896362,839.54736328125,0.625,1.0,0.0,1.0,0.0,0.0,-0.009888999164104462,0.23700883984565735,0.0,0.2327498346567154,0.2469957023859024,0.2733289301395416,-1.5427278280258179,-1.5159531831741333,-1.4665606021881104,0.0,1.0
74752,73,8,169.90999927318228,156.5,-0.005332911561708897,56.87207179069519,-0.2913831308484077,0.0032618900426314213,0.044580078125,0.5752768471837044,133.2579873085022,0.5503815412521362,14.089780807495117,59.9743766784668,45.818904876708984,59.42399597167969,40.65160369873047,0.9054374727039496,1.1259949207305908,369.7868957519531,0.55,1.0,0.0,1.0,0.0,0.0,-0.01693054474890232,0.23838427662849426,0.0,0.23202234506607056,0.2467719316482544,0.2714984118938446,-1.5441069602966309,-1.5163601636886597,-1.4699628353118896,0.0,1.0
75776,74,7,159.85948680469332,149.28571428571428,-0.003841594484401867,61.95335392951965,-0.29195418432354925,0.004003232314425986,0.037744140625,0.5260662093758584,157.09897775650023,-1.2159119844436646,15.656637191772461,56.505760192871094,44.0551643371582,57.72167205810547,42.229034423828125,0.8737000102903152,1.064636468887329,386.3611145019531,0.45,1.0,0.0,1.0,0.0,0.0,-0.01516683492809534,0.2374245822429657,0.0,0.2338540107011795,0.24698247015476227,0.2713340222835541,-1.5406354665756226,-1.5159950256347656,-1.4702686071395874,0.0,1.0
76800,75,6,142.82712937950726,125.66666666666667,-0.004742381232790649,68.1426609992981,-0.2893046088516712,0.008521336833655368,0.06220703125,0.5867204241454601,74.76662759780884,4.827956199645996,12.288204193115234,70.36873626708984,44.41777801513672,65.540771484375,38.393333435058594,0.9234644466649921,1.2353906631469727,143.23085021972656,0.6,1.0,0.0,1.0,0.0,0.0,-0.0059196180664002895,0.23824650049209595,0.0,0.23369023203849792,0.24780917167663574,0.27243050932884216,-1.5409457683563232,-1.5144070386886597,-1.4682300090789795,0.0,1.0
77824,76,6,167.24802494686256,141.33333333333334,-0.0035301337717100977,63.51331567764282,-0.28528912365436554,0.004558707085379865,0.03154296875,0.494237020611763,94.00857963562012,2.2382497787475586,13.024118423461914,73.74116516113281,43.8356819152832,71.50291442871094,36.97227478027344,0.9117243085931136,1.0031250715255737,239.31112670898438,0.425,1.0,0.0,1.0,0.0,0.0,-0.008596593514084816,0.23237523436546326,0.0,0.23289693892002106,0.2480209320783615,0.27416425943374634,-1.5424489974975586,-1.5140585899353027,-1.4650092124938965,0.0,1.0
78848,77,8,176.7575850731808,164.375,-0.004617468087235466,115.12142372131348,-0.28674806728959085,0.0037363443509093484,0.0359375,0.6679425112903118,255.8982608795166,7.790351390838623,19.57691192626953,61.741233825683594,52.58517837524414,53.95088195800781,52.6559944152832,0.861400494162456,1.0052545070648193,691.1687622070312,0.875,1.0,0.0,1.0,0.0,0.0,0.0015658821212127805,0.23521453142166138,0.0,0.23364420235157013,0.24763987958431244,0.27383941411972046,-1.5410330295562744,-1.5147649049758911,-1.4656124114990234,0.0,1.0
79872,78,7,165.23924750689483,153.28571428571428,-0.0038882947410456836,88.35428514480591,-0.28967168256640435,0.005843074835138395,0.0476806640625,0.6217972509562969,146.23840475082397,4.187167644500732,16.915790557861328,65.74441528320312,46.9628791809082,61.5572509765625,43.142154693603516,0.8702595943944156,1.3316999673843384,343.13433837890625,0.625,1.0,0.0,1.0,0.0,0.0,0.010630719363689423,0.2300184965133667,0.0,0.23257698118686676,0.2467227727174759,0.27426019310951233,-1.543055534362793,-1.5165151357650757,-1.4648311138153076,0.0,1.0
80896,79,5,167.20057629070502,163.4,-0.005627395515330136,58.56513843536377,-0.2900363691151142,0.008529961873136926,0.055908203125,0.5725188381969929,133.25727653503418,-1.4598724842071533,14.60966968536377,63.3670654296875,44.83671569824219,64.82693481445312,35.06721878051758,0.8938272178505351,1.0104238986968994,379.69769287109375,0.575,1.0,0.0,1.0,0.0,0.0,0.007626071572303772,0.229847714304924,0.0,0.23288090527057648,0.2481064796447754,0.27619603276252747,-1.542479395866394,-1.513914704322815,-1.4612383842468262,0.0,1.0
81920,80,7,181.5752656177198,165.85714285714286,-0.002912625321187079,81.74976673126221,-0.28683447241783144,0.0031642148678656667,0.0228271484375,0.5395612627267837,148.50755834579468,8.7521390914917,14.458056449890137,60.66822052001953,51.055389404296875,51.916080474853516,52.033145904541016,0.9198069657887127,0.9350923895835876,388.2376708984375,0.6,1.0,0.0,1.0,0.0,0.0,-0.009857499971985817,0.23757795989513397,0.0,0.23217570781707764,0.24690590798854828,0.27390801906585693,-1.5438162088394165,-1.5161665678024292,-1.4654850959777832,0.0,1.0
82944,81,6,139.15699216730485,147.0,-0.006741298409178853,91.11991739273071,-0.295904204249382,0.00725760001805611,0.05322265625,0.5587512865662575,174.2787413597107,-0.6783158183097839,18.001419067382812,57.33604049682617,47.101097106933594,58.01435470581055,44.5922966003418,0.8539332288530337,1.043104887008667,457.338134765625,0.575,1.0,0.0,1.0,0.0,0.0,-0.012687218375504017,0.2360537201166153,0.0,0.23244710266590118,0.2455986589193344,0.26903101801872253,-1.5433017015457153,-1.518595814704895,-1.4745540618896484,0.0,1.0
83968,82,5,210.65810346739255,170.0,-0.0035663659567944706,57.05356616973877,-0.29914499297738073,0.003940949869866017,0.04404296875,0.6667976759374141,110.91204690933228,6.334786891937256,11.90031909942627,66.22904968261719,45.211605072021484,59.89426040649414,43.225929260253906,0.9307184816973473,1.326413869857788,321.89813232421875,0.75,1.0,0.0,1.0,0.0,0.0,0.0004921869258396327,0.23269404470920563,0.0,0.23221999406814575,0.24560542404651642,0.26811081171035767,-1.5437322854995728,-1.518553376197815,-1.4762678146362305,0.0,1.0
84992,83,7,180.26454548452986,151.42857142857142,-0.004537040297873318,52.803945779800415,-0.30136649683117867,0.003088791960908566,0.03232421875,0.5309139214456081,200.12334957122803,5.583442687988281,14.720726013183594,66.84503936767578,45.73741149902344,61.261600494384766,47.198001861572266,0.8964105970951501,0.7857120037078857,671.4183349609375,0.6,1.0,0.0,1.0,0.0,0.0,0.006094877142459154,0.23364990949630737,0.0,0.23036426305770874,0.24436362087726593,0.26693791151046753,-1.5472520589828491,-1.5208958387374878,-1.4784533977508545,0.0,1.0
86016,84,7,181.01927084520284,156.57142857142858,-0.003818471753038466,49.01439452171326,-0.30873539820313456,0.004687058622948825,0.02646484375,0.5364314146339894,80.52420454025268,6.21006441116333,10.112204551696777,64.15396118164062,52.69267654418945,57.94389343261719,50.75892639160156,0.963170900178734,0.8197660446166992,212.02955627441406,0.625,1.0,0.0,1.0,0.0,0.0,0.014117985963821411,0.2340419888496399,0.0,0.22844716906547546,0.24348922073841095,0.2658746540546417,-1.550891399383545,-1.5225468873977661,-1.480435848236084,0.0,1.0
87040,85,7,190.44478276700053,160.0,-0.005596043076366186,56.511124753952025,-0.3114403061568737,0.004903700387512799,0.048876953125,0.539748115092516,122.41193981170655,9.049080848693848,10.938806533813477,63.50191116333008,47.40787887573242,54.45283126831055,46.67733383178711,0.9467599028934913,1.1801143884658813,345.7043151855469,0.525,1.0,0.0,1.0,0.0,0.0,0.006276112049818039,0.2300594002008438,0.0,0.22867535054683685,0.24324379861354828,0.264371395111084,-1.5504579544067383,-1.5230032205581665,-1.4832406044006348,0.0,1.0
88064,86,6,175.81624214697604,168.83333333333334,-0.003999765624757856,78.97548561096191,-0.30990108400583266,0.0038711482658982275,0.0279052734375,0.5505624562501907,217.17780647277831,1.0399932861328125,17.605436325073242,62.106239318847656,50.34852981567383,61.06624984741211,50.00044250488281,0.8777299814574514,0.82691890001297,581.4057006835938,0.625,1.0,0.0,1.0,0.0,0.0,0.0026469805743545294,0.23125611245632172,0.0,0.227700874209404,0.24424421787261963,0.26563185453414917,-1.5523089170455933,-1.5211035013198853,-1.480888843536377,0.0,1.0
89088,87,8,188.0931521399961,170.75,-0.004043923364952207,39.60785574913025,-0.30519225522875787,0.0031575253568007612,0.0287353515625,0.49857584238052366,118.82778329849243,7.187386512756348,10.524152755737305,56.063438415527344,49.99726104736328,48.87605285644531,51.227848052978516,0.9556920312434602,0.7897768616676331,332.6660461425781,0.45,1.0,0.0,1.0,0.0,0.0,0.002784065203741193,0.23676985502243042,0.0,0.22610649466514587,0.24441079795360565,0.2664197087287903,-1.555338978767395,-1.5208014249801636,-1.479419469833374,0.0,1.0
90112,88,5,152.46376660164086,129.0,-0.003191263135522604,41.983800292015076,-0.30949667617678644,0.0029485694438335487,0.0296875,0.5461835466325283,165.65080394744874,-1.792863130569458,13.736114501953125,70.68594360351562,40.89423370361328,72.47881317138672,37.73711013793945,0.8871754203277042,0.9118147492408752,426.59918212890625,0.55,1.0,0.0,1.0,0.0,0.0,0.007413453888148069,0.2320740967988968,0.0,0.2243601381778717,0.24297897517681122,0.2640189528465271,-1.5586602687835693,-1.5235131978988647,-1.4838985204696655,0.0,1.0
91136,89,7,169.07765339817712,157.28571428571428,-0.002519443188793957,68.48287997245788,-0.31467203348875045,0.002966501409537159,0.01923828125,0.5831062760204077,176.33080625534058,0.8544657230377197,16.77545166015625,62.91114807128906,46.12673568725586,62.05668258666992,45.117794036865234,0.8677356119397182,1.0571852922439575,388.3223876953125,0.7,1.0,0.0,1.0,0.0,0.0,0.0032196391839534044,0.2313266545534134,0.0,0.2258717119693756,0.2427361011505127,0.26210349798202515,-1.5557852983474731,-1.5239462852478027,-1.487476110458374,0.0,1.0
92160,90,8,159.06154969263122,141.875,-0.004426366498228163,39.59859409332275,-0.3137511618435383,0.004131745072663761,0.0457275390625,0.5505585491657257,73.8596752166748,4.098738193511963,10.245641708374023,73.45354461669922,46.40887451171875,69.35481262207031,44.186561584472656,0.9512610392820243,1.1266329288482666,190.1726837158203,0.6,1.0,0.0,1.0,0.0,0.0,0.007666497956961393,0.22956912219524384,0.0,0.22735226154327393,0.24324709177017212,0.2631288468837738,-1.5529712438583374,-1.5229681730270386,-1.485560655593872,0.0,1.0
93184,91,5,182.08755431473386,170.4,-0.005034197214990854,36.437557792663576,-0.3119415737688541,0.0066632432222832,0.0478515625,0.5768615894019604,101.44624605178834,6.297091007232666,10.41392707824707,56.68714141845703,49.84101867675781,50.390052795410156,47.04193878173828,0.956342858874452,0.9569683074951172,260.0108642578125,0.575,1.0,0.0,1.0,0.0,0.0,0.017275003716349602,0.23079438507556915,0.0,0.22808049619197845,0.2433333545923233,0.2635195851325989,-1.5515878200531006,-1.5228004455566406,-1.4848308563232422,0.0,1.0
94208,92,5,189.57171982504124,185.8,-0.004785223066573962,70.94299554824829,-0.31139423325657845,0.00602886248670984,0.057861328125,0.6128519482910633,203.98370037078857,3.549591064453125,16.881702423095703,62.09115982055664,51.04428482055664,58.54157257080078,53.095760345458984,0.8906199099814246,1.1674871444702148,589.4105834960938,0.725,1.0,0.0,1.0,0.0,0.0,-0.0043798633851110935,0.2323114424943924,0.0,0.22811688482761383,0.24330419301986694,0.2632600963115692,-1.5515186786651611,-1.5228842496871948,-1.4853154420852661,0.0,1.0
95232,93,6,207.23027833264254,176.33333333333334,-0.004286598513135687,31.65644474029541,-0.31229760870337486,0.0044703114195726815,0.036474609375,0.5381848737597466,83.72948470115662,7.694973468780518,7.878020763397217,72.58522033691406,47.602230072021484,64.89025115966797,45.00182342529297,0.972610780164875,1.205098032951355,230.82679748535156,0.6,1.0,0.0,1.0,0.0,0.0,0.017189761623740196,0.22846801578998566,0.0,0.22648312151432037,0.24319052696228027,0.263252317905426,-1.554623007774353,-1.5230776071548462,-1.4853299856185913,0.0,1.0
96256,94,8,181.41723994981527,158.5,-0.0036024761619046332,63.33906707763672,-0.3122124090790749,0.0041315150694572365,0.03505859375,0.6358267888426781,142.70122871398925,5.013440132141113,14.293501853942871,75.38928985595703,53.57561492919922,70.3758544921875,50.829322814941406,0.9288224573825081,1.213446855545044,438.0530700683594,0.775,1.0,0.0,1.0,0.0,0.0,0.012934365309774876,0.23616985976696014,0.0,0.22850053012371063,0.24311016499996185,0.26098769903182983,-1.5507899522781372,-1.5232023000717163,-1.4895617961883545,0.0,1.0
97280,95,6,160.7607978560168,157.16666666666666,-0.0038550373166799544,64.2909255027771,-0.31231417432427405,0.005971036110713613,0.0421630859375,0.5607756316661835,141.28524532318116,-0.7946474552154541,15.51261043548584,63.85462188720703,48.651634216308594,64.6492691040039,43.40377426147461,0.8983341916889959,0.8667412996292114,339.85333251953125,0.675,1.0,0.0,1.0,0.0,0.0,-0.00041061360388994217,0.2380993366241455,0.0,0.23054513335227966,0.24348825216293335,0.26025453209877014,-1.5469088554382324,-1.5225030183792114,-1.490932822227478,0.0,1.0
98304,96,5,183.54795983996297,168.8,-0.004425859730690718,35.805865025520326,-0.30779899507761,0.006049297694698907,0.03994140625,0.567107069119811,103.30183448791504,-2.987149238586426,12.108112335205078,62.52637481689453,46.08427429199219,65.51351928710938,41.35483169555664,0.9309684959594282,1.0677766799926758,243.3506317138672,0.6,1.0,0.0,1.0,0.0,0.0,-0.004665524233132601,0.23747828602790833,0.0,0.23338893055915833,0.24456872045993805,0.26088860630989075,-1.541516661643982,-1.5204453468322754,-1.4897470474243164,0.0,1.0
99328,97,6,166.6376370186726,170.33333333333334,-0.0040959087084047495,37.54722814559936,-0.305019087344408,0.004507175447361078,0.0499755859375,0.6191673643887043,126.51730251312256,0.20327025651931763,12.119781494140625,63.433528900146484,53.384307861328125,63.230262756347656,53.89133834838867,0.9484578702210112,1.4737540483474731,417.22772216796875,0.725,1.0,0.0,1.0,0.0,0.0,0.0001671902573434636,0.2312926948070526,0.0,0.23313695192337036,0.24405968189239502,0.259625643491745,-1.5419940948486328,-1.5213966369628906,-1.4921092987060547,0.0,1.0
100352,98,6,188.6735618541883,180.83333333333334,-0.0042177147173788395,59.130328226089475,-0.3075818046927452,0.007410360958601814,0.032666015625,0.5680921673774719,194.511243724823,2.9460699558258057,15.809505462646484,59.77935028076172,55.2174186706543,56.833290100097656,56.10494613647461,0.918024436017443,1.1180391311645508,547.0618286132812,0.55,1.0,0.0,1.0,0.0,0.0,-0.008671256713569164,0.23180918395519257,0.0,0.2341793328523636,0.2441631555557251,0.2595881223678589,-1.540019154548645,-1.5211944580078125,-1.4921795129776,0.0,1.0
101376,99,7,167.44032201534966,159.57142857142858,-0.004058214678661898,34.67912817001343,-0.3073740042746067,0.002747702450142242,0.0292724609375,0.5616995900869369,83.89029088020325,1.846456527709961,11.563532829284668,61.043609619140625,51.88200378417969,59.1971549987793,52.04059982299805,0.9503238879772901,0.9102126955986023,206.60272216796875,0.625,1.0,0.0,1.0,0.0,0.0,-0.0031428325455635786,0.23371769487857819,0.0,0.23551589250564575,0.24365930259227753,0.2594468891620636,-1.5374882221221924,-1.5221329927444458,-1.4924437999725342,0.0,1.0
102400,100,5,172.15127977002186,158.2,-0.0032865376444533466,55.29998254776001,-0.3146619610488415,0.0037899344868492337,0.039599609375,0.568521936237812,140.81664638519288,5.416647911071777,13.429536819458008,63.068153381347656,51.5233268737793,57.6515007019043,50.89944839477539,0.9320617610893203,1.311080813407898,369.4467468261719,0.525,1.0,0.0,1.0,0.0,0.0,-0.0025222385302186012,0.2373386174440384,0.0,0.23334701359272003,0.2416248470544815,0.25745889544487,-1.5415960550308228,-1.5259723663330078,-1.4961655139923096,0.0,1.0
103424,101,6,199.38284661616225,195.16666666666666,-0.0035189910791814326,82.20638570785522,-0.32303381338715553,0.0018123822519555688,0.0287353515625,0.5787409447133541,212.80129127502443,3.4810328483581543,18.1758975982666,64.41461181640625,59.26996994018555,60.93357849121094,61.33437728881836,0.9059578804303322,0.9334413409233093,617.4810791015625,0.55,1.0,0.0,1.0,0.0,0.0,-0.005128426011651754,0.2319970428943634,0.0,0.2328776717185974,0.24102573096752167,0.2568691372871399,-1.5424855947494507,-1.5271353721618652,-1.4972703456878662,0.0,1.0
104448,102,6,159.97892608149826,160.0,-0.0037682658177800475,38.56168117523193,-0.3237826660275459,0.0014634727936936542,0.0356689453125,0.596029095351696,100.21540489196778,3.9005141258239746,10.880064964294434,60.32373046875,54.34079360961914,56.423213958740234,50.85306167602539,0.9599123083981567,1.0704717636108398,259.5929260253906,0.625,1.0,0.0,1.0,0.0,0.0,0.0024331805761903524,0.2334035485982895,0.0,0.2332434505224228,0.24140137434005737,0.2575134336948395,-1.541792392730713,-1.5264039039611816,-1.496063470840454,0.0,1.0
105472,103,4,198.11325539045322,203.5,-0.00492538909893483,18.812003636360167,-0.32544656470417976,0.004832274821819737,0.0424072265625,0.5748972930014133,79.66981225013733,1.5683519840240479,9.001751899719238,61.0433349609375,50.39029312133789,59.47498321533203,51.976558685302734,0.9680875349490078,0.9892735481262207,244.11489868164062,0.575,1.0,0.0,1.0,0.0,0.0,0.008907896466553211,0.23302488029003143,0.0,0.23080845177173615,0.2400503158569336,0.2568471133708954,-1.546409249305725,-1.5289791822433472,-1.4973115921020508,0.0,1.0
106496,104,8,190.09820778722448,184.75,-0.004081870173104107,52.55121426582336,-0.3338619895279408,0.0045266172761330385,0.035498046875,0.6070384070277214,149.28960399627687,4.91428279876709,13.431225776672363,67.25949096679688,58.1123046875,62.34521484375,58.31195831298828,0.9465810792441615,1.063938021659851,504.1125793457031,0.625,1.0,0.0,1.0,0.0,0.0,-0.0024495627731084824,0.23619703948497772,0.0,0.23021309077739716,0.23871123790740967,0.2552345395088196,-1.5475388765335083,-1.5314908027648926,-1.5003342628479004,0.0,1.0
107520,105,5,177.72344857267933,169.4,-0.0040415998839307575,34.17556624412536,-0.34214360639452934,0.0028832689902628774,0.03671875,0.6278301425278187,165.1660011768341,2.8728160858154297,11.958516120910645,56.478904724121094,57.47216033935547,53.6060905456543,58.386940002441406,0.9567048109304618,1.3079181909561157,494.52105712890625,0.675,1.0,0.0,1.0,0.0,0.0,5.6783825129969046e-05,0.2296283096075058,0.0,0.2275230586528778,0.23695087432861328,0.25482451915740967,-1.5526467561721802,-1.5348623991012573,-1.501103162765503,0.0,1.0
108544,106,5,184.45187320963973,187.0,-0.0048167092201765625,53.5686607837677,-0.35155910402536394,0.0035071475605946032,0.035546875,0.5081754788756371,148.40079555511474,5.2620625495910645,13.624752044677734,71.581298828125,53.28208541870117,66.31922912597656,51.366539001464844,0.9346124840410158,0.8671544194221497,403.1593933105469,0.5,1.0,0.0,1.0,0.0,0.0,-0.006505241151899099,0.23172438144683838,0.0,0.22589454054832458,0.23578046262264252,0.25510111451148987,-1.5557419061660767,-1.5370649099349976,-1.5005844831466675,0.0,1.0
109568,107,6,187.4673409445779,176.16666666666666,-0.0043357123271562156,137.16417942047119,-0.35360297486186026,0.004627220031397883,0.0422119140625,0.5700976371765136,126.67510166168213,3.2608695030212402,18.713659286499023,82.37538146972656,57.55265426635742,79.11451721191406,47.64907455444336,0.8942728121685748,1.0351868867874146,264.8406677246094,0.575,1.0,0.0,1.0,0.0,0.0,-0.01373874768614769,0.23195894062519073,0.0,0.22524841129779816,0.23622344434261322,0.2564464807510376,-1.5569705963134766,-1.5362515449523926,-1.4980623722076416,0.0,1.0
110592,108,6,167.1499574676691,168.33333333333334,-0.0057138183561619375,102.97599911689758,-0.34992435574531555,0.005051994136010762,0.0679443359375,0.6670101650059224,347.3672328948975,-0.797599196434021,21.19542694091797,56.57026672363281,53.80363464355469,57.36786651611328,55.38814926147461,0.8448109188987706,1.3674014806747437,785.2556762695312,0.65,1.0,0.0,1.0,0.0,0.0,-0.0019412065157666802,0.23153020441532135,0.0,0.22530318796634674,0.2369862198829651,0.25693127512931824,-1.5568664073944092,-1.5347743034362793,-1.4971539974212646,0.0,1.0
111616,109,5,189.17490994855854,182.4,-0.004612027562689036,39.89803285598755,-0.34929456412792204,0.00542948240035912,0.0346435546875,0.5805109605193138,153.7676471710205,0.39913007616996765,13.212170600891113,55.897865295410156,58.66563034057617,55.49873352050781,60.1555290222168,0.9492798065340776,1.026960015296936,440.9049072265625,0.6,1.0,0.0,1.0,0.0,0.0,-0.0021965967025607824,0.23171064257621765,0.0,0.22415323555469513,0.23594313859939575,0.2565231919288635,-1.559053897857666,-1.5367704629898071,-1.4979186058044434,0.0,1.0
112640,110,7,172.14612008707067,178.0,-0.004580086446367204,40.81220695972443,-0.3558608077466488,0.005306406086310745,0.0313232421875,0.6116540856659413,145.0138867378235,-0.9943680167198181,13.412046432495117,55.063507080078125,58.4625129699707,56.05787658691406,57.594669342041016,0.9473697783418965,0.9289284944534302,377.9195861816406,0.725,1.0,0.0,1.0,0.0,0.0,-0.00676974281668663,0.23224326968193054,0.0,0.22074033319950104,0.23535120487213135,0.2572403848171234,-1.565552830696106,-1.5379148721694946,-1.496574878692627,0.0,1.0
113664,111,8,150.57380391488988,164.875,-0.004771803959738463,61.03722233772278,-0.3611706279218197,0.0016541972785489635,0.0288330078125,0.5172102801501751,243.30898628234863,-5.333310604095459,16.806779861450195,52.857444763183594,49.728572845458984,58.19075393676758,49.84562683105469,0.8857760954921159,0.9516079425811768,640.0824584960938,0.55,1.0,0.0,1.0,0.0,0.0,0.00794216152280569,0.22698238492012024,0.0,0.2169061005115509,0.23353362083435059,0.2565332055091858,-1.5728654861450195,-1.5413769483566284,-1.4978997707366943,0.0,1.0
114688,112,2,160.317464884356,168.5,-0.004284448141697794,14.17828847169876,-0.36917468905448914,0.003202982347283978,0.0377685546875,0.5488869354128838,105.06430611610412,2.8758416175842285,8.889019966125488,41.48711395263672,53.05742645263672,38.61127471923828,52.7109260559082,0.9719317457283347,0.9774501919746399,390.8528747558594,0.6,1.0,0.0,1.0,0.0,0.0,-0.01981855183839798,0.23308219015598297,0.0,0.21745160222053528,0.23310060799121857,0.2535671591758728,-1.5718244314193726,-1.5421496629714966,-1.5034621953964233,0.0,1.0
115712,113,6,164.6521272133244,185.5,-0.004625909496098757,34.589534759521484,-0.37277927398681643,0.006708738279121463,0.047802734375,0.5382718093693256,127.49722075462341,1.7384761571884155,12.192708015441895,68.43494415283203,53.88252258300781,66.69646453857422,52.699554443359375,0.948795920372068,0.9230417013168335,368.69970703125,0.525,1.0,0.0,1.0,0.0,0.0,-0.016572780907154083,0.23044928908348083,0.0,0.21555392444133759,0.2317928671836853,0.25191399455070496,-1.5754473209381104,-1.5446410179138184,-1.506566047668457,0.0,1.0
116736,114,8,199.7119012019527,191.0,-0.004005130659788847,50.72333974838257,-0.38257447108626363,0.004732204471656587,0.04951171875,0.6050806105136871,198.79722499847412,9.085458755493164,10.95149040222168,56.44309997558594,62.36989974975586,47.35763931274414,63.76978302001953,0.9691683787920982,1.28369140625,592.8683471679688,0.675,1.0,0.0,1.0,0.0,0.0,0.0028271470218896866,0.23305080831050873,0.0,0.21371209621429443,0.229653462767601,0.25013020634651184,-1.5789663791656494,-1.5487112998962402,-1.5099178552627563,0.0,1.0
117760,115,4,171.55634813020117,175.25,-0.004518656589789316,33.697812008857724,-0.3922580204904079,0.005002762857475318,0.036962890625,0.5884219609200955,189.75329394340514,3.837843656539917,12.803841590881348,40.0335693359375,50.08080291748047,36.19572448730469,54.764034271240234,0.9346360869711342,1.0743478536605835,572.1053466796875,0.575,1.0,0.0,1.0,0.0,0.0,-0.003924580756574869,0.22563795745372772,0.0,0.2126421332359314,0.22868438065052032,0.2502071261405945,-1.5810118913650513,-1.5505331754684448,-1.5097732543945312,0.0,1.0
118784,116,5,227.96250767373476,212.4,-0.0048287294222973285,59.583448028564455,-0.3994232378900051,0.002001934916188475,0.035400390625,0.6015770092606545,266.08144054412844,5.342358589172363,16.909181594848633,59.13819885253906,50.14249038696289,53.795841217041016,58.66972732543945,0.8862809081519458,1.1452897787094116,692.1362915039062,0.6,1.0,0.0,1.0,0.0,0.0,0.007385583128780127,0.23274832963943481,0.0,0.20979411900043488,0.22664983570575714,0.2460653930902481,-1.586461067199707,-1.5543872117996216,-1.5175669193267822,0.0,1.0
119808,117,7,148.85713694311977,178.57142857142858,-0.004398701462196186,69.13422951698303,-0.4059043362736702,0.004667479556519538,0.0388427734375,0.5706869062036276,207.08558559417725,4.070455551147461,15.668761253356934,60.91429901123047,66.93515014648438,56.843849182128906,64.950439453125,0.9452024957787721,1.416648030281067,579.9804077148438,0.55,1.0,0.0,1.0,0.0,0.0,0.0174814835190773,0.21994797885417938,0.0,0.21024852991104126,0.2272888571023941,0.24629974365234375,-1.5855913162231445,-1.553201675415039,-1.5171256065368652,0.0,1.0
120832,118,5,166.164167673074,174.4,-0.005354598385747522,39.15121833086014,-0.40305000841617583,0.006787591286411043,0.0538818359375,0.5345698673278093,176.44321632385254,-4.185398101806641,13.512980461120605,51.50689697265625,46.799156188964844,55.69229507446289,45.030555725097656,0.9166268471804859,1.0103638172149658,455.33489990234375,0.5,1.0,0.0,1.0,0.0,0.0,0.0315898135304451,0.22106847167015076,0.0,0.21013395488262177,0.22672347724437714,0.24413298070430756,-1.5858105421066284,-1.5542610883712769,-1.5212085247039795,0.0,1.0
121856,119,3,194.82845763575085,221.66666666666666,-0.004379754443652928,36.60602695941925,-0.4102348893880844,0.004035229561850429,0.041259765625,0.5780704498291016,128.7725416660309,7.269702434539795,10.818017959594727,55.254005432128906,58.17727279663086,47.98429870605469,61.361305236816406,0.9654228933921057,1.4578391313552856,360.4393005371094,0.6,1.0,0.0,1.0,0.0,0.0,0.007167138159275055,0.2205759882926941,0.0,0.20895230770111084,0.22512036561965942,0.24184517562389374,-1.5880730152130127,-1.5572904348373413,-1.525524377822876,0.0,1.0
122880,120,7,188.14447833294412,189.42857142857142,-0.005006044881884009,52.61741442680359,-0.4196647942066193,0.00355927663622424,0.0349853515625,0.5564316011965275,146.76171283721925,4.312893390655518,14.420371055603027,70.52912139892578,52.76777267456055,66.21623229980469,51.343666076660156,0.9253181049383175,0.9770587086677551,399.695068359375,0.675,1.0,0.0,1.0,0.0,0.0,0.016004962846636772,0.219902902841568,0.0,0.20892128348350525,0.22344577312469482,0.24096499383449554,-1.5881325006484985,-1.560479998588562,-1.5271859169006348,0.0,1.0
123904,121,5,207.9334381997371,186.6,-0.004703350574709475,57.63058137893677,-0.4289772376418114,0.003333781778928824,0.0227783203125,0.554471630603075,214.7744788169861,3.9303979873657227,15.434146881103516,39.66652297973633,49.22232437133789,35.736122131347656,50.113677978515625,0.9016801836700545,0.8839153051376343,560.52734375,0.6,1.0,0.0,1.0,0.0,0.0,0.027607040479779243,0.22700382769107819,0.0,0.20661211013793945,0.22197653353214264,0.24191074073314667,-1.5925570726394653,-1.5632948875427246,-1.5254006385803223,0.0,1.0
124928,122,5,170.46693222491666,193.8,-0.003099641250446439,63.06553921699524,-0.43517243042588233,0.004028355634363834,0.0306640625,0.4925391491502523,247.43950443267823,-3.0686540603637695,16.81422996520996,75.90914916992188,52.05947494506836,78.97779846191406,47.701175689697266,0.8956831789586692,1.0250227451324463,758.7781372070312,0.45,1.0,0.0,1.0,0.0,0.0,0.01159463357180357,0.22405113279819489,0.0,0.2067110240459442,0.22129757702350616,0.24270106852054596,-1.59236741065979,-1.564583659172058,-1.5239092111587524,0.0,1.0
125952,123,6,138.2692222017404,173.16666666666666,-0.004757187364157289,50.881711435317996,-0.4390882603824139,0.005107351066544652,0.03115234375,0.5361743427813053,145.14364910125732,2.4370579719543457,13.742392539978027,79.66107177734375,59.07744598388672,77.22401428222656,51.46082305908203,0.9458895294225783,0.8954803943634033,332.7544860839844,0.575,1.0,0.0,1.0,0.0,0.0,0.006588281597942114,0.21886947751045227,0.0,0.2056344896554947,0.22077839076519012,0.24418629705905914,-1.5944315195083618,-1.565611481666565,-1.5211080312728882,0.0,1.0
126976,124,4,216.49303068459588,174.75,-0.0037392885889858006,36.76550796031952,-0.43780219852924346,0.004082433989970014,0.030908203125,0.5107691392302514,190.2088296890259,2.7966060638427734,13.912115097045898,34.535797119140625,53.27483367919922,31.739187240600586,56.65469741821289,0.9318066361690642,1.0375244617462158,629.9581909179688,0.4,1.0,0.0,1.0,0.0,0.0,0.015963522717356682,0.22974592447280884,0.0,0.20648352801799774,0.2218424677848816,0.2480730563402176,-1.5928035974502563,-1.5635992288589478,-1.513787031173706,0.0,1.0
128000,125,7,198.1408405561951,192.85714285714286,-0.0044987857574597,88.8769015789032,-0.43097774907946584,0.00267125516111264,0.0317626953125,0.5476358745247125,239.90956926345825,4.916815757751465,18.254138946533203,67.76409912109375,60.59623336791992,62.84728240966797,63.07370376586914,0.9092531511109,0.9259673357009888,659.3510131835938,0.55,1.0,0.0,1.0,0.0,0.0,0.003861457109451294,0.22201946377754211,0.0,0.20709489285945892,0.22276045382022858,0.24755702912807465,-1.5916316509246826,-1.5618425607681274,-1.5147582292556763,0.0,1.0
129024,126,7,167.42970358794742,184.14285714285714,-0.0046887223259545864,188.41383152008058,-0.4265802547335625,0.004795619695505593,0.0499755859375,0.5419485367834568,396.2749881744385,-2.90559720993042,25.952348709106445,88.94351959228516,67.72307586669922,91.84912109375,56.23232650756836,0.8531479535323003,1.185994029045105,958.5714721679688,0.625,1.0,0.0,1.0,0.0,0.0,0.01487404853105545,0.22105523943901062,0.0,0.2102581411600113,0.2236347198486328,0.24562542140483856,-1.5855728387832642,-1.560129165649414,-1.5183957815170288,0.0,1.0
130048,127,4,188.164193863493,190.75,-0.004431288712657988,29.11221570968628,-0.4242241658270359,0.005327410067548044,0.0391357421875,0.5301323466002941,161.52649521827698,0.1368250846862793,12.02890396118164,48.53684997558594,53.833065032958984,48.4000244140625,58.2885627746582,0.9500708899227122,0.8796415328979492,451.49395751953125,0.55,1.0,0.0,1.0,0.0,0.0,0.04320293292403221,0.22460755705833435,0.0,0.20845836400985718,0.22315174341201782,0.2463199347257614,-1.5890191793441772,-1.5610581636428833,-1.517087459564209,0.0,1.0
131072,128,5,208.94027841304847,191.0,-0.005155799398198724,33.14615120887756,-0.42440554574131967,0.0025105805849307216,0.0286376953125,0.5429929390549659,76.90351901054382,3.9557199478149414,9.905945777893066,87.12294006347656,56.1509895324707,83.16722106933594,55.56604766845703,0.9688773148022171,0.8911782503128052,185.045166015625,0.575,1.0,0.0,1.0,0.0,0.0,0.014549843966960907,0.2218075394630432,0.0,0.20878072082996368,0.22403819859027863,0.24702374637126923,-1.5884016752243042,-1.5593987703323364,-1.515762209892273,0.0,1.0
132096,129,6,185.42191686943806,182.0,-0.004795538494363427,47.901477336883545,-0.4211262300610542,0.004312096058856696,0.048046875,0.5701441459357739,154.1965693473816,2.640704870223999,13.263040542602539,70.96736145019531,58.648990631103516,68.32665252685547,55.131229400634766,0.9488594834213808,0.9799304008483887,460.7015686035156,0.575,1.0,0.0,1.0,0.0,0.0,0.02692209929227829,0.22645026445388794,0.0,0.20736552774906158,0.2239522784948349,0.24658697843551636,-1.5911129713058472,-1.559566617012024,-1.5165846347808838,0.0,1.0
133120,130,8,193.76321995840317,173.625,-0.00325957452878356,89.22580699920654,-0.4203064039349556,0.0038740426694857887,0.032861328125,0.5319119758903981,220.84506931304932,-1.33078932762146,18.302215576171875,72.71733093261719,55.45729446411133,74.04812622070312,52.8834228515625,0.8910844382470652,0.8821688890457153,615.0361328125,0.525,1.0,0.0,1.0,0.0,0.0,0.026361331343650818,0.21755412220954895,0.0,0.20844365656375885,0.2247135043144226,0.24712833762168884,-1.5890473127365112,-1.5581022500991821,-1.515565276145935,0.0,1.0
134144,131,3,149.1191048131111,168.66666666666666,-0.004939943226054311,41.04263436794281,-0.41613314151763914,0.0021952384893666023,0.0483154296875,0.5910588450729847,162.23573322296141,-0.829682469367981,13.372285842895508,64.5223388671875,53.07219314575195,65.35202026367188,51.71754837036133,0.936514104188173,1.240403652191162,522.1430053710938,0.6,1.0,0.0,1.0,0.0,0.0,0.02175791561603546,0.2195601910352707,0.0,0.21104608476161957,0.22501438856124878,0.24679678678512573,-1.5840648412704468,-1.5575346946716309,-1.5161895751953125,0.0,1.0
135168,132,7,199.9971633626425,205.85714285714286,-0.004041782417334616,24.988192629814147,-0.41230580732226374,0.004394199435773771,0.0357421875,0.5528805285692215,93.05923752784729,3.700256824493408,9.75383472442627,61.3652458190918,56.03361511230469,57.66498565673828,57.98589324951172,0.9696992394728837,0.9434438347816467,245.76206970214844,0.55,1.0,0.0,1.0,0.0,0.0,0.034543100744485855,0.21845465898513794,0.0,0.21435940265655518,0.2262374609708786,0.24861952662467957,-1.5777292251586914,-1.5551897287368774,-1.5127588510513306,0.0,1.0
136192,133,6,174.4874283907135,165.5,-0.0029178472410421818,29.14643725156784,-0.4091676190495491,0.0028669019186054355,0.01953125,0.6403269827365875,122.74331741333008,-2.1667659282684326,11.625212669372559,62.6141471862793,50.737213134765625,64.78091430664062,50.36305618286133,0.947501296563231,1.2270921468734741,333.93328857421875,0.7,1.0,0.0,1.0,0.0,0.0,0.030650116503238678,0.22037804126739502,0.0,0.21491739153862,0.22583584487438202,0.24694308638572693,-1.5766631364822388,-1.555936336517334,-1.5159140825271606,0.0,1.0
137216,134,7,190.88882654770492,166.85714285714286,-0.004467442270833999,106.62963700294495,-0.41282808780670166,0.003151925875863526,0.0289794921875,0.5741173259913921,316.6598085403442,1.5625348091125488,21.044960021972656,65.987060546875,58.6253776550293,64.42453002929688,61.42313766479492,0.8711380069384895,1.1321988105773926,846.9835205078125,0.65,1.0,0.0,1.0,0.0,0.0,0.031560301780700684,0.22091864049434662,0.0,0.21226471662521362,0.2252321094274521,0.24664629995822906,-1.5817335844039917,-1.5571074485778809,-1.5164728164672852,0.0,1.0
138240,135,4,139.08666663618598,146.25,-0.0033943015208933503,108.85383472442626,-0.4131813019514084,0.005495771821006201,0.0345703125,0.556013997644186,286.26663093566896,2.4766106605529785,21.351886749267578,84.23162841796875,47.67238998413086,81.75502014160156,48.15605163574219,0.79939642340407,1.0031858682632446,638.4428100585938,0.575,1.0,0.0,1.0,0.0,0.0,0.018901603296399117,0.22076435387134552,0.0,0.21209987998008728,0.22594137489795685,0.2473091185092926,-1.5820488929748535,-1.555735468864441,-1.5152249336242676,0.0,1.0
139264,136,6,228.46404607632095,194.5,-0.004787317966111005,25.18802570104599,-0.4079881630837917,0.003994552095537074,0.0339111328125,0.5371109373867512,95.54903726577759,1.1081814765930176,10.890761375427246,76.16926574707031,50.218902587890625,75.06108093261719,48.455570220947266,0.9529692343207938,1.108971118927002,258.6938171386719,0.5,1.0,0.0,1.0,0.0,0.0,0.013282506726682186,0.21984384953975677,0.0,0.21109633147716522,0.2266736775636673,0.24840691685676575,-1.5839687585830688,-1.5543524026870728,-1.513158917427063,0.0,1.0
140288,137,7,180.10118174047588,171.28571428571428,-0.004299188195727765,49.79509558677673,-0.4086379610002041,0.00573687383584911,0.046875,0.5434954930096865,97.59774684906006,1.946648359298706,12.2572603225708,85.45442199707031,62.34783935546875,83.50778198242188,59.31753921508789,0.9613504865030478,1.1022807359695435,237.88124084472656,0.5,1.0,0.0,1.0,0.0,0.0,0.014893134124577045,0.22663560509681702,0.0,0.21093198657035828,0.22559159994125366,0.24637249112129211,-1.5842832326889038,-1.5564051866531372,-1.5169885158538818,0.0,1.0
141312,138,6,201.4940802248034,163.83333333333334,-0.004467611439758911,48.480452585220334,-0.4132983237504959,0.0050337991546257396,0.0484619140625,0.6826495587825775,165.82751760482788,2.7368521690368652,14.638603210449219,80.1007080078125,50.07256317138672,77.36384582519531,49.048057556152344,0.9145327625874272,1.2694098949432373,414.51007080078125,0.7,1.0,0.0,1.0,0.0,0.0,0.017415726557374,0.2277681827545166,0.0,0.21150000393390656,0.2254171520471573,0.24494995176792145,-1.5831964015960693,-1.556749939918518,-1.5196685791015625,0.0,1.0
142336,139,5,196.22534439217594,166.8,-0.0033253378118388356,32.68876073360443,-0.41269597560167315,0.003868900329689495,0.0258056640625,0.6282656028866768,239.70840139389037,-2.91907000541687,13.787833213806152,67.18938446044922,49.61997985839844,70.10845947265625,50.86473846435547,0.9227890414969394,1.0944017171859741,854.3804931640625,0.725,1.0,0.0,1.0,0.0,0.0,0.021527128294110298,0.22418807446956635,0.0,0.21198102831840515,0.22574126720428467,0.24441446363925934,-1.5822762250900269,-1.5561343431472778,-1.520677924156189,0.0,1.0
143360,140,6,184.75486160398214,171.83333333333334,-0.004031081299763173,19.738997983932496,-0.4137041673064232,0.00411342279985547,0.0293212890625,0.4934750109910965,68.78383932113647,4.25449275970459,8.145086288452148,80.46913146972656,55.61076354980469,76.21463012695312,55.78298568725586,0.9785477064682069,0.8830764889717102,194.6433868408203,0.525,1.0,0.0,1.0,0.0,0.0,0.022994883358478546,0.22596006095409393,0.0,0.21089960634708405,0.22471491992473602,0.24369549751281738,-1.5843452215194702,-1.5580596923828125,-1.522033452987671,0.0,1.0
144384,141,8,184.92106840222525,156.875,-0.005467496125493199,40.36378538608551,-0.4222832977771759,0.0036572740253177473,0.0373046875,0.6089956484735012,158.3315638065338,-0.7034592032432556,13.559270858764648,77.16506958007812,50.728092193603516,77.8685302734375,49.81337356567383,0.9285543852696755,1.3070504665374756,411.4490051269531,0.675,1.0,0.0,1.0,0.0,0.0,0.011214020662009716,0.2322288453578949,0.0,0.209872305393219,0.2228989452123642,0.2433965504169464,-1.5863114595413208,-1.5615400075912476,-1.522597312927246,0.0,1.0
145408,142,7,173.82738356065968,148.71428571428572,-0.003788964869454503,37.11102755069733,-0.42572166547179224,0.002254624637134839,0.033642578125,0.6160555593669415,160.3415382385254,4.373126983642578,12.644000053405762,72.65593719482422,49.8493537902832,68.28280639648438,54.06126403808594,0.9356646123620643,1.2074086666107178,565.6553344726562,0.65,1.0,0.0,1.0,0.0,0.0,0.027658848091959953,0.22590769827365875,0.0,0.21167431771755219,0.22401688992977142,0.24378396570682526,-1.5828628540039062,-1.559396743774414,-1.5218666791915894,0.0,1.0
146432,143,4,177.77546789690288,163.75,-0.004265535727608949,19.030418503284455,-0.4252244055271149,0.00496296817145776,0.039453125,0.5964246056973934,54.31051568984985,-0.7768213748931885,8.62392520904541,81.7142333984375,53.0553092956543,82.49105072021484,51.64693069458008,0.9735788153898598,0.9876304268836975,150.00177001953125,0.7,1.0,0.0,1.0,0.0,0.0,0.021031154319643974,0.22726531326770782,0.0,0.2100745290517807,0.22211559116840363,0.24210315942764282,-1.5859243869781494,-1.5630091428756714,-1.525037407875061,0.0,1.0
147456,144,8,190.72403178073824,160.5,-0.004472471657209098,29.851323270797728,-0.434633181989193,0.002122438244987279,0.0309326171875,0.5895015690475702,112.97401266098022,0.7920162677764893,11.560578346252441,90.735107421875,55.74790954589844,89.9430923461914,55.1475944519043,0.9569966851023063,1.0422183275222778,328.6278381347656,0.625,1.0,0.0,1.0,0.0,0.0,0.001243889913894236,0.22684326767921448,0.0,0.2074051946401596,0.22159075736999512,0.24481645226478577,-1.5910370349884033,-1.5640689134597778,-1.5199202299118042,0.0,1.0
148480,145,8,163.60449842073444,155.125,-0.004389239475131035,62.5082524061203,-0.4333283998072147,0.0019139736323268153,0.037890625,0.5953588165342808,205.23583288192748,-2.558987855911255,16.219348907470703,72.43590545654297,54.88453674316406,74.9948959350586,50.088645935058594,0.9126693304303466,1.0576841831207275,461.5489807128906,0.575,1.0,0.0,1.0,0.0,0.0,0.008184830658137798,0.23586887121200562,0.0,0.20795945823192596,0.22236120700836182,0.24612142145633698,-1.5899748802185059,-1.5625672340393066,-1.5174614191055298,0.0,1.0
149504,146,5,151.43760673020748,114.8,-0.0025197788840159775,20.633812248706818,-0.4297943882644176,0.0027867226133821534,0.0139404296875,0.5590668268501758,129.2347158908844,-3.119028091430664,10.0197172164917,74.68050384521484,48.84125518798828,77.79953002929688,48.30258560180664,0.9579140343214428,1.0243245363235474,414.45391845703125,0.475,1.0,0.0,1.0,0.0,0.0,0.007496670354157686,0.22888438403606415,0.0,0.20841380953788757,0.22255046665668488,0.24546019732952118,-1.589104413986206,-1.56222403049469,-1.518707036972046,0.0,1.0
150528,147,7,210.71209618191736,174.0,-0.0027106731955427676,23.774542891979216,-0.4289610877633095,0.0033963805326493457,0.0360107421875,0.6962720461189746,117.76102981567382,-0.5583975315093994,11.865774154663086,77.75672912597656,48.679359436035156,78.31512451171875,54.30692672729492,0.9405841366865445,1.2607629299163818,367.2276306152344,0.725,1.0,0.0,1.0,0.0,0.0,0.02012503333389759,0.22865743935108185,0.0,0.20625528693199158,0.2230103611946106,0.24764038622379303,-1.5932412147521973,-1.5613569021224976,-1.5146013498306274,0.0,1.0
151552,148,8,139.5438345272758,131.375,-0.005489374045282602,44.962752556800844,-0.42730732932686805,0.0037100245375768282,0.041162109375,0.5875670716166497,159.26070642471313,-5.364091873168945,13.593262672424316,73.70199584960938,49.41754150390625,79.06608581542969,46.4737548828125,0.924336725856767,1.088720679283142,409.1573791503906,0.625,1.0,0.0,1.0,0.0,0.0,0.025393107905983925,0.23268800973892212,0.0,0.20703177154064178,0.22287601232528687,0.24801883101463318,-1.5917526483535767,-1.5616284608840942,-1.5138890743255615,0.0,1.0
152576,149,8,154.64691322360062,125.875,-0.004887263488490135,15.672829276323318,-0.43146129623055457,0.0011112053645774723,0.03232421875,0.6708768136799336,105.10201663970948,-4.613279819488525,8.773670196533203,65.01451110839844,42.19315719604492,69.6277847290039,45.266117095947266,0.9567607049809158,1.2926995754241943,322.4249267578125,0.825,1.0,0.0,1.0,0.0,0.0,0.028551412746310234,0.23501670360565186,0.0,0.20535120368003845,0.22141218185424805,0.2484402358531952,-1.5949748754501343,-1.5644291639328003,-1.5130962133407593,0.0,1.0
153600,150,7,156.88464439521712,145.71428571428572,-0.004444979934487492,41.92648624181747,-0.4399848744273186,0.0022343082673614845,0.0455078125,0.7251844927668571,159.8784768104553,-4.314873695373535,13.573248863220215,66.42382049560547,48.952049255371094,70.73869323730469,49.801151275634766,0.923117784265692,1.623382329940796,430.3918151855469,0.725,1.0,0.0,1.0,0.0,0.0,0.015402644872665405,0.23501448333263397,0.0,0.20327956974506378,0.2201334834098816,0.24867239594459534,-1.598949909210205,-1.5668824911117554,-1.5126594305038452,0.0,1.0
154624,151,8,164.22480233111065,154.75,-0.006063372013159096,39.52344294786453,-0.44688344821333886,0.006472513054904994,0.06181640625,0.7105582777410746,196.84183349609376,3.803804874420166,14.142988204956055,66.77440643310547,56.343902587890625,62.970603942871094,62.648983001708984,0.93699304127631,1.325574517250061,525.0230712890625,0.75,1.0,0.0,1.0,0.0,0.0,0.013601966202259064,0.23917289078235626,0.0,0.20186448097229004,0.21899403631687164,0.247966006398201,-1.6016669273376465,-1.56906259059906,-1.5139884948730469,0.0,1.0
155648,152,7,166.62249838997224,133.85714285714286,-0.003848818026017398,14.772728323936462,-0.45491664186120034,0.003948673249396961,0.0271484375,0.6230848170816898,59.797211050987244,-1.5192092657089233,7.7547407150268555,71.97784423828125,50.09146499633789,73.49705505371094,49.17121124267578,0.9760333604764011,0.9700742959976196,158.55377197265625,0.775,1.0,0.0,1.0,0.0,0.0,0.02469305694103241,0.23343126475811005,0.0,0.20112107694149017,0.21726025640964508,0.24500048160552979,-1.6030950546264648,-1.572353482246399,-1.5195733308792114,0.0,1.0
156672,153,5,179.10684154742108,148.2,-0.003912410541670397,23.692970836162566,-0.46193536594510076,0.0041222128813387824,0.023583984375,0.5730213448405266,130.3013828754425,7.263339996337891,9.055122375488281,66.05826568603516,45.53927230834961,58.794925689697266,49.70383834838867,0.9604618295032055,0.8035682439804077,381.4788818359375,0.7,1.0,0.0,1.0,0.0,0.0,0.016747504472732544,0.22726963460445404,0.0,0.20125053822994232,0.21655873954296112,0.24323056638240814,-1.602846384048462,-1.5736647844314575,-1.5229103565216064,0.0,1.0
157696,154,6,196.51594311213515,188.16666666666666,-0.004856119729811326,35.97000991106033,-0.46593078076839445,0.003905364796810318,0.04716796875,0.6389812394976616,145.13516135215758,-1.5067002773284912,13.092490196228027,61.80897903442383,52.22251892089844,63.31568145751953,48.947261810302734,0.9371465827732725,1.071119785308838,376.1368713378906,0.675,1.0,0.0,1.0,0.0,0.0,0.02036372572183609,0.23066720366477966,0.0,0.1988910287618637,0.21597714722156525,0.24302580952644348,-1.6073813438415527,-1.5748037099838257,-1.523296594619751,0.0,1.0
158720,155,8,162.75949930474468,147.0,-0.003963308432139457,10.051330974698066,-0.4685885958373547,0.007346322921512183,0.0408935546875,0.6464141555130481,63.633466076850894,0.15315984189510345,7.816553115844727,72.5418472290039,49.43540573120117,72.38868713378906,52.024166107177734,0.9749991760074044,1.3781118392944336,184.1845245361328,0.7,1.0,0.0,1.0,0.0,0.0,0.021876156330108643,0.2264665812253952,0.0,0.19801251590251923,0.215569868683815,0.24273447692394257,-1.6090710163116455,-1.5755876302719116,-1.52384614944458,0.0,1.0
159744,156,7,167.55919961124434,158.14285714285714,-0.0035647370386868715,20.493705487251283,-0.4716195844113827,0.005885492892412003,0.0361328125,0.5558172948658466,91.20351057052612,3.0350751876831055,9.503901481628418,66.50529479980469,49.93376541137695,63.47022247314453,51.64516067504883,0.9637744306418499,1.0018091201782227,236.94976806640625,0.525,1.0,0.0,1.0,0.0,0.0,0.015879899263381958,0.22713662683963776,0.0,0.19849075376987457,0.21495628356933594,0.2405594438314438,-1.6081510782241821,-1.5767149925231934,-1.5279518365859985,0.0,1.0
160768,157,6,177.52522491748456,146.66666666666666,-0.003860157169401646,18.647205609083176,-0.4723416417837143,0.0028772410747478715,0.0315673828125,0.596601915359497,90.02304162979127,-0.38032180070877075,9.7041015625,69.30858612060547,47.41484832763672,69.68891143798828,44.45124435424805,0.9581127429115195,1.2231396436691284,272.6695251464844,0.65,1.0,0.0,1.0,0.0,0.0,0.0010005105286836624,0.22143328189849854,0.0,0.20085322856903076,0.21570907533168793,0.24030795693397522,-1.6036096811294556,-1.575285792350769,-1.5284267663955688,0.0,1.0
161792,158,8,157.8979896762115,144.625,-0.0033586243458557873,18.780032759904863,-0.46692257896065714,0.003662550891749561,0.0188232421875,0.6291568733751773,74.72039916515351,-1.3096129894256592,9.364814758300781,75.65505981445312,49.9848747253418,76.96467590332031,50.20780944824219,0.9648988651127665,1.068874478340149,171.37782287597656,0.75,1.0,0.0,1.0,0.0,0.0,0.009549924172461033,0.22727282345294952,0.0,0.20191040635108948,0.21622569859027863,0.24054820835590363,-1.601578712463379,-1.5742968320846558,-1.5279730558395386,0.0,1.0
162816,159,6,143.37569848843233,137.33333333333334,-0.003438589733559638,45.00645738840103,-0.46537123471498487,0.0018114810227416456,0.0192626953125,0.5256613194942474,212.4621371269226,-5.1356377601623535,15.043197631835938,66.62899780273438,50.501190185546875,71.76463317871094,50.50325393676758,0.9112686467653728,1.0225846767425537,592.5728759765625,0.55,1.0,0.0,1.0,0.0,0.0,0.006392408162355423,0.22661153972148895,0.0,0.20177555084228516,0.21655909717082977,0.24087291955947876,-1.6018377542495728,-1.573635220527649,-1.5273598432540894,0.0,1.0
163840,160,9,151.07883417924015,144.88888888888889,-0.004751206247601658,33.64652533531189,-0.46211995258927346,0.0024060367126367056,0.041748046875,0.6598391763865947,130.39812889099122,-2.250901699066162,12.466437339782715,63.13574981689453,51.33066177368164,65.38665771484375,51.50718307495117,0.941016445709265,1.2429252862930298,300.3843994140625,0.7,1.0,0.0,1.0,0.0,0.0,0.008447662927210331,0.22972354292869568,0.0,0.20278269052505493,0.21729113161563873,0.24065159261226654,-1.5999037027359009,-1.5722332000732422,-1.5277777910232544,0.0,1.0
164864,161,5,155.21720240554043,144.4,-0.004008595296181738,14.796632969379425,-0.45885182321071627,0.0032764434872660786,0.028662109375,0.590652821958065,76.08482627868652,3.6733927726745605,7.919501781463623,53.4373893737793,44.59007263183594,49.763999938964844,47.682960510253906,0.9684558109377701,1.0548702478408813,209.32235717773438,0.675,1.0,0.0,1.0,0.0,0.0,0.0242807287722826,0.23050886392593384,0.0,0.2056596875190735,0.21752919256687164,0.2393234521150589,-1.5943832397460938,-1.5717779397964478,-1.5302867889404297,0.0,1.0
165888,162,7,169.9586776292368,151.0,-0.0036167226906400176,9.111555358767509,-0.4575494170188904,0.0031951739452779292,0.034912109375,0.7074113026261329,61.87395534515381,-1.2672648429870605,7.260920524597168,69.83489227294922,46.07319259643555,71.10215759277344,47.75719451904297,0.9751637065927123,1.1823123693466187,176.80880737304688,0.825,1.0,0.0,1.0,0.0,0.0,-0.003948482219129801,0.22905279695987701,0.0,0.20622363686561584,0.21784888207912445,0.24034574627876282,-1.593301773071289,-1.5711830854415894,-1.528355360031128,0.0,1.0
166912,163,7,158.27052378130674,160.85714285714286,-0.0044721417594701055,10.033018383383752,-0.45657036527991296,0.0047679077077191325,0.044189453125,0.5920698441565037,70.03885123729705,-0.43502193689346313,7.632481575012207,57.67931365966797,51.02934646606445,58.11433410644531,48.99348831176758,0.9776286814784476,1.3084821701049805,248.31890869140625,0.6,1.0,0.0,1.0,0.0,0.0,-0.016247477382421494,0.24252445995807648,0.0,0.2068169116973877,0.2179303616285324,0.23887968063354492,-1.5921645164489746,-1.571010708808899,-1.5311254262924194,0.0,1.0
167936,164,9,159.66136251475993,128.44444444444446,-0.0038522620452567935,13.020285227894783,-0.4557690165936947,0.004874577128794045,0.0291259765625,0.6233827020972967,91.31437318325042,1.394221305847168,8.728226661682129,68.1152114868164,43.124080657958984,66.72099304199219,43.89435577392578,0.959035055608749,1.3300412893295288,296.64208984375,0.625,1.0,0.0,1.0,0.0,0.0,-0.01255957130342722,0.2278265506029129,0.0,0.20816636085510254,0.21810661256313324,0.23792973160743713,-1.5895785093307495,-1.5706366300582886,-1.532921314239502,0.0,1.0
168960,165,7,144.3264972958432,137.85714285714286,-0.003900067403446883,30.145955395698547,-0.4540113411843777,0.006662990989570972,0.063720703125,0.610748453438282,120.31422095298767,0.07773381471633911,12.116439819335938,52.827354431152344,41.70347595214844,52.7496223449707,44.251808166503906,0.9155877453876202,1.1366939544677734,291.1539611816406,0.625,1.0,0.0,1.0,0.0,0.0,0.0017402960220351815,0.24040487408638,0.0,0.20834290981292725,0.21850401163101196,0.23858220875263214,-1.589240312576294,-1.5699132680892944,-1.5316877365112305,0.0,1.0
169984,166,7,154.3674969685951,133.71428571428572,-0.005029332579579204,9.870006740093231,-0.4543249174952507,0.0020831754154642113,0.044482421875,0.657670758664608,98.9234810590744,6.084836959838867,6.2304511070251465,65.3105239868164,47.10206985473633,59.225685119628906,49.99663162231445,0.9825031844007422,1.2871711254119873,353.47796630859375,0.825,1.0,0.0,1.0,0.0,0.0,0.01750698871910572,0.23287001252174377,0.0,0.20586688816547394,0.21774275600910187,0.23828937113285065,-1.5939857959747314,-1.571367859840393,-1.5322413444519043,0.0,1.0
171008,167,8,176.1002621895787,161.625,-0.005173057643696665,21.40181838274002,-0.46056236103177073,0.0036641877697547896,0.0441650390625,0.594422172009945,154.58648533821105,4.903573989868164,9.285341262817383,53.11270523071289,44.07115936279297,48.209129333496094,42.0194206237793,0.9556098305573671,1.2538143396377563,464.0502624511719,0.55,1.0,0.0,1.0,0.0,0.0,0.00904449075460434,0.23767682909965515,0.0,0.20582740008831024,0.21668459475040436,0.23604995012283325,-1.5940616130828857,-1.5733782052993774,-1.5364773273468018,0.0,1.0
172032,168,7,149.35177264366706,134.42857142857142,-0.0038924825843423606,26.944284880161284,-0.46269763857126234,0.001776128972414881,0.0302978515625,0.6250384498387576,167.01247382164001,4.333601474761963,11.591604232788086,70.5140151977539,52.5029182434082,66.180419921875,53.75445556640625,0.9512561054395823,1.1949810981750488,548.89697265625,0.65,1.0,0.0,1.0,0.0,0.0,-0.02229749597609043,0.23971375823020935,0.0,0.20591169595718384,0.2169601321220398,0.23577192425727844,-1.5938999652862549,-1.5728278160095215,-1.5370036363601685,0.0,1.0
173056,169,7,156.44678706383726,142.0,-0.003944837453309447,42.320811653137206,-0.46399150118231774,0.0030561477105948143,0.0310791015625,0.6749755568802357,228.34617891311646,-5.9527587890625,13.789179801940918,67.41780090332031,47.2765007019043,73.37055969238281,44.9755859375,0.9149280794783791,1.2905378341674805,674.0382080078125,0.85,1.0,0.0,1.0,0.0,0.0,-0.02774318866431713,0.2367306798696518,0.0,0.20628240704536438,0.21585023403167725,0.23395013809204102,-1.5931891202926636,-1.5749398469924927,-1.5404534339904785,0.0,1.0
174080,170,4,167.50217592290954,158.5,-0.0036592241027392446,7.437065695226193,-0.47016524001955984,0.002656186632520985,0.032080078125,0.5779684677720069,71.07504196166992,1.31802499294281,7.311370849609375,64.3496322631836,44.17109298706055,63.03160858154297,45.478187561035156,0.9726018384328365,1.0396311283111572,222.31593322753906,0.625,1.0,0.0,1.0,0.0,0.0,-0.028338894248008728,0.23476850986480713,0.0,0.20489706099033356,0.21506375074386597,0.2339087724685669,-1.5958459377288818,-1.5764579772949219,-1.5405317544937134,0.0,1.0
175104,171,7,151.54875718095224,155.57142857142858,-0.004497906833421439,32.283964896202086,-0.47228996381163596,0.0038025124216801488,0.0266357421875,0.5576903894543648,99.56627440452576,-3.796076536178589,11.329249382019043,72.42274475097656,51.69093322753906,76.21882629394531,49.876792907714844,0.9519632651347774,0.9188617467880249,239.9582977294922,0.525,1.0,0.0,1.0,0.0,0.0,-0.0016127806156873703,0.23849569261074066,0.0,0.20314925909042358,0.215338334441185,0.23518677055835724,-1.5992000102996826,-1.5759276151657104,-1.5381113290786743,0.0,1.0
176128,172,8,148.84340982091544,146.125,-0.004434520646464079,21.934485507011413,-0.4705021657049656,0.0017676819319603966,0.034765625,0.5999275647103787,125.39285087585449,-3.5679426193237305,10.594878196716309,72.1663589477539,56.13722229003906,75.73429870605469,53.17985153198242,0.9643803132136779,0.9861925840377808,420.22332763671875,0.775,1.0,0.0,1.0,0.0,0.0,-0.012575455941259861,0.23923584818840027,0.0,0.20423394441604614,0.21533052623271942,0.23518787324428558,-1.5971181392669678,-1.5759638547897339,-1.538109302520752,0.0,1.0
177152,173,8,151.18862599701282,151.625,-0.004967247310560197,22.46148615479469,-0.4726852707564831,0.0061460512079065666,0.03515625,0.6849309280514717,132.24311261177064,-1.747804880142212,10.821623802185059,63.034759521484375,56.58060836791992,64.78256225585938,52.17032241821289,0.963419499910065,1.0554677248001099,386.2322692871094,0.85,1.0,0.0,1.0,0.0,0.0,-0.018704958260059357,0.24365416169166565,0.0,0.20536035299301147,0.21477025747299194,0.23318399488925934,-1.5949573516845703,-1.5769901275634766,-1.5419050455093384,0.0,1.0
178176,174,7,176.7185068571982,153.57142857142858,-0.006117435521446168,46.75876861810684,-0.47551454231143,0.004149144831171725,0.054150390625,0.5630156915634871,206.40332498550416,0.3842180371284485,15.737381935119629,54.65870666503906,44.96173858642578,54.27449035644531,51.59394454956055,0.8774879575352913,0.8362911343574524,532.0241088867188,0.625,1.0,0.0,1.0,0.0,0.0,-0.03175478056073189,0.24403682351112366,0.0,0.2057744413614273,0.2142982929944992,0.23063433170318604,-1.594163179397583,-1.5778999328613281,-1.5467395782470703,0.0,1.0
179200,175,7,147.81624439130047,143.71428571428572,-0.004392525687580928,7.568499949574471,-0.48240759670734407,0.003659713050001301,0.029931640625,0.6605034604668617,55.48620634078979,-0.42289936542510986,6.64906644821167,64.83438110351562,44.081817626953125,65.25727844238281,44.94646453857422,0.9772489014249135,1.1768817901611328,138.9307403564453,0.775,1.0,0.0,1.0,0.0,0.0,-0.04722234234213829,0.250731885433197,0.0,0.203668013215065,0.21213382482528687,0.22903671860694885,-1.598204255104065,-1.5820401906967163,-1.549771785736084,0.0,1.0
180224,176,6,150.79179102730538,129.5,-0.00422150794765912,6.128860127925873,-0.49003181234002113,0.001700701088702772,0.0308349609375,0.6462113358080387,59.77292997837067,-0.5601243376731873,6.142210006713867,65.08499145507812,45.22046661376953,65.64511108398438,44.50822448730469,0.9815507275784903,1.1410714387893677,191.4407196044922,0.7,1.0,0.0,1.0,0.0,0.0,-0.036573026329278946,0.24236668646335602,0.0,0.20190413296222687,0.21215181052684784,0.2304389327764511,-1.601590871810913,-1.5820311307907104,-1.5471103191375732,0.0,1.0
181248,177,7,157.1947671959497,148.71428571428572,-0.0038082022132584826,11.073162725567817,-0.4908952064812183,0.0022573824011487887,0.031005859375,0.5721844077110291,74.45057785511017,1.2326431274414062,8.270536422729492,68.48320770263672,44.01567459106445,67.25056457519531,47.63336944580078,0.9646936596061055,1.1952379941940308,239.12574768066406,0.725,1.0,0.0,1.0,0.0,0.0,-0.0250894445925951,0.2389940619468689,0.0,0.19910933077335358,0.21121372282505035,0.22896495461463928,-1.6069616079330444,-1.5837937593460083,-1.54990816116333,0.0,1.0
182272,178,8,149.06565316669315,149.75,-0.0056153865938540545,17.32563512921333,-0.49486211240291594,0.006045712353079579,0.0513671875,0.6328762471675873,97.21813373565674,-1.1801295280456543,9.69230842590332,70.28573608398438,55.622074127197266,71.46586608886719,52.60970687866211,0.9696359239856456,1.3248529434204102,333.33404541015625,0.75,1.0,0.0,1.0,0.0,0.0,-0.04445203021168709,0.24802902340888977,0.0,0.1992669701576233,0.2115945816040039,0.22826652228832245,-1.6066584587097168,-1.5830663442611694,-1.551234483718872,0.0,1.0
183296,179,6,168.44059120244899,155.16666666666666,-0.004561830009333789,6.670172452926636,-0.4905843511223793,0.0041450948017882185,0.0446044921875,0.6426133863627911,64.07629899978637,0.08322787284851074,6.420317649841309,57.84136962890625,47.05699920654297,57.758140563964844,47.86637496948242,0.9813849376402958,1.3439431190490723,237.34800720214844,0.625,1.0,0.0,1.0,0.0,0.0,-0.04384104907512665,0.24820980429649353,0.0,0.19810470938682556,0.21205133199691772,0.230740487575531,-1.608893632888794,-1.5822181701660156,-1.546538233757019,0.0,1.0
184320,180,6,158.57390480115558,157.0,-0.004045860760379582,20.51553675532341,-0.49147426411509515,0.0028253653130377644,0.03564453125,0.6798715651035309,101.40142369270325,0.263864129781723,10.332186698913574,68.46257019042969,47.769290924072266,68.19869995117188,44.98630905151367,0.9532171326607605,1.0933078527450562,336.78558349609375,0.825,1.0,0.0,1.0,0.0,0.0,-0.04790228605270386,0.2386634796857834,0.0,0.19769850373268127,0.21148157119750977,0.23047630488872528,-1.6096750497817993,-1.5833109617233276,-1.54703950881958,0.0,1.0
185344,181,7,165.15697744451103,138.28571428571428,-0.004454282065853477,8.09048252105713,-0.4949487566947937,0.003753033855173271,0.0291259765625,0.6409717872738838,45.173846459388734,0.15597188472747803,6.610863208770752,77.94224548339844,46.7990837097168,77.78627014160156,47.591224670410156,0.9800454656983086,1.1319421529769897,123.4720230102539,0.7,1.0,0.0,1.0,0.0,0.0,-0.03672459349036217,0.23629294335842133,0.0,0.19812710583209991,0.2108008712530136,0.2298525869846344,-1.6088504791259766,-1.5846015214920044,-1.5482230186462402,0.0,1.0
186368,182,8,169.70877014965498,152.5,-0.006562920205760747,31.025566971302034,-0.495963142067194,0.005329159655957483,0.0638427734375,0.6011261947453022,127.34379191398621,1.9789092540740967,11.902548789978027,59.86061477661133,44.241912841796875,57.88170623779297,46.25016784667969,0.9276210693753425,1.356322169303894,365.61865234375,0.7,1.0,0.0,1.0,0.0,0.0,-0.04215545952320099,0.2508983910083771,0.0,0.19648291170597076,0.2113523930311203,0.23193198442459106,-1.6120141744613647,-1.5835481882095337,-1.5442783832550049,0.0,1.0
187392,183,8,148.06617460613418,147.375,-0.004257993982173502,26.99032942056656,-0.49303493872284887,0.004185446273186244,0.028564453125,0.5830585569143295,141.0779381275177,-0.48210686445236206,11.734014511108398,59.042076110839844,47.70930099487305,59.5241813659668,47.568458557128906,0.939509497509458,1.0024348497390747,415.87432861328125,0.6,1.0,0.0,1.0,0.0,0.0,-0.03698861598968506,0.24275599420070648,0.0,0.19463682174682617,0.2116439938545227,0.23504915833473206,-1.6155686378479004,-1.5830440521240234,-1.5383719205856323,0.0,1.0
188416,184,7,159.36679429100826,136.57142857142858,-0.004873176175169647,27.498164612054826,-0.4928729169070721,0.003153144117095508,0.0353759765625,0.5893711529672145,119.89562106132507,0.3690871596336365,12.276188850402832,53.01200866699219,42.44978713989258,52.642921447753906,46.843318939208984,0.9163673108608019,1.119155764579773,326.33856201171875,0.7,1.0,0.0,1.0,0.0,0.0,0.021763084456324577,0.25094184279441833,0.0,0.19627885520458221,0.21126501262187958,0.23198917508125305,-1.6124069690704346,-1.5837249755859375,-1.5441699028015137,0.0,1.0
189440,185,5,147.83599156530082,137.8,-0.004049032778129913,25.04525182247162,-0.4929173283278942,0.004177619484835304,0.0387939453125,0.6377027697861195,133.82108616828918,1.2128456830978394,12.358637809753418,61.83982849121094,49.58440399169922,60.626976013183594,54.830265045166016,0.937877202433138,1.1011990308761597,372.905029296875,0.675,1.0,0.0,1.0,0.0,0.0,-0.031939905136823654,0.2486754208803177,0.0,0.19823512434959412,0.21194405853748322,0.23234300315380096,-1.608642816543579,-1.5824331045150757,-1.5434989929199219,0.0,1.0
190464,186,8,156.43673928602115,144.0,-0.005063794780289755,23.083318746089937,-0.4910243980586529,0.0066580523838638325,0.0548583984375,0.6986114419996738,117.62189846038818,-0.9889391660690308,10.714927673339844,70.96739196777344,51.56473159790039,71.95633697509766,49.894386291503906,0.9568209649396526,1.2047001123428345,327.26666259765625,0.8,1.0,0.0,1.0,0.0,0.0,-0.02870192937552929,0.24821749329566956,0.0,0.1964021623134613,0.2116442769765854,0.23322072625160217,-1.612169623374939,-1.5830236673355103,-1.5418354272842407,0.0,1.0
191488,187,8,158.0709496565556,145.125,-0.003971039259340614,23.657434111833574,-0.4945640489459038,0.002887178066885099,0.0312744140625,0.6493521191179752,108.44055137634277,0.23988747596740723,10.641362190246582,61.11088180541992,43.76945495605469,60.870994567871094,45.081748962402344,0.9408912048032307,1.5138031244277954,282.71966552734375,0.7,1.0,0.0,1.0,0.0,0.0,-0.04869117960333824,0.24363063275814056,0.0,0.1949673444032669,0.21083195507526398,0.23291803896427155,-1.6149320602416992,-1.584573745727539,-1.542409062385559,0.0,1.0
192512,188,7,147.61594462493662,143.28571428571428,-0.0041761505301110445,10.903040039539338,-0.4968658521771431,0.004275552331819199,0.0396728515625,0.6643740341067315,69.01427035331726,1.6071834564208984,7.913940906524658,58.030967712402344,44.48247146606445,56.42378616333008,43.817508697509766,0.9683475184426286,1.0185202360153198,188.80955505371094,0.825,1.0,0.0,1.0,0.0,0.0,-0.031445544213056564,0.2511870563030243,0.0,0.1947604864835739,0.21102499961853027,0.23449215292930603,-1.615330457687378,-1.5842108726501465,-1.5394266843795776,0.0,1.0
193536,189,9,154.91155285576022,135.55555555555554,-0.003880299243610352,11.61226528286934,-0.4988435596227646,0.004271728509047534,0.0338134765625,0.5995371133089066,79.11197338104247,0.10785365104675293,8.535161972045898,58.500267028808594,42.099609375,58.392417907714844,40.51606750488281,0.958897581724543,1.1872925758361816,234.1508026123047,0.65,1.0,0.0,1.0,0.0,0.0,-0.03959999606013298,0.25207123160362244,0.0,0.190103217959404,0.20982283353805542,0.23546580970287323,-1.624308466911316,-1.586551547050476,-1.5375831127166748,0.0,1.0
194560,190,4,136.3492095864579,134.25,-0.004782158846501261,25.342601466178895,-0.5038370579481125,0.0040280413290020075,0.033837890625,0.5987709626555443,124.51462388038635,2.133543014526367,11.481283187866211,60.825355529785156,41.87395477294922,58.691810607910156,43.66896438598633,0.9248216156017384,0.9772043824195862,341.8837585449219,0.625,1.0,0.0,1.0,0.0,0.0,-0.03416333720088005,0.24233277142047882,0.0,0.18900170922279358,0.20950299501419067,0.23636196553707123,-1.626434087753296,-1.5871758460998535,-1.5358868837356567,0.0,1.0
195584,191,9,148.2012773494921,140.33333333333334,-0.005040423973696306,7.285138592123985,-0.5074087232351303,0.006076921526982915,0.0427978515625,0.6247505709528923,60.728154850006106,-0.5585086345672607,6.9564290046691895,57.98344421386719,48.163726806640625,58.541954040527344,47.46022033691406,0.9791391244826219,1.485217571258545,194.27688598632812,0.75,1.0,0.0,1.0,0.0,0.0,-0.011404632590711117,0.24317029118537903,0.0,0.1872868537902832,0.20854496955871582,0.2355070859193802,-1.6297452449798584,-1.589029312133789,-1.5375049114227295,0.0,1.0
196608,192,8,144.90154104000686,146.375,-0.005550176452379674,28.25754228234291,-0.5086978897452354,0.00621028894383926,0.0555908203125,0.6821057260036468,144.82142834663392,-3.0009231567382812,11.976459503173828,55.63801574707031,49.069149017333984,58.63893508911133,50.590354919433594,0.9404283183178722,1.1516022682189941,441.23101806640625,0.85,1.0,0.0,1.0,0.0,0.0,-0.07079606503248215,0.26522183418273926,0.0,0.18827977776527405,0.20930975675582886,0.23644322156906128,-1.6278278827667236,-1.5875550508499146,-1.5357332229614258,0.0,1.0
197632,193,6,153.10829848294313,148.33333333333334,-0.003446284425444901,33.030440610647204,-0.5050958469510078,0.0017729616985889152,0.0412109375,0.6902842834591866,150.99089488983154,3.2997236251831055,12.956914901733398,45.744537353515625,46.16050338745117,42.44481658935547,48.26072311401367,0.9212116216069806,1.1354371309280396,433.34893798828125,0.85,1.0,0.0,1.0,0.0,0.0,-0.0650472417473793,0.2490931898355484,0.0,0.18952326476573944,0.20936648547649384,0.236778125166893,-1.625427484512329,-1.587441086769104,-1.5350995063781738,0.0,1.0
198656,194,5,166.1073168045015,144.6,-0.004132655158173293,15.694274401664734,-0.5068500980734825,0.005090565883438103,0.03759765625,0.6590791895985604,88.60610957145691,1.0252816677093506,9.153429985046387,53.308048248291016,42.71807098388672,52.28276824951172,45.82431411743164,0.9540860643561266,1.1307528018951416,272.4234619140625,0.725,1.0,0.0,1.0,0.0,0.0,-0.0600748211145401,0.235165536403656,0.0,0.18990257382392883,0.20878924429416656,0.2368697226047516,-1.6246955394744873,-1.58856201171875,-1.534926176071167,0.0,1.0
199680,195,8,157.05001142001814,157.875,-0.004398233687970788,8.101514741778374,-0.5128155902028084,0.004101685350178741,0.04267578125,0.6312418185174465,52.61738483905792,1.6940377950668335,6.54550838470459,55.654441833496094,50.40998840332031,53.96040725708008,52.486732482910156,0.9831401563310439,1.142188549041748,160.59046936035156,0.725,1.0,0.0,1.0,0.0,0.0,-0.05977665260434151,0.24086999893188477,0.0,0.18880847096443176,0.207200288772583,0.23527435958385468,-1.6268072128295898,-1.591579556465149,-1.5379455089569092,0.0,1.0
200704,196,7,146.9418894781692,155.85714285714286,-0.004659017611993476,13.433872020244598,-0.5215852200984955,0.0039346145204035565,0.041796875,0.6795964755117894,113.1453701019287,2.150940418243408,8.902864456176758,50.18885040283203,51.06672286987305,48.03791427612305,50.87797164916992,0.9696062960408348,1.1443390846252441,337.4332580566406,0.8,1.0,0.0,1.0,0.0,0.0,-0.06674287468194962,0.24695850908756256,0.0,0.19000722467899323,0.20598000288009644,0.23356075584888458,-1.6244935989379883,-1.593904972076416,-1.5411911010742188,0.0,1.0
201728,197,8,171.85049590026932,147.0,-0.004703901713946834,19.51557340621948,-0.5222960263490677,0.002605035837041214,0.02998046875,0.6342862874269486,112.27427563667297,2.0090601444244385,10.497786521911621,67.42720031738281,46.70802688598633,65.41814422607422,49.152549743652344,0.9494859264778912,1.2099566459655762,330.7240295410156,0.725,1.0,0.0,1.0,0.0,0.0,-0.062009233981370926,0.24803029000759125,0.0,0.19094547629356384,0.20705746114253998,0.23448969423770905,-1.6226836442947388,-1.5918530225753784,-1.5394313335418701,0.0,1.0
202752,198,4,146.92151900549214,117.75,-0.004102360579418018,22.33673714399338,-0.5164598912000656,0.005730472788854968,0.035546875,0.6751744396984577,152.13261637687683,3.159485340118408,10.89876937866211,53.854736328125,40.73517608642578,50.695255279541016,39.69847106933594,0.9284160390451361,1.3032753467559814,552.4021606445312,0.75,1.0,0.0,1.0,0.0,0.0,-0.07193586975336075,0.25065410137176514,0.0,0.190562441945076,0.20770680904388428,0.23492702841758728,-1.6234225034713745,-1.5906168222427368,-1.5386031866073608,0.0,1.0
203776,199,8,173.52984885974985,162.25,-0.004362439503893256,9.623487795889378,-0.5184636816382409,0.004370228413608857,0.0333984375,0.689980436116457,73.15645260810852,3.327831268310547,7.2208051681518555,64.29161834716797,45.74824905395508,60.963783264160156,45.81904220581055,0.975087213369827,0.9892904162406921,212.49095153808594,0.875,1.0,0.0,1.0,0.0,0.0,-0.05521662160754204,0.24734877049922943,0.0,0.18773020803928375,0.20605510473251343,0.23407360911369324,-1.6288890838623047,-1.59377920627594,-1.5402194261550903,0.0,1.0
204800,200,8,168.6698280420963,148.5,-0.004387776751536876,10.607901990413666,-0.5267881184816361,0.003772442223271355,0.0338623046875,0.6602978125214577,67.75708651542664,2.247056007385254,7.843601703643799,63.5159912109375,45.05927658081055,61.26893615722656,45.61914825439453,0.9696986029040229,1.0309953689575195,192.25218200683594,0.725,1.0,0.0,1.0,0.0,0.0,-0.03551523759961128,0.2582445442676544,0.0,0.18683567643165588,0.20551596581935883,0.23484660685062408,-1.6306167840957642,-1.5948339700698853,-1.5387554168701172,0.0,1.0
