total_env_steps,update,completed_episodes,completed_episode_return_mean,completed_episode_length_mean,actor_policy_loss,critic_loss,entropy,approx_kl,clip_fraction,actor_grad_norm,critic_grad_norm,advantage_raw_mean,advantage_raw_std,value_target_mean,value_target_std,value_prediction_mean_pre,value_prediction_std_pre,explained_variance_pre,actor_grad_norm_max,critic_grad_norm_max,actor_grad_clip_fraction,critic_grad_clip_fraction,value_normalizer_mean,value_normalizer_std,value_normalizer_count,hard_speed_accel_violations,action_mean,action_std,action_saturation_ratio,raw_log_std_min,raw_log_std_mean,raw_log_std_max,clamped_log_std_min,clamped_log_std_mean,clamped_log_std_max,raw_log_std_gt_max_ratio,finite
1024,1,5,132.97679367983102,111.0,-0.005508105870103463,599.5457084655761,-0.23967664390802385,0.005321519305289258,0.0485107421875,0.5129142075777053,126.31986980438232,32.24414825439453,15.827075004577637,32.177513122558594,15.789359092712402,-0.0666363313794136,0.14118117094039917,-0.004783012234199413,1.104789137840271,178.07371520996094,0.375,1.0,0.0,1.0,0.0,0.0,0.0718463733792305,0.22734187543392181,0.0,0.25554344058036804,0.2566744387149811,0.25783175230026245,-1.4997551441192627,-1.4976273775100708,-1.495467185974121,0.0,1.0
2048,2,10,132.33923706121536,114.3,-0.004306840396020561,482.9988525390625,-0.23252049162983895,0.003741035537677817,0.030712890625,0.47276568189263346,83.64622802734375,26.997547149658203,17.19635772705078,27.138320922851562,15.89587116241455,0.1407742202281952,2.2772722244262695,-0.1703189975555579,0.8329041004180908,111.7282943725586,0.375,1.0,0.0,1.0,0.0,0.0,0.07201239466667175,0.22667983174324036,0.0,0.2565050721168518,0.2578885555267334,0.26009026169776917,-1.4979525804519653,-1.4953795671463013,-1.4912400245666504,0.0,1.0
3072,3,8,123.91474102716053,114.625,-0.0037485308945178985,372.9147468566895,-0.23051476776599883,0.0029057688734610565,0.018505859375,0.5265245266258717,104.90518169403076,23.735103607177734,16.019573211669922,25.339927673339844,15.185226440429688,1.6048249006271362,2.3740649223327637,-0.1129081235019378,1.0357731580734253,131.1125946044922,0.45,1.0,0.0,1.0,0.0,0.0,0.0673171877861023,0.2264866828918457,0.0,0.2562108635902405,0.2571354806423187,0.2587754428386688,-1.4985039234161377,-1.4967904090881348,-1.493700385093689,0.0,1.0
4096,4,9,120.69187181704358,99.88888888888889,-0.00386643783422187,410.7343620300293,-0.23636310696601867,0.0059276556930853985,0.0310546875,0.5350527051836252,111.47164173126221,26.208656311035156,14.880478858947754,26.469100952148438,15.468942642211914,0.2604454457759857,2.907196521759033,0.07463610411444987,0.8841342926025391,129.68228149414062,0.5,1.0,0.0,1.0,0.0,0.0,0.06279650330543518,0.22797976434230804,0.0,0.25482091307640076,0.25618529319763184,0.25706344842910767,-1.5011099576950073,-1.4985460042953491,-1.4969062805175781,0.0,1.0
5120,5,9,137.27601121603448,121.44444444444444,-0.002685296238632873,405.6116172790527,-0.23820484876632692,0.0027516502261278218,0.02763671875,0.5237320207059384,145.69714908599855,25.906639099121094,15.342276573181152,26.519351959228516,18.573863983154297,0.6127128005027771,5.39538049697876,0.31770045467552777,0.9594715237617493,174.16751098632812,0.575,1.0,0.0,1.0,0.0,0.0,0.06829079240560532,0.22952358424663544,0.0,0.2546929717063904,0.2565302550792694,0.258439838886261,-1.501349925994873,-1.4979056119918823,-1.4943286180496216,0.0,1.0
6144,6,8,155.92664211378775,132.25,-0.004734239791287109,471.28417205810547,-0.23550578132271766,0.005458091621403582,0.0467529296875,0.5521461587399245,212.632820892334,27.648067474365234,16.83889389038086,31.573089599609375,20.740324020385742,3.925022840499878,5.8000168800354,0.34083213874780294,1.0713306665420532,228.91082763671875,0.525,1.0,0.0,1.0,0.0,0.0,0.06437589973211288,0.22759617865085602,0.0,0.2550506591796875,0.25683721899986267,0.25904566049575806,-1.5006791353225708,-1.4973220825195312,-1.493194580078125,0.0,1.0
7168,7,10,145.3764523081839,118.4,-0.003289475676137954,355.8441497802734,-0.23512814417481423,0.0032254874880891294,0.0187744140625,0.47556549943983556,203.4881534576416,23.92147445678711,16.442092895507812,28.15630531311035,18.112960815429688,4.234827995300293,5.4950761795043945,0.17598471874921628,0.9420217871665955,252.59788513183594,0.425,1.0,0.0,1.0,0.0,0.0,0.06980106979608536,0.23148220777511597,0.0,0.25270316004753113,0.2568363547325134,0.2607065737247467,-1.5050840377807617,-1.497329592704773,-1.4900873899459839,0.0,1.0
8192,8,8,127.46514705727188,109.875,-0.00415142529818695,325.4845375061035,-0.234758935123682,0.003720689161855262,0.032568359375,0.5414929445832968,211.77654495239258,24.26870346069336,13.093581199645996,30.1060791015625,17.91777801513672,5.837375640869141,8.208640098571777,0.465990975371927,0.9357397556304932,255.04295349121094,0.525,1.0,0.0,1.0,0.0,0.0,0.06718135625123978,0.23076780140399933,0.0,0.25082647800445557,0.25699904561042786,0.26252281665802,-1.5086091756820679,-1.4970320463180542,-1.4866926670074463,0.0,1.0
9216,9,7,149.2691910378117,118.0,-0.005082613253034651,378.14075164794923,-0.22891941741108895,0.006913806858938188,0.0466552734375,0.5647347144782543,259.44383392333987,26.281238555908203,14.720523834228516,34.64012145996094,19.424989700317383,8.358880996704102,7.449097156524658,0.4257183809585474,1.0139195919036865,368.37115478515625,0.6,1.0,0.0,1.0,0.0,0.0,0.06279458850622177,0.23123803734779358,0.0,0.2537509799003601,0.2592757046222687,0.2635742425918579,-1.5031172037124634,-1.4927864074707031,-1.4847288131713867,0.0,1.0
10240,10,9,148.8771789338261,122.0,-0.003984473564196378,417.6238700866699,-0.2160780295729637,0.0033664004120510073,0.0212890625,0.4715387005358934,258.85801277160647,25.550819396972656,16.43143653869629,38.85893249511719,21.188194274902344,13.308111190795898,6.824968338012695,0.3986003868247213,0.8993144035339355,294.64764404296875,0.35,1.0,0.0,1.0,0.0,0.0,0.05340663716197014,0.23356640338897705,0.0,0.2563653290271759,0.26109328866004944,0.26631227135658264,-1.4982144832611084,-1.4893513917922974,-1.4796198606491089,0.0,1.0
11264,11,9,153.6708705907401,128.0,-0.004508527542930097,324.28730392456055,-0.21018156595528126,0.00393631148908753,0.0323486328125,0.5538590881973505,217.999275970459,20.959043502807617,16.42565155029297,36.917972564697266,20.113584518432617,15.9589262008667,6.5589094161987305,0.333091474132151,1.1143590211868286,249.79931640625,0.575,1.0,0.0,1.0,0.0,0.0,0.05357174202799797,0.2357785850763321,0.0,0.2564444839954376,0.26116856932640076,0.26702025532722473,-1.4980661869049072,-1.4892287254333496,-1.4782999753952026,0.0,1.0
12288,12,7,134.83524329893262,118.42857142857143,-0.0029692004143726082,268.60983810424807,-0.2112843506038189,0.0016308344944263808,0.017041015625,0.4631568070501089,205.03171157836914,20.715063095092773,13.83877944946289,33.76951599121094,21.619173049926758,13.054454803466797,10.910478591918945,0.5902514763182471,0.8933179378509521,279.30023193359375,0.3,1.0,0.0,1.0,0.0,0.0,0.05618464946746826,0.2313195765018463,0.0,0.2560437321662903,0.26109206676483154,0.2678819000720978,-1.4988172054290771,-1.4893659353256226,-1.4766943454742432,0.0,1.0
13312,13,9,147.16150900459672,124.44444444444444,-0.004265826486516744,374.758406829834,-0.2135774128139019,0.006077576863754075,0.0384765625,0.5822875156998635,244.30770721435547,23.99933433532715,16.223983764648438,40.245887756347656,23.06293487548828,16.246551513671875,10.253471374511719,0.5051360738821324,1.0101606845855713,324.40545654296875,0.65,1.0,0.0,1.0,0.0,0.0,0.05412369593977928,0.23230135440826416,0.0,0.25631144642829895,0.26027384400367737,0.2668702304363251,-1.498315453529358,-1.4908981323242188,-1.4785796403884888,0.0,1.0
14336,14,9,144.6050524055446,125.22222222222223,-0.00412438390776515,244.9498718261719,-0.22085323445498944,0.004721426522883121,0.029248046875,0.46960591040551664,175.07000579833985,16.60513687133789,16.18052864074707,35.52572250366211,23.413280487060547,18.92058563232422,11.26364803314209,0.522403838054727,0.8344083428382874,199.02085876464844,0.375,1.0,0.0,1.0,0.0,0.0,0.06713224202394485,0.2292552888393402,0.0,0.2536777853965759,0.2583562433719635,0.26558879017829895,-1.5032546520233154,-1.4945183992385864,-1.4809691905975342,0.0,1.0
15360,15,8,140.396013042911,116.625,-0.003037394559942186,373.67104415893556,-0.22860818728804588,0.0021321629028534517,0.0122314453125,0.49998501166701315,228.32185554504395,20.858062744140625,18.846206665039062,44.94419860839844,24.016809463500977,24.086139678955078,9.181607246398926,0.38423169036547455,0.9116111993789673,253.67129516601562,0.475,1.0,0.0,1.0,0.0,0.0,0.07189938426017761,0.23105137050151825,0.0,0.2506985068321228,0.257874071598053,0.268656462430954,-1.5088496208190918,-1.4954205751419067,-1.47525155544281,0.0,1.0
16384,16,9,137.9816394520972,116.66666666666667,-0.004188674094621092,273.07056007385256,-0.22693560570478438,0.005144105460203718,0.034326171875,0.5429236412048339,183.3889404296875,16.567705154418945,17.797452926635742,39.32624816894531,25.241968154907227,22.758541107177734,12.25948429107666,0.5028708727302598,0.9961016178131104,209.6700439453125,0.625,1.0,0.0,1.0,0.0,0.0,0.06923972815275192,0.22833096981048584,0.0,0.248479425907135,0.25900736451148987,0.2718610167503357,-1.5130224227905273,-1.4933325052261353,-1.4692885875701904,0.0,1.0
17408,17,9,129.61668003833339,119.44444444444444,-0.004128361522452906,188.32855110168458,-0.22045899964869023,0.0035382006972213276,0.025439453125,0.465352413803339,199.41061115264893,17.630416870117188,14.472230911254883,29.604354858398438,25.642887115478516,11.97393798828125,23.15964126586914,0.681479649003057,0.7651036381721497,389.6422119140625,0.325,1.0,0.0,1.0,0.0,0.0,0.06509372591972351,0.23498927056789398,0.0,0.2492494136095047,0.2598666846752167,0.27217715978622437,-1.5115740299224854,-1.4916952848434448,-1.468700885772705,0.0,1.0
18432,18,10,121.51795785921983,98.9,-0.004096604615915567,273.0664627075195,-0.21725366562604903,0.0061763253979734145,0.0357421875,0.5346715066581964,185.36789245605468,16.755107879638672,17.27178192138672,43.45905303955078,23.585729598999023,26.703941345214844,8.98260498046875,0.463739628244381,0.9230583310127258,211.4256591796875,0.6,1.0,0.0,1.0,0.0,0.0,0.06608501821756363,0.23557065427303314,0.0,0.24978028237819672,0.26025357842445374,0.27327337861061096,-1.510575771331787,-1.4909859895706177,-1.4666638374328613,0.0,1.0
19456,19,11,110.20128135471826,99.72727272727273,-0.003935580479446798,248.62134132385253,-0.21728330850601196,0.002066241088323295,0.0301025390625,0.51469946205616,163.35630149841307,14.768964767456055,18.542110443115234,38.85224914550781,28.073572158813477,24.08328628540039,19.319232940673828,0.5637624897358718,0.9852707386016846,214.05726623535156,0.45,1.0,0.0,1.0,0.0,0.0,0.06849610060453415,0.23821568489074707,0.0,0.24838592112064362,0.25949546694755554,0.2719372808933258,-1.5131983757019043,-1.4924207925796509,-1.469146966934204,0.0,1.0
20480,20,9,129.08020273180688,107.55555555555556,-0.0035683417692780493,253.5297721862793,-0.22174066193401815,0.0033275821129791438,0.0245361328125,0.5199057593941688,191.3308006286621,17.953662872314453,15.565850257873535,45.166534423828125,24.18651008605957,27.212875366210938,14.731355667114258,0.5858103087715265,0.7996458411216736,244.13938903808594,0.6,1.0,0.0,1.0,0.0,0.0,0.06377475708723068,0.23633739352226257,0.0,0.24829638004302979,0.25917133688926697,0.27111124992370605,-1.513366937637329,-1.4930163621902466,-1.4706828594207764,0.0,1.0
21504,21,9,131.27808044323785,111.22222222222223,-0.003215336869470775,257.4798984527588,-0.22201236747205258,0.0035929072837461717,0.0276611328125,0.5364639759063721,186.2351459503174,17.024608612060547,16.293621063232422,47.18608856201172,24.638647079467773,30.161476135253906,12.12492847442627,0.5626777541112384,1.2315423488616943,216.24465942382812,0.475,1.0,0.0,1.0,0.0,0.0,0.06199154257774353,0.23760434985160828,0.0,0.24879461526870728,0.25925639271736145,0.2718348801136017,-1.5124294757843018,-1.492856502532959,-1.4693372249603271,0.0,1.0
22528,22,11,124.56139835802647,103.63636363636364,-0.0029996348835993557,185.22671775817872,-0.22021768763661384,0.0020764588974998333,0.0285400390625,0.5290044099092484,169.50275535583495,10.376596450805664,18.024272918701172,40.0877685546875,28.181400299072266,29.71116828918457,14.594902038574219,0.5909368437324537,1.001521110534668,328.5807189941406,0.525,1.0,0.0,1.0,0.0,0.0,0.058691710233688354,0.2422560602426529,0.0,0.2514511048793793,0.2599271237850189,0.2722911536693573,-1.5074355602264404,-1.491592526435852,-1.4684890508651733,0.0,1.0
23552,23,6,121.26655568686226,118.16666666666667,-0.004807418416021392,242.71069107055663,-0.21277588456869126,0.006074022599204909,0.0438720703125,0.550272274389863,190.18606414794922,18.390703201293945,14.165688514709473,44.10626983642578,30.776729583740234,25.715564727783203,23.700698852539062,0.7881490225228464,1.011662483215332,346.2528381347656,0.525,1.0,0.0,1.0,0.0,0.0,0.04431769251823425,0.240477055311203,0.0,0.2546381652355194,0.26188018918037415,0.2733460068702698,-1.5014526844024658,-1.4879374504089355,-1.4665288925170898,0.0,1.0
24576,24,9,138.27080026422104,120.55555555555556,-0.00406608798657544,227.61343307495116,-0.20351156070828438,0.0027960830499068833,0.023095703125,0.526570900157094,172.1054859161377,14.617344856262207,17.8042049407959,41.950862884521484,31.46539306640625,27.333518981933594,23.46497917175293,0.6798313555698272,0.9155446887016296,273.5003967285156,0.525,1.0,0.0,1.0,0.0,0.0,0.04788024351000786,0.23840899765491486,0.0,0.25743138790130615,0.26294589042663574,0.2737661302089691,-1.4962170124053955,-1.4859062433242798,-1.4657485485076904,0.0,1.0
25600,25,10,135.45250633164625,112.7,-0.005751454760320485,208.31416702270508,-0.20368360094726085,0.005646349246671889,0.0471435546875,0.5553646795451641,161.28435096740722,14.175647735595703,16.50823974609375,45.00687026977539,28.62337875366211,30.831222534179688,20.652063369750977,0.6673712634849978,1.128790020942688,211.6173553466797,0.6,1.0,0.0,1.0,0.0,0.0,0.053458601236343384,0.24200843274593353,0.0,0.25524070858955383,0.26169776916503906,0.2722495496273041,-1.500322699546814,-1.4882761240005493,-1.4685664176940918,0.0,1.0
26624,26,9,138.53402469472007,116.88888888888889,-0.003112822654657066,193.54229507446288,-0.21068612337112427,0.0050281965159229,0.0342529296875,0.5772406674921513,156.29393310546874,13.961214065551758,15.384586334228516,47.939308166503906,26.760313034057617,33.978092193603516,16.64278221130371,0.6694864935010507,1.1071693897247314,240.42164611816406,0.65,1.0,0.0,1.0,0.0,0.0,0.053368836641311646,0.23807494342327118,0.0,0.25582507252693176,0.26074740290641785,0.26853957772254944,-1.4992270469665527,-1.490010380744934,-1.4754692316055298,0.0,1.0
27648,27,9,129.42431126020676,112.88888888888889,-0.003473049949388951,167.02555103302,-0.21518612056970596,0.005146276453160681,0.033837890625,0.488228253275156,141.02025203704835,12.410497665405273,15.135665893554688,43.231895446777344,31.510995864868164,30.821395874023438,23.425254821777344,0.7692834228937324,0.8752032518386841,230.50372314453125,0.375,1.0,0.0,1.0,0.0,0.0,0.05668254196643829,0.2361254245042801,0.0,0.2555406093597412,0.2601529061794281,0.2672898471355438,-1.499760389328003,-1.491139531135559,-1.477797508239746,0.0,1.0
28672,28,9,134.8548947272976,121.33333333333333,-0.005508444213774055,175.64051895141603,-0.22009438797831535,0.0049941483041038735,0.04521484375,0.551238901168108,161.9410291671753,15.234953880310059,14.447264671325684,41.444332122802734,32.01055908203125,26.20937728881836,28.279815673828125,0.7963029516999763,1.1373728513717651,365.79302978515625,0.575,1.0,0.0,1.0,0.0,0.0,0.05908120796084404,0.23336230218410492,0.0,0.25443026423454285,0.25879064202308655,0.2670555114746094,-1.501842737197876,-1.4936752319335938,-1.4782342910766602,0.0,1.0
29696,29,8,141.98367579630462,118.125,-0.005396410776302219,158.94841194152832,-0.227201097458601,0.006194236583542079,0.0497802734375,0.5578860837966204,145.3406702041626,13.364422798156738,13.55862808227539,47.39423370361328,28.466041564941406,34.02981185913086,20.75369644165039,0.7731298654050902,1.051708459854126,268.64923095703125,0.575,1.0,0.0,1.0,0.0,0.0,0.049017343670129776,0.2392953634262085,0.0,0.25422564148902893,0.25767073035240173,0.2639963924884796,-1.5022265911102295,-1.495768427848816,-1.483940601348877,0.0,1.0
30720,30,8,135.32876427489322,118.5,-0.005331968679092825,210.35131340026857,-0.23082589730620384,0.0038273748010396957,0.0267578125,0.4939638815820217,153.30192184448242,14.880182266235352,15.681117057800293,51.261165618896484,30.49040412902832,36.3809814453125,21.497196197509766,0.7354988554232602,0.9187843203544617,211.1570281982422,0.45,1.0,0.0,1.0,0.0,0.0,0.04764966294169426,0.23903490602970123,0.0,0.2538195550441742,0.2576744258403778,0.26441726088523865,-1.502988576889038,-1.4957594871520996,-1.4831550121307373,0.0,1.0
31744,31,9,146.36595999076852,120.88888888888889,-0.0038378615921828897,139.2634973526001,-0.23388142883777618,0.004056265389954206,0.0353271484375,0.47615707814693453,122.9424409866333,12.692607879638672,12.302069664001465,46.94478225708008,29.583913803100586,34.252174377441406,22.518787384033203,0.8270800648746554,0.8853158354759216,224.18182373046875,0.35,1.0,0.0,1.0,0.0,0.0,0.05460844561457634,0.24365101754665375,0.0,0.2521207928657532,0.2561584413051605,0.2621099054813385,-1.5061776638031006,-1.498636245727539,-1.487464189529419,0.0,1.0
32768,32,7,138.32256709478196,127.28571428571429,-0.0031082487548701465,243.9591770172119,-0.2392022989690304,0.0025262999479309656,0.0277099609375,0.5865146107971668,155.83338775634766,15.993967056274414,16.45974349975586,52.38359069824219,34.369911193847656,36.38962173461914,25.074092864990234,0.7706549734594569,1.0342493057250977,216.68521118164062,0.6,1.0,0.0,1.0,0.0,0.0,0.04388198256492615,0.23883160948753357,0.0,0.2532431483268738,0.2564041316509247,0.26149195432662964,-1.5040702819824219,-1.4981626272201538,-1.488619089126587,0.0,1.0
33792,33,9,149.3984524726531,123.11111111111111,-0.0028992527048103513,164.8771629333496,-0.23742991909384728,0.004558525064203423,0.026025390625,0.5034509338438511,139.0959970474243,11.48951244354248,15.987062454223633,48.619140625,32.59456253051758,37.12962341308594,24.89842987060547,0.7594268657910351,0.9283543229103088,248.45985412597656,0.525,1.0,0.0,1.0,0.0,0.0,0.052372824400663376,0.242155060172081,0.0,0.2510896325111389,0.25634142756462097,0.26213571429252625,-1.5081146955490112,-1.4982870817184448,-1.4874159097671509,0.0,1.0
34816,34,9,143.58719998811927,120.44444444444444,-0.00420531744020991,226.8148509979248,-0.240468430519104,0.003556911737541668,0.032666015625,0.5031854715198278,171.06275367736816,14.737468719482422,16.789440155029297,60.09773635864258,30.70556640625,45.360267639160156,19.264577865600586,0.7010226649973545,0.9665542840957642,208.69058227539062,0.425,1.0,0.0,1.0,0.0,0.0,0.04231877997517586,0.24468238651752472,0.0,0.2506260871887207,0.25529471039772034,0.2605747580528259,-1.5089857578277588,-1.5002175569534302,-1.490333914756775,0.0,1.0
35840,35,8,144.06793794582012,127.25,-0.002433006791397929,231.77356567382813,-0.24724316224455833,0.0038718445095582863,0.02412109375,0.525548942387104,178.52552433013915,9.766510963439941,21.316118240356445,50.068424224853516,40.10947799682617,40.30191421508789,28.354074478149414,0.7175625917167485,1.0320852994918823,394.78155517578125,0.525,1.0,0.0,1.0,0.0,0.0,0.04394832253456116,0.2400021255016327,0.0,0.25225722789764404,0.2540639340877533,0.25631392002105713,-1.5059213638305664,-1.502543330192566,-1.4983108043670654,0.0,1.0
36864,36,11,138.41019334829133,123.63636363636364,-0.0054616839857772,147.89711933135987,-0.25216137021780016,0.0042720581099274565,0.047998046875,0.524514127150178,135.99702129364013,8.189230918884277,18.364545822143555,51.52253723144531,32.88970184326172,43.33330535888672,27.249921798706055,0.6882255319894506,0.994454562664032,242.2286834716797,0.5,1.0,0.0,1.0,0.0,0.0,0.0490579791367054,0.24609912931919098,0.0,0.252562552690506,0.253830224275589,0.2561822533607483,-1.5053479671478271,-1.5029544830322266,-1.4985575675964355,0.0,1.0
37888,37,6,142.6597983625517,120.33333333333333,-0.0032938654418103396,150.43847770690917,-0.2506614446640015,0.002697919396450743,0.0263671875,0.5258928999304772,133.45273818969727,12.602527618408203,14.152571678161621,56.78715515136719,30.50295066833496,44.18462371826172,23.212387084960938,0.7847282986882537,0.7768068313598633,210.06103515625,0.6,1.0,0.0,1.0,0.0,0.0,0.04628033936023712,0.24052901566028595,0.0,0.2525077760219574,0.2541569769382477,0.2567017078399658,-1.5054508447647095,-1.5023339986801147,-1.4975841045379639,0.0,1.0
38912,38,9,146.94862088360728,127.77777777777777,-0.0035759497783146798,129.60782318115236,-0.2509509474039078,0.004183023472432978,0.016064453125,0.5268762029707432,112.58708915710449,9.135885238647461,14.65259838104248,55.9643440246582,31.386734008789062,46.828460693359375,23.132644653320312,0.7820599390837283,0.9372657537460327,150.7099609375,0.45,1.0,0.0,1.0,0.0,0.0,0.044251855462789536,0.24294795095920563,0.0,0.2516978085041046,0.2540142834186554,0.256597638130188,-1.506972074508667,-1.5026010274887085,-1.497779130935669,0.0,1.0
39936,39,8,126.68739460999329,115.75,-0.003800748090725392,185.32540168762208,-0.2502359911799431,0.004025357239879668,0.02626953125,0.4846182569861412,156.67928485870362,10.676271438598633,18.427263259887695,56.357704162597656,37.96177673339844,45.681434631347656,28.655048370361328,0.764371080292955,1.0175212621688843,253.61154174804688,0.325,1.0,0.0,1.0,0.0,0.0,0.05215217545628548,0.24523960053920746,0.0,0.25363919138908386,0.2541504204273224,0.25501054525375366,-1.5033270120620728,-1.5023664236068726,-1.5007543563842773,0.0,1.0
40960,40,8,143.4793824612557,115.875,-0.0026670769788324834,109.85796337127685,-0.2524314850568771,0.003145294102432672,0.0221923828125,0.47071575559675694,91.36679267883301,7.801102638244629,13.419013023376465,55.14996337890625,31.504539489746094,47.34886169433594,23.062440872192383,0.818575937940633,0.8563352227210999,112.5179214477539,0.475,1.0,0.0,1.0,0.0,0.0,0.05550302937626839,0.24499700963497162,0.0,0.25246649980545044,0.25316715240478516,0.253528892993927,-1.505528450012207,-1.5042370557785034,-1.5035340785980225,0.0,1.0
41984,41,9,123.12417661943007,109.66666666666667,-0.0034954743343405424,114.87055110931396,-0.25652126371860506,0.0022333672386594117,0.0234619140625,0.5343271754682064,104.71223831176758,5.722866058349609,15.917520523071289,51.31306838989258,36.99848556518555,45.59020233154297,28.554203033447266,0.8149099842318123,0.871220588684082,188.02378845214844,0.5,1.0,0.0,1.0,0.0,0.0,0.05280495807528496,0.2431882917881012,0.0,0.25287318229675293,0.25303784012794495,0.25330090522766113,-1.5047647953033447,-1.5044318437576294,-1.5039619207382202,0.0,1.0
43008,42,9,135.87000677061735,110.88888888888889,-0.005169503157958388,118.33443031311035,-0.2552132815122604,0.007883357077662367,0.055517578125,0.5387912921607494,130.34104137420655,7.023337364196777,16.483272552490234,51.26233673095703,36.373382568359375,44.23899841308594,30.55472183227539,0.7946382300761563,0.9547637701034546,250.24229431152344,0.5,1.0,0.0,1.0,0.0,0.0,0.05794931575655937,0.24650028347969055,0.0,0.2524873912334442,0.2536674439907074,0.25483208894729614,-1.5054891109466553,-1.5032601356506348,-1.5010889768600464,0.0,1.0
44032,43,10,131.7643205317814,114.2,-0.004599718275130726,116.51154479980468,-0.24850503280758857,0.004434923868393526,0.0452880859375,0.523090248554945,101.77594451904297,9.03411865234375,13.53674602508545,57.94053649902344,34.56114196777344,48.90641784667969,26.423934936523438,0.8465904430572022,1.090410828590393,129.90829467773438,0.525,1.0,0.0,1.0,0.0,0.0,0.05559824779629707,0.24491414427757263,0.0,0.2532026469707489,0.25518831610679626,0.25794535875320435,-1.5041463375091553,-1.50042724609375,-1.4952545166015625,0.0,1.0
45056,44,7,147.453016793216,126.42857142857143,-0.0038926701410673557,93.42725486755371,-0.2435406543314457,0.0036769240046851336,0.0194580078125,0.503432159870863,99.9344934463501,8.673805236816406,12.583745956420898,54.5120849609375,34.26070022583008,45.838279724121094,28.567455291748047,0.8650951916643941,1.0078086853027344,221.532470703125,0.475,1.0,0.0,1.0,0.0,0.0,0.04346590116620064,0.24223273992538452,0.0,0.2540591061115265,0.25537070631980896,0.2578875422477722,-1.502539038658142,-1.5000871419906616,-1.4953627586364746,0.0,1.0
46080,45,10,136.7114972046759,118.8,-0.0034176413784734903,125.1031452178955,-0.2460263542830944,0.0028189650605781936,0.0361328125,0.49684498831629753,111.54778804779053,8.77426528930664,14.646403312683105,61.67891311645508,34.43390655517578,52.90464782714844,25.893936157226562,0.8190788635299038,0.9710969924926758,177.68026733398438,0.45,1.0,0.0,1.0,0.0,0.0,0.05166111886501312,0.2433234304189682,0.0,0.2513233721256256,0.25431159138679504,0.25816744565963745,-1.5076755285263062,-1.502081274986267,-1.4948387145996094,0.0,1.0
47104,46,9,152.20589393872055,121.22222222222223,-0.00496752371545881,98.65551261901855,-0.2510259099304676,0.006367610114102718,0.0379638671875,0.4695040561258793,94.77549667358399,9.13570785522461,12.21078109741211,58.846641540527344,34.72209548950195,49.7109375,27.743392944335938,0.8763269649513417,0.9498217701911926,132.41529846191406,0.3,1.0,0.0,1.0,0.0,0.0,0.04390540346503258,0.24439123272895813,0.0,0.2532252073287964,0.2538515031337738,0.25491371750831604,-1.5041040182113647,-1.502906322479248,-1.5009359121322632,0.0,1.0
48128,47,8,143.92006326515275,117.875,-0.0031516094459220767,136.02963542938232,-0.25201713368296624,0.005706294541596435,0.0291015625,0.49575799964368344,114.21909885406494,8.438239097595215,15.38390064239502,64.43458557128906,36.37493133544922,55.996341705322266,25.678869247436523,0.8211336666272577,0.96854567527771,139.73385620117188,0.375,1.0,0.0,1.0,0.0,0.0,0.046825673431158066,0.24595598876476288,0.0,0.2532137632369995,0.25380316376686096,0.2543684244155884,-1.5041254758834839,-1.5030341148376465,-1.5019587278366089,0.0,1.0
49152,48,9,151.34643052765634,121.0,-0.0031047109048813583,48.13357954025268,-0.2550340071320534,0.0009777757091796956,0.02353515625,0.4744162313640118,66.65763597488403,4.347555160522461,10.423944473266602,54.759971618652344,33.721492767333984,50.412410736083984,29.088272094726562,0.9044456277649032,0.8204889297485352,149.8905487060547,0.4,1.0,0.0,1.0,0.0,0.0,0.05515666678547859,0.24262017011642456,0.0,0.24998775124549866,0.25269216299057007,0.25589168071746826,-1.510185718536377,-1.505086064338684,-1.499102234840393,0.0,1.0
50176,49,10,134.61382188573742,114.7,-0.004025480593554676,86.4973051071167,-0.25843279883265496,0.00475251495372504,0.034912109375,0.5817895784974099,95.88359031677246,6.06619930267334,13.5975980758667,59.37105941772461,37.29077911376953,53.30485916137695,31.64726448059082,0.8670398544863719,1.007981538772583,217.1838836669922,0.625,1.0,0.0,1.0,0.0,0.0,0.049453482031822205,0.24148142337799072,0.0,0.2507968544960022,0.2530164420604706,0.2557278573513031,-1.508664846420288,-1.504482388496399,-1.4994093179702759,0.0,1.0
51200,50,8,136.82807271157924,117.625,-0.003242042276542634,63.57262601852417,-0.2546338640153408,0.006008848735655192,0.0327392578125,0.4720025859773159,67.65352163314819,3.2954375743865967,12.067055702209473,59.34794616699219,34.44015121459961,56.05250930786133,27.434240341186523,0.8772355891266383,0.7584535479545593,109.267333984375,0.4,1.0,0.0,1.0,0.0,0.0,0.04734516516327858,0.2449641078710556,0.0,0.2517026960849762,0.25379857420921326,0.256126344203949,-1.5069628953933716,-1.5030474662780762,-1.4986623525619507,0.0,1.0
52224,51,8,143.09038946884556,116.0,-0.0036631714960094542,64.35420637130737,-0.2528491526842117,0.0029694231358007527,0.0249267578125,0.48276940584182737,73.91683206558227,6.616150379180908,10.584993362426758,59.262428283691406,35.4996337890625,52.646278381347656,31.11224937438965,0.911093519804779,1.0105152130126953,139.18789672851562,0.35,1.0,0.0,1.0,0.0,0.0,0.05532852187752724,0.24118229746818542,0.0,0.25185203552246094,0.25327685475349426,0.2554481625556946,-1.5066823959350586,-1.503995418548584,-1.4999337196350098,0.0,1.0
53248,52,9,138.6736704450683,113.88888888888889,-0.0033024878706783057,68.11615190505981,-0.2558061607182026,0.0046130773247568865,0.0279296875,0.5069701597094536,77.54772443771363,4.065223693847656,12.782535552978516,61.11745834350586,35.48594665527344,57.05223083496094,30.10811424255371,0.8702458627357021,0.899743914604187,131.2998046875,0.475,1.0,0.0,1.0,0.0,0.0,0.061409518122673035,0.24150092899799347,0.0,0.25033798813819885,0.2531188130378723,0.25673723220825195,-1.509527325630188,-1.504289150238037,-1.4975175857543945,0.0,1.0
54272,53,8,133.17526507877884,123.25,-0.0044902173045557,48.15867290496826,-0.25599761083722117,0.004403662431286648,0.041845703125,0.5525741085410119,82.91138086318969,4.635481834411621,11.401080131530762,54.83680725097656,36.12749099731445,50.20132827758789,30.367591857910156,0.9004098422914134,0.9902553558349609,193.6343536376953,0.55,1.0,0.0,1.0,0.0,0.0,0.06074850261211395,0.24199756979942322,0.0,0.25143635272979736,0.25315237045288086,0.2557157278060913,-1.5074632167816162,-1.5042539834976196,-1.49943208694458,0.0,1.0
55296,54,8,131.75907930752592,109.875,-0.004383840743685141,39.95240926742554,-0.2551154732704163,0.005837276222882793,0.0362060546875,0.4498512767255306,65.65299243927002,3.354701280593872,10.980609893798828,54.01396942138672,34.4769287109375,50.659271240234375,29.8126220703125,0.8985631396573173,0.955150842666626,124.77389526367188,0.225,1.0,0.0,1.0,0.0,0.0,0.056323882192373276,0.2376818209886551,0.0,0.2515491545200348,0.2533569931983948,0.25612762570381165,-1.507251262664795,-1.5038515329360962,-1.4986599683761597,0.0,1.0
56320,55,10,138.82341412627952,114.9,-0.005051653110422194,63.27271089553833,-0.25607698038220406,0.004469622431497555,0.0289306640625,0.463728467002511,81.20192489624023,5.659005165100098,12.232329368591309,59.60955047607422,37.104061126708984,53.950538635253906,33.44878387451172,0.8913135484495591,0.8272989392280579,244.2812042236328,0.325,1.0,0.0,1.0,0.0,0.0,0.05502758547663689,0.23323403298854828,0.0,0.2508932054042816,0.2528747022151947,0.25633230805397034,-1.5084837675094604,-1.5047463178634644,-1.4982763528823853,0.0,1.0
57344,56,8,138.2982692184442,118.75,-0.0032735916320234537,62.09128246307373,-0.261707803606987,0.002760423530708067,0.0255615234375,0.477090560272336,66.05789880752563,3.9978346824645996,11.619949340820312,61.40229034423828,38.516117095947266,57.404449462890625,32.95933151245117,0.9089828103994031,1.166479468345642,98.6990737915039,0.425,1.0,0.0,1.0,0.0,0.0,0.04707138612866402,0.23536039888858795,0.0,0.2483590990304947,0.2509761452674866,0.2543410360813141,-1.5132489204406738,-1.5083388090133667,-1.5020101070404053,0.0,1.0
58368,57,8,152.34379012555925,139.375,-0.005019077216275036,117.95054397583007,-0.27590208053588866,0.005842652179126162,0.0438720703125,0.530661965534091,179.88172359466552,8.859042167663574,17.464048385620117,56.793495178222656,43.76652908325195,47.9344482421875,40.671939849853516,0.8407770493004598,1.083373785018921,868.4064331054688,0.575,1.0,0.0,1.0,0.0,0.0,0.05402885377407074,0.2341838926076889,0.0,0.24490556120872498,0.24794329702854156,0.2509141266345978,-1.5197522640228271,-1.5140477418899536,-1.5084445476531982,0.0,1.0
59392,58,9,144.09559098792394,118.33333333333333,-0.0037096895975992084,53.50356149673462,-0.2896495684981346,0.003441165911499411,0.0201171875,0.4928483169525862,68.16907625198364,4.193014144897461,11.185049057006836,59.89889907836914,38.16399383544922,55.70588684082031,32.905662536621094,0.9141049445302571,0.9178627729415894,121.9342269897461,0.4,1.0,0.0,1.0,0.0,0.0,0.04421520233154297,0.23221026360988617,0.0,0.24165715277194977,0.246738001704216,0.25105583667755127,-1.5258792638778687,-1.5163294076919556,-1.5081782341003418,0.0,1.0
60416,59,9,154.06398700004615,129.33333333333334,-0.004540306713897735,36.72274103164673,-0.29190434515476227,0.0035860941687133165,0.04345703125,0.5423506494611502,62.32372283935547,6.153555393218994,8.131692886352539,59.615928649902344,37.0832633972168,53.462371826171875,35.33850860595703,0.9519154028230832,1.0080235004425049,162.0081787109375,0.475,1.0,0.0,1.0,0.0,0.0,0.045978695154190063,0.23202969133853912,0.0,0.24275566637516022,0.2468206137418747,0.2505873441696167,-1.5238062143325806,-1.5161656141281128,-1.5090585947036743,0.0,1.0
61440,60,7,125.60561658061535,121.0,-0.004122655745595694,39.62407808303833,-0.29564036428928375,0.00521699488745071,0.0446533203125,0.5421737994998693,68.22843508720398,1.3910813331604004,11.578885078430176,52.76108932495117,38.962703704833984,51.37001037597656,36.132144927978516,0.9116848222559243,0.9998383522033691,131.68663024902344,0.6,1.0,0.0,1.0,0.0,0.0,0.0514686293900013,0.2288782298564911,0.0,0.24175448715686798,0.24514319002628326,0.24853014945983887,-1.525695562362671,-1.519296646118164,-1.5129270553588867,0.0,1.0
62464,61,8,149.14146844209915,129.625,-0.0039833267161156986,31.26525444984436,-0.30475815683603286,0.004604420509713237,0.0374267578125,0.4978685140609741,58.94717597961426,5.900012969970703,7.703683376312256,56.87542724609375,38.989986419677734,50.97541046142578,37.50701904296875,0.960961715740345,0.9052613973617554,132.9912567138672,0.4,1.0,0.0,1.0,0.0,0.0,0.051099732518196106,0.23297160863876343,0.0,0.23993726074695587,0.24397927522659302,0.2464604526758194,-1.5291270017623901,-1.5214906930923462,-1.5168228149414062,0.0,1.0
63488,62,8,138.70226990185805,125.25,-0.0038852028432302178,73.3688793182373,-0.30781258046627047,0.0035774599935393782,0.0434326171875,0.537556080520153,108.002232837677,4.065711498260498,14.588035583496094,64.08980560302734,40.74555587768555,60.02409744262695,33.962013244628906,0.8718161835005083,0.8717659711837769,166.31707763671875,0.55,1.0,0.0,1.0,0.0,0.0,0.0370485894382,0.23120394349098206,0.0,0.23960889875888824,0.2440366894006729,0.24659162759780884,-1.5297473669052124,-1.5214074850082397,-1.516575813293457,0.0,1.0
64512,63,8,148.9688288179036,134.375,-0.0038422867422923447,62.34406399726868,-0.3088413134217262,0.003549583852873184,0.0453857421875,0.5042850650846958,112.7583872795105,1.3144984245300293,14.518434524536133,59.398719787597656,42.700679779052734,58.08422088623047,35.4085807800293,0.8843967445032462,1.0006707906723022,198.625,0.45,1.0,0.0,1.0,0.0,0.0,0.032801542431116104,0.23216596245765686,0.0,0.2403440624475479,0.24316571652889252,0.24491485953330994,-1.5283585786819458,-1.5230222940444946,-1.5197347402572632,0.0,1.0
65536,64,7,141.67589734071043,131.28571428571428,-0.004326624545501545,75.54588108062744,-0.31663216948509215,0.004315277309797238,0.0282958984375,0.4601603589951992,91.02252082824707,4.525835990905762,14.25969409942627,61.86439895629883,41.90815734863281,57.33856201171875,38.44415283203125,0.8842227234162854,0.8342009782791138,148.14682006835938,0.375,1.0,0.0,1.0,0.0,0.0,0.03195204213261604,0.23334890604019165,0.0,0.24034863710403442,0.24161213636398315,0.24364764988422394,-1.5283498764038086,-1.5259820222854614,-1.5221236944198608,0.0,1.0
66560,65,8,152.1459665476969,137.875,-0.004179816372925416,67.36864023208618,-0.3205158442258835,0.0032966758182737975,0.02978515625,0.5446825012564659,191.768887424469,3.511894702911377,15.907085418701172,56.273895263671875,42.56553268432617,52.762001037597656,41.22696304321289,0.8603422200246061,0.918486475944519,884.19873046875,0.55,1.0,0.0,1.0,0.0,0.0,0.02994018979370594,0.23036667704582214,0.0,0.24119676649570465,0.2419167160987854,0.24313274025917053,-1.5267484188079834,-1.525403380393982,-1.523094892501831,0.0,1.0
67584,66,8,148.5056069013145,135.5,-0.004945360403507948,71.09240779876708,-0.3210738904774189,0.003870717047539074,0.038330078125,0.6137292794883251,108.56173219680787,3.455789804458618,14.65261459350586,57.01531982421875,43.61798858642578,53.559532165527344,38.012630462646484,0.887150670510623,1.2484413385391235,212.3829345703125,0.65,1.0,0.0,1.0,0.0,0.0,0.0393734909594059,0.23321707546710968,0.0,0.2383478879928589,0.24112944304943085,0.24410292506217957,-1.5321307182312012,-1.5268820524215698,-1.5212652683258057,0.0,1.0
68608,67,7,151.9005199386209,135.57142857142858,-0.004245717660523951,48.33584942817688,-0.31987185031175613,0.00496279275539564,0.0367431640625,0.5956364870071411,73.20292797088624,4.725771427154541,10.91700553894043,62.1141357421875,43.488468170166016,57.38836669921875,37.45122146606445,0.9369828405470741,0.9675089120864868,162.6785125732422,0.65,1.0,0.0,1.0,0.0,0.0,0.0366610623896122,0.23576591908931732,0.0,0.24097642302513123,0.24308310449123383,0.24573977291584015,-1.527164340019226,-1.523183822631836,-1.5181803703308105,0.0,1.0
69632,68,8,148.0223222171806,136.5,-0.004804544872604311,85.16319713592529,-0.31372528746724127,0.003266293449269142,0.0374267578125,0.5690854012966156,98.32873477935792,2.0496459007263184,15.307700157165527,70.42801666259766,44.37495040893555,68.37837219238281,36.031280517578125,0.8810007642886467,0.8985744714736938,191.97756958007812,0.625,1.0,0.0,1.0,0.0,0.0,0.032209426164627075,0.2335876226425171,0.0,0.238105908036232,0.241920605301857,0.24487651884555817,-1.532588243484497,-1.525399088859558,-1.519806981086731,0.0,1.0
70656,69,7,172.24087531358458,146.42857142857142,-0.003675193275557831,23.255928063392638,-0.3191238299012184,0.004468799680762458,0.029638671875,0.5269484605640173,54.36531286239624,2.1628949642181396,8.911852836608887,57.50243377685547,40.36781692504883,55.33953857421875,38.77821350097656,0.951262248184658,1.0472543239593506,137.0395050048828,0.475,1.0,0.0,1.0,0.0,0.0,0.027249827980995178,0.23553261160850525,0.0,0.23629461228847504,0.24251335859298706,0.2463729977607727,-1.5360143184661865,-1.524267554283142,-1.5169875621795654,0.0,1.0
71680,70,8,153.31865346531993,129.0,-0.0034849931893404574,61.677969741821286,-0.314047259837389,0.003973061090800911,0.0179931640625,0.4715214781463146,77.60584688186646,4.979595184326172,11.56032943725586,71.145263671875,42.12086868286133,66.16566467285156,36.947044372558594,0.9246738467401552,0.7864763140678406,135.67684936523438,0.375,1.0,0.0,1.0,0.0,0.0,0.03515962138772011,0.2304806113243103,0.0,0.2339085340499878,0.24297340214252472,0.2475200742483139,-1.540532112121582,-1.5234376192092896,-1.514827847480774,0.0,1.0
72704,71,7,144.0873721934366,133.28571428571428,-0.005998271552380174,76.4403923034668,-0.3136992283165455,0.0025361054940731265,0.0439697265625,0.5347413048148155,172.7056049346924,1.1588629484176636,16.224782943725586,64.3048095703125,46.822547912597656,63.14595413208008,41.18928909301758,0.8799263585030007,0.8873811960220337,425.0803527832031,0.575,1.0,0.0,1.0,0.0,0.0,0.028447948396205902,0.23514404892921448,0.0,0.2334955930709839,0.24292002618312836,0.2480114847421646,-1.5413146018981934,-1.523513674736023,-1.5139029026031494,0.0,1.0
73728,72,6,168.13315190635052,146.5,-0.005272682744543999,40.40210566520691,-0.3158254027366638,0.00286442362703383,0.0391845703125,0.5577740270644427,82.25159673690796,6.229849815368652,9.439353942871094,63.89997482299805,40.479286193847656,57.670127868652344,39.37424087524414,0.9456225527884983,1.14714777469635,242.195068359375,0.575,1.0,0.0,1.0,0.0,0.0,0.02994241751730442,0.2370276302099228,0.0,0.23192118108272552,0.24186186492443085,0.24749533832073212,-1.5442988872528076,-1.5255192518234253,-1.5148744583129883,0.0,1.0
74752,73,8,158.76244222644434,142.25,-0.005233982502250001,67.71983327865601,-0.3237703010439873,0.006186234328197315,0.0541015625,0.4961863238364458,83.64202899932862,0.5654364824295044,13.57411003112793,66.30897521972656,48.311153411865234,65.74354553222656,39.344757080078125,0.9210544041744064,1.024582028388977,176.4518585205078,0.475,1.0,0.0,1.0,0.0,0.0,0.03707176074385643,0.23468291759490967,0.0,0.23049503564834595,0.2404838353395462,0.24575652182102203,-1.547003984451294,-1.5281065702438354,-1.5181487798690796,0.0,1.0
75776,74,6,161.7331040906543,151.0,-0.003950885310769081,60.84375047683716,-0.33179671615362166,0.002448864179314114,0.0238037109375,0.5323412090539932,74.73320436477661,6.055368423461914,11.41528034210205,69.34361267089844,46.826969146728516,63.288246154785156,41.9437141418457,0.9405733768218419,0.9770022034645081,145.7058868408203,0.55,1.0,0.0,1.0,0.0,0.0,0.032188136130571365,0.22976619005203247,0.0,0.22842364013195038,0.23866672813892365,0.24392354488372803,-1.550935983657837,-1.5315524339675903,-1.5216034650802612,0.0,1.0
76800,75,6,166.33459428805213,156.83333333333334,-0.004157828947063536,68.20635437965393,-0.3387518435716629,0.003452433826168999,0.0501220703125,0.5466024920344352,132.25182485580444,1.907020092010498,15.66588020324707,61.5823974609375,47.79730224609375,59.675376892089844,42.21321487426758,0.8925756122373758,1.2533167600631714,268.26312255859375,0.55,1.0,0.0,1.0,0.0,0.0,0.034774795174598694,0.2327132374048233,0.0,0.22701355814933777,0.23868246376514435,0.245491161942482,-1.553614854812622,-1.5315431356430054,-1.5186487436294556,0.0,1.0
77824,76,8,191.3889261398723,157.75,-0.0036743486183695496,79.62813549041748,-0.34168569892644884,0.003635644649330061,0.0307861328125,0.5292992293834686,116.72119941711426,8.46008014678955,12.138261795043945,71.82347106933594,48.29270935058594,63.36338806152344,45.783416748046875,0.9368243286139437,0.9277280569076538,241.08787536621094,0.45,1.0,0.0,1.0,0.0,0.0,0.02712537907063961,0.2368708848953247,0.0,0.2246531993150711,0.23675651848316193,0.24587808549404144,-1.5581027269363403,-1.535176396369934,-1.5179197788238525,0.0,1.0
78848,77,6,173.55727724196058,156.83333333333334,-0.005643185373628512,144.6279384613037,-0.350193702429533,0.0062163364855223335,0.0596923828125,0.5146165445446969,134.71339988708496,7.032918453216553,17.73847198486328,82.2679214477539,50.530906677246094,75.23500061035156,40.13511657714844,0.8767694938406934,0.9309095144271851,270.1053161621094,0.425,1.0,0.0,1.0,0.0,0.0,0.02649286948144436,0.22698214650154114,0.0,0.22504451870918274,0.23671217262744904,0.24648700654506683,-1.5573583841323853,-1.5352648496627808,-1.5167728662490845,0.0,1.0
79872,78,8,195.81558122214796,153.875,-0.0035926911514252424,42.47256097793579,-0.3519309416413307,0.00265633488597814,0.021337890625,0.49034963361918926,77.56551690101624,4.658053874969482,11.04178524017334,69.60591125488281,41.49470520019531,64.9478530883789,38.77741241455078,0.9291902224595446,0.8200934529304504,174.19017028808594,0.4,1.0,0.0,1.0,0.0,0.0,0.031192580237984657,0.22907686233520508,0.0,0.22308240830898285,0.23516006767749786,0.24596326053142548,-1.5610920190811157,-1.53821861743927,-1.5177593231201172,0.0,1.0
80896,79,5,152.69574800586327,155.0,-0.005373032041825354,55.328565454483034,-0.363678440451622,0.002742001281876583,0.0572265625,0.6930085197091103,94.16381912231445,3.144439220428467,13.020041465759277,64.17558288574219,49.73444747924805,61.03114318847656,42.78904342651367,0.9314653561176238,1.196764588356018,206.61904907226562,0.775,1.0,0.0,1.0,0.0,0.0,0.02441132254898548,0.2292468100786209,0.0,0.21958935260772705,0.23307466506958008,0.24471807479858398,-1.5677467584609985,-1.5421448945999146,-1.5201056003570557,0.0,1.0
81920,80,7,162.90584777412295,169.85714285714286,-0.0038317091995850204,47.136605215072635,-0.37196181565523145,0.004284535213082563,0.0275634765625,0.4885277286171913,120.48277263641357,-0.9487361907958984,12.940218925476074,60.686466217041016,51.53529739379883,61.63520050048828,47.5923957824707,0.9369516522765613,0.7545620799064636,398.47235107421875,0.45,1.0,0.0,1.0,0.0,0.0,0.020492613315582275,0.23137220740318298,0.0,0.21776220202445984,0.23249734938144684,0.24511879682540894,-1.571231722831726,-1.543277621269226,-1.5193504095077515,0.0,1.0
82944,81,6,164.15880538109585,146.66666666666666,-0.004390491219237447,93.74078369140625,-0.3719299040734768,0.005124078251537867,0.03857421875,0.5000975780189038,113.95842704772949,6.173553466796875,14.355249404907227,75.85794067382812,54.32453155517578,69.68438720703125,48.412498474121094,0.9301720118638722,0.908169150352478,236.243408203125,0.5,1.0,0.0,1.0,0.0,0.0,0.028925186023116112,0.2276325523853302,0.0,0.21769466996192932,0.23299336433410645,0.24618850648403168,-1.5713605880737305,-1.542310118675232,-1.517335057258606,0.0,1.0
83968,82,6,146.26129202290534,158.83333333333334,-0.004186667874455452,88.54926118850707,-0.3689194589853287,0.007221893477253616,0.0460693359375,0.549722696095705,114.32495517730713,4.000616073608398,15.300365447998047,68.06256103515625,57.21189880371094,64.06195068359375,49.209632873535156,0.9284794420211744,0.9450802206993103,252.64833068847656,0.65,1.0,0.0,1.0,0.0,0.0,0.015875568613409996,0.22937171161174774,0.0,0.22044606506824493,0.23339255154132843,0.24713268876075745,-1.5661137104034424,-1.541577696800232,-1.515557050704956,0.0,1.0
84992,83,4,206.2467005277063,189.25,-0.004680942499544471,66.16697602272033,-0.3694512337446213,0.004612083938263822,0.05830078125,0.5542105942964554,330.27918367385865,6.206888675689697,16.55561637878418,49.386131286621094,48.189308166503906,43.17924118041992,45.54261016845703,0.8819708318602812,1.2037461996078491,969.4491577148438,0.45,1.0,0.0,1.0,0.0,0.0,0.013744273222982883,0.22959527373313904,0.0,0.2203288972377777,0.2325255423784256,0.245940163731575,-1.566336989402771,-1.543197512626648,-1.5178028345108032,0.0,1.0
86016,84,6,234.14732218240638,205.33333333333334,-0.0039799350954126565,121.68937110900879,-0.3748997196555138,0.004506126762134954,0.0501708984375,0.5566634729504585,108.20626316070556,6.824235916137695,15.538997650146484,85.25035095214844,52.5202751159668,78.42611694335938,43.85707092285156,0.9124629375157625,1.050383448600769,164.3525848388672,0.575,1.0,0.0,1.0,0.0,0.0,0.01924520917236805,0.22303852438926697,0.0,0.2196951061487198,0.231852188706398,0.24341805279254913,-1.5675451755523682,-1.5444716215133667,-1.5225567817687988,0.0,1.0
87040,85,6,205.91672074249854,193.33333333333334,-0.004010679025668651,92.91834716796875,-0.37890829145908356,0.0030986179917817935,0.030810546875,0.5057030227035284,125.14636316299439,3.3953046798706055,15.943893432617188,68.0831069946289,60.03584289550781,64.68779754638672,51.592315673828125,0.9294710218990646,0.9278058409690857,281.1773376464844,0.525,1.0,0.0,1.0,0.0,0.0,0.01789216138422489,0.22613126039505005,0.0,0.218983456492424,0.23096393048763275,0.2427675575017929,-1.5689020156860352,-1.5461381673812866,-1.523783802986145,0.0,1.0
88064,86,3,159.86679470294834,173.66666666666666,-0.005345757061149925,76.56481046676636,-0.383839350938797,0.004796358796011191,0.0554931640625,0.5768322978168726,142.7833480834961,4.051894187927246,14.621940612792969,65.78544616699219,52.244964599609375,61.733543395996094,49.02865982055664,0.9216712641312728,1.129472255706787,375.65533447265625,0.65,1.0,0.0,1.0,0.0,0.0,0.02251073159277439,0.2210225611925125,0.0,0.22127839922904968,0.23017258942127228,0.2425176054239273,-1.5645276308059692,-1.5476328134536743,-1.524255394935608,0.0,1.0
89088,87,7,219.33270738954238,205.85714285714286,-0.003973280295031145,95.70282497406006,-0.38868824318051337,0.005188703096064273,0.0408447265625,0.5893003292381763,107.2795015335083,7.798777103424072,14.04263687133789,80.86019897460938,61.0120964050293,73.06141662597656,53.08698654174805,0.9470256702782504,1.0293364524841309,217.9307861328125,0.65,1.0,0.0,1.0,0.0,0.0,0.024420680478215218,0.22329117357730865,0.0,0.22160311043262482,0.22930581867694855,0.24276964366436005,-1.5639090538024902,-1.54930579662323,-1.5237798690795898,0.0,1.0
90112,88,6,184.22400755943488,189.16666666666666,-0.004514081683009863,123.29243927001953,-0.3930699095129967,0.0029485414546797984,0.039208984375,0.5420879848301411,204.53552055358887,3.331244468688965,19.353919982910156,64.008544921875,59.6495246887207,60.67729949951172,50.37343978881836,0.8947253180310124,0.9207256436347961,389.2702331542969,0.6,1.0,0.0,1.0,0.0,0.0,0.01345682144165039,0.22212687134742737,0.0,0.2205396443605423,0.22843575477600098,0.24170829355716705,-1.5659353733062744,-1.5509400367736816,-1.5257827043533325,0.0,1.0
91136,89,4,218.82778300239113,200.5,-0.0031429526978172364,171.15795679092406,-0.3979419395327568,0.0019405141487368383,0.0278076171875,0.5029586162418127,409.1393934249878,-4.7681169509887695,26.23356819152832,74.54278564453125,55.348960876464844,79.31090545654297,46.7685661315918,0.7753554960305699,1.0700061321258545,875.2538452148438,0.525,1.0,0.0,1.0,0.0,0.0,0.016214201226830482,0.22032901644706726,0.0,0.219756081700325,0.22796835005283356,0.24079763889312744,-1.5674288272857666,-1.5518380403518677,-1.5275019407272339,0.0,1.0
92160,90,7,182.693292896558,185.0,-0.003765873011434451,107.86746578216552,-0.3992933683097363,0.0030012608069228007,0.040576171875,0.5565507046878337,211.3086206436157,-0.14867162704467773,19.634672164916992,61.622291564941406,59.68772888183594,61.770965576171875,55.550071716308594,0.8917875529292477,1.2080066204071045,454.8499450683594,0.575,1.0,0.0,1.0,0.0,0.0,0.01224452257156372,0.22266145050525665,0.0,0.2188248485326767,0.2274859994649887,0.24042874574661255,-1.569204568862915,-1.5527435541152954,-1.5281987190246582,0.0,1.0
93184,91,4,183.35315733251397,186.5,-0.0040069463895633815,107.60366554260254,-0.40340553820133207,0.0008708931432920508,0.030029296875,0.5130137987434864,132.9978937149048,5.65428352355957,16.432598114013672,74.61256408691406,61.15288543701172,68.95828247070312,55.4343376159668,0.9277931257197033,0.9779309034347534,270.1645812988281,0.45,1.0,0.0,1.0,0.0,0.0,0.012660346925258636,0.21888241171836853,0.0,0.2177431881427765,0.22656427323818207,0.24071940779685974,-1.5712679624557495,-1.5544999837875366,-1.5276496410369873,0.0,1.0
94208,92,4,181.11250634251553,187.0,-0.004164967220276594,80.82031869888306,-0.4084364965558052,0.005489983959705569,0.04423828125,0.535944064334035,246.38161001205444,5.95603084564209,16.29973602294922,56.91848373413086,59.76630401611328,50.96245574951172,58.570594787597656,0.9256213495759309,1.0680943727493286,837.9707641601562,0.6,1.0,0.0,1.0,0.0,0.0,0.010992858558893204,0.21915391087532043,0.0,0.21705029904842377,0.22607244551181793,0.23952360451221466,-1.5725903511047363,-1.5554555654525757,-1.529908537864685,0.0,1.0
95232,93,7,216.5057287126236,215.85714285714286,-0.004375718999654055,196.64233264923095,-0.4126832939684391,0.0027616899562417528,0.0350341796875,0.5180589810013772,269.191565322876,1.745625376701355,25.509037017822266,79.59293365478516,63.71089553833008,77.84730529785156,55.63368225097656,0.8396899676622646,0.7728676795959473,699.3718872070312,0.575,1.0,0.0,1.0,0.0,0.0,0.02184394560754299,0.21628011763095856,0.0,0.21597100794315338,0.2247706800699234,0.23527173697948456,-1.574650764465332,-1.5579147338867188,-1.5379505157470703,0.0,1.0
96256,94,3,150.44653270348059,176.33333333333334,-0.003253142023459077,119.51135053634644,-0.41902422085404395,0.0031143788393819703,0.0286376953125,0.5010917197912932,283.5735273361206,6.538343906402588,20.49853515625,74.90249633789062,56.58186340332031,68.3641586303711,48.529972076416016,0.868752450989618,0.9881910085678101,868.4264526367188,0.5,1.0,0.0,1.0,0.0,0.0,0.011986288242042065,0.21370753645896912,0.0,0.21597307920455933,0.22412072122097015,0.2343110591173172,-1.5746468305587769,-1.5591464042663574,-1.5397696495056152,0.0,1.0
97280,95,3,262.1644094366955,265.6666666666667,-0.004595869965851307,130.3071491241455,-0.4221141614019871,0.0027333167992765082,0.0389892578125,0.5295946672558784,287.80184116363523,6.383474349975586,20.360130310058594,75.15922546386719,60.99968719482422,68.77574920654297,56.75954055786133,0.8885946995175688,0.9050429463386536,755.8310546875,0.525,1.0,0.0,1.0,0.0,0.0,0.009923696517944336,0.21469230949878693,0.0,0.21640193462371826,0.22363285720348358,0.23327596485614777,-1.5738279819488525,-1.5600634813308716,-1.5417307615280151,0.0,1.0
98304,96,6,257.40523381325954,259.8333333333333,-0.0032305276487022637,89.76283407211304,-0.4267698146402836,0.003369423140247818,0.0244140625,0.45981751531362536,320.8820156097412,-0.5636070966720581,20.411130905151367,58.9346923828125,60.16166305541992,59.49829864501953,59.88002014160156,0.8848949201183894,0.9183065295219421,777.2227783203125,0.3,1.0,0.0,1.0,0.0,0.0,0.015901299193501472,0.2224952131509781,0.0,0.21633675694465637,0.22224359214305878,0.23139362037181854,-1.5739524364471436,-1.5627175569534302,-1.5452992916107178,0.0,1.0
99328,97,5,169.06321631938692,198.8,-0.004305768141057343,121.18848037719727,-0.4361812360584736,0.003823358488443773,0.04541015625,0.6637080281972885,173.2257390975952,2.793123245239258,17.86855125427246,68.64896392822266,69.773193359375,65.85584259033203,59.398441314697266,0.9344154639386338,1.2425423860549927,424.4251708984375,0.75,1.0,0.0,1.0,0.0,0.0,0.01982593908905983,0.2161809653043747,0.0,0.2145012617111206,0.2205110639333725,0.2278161197900772,-1.577458143234253,-1.5660134553909302,-1.5520899295806885,0.0,1.0
100352,98,3,173.22903752323722,192.66666666666666,-0.0064518472296185795,85.58659892082214,-0.4439248017966747,0.008046952368749772,0.0611083984375,0.5640332724899053,424.4959182739258,1.6518025398254395,21.183937072753906,43.31136703491211,55.112213134765625,41.65956497192383,62.053829193115234,0.8522533419744915,1.065543293952942,1296.583251953125,0.575,1.0,0.0,1.0,0.0,0.0,0.014244061894714832,0.2144102305173874,0.0,0.21339264512062073,0.21970196068286896,0.22699789702892303,-1.5795769691467285,-1.5675467252731323,-1.5536446571350098,0.0,1.0
101376,99,7,252.90386388014517,251.14285714285714,-0.004865355370566249,229.69081344604493,-0.4453810162842274,0.0023195624424261043,0.0257080078125,0.6034911200404167,566.5001831054688,17.97920036315918,24.11983299255371,67.41243743896484,81.73320007324219,49.4332389831543,86.9953842163086,0.9129133488174129,1.04047429561615,1846.3392333984375,0.6,1.0,0.0,1.0,0.0,0.0,0.012821379117667675,0.21690867841243744,0.0,0.21207383275032043,0.21994179487228394,0.22696034610271454,-1.5820987224578857,-1.5670942068099976,-1.5537159442901611,0.0,1.0
102400,100,3,202.78753202427467,202.33333333333334,-0.0030022624996490777,79.72284746170044,-0.44396725222468375,0.0042114872863749046,0.0245361328125,0.5010643124580383,463.7868713378906,-3.436716318130493,20.970232009887695,72.40464782714844,51.48386764526367,75.84136962890625,46.857425689697266,0.8340932291023562,0.824314534664154,1552.3988037109375,0.45,1.0,0.0,1.0,0.0,0.0,0.016647987067699432,0.2142486870288849,0.0,0.21274670958518982,0.22013336420059204,0.22799521684646606,-1.580811858177185,-1.5667290687561035,-1.5517497062683105,0.0,1.0
103424,101,3,191.70761848314598,226.33333333333334,-0.005145699274726212,86.61453647613526,-0.44280987456440923,0.0039743233821354805,0.0320068359375,0.5005508176982403,309.9840656280518,10.48337173461914,16.216121673583984,63.1866455078125,56.4777717590332,52.70327377319336,56.44186782836914,0.9175598251288195,1.1484322547912598,899.7146606445312,0.45,1.0,0.0,1.0,0.0,0.0,0.003565613180398941,0.21902471780776978,0.0,0.21257607638835907,0.22020725905895233,0.2293253093957901,-1.5811381340026855,-1.566609501838684,-1.5492238998413086,0.0,1.0
104448,102,7,228.27222797465222,248.85714285714286,-0.003958188160322606,86.83415145874024,-0.4395730696618557,0.004979826589988079,0.030615234375,0.5221060805022717,159.18305320739745,5.043455123901367,15.451703071594238,74.34347534179688,68.1124267578125,69.3000259399414,58.22626495361328,0.9485364213019638,1.034234881401062,454.6120300292969,0.5,1.0,0.0,1.0,0.0,0.0,0.006859229877591133,0.21153315901756287,0.0,0.21527500450611115,0.22178590297698975,0.23130889236927032,-1.5759799480438232,-1.5635706186294556,-1.5454599857330322,0.0,1.0
105472,103,3,213.3467565708212,215.66666666666666,-0.004819879890419543,85.09892344474792,-0.43005663752555845,0.004940638564585242,0.038720703125,0.5459863591939211,234.498459815979,-2.0482029914855957,18.09449005126953,57.6917724609375,57.02263259887695,59.73997116088867,55.96269226074219,0.8993072578206067,0.8545399904251099,646.0819091796875,0.625,1.0,0.0,1.0,0.0,0.0,0.013445165939629078,0.21711696684360504,0.0,0.2151309698820114,0.22295741736888885,0.23353779315948486,-1.5762550830841064,-1.5613619089126587,-1.5412346124649048,0.0,1.0
106496,104,4,175.92894626003354,204.0,-0.003394321905216202,123.82774562835694,-0.42620076090097425,0.0032458550864248536,0.0194091796875,0.5085908770561218,198.2501361846924,11.038373947143555,15.699016571044922,90.28822326660156,66.50941467285156,79.24984741210938,64.12976837158203,0.9442841651003193,0.9740549325942993,444.2087707519531,0.425,1.0,0.0,1.0,0.0,0.0,0.01846977509558201,0.22016794979572296,0.0,0.21416351199150085,0.22297419607639313,0.23416265845298767,-1.5781035423278809,-1.5613493919372559,-1.540050745010376,0.0,1.0
107520,105,5,229.66326224779613,226.2,-0.004515255929436535,99.51214141845703,-0.42834584042429924,0.004474702150037047,0.0456298828125,0.5550785176455975,224.9205533981323,2.8953936100006104,18.6131534576416,58.77589797973633,58.32788848876953,55.88050079345703,55.04091262817383,0.898167269865908,1.0579729080200195,465.0443420410156,0.575,1.0,0.0,1.0,0.0,0.0,0.004683088045567274,0.21919956803321838,0.0,0.21408303081989288,0.22257526218891144,0.2334793210029602,-1.5782573223114014,-1.5620793104171753,-1.5413453578948975,0.0,1.0
108544,106,5,239.67545418873615,262.6,-0.0024886498344130815,165.65808029174804,-0.4311665497720242,0.0024936840665759517,0.0264892578125,0.5753077879548073,356.38081378936766,1.2041401863098145,22.84544563293457,89.14466857910156,67.9274673461914,87.94052124023438,56.35122299194336,0.8868880511984547,1.249638557434082,964.2604370117188,0.6,1.0,0.0,1.0,0.0,0.0,0.010003357194364071,0.21893316507339478,0.0,0.21176131069660187,0.22187256813049316,0.23360370099544525,-1.5826964378356934,-1.563416838645935,-1.5411096811294556,0.0,1.0
109568,107,3,215.04871217946297,223.0,-0.004152405564673245,126.24780597686768,-0.4330935373902321,0.005836216936586425,0.0398193359375,0.4838151041418314,183.1620288848877,5.128224849700928,17.649816513061523,75.23019409179688,72.1951904296875,70.10197448730469,61.86656951904297,0.940232658302189,0.8885902166366577,517.361572265625,0.4,1.0,0.0,1.0,0.0,0.0,0.014763220213353634,0.21284475922584534,0.0,0.21238943934440613,0.222162127494812,0.23432302474975586,-1.5814950466156006,-1.5628910064697266,-1.5397469997406006,0.0,1.0
110592,108,6,209.9425411968705,219.83333333333334,-0.0032610524154733866,195.56606407165526,-0.431193595379591,0.003903897166310344,0.0202392578125,0.4990315563976765,462.0491291046143,1.66510009765625,26.920543670654297,65.45405578613281,73.30621337890625,63.788963317871094,74.20873260498047,0.8651390856198589,0.7609108686447144,1355.0697021484375,0.5,1.0,0.0,1.0,0.0,0.0,0.006951048970222473,0.21895040571689606,0.0,0.21176894009113312,0.2223002314567566,0.23498061299324036,-1.5826818943023682,-1.562638759613037,-1.5385017395019531,0.0,1.0
111616,109,3,154.7256449017546,174.33333333333334,-0.003391738049685955,112.19403800964355,-0.43460049480199814,0.0021811249273014253,0.0166259765625,0.5389774352312088,424.53433380126955,-4.224823951721191,21.44886016845703,40.55479431152344,50.955318450927734,44.77961730957031,55.751930236816406,0.8228140052013677,0.8425484299659729,1283.2952880859375,0.55,1.0,0.0,1.0,0.0,0.0,0.008939187973737717,0.2208395004272461,0.0,0.2085115909576416,0.22079171240329742,0.232158362865448,-1.5889172554016113,-1.565477967262268,-1.5438491106033325,0.0,1.0
112640,110,6,219.13571858396782,230.33333333333334,-0.0030460892361588777,83.30937223434448,-0.4398929178714752,0.003586686599010136,0.0307373046875,0.479442460462451,380.806455039978,0.01721811294555664,18.88346290588379,66.74685668945312,66.33299255371094,66.7296371459961,67.15653228759766,0.9189591314732988,1.1603620052337646,1437.45703125,0.4,1.0,0.0,1.0,0.0,0.0,0.01487020868808031,0.2217671126127243,0.0,0.20698457956314087,0.2210051566362381,0.23294086754322052,-1.5918431282043457,-1.5650978088378906,-1.5423657894134521,0.0,1.0
113664,111,6,170.4588389921305,188.66666666666666,-0.003764731390401721,135.55487155914307,-0.43922844901680946,0.0036265634218580088,0.0359619140625,0.5823192432522774,286.84844455718996,8.943767547607422,18.10076332092285,66.73941040039062,82.59172821044922,57.79564666748047,77.88335418701172,0.9519691021630148,1.1344714164733887,1029.9476318359375,0.6,1.0,0.0,1.0,0.0,0.0,0.020080063492059708,0.2236735224723816,0.0,0.20803703367710114,0.22054652869701385,0.23126527667045593,-1.5898263454437256,-1.5659452676773071,-1.5455427169799805,0.0,1.0
114688,112,4,214.72489938386263,212.75,-0.005581612244714052,169.94962334632874,-0.4420012265443802,0.004566926824918482,0.048974609375,0.5249875441193581,747.2208560943603,2.3390164375305176,27.693382263183594,49.16224670410156,63.262359619140625,46.82323455810547,74.77452087402344,0.8083710096936478,0.9650421738624573,1556.8009033203125,0.5,1.0,0.0,1.0,0.0,0.0,0.0070754303596913815,0.2151455134153366,0.0,0.2081402838230133,0.22030247747898102,0.2316112369298935,-1.5896284580230713,-1.566408634185791,-1.544886589050293,0.0,1.0
115712,113,5,245.7101214080265,237.4,-0.006497360678622499,78.99969568252564,-0.44282485991716386,0.006891020266630221,0.061572265625,0.5721354983747006,205.76685972213744,8.533109664916992,13.659032821655273,75.06986999511719,66.18905639648438,66.53675079345703,61.951560974121094,0.9574139354716256,1.0452334880828857,569.7837524414062,0.65,1.0,0.0,1.0,0.0,0.0,0.013160954229533672,0.2183075249195099,0.0,0.20619553327560425,0.2202221006155014,0.23268760740756989,-1.593355655670166,-1.5665721893310547,-1.5428458452224731,0.0,1.0
116736,114,5,190.70016081361797,201.0,-0.005289568763691932,116.75538215637206,-0.4477998726069927,0.0042022850291687066,0.03564453125,0.5300614781677723,521.5204200744629,-1.2252326011657715,23.18838119506836,40.992923736572266,58.35295486450195,42.21815490722656,59.29136657714844,0.8420879398442561,1.182915210723877,1920.8472900390625,0.525,1.0,0.0,1.0,0.0,0.0,0.005044080782681704,0.2218850702047348,0.0,0.20323874056339264,0.21834902465343475,0.2314198911190033,-1.59902822971344,-1.5701560974121094,-1.5452494621276855,0.0,1.0
117760,115,4,211.98990453071548,225.75,-0.0038010506716091184,98.17024745941163,-0.4564555712044239,0.002354724671749864,0.031591796875,0.5984497036784887,150.00762300491334,2.979066848754883,16.47023582458496,78.46237182617188,67.7598648071289,75.4832992553711,59.869728088378906,0.9409180777138679,1.0682897567749023,443.50482177734375,0.6,1.0,0.0,1.0,0.0,0.0,0.0166200902312994,0.21803495287895203,0.0,0.20251011848449707,0.21744978427886963,0.2301955372095108,-1.6004271507263184,-1.571867823600769,-1.5475722551345825,0.0,1.0
118784,116,5,145.42926542804489,176.8,-0.00578438836382702,111.49762382507325,-0.46220007389783857,0.0053054671298014,0.0369873046875,0.5326840810477733,379.64614753723146,5.693509101867676,20.819547653198242,70.55208587646484,64.31121063232422,64.85858154296875,65.36447143554688,0.8951980841465614,0.8801876902580261,860.6172485351562,0.6,1.0,0.0,1.0,0.0,0.0,0.011585045605897903,0.21564728021621704,0.0,0.20402853190898895,0.2164401412010193,0.2272527664899826,-1.5975123643875122,-1.5738061666488647,-1.553160309791565,0.0,1.0
119808,117,6,270.2300321059448,261.5,-0.004249237803742289,60.36925463676452,-0.46623595133423806,0.0038620106293819844,0.0464599609375,0.5520451843738556,272.1143812179565,2.0336248874664307,16.008567810058594,52.28624725341797,66.30113983154297,50.25262451171875,64.23362731933594,0.9417007468624499,0.9633938074111938,827.7867431640625,0.575,1.0,0.0,1.0,0.0,0.0,0.014467212371528149,0.2174045592546463,0.0,0.20328369736671448,0.21578897535800934,0.22848628461360931,-1.5989419221878052,-1.5750566720962524,-1.5508170127868652,0.0,1.0
120832,118,4,150.82436166312957,177.5,-0.003673694399185479,124.9812089920044,-0.46872601509094236,0.004313951652147807,0.0307373046875,0.5596544556319714,272.04293460845946,3.3471827507019043,20.48956298828125,76.16297912597656,71.57208251953125,72.8157958984375,62.419857025146484,0.9180444925862172,0.93759685754776,852.4532470703125,0.625,1.0,0.0,1.0,0.0,0.0,0.01820419169962406,0.2178453654050827,0.0,0.20124909281730652,0.21581292152404785,0.2293945997953415,-1.6028491258621216,-1.5750230550765991,-1.549092411994934,0.0,1.0
121856,119,4,184.66764322760375,204.25,-0.005274438811466098,38.18598642349243,-0.4688640169799328,0.0024588984917500055,0.0457275390625,0.6228316828608513,241.45329627990722,4.8835859298706055,13.293249130249023,63.36943054199219,59.6430549621582,58.48583984375,59.19252014160156,0.9503244686795072,1.0192837715148926,667.0267333984375,0.725,1.0,0.0,1.0,0.0,0.0,0.02476082183420658,0.21203047037124634,0.0,0.20162491500377655,0.2154942899942398,0.22848938405513763,-1.6021270751953125,-1.5756176710128784,-1.5508111715316772,0.0,1.0
122880,120,5,245.5735656438357,244.0,-0.003584990737726912,46.01000554561615,-0.4721421845257282,0.0027165313251316546,0.0278564453125,0.5521860733628273,291.05592346191406,1.9762181043624878,15.241260528564453,37.46223831176758,53.0323371887207,35.48602294921875,57.856109619140625,0.9174037728231902,1.092938780784607,971.4872436523438,0.65,1.0,0.0,1.0,0.0,0.0,0.0185971911996603,0.2143489122390747,0.0,0.20056886970996857,0.21451973915100098,0.228365957736969,-1.6041560173034668,-1.577466368675232,-1.551045536994934,0.0,1.0
123904,121,6,177.28898590603842,197.5,-0.003041775932069868,71.68963871002197,-0.4786214828491211,0.003211649258446414,0.0197265625,0.5170125644654036,212.80887613296508,4.804750442504883,14.519716262817383,78.52067565917969,71.6396484375,73.71592712402344,67.28443908691406,0.9589219892373815,0.921139121055603,708.2774047851562,0.475,1.0,0.0,1.0,0.0,0.0,0.018175678327679634,0.2115630954504013,0.0,0.19904707372188568,0.21340881288051605,0.22657400369644165,-1.6070812940597534,-1.579591155052185,-1.554450273513794,0.0,1.0
124928,122,5,166.58339875755368,190.2,-0.004335773811908439,33.796717846393584,-0.4834400236606598,0.005709476135962177,0.0397705078125,0.5567879714071751,184.9203104019165,-0.8726667761802673,13.009369850158691,60.0146369934082,57.73149490356445,60.88731002807617,53.964351654052734,0.9492206712854617,0.9066547155380249,472.0535888671875,0.625,1.0,0.0,1.0,0.0,0.0,0.013967691920697689,0.21984519064426422,0.0,0.19865195453166962,0.21297837793827057,0.2244655042886734,-1.60784113407135,-1.5804017782211304,-1.5584598779678345,0.0,1.0
125952,123,5,228.14933927517473,235.8,-0.004683076305082068,54.202587032318114,-0.48494402319192886,0.006698911590501666,0.05146484375,0.556127593666315,84.16345109939576,4.4398908615112305,10.876176834106445,85.85222625732422,70.78842163085938,81.41233825683594,66.37842559814453,0.9763936943838497,0.9576173424720764,195.28895568847656,0.6,1.0,0.0,1.0,0.0,0.0,0.017856668680906296,0.2110453099012375,0.0,0.19711346924304962,0.21280287206172943,0.2237415313720703,-1.6108006238937378,-1.5807700157165527,-1.5598374605178833,0.0,1.0
126976,124,5,173.05148517417553,196.6,-0.003501052281353623,62.184356689453125,-0.4892867229878902,0.0037817430886207147,0.0229248046875,0.5268496915698051,339.15131587982177,-5.4112677574157715,16.65918731689453,69.30038452148438,60.675174713134766,74.71165466308594,51.52338790893555,0.9246149013460196,0.8418462872505188,1091.804931640625,0.55,1.0,0.0,1.0,0.0,0.0,0.0032862506341189146,0.2120652198791504,0.0,0.1940298080444336,0.21134287118911743,0.22381997108459473,-1.616737961769104,-1.5835679769515991,-1.5596880912780762,0.0,1.0
128000,125,3,186.11381358899993,205.66666666666666,-0.0030652228917460887,66.89702415466309,-0.49428403079509736,0.00385299942427082,0.030615234375,0.5204721350222826,236.06509323120116,2.9244000911712646,15.513884544372559,85.26910400390625,66.3830337524414,82.34471130371094,66.27821350097656,0.9453831219502915,1.2813701629638672,879.5874633789062,0.475,1.0,0.0,1.0,0.0,0.0,0.011710847727954388,0.21310952305793762,0.0,0.194390207529068,0.21143180131912231,0.22485201060771942,-1.6160436868667603,-1.5833817720413208,-1.5577245950698853,0.0,1.0
129024,126,4,181.01747333967137,210.0,-0.004265784710878506,65.34883484840392,-0.49163432866334916,0.003920690943778027,0.0367431640625,0.5467354871332646,329.13843870162964,7.211808204650879,16.074901580810547,29.26199722290039,55.63311004638672,22.050188064575195,60.027626037597656,0.9165108718021964,0.9182363152503967,1126.7188720703125,0.575,1.0,0.0,1.0,0.0,0.0,0.011240656487643719,0.22066493332386017,0.0,0.19632412493228912,0.21185672283172607,0.22554701566696167,-1.612319827079773,-1.5825767517089844,-1.5564026832580566,0.0,1.0
130048,127,6,304.3917852980023,290.5,-0.005635419144527987,88.77990989685058,-0.49231145083904265,0.004198992694728077,0.052490234375,0.5846262678503991,269.97099647521975,9.985027313232422,15.393919944763184,82.26760864257812,78.85518646240234,72.2825927734375,79.59716033935547,0.9618900918835167,0.8959959745407104,952.4773559570312,0.625,1.0,0.0,1.0,0.0,0.0,0.023431740701198578,0.22235193848609924,0.0,0.19659334421157837,0.21107454597949982,0.22499454021453857,-1.6118016242980957,-1.5840665102005005,-1.5574533939361572,0.0,1.0
131072,128,1,147.24014193161625,175.0,-0.006501397001557052,78.23349504470825,-0.4967080600559711,0.004973332563531585,0.0558349609375,0.5605532951653004,384.4822010040283,4.318371295928955,17.535259246826172,54.54411697387695,53.43419647216797,50.225746154785156,58.94438171386719,0.892307421772598,0.9561430215835571,1120.758056640625,0.6,1.0,0.0,1.0,0.0,0.0,0.01819520816206932,0.21514610946178436,0.0,0.19576825201511383,0.21074257791042328,0.22421513497829437,-1.6133898496627808,-1.5847152471542358,-1.5589361190795898,0.0,1.0
132096,129,8,255.72068605060252,255.625,-0.004270604683551937,34.92893886566162,-0.49841745346784594,0.004014125470712315,0.0423828125,0.6680177882313728,96.40254287719726,3.2891128063201904,10.353736877441406,50.75404357910156,68.91678619384766,47.464927673339844,68.47974395751953,0.9774293440279206,1.3746042251586914,232.8777618408203,0.775,1.0,0.0,1.0,0.0,0.0,0.010709892958402634,0.22583314776420593,0.0,0.19489972293376923,0.21025431156158447,0.22211484611034393,-1.6150623559951782,-1.5856443643569946,-1.562934398651123,0.0,1.0
133120,130,3,193.48682251810237,201.0,-0.008181005297228695,78.3955361366272,-0.502332292497158,0.006206934373767581,0.0696533203125,0.6521265044808388,246.96407566070556,2.7579355239868164,17.542177200317383,72.82281494140625,65.08911895751953,70.06488037109375,64.36699676513672,0.9273642994845094,1.4889529943466187,593.4581909179688,0.725,1.0,0.0,1.0,0.0,0.0,0.008053984493017197,0.21494993567466736,0.0,0.19369952380657196,0.2094467431306839,0.22115978598594666,-1.617374300956726,-1.5871809720993042,-1.564753532409668,0.0,1.0
134144,131,5,216.49746604261546,226.6,-0.0038020607200451194,43.93976144790649,-0.5067667707800865,0.004290969810972456,0.0343017578125,0.5088786859065294,114.12319049835205,2.780855655670166,12.16532039642334,77.8063735961914,66.11080169677734,75.0255126953125,60.45745849609375,0.966138803713235,0.9047479629516602,340.49755859375,0.5,1.0,0.0,1.0,0.0,0.0,0.010112238116562366,0.2196885347366333,0.0,0.1923670470714569,0.20869086682796478,0.22048866748809814,-1.6199424266815186,-1.588620662689209,-1.5660324096679688,0.0,1.0
135168,132,3,214.74758103910366,215.66666666666666,-0.0036351011018268763,115.52341651916504,-0.5099961310625076,0.0023463089062715882,0.0352783203125,0.5935134634375572,200.82325744628906,4.226216793060303,18.04359245300293,73.92218017578125,74.59647369384766,69.69595336914062,68.92739868164062,0.9414927859131325,0.9389667510986328,543.9750366210938,0.7,1.0,0.0,1.0,0.0,0.0,-0.00030497368425130844,0.21655014157295227,0.0,0.19222873449325562,0.20844559371471405,0.22234156727790833,-1.620208978652954,-1.5890988111495972,-1.5625026226043701,0.0,1.0
136192,133,3,192.02003077587483,210.0,-0.006202619418036193,44.957661151885986,-0.5122803583741188,0.002065456914715469,0.0450439453125,0.5841542676091194,186.72743673324584,2.8248846530914307,14.559089660644531,56.63551330566406,60.145225524902344,53.81062316894531,63.420597076416016,0.9414042465290229,1.0009772777557373,538.6588745117188,0.725,1.0,0.0,1.0,0.0,0.0,-0.007390492130070925,0.22096864879131317,0.0,0.1904708743095398,0.20762693881988525,0.2202804535627365,-1.6235990524291992,-1.5906742811203003,-1.5664292573928833,0.0,1.0
137216,134,7,255.08786431260495,243.71428571428572,-0.005222697864519432,27.82619228363037,-0.514929749071598,0.005365789498318918,0.0419921875,0.5027561407536268,75.85509576797486,1.0812652111053467,9.937403678894043,84.2177734375,66.18134307861328,83.13650512695312,65.45864868164062,0.9774537297815239,0.859349250793457,218.28297424316406,0.45,1.0,0.0,1.0,0.0,0.0,-0.004063128028064966,0.21803052723407745,0.0,0.19225256145000458,0.20784462988376617,0.2202039510011673,-1.620163083076477,-1.5902539491653442,-1.566575050354004,0.0,1.0
138240,135,7,169.36075447134635,193.71428571428572,-0.0037885533994995056,70.08657937049865,-0.5151599496603012,0.005399556647171266,0.035546875,0.5683320060372352,477.816934967041,-8.4222412109375,18.15281105041504,60.416107177734375,63.343021392822266,68.83834838867188,61.890262603759766,0.9178721764226985,1.2000418901443481,1252.8609619140625,0.525,1.0,0.0,1.0,0.0,0.0,0.0034408022183924913,0.2160608023405075,0.0,0.19356361031532288,0.20752005279064178,0.21868892014026642,-1.6176362037658691,-1.590850830078125,-1.569463849067688,0.0,1.0
139264,136,4,199.01299111973262,204.25,-0.00414285478182137,26.417974424362182,-0.5130775541067123,0.004094494534365367,0.02880859375,0.5482306391000747,140.9683424949646,2.8777401447296143,11.270437240600586,73.38817596435547,61.66869354248047,70.51043701171875,63.932369232177734,0.966599574439301,0.9814866781234741,434.705078125,0.525,1.0,0.0,1.0,0.0,0.0,0.010456954129040241,0.21683724224567413,0.0,0.1945399045944214,0.2084650993347168,0.21910059452056885,-1.615755319595337,-1.5890558958053589,-1.5686787366867065,0.0,1.0
140288,137,4,174.6922000071227,202.0,-0.005324526887852699,68.1959617137909,-0.5119913071393967,0.006458651601860765,0.0531494140625,0.5552226632833481,294.58258295059204,-3.4420859813690186,16.847972869873047,74.72054290771484,65.37944030761719,78.16262817382812,59.24256896972656,0.9335931474422474,0.9144365191459656,752.7245483398438,0.525,1.0,0.0,1.0,0.0,0.0,0.007500875741243362,0.20868942141532898,0.0,0.19394205510616302,0.20784659683704376,0.21646341681480408,-1.6169071197509766,-1.5902215242385864,-1.573710560798645,0.0,1.0
141312,138,5,159.6901445986175,184.8,-0.004567230248358101,23.04830403327942,-0.5129582673311234,0.003064259128586855,0.0362548828125,0.5329239077866077,197.96062150001526,-1.3016352653503418,10.935163497924805,73.69245910644531,65.44500732421875,74.99409484863281,61.90346145629883,0.9720811482834489,0.8262723088264465,798.227294921875,0.55,1.0,0.0,1.0,0.0,0.0,0.007363885175436735,0.21218761801719666,0.0,0.19321542978286743,0.20817220211029053,0.21606676280498505,-1.618307113647461,-1.589600920677185,-1.5744678974151611,0.0,1.0
142336,139,3,230.245762311107,250.66666666666666,-0.004523062682710588,54.3048376083374,-0.5101040929555893,0.003734877781243995,0.04111328125,0.5471183747053147,288.8753511428833,11.938823699951172,11.051722526550293,39.68680191040039,68.30052185058594,27.74797821044922,70.07994842529297,0.9738174523984033,0.8025563955307007,1105.033935546875,0.6,1.0,0.0,1.0,0.0,0.0,0.003392890328541398,0.22252917289733887,0.0,0.19246913492679596,0.208821102976799,0.2178100347518921,-1.6197456121444702,-1.588384985923767,-1.5711404085159302,0.0,1.0
143360,140,6,280.0465924269942,271.0,-0.006419676233781502,33.88489112854004,-0.5065090402960777,0.005193546009832062,0.051171875,0.5603686943650246,173.67435941696166,4.633640766143799,11.531015396118164,91.89759826660156,69.95762634277344,87.26396179199219,68.86842346191406,0.9728315437048232,0.9990604519844055,605.3989868164062,0.65,1.0,0.0,1.0,0.0,0.0,0.012906032614409924,0.21930384635925293,0.0,0.19183139503002167,0.2094745635986328,0.22074075043201447,-1.620975136756897,-1.5871244668960571,-1.565551996231079,0.0,1.0
144384,141,4,192.86391167137973,207.25,-0.005318534176331014,32.32870143651962,-0.5016786701977253,0.0060418575987569055,0.0493896484375,0.5658071126788855,277.78079442977906,0.4984433650970459,14.09328842163086,46.662147521972656,56.75139236450195,46.1637077331543,53.5408821105957,0.9383303326713474,0.9429529905319214,803.8906860351562,0.675,1.0,0.0,1.0,0.0,0.0,0.009103774093091488,0.21732883155345917,0.0,0.1929214894771576,0.21053259074687958,0.2229851484298706,-1.6188737154006958,-1.5850988626480103,-1.561277151107788,0.0,1.0
145408,142,4,262.03365867259174,248.75,-0.004115681804250926,26.495998680591583,-0.5002975359559059,0.0035693527897819877,0.0359130859375,0.6315664052963257,262.78009967803956,-0.8764541149139404,12.626303672790527,81.79081726074219,63.74026107788086,82.66726684570312,66.78874206542969,0.9607603808950963,1.4827942848205566,940.0552368164062,0.675,1.0,0.0,1.0,0.0,0.0,0.006039162632077932,0.2137114554643631,0.0,0.19316042959690094,0.20944683253765106,0.22232727706432343,-1.6184132099151611,-1.587185025215149,-1.5625298023223877,0.0,1.0
146432,143,6,201.47555577664335,199.5,-0.004979248577728868,42.36053764820099,-0.5069855228066444,0.0021767152808024547,0.0387451171875,0.5951416358351708,221.03433594703674,6.552969455718994,13.36555290222168,62.714786529541016,66.48651885986328,56.16181945800781,71.11477661132812,0.959588338221486,0.9751240611076355,676.2037353515625,0.65,1.0,0.0,1.0,0.0,0.0,0.007163569331169128,0.21744762361049652,0.0,0.1941772997379303,0.20860236883163452,0.22044821083545685,-1.6164538860321045,-1.5887885093688965,-1.566109538078308,0.0,1.0
147456,144,6,188.96726700133544,195.0,-0.004763869434827939,40.01462726593017,-0.512960858643055,0.004823048863909207,0.0502197265625,0.6088878370821476,260.0487871170044,-6.61065673828125,12.420230865478516,65.78119659423828,62.93413162231445,72.391845703125,59.9310417175293,0.9610518497436639,1.1450295448303223,786.8799438476562,0.6,1.0,0.0,1.0,0.0,0.0,0.0074756634421646595,0.21632952988147736,0.0,0.1935192495584488,0.20732444524765015,0.2173672616481781,-1.617721676826477,-1.5912418365478516,-1.5719853639602661,0.0,1.0
148480,145,5,175.34530431381904,174.4,-0.006450803251937032,32.91126351356506,-0.515829274058342,0.006301914628420491,0.0509033203125,0.5458838433027268,159.15805168151854,2.8527746200561523,11.494543075561523,80.39601135253906,64.87997436523438,77.54324340820312,61.323429107666016,0.9686121146094627,1.3154159784317017,441.29290771484375,0.525,1.0,0.0,1.0,0.0,0.0,0.007017300929874182,0.21113987267017365,0.0,0.19340837001800537,0.20809532701969147,0.21851837635040283,-1.6179354190826416,-1.5897496938705444,-1.569789171218872,0.0,1.0
149504,146,4,200.0006773439527,187.75,-0.004176248284056783,27.277735221385957,-0.5119075432419777,0.0027857889668666757,0.037158203125,0.5703226167708635,248.36608896255493,-4.031205177307129,12.982882499694824,66.99261474609375,61.070648193359375,71.02381896972656,63.171077728271484,0.9548063738566747,1.130663275718689,790.0482788085938,0.6,1.0,0.0,1.0,0.0,0.0,0.009644214063882828,0.21143294870853424,0.0,0.19462886452674866,0.2080000638961792,0.21777665615081787,-1.6155840158462524,-1.589951992034912,-1.5712041854858398,0.0,1.0
150528,147,6,201.49575231205029,224.5,-0.00448990932200104,27.439627015590666,-0.5121880456805229,0.002600318925397005,0.0349853515625,0.5407527312636375,178.6207486629486,-2.6801838874816895,11.354114532470703,48.955413818359375,63.086788177490234,51.63560104370117,65.65579223632812,0.9676085992211751,0.8334682583808899,631.300537109375,0.55,1.0,0.0,1.0,0.0,0.0,0.005241526756435633,0.2142377644777298,0.0,0.1967933624982834,0.20828251540660858,0.21849903464317322,-1.6114166975021362,-1.58938467502594,-1.5698260068893433,0.0,1.0
151552,148,4,168.0470046489127,191.0,-0.005326723447069526,20.10978322029114,-0.5129329204559326,0.00439473388978513,0.04736328125,0.5890512265264988,124.97701706886292,2.8053157329559326,9.585641860961914,72.09429168701172,59.230369567871094,69.28897857666016,56.08229446411133,0.9738089169557954,1.4243730306625366,386.55255126953125,0.575,1.0,0.0,1.0,0.0,0.0,0.008342679589986801,0.21618692576885223,0.0,0.19556774199008942,0.20768268406391144,0.21840634942054749,-1.6137759685516357,-1.5905345678329468,-1.570002794265747,0.0,1.0
152576,149,5,180.72262780722554,192.4,-0.0034291837364435196,26.097992730140685,-0.5181579411029815,0.0036175039684167134,0.029052734375,0.5825667031109333,162.73349103927612,-0.24100548028945923,10.799097061157227,65.38280487060547,69.97651672363281,65.62380981445312,67.96287536621094,0.9761839222968873,1.0058010816574097,602.4950561523438,0.675,1.0,0.0,1.0,0.0,0.0,0.004270050674676895,0.22466403245925903,0.0,0.1944829672574997,0.20635508000850677,0.21682778000831604,-1.6158649921417236,-1.5930813550949097,-1.5730149745941162,0.0,1.0
153600,150,7,201.9071355182924,196.71428571428572,-0.005762924929149449,56.15939531326294,-0.5221778258681298,0.006179213551513385,0.0405517578125,0.5456008970737457,238.00937185287475,0.3722069263458252,15.951315879821777,79.49951171875,72.48867797851562,79.12731170654297,72.0578842163086,0.9515768889972377,1.1305482387542725,639.53369140625,0.6,1.0,0.0,1.0,0.0,0.0,0.00037175629404373467,0.2146635502576828,0.0,0.19393391907215118,0.20673035085201263,0.21857555210590363,-1.6169227361679077,-1.5923768281936646,-1.569680094718933,0.0,1.0
154624,151,4,222.55691538652042,195.0,-0.004003558057593182,43.35688376426697,-0.5175678104162216,0.0035767237088293767,0.0307861328125,0.5700808070600033,217.427986907959,-2.802152156829834,14.389498710632324,62.06287384033203,50.460426330566406,64.86502075195312,50.42802810668945,0.9186814802934721,0.9940981268882751,556.6235961914062,0.55,1.0,0.0,1.0,0.0,0.0,0.003680681809782982,0.22139258682727814,0.0,0.1933077573776245,0.20778824388980865,0.2185293287038803,-1.6181292533874512,-1.5903525352478027,-1.5697681903839111,0.0,1.0
155648,152,6,178.00022244506735,185.33333333333334,-0.006517141952645034,6.1954530537128445,-0.5104083433747292,0.006588236824609339,0.05869140625,0.6081271678209305,56.90011641979218,1.23570716381073,5.852481842041016,64.67949676513672,54.81154251098633,63.443790435791016,54.002567291259766,0.9885991773886209,1.0395523309707642,204.15672302246094,0.675,1.0,0.0,1.0,0.0,0.0,-0.005836606491357088,0.21460385620594025,0.0,0.19449087977409363,0.20900918543338776,0.21878144145011902,-1.6158497333526611,-1.5880075693130493,-1.5692873001098633,0.0,1.0
156672,153,6,169.31409734543297,182.83333333333334,-0.004273574013495818,18.538685142993927,-0.506424731016159,0.002606146091420669,0.0360595703125,0.5618217930197715,143.37523975372315,-0.45874500274658203,10.677749633789062,49.71295928955078,63.292213439941406,50.17169952392578,63.42536926269531,0.971538427316081,0.9452809691429138,486.95550537109375,0.625,1.0,0.0,1.0,0.0,0.0,-0.003077526343986392,0.21884821355342865,0.0,0.19439585506916046,0.20906615257263184,0.2189658135175705,-1.6160328388214111,-1.5878938436508179,-1.568935751914978,0.0,1.0
157696,154,6,165.02720500331844,170.33333333333334,-0.0036462629621382804,71.79832289218902,-0.5058633372187614,0.005602037848439068,0.05341796875,0.5291581101715565,324.07166557312013,-4.480982780456543,18.376995086669922,74.43672180175781,62.962581634521484,78.91769409179688,62.34809494018555,0.9148109062949081,1.0106654167175293,883.5868530273438,0.475,1.0,0.0,1.0,0.0,0.0,-0.002718007890507579,0.21763303875923157,0.0,0.19323104619979858,0.2095479518175125,0.22044458985328674,-1.6182770729064941,-1.5869941711425781,-1.566116452217102,0.0,1.0
158720,155,5,186.1770676653652,202.2,-0.00427680445718579,63.51725721359253,-0.5006966464221477,0.004438884240516927,0.0326171875,0.5655370868742466,336.59830751419065,4.735512733459473,18.12474822998047,40.15501403808594,63.51495361328125,35.41950225830078,70.62146759033203,0.9185685817813971,1.1722710132598877,1073.47216796875,0.6,1.0,0.0,1.0,0.0,0.0,-0.0025013145059347153,0.22518710792064667,0.0,0.19531618058681488,0.2106994241476059,0.22283868491649628,-1.6142603158950806,-1.5847712755203247,-1.5615559816360474,0.0,1.0
159744,156,4,243.98529327758138,236.0,-0.0032903659157454967,42.164465475082395,-0.49517454728484156,0.005375124419515487,0.0469970703125,0.5631903938949108,284.61213207244873,-1.9163599014282227,16.493057250976562,66.31781768798828,54.852684020996094,68.23417663574219,59.66569900512695,0.9095920469977363,0.9608047604560852,960.2214965820312,0.575,1.0,0.0,1.0,0.0,0.0,0.0021122030448168516,0.21018441021442413,0.0,0.19553375244140625,0.21147708594799042,0.2240673303604126,-1.6138414144515991,-1.5832988023757935,-1.5592174530029297,0.0,1.0
160768,157,6,203.92686130226684,212.0,-0.004342142742825672,15.86386268734932,-0.4926665358245373,0.002255022326426115,0.030419921875,0.5112984869629145,125.06283888816833,5.075631141662598,8.48518180847168,64.08168029785156,59.72993469238281,59.006046295166016,61.42970657348633,0.9798192064811617,0.9366143941879272,404.5674133300781,0.5,1.0,0.0,1.0,0.0,0.0,-0.001971471356227994,0.22002427279949188,0.0,0.1959848552942276,0.21137447655200958,0.22376957535743713,-1.6129728555679321,-1.5834879875183105,-1.5597840547561646,0.0,1.0
161792,158,2,207.7349641754426,208.5,-0.003939384617842734,35.72576367855072,-0.4974799670279026,0.004195209065801464,0.0368408203125,0.5528615891933442,240.6610806465149,7.742645740509033,11.75921630859375,37.948123931884766,46.78705978393555,30.20547866821289,51.230403900146484,0.9368308111031586,0.8864550590515137,716.3772583007812,0.575,1.0,0.0,1.0,0.0,0.0,-0.004064405336976051,0.22708140313625336,0.0,0.1940334290266037,0.20991183817386627,0.2216322124004364,-1.61673104763031,-1.58627450466156,-1.5638536214828491,0.0,1.0
162816,159,6,217.16392041381815,223.83333333333334,-0.004086946742609144,24.89407181739807,-0.5058147594332695,0.00303627966059139,0.0318603515625,0.5550327159464359,138.1184515953064,4.163154602050781,9.982470512390137,84.6960678100586,65.0939712524414,80.53291320800781,67.33707427978516,0.9764823181502259,0.860695481300354,392.8421630859375,0.575,1.0,0.0,1.0,0.0,0.0,0.00527000380679965,0.21906809508800507,0.0,0.1940821409225464,0.20855115354061127,0.2179708629846573,-1.6166372299194336,-1.5888887643814087,-1.5708335638046265,0.0,1.0
163840,160,5,218.87089561803526,230.4,-0.004834614158608019,19.44131330251694,-0.5097278520464897,0.005245861008006614,0.0416015625,0.5415183700621128,141.34236745834352,5.109384536743164,9.675275802612305,50.51948928833008,56.58748245239258,45.41010284423828,55.19740295410156,0.9707661546589013,0.9735472798347473,421.2937927246094,0.525,1.0,0.0,1.0,0.0,0.0,-0.005507922265678644,0.2178945392370224,0.0,0.1964912861585617,0.20890946686267853,0.21774818003177643,-1.6119980812072754,-1.588174819946289,-1.571258544921875,0.0,1.0
164864,161,3,200.81408262295403,214.66666666666666,-0.0033450185495894403,68.03649473190308,-0.5085121914744377,0.0037113310798304157,0.035791015625,0.6004892013967037,234.6542013168335,1.1864047050476074,17.434532165527344,77.57221221923828,60.46391677856445,76.38580322265625,54.923885345458984,0.9168565553232526,1.1194065809249878,572.0408935546875,0.675,1.0,0.0,1.0,0.0,0.0,0.003943568095564842,0.22206787765026093,0.0,0.19592532515525818,0.20857085287570953,0.21687085926532745,-1.61308753490448,-1.588852047920227,-1.5729327201843262,0.0,1.0
165888,162,5,245.02732223573815,249.6,-0.00615936927497387,18.11512991786003,-0.5113496467471123,0.004172354136244394,0.04775390625,0.5874412156641483,205.45839176177978,7.272823333740234,8.481135368347168,61.629119873046875,59.058746337890625,54.356300354003906,59.92564010620117,0.9793775817554861,1.3782854080200195,681.7760009765625,0.625,1.0,0.0,1.0,0.0,0.0,-0.008180223405361176,0.2194010317325592,0.0,0.19328442215919495,0.2077900767326355,0.21676105260849,-1.6181741952896118,-1.5903371572494507,-1.573142409324646,0.0,1.0
166912,163,4,249.44716715525527,236.5,-0.0047902683028951286,35.885842168331145,-0.5155358418822289,0.004488199335173704,0.043115234375,0.6085778124630451,176.46276502609254,3.353649139404297,12.395136833190918,66.12411499023438,61.60956954956055,62.770469665527344,65.36624908447266,0.9595231893166015,1.0321630239486694,441.4219665527344,0.7,1.0,0.0,1.0,0.0,0.0,-0.002246304415166378,0.21805669367313385,0.0,0.19367723166942596,0.2073572874069214,0.21522565186023712,-1.617417335510254,-1.5911574363708496,-1.576074242591858,0.0,1.0
167936,164,6,210.59661377036272,210.5,-0.0029888148885220287,53.13194406032562,-0.5212824136018753,0.002634142045280896,0.0353271484375,0.5517961204051971,270.0365189552307,0.9810616970062256,16.12856674194336,70.76339721679688,72.43622589111328,69.78233337402344,72.21977233886719,0.9504230350309366,1.1636894941329956,818.21875,0.525,1.0,0.0,1.0,0.0,0.0,0.00845091138035059,0.21690118312835693,0.0,0.19178506731987,0.20556692779064178,0.21379655599594116,-1.6210644245147705,-1.594589352607727,-1.578804850578308,0.0,1.0
168960,165,2,223.73197131353254,260.5,-0.004973236098885536,28.4605082154274,-0.5290828675031662,0.0057644570348202254,0.0486328125,0.6671850368380546,163.29968838691713,8.367433547973633,9.474737167358398,82.67811584472656,58.20224380493164,74.31067657470703,56.91512680053711,0.9734994503977008,1.1696223020553589,557.620361328125,0.75,1.0,0.0,1.0,0.0,0.0,-0.0004011332057416439,0.21907560527324677,0.0,0.19092679023742676,0.20496521890163422,0.2122945934534073,-1.622719645500183,-1.595760464668274,-1.5816764831542969,0.0,1.0
169984,166,3,275.48129248524265,263.3333333333333,-0.005606059695128352,58.34580945968628,-0.5352362498641015,0.004639559975476004,0.04111328125,0.6275029346346855,342.65291080474856,10.466828346252441,12.434497833251953,54.88788604736328,58.57045364379883,44.421058654785156,61.26727294921875,0.9549287823415611,1.157537579536438,984.5239868164062,0.75,1.0,0.0,1.0,0.0,0.0,-0.0051403348334133625,0.22081515192985535,0.0,0.18753421306610107,0.20298898220062256,0.21165752410888672,-1.6292674541473389,-1.5995515584945679,-1.582895040512085,0.0,1.0
171008,167,7,279.45389211867297,277.0,-0.0033285412238910793,48.4305944442749,-0.5400364562869072,0.0027100097766378896,0.0354736328125,0.5790476191788911,197.97605562210083,3.815199613571167,13.955168724060059,61.83660125732422,69.66867065429688,58.02139663696289,68.70958709716797,0.9598768410979698,1.0483555793762207,499.92138671875,0.675,1.0,0.0,1.0,0.0,0.0,-0.004662203602492809,0.21687759459018707,0.0,0.18952922523021698,0.204020157456398,0.21184100210666656,-1.6254160404205322,-1.5975691080093384,-1.5825440883636475,0.0,1.0
172032,168,3,219.59834373133683,239.66666666666666,-0.0038852034602314236,28.46546366214752,-0.5314162582159042,0.004636933995061554,0.041064453125,0.5685394376516342,151.97067804336547,2.1888086795806885,11.702420234680176,93.87525177001953,62.69593048095703,91.68643951416016,58.28730010986328,0.965160436540448,0.9112606048583984,415.3456115722656,0.6,1.0,0.0,1.0,0.0,0.0,0.004808786790817976,0.21681612730026245,0.0,0.19069895148277283,0.20565445721149445,0.21424385905265808,-1.6231591701507568,-1.59442138671875,-1.5779500007629395,0.0,1.0
173056,169,4,239.8059080168949,253.25,-0.004730198602192104,66.41713557243347,-0.522473058104515,0.006354791432386264,0.04453125,0.5161984503269196,254.582737159729,-0.6410599946975708,16.741436004638672,65.19479370117188,75.06444549560547,65.83585357666016,70.23058319091797,0.9502587330880566,0.9159173369407654,635.4091186523438,0.45,1.0,0.0,1.0,0.0,0.0,0.0064589823596179485,0.21693536639213562,0.0,0.19224913418293,0.20724888145923615,0.21495363116264343,-1.620169758796692,-1.5913854837417603,-1.5765938758850098,0.0,1.0
174080,170,3,227.5032557202438,247.33333333333334,-0.0034245133167132734,16.810430192947386,-0.5128918007016182,0.003981632032082416,0.0193359375,0.5296642251312733,83.24965510368347,3.7146506309509277,7.425687313079834,100.3193130493164,63.32573318481445,96.60466003417969,62.856285095214844,0.9862496794855106,0.8007409572601318,250.35076904296875,0.5,1.0,0.0,1.0,0.0,0.0,0.019604241475462914,0.2156895399093628,0.0,0.19339346885681152,0.2085769921541214,0.21657593548297882,-1.6179640293121338,-1.5888437032699585,-1.5734957456588745,0.0,1.0
175104,171,6,223.8322509081204,235.33333333333334,-0.0025983263447415085,42.05684003829956,-0.5089626401662827,0.00585192963044392,0.0291015625,0.5786953143775463,330.06173372268677,-5.424629211425781,13.555984497070312,66.58570861816406,66.03528594970703,72.01033782958984,57.94805145263672,0.9578585010077847,0.9970247149467468,1032.9515380859375,0.65,1.0,0.0,1.0,0.0,0.0,0.018170876428484917,0.21882076561450958,0.0,0.1945314258337021,0.20890456438064575,0.2176324874162674,-1.6157716512680054,-1.588196873664856,-1.5714792013168335,0.0,1.0
176128,172,5,152.37173306914775,178.4,-0.005620625091250986,52.10882730484009,-0.5041346698999405,0.008206058440555353,0.0658447265625,0.5716236092150211,181.57362060546876,0.936374306678772,14.207529067993164,96.71136474609375,73.93202209472656,95.77498626708984,68.16354370117188,0.9630706301355338,1.2026127576828003,477.1435241699219,0.6,1.0,0.0,1.0,0.0,0.0,0.01600777544081211,0.2109714299440384,0.0,0.19697284698486328,0.21017473936080933,0.21769802272319794,-1.611071228981018,-1.5857696533203125,-1.5713541507720947,0.0,1.0
177152,173,5,160.81870502046945,175.6,-0.003570846910588443,259.43314876556394,-0.4985856182873249,0.0027930645082960837,0.0340087890625,0.5498814590275287,507.37791442871094,-1.6254956722259521,29.7109432220459,75.36688232421875,83.17268371582031,76.99237823486328,82.4285888671875,0.8723939092903479,0.9835970997810364,1308.171630859375,0.625,1.0,0.0,1.0,0.0,0.0,0.015128440223634243,0.2148665487766266,0.0,0.19893810153007507,0.21074455976486206,0.21875935792922974,-1.6072908639907837,-1.5846718549728394,-1.5693295001983643,0.0,1.0
178176,174,6,213.93865139920828,214.16666666666666,-0.002755865076323971,86.51273074150086,-0.4976652301847935,0.0023277479922398925,0.0320556640625,0.5014840945601463,196.22504405975343,-2.622441053390503,17.204784393310547,93.24689483642578,67.740234375,95.86933898925781,65.3372802734375,0.9354932676650426,0.8190010190010071,433.5791015625,0.375,1.0,0.0,1.0,0.0,0.0,0.01937936805188656,0.22051864862442017,0.0,0.19630758464336395,0.21036787331104279,0.21957138180732727,-1.612351655960083,-1.5854010581970215,-1.5677809715270996,0.0,1.0
179200,175,5,222.4654433462214,217.6,-0.002957739174598828,69.21964750289916,-0.4996377654373646,0.0038877129860338754,0.027099609375,0.5868090741336346,309.9065631866455,-2.2645821571350098,16.69588851928711,51.21433639526367,55.564788818359375,53.478919982910156,57.55080795288086,0.9097141492968681,1.05696702003479,737.0189819335938,0.6,1.0,0.0,1.0,0.0,0.0,0.011487201787531376,0.22350850701332092,0.0,0.19588647782802582,0.21031075716018677,0.2184080183506012,-1.6131622791290283,-1.5855164527893066,-1.5699995756149292,0.0,1.0
180224,176,7,180.28537213817756,180.71428571428572,-0.003447223943658173,34.269282364845274,-0.4999762736260891,0.003320117195835337,0.034619140625,0.6400581698864698,237.18100633621216,2.417686700820923,13.083080291748047,60.89613723754883,70.08984375,58.47845458984375,72.48020935058594,0.9651574530057048,1.3079721927642822,765.6771850585938,0.625,1.0,0.0,1.0,0.0,0.0,0.025034964084625244,0.21379579603672028,0.0,0.19288721680641174,0.21018086373806,0.22068296372890472,-1.618939757347107,-1.5857735872268677,-1.565662145614624,0.0,1.0
181248,177,3,202.08261200141405,208.0,-0.005525512469466776,38.55060225725174,-0.5015311762690544,0.0057494876105920415,0.054833984375,0.6430777784436941,304.47643547058107,0.7743285298347473,15.338813781738281,62.41953659057617,56.99159240722656,61.64520263671875,61.85574722290039,0.9275627457203922,1.336186408996582,882.9772338867188,0.7,1.0,0.0,1.0,0.0,0.0,0.01644076406955719,0.2103700190782547,0.0,0.19183342158794403,0.2098228931427002,0.221695214509964,-1.6209712028503418,-1.5864715576171875,-1.5637335777282715,0.0,1.0
182272,178,6,232.27904767765767,231.0,-0.00566561003215611,45.1491880774498,-0.500369843095541,0.006495132176496554,0.05498046875,0.6358285062015057,284.7867470741272,8.662391662597656,14.09373950958252,56.13703918457031,60.30261993408203,47.47464370727539,63.08196258544922,0.9453764236997516,1.2498544454574585,781.8544921875,0.675,1.0,0.0,1.0,0.0,0.0,0.012449023313820362,0.2178577482700348,0.0,0.19302113354206085,0.2108008712530136,0.22344458103179932,-1.6186816692352295,-1.5845919847488403,-1.5604026317596436,0.0,1.0
183296,179,3,196.89073109551612,185.33333333333334,-0.004363209631992504,8.98969058394432,-0.4964567832648754,0.0035527108106180095,0.0353271484375,0.6333921402692795,84.98413257598877,2.3195950984954834,6.830395221710205,97.87802124023438,60.335426330566406,95.55842590332031,57.78740692138672,0.987184165126578,1.357396125793457,274.4122619628906,0.675,1.0,0.0,1.0,0.0,0.0,0.013137019239366055,0.21463166177272797,0.0,0.19574841856956482,0.2108299881219864,0.22193637490272522,-1.6134281158447266,-1.5845338106155396,-1.5632742643356323,0.0,1.0
184320,180,6,216.68866628910837,219.83333333333334,-0.0057097613636869935,43.015215921401975,-0.4946561254560947,0.004967029995168559,0.0610107421875,0.560796207934618,235.41968660354615,-2.729551076889038,13.442791938781738,57.43404769897461,71.47264099121094,60.163604736328125,66.86019134521484,0.9646247725650097,1.1257601976394653,698.2200317382812,0.525,1.0,0.0,1.0,0.0,0.0,0.0015442874282598495,0.2158198356628418,0.0,0.19546109437942505,0.21180856227874756,0.22342540323734283,-1.6139812469482422,-1.5826581716537476,-1.560439109802246,0.0,1.0
185344,181,4,178.98305801592687,209.75,-0.003618198470212519,117.8109824180603,-0.4909414328634739,0.0025818984213401563,0.0381103515625,0.5205099884420633,383.01017875671386,-5.8597917556762695,21.17380142211914,79.30093383789062,66.37849426269531,85.16072845458984,69.19412231445312,0.8982480111958422,0.9099972248077393,1001.8211669921875,0.5,1.0,0.0,1.0,0.0,0.0,0.018969975411891937,0.21821565926074982,0.0,0.19476936757564545,0.21170008182525635,0.22495634853839874,-1.6153134107589722,-1.5828715562820435,-1.5575261116027832,0.0,1.0
186368,182,5,211.6095024399886,215.6,-0.0034389956621453167,27.082269048690797,-0.493172163516283,0.0032371263761888256,0.0359619140625,0.5967977650463581,254.10316534042357,5.482128143310547,12.273056030273438,55.354496002197266,53.379371643066406,49.87236785888672,57.7079963684082,0.9471361883256134,1.0814071893692017,766.9926147460938,0.65,1.0,0.0,1.0,0.0,0.0,0.018821896985173225,0.2215249389410019,0.0,0.19364111125469208,0.21113236248493195,0.2253209799528122,-1.6174869537353516,-1.5839524269104004,-1.5568325519561768,0.0,1.0
187392,183,5,220.9260197166182,234.4,-0.004224111029179767,19.90034512281418,-0.49262898936867716,0.004619192857353483,0.03798828125,0.587663308903575,152.25494632720947,1.415311574935913,10.433523178100586,69.03993225097656,64.31524658203125,67.62462615966797,62.2617301940918,0.9736831471006399,1.0941991806030273,508.8870544433594,0.625,1.0,0.0,1.0,0.0,0.0,0.018279509618878365,0.2180328220129013,0.0,0.1955810785293579,0.21210278570652008,0.22618573904037476,-1.6137502193450928,-1.5820986032485962,-1.5551882982254028,0.0,1.0
188416,184,4,181.39625792415166,196.5,-0.003955455252435058,45.08113286495209,-0.48963712677359583,0.003931952774291858,0.0328369140625,0.6169419020414353,179.54360427856446,3.931614875793457,14.152795791625977,90.56333923339844,68.26771545410156,86.63172912597656,64.16124725341797,0.9570212538953076,1.1165403127670288,406.7290344238281,0.675,1.0,0.0,1.0,0.0,0.0,0.009828224778175354,0.22250793874263763,0.0,0.19598369300365448,0.21190617978572845,0.22510521113872528,-1.6129751205444336,-1.5824967622756958,-1.5572429895401,0.0,1.0
189440,185,5,215.62099522565683,215.0,-0.003560092952102423,35.141873836517334,-0.490322794765234,0.00250623652827926,0.0396484375,0.5576290596276522,294.5736901283264,-4.469265937805176,14.709892272949219,75.0533447265625,69.92642974853516,79.52261352539062,64.7340087890625,0.9557476628105464,1.073146939277649,800.5208740234375,0.55,1.0,0.0,1.0,0.0,0.0,0.011652786284685135,0.2230648696422577,0.0,0.19661790132522583,0.211963951587677,0.22562329471111298,-1.6117544174194336,-1.5823734998703003,-1.556257724761963,0.0,1.0
190464,186,4,233.0809417166069,229.0,-0.00566735960310325,31.93345685005188,-0.4886422738432884,0.0038873964513186365,0.03232421875,0.5799868337810039,247.64536428451538,-2.554363965988159,13.894977569580078,65.66057586669922,66.06836700439453,68.21493530273438,72.09721374511719,0.9557688236866857,1.230244517326355,745.064453125,0.6,1.0,0.0,1.0,0.0,0.0,0.010721410624682903,0.220563605427742,0.0,0.1998881995677948,0.2125646322965622,0.22660894691944122,-1.605464220046997,-1.5812153816223145,-1.5543837547302246,0.0,1.0
191488,187,6,196.92859968761582,204.83333333333334,-0.0037853762041777372,33.495897221565244,-0.48426952585577965,0.004441777137981262,0.0299560546875,0.6224156729876995,168.23807706832886,0.3341938257217407,12.692434310913086,89.49887084960938,79.783935546875,89.16468811035156,78.52884674072266,0.9746919299718397,0.860615074634552,448.64617919921875,0.725,1.0,0.0,1.0,0.0,0.0,0.00709630036726594,0.2233598828315735,0.0,0.20196515321731567,0.21363049745559692,0.228738933801651,-1.6014735698699951,-1.5791563987731934,-1.550337314605713,0.0,1.0
192512,188,4,194.32652841916354,220.5,-0.004003889358136803,55.721203088760376,-0.47747491002082826,0.0037786380198667757,0.0454833984375,0.5747035875916481,250.93931350708007,-3.6179184913635254,15.842870712280273,72.3306884765625,66.60079956054688,75.9486083984375,62.385616302490234,0.9434140178075772,0.8253031969070435,776.1510620117188,0.65,1.0,0.0,1.0,0.0,0.0,0.0024134789127856493,0.22567583620548248,0.0,0.20448914170265198,0.2146873027086258,0.22957848012447357,-1.5966285467147827,-1.5771359205245972,-1.5487433671951294,0.0,1.0
193536,189,4,230.12510931732015,236.25,-0.005023788777180016,26.817068529129028,-0.47280495539307593,0.0047710355574963614,0.03134765625,0.5736926756799221,132.64195423126222,6.652880668640137,9.20497989654541,100.82908630371094,71.11012268066406,94.17621612548828,70.42729187011719,0.9832435199863693,0.9702373147010803,432.57037353515625,0.65,1.0,0.0,1.0,0.0,0.0,0.014723393134772778,0.22181035578250885,0.0,0.20548158884048462,0.21521951258182526,0.23109757900238037,-1.5947247743606567,-1.5761514902114868,-1.545860767364502,0.0,1.0
194560,190,4,264.50466615849075,238.25,-0.004692442703526467,32.02930461168289,-0.470811066031456,0.003558856315794401,0.041455078125,0.612133850902319,231.687850856781,2.9071922302246094,13.084308624267578,56.43804168701172,65.18324279785156,53.530853271484375,68.2724609375,0.9597069915468355,0.9887809157371521,662.675537109375,0.825,1.0,0.0,1.0,0.0,0.0,0.00738263875246048,0.22913062572479248,0.0,0.20725762844085693,0.21538792550563812,0.22961285710334778,-1.5913197994232178,-1.5758122205734253,-1.5486781597137451,0.0,1.0
195584,191,5,241.42810590813573,204.2,-0.004761440010042861,44.05029610395432,-0.4721513994038105,0.004658876116445753,0.0282958984375,0.6160767033696175,266.0073154449463,2.8545942306518555,15.435591697692871,74.85661315917969,64.3065414428711,72.00202941894531,70.34224700927734,0.9423849123459159,0.994225800037384,726.4291381835938,0.75,1.0,0.0,1.0,0.0,0.0,0.017858780920505524,0.22356759011745453,0.0,0.20834466814994812,0.21481849253177643,0.2271435260772705,-1.5892369747161865,-1.5768866539001465,-1.5533678531646729,0.0,1.0
196608,192,5,228.64030758901814,233.2,-0.003833646688144654,46.0929963350296,-0.4714461348950863,0.00329409700789256,0.0367431640625,0.5785035409033299,207.09625663757325,-2.6012308597564697,15.2661771774292,67.80716705322266,71.26087951660156,70.40840148925781,72.8730239868164,0.9541057632716218,1.443906307220459,517.7091064453125,0.6,1.0,0.0,1.0,0.0,0.0,0.02569425292313099,0.2241382747888565,0.0,0.20977409183979034,0.21565751731395721,0.22648745775222778,-1.5864994525909424,-1.5752755403518677,-1.554614782333374,0.0,1.0
197632,193,6,224.23069614306146,204.33333333333334,-0.003075486421585083,23.054235100746155,-0.4677716761827469,0.003417649396578781,0.0322509765625,0.5930430345237255,213.743722820282,2.8392562866210938,11.300474166870117,70.75987243652344,56.71432113647461,67.92061614990234,59.674072265625,0.960298418912223,0.9712818264961243,712.9688110351562,0.65,1.0,0.0,1.0,0.0,0.0,0.007757165003567934,0.21918605268001556,0.0,0.21091875433921814,0.2159825712442398,0.22588074207305908,-1.5843085050582886,-1.5746573209762573,-1.5557681322097778,0.0,1.0
198656,194,3,215.28805210197234,223.66666666666666,-0.004274774098303169,24.18534474372864,-0.4689547583460808,0.003089183979318477,0.0309326171875,0.5503056645393372,155.10944709777831,-2.1312594413757324,11.738398551940918,48.46116256713867,58.22548294067383,50.59242248535156,56.771263122558594,0.9593564613392734,1.1598845720291138,406.36553955078125,0.525,1.0,0.0,1.0,0.0,0.0,0.015574770979583263,0.2229805588722229,0.0,0.21085262298583984,0.21511155366897583,0.2227785587310791,-1.5844351053237915,-1.5763092041015625,-1.5616705417633057,0.0,1.0
199680,195,6,164.83723211896736,184.16666666666666,-0.00386706996941939,13.45769711136818,-0.4749943748116493,0.004029838924179785,0.033349609375,0.5717342384159565,123.20207242965698,0.6489608287811279,9.433135032653809,99.91719818115234,53.75205612182617,99.26823425292969,56.29838943481445,0.969202042228723,1.2972148656845093,383.2252197265625,0.6,1.0,0.0,1.0,0.0,0.0,0.02370101399719715,0.2239997684955597,0.0,0.2092062085866928,0.21418626606464386,0.2221554070711136,-1.5875868797302246,-1.5780887603759766,-1.5628571510314941,0.0,1.0
200704,196,4,215.3883591265229,222.0,-0.00475687145953998,43.598268151283264,-0.4763626463711262,0.0064687283491366545,0.052734375,0.6479591570794583,330.3905476570129,7.415963172912598,14.429210662841797,39.41859436035156,58.589149475097656,32.00263214111328,63.291744232177734,0.939347208203019,1.2307382822036743,983.7501220703125,0.775,1.0,0.0,1.0,0.0,0.0,-0.002391345798969269,0.22451341152191162,0.0,0.20940449833869934,0.21470661461353302,0.2236500382423401,-1.5872070789337158,-1.5770753622055054,-1.560011625289917,0.0,1.0
201728,197,5,243.25501962130784,250.2,-0.004814067669212818,15.660262787342072,-0.46963605731725694,0.005216349134570919,0.0506103515625,0.5539528466761112,103.09295101165772,-0.6104196310043335,8.75707721710205,81.12913513183594,66.64754486083984,81.73954772949219,63.749935150146484,0.9827356558140455,0.9230870008468628,343.65625,0.6,1.0,0.0,1.0,0.0,0.0,0.013834421522915363,0.22484217584133148,0.0,0.2116308957338333,0.2164401262998581,0.2254970669746399,-1.5829459428787231,-1.5737868547439575,-1.5564976930618286,0.0,1.0
202752,198,5,177.6449909768861,186.8,-0.005233954370487482,39.949508941173555,-0.46535397991538047,0.005471829410817008,0.0451904296875,0.6461277581751347,253.55748901367187,1.7590090036392212,15.044939994812012,64.38301086425781,52.76940155029297,62.624000549316406,51.08298873901367,0.9187138371654128,1.0211448669433594,686.3291015625,0.75,1.0,0.0,1.0,0.0,0.0,0.015393896959722042,0.22695392370224,0.0,0.21042433381080627,0.21565751731395721,0.22408634424209595,-1.5852547883987427,-1.575265884399414,-1.5591812133789062,0.0,1.0
203776,199,7,211.6818361039095,223.14285714285714,-0.00355860231211409,27.919656705856323,-0.47425011470913886,0.0027178679578355514,0.0377197265625,0.531479362025857,182.2423339366913,-1.9221340417861938,12.110928535461426,61.759727478027344,67.25019073486328,63.68185806274414,64.77330017089844,0.9675684385972554,0.9899616837501526,497.46942138671875,0.45,1.0,0.0,1.0,0.0,0.0,0.017446672543883324,0.22919343411922455,0.0,0.2086983621120453,0.2137063890695572,0.22180509567260742,-1.5885593891143799,-1.578977108001709,-1.5635242462158203,0.0,1.0
204800,200,3,172.95145781820258,181.0,-0.004906105401460081,22.704916524887086,-0.48353110030293467,0.0010486088052857668,0.0317138671875,0.5540340699255466,229.92637319564818,1.1679270267486572,11.804441452026367,70.59640502929688,56.929359436035156,69.42847442626953,59.86079406738281,0.9570049646222246,1.0071607828140259,814.1767578125,0.575,1.0,0.0,1.0,0.0,0.0,0.011854556389153004,0.22676438093185425,0.0,0.20625625550746918,0.21248562633991241,0.2214941382408142,-1.5932393074035645,-1.5813153982162476,-1.5641165971755981,0.0,1.0
